{
  "round": 4,
  "avg_loglik_per_step": -11.034731152568904,
  "state_entropy": 0.026259563863277435,
  "effective_K": 9.374216079711914,
  "stickiness_diag_mean": 0.4497622847557068,
  "expected_dwell_length_per_state": [
    1.2307692766189575,
    1.2307692766189575,
    124.09367370605469,
    269.9297790527344,
    1.2307692766189575,
    1.2307692766189575,
    199.99542236328125,
    1.2307692766189575,
    171.46026611328125,
    1.2307692766189575,
    1.2307692766189575,
    1.2307692766189575,
    1.2307692766189575,
    1.2307692766189575,
    112.60405731201172,
    1.2307692766189575,
    1.2307692766189575,
    265.7734680175781,
    1.2307692766189575,
    1.2307692766189575,
    1.2307692766189575,
    1.2307692766189575,
    1.2307692766189575,
    1.2307692766189575,
    286.41790771484375,
    158.48194885253906,
    1.2307692766189575,
    1.2307692766189575,
    1.2307692766189575,
    1.2307692766189575,
    350.7969665527344,
    1.2307692766189575,
    1.2307692766189575,
    110.75897979736328,
    1.2307692766189575,
    142.56520080566406,
    278.6033630371094,
    222.9234161376953,
    1.2307692766189575,
    1.2307692766189575
  ],
  "top5_pi": [
    0.21226510405540466,
    0.18455813825130463,
    0.11364297568798065,
    0.10376407951116562,
    0.08583085983991623
  ],
  "top5_idx": [
    25,
    14,
    36,
    24,
    3
  ]
}