{
  "round": 4,
  "avg_loglik_per_step": -12.732451016155613,
  "state_entropy": 0.06715377420186996,
  "effective_K": 9.767870903015137,
  "stickiness_diag_mean": 0.4434029161930084,
  "expected_dwell_length_per_state": [
    43.65496826171875,
    1.2307692766189575,
    1.2307692766189575,
    1.2307692766189575,
    38.66172409057617,
    1.2307692766189575,
    1.2307692766189575,
    37.257781982421875,
    1.2307692766189575,
    1.2307692766189575,
    34.351806640625,
    215.10354614257812,
    1.2307692766189575,
    1.2307692766189575,
    1.2307692766189575,
    62.58613967895508,
    243.582275390625,
    1.2307692766189575,
    1.2307692766189575,
    1.2307692766189575,
    32.65898895263672,
    1.2307692766189575,
    16.018667221069336,
    1.2307692766189575,
    33.06552505493164,
    1.2307692766189575,
    33.270633697509766,
    1.2307692766189575,
    47.63615798950195,
    44.28634262084961,
    1.2307692766189575,
    1.2307692766189575,
    1.2307547330856323,
    1.2307692766189575,
    1.2307692766189575,
    1.2307692766189575,
    1.2307692766189575,
    1.2307692766189575,
    1.2307692766189575,
    1.2307692766189575
  ],
  "top5_pi": [
    0.19208869338035583,
    0.15500621497631073,
    0.13144893944263458,
    0.12100529670715332,
    0.09809951484203339
  ],
  "top5_idx": [
    10,
    0,
    4,
    7,
    26
  ]
}