{
  "round": 4,
  "avg_loglik_per_step": -7.132927368848915,
  "state_entropy": 0.06359858065843582,
  "effective_K": 9.622722625732422,
  "stickiness_diag_mean": 0.39854755997657776,
  "expected_dwell_length_per_state": [
    1.2300000190734863,
    38.90910339355469,
    39.74570083618164,
    27.67932891845703,
    57.87901306152344,
    1.2300000190734863,
    1.2300000190734863,
    1.2300000190734863,
    1.2300000190734863,
    33.183048248291016,
    1.2299998998641968,
    1.2299998998641968,
    1.2300000190734863,
    1.2300000190734863,
    1.2300000190734863,
    29.433195114135742,
    1.2300000190734863,
    1.2300000190734863,
    1.2300000190734863,
    99.58282470703125,
    1.2300000190734863,
    1.2300000190734863,
    1.2300000190734863,
    1.2300000190734863,
    33.74163055419922,
    51.93878936767578,
    1.2300000190734863,
    1.2300000190734863,
    1.2300000190734863,
    1.2300000190734863,
    1.2300000190734863,
    1.2300000190734863,
    1.2300000190734863,
    38.24372482299805,
    1.2300000190734863,
    1.2300000190734863,
    1.2300000190734863,
    63.096435546875,
    1.2300000190734863,
    1.2300000190734863,
    1.2300000190734863
  ],
  "top5_pi": [
    0.20352670550346375,
    0.15325821936130524,
    0.1123451516032219,
    0.10237757116556168,
    0.09355488419532776
  ],
  "top5_idx": [
    1,
    33,
    2,
    4,
    19
  ]
}