{
  "round": 4,
  "avg_loglik_per_step": -7.6321096516443205,
  "state_entropy": 0.07173041999340057,
  "effective_K": 10.587587356567383,
  "stickiness_diag_mean": 0.43947991728782654,
  "expected_dwell_length_per_state": [
    1.2307692766189575,
    8.047645568847656,
    28.285423278808594,
    1.2307692766189575,
    18.543359756469727,
    23.02178192138672,
    1.2280173301696777,
    1.2307692766189575,
    31.375234603881836,
    39.540184020996094,
    18.47080421447754,
    128.305419921875,
    1.2307692766189575,
    1.2307692766189575,
    17.916030883789062,
    410.87396240234375,
    1.2307692766189575,
    1.2307692766189575,
    1.2307692766189575,
    1.3100377321243286,
    1.2307692766189575,
    210.51515197753906,
    1.2307692766189575,
    1.2307692766189575,
    17.996187210083008,
    1.2307692766189575,
    27.775928497314453,
    1.2307692766189575,
    1.2307692766189575,
    1.2307692766189575,
    1.2307692766189575,
    1.2307692766189575,
    1.2307692766189575,
    1.2307692766189575,
    1.2307692766189575,
    1.2307692766189575,
    1.2307692766189575,
    1.2307692766189575,
    1.2307692766189575,
    1.2307692766189575
  ],
  "top5_pi": [
    0.16336281597614288,
    0.1373273730278015,
    0.12719611823558807,
    0.11092270910739899,
    0.10887949913740158
  ],
  "top5_idx": [
    9,
    1,
    5,
    26,
    4
  ]
}