{
  "round": 4,
  "avg_loglik_per_step": -15.129124271271488,
  "state_entropy": 0.03705628216266632,
  "effective_K": 12.390846252441406,
  "stickiness_diag_mean": 0.4786422550678253,
  "expected_dwell_length_per_state": [
    1.220460295677185,
    101.47407531738281,
    44.22761917114258,
    67.24038696289062,
    1.221717119216919,
    1.2208075523376465,
    74.46247863769531,
    1.2244064807891846,
    1.2280669212341309,
    1.2973469495773315,
    1.2245314121246338,
    60.033119201660156,
    1.2173577547073364,
    1.2256176471710205,
    443.6656494140625,
    158.06239318847656,
    1.2233370542526245,
    1.2218369245529175,
    1.221389651298523,
    1.216604232788086,
    1.2258479595184326,
    1.217100739479065,
    1.2268335819244385,
    116.80369567871094,
    87.60993957519531,
    1.2180075645446777,
    1.216792345046997,
    1.2181264162063599,
    1.2232770919799805,
    93.80554962158203,
    87.7262954711914,
    74.23021697998047,
    1.2409884929656982,
    166.64231872558594,
    1.2259190082550049,
    96.40582275390625,
    93.62651062011719,
    1.2259026765823364,
    1.2203707695007324,
    1.224516749382019,
    1.2336171865463257
  ],
  "top5_pi": [
    0.16812679171562195,
    0.1589130014181137,
    0.08935371041297913,
    0.08200289309024811,
    0.07508587837219238
  ],
  "top5_idx": [
    3,
    2,
    24,
    29,
    35
  ]
}