{
  "round": 4,
  "avg_loglik_per_step": -13.27030697456723,
  "state_entropy": 0.05667269602417946,
  "effective_K": 14.45860767364502,
  "stickiness_diag_mean": 0.5279660820960999,
  "expected_dwell_length_per_state": [
    1.2300000190734863,
    38.41781997680664,
    1.2300000190734863,
    14.062894821166992,
    1.2300000190734863,
    26.55870819091797,
    1.2300000190734863,
    1.2300000190734863,
    38.09851837158203,
    1.2300000190734863,
    1.2299998998641968,
    1.2299998998641968,
    13.469054222106934,
    1.2300000190734863,
    138.37564086914062,
    1.2300000190734863,
    24.063947677612305,
    1.2300000190734863,
    37.316287994384766,
    1.2300000190734863,
    1.2300000190734863,
    35.71269226074219,
    45.42891311645508,
    27.108078002929688,
    25.641277313232422,
    1.2300000190734863,
    16.749462127685547,
    1.2300000190734863,
    19.843984603881836,
    172.46847534179688,
    25.457244873046875,
    1.2300000190734863,
    1.2300000190734863,
    1.2300000190734863,
    1.2300000190734863,
    1.2300000190734863,
    1.2300000190734863,
    1.2300000190734863,
    1.2300000190734863,
    102.48883056640625,
    19.046598434448242
  ],
  "top5_pi": [
    0.19026203453540802,
    0.093488410115242,
    0.0926247388124466,
    0.06777773052453995,
    0.0627245381474495
  ],
  "top5_idx": [
    8,
    16,
    3,
    24,
    28
  ]
}