{
  "round": 4,
  "avg_loglik_per_step": -4.8560587659794665,
  "state_entropy": 0.07843684405088425,
  "effective_K": 8.999223709106445,
  "stickiness_diag_mean": 0.39099520444869995,
  "expected_dwell_length_per_state": [
    24.753700256347656,
    1.2157024145126343,
    1.2268649339675903,
    61.68434143066406,
    1.2142744064331055,
    1.2175180912017822,
    1.2203794717788696,
    1.2132601737976074,
    32.68087387084961,
    1.217193841934204,
    1.220173716545105,
    105.57750701904297,
    1.2185328006744385,
    1.2127805948257446,
    1.2143490314483643,
    1.2131891250610352,
    1.216712474822998,
    1.221949577331543,
    37.82733154296875,
    42.406005859375,
    1.2169173955917358,
    19.384151458740234,
    1.2194468975067139,
    1.2154853343963623,
    25.62995719909668,
    1.228785753250122,
    1.2132598161697388,
    1.2176482677459717,
    1.2130823135375977,
    1.2126922607421875,
    1.2286148071289062,
    1.2177960872650146,
    1.2157942056655884,
    1.2142597436904907,
    1.214237093925476,
    31.284666061401367,
    34.650352478027344,
    32.815494537353516,
    1.2172396183013916,
    1.2132841348648071,
    1.2241687774658203
  ],
  "top5_pi": [
    0.22043922543525696,
    0.18640103936195374,
    0.1174471452832222,
    0.08827237784862518,
    0.08128223568201065
  ],
  "top5_idx": [
    36,
    21,
    8,
    0,
    37
  ]
}