2025-09-23 19:43:37,861 - __main__ - INFO - ================================================================================
2025-09-23 19:43:37,861 - __main__ - INFO - Starting Online PPO Training with Pretrained Models
2025-09-23 19:43:37,861 - __main__ - INFO - Environment: MiniHack-Room-Random-15x15-v0
2025-09-23 19:43:37,861 - __main__ - INFO - VAE Repository: CatkinChen/nethack-vae-hmm
2025-09-23 19:43:37,861 - __main__ - INFO - HMM Repository: CatkinChen/nethack-hmm
2025-09-23 19:43:37,861 - __main__ - INFO - Total Timesteps: 195
2025-09-23 19:43:37,861 - __main__ - INFO - ================================================================================
2025-09-23 19:43:37,861 - __main__ - INFO - 🔧 Using device: cuda
2025-09-23 19:43:37,861 - __main__ - INFO - 🆕 Fresh training mode: Loading models from separate repos
2025-09-23 19:43:37,861 - __main__ - INFO - 🎨 Loading pretrained VAE model...
2025-09-23 19:43:38,386 - __main__ - INFO - 🧠 Loading pretrained HMM model...
2025-09-23 19:43:38,734 - __main__ - INFO - ✅ VAE model loaded successfully
2025-09-23 19:43:38,734 - __main__ - INFO -    - Latent dimension: 96
2025-09-23 19:43:38,734 - __main__ - INFO -    - Skills: 40
2025-09-23 19:43:38,734 - __main__ - INFO - ✅ HMM model loaded successfully
2025-09-23 19:43:38,734 - __main__ - INFO -    🏷️  HMM Round: 4
2025-09-23 19:43:38,734 - __main__ - INFO -    📅 Created: 2025-09-15T21:41:06.331217
2025-09-23 19:43:38,734 - __main__ - INFO - 🎮 Creating environment: MiniHack-Room-Random-15x15-v0
2025-09-23 19:43:38,735 - nle.env.base - INFO - Not saving any NLE data.
2025-09-23 19:43:38,750 - __main__ - INFO -    - Observation space: Dict('blstats': Box(-2147483648, 2147483647, (27,), int64), 'chars': Box(0, 255, (21, 79), uint8), 'chars_crop': Box(0, 255, (9, 9), uint8), 'colors': Box(0, 15, (21, 79), uint8), 'colors_crop': Box(0, 15, (9, 9), uint8), 'glyphs': Box(0, 5976, (21, 79), int16), 'glyphs_crop': Box(0, 5976, (9, 9), int16), 'message': Box(0, 255, (256,), uint8), 'specials': Box(0, 255, (21, 79), uint8), 'specials_crop': Box(0, 255, (9, 9), uint8))
2025-09-23 19:43:38,750 - __main__ - INFO -    - Action space: Discrete(8)
2025-09-23 19:43:38,777 - __main__ - INFO - 🔄 HMM posterior set as prior for online updates with tempered weight 0.2
2025-09-23 19:43:38,777 - __main__ - INFO - 🔄 Using provided VAE config
2025-09-23 19:43:38,777 - __main__ - INFO -    - VAE prior mode set to 'hmm' for online training
2025-09-23 19:43:39,808 - __main__ - INFO - 📊 W&B initialized with run name: ablation_baseline_curiosity_trans_only_MiniHack_Room_Random_15x15_v0_20250923-194337
2025-09-23 19:43:39,808 - __main__ - INFO - 🚀 Initializing PPO trainer...
2025-09-23 19:43:39,808 - nle.env.base - INFO - Not saving any NLE data.
2025-09-23 19:43:39,823 - nle.env.base - INFO - Not saving any NLE data.
2025-09-23 19:43:39,838 - nle.env.base - INFO - Not saving any NLE data.
2025-09-23 19:43:39,852 - nle.env.base - INFO - Not saving any NLE data.
2025-09-23 19:43:39,865 - nle.env.base - INFO - Not saving any NLE data.
2025-09-23 19:43:39,878 - nle.env.base - INFO - Not saving any NLE data.
2025-09-23 19:43:39,891 - nle.env.base - INFO - Not saving any NLE data.
2025-09-23 19:43:39,905 - nle.env.base - INFO - Not saving any NLE data.
2025-09-23 19:43:40,794 - __main__ - INFO - ✅ PPO trainer initialized successfully
2025-09-23 19:43:40,795 - __main__ - INFO - 🆕 Starting fresh PPO training (no checkpoint loading)
2025-09-23 19:43:40,795 - __main__ - INFO - 🏋️  Starting PPO training...
2025-09-23 19:43:41,211 - __main__ - INFO - 🎮 Action Mapping Debug (step 0, timestep 0):
2025-09-23 19:43:41,211 - __main__ - INFO -    Global actions sampled: [7 1 2 0 7 1 3 4]
2025-09-23 19:43:41,212 - __main__ - INFO -    Local actions mapped:   [7 1 2 0 7 1 3 4]
2025-09-23 19:43:41,212 - __main__ - INFO -    Available env actions:  (<CompassDirection.N: 107>, <CompassDirection.E: 108>, <CompassDirection.S: 106>, <CompassDirection.W: 104>, <CompassDirection.NE: 117>, <CompassDirection.SE: 110>, <CompassDirection.SW: 98>, <CompassDirection.NW: 121>)
2025-09-23 19:43:41,212 - __main__ - INFO -    Action mapping:         ['local_0->global_0(107)', 'local_1->global_1(108)', 'local_2->global_2(106)', 'local_3->global_3(104)', 'local_4->global_4(117)', 'local_5->global_5(110)', 'local_6->global_6(98)', 'local_7->global_7(121)']
2025-09-23 19:43:41,212 - __main__ - INFO -    Valid global indices:   [0 1 2 3 4 5 6 7] (total: 8)
2025-09-23 19:43:41,212 - __main__ - INFO -    Global->Local mapping:  ['env0:g7->l7', 'env1:g1->l1', 'env2:g2->l2', 'env3:g0->l0', 'env4:g7->l7', 'env5:g1->l1', 'env6:g3->l3', 'env7:g4->l4']
2025-09-23 19:43:41,218 - __main__ - INFO - 🚫 Negative Reward Masking (step 0, timestep 0):
2025-09-23 19:43:41,218 - __main__ - INFO -    Environments masked due to prev negative rewards: 0/8
2025-09-23 19:43:41,218 - __main__ - INFO -    Environments with current negative rewards: 1/8
2025-09-23 19:43:41,219 - __main__ - INFO -    Rewards: [ 0.   -0.01  0.    0.    0.    0.    0.    0.  ]
2025-09-23 19:43:43,377 - __main__ - INFO - 📊 Episodes completed this rollout: 3
2025-09-23 19:43:43,377 - __main__ - INFO - 📈 Episode stats: avg return = 0.97, avg length = 50.0
2025-09-23 19:43:43,399 - __main__ - INFO - 🎯 Top 3 training actions: #6(152), #2(152), #1(136)
2025-09-23 19:43:47,342 - __main__ - INFO - 📊 Episodes completed this rollout: 2
2025-09-23 19:43:47,342 - __main__ - INFO - 📈 Episode stats: avg return = 0.84, avg length = 216.0
2025-09-23 19:43:47,342 - __main__ - INFO - 🎯 Top 3 training actions: #6(305), #2(289), #1(280)
2025-09-23 19:43:51,260 - __main__ - INFO - 📊 Episodes completed this rollout: 7
2025-09-23 19:43:51,260 - __main__ - INFO - 📈 Episode stats: avg return = 0.12, avg length = 242.7
2025-09-23 19:43:51,261 - __main__ - INFO - 🎯 Top 3 training actions: #6(468), #1(441), #2(410)
2025-09-23 19:43:55,159 - __main__ - INFO - 📊 Episodes completed this rollout: 1
2025-09-23 19:43:55,160 - __main__ - INFO - 📈 Episode stats: avg return = -0.68, avg length = 300.0
2025-09-23 19:43:55,160 - __main__ - INFO - 🎯 Top 3 training actions: #6(671), #7(584), #1(544)
2025-09-23 19:43:59,035 - __main__ - INFO - 📊 Episodes completed this rollout: 6
2025-09-23 19:43:59,036 - __main__ - INFO - 📈 Episode stats: avg return = -0.49, avg length = 300.0
2025-09-23 19:43:59,036 - __main__ - INFO - 🎯 Top 3 training actions: #6(835), #7(730), #0(725)
2025-09-23 19:44:00,641 - __main__ - INFO - 🔄 Synchronized model update at step 5,120
2025-09-23 19:44:00,641 - __main__ - INFO -    HMM interval: 5,120, VAE interval: 5,120
2025-09-23 19:44:00,642 - __main__ - INFO - 🚫 Model training masking: 720/5120 timesteps masked (14.1%) due to negative rewards (invalid actions)
2025-09-23 19:44:00,798 - __main__ - INFO - 🔄 Capping HMM batch size from 413 to 128 to prevent OOM
2025-09-23 19:44:00,798 - __main__ - INFO - 🔄 HMM refresh starting at step 5,120 with replay size 128x127
2025-09-23 19:44:08,134 - __main__ - DEBUG - Initial ELBO: -245728.8629
2025-09-23 19:44:08,134 - __main__ - DEBUG - Relative tol: 0.0100
2025-09-23 19:44:08,134 - __main__ - DEBUG - Relative elbo_drop_tol: 0.0100
2025-09-23 19:44:08,134 - __main__ - DEBUG - - Init -545.0633
2025-09-23 19:44:08,134 - __main__ - DEBUG - - Trans -1783.8902
2025-09-23 19:44:08,134 - __main__ - DEBUG - - Emit -243387.0020
2025-09-23 19:44:08,134 - __main__ - DEBUG - - Entropy 2.8732
2025-09-23 19:44:08,134 - __main__ - DEBUG - - Dir 0.0000
2025-09-23 19:44:08,134 - __main__ - DEBUG - - NIW 0.0003
2025-09-23 19:44:08,134 - __main__ - DEBUG - - Beta prior -15.7809
2025-09-23 19:44:15,863 - __main__ - DEBUG - Iter 0: ELBO after FB: -245728.8629 (LL -245713.0823, Δ=0.0000)
2025-09-23 19:44:15,863 - __main__ - DEBUG - First pass after reset, using full stats.
2025-09-23 19:44:15,912 - __main__ - DEBUG - Iter 0: ELBO after NIW update: -70309.0154 (Emit LL -53816.3612, NIW term -14150.7930, Δ=175419.8475)
2025-09-23 19:44:15,961 - __main__ - DEBUG - Iter 0: ELBO after Dirichlet update: -68862.1174 (Trans LL -132.2731, Dir term -204.7191, Δ=1446.8981)
2025-09-23 19:44:16,037 - __main__ - DEBUG - Iter 0: ELBO after β update: -68862.8628 (Init LL -545.7490, Dir term -204.7705, logp(β) -15.7891, Δ=-0.7454)
2025-09-23 19:44:23,526 - __main__ - DEBUG - Iter 1: ELBO after FB: -54468.3016 (LL -40096.9490, Δ=14394.5612)
2025-09-23 19:44:23,526 - __main__ - DEBUG - First pass after reset, using full stats.
2025-09-23 19:44:23,576 - __main__ - DEBUG - Iter 1: ELBO after NIW update: -30838.9683 (Emit LL -19317.4138, NIW term -10761.3115, Δ=23629.3332)
2025-09-23 19:44:23,625 - __main__ - DEBUG - Iter 1: ELBO after Dirichlet update: -30638.4299 (Trans LL -9.5946, Dir term -35.9288, Δ=200.5384)
2025-09-23 19:44:23,695 - __main__ - DEBUG - Iter 1: ELBO after β update: -30639.3319 (Init LL -499.1998, Dir term -36.0225, logp(β) -15.7976, Δ=-0.9019)
2025-09-23 19:44:31,213 - __main__ - DEBUG - Iter 2: ELBO after FB: -27900.6415 (LL -17087.5099, Δ=2738.6904)
2025-09-23 19:44:31,214 - __main__ - DEBUG - First pass after reset, using full stats.
2025-09-23 19:44:31,263 - __main__ - DEBUG - Iter 2: ELBO after NIW update: -25650.8472 (Emit LL -15826.9591, NIW term -9267.3184, Δ=2249.7943)
2025-09-23 19:44:31,313 - __main__ - DEBUG - Iter 2: ELBO after Dirichlet update: -25637.6795 (Trans LL -4.8226, Dir term -23.5782, Δ=13.1677)
2025-09-23 19:44:31,378 - __main__ - DEBUG - Iter 2: ELBO after β update: -25637.5280 (Init LL -498.9554, Dir term -23.6699, logp(β) -15.8035, Δ=0.1515)
2025-09-23 19:44:38,863 - __main__ - DEBUG - Iter 3: ELBO after FB: -25637.5280 (LL -16330.7363, Δ=0.0000)
2025-09-23 19:44:38,863 - __main__ - DEBUG - First pass after reset, using full stats.
2025-09-23 19:44:38,912 - __main__ - DEBUG - Iter 3: ELBO after NIW update: -25637.5280 (Emit LL -15826.9591, NIW term -9267.3184, Δ=0.0000)
2025-09-23 19:44:38,961 - __main__ - DEBUG - Iter 3: ELBO after Dirichlet update: -25637.8357 (Trans LL -4.8308, Dir term -23.9693, Δ=-0.3078)
2025-09-23 19:44:39,032 - __main__ - DEBUG - Iter 3: ELBO after β update: -25638.5657 (Init LL -499.5713, Dir term -24.0847, logp(β) -15.8022, Δ=-0.7300)
2025-09-23 19:44:46,522 - __main__ - DEBUG - Iter 4: ELBO after FB: -25638.5657 (LL -16331.3605, Δ=0.0000)
2025-09-23 19:44:46,522 - __main__ - DEBUG - First pass after reset, using full stats.
2025-09-23 19:44:46,571 - __main__ - DEBUG - Iter 4: ELBO after NIW update: -25638.5657 (Emit LL -15826.9591, NIW term -9267.3184, Δ=0.0000)
2025-09-23 19:44:46,621 - __main__ - DEBUG - Iter 4: ELBO after Dirichlet update: -25638.9599 (Trans LL -4.8116, Dir term -24.4982, Δ=-0.3942)
2025-09-23 19:44:46,687 - __main__ - DEBUG - Iter 4: ELBO after β update: -25639.0457 (Init LL -499.5717, Dir term -24.5897, logp(β) -15.7960, Δ=-0.0858)
2025-09-23 19:44:46,689 - __main__ - INFO -    HMM refresh complete: ELBO=-70.2838, iters=0, max iters, states=40
2025-09-23 19:44:46,689 - __main__ - INFO -    ✅ HMM updated (next in 6,144 steps)
2025-09-23 19:44:46,689 - __main__ - INFO - 🔄 VAE refresh starting at step 5,120 with replay size 8x640
2025-09-23 19:44:46,690 - __main__ - INFO -    Using span sampling (5120 timesteps, too large for full buffer)
2025-09-23 19:45:11,843 - __main__ - INFO -    VAE refresh complete: final_loss=2879.6453, avg_loss=2894.9331, steps=4/4, trend=improving, total_timesteps=5120, span_sampling=32_requested×4_steps, span_len=64
2025-09-23 19:45:11,845 - __main__ - INFO -    ✅ VAE updated (next in 6,144 steps)
2025-09-23 19:45:14,089 - __main__ - INFO - 📊 Episodes completed this rollout: 2
2025-09-23 19:45:14,089 - __main__ - INFO - 📈 Episode stats: avg return = 0.27, avg length = 255.0
2025-09-23 19:45:14,089 - __main__ - INFO - 🎯 Top 3 training actions: #6(993), #0(885), #7(852)
2025-09-23 19:45:18,023 - __main__ - INFO - 📊 Episodes completed this rollout: 5
2025-09-23 19:45:18,024 - __main__ - INFO - 📈 Episode stats: avg return = 0.41, avg length = 191.6
2025-09-23 19:45:18,024 - __main__ - INFO - 🎯 Top 3 training actions: #6(1143), #0(1080), #5(995)
2025-09-23 19:45:21,886 - __main__ - INFO - 📊 Episodes completed this rollout: 4
2025-09-23 19:45:21,887 - __main__ - INFO - 📈 Episode stats: avg return = -0.06, avg length = 228.0
2025-09-23 19:45:21,887 - __main__ - INFO - 🎯 Top 3 training actions: #6(1314), #0(1294), #5(1105)
2025-09-23 19:45:25,780 - __main__ - INFO - 📊 Episodes completed this rollout: 5
2025-09-23 19:45:25,780 - __main__ - INFO - 📈 Episode stats: avg return = 0.00, avg length = 267.0
2025-09-23 19:45:25,781 - __main__ - INFO - 🎯 Top 3 training actions: #0(1531), #6(1511), #5(1200)
2025-09-23 19:45:29,647 - __main__ - INFO - 📊 Episodes completed this rollout: 4
2025-09-23 19:45:29,647 - __main__ - INFO - 📈 Episode stats: avg return = -0.21, avg length = 235.2
2025-09-23 19:45:29,647 - __main__ - INFO - 🎯 Top 3 training actions: #6(1761), #0(1731), #5(1312)
2025-09-23 19:45:31,243 - __main__ - INFO - 🧪 Starting evaluation with 50 episodes...
2025-09-23 19:45:31,243 - __main__ - INFO -    Eval seed: 51
2025-09-23 19:45:31,243 - __main__ - INFO -    Max episode steps (eval): env default
2025-09-23 19:45:31,244 - nle.env.base - INFO - Not saving any NLE data.
2025-09-23 19:45:32,365 - __main__ - DEBUG - 🎯 Eval HMM masking: step 100 masked due to negative reward
2025-09-23 19:45:32,890 - __main__ - DEBUG - 🎯 Eval HMM masking: step 150 masked due to negative reward
2025-09-23 19:45:33,416 - __main__ - DEBUG - 🎯 Eval HMM masking: step 200 masked due to negative reward
2025-09-23 19:45:34,461 - __main__ - WARNING - ⚠️ Episode 1 terminated due to step limit.
2025-09-23 19:45:37,757 - __main__ - WARNING - ⚠️ Episode 2 terminated due to step limit.
2025-09-23 19:45:41,922 - __main__ - DEBUG - 🎯 Eval HMM masking: step 200 masked due to negative reward
2025-09-23 19:45:42,959 - __main__ - WARNING - ⚠️ Episode 4 terminated due to step limit.
2025-09-23 19:45:48,981 - __main__ - WARNING - ⚠️ Episode 6 terminated due to step limit.
2025-09-23 19:45:52,106 - __main__ - DEBUG - 🎯 Eval HMM masking: step 100 masked due to negative reward
2025-09-23 19:45:54,187 - __main__ - WARNING - ⚠️ Episode 10 terminated due to step limit.
2025-09-23 19:46:00,773 - __main__ - WARNING - ⚠️ Episode 13 terminated due to step limit.
2025-09-23 19:46:04,105 - __main__ - WARNING - ⚠️ Episode 14 terminated due to step limit.
2025-09-23 19:46:07,429 - __main__ - WARNING - ⚠️ Episode 15 terminated due to step limit.
2025-09-23 19:46:09,671 - __main__ - DEBUG - 🎯 Eval HMM masking: step 200 masked due to negative reward
2025-09-23 19:46:10,704 - __main__ - WARNING - ⚠️ Episode 16 terminated due to step limit.
2025-09-23 19:46:11,913 - __main__ - DEBUG - 🎯 Eval HMM masking: step 100 masked due to negative reward
2025-09-23 19:46:13,979 - __main__ - WARNING - ⚠️ Episode 17 terminated due to step limit.
2025-09-23 19:46:17,254 - __main__ - WARNING - ⚠️ Episode 18 terminated due to step limit.
2025-09-23 19:46:18,462 - __main__ - DEBUG - 🎯 Eval HMM masking: step 100 masked due to negative reward
2025-09-23 19:46:20,529 - __main__ - WARNING - ⚠️ Episode 19 terminated due to step limit.
2025-09-23 19:46:22,881 - __main__ - DEBUG - 🎯 Eval HMM masking: step 150 masked due to negative reward
2025-09-23 19:46:24,431 - __main__ - WARNING - ⚠️ Episode 21 terminated due to step limit.
2025-09-23 19:46:30,345 - __main__ - WARNING - ⚠️ Episode 25 terminated due to step limit.
2025-09-23 19:46:35,862 - __main__ - DEBUG - 🎯 Eval HMM masking: step 150 masked due to negative reward
2025-09-23 19:46:39,452 - __main__ - WARNING - ⚠️ Episode 30 terminated due to step limit.
2025-09-23 19:46:40,144 - __main__ - DEBUG - 🎯 Eval HMM masking: step 50 masked due to negative reward
2025-09-23 19:46:40,667 - __main__ - DEBUG - 🎯 Eval HMM masking: step 100 masked due to negative reward
2025-09-23 19:46:42,741 - __main__ - WARNING - ⚠️ Episode 31 terminated due to step limit.
2025-09-23 19:46:45,495 - __main__ - DEBUG - 🎯 Eval HMM masking: step 250 masked due to negative reward
2025-09-23 19:46:46,004 - __main__ - WARNING - ⚠️ Episode 32 terminated due to step limit.
2025-09-23 19:46:58,940 - __main__ - WARNING - ⚠️ Episode 39 terminated due to step limit.
2025-09-23 19:47:02,822 - __main__ - WARNING - ⚠️ Episode 41 terminated due to step limit.
2025-09-23 19:47:06,100 - __main__ - WARNING - ⚠️ Episode 42 terminated due to step limit.
2025-09-23 19:47:09,416 - __main__ - WARNING - ⚠️ Episode 44 terminated due to step limit.
2025-09-23 19:47:12,689 - __main__ - WARNING - ⚠️ Episode 45 terminated due to step limit.
2025-09-23 19:47:15,958 - __main__ - WARNING - ⚠️ Episode 46 terminated due to step limit.
2025-09-23 19:47:19,767 - __main__ - DEBUG - 🎯 Eval HMM masking: step 150 masked due to negative reward
2025-09-23 19:47:21,318 - __main__ - WARNING - ⚠️ Episode 48 terminated due to step limit.
2025-09-23 19:47:24,171 - __main__ - DEBUG - 🎯 Eval HMM masking: step 250 masked due to negative reward
2025-09-23 19:47:24,684 - __main__ - WARNING - ⚠️ Episode 49 terminated due to step limit.
2025-09-23 19:47:27,552 - __main__ - DEBUG - 🎯 Eval HMM masking: step 250 masked due to negative reward
2025-09-23 19:47:28,113 - __main__ - WARNING - ⚠️ Episode 50 terminated due to step limit.
2025-09-23 19:47:28,304 - __main__ - INFO - 📊 Evaluation Results (Current Round):
2025-09-23 19:47:28,305 - __main__ - INFO -    Episodes: 50
2025-09-23 19:47:28,305 - __main__ - INFO -    Time: 117.1s (2.3s/ep)
2025-09-23 19:47:28,305 - __main__ - INFO -    Average Return: 0.240 ± 0.601
2025-09-23 19:47:28,305 - __main__ - INFO -    Success Rate: 48.0%
2025-09-23 19:47:28,305 - __main__ - INFO -    Average Length: 212.9
2025-09-23 19:47:28,305 - __main__ - INFO -    Average Coverage: 77.1 positions
2025-09-23 19:47:28,305 - __main__ - INFO -    Episode Completions: 24 terminated (48.0%), 26 truncated (52.0%)
2025-09-23 19:47:28,305 - __main__ - INFO - 📈 Total Evaluation Statistics:
2025-09-23 19:47:28,305 - __main__ - INFO -    Total Episodes: 50
2025-09-23 19:47:28,305 - __main__ - INFO -    Total Average Return: 0.240 ± 0.601
2025-09-23 19:47:28,305 - __main__ - INFO -    Total Average Length: 212.9 ± 108.0
2025-09-23 19:47:28,306 - __main__ - INFO -    Total Completions: 24 terminated (48.0%), 26 truncated (52.0%)
2025-09-23 19:47:28,306 - __main__ - INFO -    Skill Entropy: 0.001
2025-09-23 19:47:28,306 - __main__ - INFO -    Used Skills: 1.0
2025-09-23 19:47:28,306 - __main__ - INFO -    Effective K: 1.00
2025-09-23 19:47:28,306 - __main__ - INFO - 🎯 Action Usage Statistics:
2025-09-23 19:47:28,306 - __main__ - INFO -    Unique actions in evaluation: 8
2025-09-23 19:47:28,306 - __main__ - INFO -    Unique actions in training: 8
2025-09-23 19:47:28,306 - __main__ - INFO -    Total unique actions: 8
2025-09-23 19:47:28,306 - __main__ - INFO -    Action coverage: 6.6%
2025-09-23 19:47:28,306 - __main__ - INFO -    Train action count: 10240
2025-09-23 19:47:28,307 - __main__ - INFO -    Eval action count: 10644
2025-09-23 19:47:28,307 - __main__ - INFO -    Train action entropy: 2.054
2025-09-23 19:47:28,307 - __main__ - INFO -    Eval action entropy: 2.021
2025-09-23 19:47:28,307 - __main__ - INFO -    Top 3 train actions: #6(1761), #0(1731), #5(1312)
2025-09-23 19:47:28,308 - __main__ - INFO -    Top 3 eval actions: #6(2031), #0(1951), #4(1646)
2025-09-23 19:47:30,612 - __main__ - INFO - 📊 Episodes completed this rollout: 5
2025-09-23 19:47:30,612 - __main__ - INFO - 📈 Episode stats: avg return = -0.06, avg length = 284.8
2025-09-23 19:47:30,612 - __main__ - INFO - 🎯 Top 3 training actions: #6(1962), #0(1923), #5(1421)
2025-09-23 19:47:32,230 - __main__ - INFO - 🔄 Synchronized model update at step 11,264
2025-09-23 19:47:32,230 - __main__ - INFO -    HMM interval: 6,144, VAE interval: 6,144
2025-09-23 19:47:32,231 - __main__ - INFO - 🚫 Model training masking: 510/6144 timesteps masked (8.3%) due to negative rewards (invalid actions)
2025-09-23 19:47:32,413 - __main__ - INFO - 🔄 Capping HMM batch size from 349 to 128 to prevent OOM
2025-09-23 19:47:32,413 - __main__ - INFO - 🔄 HMM refresh starting at step 11,264 with replay size 128x125
2025-09-23 19:47:39,496 - __main__ - DEBUG - Initial ELBO: -35965.1536
2025-09-23 19:47:39,496 - __main__ - DEBUG - Relative tol: 0.0100
2025-09-23 19:47:39,496 - __main__ - DEBUG - Relative elbo_drop_tol: 0.0100
2025-09-23 19:47:39,496 - __main__ - DEBUG - - Init -498.9554
2025-09-23 19:47:39,496 - __main__ - DEBUG - - Trans -9.9725
2025-09-23 19:47:39,496 - __main__ - DEBUG - - Emit -26149.4348
2025-09-23 19:47:39,496 - __main__ - DEBUG - - Entropy 0.0007
2025-09-23 19:47:39,496 - __main__ - DEBUG - - Dir -23.6699
2025-09-23 19:47:39,496 - __main__ - DEBUG - - NIW -9267.3184
2025-09-23 19:47:39,496 - __main__ - DEBUG - - Beta prior -15.8035
2025-09-23 19:47:47,215 - __main__ - DEBUG - Iter 0: ELBO after FB: -35965.1536 (LL -26658.3619, Δ=0.0000)
2025-09-23 19:47:47,216 - __main__ - DEBUG - Blending stats with ρ_niw=0.0500, ρ_tr=0.0500.
2025-09-23 19:47:47,266 - __main__ - DEBUG - Iter 0: ELBO after NIW update: -34681.8721 (Emit LL -24616.7216, NIW term -9516.7500, Δ=1283.2816)
2025-09-23 19:47:47,315 - __main__ - DEBUG - Iter 0: ELBO after Dirichlet update: -34681.2324 (Trans LL -9.5763, Dir term -23.4264, Δ=0.6396)
2025-09-23 19:47:47,384 - __main__ - DEBUG - Iter 0: ELBO after β update: -34682.0131 (Init LL -499.7244, Dir term -23.4287, logp(β) -15.8128, Δ=-0.7806)
2025-09-23 19:47:54,747 - __main__ - DEBUG - Iter 1: ELBO after FB: -34682.0131 (LL -25126.0216, Δ=0.0000)
2025-09-23 19:47:54,747 - __main__ - DEBUG - Blending stats with ρ_niw=0.0500, ρ_tr=0.0500.
2025-09-23 19:47:54,798 - __main__ - DEBUG - Iter 1: ELBO after NIW update: -34682.0131 (Emit LL -24616.7216, NIW term -9516.7500, Δ=0.0000)
2025-09-23 19:47:54,847 - __main__ - DEBUG - Iter 1: ELBO after Dirichlet update: -34682.0755 (Trans LL -9.5283, Dir term -23.5391, Δ=-0.0624)
2025-09-23 19:47:54,919 - __main__ - DEBUG - Iter 1: ELBO after β update: -34682.6666 (Init LL -500.2129, Dir term -23.6320, logp(β) -15.8225, Δ=-0.5911)
2025-09-23 19:48:02,833 - __main__ - DEBUG - Iter 2: ELBO after FB: -34682.6666 (LL -25126.4621, Δ=0.0000)
2025-09-23 19:48:02,834 - __main__ - DEBUG - Blending stats with ρ_niw=0.0500, ρ_tr=0.0500.
2025-09-23 19:48:02,887 - __main__ - DEBUG - Iter 2: ELBO after NIW update: -34682.6666 (Emit LL -24616.7216, NIW term -9516.7500, Δ=0.0000)
2025-09-23 19:48:02,940 - __main__ - DEBUG - Iter 2: ELBO after Dirichlet update: -34682.8343 (Trans LL -9.4991, Dir term -23.8290, Δ=-0.1677)
2025-09-23 19:48:03,016 - __main__ - DEBUG - Iter 2: ELBO after β update: -34683.3378 (Init LL -500.6231, Dir term -23.9196, logp(β) -15.8252, Δ=-0.5035)
2025-09-23 19:48:10,730 - __main__ - DEBUG - Iter 3: ELBO after FB: -34683.3378 (LL -25126.8430, Δ=0.0000)
2025-09-23 19:48:10,731 - __main__ - DEBUG - Blending stats with ρ_niw=0.0500, ρ_tr=0.0500.
2025-09-23 19:48:10,780 - __main__ - DEBUG - Iter 3: ELBO after NIW update: -34683.3378 (Emit LL -24616.7216, NIW term -9516.7500, Δ=0.0000)
2025-09-23 19:48:10,830 - __main__ - DEBUG - Iter 3: ELBO after Dirichlet update: -34683.6239 (Trans LL -9.4738, Dir term -24.2309, Δ=-0.2862)
2025-09-23 19:48:10,902 - __main__ - DEBUG - Iter 3: ELBO after β update: -34683.9954 (Init LL -500.8842, Dir term -24.3434, logp(β) -15.8231, Δ=-0.3715)
2025-09-23 19:48:18,270 - __main__ - DEBUG - Iter 4: ELBO after FB: -34683.9954 (LL -25127.0789, Δ=0.0000)
2025-09-23 19:48:18,271 - __main__ - DEBUG - Blending stats with ρ_niw=0.0500, ρ_tr=0.0500.
2025-09-23 19:48:18,320 - __main__ - DEBUG - Iter 4: ELBO after NIW update: -34683.9954 (Emit LL -24616.7216, NIW term -9516.7500, Δ=0.0000)
2025-09-23 19:48:18,369 - __main__ - DEBUG - Iter 4: ELBO after Dirichlet update: -34684.3965 (Trans LL -9.4584, Dir term -24.7599, Δ=-0.4011)
2025-09-23 19:48:18,428 - __main__ - DEBUG - Iter 4: ELBO after β update: -34684.3188 (Init LL -500.7918, Dir term -24.7777, logp(β) -15.8201, Δ=0.0777)
2025-09-23 19:48:18,430 - __main__ - INFO -    HMM refresh complete: ELBO=-44.7890, iters=0, max iters, states=40
2025-09-23 19:48:18,430 - __main__ - INFO -    ✅ HMM updated (next in 7,372 steps)
2025-09-23 19:48:18,430 - __main__ - INFO - 🔄 VAE refresh starting at step 11,264 with replay size 8x768
2025-09-23 19:48:18,431 - __main__ - INFO -    Using span sampling (6144 timesteps, too large for full buffer)
2025-09-23 19:48:45,172 - __main__ - INFO -    VAE refresh complete: final_loss=2856.9915, avg_loss=2863.6060, steps=4/4, trend=improving, total_timesteps=6144, span_sampling=32_requested×4_steps, span_len=64
2025-09-23 19:48:45,174 - __main__ - INFO -    ✅ VAE updated (next in 7,372 steps)
2025-09-23 19:48:47,482 - __main__ - INFO - 📊 Episodes completed this rollout: 9
2025-09-23 19:48:47,483 - __main__ - INFO - 📈 Episode stats: avg return = 0.52, avg length = 132.8
2025-09-23 19:48:47,483 - __main__ - INFO - 🎯 Top 3 training actions: #6(2105), #0(2071), #5(1525)
2025-09-23 19:48:51,321 - __main__ - INFO - 📊 Episodes completed this rollout: 2
2025-09-23 19:48:51,322 - __main__ - INFO - 📈 Episode stats: avg return = 0.69, avg length = 224.0
2025-09-23 19:48:51,322 - __main__ - INFO - 🎯 Top 3 training actions: #6(2265), #0(2222), #7(1635)
2025-09-23 19:48:55,195 - __main__ - INFO - 📊 Episodes completed this rollout: 5
2025-09-23 19:48:55,195 - __main__ - INFO - 📈 Episode stats: avg return = 0.04, avg length = 238.0
2025-09-23 19:48:55,195 - __main__ - INFO - 🎯 Top 3 training actions: #0(2420), #6(2381), #7(1823)
2025-09-23 19:48:59,081 - __main__ - INFO - 📊 Episodes completed this rollout: 6
2025-09-23 19:48:59,081 - __main__ - INFO - 📈 Episode stats: avg return = 0.24, avg length = 187.7
2025-09-23 19:48:59,081 - __main__ - INFO - 🎯 Top 3 training actions: #0(2629), #6(2495), #7(1968)
2025-09-23 19:49:02,947 - __main__ - INFO - 📊 Episodes completed this rollout: 3
2025-09-23 19:49:02,948 - __main__ - INFO - 📈 Episode stats: avg return = -0.24, avg length = 255.7
2025-09-23 19:49:02,948 - __main__ - INFO - 🎯 Top 3 training actions: #0(2814), #6(2621), #7(2115)
2025-09-23 19:49:06,837 - __main__ - INFO - 📊 Episodes completed this rollout: 5
2025-09-23 19:49:06,838 - __main__ - INFO - 📈 Episode stats: avg return = 0.08, avg length = 213.0
2025-09-23 19:49:06,838 - __main__ - INFO - 🎯 Top 3 training actions: #0(2953), #6(2741), #7(2218)
2025-09-23 19:49:10,700 - __main__ - INFO - 📊 Episodes completed this rollout: 3
2025-09-23 19:49:10,701 - __main__ - INFO - 📈 Episode stats: avg return = -0.34, avg length = 300.0
2025-09-23 19:49:10,701 - __main__ - INFO - 🎯 Top 3 training actions: #0(3104), #6(2871), #7(2313)
2025-09-23 19:49:14,557 - __main__ - INFO - 📊 Episodes completed this rollout: 4
2025-09-23 19:49:14,557 - __main__ - INFO - 📈 Episode stats: avg return = -0.23, avg length = 292.5
2025-09-23 19:49:14,557 - __main__ - INFO - 🎯 Top 3 training actions: #0(3301), #6(2979), #7(2415)
2025-09-23 19:49:16,170 - __main__ - INFO - 🔄 Synchronized model update at step 19,456
2025-09-23 19:49:16,171 - __main__ - INFO -    HMM interval: 7,372, VAE interval: 7,372
2025-09-23 19:49:16,171 - __main__ - INFO - 🚫 Model training masking: 616/8192 timesteps masked (7.5%) due to negative rewards (invalid actions)
2025-09-23 19:49:16,424 - __main__ - INFO - 🔄 Capping HMM batch size from 463 to 128 to prevent OOM
2025-09-23 19:49:16,425 - __main__ - INFO - 🔄 HMM refresh starting at step 19,456 with replay size 128x105
2025-09-23 19:49:22,339 - __main__ - DEBUG - Initial ELBO: -39265.2216
2025-09-23 19:49:22,342 - __main__ - DEBUG - Relative tol: 0.0100
2025-09-23 19:49:22,342 - __main__ - DEBUG - Relative elbo_drop_tol: 0.0100
2025-09-23 19:49:22,343 - __main__ - DEBUG - - Init -499.7244
2025-09-23 19:49:22,343 - __main__ - DEBUG - - Trans -11.7431
2025-09-23 19:49:22,343 - __main__ - DEBUG - - Emit -29197.7632
2025-09-23 19:49:22,343 - __main__ - DEBUG - - Entropy 0.0006
2025-09-23 19:49:22,343 - __main__ - DEBUG - - Dir -23.4287
2025-09-23 19:49:22,343 - __main__ - DEBUG - - NIW -9516.7500
2025-09-23 19:49:22,343 - __main__ - DEBUG - - Beta prior -15.8128
2025-09-23 19:49:28,542 - __main__ - DEBUG - Iter 0: ELBO after FB: -39265.2216 (LL -29709.2301, Δ=0.0000)
2025-09-23 19:49:28,543 - __main__ - DEBUG - Blending stats with ρ_niw=0.0500, ρ_tr=0.0500.
2025-09-23 19:49:28,591 - __main__ - DEBUG - Iter 0: ELBO after NIW update: -33760.1820 (Emit LL -23311.6201, NIW term -9897.8535, Δ=5505.0396)
2025-09-23 19:49:28,640 - __main__ - DEBUG - Iter 0: ELBO after Dirichlet update: -33759.7458 (Trans LL -10.9750, Dir term -23.7607, Δ=0.4362)
2025-09-23 19:49:28,706 - __main__ - DEBUG - Iter 0: ELBO after β update: -33760.5236 (Init LL -500.4480, Dir term -23.8052, logp(β) -15.8224, Δ=-0.7777)
2025-09-23 19:49:35,056 - __main__ - DEBUG - Iter 1: ELBO after FB: -33760.5236 (LL -23823.0424, Δ=0.0000)
2025-09-23 19:49:35,057 - __main__ - DEBUG - Blending stats with ρ_niw=0.0500, ρ_tr=0.0500.
2025-09-23 19:49:35,109 - __main__ - DEBUG - Iter 1: ELBO after NIW update: -33760.5236 (Emit LL -23311.6201, NIW term -9897.8535, Δ=0.0000)
2025-09-23 19:49:35,161 - __main__ - DEBUG - Iter 1: ELBO after Dirichlet update: -33760.5581 (Trans LL -10.9241, Dir term -23.8907, Δ=-0.0346)
2025-09-23 19:49:35,231 - __main__ - DEBUG - Iter 1: ELBO after β update: -33761.1348 (Init LL -500.9368, Dir term -23.9687, logp(β) -15.8322, Δ=-0.5767)
2025-09-23 19:49:41,504 - __main__ - DEBUG - Iter 2: ELBO after FB: -33761.1348 (LL -23823.4804, Δ=0.0000)
2025-09-23 19:49:41,505 - __main__ - DEBUG - Blending stats with ρ_niw=0.0500, ρ_tr=0.0500.
2025-09-23 19:49:41,554 - __main__ - DEBUG - Iter 2: ELBO after NIW update: -33761.1348 (Emit LL -23311.6201, NIW term -9897.8535, Δ=0.0000)
2025-09-23 19:49:41,603 - __main__ - DEBUG - Iter 2: ELBO after Dirichlet update: -33761.3081 (Trans LL -10.8902, Dir term -24.1759, Δ=-0.1733)
2025-09-23 19:49:41,673 - __main__ - DEBUG - Iter 2: ELBO after β update: -33761.8063 (Init LL -501.3471, Dir term -24.2613, logp(β) -15.8347, Δ=-0.4982)
2025-09-23 19:49:47,957 - __main__ - DEBUG - Iter 3: ELBO after FB: -33761.8063 (LL -23823.8568, Δ=0.0000)
2025-09-23 19:49:47,958 - __main__ - DEBUG - Blending stats with ρ_niw=0.0500, ρ_tr=0.0500.
2025-09-23 19:49:48,007 - __main__ - DEBUG - Iter 3: ELBO after NIW update: -33761.8063 (Emit LL -23311.6201, NIW term -9897.8535, Δ=0.0000)
2025-09-23 19:49:48,056 - __main__ - DEBUG - Iter 3: ELBO after Dirichlet update: -33762.0923 (Trans LL -10.8613, Dir term -24.5762, Δ=-0.2860)
2025-09-23 19:49:48,130 - __main__ - DEBUG - Iter 3: ELBO after β update: -33762.1824 (Init LL -501.3941, Dir term -24.6198, logp(β) -15.8342, Δ=-0.0900)
2025-09-23 19:49:54,356 - __main__ - DEBUG - Iter 4: ELBO after FB: -33762.1824 (LL -23823.8748, Δ=0.0000)
2025-09-23 19:49:54,357 - __main__ - DEBUG - Blending stats with ρ_niw=0.0500, ρ_tr=0.0500.
2025-09-23 19:49:54,406 - __main__ - DEBUG - Iter 4: ELBO after NIW update: -33762.1824 (Emit LL -23311.6201, NIW term -9897.8535, Δ=0.0000)
2025-09-23 19:49:54,455 - __main__ - DEBUG - Iter 4: ELBO after Dirichlet update: -33762.3788 (Trans LL -10.8583, Dir term -24.8192, Δ=-0.1964)
2025-09-23 19:49:54,523 - __main__ - DEBUG - Iter 4: ELBO after β update: -33762.6810 (Init LL -501.5862, Dir term -24.9366, logp(β) -15.8269, Δ=-0.3022)
2025-09-23 19:49:54,524 - __main__ - INFO -    HMM refresh complete: ELBO=-172.2643, iters=0, max iters, states=40
2025-09-23 19:49:54,525 - __main__ - INFO -    ✅ HMM updated (next in 8,846 steps)
2025-09-23 19:49:54,525 - __main__ - INFO - 🔄 VAE refresh starting at step 19,456 with replay size 8x1024
2025-09-23 19:49:54,525 - __main__ - INFO -    Using span sampling (8192 timesteps, too large for full buffer)
2025-09-23 19:50:21,325 - __main__ - INFO -    VAE refresh complete: final_loss=2840.8115, avg_loss=2845.9274, steps=4/4, trend=improving, total_timesteps=8192, span_sampling=32_requested×4_steps, span_len=64
2025-09-23 19:50:21,328 - __main__ - INFO -    ✅ VAE updated (next in 8,846 steps)
2025-09-23 19:50:23,627 - __main__ - INFO - 📊 Episodes completed this rollout: 5
2025-09-23 19:50:23,627 - __main__ - INFO - 📈 Episode stats: avg return = -0.06, avg length = 247.4
2025-09-23 19:50:23,627 - __main__ - INFO - 🎯 Top 3 training actions: #0(3557), #6(3055), #7(2557)
2025-09-23 19:50:25,222 - __main__ - INFO - 🧪 Starting evaluation with 50 episodes...
2025-09-23 19:50:25,222 - __main__ - INFO -    Eval seed: 51
2025-09-23 19:50:25,222 - __main__ - INFO -    Max episode steps (eval): env default
2025-09-23 19:50:25,223 - nle.env.base - INFO - Not saving any NLE data.
2025-09-23 19:50:26,810 - __main__ - DEBUG - 🎯 Eval HMM masking: step 150 masked due to negative reward
2025-09-23 19:50:27,332 - __main__ - DEBUG - 🎯 Eval HMM masking: step 200 masked due to negative reward
2025-09-23 19:50:28,368 - __main__ - WARNING - ⚠️ Episode 1 terminated due to step limit.
2025-09-23 19:50:29,058 - __main__ - DEBUG - 🎯 Eval HMM masking: step 50 masked due to negative reward
2025-09-23 19:50:31,648 - __main__ - WARNING - ⚠️ Episode 2 terminated due to step limit.
2025-09-23 19:50:32,860 - __main__ - DEBUG - 🎯 Eval HMM masking: step 100 masked due to negative reward
2025-09-23 19:50:34,930 - __main__ - WARNING - ⚠️ Episode 3 terminated due to step limit.
2025-09-23 19:50:39,287 - __main__ - WARNING - ⚠️ Episode 5 terminated due to step limit.
2025-09-23 19:50:40,551 - __main__ - DEBUG - 🎯 Eval HMM masking: step 100 masked due to negative reward
2025-09-23 19:50:41,617 - __main__ - DEBUG - 🎯 Eval HMM masking: step 200 masked due to negative reward
2025-09-23 19:50:42,649 - __main__ - WARNING - ⚠️ Episode 6 terminated due to step limit.
2025-09-23 19:50:44,909 - __main__ - DEBUG - 🎯 Eval HMM masking: step 200 masked due to negative reward
2025-09-23 19:50:46,000 - __main__ - WARNING - ⚠️ Episode 7 terminated due to step limit.
2025-09-23 19:50:48,763 - __main__ - DEBUG - 🎯 Eval HMM masking: step 250 masked due to negative reward
2025-09-23 19:50:49,274 - __main__ - WARNING - ⚠️ Episode 8 terminated due to step limit.
2025-09-23 19:50:50,488 - __main__ - DEBUG - 🎯 Eval HMM masking: step 100 masked due to negative reward
2025-09-23 19:50:51,536 - __main__ - DEBUG - 🎯 Eval HMM masking: step 200 masked due to negative reward
2025-09-23 19:50:52,059 - __main__ - DEBUG - 🎯 Eval HMM masking: step 250 masked due to negative reward
2025-09-23 19:50:52,573 - __main__ - WARNING - ⚠️ Episode 9 terminated due to step limit.
2025-09-23 19:50:53,341 - __main__ - DEBUG - 🎯 Eval HMM masking: step 50 masked due to negative reward
2025-09-23 19:50:55,985 - __main__ - WARNING - ⚠️ Episode 11 terminated due to step limit.
2025-09-23 19:50:59,269 - __main__ - WARNING - ⚠️ Episode 12 terminated due to step limit.
2025-09-23 19:51:01,608 - __main__ - DEBUG - 🎯 Eval HMM masking: step 200 masked due to negative reward
2025-09-23 19:51:02,652 - __main__ - WARNING - ⚠️ Episode 13 terminated due to step limit.
2025-09-23 19:51:05,433 - __main__ - DEBUG - 🎯 Eval HMM masking: step 250 masked due to negative reward
2025-09-23 19:51:05,974 - __main__ - WARNING - ⚠️ Episode 14 terminated due to step limit.
2025-09-23 19:51:09,966 - __main__ - WARNING - ⚠️ Episode 16 terminated due to step limit.
2025-09-23 19:51:13,246 - __main__ - WARNING - ⚠️ Episode 17 terminated due to step limit.
2025-09-23 19:51:14,987 - __main__ - DEBUG - 🎯 Eval HMM masking: step 150 masked due to negative reward
2025-09-23 19:51:16,032 - __main__ - DEBUG - 🎯 Eval HMM masking: step 250 masked due to negative reward
2025-09-23 19:51:16,544 - __main__ - WARNING - ⚠️ Episode 18 terminated due to step limit.
2025-09-23 19:51:17,761 - __main__ - DEBUG - 🎯 Eval HMM masking: step 100 masked due to negative reward
2025-09-23 19:51:19,313 - __main__ - DEBUG - 🎯 Eval HMM masking: step 250 masked due to negative reward
2025-09-23 19:51:19,824 - __main__ - WARNING - ⚠️ Episode 19 terminated due to step limit.
2025-09-23 19:51:20,521 - __main__ - DEBUG - 🎯 Eval HMM masking: step 50 masked due to negative reward
2025-09-23 19:51:21,556 - __main__ - DEBUG - 🎯 Eval HMM masking: step 150 masked due to negative reward
2025-09-23 19:51:23,105 - __main__ - WARNING - ⚠️ Episode 20 terminated due to step limit.
2025-09-23 19:51:26,451 - __main__ - WARNING - ⚠️ Episode 21 terminated due to step limit.
2025-09-23 19:51:29,773 - __main__ - WARNING - ⚠️ Episode 22 terminated due to step limit.
2025-09-23 19:51:32,075 - __main__ - DEBUG - 🎯 Eval HMM masking: step 200 masked due to negative reward
2025-09-23 19:51:33,121 - __main__ - WARNING - ⚠️ Episode 23 terminated due to step limit.
2025-09-23 19:51:34,849 - __main__ - DEBUG - 🎯 Eval HMM masking: step 150 masked due to negative reward
2025-09-23 19:51:35,371 - __main__ - DEBUG - 🎯 Eval HMM masking: step 200 masked due to negative reward
2025-09-23 19:51:36,397 - __main__ - WARNING - ⚠️ Episode 24 terminated due to step limit.
2025-09-23 19:51:38,117 - __main__ - DEBUG - 🎯 Eval HMM masking: step 150 masked due to negative reward
2025-09-23 19:51:39,668 - __main__ - WARNING - ⚠️ Episode 25 terminated due to step limit.
2025-09-23 19:51:41,954 - __main__ - DEBUG - 🎯 Eval HMM masking: step 200 masked due to negative reward
2025-09-23 19:51:42,993 - __main__ - WARNING - ⚠️ Episode 26 terminated due to step limit.
2025-09-23 19:51:45,226 - __main__ - DEBUG - 🎯 Eval HMM masking: step 200 masked due to negative reward
2025-09-23 19:51:45,746 - __main__ - DEBUG - 🎯 Eval HMM masking: step 250 masked due to negative reward
2025-09-23 19:51:46,254 - __main__ - WARNING - ⚠️ Episode 27 terminated due to step limit.
2025-09-23 19:51:47,970 - __main__ - DEBUG - 🎯 Eval HMM masking: step 150 masked due to negative reward
2025-09-23 19:51:48,486 - __main__ - DEBUG - 🎯 Eval HMM masking: step 200 masked due to negative reward
2025-09-23 19:51:49,517 - __main__ - WARNING - ⚠️ Episode 28 terminated due to step limit.
2025-09-23 19:51:50,202 - __main__ - DEBUG - 🎯 Eval HMM masking: step 50 masked due to negative reward
2025-09-23 19:51:51,811 - __main__ - DEBUG - 🎯 Eval HMM masking: step 200 masked due to negative reward
2025-09-23 19:51:52,328 - __main__ - DEBUG - 🎯 Eval HMM masking: step 250 masked due to negative reward
2025-09-23 19:51:52,838 - __main__ - WARNING - ⚠️ Episode 29 terminated due to step limit.
2025-09-23 19:51:55,078 - __main__ - DEBUG - 🎯 Eval HMM masking: step 200 masked due to negative reward
2025-09-23 19:51:59,954 - __main__ - DEBUG - 🎯 Eval HMM masking: step 150 masked due to negative reward
2025-09-23 19:52:01,708 - __main__ - DEBUG - 🎯 Eval HMM masking: step 100 masked due to negative reward
2025-09-23 19:52:02,227 - __main__ - DEBUG - 🎯 Eval HMM masking: step 150 masked due to negative reward
2025-09-23 19:52:03,254 - __main__ - DEBUG - 🎯 Eval HMM masking: step 250 masked due to negative reward
2025-09-23 19:52:03,761 - __main__ - WARNING - ⚠️ Episode 34 terminated due to step limit.
2025-09-23 19:52:06,548 - __main__ - DEBUG - 🎯 Eval HMM masking: step 200 masked due to negative reward
2025-09-23 19:52:07,091 - __main__ - DEBUG - 🎯 Eval HMM masking: step 250 masked due to negative reward
2025-09-23 19:52:07,616 - __main__ - WARNING - ⚠️ Episode 36 terminated due to step limit.
2025-09-23 19:52:10,883 - __main__ - WARNING - ⚠️ Episode 37 terminated due to step limit.
2025-09-23 19:52:12,766 - __main__ - DEBUG - 🎯 Eval HMM masking: step 150 masked due to negative reward
2025-09-23 19:52:13,283 - __main__ - DEBUG - 🎯 Eval HMM masking: step 200 masked due to negative reward
2025-09-23 19:52:14,310 - __main__ - WARNING - ⚠️ Episode 39 terminated due to step limit.
2025-09-23 19:52:16,025 - __main__ - DEBUG - 🎯 Eval HMM masking: step 150 masked due to negative reward
2025-09-23 19:52:17,558 - __main__ - WARNING - ⚠️ Episode 40 terminated due to step limit.
2025-09-23 19:52:20,330 - __main__ - DEBUG - 🎯 Eval HMM masking: step 250 masked due to negative reward
2025-09-23 19:52:20,857 - __main__ - WARNING - ⚠️ Episode 41 terminated due to step limit.
2025-09-23 19:52:22,086 - __main__ - DEBUG - 🎯 Eval HMM masking: step 100 masked due to negative reward
2025-09-23 19:52:22,615 - __main__ - DEBUG - 🎯 Eval HMM masking: step 150 masked due to negative reward
2025-09-23 19:52:23,683 - __main__ - DEBUG - 🎯 Eval HMM masking: step 250 masked due to negative reward
2025-09-23 19:52:24,198 - __main__ - WARNING - ⚠️ Episode 42 terminated due to step limit.
2025-09-23 19:52:24,885 - __main__ - DEBUG - 🎯 Eval HMM masking: step 50 masked due to negative reward
2025-09-23 19:52:26,474 - __main__ - DEBUG - 🎯 Eval HMM masking: step 200 masked due to negative reward
2025-09-23 19:52:27,505 - __main__ - WARNING - ⚠️ Episode 43 terminated due to step limit.
2025-09-23 19:52:30,879 - __main__ - WARNING - ⚠️ Episode 44 terminated due to step limit.
2025-09-23 19:52:34,436 - __main__ - WARNING - ⚠️ Episode 46 terminated due to step limit.
2025-09-23 19:52:36,713 - __main__ - DEBUG - 🎯 Eval HMM masking: step 200 masked due to negative reward
2025-09-23 19:52:37,233 - __main__ - DEBUG - 🎯 Eval HMM masking: step 250 masked due to negative reward
2025-09-23 19:52:37,744 - __main__ - WARNING - ⚠️ Episode 47 terminated due to step limit.
2025-09-23 19:52:41,039 - __main__ - WARNING - ⚠️ Episode 48 terminated due to step limit.
2025-09-23 19:52:44,460 - __main__ - INFO - 📊 Evaluation Results (Current Round):
2025-09-23 19:52:44,460 - __main__ - INFO -    Episodes: 50
2025-09-23 19:52:44,460 - __main__ - INFO -    Time: 139.2s (2.8s/ep)
2025-09-23 19:52:44,460 - __main__ - INFO -    Average Return: -0.337 ± 0.667
2025-09-23 19:52:44,460 - __main__ - INFO -    Success Rate: 24.0%
2025-09-23 19:52:44,461 - __main__ - INFO -    Average Length: 252.3
2025-09-23 19:52:44,461 - __main__ - INFO -    Average Coverage: 58.5 positions
2025-09-23 19:52:44,461 - __main__ - INFO -    Episode Completions: 12 terminated (24.0%), 38 truncated (76.0%)
2025-09-23 19:52:44,461 - __main__ - INFO - 📈 Total Evaluation Statistics:
2025-09-23 19:52:44,461 - __main__ - INFO -    Total Episodes: 100
2025-09-23 19:52:44,461 - __main__ - INFO -    Total Average Return: -0.049 ± 0.697
2025-09-23 19:52:44,461 - __main__ - INFO -    Total Average Length: 232.6 ± 105.7
2025-09-23 19:52:44,461 - __main__ - INFO -    Total Completions: 36 terminated (36.0%), 64 truncated (64.0%)
2025-09-23 19:52:44,461 - __main__ - INFO -    Skill Entropy: 0.002
2025-09-23 19:52:44,461 - __main__ - INFO -    Used Skills: 1.0
2025-09-23 19:52:44,461 - __main__ - INFO -    Effective K: 1.00
2025-09-23 19:52:44,461 - __main__ - INFO - 🎯 Action Usage Statistics:
2025-09-23 19:52:44,462 - __main__ - INFO -    Unique actions in evaluation: 8
2025-09-23 19:52:44,462 - __main__ - INFO -    Unique actions in training: 8
2025-09-23 19:52:44,462 - __main__ - INFO -    Total unique actions: 8
2025-09-23 19:52:44,462 - __main__ - INFO -    Action coverage: 6.6%
2025-09-23 19:52:44,462 - __main__ - INFO -    Train action count: 20480
2025-09-23 19:52:44,462 - __main__ - INFO -    Eval action count: 23258
2025-09-23 19:52:44,462 - __main__ - INFO -    Train action entropy: 2.063
2025-09-23 19:52:44,463 - __main__ - INFO -    Eval action entropy: 2.057
2025-09-23 19:52:44,463 - __main__ - INFO -    Top 3 train actions: #0(3557), #6(3055), #7(2557)
2025-09-23 19:52:44,463 - __main__ - INFO -    Top 3 eval actions: #0(4416), #3(3253), #6(3027)
2025-09-23 19:52:46,749 - __main__ - INFO - 📊 Episodes completed this rollout: 3
2025-09-23 19:52:46,749 - __main__ - INFO - 📈 Episode stats: avg return = -0.17, avg length = 262.0
2025-09-23 19:52:46,750 - __main__ - INFO - 🎯 Top 3 training actions: #0(3760), #6(3149), #7(2711)
2025-09-23 19:52:50,678 - __main__ - INFO - 📊 Episodes completed this rollout: 5
2025-09-23 19:52:50,678 - __main__ - INFO - 📈 Episode stats: avg return = 0.18, avg length = 209.0
2025-09-23 19:52:50,679 - __main__ - INFO - 🎯 Top 3 training actions: #0(3901), #6(3220), #7(2838)
2025-09-23 19:52:54,571 - __main__ - INFO - 📊 Episodes completed this rollout: 8
2025-09-23 19:52:54,571 - __main__ - INFO - 📈 Episode stats: avg return = 0.42, avg length = 157.1
2025-09-23 19:52:54,572 - __main__ - INFO - 🎯 Top 3 training actions: #0(4021), #6(3323), #7(2955)
2025-09-23 19:52:58,501 - __main__ - INFO - 📊 Episodes completed this rollout: 6
2025-09-23 19:52:58,501 - __main__ - INFO - 📈 Episode stats: avg return = 0.37, avg length = 185.2
2025-09-23 19:52:58,501 - __main__ - INFO - 🎯 Top 3 training actions: #0(4126), #6(3439), #7(3068)
2025-09-23 19:53:02,397 - __main__ - INFO - 📊 Episodes completed this rollout: 2
2025-09-23 19:53:02,397 - __main__ - INFO - 📈 Episode stats: avg return = 0.43, avg length = 190.0
2025-09-23 19:53:02,397 - __main__ - INFO - 🎯 Top 3 training actions: #0(4234), #6(3549), #7(3182)
2025-09-23 19:53:06,294 - __main__ - INFO - 📊 Episodes completed this rollout: 6
2025-09-23 19:53:06,294 - __main__ - INFO - 📈 Episode stats: avg return = -0.14, avg length = 251.0
2025-09-23 19:53:06,295 - __main__ - INFO - 🎯 Top 3 training actions: #0(4332), #6(3644), #7(3288)
2025-09-23 19:53:10,186 - __main__ - INFO - 📊 Episodes completed this rollout: 8
2025-09-23 19:53:10,186 - __main__ - INFO - 📈 Episode stats: avg return = 0.47, avg length = 145.9
2025-09-23 19:53:10,186 - __main__ - INFO - 🎯 Top 3 training actions: #0(4452), #6(3705), #2(3468)
2025-09-23 19:53:14,127 - __main__ - INFO - 📊 Episodes completed this rollout: 5
2025-09-23 19:53:14,127 - __main__ - INFO - 📈 Episode stats: avg return = 0.41, avg length = 192.2
2025-09-23 19:53:14,128 - __main__ - INFO - 🎯 Top 3 training actions: #0(4593), #6(3800), #2(3621)
2025-09-23 19:53:15,763 - __main__ - INFO - 🔄 Synchronized model update at step 28,672
2025-09-23 19:53:15,764 - __main__ - INFO -    HMM interval: 8,846, VAE interval: 8,846
2025-09-23 19:53:15,764 - __main__ - INFO - 🚫 Model training masking: 1017/9216 timesteps masked (11.0%) due to negative rewards (invalid actions)
2025-09-23 19:53:16,046 - __main__ - INFO - 🔄 Capping HMM batch size from 682 to 128 to prevent OOM
2025-09-23 19:53:16,047 - __main__ - INFO - 🔄 HMM refresh starting at step 28,672 with replay size 128x95
2025-09-23 19:53:21,394 - __main__ - DEBUG - Initial ELBO: -23353.7163
2025-09-23 19:53:21,394 - __main__ - DEBUG - Relative tol: 0.0100
2025-09-23 19:53:21,394 - __main__ - DEBUG - Relative elbo_drop_tol: 0.0100
2025-09-23 19:53:21,394 - __main__ - DEBUG - - Init -500.4480
2025-09-23 19:53:21,394 - __main__ - DEBUG - - Trans -5.9439
2025-09-23 19:53:21,395 - __main__ - DEBUG - - Emit -12909.8439
2025-09-23 19:53:21,395 - __main__ - DEBUG - - Entropy 0.0005
2025-09-23 19:53:21,395 - __main__ - DEBUG - - Dir -23.8052
2025-09-23 19:53:21,395 - __main__ - DEBUG - - NIW -9897.8535
2025-09-23 19:53:21,395 - __main__ - DEBUG - - Beta prior -15.8224
2025-09-23 19:53:27,119 - __main__ - DEBUG - Iter 0: ELBO after FB: -23353.7163 (LL -13416.2352, Δ=0.0000)
2025-09-23 19:53:27,120 - __main__ - DEBUG - Blending stats with ρ_niw=0.0500, ρ_tr=0.0500.
2025-09-23 19:53:27,168 - __main__ - DEBUG - Iter 0: ELBO after NIW update: -21067.7990 (Emit LL -10481.0984, NIW term -10040.6816, Δ=2285.9173)
2025-09-23 19:53:27,217 - __main__ - DEBUG - Iter 0: ELBO after Dirichlet update: -21067.7452 (Trans LL -5.8807, Dir term -23.8146, Δ=0.0538)
2025-09-23 19:53:27,285 - __main__ - DEBUG - Iter 0: ELBO after β update: -21068.4701 (Init LL -501.1312, Dir term -23.8464, logp(β) -15.8323, Δ=-0.7249)
2025-09-23 19:53:33,062 - __main__ - DEBUG - Iter 1: ELBO after FB: -21068.4701 (LL -10988.1098, Δ=0.0000)
2025-09-23 19:53:33,063 - __main__ - DEBUG - Blending stats with ρ_niw=0.0500, ρ_tr=0.0500.
2025-09-23 19:53:33,115 - __main__ - DEBUG - Iter 1: ELBO after NIW update: -21068.4701 (Emit LL -10481.0984, NIW term -10040.6816, Δ=0.0000)
2025-09-23 19:53:33,167 - __main__ - DEBUG - Iter 1: ELBO after Dirichlet update: -21068.5446 (Trans LL -5.8553, Dir term -23.9463, Δ=-0.0745)
2025-09-23 19:53:33,240 - __main__ - DEBUG - Iter 1: ELBO after β update: -21069.1109 (Init LL -501.6224, Dir term -24.0114, logp(β) -15.8422, Δ=-0.5663)
2025-09-23 19:53:39,272 - __main__ - DEBUG - Iter 2: ELBO after FB: -21069.1109 (LL -10988.5756, Δ=0.0000)
2025-09-23 19:53:39,273 - __main__ - DEBUG - Blending stats with ρ_niw=0.0500, ρ_tr=0.0500.
2025-09-23 19:53:39,321 - __main__ - DEBUG - Iter 2: ELBO after NIW update: -21069.1109 (Emit LL -10481.0984, NIW term -10040.6816, Δ=0.0000)
2025-09-23 19:53:39,370 - __main__ - DEBUG - Iter 2: ELBO after Dirichlet update: -21069.2946 (Trans LL -5.8369, Dir term -24.2134, Δ=-0.1836)
2025-09-23 19:53:39,439 - __main__ - DEBUG - Iter 2: ELBO after β update: -21069.7924 (Init LL -502.0364, Dir term -24.2950, logp(β) -15.8445, Δ=-0.4978)
2025-09-23 19:53:45,471 - __main__ - DEBUG - Iter 3: ELBO after FB: -21069.7924 (LL -10988.9712, Δ=0.0000)
2025-09-23 19:53:45,472 - __main__ - DEBUG - Blending stats with ρ_niw=0.0500, ρ_tr=0.0500.
2025-09-23 19:53:45,521 - __main__ - DEBUG - Iter 3: ELBO after NIW update: -21069.7924 (Emit LL -10481.0984, NIW term -10040.6816, Δ=0.0000)
2025-09-23 19:53:45,571 - __main__ - DEBUG - Iter 3: ELBO after Dirichlet update: -21070.0960 (Trans LL -5.8213, Dir term -24.6143, Δ=-0.3036)
2025-09-23 19:53:45,640 - __main__ - DEBUG - Iter 3: ELBO after β update: -21070.2470 (Init LL -502.1292, Dir term -24.6758, logp(β) -15.8412, Δ=-0.1511)
2025-09-23 19:53:51,720 - __main__ - DEBUG - Iter 4: ELBO after FB: -21070.2470 (LL -10989.0484, Δ=0.0000)
2025-09-23 19:53:51,720 - __main__ - DEBUG - Blending stats with ρ_niw=0.0500, ρ_tr=0.0500.
2025-09-23 19:53:51,772 - __main__ - DEBUG - Iter 4: ELBO after NIW update: -21070.2470 (Emit LL -10481.0984, NIW term -10040.6816, Δ=0.0000)
2025-09-23 19:53:51,824 - __main__ - DEBUG - Iter 4: ELBO after Dirichlet update: -21070.5249 (Trans LL -5.8180, Dir term -24.9569, Δ=-0.2779)
2025-09-23 19:53:51,885 - __main__ - DEBUG - Iter 4: ELBO after β update: -21070.5970 (Init LL -502.1587, Dir term -25.0017, logp(β) -15.8390, Δ=-0.0721)
2025-09-23 19:53:51,887 - __main__ - INFO -    HMM refresh complete: ELBO=-20.8828, iters=0, max iters, states=40
2025-09-23 19:53:51,887 - __main__ - INFO -    ✅ HMM updated (next in 10,615 steps)
2025-09-23 19:53:51,887 - __main__ - INFO - 🔄 VAE refresh starting at step 28,672 with replay size 8x1152
2025-09-23 19:53:51,888 - __main__ - INFO -    Using span sampling (9216 timesteps, too large for full buffer)
2025-09-23 19:54:17,427 - __main__ - INFO -    VAE refresh complete: final_loss=2838.0925, avg_loss=2833.4796, steps=4/4, trend=stable, total_timesteps=9216, span_sampling=32_requested×4_steps, span_len=64
2025-09-23 19:54:17,430 - __main__ - INFO -    ✅ VAE updated (next in 10,615 steps)
2025-09-23 19:54:19,708 - __main__ - INFO - 📊 Episodes completed this rollout: 6
2025-09-23 19:54:19,709 - __main__ - INFO - 📈 Episode stats: avg return = 0.44, avg length = 164.0
2025-09-23 19:54:19,709 - __main__ - INFO - 🎯 Top 3 training actions: #0(4765), #6(3879), #2(3755)
2025-09-23 19:54:23,578 - __main__ - INFO - 📊 Episodes completed this rollout: 3
2025-09-23 19:54:23,578 - __main__ - INFO - 📈 Episode stats: avg return = 0.34, avg length = 270.0
2025-09-23 19:54:23,578 - __main__ - INFO - 🎯 Top 3 training actions: #0(4918), #6(3972), #2(3898)
2025-09-23 19:54:25,205 - __main__ - INFO - 🧪 Starting evaluation with 50 episodes...
2025-09-23 19:54:25,205 - __main__ - INFO -    Eval seed: 51
2025-09-23 19:54:25,205 - __main__ - INFO -    Max episode steps (eval): env default
2025-09-23 19:54:25,206 - nle.env.base - INFO - Not saving any NLE data.
2025-09-23 19:54:28,505 - __main__ - DEBUG - 🎯 Eval HMM masking: step 150 masked due to negative reward
2025-09-23 19:54:31,255 - __main__ - DEBUG - 🎯 Eval HMM masking: step 200 masked due to negative reward
2025-09-23 19:54:32,288 - __main__ - WARNING - ⚠️ Episode 4 terminated due to step limit.
2025-09-23 19:54:33,459 - __main__ - DEBUG - 🎯 Eval HMM masking: step 50 masked due to negative reward
2025-09-23 19:54:36,690 - __main__ - WARNING - ⚠️ Episode 8 terminated due to step limit.
2025-09-23 19:54:40,118 - __main__ - WARNING - ⚠️ Episode 10 terminated due to step limit.
2025-09-23 19:54:43,606 - __main__ - WARNING - ⚠️ Episode 11 terminated due to step limit.
2025-09-23 19:54:46,850 - __main__ - WARNING - ⚠️ Episode 12 terminated due to step limit.
2025-09-23 19:54:47,532 - __main__ - DEBUG - 🎯 Eval HMM masking: step 50 masked due to negative reward
2025-09-23 19:54:50,156 - __main__ - WARNING - ⚠️ Episode 13 terminated due to step limit.
2025-09-23 19:54:53,437 - __main__ - WARNING - ⚠️ Episode 14 terminated due to step limit.
2025-09-23 19:54:56,179 - __main__ - DEBUG - 🎯 Eval HMM masking: step 250 masked due to negative reward
2025-09-23 19:54:56,690 - __main__ - WARNING - ⚠️ Episode 15 terminated due to step limit.
2025-09-23 19:54:59,015 - __main__ - DEBUG - 🎯 Eval HMM masking: step 200 masked due to negative reward
2025-09-23 19:55:00,097 - __main__ - WARNING - ⚠️ Episode 16 terminated due to step limit.
2025-09-23 19:55:02,860 - __main__ - DEBUG - 🎯 Eval HMM masking: step 250 masked due to negative reward
2025-09-23 19:55:03,378 - __main__ - WARNING - ⚠️ Episode 17 terminated due to step limit.
2025-09-23 19:55:06,641 - __main__ - WARNING - ⚠️ Episode 18 terminated due to step limit.
2025-09-23 19:55:09,936 - __main__ - WARNING - ⚠️ Episode 19 terminated due to step limit.
2025-09-23 19:55:11,860 - __main__ - DEBUG - 🎯 Eval HMM masking: step 100 masked due to negative reward
2025-09-23 19:55:19,026 - __main__ - DEBUG - 🎯 Eval HMM masking: step 200 masked due to negative reward
2025-09-23 19:55:19,555 - __main__ - DEBUG - 🎯 Eval HMM masking: step 250 masked due to negative reward
2025-09-23 19:55:20,096 - __main__ - WARNING - ⚠️ Episode 25 terminated due to step limit.
2025-09-23 19:55:23,354 - __main__ - WARNING - ⚠️ Episode 26 terminated due to step limit.
2025-09-23 19:55:24,041 - __main__ - DEBUG - 🎯 Eval HMM masking: step 50 masked due to negative reward
2025-09-23 19:55:25,084 - __main__ - DEBUG - 🎯 Eval HMM masking: step 150 masked due to negative reward
2025-09-23 19:55:28,556 - __main__ - WARNING - ⚠️ Episode 28 terminated due to step limit.
2025-09-23 19:55:30,280 - __main__ - DEBUG - 🎯 Eval HMM masking: step 150 masked due to negative reward
2025-09-23 19:55:32,458 - __main__ - DEBUG - 🎯 Eval HMM masking: step 150 masked due to negative reward
2025-09-23 19:55:34,008 - __main__ - WARNING - ⚠️ Episode 30 terminated due to step limit.
2025-09-23 19:55:37,286 - __main__ - WARNING - ⚠️ Episode 31 terminated due to step limit.
2025-09-23 19:55:41,553 - __main__ - DEBUG - 🎯 Eval HMM masking: step 100 masked due to negative reward
2025-09-23 19:55:43,630 - __main__ - WARNING - ⚠️ Episode 35 terminated due to step limit.
2025-09-23 19:55:46,986 - __main__ - DEBUG - 🎯 Eval HMM masking: step 100 masked due to negative reward
2025-09-23 19:55:49,126 - __main__ - WARNING - ⚠️ Episode 37 terminated due to step limit.
2025-09-23 19:55:52,548 - __main__ - WARNING - ⚠️ Episode 38 terminated due to step limit.
2025-09-23 19:55:55,831 - __main__ - WARNING - ⚠️ Episode 39 terminated due to step limit.
2025-09-23 19:55:59,195 - __main__ - WARNING - ⚠️ Episode 40 terminated due to step limit.
2025-09-23 19:56:01,446 - __main__ - DEBUG - 🎯 Eval HMM masking: step 200 masked due to negative reward
2025-09-23 19:56:01,969 - __main__ - DEBUG - 🎯 Eval HMM masking: step 250 masked due to negative reward
2025-09-23 19:56:02,482 - __main__ - WARNING - ⚠️ Episode 41 terminated due to step limit.
2025-09-23 19:56:05,958 - __main__ - WARNING - ⚠️ Episode 42 terminated due to step limit.
2025-09-23 19:56:07,806 - __main__ - DEBUG - 🎯 Eval HMM masking: step 150 masked due to negative reward
2025-09-23 19:56:11,167 - __main__ - DEBUG - 🎯 Eval HMM masking: step 200 masked due to negative reward
2025-09-23 19:56:12,191 - __main__ - WARNING - ⚠️ Episode 44 terminated due to step limit.
2025-09-23 19:56:15,484 - __main__ - WARNING - ⚠️ Episode 45 terminated due to step limit.
2025-09-23 19:56:18,920 - __main__ - DEBUG - 🎯 Eval HMM masking: step 200 masked due to negative reward
2025-09-23 19:56:19,939 - __main__ - WARNING - ⚠️ Episode 47 terminated due to step limit.
2025-09-23 19:56:23,260 - __main__ - WARNING - ⚠️ Episode 48 terminated due to step limit.
2025-09-23 19:56:26,535 - __main__ - WARNING - ⚠️ Episode 49 terminated due to step limit.
2025-09-23 19:56:27,357 - __main__ - INFO - 📊 Evaluation Results (Current Round):
2025-09-23 19:56:27,357 - __main__ - INFO -    Episodes: 50
2025-09-23 19:56:27,357 - __main__ - INFO -    Time: 122.2s (2.4s/ep)
2025-09-23 19:56:27,358 - __main__ - INFO -    Average Return: 0.136 ± 0.629
2025-09-23 19:56:27,358 - __main__ - INFO -    Success Rate: 42.0%
2025-09-23 19:56:27,358 - __main__ - INFO -    Average Length: 221.6
2025-09-23 19:56:27,358 - __main__ - INFO -    Average Coverage: 74.9 positions
2025-09-23 19:56:27,358 - __main__ - INFO -    Episode Completions: 21 terminated (42.0%), 29 truncated (58.0%)
2025-09-23 19:56:27,358 - __main__ - INFO - 📈 Total Evaluation Statistics:
2025-09-23 19:56:27,358 - __main__ - INFO -    Total Episodes: 150
2025-09-23 19:56:27,358 - __main__ - INFO -    Total Average Return: 0.013 ± 0.681
2025-09-23 19:56:27,358 - __main__ - INFO -    Total Average Length: 228.9 ± 106.4
2025-09-23 19:56:27,358 - __main__ - INFO -    Total Completions: 57 terminated (38.0%), 93 truncated (62.0%)
2025-09-23 19:56:27,359 - __main__ - INFO -    Skill Entropy: 0.001
2025-09-23 19:56:27,359 - __main__ - INFO -    Used Skills: 1.0
2025-09-23 19:56:27,359 - __main__ - INFO -    Effective K: 1.00
2025-09-23 19:56:27,359 - __main__ - INFO - 🎯 Action Usage Statistics:
2025-09-23 19:56:27,359 - __main__ - INFO -    Unique actions in evaluation: 8
2025-09-23 19:56:27,359 - __main__ - INFO -    Unique actions in training: 8
2025-09-23 19:56:27,359 - __main__ - INFO -    Total unique actions: 8
2025-09-23 19:56:27,359 - __main__ - INFO -    Action coverage: 6.6%
2025-09-23 19:56:27,359 - __main__ - INFO -    Train action count: 30720
2025-09-23 19:56:27,360 - __main__ - INFO -    Eval action count: 34336
2025-09-23 19:56:27,360 - __main__ - INFO -    Train action entropy: 2.072
2025-09-23 19:56:27,360 - __main__ - INFO -    Eval action entropy: 2.067
2025-09-23 19:56:27,360 - __main__ - INFO -    Top 3 train actions: #0(4918), #6(3972), #2(3898)
2025-09-23 19:56:27,361 - __main__ - INFO -    Top 3 eval actions: #0(5749), #3(4960), #7(4340)
2025-09-23 19:56:29,657 - __main__ - INFO - 📊 Episodes completed this rollout: 4
2025-09-23 19:56:29,657 - __main__ - INFO - 📈 Episode stats: avg return = -0.05, avg length = 296.8
2025-09-23 19:56:29,657 - __main__ - INFO - 🎯 Top 3 training actions: #0(5044), #6(4084), #2(4037)
2025-09-23 19:56:33,653 - __main__ - INFO - 📊 Episodes completed this rollout: 3
2025-09-23 19:56:33,653 - __main__ - INFO - 📈 Episode stats: avg return = 0.43, avg length = 203.3
2025-09-23 19:56:33,653 - __main__ - INFO - 🎯 Top 3 training actions: #0(5135), #2(4191), #6(4187)
2025-09-23 19:56:37,630 - __main__ - INFO - 📊 Episodes completed this rollout: 6
2025-09-23 19:56:37,630 - __main__ - INFO - 📈 Episode stats: avg return = 0.10, avg length = 244.3
2025-09-23 19:56:37,631 - __main__ - INFO - 🎯 Top 3 training actions: #0(5221), #2(4363), #6(4275)
2025-09-23 19:56:41,502 - __main__ - INFO - 📊 Episodes completed this rollout: 4
2025-09-23 19:56:41,502 - __main__ - INFO - 📈 Episode stats: avg return = 0.63, avg length = 175.2
2025-09-23 19:56:41,503 - __main__ - INFO - 🎯 Top 3 training actions: #0(5305), #2(4529), #6(4357)
2025-09-23 19:56:45,444 - __main__ - INFO - 📊 Episodes completed this rollout: 6
2025-09-23 19:56:45,445 - __main__ - INFO - 📈 Episode stats: avg return = 0.09, avg length = 238.5
2025-09-23 19:56:45,445 - __main__ - INFO - 🎯 Top 3 training actions: #0(5385), #2(4732), #1(4487)
2025-09-23 19:56:49,451 - __main__ - INFO - 📊 Episodes completed this rollout: 5
2025-09-23 19:56:49,452 - __main__ - INFO - 📈 Episode stats: avg return = 0.01, avg length = 213.8
2025-09-23 19:56:49,452 - __main__ - INFO - 🎯 Top 3 training actions: #0(5460), #2(4926), #1(4657)
2025-09-23 19:56:53,394 - __main__ - INFO - 📊 Episodes completed this rollout: 2
2025-09-23 19:56:53,394 - __main__ - INFO - 📈 Episode stats: avg return = -0.41, avg length = 300.0
2025-09-23 19:56:53,394 - __main__ - INFO - 🎯 Top 3 training actions: #0(5517), #2(5137), #1(4800)
2025-09-23 19:56:57,408 - __main__ - INFO - 📊 Episodes completed this rollout: 7
2025-09-23 19:56:57,408 - __main__ - INFO - 📈 Episode stats: avg return = 0.06, avg length = 206.4
2025-09-23 19:56:57,409 - __main__ - INFO - 🎯 Top 3 training actions: #0(5587), #2(5370), #1(4886)
2025-09-23 19:57:01,313 - __main__ - INFO - 📊 Episodes completed this rollout: 4
2025-09-23 19:57:01,313 - __main__ - INFO - 📈 Episode stats: avg return = 0.60, avg length = 206.2
2025-09-23 19:57:01,313 - __main__ - INFO - 🎯 Top 3 training actions: #0(5641), #2(5580), #3(5054)
2025-09-23 19:57:02,959 - __main__ - INFO - 🔄 Synchronized model update at step 39,936
2025-09-23 19:57:02,960 - __main__ - INFO -    HMM interval: 10,615, VAE interval: 10,615
2025-09-23 19:57:02,961 - __main__ - INFO - 🚫 Model training masking: 1155/11264 timesteps masked (10.3%) due to negative rewards (invalid actions)
2025-09-23 19:57:03,300 - __main__ - INFO - 🔄 Capping HMM batch size from 730 to 128 to prevent OOM
2025-09-23 19:57:03,300 - __main__ - INFO - 🔄 HMM refresh starting at step 39,936 with replay size 128x79
2025-09-23 19:57:07,841 - __main__ - DEBUG - Initial ELBO: -25427.7019
2025-09-23 19:57:07,844 - __main__ - DEBUG - Relative tol: 0.0100
2025-09-23 19:57:07,844 - __main__ - DEBUG - Relative elbo_drop_tol: 0.0100
2025-09-23 19:57:07,844 - __main__ - DEBUG - - Init -501.1312
2025-09-23 19:57:07,844 - __main__ - DEBUG - - Trans -8.4966
2025-09-23 19:57:07,845 - __main__ - DEBUG - - Emit -14837.7142
2025-09-23 19:57:07,845 - __main__ - DEBUG - - Entropy 0.0005
2025-09-23 19:57:07,845 - __main__ - DEBUG - - Dir -23.8464
2025-09-23 19:57:07,845 - __main__ - DEBUG - - NIW -10040.6816
2025-09-23 19:57:07,845 - __main__ - DEBUG - - Beta prior -15.8323
2025-09-23 19:57:12,780 - __main__ - DEBUG - Iter 0: ELBO after FB: -25427.7019 (LL -15347.3415, Δ=0.0000)
2025-09-23 19:57:12,781 - __main__ - DEBUG - Blending stats with ρ_niw=0.0500, ρ_tr=0.0500.
2025-09-23 19:57:12,829 - __main__ - DEBUG - Iter 0: ELBO after NIW update: -20327.5224 (Emit LL -9408.1920, NIW term -10370.0244, Δ=5100.1794)
2025-09-23 19:57:12,877 - __main__ - DEBUG - Iter 0: ELBO after Dirichlet update: -20327.3677 (Trans LL -8.1953, Dir term -23.9930, Δ=0.1547)
2025-09-23 19:57:12,947 - __main__ - DEBUG - Iter 0: ELBO after β update: -20328.0088 (Init LL -501.7574, Dir term -23.9976, logp(β) -15.8425, Δ=-0.6411)
2025-09-23 19:57:17,853 - __main__ - DEBUG - Iter 1: ELBO after FB: -20328.0088 (LL -9918.1443, Δ=0.0000)
2025-09-23 19:57:17,854 - __main__ - DEBUG - Blending stats with ρ_niw=0.0500, ρ_tr=0.0500.
2025-09-23 19:57:17,904 - __main__ - DEBUG - Iter 1: ELBO after NIW update: -20328.0088 (Emit LL -9408.1920, NIW term -10370.0244, Δ=0.0000)
2025-09-23 19:57:17,957 - __main__ - DEBUG - Iter 1: ELBO after Dirichlet update: -20328.0814 (Trans LL -8.1626, Dir term -24.1030, Δ=-0.0726)
2025-09-23 19:57:18,033 - __main__ - DEBUG - Iter 1: ELBO after β update: -20328.7013 (Init LL -502.2660, Dir term -24.2043, logp(β) -15.8525, Δ=-0.6199)
2025-09-23 19:57:22,781 - __main__ - DEBUG - Iter 2: ELBO after FB: -20328.7013 (LL -9918.6200, Δ=0.0000)
2025-09-23 19:57:22,781 - __main__ - DEBUG - Blending stats with ρ_niw=0.0500, ρ_tr=0.0500.
2025-09-23 19:57:22,829 - __main__ - DEBUG - Iter 2: ELBO after NIW update: -20328.7013 (Emit LL -9408.1920, NIW term -10370.0244, Δ=0.0000)
2025-09-23 19:57:22,877 - __main__ - DEBUG - Iter 2: ELBO after Dirichlet update: -20328.8901 (Trans LL -8.1352, Dir term -24.4205, Δ=-0.1888)
2025-09-23 19:57:22,948 - __main__ - DEBUG - Iter 2: ELBO after β update: -20329.3871 (Init LL -502.6809, Dir term -24.5007, logp(β) -15.8544, Δ=-0.4970)
2025-09-23 19:57:28,087 - __main__ - DEBUG - Iter 3: ELBO after FB: -20329.3871 (LL -9919.0076, Δ=0.0000)
2025-09-23 19:57:28,088 - __main__ - DEBUG - Blending stats with ρ_niw=0.0500, ρ_tr=0.0500.
2025-09-23 19:57:28,139 - __main__ - DEBUG - Iter 3: ELBO after NIW update: -20329.3871 (Emit LL -9408.1920, NIW term -10370.0244, Δ=0.0000)
2025-09-23 19:57:28,190 - __main__ - DEBUG - Iter 3: ELBO after Dirichlet update: -20329.6843 (Trans LL -8.1142, Dir term -24.8189, Δ=-0.2972)
2025-09-23 19:57:28,263 - __main__ - DEBUG - Iter 3: ELBO after β update: -20329.9178 (Init LL -502.8313, Dir term -24.9081, logp(β) -15.8484, Δ=-0.2336)
2025-09-23 19:57:33,404 - __main__ - DEBUG - Iter 4: ELBO after FB: -20329.9178 (LL -9919.1370, Δ=0.0000)
2025-09-23 19:57:33,405 - __main__ - DEBUG - Blending stats with ρ_niw=0.0500, ρ_tr=0.0500.
2025-09-23 19:57:33,457 - __main__ - DEBUG - Iter 4: ELBO after NIW update: -20329.9178 (Emit LL -9408.1920, NIW term -10370.0244, Δ=0.0000)
2025-09-23 19:57:33,509 - __main__ - DEBUG - Iter 4: ELBO after Dirichlet update: -20330.3047 (Trans LL -8.1063, Dir term -25.3027, Δ=-0.3868)
2025-09-23 19:57:33,577 - __main__ - DEBUG - Iter 4: ELBO after β update: -20330.4537 (Init LL -502.8995, Dir term -25.3900, logp(β) -15.8419, Δ=-0.1491)
2025-09-23 19:57:33,578 - __main__ - INFO -    HMM refresh complete: ELBO=-174.2769, iters=0, max iters, states=40
2025-09-23 19:57:33,578 - __main__ - INFO -    ✅ HMM updated (next in 12,000 steps)
2025-09-23 19:57:33,579 - __main__ - INFO - 🔄 VAE refresh starting at step 39,936 with replay size 8x1408
2025-09-23 19:57:33,579 - __main__ - INFO -    Using span sampling (11264 timesteps, too large for full buffer)
2025-09-23 19:58:00,372 - __main__ - INFO -    VAE refresh complete: final_loss=2825.5107, avg_loss=2827.4047, steps=4/4, trend=improving, total_timesteps=11264, span_sampling=32_requested×4_steps, span_len=64
2025-09-23 19:58:00,374 - __main__ - INFO -    ✅ VAE updated (next in 12,000 steps)
2025-09-23 19:58:02,780 - __main__ - INFO - 📊 Episodes completed this rollout: 5
2025-09-23 19:58:02,780 - __main__ - INFO - 📈 Episode stats: avg return = 0.59, avg length = 172.4
2025-09-23 19:58:02,781 - __main__ - INFO - 🎯 Top 3 training actions: #2(5763), #0(5709), #3(5257)
2025-09-23 19:58:04,445 - __main__ - INFO - 🧪 Starting evaluation with 50 episodes...
2025-09-23 19:58:04,445 - __main__ - INFO -    Eval seed: 51
2025-09-23 19:58:04,445 - __main__ - INFO -    Max episode steps (eval): env default
2025-09-23 19:58:04,446 - nle.env.base - INFO - Not saving any NLE data.
2025-09-23 19:58:06,047 - __main__ - DEBUG - 🎯 Eval HMM masking: step 150 masked due to negative reward
2025-09-23 19:58:06,571 - __main__ - DEBUG - 🎯 Eval HMM masking: step 200 masked due to negative reward
2025-09-23 19:58:07,615 - __main__ - WARNING - ⚠️ Episode 1 terminated due to step limit.
2025-09-23 19:58:10,990 - __main__ - WARNING - ⚠️ Episode 2 terminated due to step limit.
2025-09-23 19:58:14,656 - __main__ - DEBUG - 🎯 Eval HMM masking: step 50 masked due to negative reward
2025-09-23 19:58:23,267 - __main__ - WARNING - ⚠️ Episode 8 terminated due to step limit.
2025-09-23 19:58:23,986 - __main__ - DEBUG - 🎯 Eval HMM masking: step 50 masked due to negative reward
2025-09-23 19:58:25,561 - __main__ - DEBUG - 🎯 Eval HMM masking: step 200 masked due to negative reward
2025-09-23 19:58:26,602 - __main__ - WARNING - ⚠️ Episode 9 terminated due to step limit.
2025-09-23 19:58:29,406 - __main__ - DEBUG - 🎯 Eval HMM masking: step 250 masked due to negative reward
2025-09-23 19:58:29,921 - __main__ - WARNING - ⚠️ Episode 10 terminated due to step limit.
2025-09-23 19:58:31,136 - __main__ - DEBUG - 🎯 Eval HMM masking: step 100 masked due to negative reward
2025-09-23 19:58:33,228 - __main__ - WARNING - ⚠️ Episode 11 terminated due to step limit.
2025-09-23 19:58:35,761 - __main__ - DEBUG - 🎯 Eval HMM masking: step 200 masked due to negative reward
2025-09-23 19:58:36,791 - __main__ - WARNING - ⚠️ Episode 13 terminated due to step limit.
2025-09-23 19:58:41,645 - __main__ - WARNING - ⚠️ Episode 16 terminated due to step limit.
2025-09-23 19:58:44,972 - __main__ - WARNING - ⚠️ Episode 18 terminated due to step limit.
2025-09-23 19:58:46,702 - __main__ - DEBUG - 🎯 Eval HMM masking: step 150 masked due to negative reward
2025-09-23 19:58:48,251 - __main__ - WARNING - ⚠️ Episode 19 terminated due to step limit.
2025-09-23 19:58:51,538 - __main__ - WARNING - ⚠️ Episode 20 terminated due to step limit.
2025-09-23 19:58:54,828 - __main__ - WARNING - ⚠️ Episode 21 terminated due to step limit.
2025-09-23 19:58:55,520 - __main__ - DEBUG - 🎯 Eval HMM masking: step 50 masked due to negative reward
2025-09-23 19:58:57,012 - __main__ - DEBUG - 🎯 Eval HMM masking: step 50 masked due to negative reward
2025-09-23 19:58:57,540 - __main__ - DEBUG - 🎯 Eval HMM masking: step 100 masked due to negative reward
2025-09-23 19:58:58,586 - __main__ - DEBUG - 🎯 Eval HMM masking: step 200 masked due to negative reward
2025-09-23 19:58:59,633 - __main__ - WARNING - ⚠️ Episode 23 terminated due to step limit.
2025-09-23 19:59:01,457 - __main__ - DEBUG - 🎯 Eval HMM masking: step 150 masked due to negative reward
2025-09-23 19:59:03,007 - __main__ - WARNING - ⚠️ Episode 25 terminated due to step limit.
2025-09-23 19:59:06,290 - __main__ - WARNING - ⚠️ Episode 26 terminated due to step limit.
2025-09-23 19:59:09,566 - __main__ - WARNING - ⚠️ Episode 27 terminated due to step limit.
2025-09-23 19:59:15,002 - __main__ - WARNING - ⚠️ Episode 29 terminated due to step limit.
2025-09-23 19:59:18,283 - __main__ - WARNING - ⚠️ Episode 30 terminated due to step limit.
2025-09-23 19:59:21,691 - __main__ - WARNING - ⚠️ Episode 31 terminated due to step limit.
2025-09-23 19:59:27,946 - __main__ - DEBUG - 🎯 Eval HMM masking: step 200 masked due to negative reward
2025-09-23 19:59:29,054 - __main__ - WARNING - ⚠️ Episode 34 terminated due to step limit.
2025-09-23 19:59:31,305 - __main__ - DEBUG - 🎯 Eval HMM masking: step 100 masked due to negative reward
2025-09-23 19:59:33,495 - __main__ - WARNING - ⚠️ Episode 36 terminated due to step limit.
2025-09-23 19:59:36,783 - __main__ - WARNING - ⚠️ Episode 37 terminated due to step limit.
2025-09-23 19:59:40,076 - __main__ - WARNING - ⚠️ Episode 38 terminated due to step limit.
2025-09-23 19:59:46,594 - __main__ - WARNING - ⚠️ Episode 41 terminated due to step limit.
2025-09-23 19:59:49,892 - __main__ - WARNING - ⚠️ Episode 42 terminated due to step limit.
2025-09-23 19:59:52,149 - __main__ - DEBUG - 🎯 Eval HMM masking: step 200 masked due to negative reward
2025-09-23 19:59:53,186 - __main__ - WARNING - ⚠️ Episode 43 terminated due to step limit.
2025-09-23 19:59:53,874 - __main__ - DEBUG - 🎯 Eval HMM masking: step 50 masked due to negative reward
2025-09-23 19:59:56,475 - __main__ - WARNING - ⚠️ Episode 44 terminated due to step limit.
2025-09-23 20:00:01,601 - __main__ - DEBUG - 🎯 Eval HMM masking: step 200 masked due to negative reward
2025-09-23 20:00:02,711 - __main__ - WARNING - ⚠️ Episode 47 terminated due to step limit.
2025-09-23 20:00:04,440 - __main__ - DEBUG - 🎯 Eval HMM masking: step 150 masked due to negative reward
2025-09-23 20:00:05,985 - __main__ - WARNING - ⚠️ Episode 48 terminated due to step limit.
2025-09-23 20:00:09,302 - __main__ - WARNING - ⚠️ Episode 49 terminated due to step limit.
2025-09-23 20:00:12,080 - __main__ - DEBUG - 🎯 Eval HMM masking: step 250 masked due to negative reward
2025-09-23 20:00:12,598 - __main__ - WARNING - ⚠️ Episode 50 terminated due to step limit.
2025-09-23 20:00:12,756 - __main__ - INFO - 📊 Evaluation Results (Current Round):
2025-09-23 20:00:12,756 - __main__ - INFO -    Episodes: 50
2025-09-23 20:00:12,756 - __main__ - INFO -    Time: 128.3s (2.6s/ep)
2025-09-23 20:00:12,756 - __main__ - INFO -    Average Return: 0.090 ± 0.641
2025-09-23 20:00:12,756 - __main__ - INFO -    Success Rate: 38.0%
2025-09-23 20:00:12,756 - __main__ - INFO -    Average Length: 231.7
2025-09-23 20:00:12,756 - __main__ - INFO -    Average Coverage: 78.1 positions
2025-09-23 20:00:12,756 - __main__ - INFO -    Episode Completions: 19 terminated (38.0%), 31 truncated (62.0%)
2025-09-23 20:00:12,756 - __main__ - INFO - 📈 Total Evaluation Statistics:
2025-09-23 20:00:12,756 - __main__ - INFO -    Total Episodes: 200
2025-09-23 20:00:12,757 - __main__ - INFO -    Total Average Return: 0.032 ± 0.672
2025-09-23 20:00:12,757 - __main__ - INFO -    Total Average Length: 229.6 ± 105.1
2025-09-23 20:00:12,757 - __main__ - INFO -    Total Completions: 76 terminated (38.0%), 124 truncated (62.0%)
2025-09-23 20:00:12,757 - __main__ - INFO -    Skill Entropy: 0.001
2025-09-23 20:00:12,757 - __main__ - INFO -    Used Skills: 1.0
2025-09-23 20:00:12,757 - __main__ - INFO -    Effective K: 1.00
2025-09-23 20:00:12,757 - __main__ - INFO - 🎯 Action Usage Statistics:
2025-09-23 20:00:12,757 - __main__ - INFO -    Unique actions in evaluation: 8
2025-09-23 20:00:12,757 - __main__ - INFO -    Unique actions in training: 8
2025-09-23 20:00:12,757 - __main__ - INFO -    Total unique actions: 8
2025-09-23 20:00:12,757 - __main__ - INFO -    Action coverage: 6.6%
2025-09-23 20:00:12,758 - __main__ - INFO -    Train action count: 40960
2025-09-23 20:00:12,758 - __main__ - INFO -    Eval action count: 45922
2025-09-23 20:00:12,758 - __main__ - INFO -    Train action entropy: 2.076
2025-09-23 20:00:12,758 - __main__ - INFO -    Eval action entropy: 2.070
2025-09-23 20:00:12,759 - __main__ - INFO -    Top 3 train actions: #2(5763), #0(5709), #3(5257)
2025-09-23 20:00:12,759 - __main__ - INFO -    Top 3 eval actions: #3(6949), #0(6545), #4(5893)
2025-09-23 20:00:15,080 - __main__ - INFO - 📊 Episodes completed this rollout: 6
2025-09-23 20:00:15,080 - __main__ - INFO - 📈 Episode stats: avg return = 0.06, avg length = 224.3
2025-09-23 20:00:15,081 - __main__ - INFO - 🎯 Top 3 training actions: #2(5927), #0(5773), #3(5435)
2025-09-23 20:00:18,968 - __main__ - INFO - 📊 Episodes completed this rollout: 4
2025-09-23 20:00:18,969 - __main__ - INFO - 📈 Episode stats: avg return = 0.58, avg length = 118.8
2025-09-23 20:00:18,969 - __main__ - INFO - 🎯 Top 3 training actions: #2(6059), #0(5871), #3(5575)
2025-09-23 20:00:22,915 - __main__ - INFO - 📊 Episodes completed this rollout: 6
2025-09-23 20:00:22,915 - __main__ - INFO - 📈 Episode stats: avg return = -0.16, avg length = 260.2
2025-09-23 20:00:22,915 - __main__ - INFO - 🎯 Top 3 training actions: #2(6188), #0(5959), #3(5704)
2025-09-23 20:00:26,767 - __main__ - INFO - 📊 Episodes completed this rollout: 2
2025-09-23 20:00:26,767 - __main__ - INFO - 📈 Episode stats: avg return = -0.48, avg length = 300.0
2025-09-23 20:00:26,767 - __main__ - INFO - 🎯 Top 3 training actions: #2(6336), #0(6049), #3(5856)
2025-09-23 20:00:30,680 - __main__ - INFO - 📊 Episodes completed this rollout: 4
2025-09-23 20:00:30,680 - __main__ - INFO - 📈 Episode stats: avg return = 0.15, avg length = 229.8
2025-09-23 20:00:30,680 - __main__ - INFO - 🎯 Top 3 training actions: #2(6490), #0(6141), #3(5985)
2025-09-23 20:00:34,654 - __main__ - INFO - 📊 Episodes completed this rollout: 6
2025-09-23 20:00:34,654 - __main__ - INFO - 📈 Episode stats: avg return = 0.11, avg length = 212.5
2025-09-23 20:00:34,654 - __main__ - INFO - 🎯 Top 3 training actions: #2(6636), #0(6243), #3(6137)
2025-09-23 20:00:38,578 - __main__ - INFO - 📊 Episodes completed this rollout: 4
2025-09-23 20:00:38,578 - __main__ - INFO - 📈 Episode stats: avg return = -0.40, avg length = 300.0
2025-09-23 20:00:38,578 - __main__ - INFO - 🎯 Top 3 training actions: #2(6834), #0(6313), #3(6276)
2025-09-23 20:00:42,519 - __main__ - INFO - 📊 Episodes completed this rollout: 4
2025-09-23 20:00:42,519 - __main__ - INFO - 📈 Episode stats: avg return = 0.01, avg length = 248.2
2025-09-23 20:00:42,520 - __main__ - INFO - 🎯 Top 3 training actions: #2(7011), #3(6426), #0(6387)
2025-09-23 20:00:46,393 - __main__ - INFO - 📊 Episodes completed this rollout: 4
2025-09-23 20:00:46,394 - __main__ - INFO - 📈 Episode stats: avg return = -0.14, avg length = 249.0
2025-09-23 20:00:46,394 - __main__ - INFO - 🎯 Top 3 training actions: #2(7151), #3(6610), #1(6511)
2025-09-23 20:00:48,016 - __main__ - INFO - 🧪 Starting evaluation with 50 episodes...
2025-09-23 20:00:48,016 - __main__ - INFO -    Eval seed: 51
2025-09-23 20:00:48,017 - __main__ - INFO -    Max episode steps (eval): env default
2025-09-23 20:00:48,017 - nle.env.base - INFO - Not saving any NLE data.
2025-09-23 20:00:49,072 - __main__ - DEBUG - 🎯 Eval HMM masking: step 100 masked due to negative reward
2025-09-23 20:00:49,589 - __main__ - DEBUG - 🎯 Eval HMM masking: step 150 masked due to negative reward
2025-09-23 20:00:50,104 - __main__ - DEBUG - 🎯 Eval HMM masking: step 200 masked due to negative reward
2025-09-23 20:00:51,130 - __main__ - WARNING - ⚠️ Episode 1 terminated due to step limit.
2025-09-23 20:00:53,873 - __main__ - DEBUG - 🎯 Eval HMM masking: step 250 masked due to negative reward
2025-09-23 20:00:54,382 - __main__ - WARNING - ⚠️ Episode 2 terminated due to step limit.
2025-09-23 20:00:57,622 - __main__ - WARNING - ⚠️ Episode 3 terminated due to step limit.
2025-09-23 20:01:03,654 - __main__ - DEBUG - 🎯 Eval HMM masking: step 200 masked due to negative reward
2025-09-23 20:01:04,737 - __main__ - WARNING - ⚠️ Episode 6 terminated due to step limit.
2025-09-23 20:01:08,234 - __main__ - WARNING - ⚠️ Episode 7 terminated due to step limit.
2025-09-23 20:01:10,188 - __main__ - DEBUG - 🎯 Eval HMM masking: step 150 masked due to negative reward
2025-09-23 20:01:11,768 - __main__ - WARNING - ⚠️ Episode 9 terminated due to step limit.
2025-09-23 20:01:19,037 - __main__ - DEBUG - 🎯 Eval HMM masking: step 250 masked due to negative reward
2025-09-23 20:01:19,580 - __main__ - WARNING - ⚠️ Episode 13 terminated due to step limit.
2025-09-23 20:01:22,844 - __main__ - WARNING - ⚠️ Episode 14 terminated due to step limit.
2025-09-23 20:01:28,847 - __main__ - WARNING - ⚠️ Episode 16 terminated due to step limit.
2025-09-23 20:01:34,245 - __main__ - WARNING - ⚠️ Episode 18 terminated due to step limit.
2025-09-23 20:01:34,930 - __main__ - DEBUG - 🎯 Eval HMM masking: step 50 masked due to negative reward
2025-09-23 20:01:35,961 - __main__ - DEBUG - 🎯 Eval HMM masking: step 150 masked due to negative reward
2025-09-23 20:01:37,540 - __main__ - WARNING - ⚠️ Episode 19 terminated due to step limit.
2025-09-23 20:01:38,746 - __main__ - DEBUG - 🎯 Eval HMM masking: step 100 masked due to negative reward
2025-09-23 20:01:40,327 - __main__ - DEBUG - 🎯 Eval HMM masking: step 250 masked due to negative reward
2025-09-23 20:01:40,839 - __main__ - WARNING - ⚠️ Episode 20 terminated due to step limit.
2025-09-23 20:01:41,525 - __main__ - DEBUG - 🎯 Eval HMM masking: step 50 masked due to negative reward
2025-09-23 20:01:42,044 - __main__ - DEBUG - 🎯 Eval HMM masking: step 100 masked due to negative reward
2025-09-23 20:01:43,082 - __main__ - DEBUG - 🎯 Eval HMM masking: step 200 masked due to negative reward
2025-09-23 20:01:44,112 - __main__ - WARNING - ⚠️ Episode 21 terminated due to step limit.
2025-09-23 20:01:47,495 - __main__ - DEBUG - 🎯 Eval HMM masking: step 250 masked due to negative reward
2025-09-23 20:01:48,010 - __main__ - WARNING - ⚠️ Episode 23 terminated due to step limit.
2025-09-23 20:01:48,699 - __main__ - DEBUG - 🎯 Eval HMM masking: step 50 masked due to negative reward
2025-09-23 20:01:52,561 - __main__ - WARNING - ⚠️ Episode 26 terminated due to step limit.
2025-09-23 20:01:55,846 - __main__ - WARNING - ⚠️ Episode 27 terminated due to step limit.
2025-09-23 20:01:59,119 - __main__ - WARNING - ⚠️ Episode 28 terminated due to step limit.
2025-09-23 20:02:02,420 - __main__ - DEBUG - 🎯 Eval HMM masking: step 250 masked due to negative reward
2025-09-23 20:02:02,933 - __main__ - WARNING - ⚠️ Episode 30 terminated due to step limit.
2025-09-23 20:02:04,661 - __main__ - DEBUG - 🎯 Eval HMM masking: step 150 masked due to negative reward
2025-09-23 20:02:08,754 - __main__ - DEBUG - 🎯 Eval HMM masking: step 250 masked due to negative reward
2025-09-23 20:02:09,270 - __main__ - WARNING - ⚠️ Episode 32 terminated due to step limit.
2025-09-23 20:02:10,482 - __main__ - DEBUG - 🎯 Eval HMM masking: step 100 masked due to negative reward
2025-09-23 20:02:14,902 - __main__ - WARNING - ⚠️ Episode 34 terminated due to step limit.
2025-09-23 20:02:15,591 - __main__ - DEBUG - 🎯 Eval HMM masking: step 50 masked due to negative reward
2025-09-23 20:02:17,214 - __main__ - DEBUG - 🎯 Eval HMM masking: step 200 masked due to negative reward
2025-09-23 20:02:18,317 - __main__ - WARNING - ⚠️ Episode 35 terminated due to step limit.
2025-09-23 20:02:21,589 - __main__ - WARNING - ⚠️ Episode 36 terminated due to step limit.
2025-09-23 20:02:24,897 - __main__ - WARNING - ⚠️ Episode 37 terminated due to step limit.
2025-09-23 20:02:26,159 - __main__ - DEBUG - 🎯 Eval HMM masking: step 100 masked due to negative reward
2025-09-23 20:02:28,257 - __main__ - WARNING - ⚠️ Episode 38 terminated due to step limit.
2025-09-23 20:02:30,521 - __main__ - DEBUG - 🎯 Eval HMM masking: step 200 masked due to negative reward
2025-09-23 20:02:31,555 - __main__ - WARNING - ⚠️ Episode 39 terminated due to step limit.
2025-09-23 20:02:32,763 - __main__ - DEBUG - 🎯 Eval HMM masking: step 100 masked due to negative reward
2025-09-23 20:02:34,820 - __main__ - WARNING - ⚠️ Episode 40 terminated due to step limit.
2025-09-23 20:02:35,509 - __main__ - DEBUG - 🎯 Eval HMM masking: step 50 masked due to negative reward
2025-09-23 20:02:38,408 - __main__ - DEBUG - 🎯 Eval HMM masking: step 200 masked due to negative reward
2025-09-23 20:02:39,465 - __main__ - WARNING - ⚠️ Episode 42 terminated due to step limit.
2025-09-23 20:02:40,702 - __main__ - DEBUG - 🎯 Eval HMM masking: step 100 masked due to negative reward
2025-09-23 20:02:42,765 - __main__ - WARNING - ⚠️ Episode 43 terminated due to step limit.
2025-09-23 20:02:46,059 - __main__ - WARNING - ⚠️ Episode 44 terminated due to step limit.
2025-09-23 20:02:49,326 - __main__ - WARNING - ⚠️ Episode 45 terminated due to step limit.
2025-09-23 20:02:52,593 - __main__ - WARNING - ⚠️ Episode 46 terminated due to step limit.
2025-09-23 20:02:54,832 - __main__ - DEBUG - 🎯 Eval HMM masking: step 200 masked due to negative reward
2025-09-23 20:02:55,860 - __main__ - WARNING - ⚠️ Episode 47 terminated due to step limit.
2025-09-23 20:02:58,584 - __main__ - DEBUG - 🎯 Eval HMM masking: step 100 masked due to negative reward
2025-09-23 20:02:59,102 - __main__ - DEBUG - 🎯 Eval HMM masking: step 150 masked due to negative reward
2025-09-23 20:03:00,651 - __main__ - WARNING - ⚠️ Episode 49 terminated due to step limit.
2025-09-23 20:03:01,859 - __main__ - DEBUG - 🎯 Eval HMM masking: step 100 masked due to negative reward
2025-09-23 20:03:02,379 - __main__ - DEBUG - 🎯 Eval HMM masking: step 150 masked due to negative reward
2025-09-23 20:03:03,421 - __main__ - DEBUG - 🎯 Eval HMM masking: step 250 masked due to negative reward
2025-09-23 20:03:03,933 - __main__ - WARNING - ⚠️ Episode 50 terminated due to step limit.
2025-09-23 20:03:04,090 - __main__ - INFO - 📊 Evaluation Results (Current Round):
2025-09-23 20:03:04,090 - __main__ - INFO -    Episodes: 50
2025-09-23 20:03:04,090 - __main__ - INFO -    Time: 136.1s (2.7s/ep)
2025-09-23 20:03:04,090 - __main__ - INFO -    Average Return: -0.027 ± 0.600
2025-09-23 20:03:04,090 - __main__ - INFO -    Success Rate: 32.0%
2025-09-23 20:03:04,090 - __main__ - INFO -    Average Length: 247.0
2025-09-23 20:03:04,090 - __main__ - INFO -    Average Coverage: 80.0 positions
2025-09-23 20:03:04,090 - __main__ - INFO -    Episode Completions: 16 terminated (32.0%), 34 truncated (68.0%)
2025-09-23 20:03:04,090 - __main__ - INFO - 📈 Total Evaluation Statistics:
2025-09-23 20:03:04,090 - __main__ - INFO -    Total Episodes: 250
2025-09-23 20:03:04,090 - __main__ - INFO -    Total Average Return: 0.020 ± 0.658
2025-09-23 20:03:04,091 - __main__ - INFO -    Total Average Length: 233.1 ± 102.7
2025-09-23 20:03:04,091 - __main__ - INFO -    Total Completions: 92 terminated (36.8%), 158 truncated (63.2%)
2025-09-23 20:03:04,091 - __main__ - INFO -    Skill Entropy: 0.001
2025-09-23 20:03:04,091 - __main__ - INFO -    Used Skills: 1.0
2025-09-23 20:03:04,091 - __main__ - INFO -    Effective K: 1.00
2025-09-23 20:03:04,091 - __main__ - INFO - 🎯 Action Usage Statistics:
2025-09-23 20:03:04,091 - __main__ - INFO -    Unique actions in evaluation: 8
2025-09-23 20:03:04,091 - __main__ - INFO -    Unique actions in training: 8
2025-09-23 20:03:04,091 - __main__ - INFO -    Total unique actions: 8
2025-09-23 20:03:04,091 - __main__ - INFO -    Action coverage: 6.6%
2025-09-23 20:03:04,091 - __main__ - INFO -    Train action count: 50176
2025-09-23 20:03:04,092 - __main__ - INFO -    Eval action count: 58272
2025-09-23 20:03:04,092 - __main__ - INFO -    Train action entropy: 2.076
2025-09-23 20:03:04,092 - __main__ - INFO -    Eval action entropy: 2.069
2025-09-23 20:03:04,092 - __main__ - INFO -    Top 3 train actions: #2(7151), #3(6610), #1(6511)
2025-09-23 20:03:04,092 - __main__ - INFO -    Top 3 eval actions: #3(8839), #7(7961), #2(7576)
2025-09-23 20:03:06,347 - __main__ - INFO - 📊 Episodes completed this rollout: 3
2025-09-23 20:03:06,348 - __main__ - INFO - 📈 Episode stats: avg return = 0.48, avg length = 296.7
2025-09-23 20:03:06,348 - __main__ - INFO - 🎯 Top 3 training actions: #2(7309), #3(6751), #1(6666)
2025-09-23 20:03:10,259 - __main__ - INFO - 📊 Episodes completed this rollout: 7
2025-09-23 20:03:10,259 - __main__ - INFO - 📈 Episode stats: avg return = 0.34, avg length = 201.9
2025-09-23 20:03:10,259 - __main__ - INFO - 🎯 Top 3 training actions: #2(7459), #3(6907), #1(6823)
2025-09-23 20:03:11,889 - __main__ - INFO - 🔄 Synchronized model update at step 52,224
2025-09-23 20:03:11,889 - __main__ - INFO -    HMM interval: 12,000, VAE interval: 12,000
2025-09-23 20:03:11,890 - __main__ - INFO - 🚫 Model training masking: 1680/12288 timesteps masked (13.7%) due to negative rewards (invalid actions)
2025-09-23 20:03:12,266 - __main__ - INFO - 🔄 Capping HMM batch size from 1015 to 128 to prevent OOM
2025-09-23 20:03:12,266 - __main__ - INFO - 🔄 HMM refresh starting at step 52,224 with replay size 128x75
2025-09-23 20:03:16,491 - __main__ - DEBUG - Initial ELBO: -17541.9054
2025-09-23 20:03:16,493 - __main__ - DEBUG - Relative tol: 0.0100
2025-09-23 20:03:16,493 - __main__ - DEBUG - Relative elbo_drop_tol: 0.0100
2025-09-23 20:03:16,493 - __main__ - DEBUG - - Init -501.7574
2025-09-23 20:03:16,494 - __main__ - DEBUG - - Trans -6.6684
2025-09-23 20:03:16,494 - __main__ - DEBUG - - Emit -6623.6155
2025-09-23 20:03:16,494 - __main__ - DEBUG - - Entropy 0.0004
2025-09-23 20:03:16,494 - __main__ - DEBUG - - Dir -23.9976
2025-09-23 20:03:16,494 - __main__ - DEBUG - - NIW -10370.0244
2025-09-23 20:03:16,494 - __main__ - DEBUG - - Beta prior -15.8425
2025-09-23 20:03:21,107 - __main__ - DEBUG - Iter 0: ELBO after FB: -17541.9054 (LL -7132.0409, Δ=0.0000)
2025-09-23 20:03:21,107 - __main__ - DEBUG - Blending stats with ρ_niw=0.0500, ρ_tr=0.0500.
2025-09-23 20:03:21,154 - __main__ - DEBUG - Iter 0: ELBO after NIW update: -14889.7047 (Emit LL -3716.2654, NIW term -10625.1738, Δ=2652.2007)
2025-09-23 20:03:21,201 - __main__ - DEBUG - Iter 0: ELBO after Dirichlet update: -14889.6742 (Trans LL -6.5490, Dir term -24.0864, Δ=0.0305)
2025-09-23 20:03:21,266 - __main__ - DEBUG - Iter 0: ELBO after β update: -14890.3166 (Init LL -502.3504, Dir term -24.1254, logp(β) -15.8531, Δ=-0.6424)
2025-09-23 20:03:25,878 - __main__ - DEBUG - Iter 1: ELBO after FB: -14890.3166 (LL -4225.1643, Δ=0.0000)
2025-09-23 20:03:25,878 - __main__ - DEBUG - Blending stats with ρ_niw=0.0500, ρ_tr=0.0500.
2025-09-23 20:03:25,926 - __main__ - DEBUG - Iter 1: ELBO after NIW update: -14890.3166 (Emit LL -3716.2654, NIW term -10625.1738, Δ=0.0000)
2025-09-23 20:03:25,974 - __main__ - DEBUG - Iter 1: ELBO after Dirichlet update: -14890.3667 (Trans LL -6.5249, Dir term -24.1996, Δ=-0.0501)
2025-09-23 20:03:26,038 - __main__ - DEBUG - Iter 1: ELBO after β update: -14890.9789 (Init LL -502.8731, Dir term -24.2792, logp(β) -15.8630, Δ=-0.6122)
2025-09-23 20:03:30,590 - __main__ - DEBUG - Iter 2: ELBO after FB: -14890.9789 (LL -4225.6629, Δ=0.0000)
2025-09-23 20:03:30,591 - __main__ - DEBUG - Blending stats with ρ_niw=0.0500, ρ_tr=0.0500.
2025-09-23 20:03:30,638 - __main__ - DEBUG - Iter 2: ELBO after NIW update: -14890.9789 (Emit LL -3716.2654, NIW term -10625.1738, Δ=0.0000)
2025-09-23 20:03:30,684 - __main__ - DEBUG - Iter 2: ELBO after Dirichlet update: -14891.1799 (Trans LL -6.5033, Dir term -24.5018, Δ=-0.2010)
2025-09-23 20:03:30,753 - __main__ - DEBUG - Iter 2: ELBO after β update: -14891.6773 (Init LL -503.2848, Dir term -24.5858, logp(β) -15.8647, Δ=-0.4975)
2025-09-23 20:03:35,309 - __main__ - DEBUG - Iter 3: ELBO after FB: -14891.6773 (LL -4226.0530, Δ=0.0000)
2025-09-23 20:03:35,310 - __main__ - DEBUG - Blending stats with ρ_niw=0.0500, ρ_tr=0.0500.
2025-09-23 20:03:35,357 - __main__ - DEBUG - Iter 3: ELBO after NIW update: -14891.6773 (Emit LL -3716.2654, NIW term -10625.1738, Δ=0.0000)
2025-09-23 20:03:35,404 - __main__ - DEBUG - Iter 3: ELBO after Dirichlet update: -14891.9859 (Trans LL -6.4868, Dir term -24.9109, Δ=-0.3086)
2025-09-23 20:03:35,473 - __main__ - DEBUG - Iter 3: ELBO after β update: -14892.1850 (Init LL -503.4070, Dir term -24.9946, logp(β) -15.8579, Δ=-0.1990)
2025-09-23 20:03:40,043 - __main__ - DEBUG - Iter 4: ELBO after FB: -14892.1850 (LL -4226.1587, Δ=0.0000)
2025-09-23 20:03:40,043 - __main__ - DEBUG - Blending stats with ρ_niw=0.0500, ρ_tr=0.0500.
2025-09-23 20:03:40,090 - __main__ - DEBUG - Iter 4: ELBO after NIW update: -14892.1850 (Emit LL -3716.2654, NIW term -10625.1738, Δ=0.0000)
2025-09-23 20:03:40,137 - __main__ - DEBUG - Iter 4: ELBO after Dirichlet update: -14892.5725 (Trans LL -6.4817, Dir term -25.3872, Δ=-0.3875)
2025-09-23 20:03:40,194 - __main__ - DEBUG - Iter 4: ELBO after β update: -14892.5417 (Init LL -503.3312, Dir term -25.4347, logp(β) -15.8553, Δ=0.0308)
2025-09-23 20:03:40,196 - __main__ - INFO -    HMM refresh complete: ELBO=-9.6824, iters=0, max iters, states=40
2025-09-23 20:03:40,196 - __main__ - INFO -    ✅ HMM updated (next in 12,000 steps)
2025-09-23 20:03:40,196 - __main__ - INFO - 🔄 VAE refresh starting at step 52,224 with replay size 8x1536
2025-09-23 20:03:40,197 - __main__ - INFO -    Using span sampling (12288 timesteps, too large for full buffer)
2025-09-23 20:04:05,405 - __main__ - INFO -    VAE refresh complete: final_loss=2832.0369, avg_loss=2838.3273, steps=4/4, trend=improving, total_timesteps=12288, span_sampling=32_requested×4_steps, span_len=64
2025-09-23 20:04:05,407 - __main__ - INFO -    ✅ VAE updated (next in 12,000 steps)
2025-09-23 20:04:07,671 - __main__ - INFO - 📊 Episodes completed this rollout: 5
2025-09-23 20:04:07,671 - __main__ - INFO - 📈 Episode stats: avg return = 0.42, avg length = 161.2
2025-09-23 20:04:07,671 - __main__ - INFO - 🎯 Top 3 training actions: #2(7615), #3(7070), #1(6991)
2025-09-23 20:04:11,534 - __main__ - INFO - 📊 Episodes completed this rollout: 1
2025-09-23 20:04:11,534 - __main__ - INFO - 📈 Episode stats: avg return = -0.57, avg length = 300.0
2025-09-23 20:04:11,535 - __main__ - INFO - 🎯 Top 3 training actions: #2(7776), #3(7212), #1(7144)
2025-09-23 20:04:15,528 - __main__ - INFO - 📊 Episodes completed this rollout: 9
2025-09-23 20:04:15,528 - __main__ - INFO - 📈 Episode stats: avg return = 0.10, avg length = 240.6
2025-09-23 20:04:15,529 - __main__ - INFO - 🎯 Top 3 training actions: #2(7958), #3(7399), #1(7300)
2025-09-23 20:04:19,402 - __main__ - INFO - 📊 Episodes completed this rollout: 4
2025-09-23 20:04:19,403 - __main__ - INFO - 📈 Episode stats: avg return = 0.63, avg length = 165.8
2025-09-23 20:04:19,403 - __main__ - INFO - 🎯 Top 3 training actions: #2(8158), #3(7548), #1(7441)
2025-09-23 20:04:23,301 - __main__ - INFO - 📊 Episodes completed this rollout: 3
2025-09-23 20:04:23,301 - __main__ - INFO - 📈 Episode stats: avg return = 0.49, avg length = 180.3
2025-09-23 20:04:23,301 - __main__ - INFO - 🎯 Top 3 training actions: #2(8359), #3(7684), #1(7586)
2025-09-23 20:04:27,274 - __main__ - INFO - 📊 Episodes completed this rollout: 9
2025-09-23 20:04:27,274 - __main__ - INFO - 📈 Episode stats: avg return = 0.18, avg length = 207.8
2025-09-23 20:04:27,275 - __main__ - INFO - 🎯 Top 3 training actions: #2(8549), #3(7815), #1(7721)
2025-09-23 20:04:31,155 - __main__ - INFO - 📊 Episodes completed this rollout: 2
2025-09-23 20:04:31,155 - __main__ - INFO - 📈 Episode stats: avg return = 0.21, avg length = 206.0
2025-09-23 20:04:31,155 - __main__ - INFO - 🎯 Top 3 training actions: #2(8739), #3(7954), #1(7856)
2025-09-23 20:04:35,074 - __main__ - INFO - 📊 Episodes completed this rollout: 4
2025-09-23 20:04:35,074 - __main__ - INFO - 📈 Episode stats: avg return = -0.25, avg length = 300.0
2025-09-23 20:04:35,074 - __main__ - INFO - 🎯 Top 3 training actions: #2(8908), #3(8115), #1(8000)
2025-09-23 20:04:36,710 - __main__ - INFO - 🧪 Starting evaluation with 50 episodes...
2025-09-23 20:04:36,710 - __main__ - INFO -    Eval seed: 51
2025-09-23 20:04:36,711 - __main__ - INFO -    Max episode steps (eval): env default
2025-09-23 20:04:36,711 - nle.env.base - INFO - Not saving any NLE data.
2025-09-23 20:04:38,308 - __main__ - DEBUG - 🎯 Eval HMM masking: step 150 masked due to negative reward
2025-09-23 20:04:38,834 - __main__ - DEBUG - 🎯 Eval HMM masking: step 200 masked due to negative reward
2025-09-23 20:04:39,874 - __main__ - WARNING - ⚠️ Episode 1 terminated due to step limit.
2025-09-23 20:04:42,653 - __main__ - DEBUG - 🎯 Eval HMM masking: step 250 masked due to negative reward
2025-09-23 20:04:43,168 - __main__ - WARNING - ⚠️ Episode 2 terminated due to step limit.
2025-09-23 20:04:47,193 - __main__ - WARNING - ⚠️ Episode 4 terminated due to step limit.
2025-09-23 20:04:50,474 - __main__ - WARNING - ⚠️ Episode 5 terminated due to step limit.
2025-09-23 20:04:51,682 - __main__ - DEBUG - 🎯 Eval HMM masking: step 100 masked due to negative reward
2025-09-23 20:04:52,200 - __main__ - DEBUG - 🎯 Eval HMM masking: step 150 masked due to negative reward
2025-09-23 20:04:53,750 - __main__ - WARNING - ⚠️ Episode 6 terminated due to step limit.
2025-09-23 20:04:59,785 - __main__ - DEBUG - 🎯 Eval HMM masking: step 150 masked due to negative reward
2025-09-23 20:05:01,337 - __main__ - WARNING - ⚠️ Episode 9 terminated due to step limit.
2025-09-23 20:05:02,034 - __main__ - DEBUG - 🎯 Eval HMM masking: step 50 masked due to negative reward
2025-09-23 20:05:04,630 - __main__ - WARNING - ⚠️ Episode 10 terminated due to step limit.
2025-09-23 20:05:07,177 - __main__ - DEBUG - 🎯 Eval HMM masking: step 50 masked due to negative reward
2025-09-23 20:05:08,738 - __main__ - DEBUG - 🎯 Eval HMM masking: step 200 masked due to negative reward
2025-09-23 20:05:09,769 - __main__ - WARNING - ⚠️ Episode 12 terminated due to step limit.
2025-09-23 20:05:12,010 - __main__ - DEBUG - 🎯 Eval HMM masking: step 200 masked due to negative reward
2025-09-23 20:05:13,036 - __main__ - WARNING - ⚠️ Episode 13 terminated due to step limit.
2025-09-23 20:05:16,342 - __main__ - WARNING - ⚠️ Episode 14 terminated due to step limit.
2025-09-23 20:05:19,782 - __main__ - WARNING - ⚠️ Episode 15 terminated due to step limit.
2025-09-23 20:05:22,579 - __main__ - DEBUG - 🎯 Eval HMM masking: step 250 masked due to negative reward
2025-09-23 20:05:23,097 - __main__ - WARNING - ⚠️ Episode 16 terminated due to step limit.
2025-09-23 20:05:25,359 - __main__ - DEBUG - 🎯 Eval HMM masking: step 200 masked due to negative reward
2025-09-23 20:05:25,876 - __main__ - DEBUG - 🎯 Eval HMM masking: step 250 masked due to negative reward
2025-09-23 20:05:26,399 - __main__ - WARNING - ⚠️ Episode 17 terminated due to step limit.
2025-09-23 20:05:27,671 - __main__ - DEBUG - 🎯 Eval HMM masking: step 100 masked due to negative reward
2025-09-23 20:05:28,729 - __main__ - DEBUG - 🎯 Eval HMM masking: step 200 masked due to negative reward
2025-09-23 20:05:29,809 - __main__ - WARNING - ⚠️ Episode 18 terminated due to step limit.
2025-09-23 20:05:35,308 - __main__ - WARNING - ⚠️ Episode 20 terminated due to step limit.
2025-09-23 20:05:37,076 - __main__ - DEBUG - 🎯 Eval HMM masking: step 150 masked due to negative reward
2025-09-23 20:05:38,653 - __main__ - WARNING - ⚠️ Episode 21 terminated due to step limit.
2025-09-23 20:05:41,928 - __main__ - WARNING - ⚠️ Episode 22 terminated due to step limit.
2025-09-23 20:05:42,620 - __main__ - DEBUG - 🎯 Eval HMM masking: step 50 masked due to negative reward
2025-09-23 20:05:45,270 - __main__ - WARNING - ⚠️ Episode 23 terminated due to step limit.
2025-09-23 20:05:50,054 - __main__ - WARNING - ⚠️ Episode 25 terminated due to step limit.
2025-09-23 20:05:53,407 - __main__ - WARNING - ⚠️ Episode 26 terminated due to step limit.
2025-09-23 20:05:56,680 - __main__ - WARNING - ⚠️ Episode 27 terminated due to step limit.
2025-09-23 20:06:00,249 - __main__ - DEBUG - 🎯 Eval HMM masking: step 50 masked due to negative reward
2025-09-23 20:06:02,841 - __main__ - WARNING - ⚠️ Episode 30 terminated due to step limit.
2025-09-23 20:06:04,043 - __main__ - DEBUG - 🎯 Eval HMM masking: step 100 masked due to negative reward
2025-09-23 20:06:06,099 - __main__ - WARNING - ⚠️ Episode 31 terminated due to step limit.
2025-09-23 20:06:06,781 - __main__ - DEBUG - 🎯 Eval HMM masking: step 50 masked due to negative reward
2025-09-23 20:06:11,601 - __main__ - DEBUG - 🎯 Eval HMM masking: step 250 masked due to negative reward
2025-09-23 20:06:12,112 - __main__ - WARNING - ⚠️ Episode 33 terminated due to step limit.
2025-09-23 20:06:13,311 - __main__ - DEBUG - 🎯 Eval HMM masking: step 100 masked due to negative reward
2025-09-23 20:06:15,377 - __main__ - WARNING - ⚠️ Episode 34 terminated due to step limit.
2025-09-23 20:06:16,575 - __main__ - DEBUG - 🎯 Eval HMM masking: step 100 masked due to negative reward
2025-09-23 20:06:17,093 - __main__ - DEBUG - 🎯 Eval HMM masking: step 150 masked due to negative reward
2025-09-23 20:06:18,631 - __main__ - WARNING - ⚠️ Episode 35 terminated due to step limit.
2025-09-23 20:06:21,928 - __main__ - WARNING - ⚠️ Episode 36 terminated due to step limit.
2025-09-23 20:06:27,277 - __main__ - WARNING - ⚠️ Episode 38 terminated due to step limit.
2025-09-23 20:06:30,024 - __main__ - DEBUG - 🎯 Eval HMM masking: step 250 masked due to negative reward
2025-09-23 20:06:30,538 - __main__ - WARNING - ⚠️ Episode 39 terminated due to step limit.
2025-09-23 20:06:33,788 - __main__ - WARNING - ⚠️ Episode 40 terminated due to step limit.
2025-09-23 20:06:34,466 - __main__ - DEBUG - 🎯 Eval HMM masking: step 50 masked due to negative reward
2025-09-23 20:06:37,696 - __main__ - WARNING - ⚠️ Episode 42 terminated due to step limit.
2025-09-23 20:06:44,403 - __main__ - DEBUG - 🎯 Eval HMM masking: step 200 masked due to negative reward
2025-09-23 20:06:45,428 - __main__ - WARNING - ⚠️ Episode 47 terminated due to step limit.
2025-09-23 20:06:49,253 - __main__ - DEBUG - 🎯 Eval HMM masking: step 250 masked due to negative reward
2025-09-23 20:06:49,764 - __main__ - WARNING - ⚠️ Episode 49 terminated due to step limit.
2025-09-23 20:06:53,052 - __main__ - WARNING - ⚠️ Episode 50 terminated due to step limit.
2025-09-23 20:06:53,209 - __main__ - INFO - 📊 Evaluation Results (Current Round):
2025-09-23 20:06:53,209 - __main__ - INFO -    Episodes: 50
2025-09-23 20:06:53,209 - __main__ - INFO -    Time: 136.5s (2.7s/ep)
2025-09-23 20:06:53,209 - __main__ - INFO -    Average Return: 0.014 ± 0.572
2025-09-23 20:06:53,209 - __main__ - INFO -    Success Rate: 32.0%
2025-09-23 20:06:53,209 - __main__ - INFO -    Average Length: 248.6
2025-09-23 20:06:53,209 - __main__ - INFO -    Average Coverage: 83.3 positions
2025-09-23 20:06:53,209 - __main__ - INFO -    Episode Completions: 16 terminated (32.0%), 34 truncated (68.0%)
2025-09-23 20:06:53,209 - __main__ - INFO - 📈 Total Evaluation Statistics:
2025-09-23 20:06:53,210 - __main__ - INFO -    Total Episodes: 300
2025-09-23 20:06:53,210 - __main__ - INFO -    Total Average Return: 0.019 ± 0.645
2025-09-23 20:06:53,210 - __main__ - INFO -    Total Average Length: 235.7 ± 100.2
2025-09-23 20:06:53,210 - __main__ - INFO -    Total Completions: 108 terminated (36.0%), 192 truncated (64.0%)
2025-09-23 20:06:53,210 - __main__ - INFO -    Skill Entropy: 0.001
2025-09-23 20:06:53,210 - __main__ - INFO -    Used Skills: 1.0
2025-09-23 20:06:53,210 - __main__ - INFO -    Effective K: 1.00
2025-09-23 20:06:53,210 - __main__ - INFO - 🎯 Action Usage Statistics:
2025-09-23 20:06:53,210 - __main__ - INFO -    Unique actions in evaluation: 8
2025-09-23 20:06:53,210 - __main__ - INFO -    Unique actions in training: 8
2025-09-23 20:06:53,210 - __main__ - INFO -    Total unique actions: 8
2025-09-23 20:06:53,211 - __main__ - INFO -    Action coverage: 6.6%
2025-09-23 20:06:53,211 - __main__ - INFO -    Train action count: 60416
2025-09-23 20:06:53,211 - __main__ - INFO -    Eval action count: 70703
2025-09-23 20:06:53,211 - __main__ - INFO -    Train action entropy: 2.074
2025-09-23 20:06:53,211 - __main__ - INFO -    Eval action entropy: 2.070
2025-09-23 20:06:53,212 - __main__ - INFO -    Top 3 train actions: #2(8908), #3(8115), #1(8000)
2025-09-23 20:06:53,212 - __main__ - INFO -    Top 3 eval actions: #3(10889), #2(9562), #7(9520)
2025-09-23 20:06:55,504 - __main__ - INFO - 📊 Episodes completed this rollout: 4
2025-09-23 20:06:55,504 - __main__ - INFO - 📈 Episode stats: avg return = -0.03, avg length = 291.5
2025-09-23 20:06:55,504 - __main__ - INFO - 🎯 Top 3 training actions: #2(9078), #3(8272), #1(8131)
2025-09-23 20:06:59,415 - __main__ - INFO - 📊 Episodes completed this rollout: 4
2025-09-23 20:06:59,416 - __main__ - INFO - 📈 Episode stats: avg return = 0.72, avg length = 215.8
2025-09-23 20:06:59,416 - __main__ - INFO - 🎯 Top 3 training actions: #2(9236), #3(8446), #1(8261)
2025-09-23 20:07:03,319 - __main__ - INFO - 📊 Episodes completed this rollout: 5
2025-09-23 20:07:03,319 - __main__ - INFO - 📈 Episode stats: avg return = 0.48, avg length = 217.6
2025-09-23 20:07:03,320 - __main__ - INFO - 🎯 Top 3 training actions: #2(9375), #3(8626), #1(8409)
2025-09-23 20:07:07,184 - __main__ - INFO - 📊 Episodes completed this rollout: 2
2025-09-23 20:07:07,185 - __main__ - INFO - 📈 Episode stats: avg return = -0.18, avg length = 300.0
2025-09-23 20:07:07,185 - __main__ - INFO - 🎯 Top 3 training actions: #2(9510), #3(8811), #1(8538)
2025-09-23 20:07:08,808 - __main__ - INFO - 🔄 Synchronized model update at step 64,512
2025-09-23 20:07:08,808 - __main__ - INFO -    HMM interval: 12,000, VAE interval: 12,000
2025-09-23 20:07:08,809 - __main__ - INFO - 🚫 Model training masking: 1380/12288 timesteps masked (11.2%) due to negative rewards (invalid actions)
2025-09-23 20:07:09,179 - __main__ - INFO - 🔄 Capping HMM batch size from 834 to 128 to prevent OOM
2025-09-23 20:07:09,180 - __main__ - INFO - 🔄 HMM refresh starting at step 64,512 with replay size 128x126
2025-09-23 20:07:16,313 - __main__ - DEBUG - Initial ELBO: -14761.5408
2025-09-23 20:07:16,318 - __main__ - DEBUG - Relative tol: 0.0100
2025-09-23 20:07:16,318 - __main__ - DEBUG - Relative elbo_drop_tol: 0.0100
2025-09-23 20:07:16,318 - __main__ - DEBUG - - Init -502.3504
2025-09-23 20:07:16,318 - __main__ - DEBUG - - Trans -6.9571
2025-09-23 20:07:16,318 - __main__ - DEBUG - - Emit -3587.0817
2025-09-23 20:07:16,318 - __main__ - DEBUG - - Entropy 0.0007
2025-09-23 20:07:16,318 - __main__ - DEBUG - - Dir -24.1254
2025-09-23 20:07:16,318 - __main__ - DEBUG - - NIW -10625.1738
2025-09-23 20:07:16,318 - __main__ - DEBUG - - Beta prior -15.8531
2025-09-23 20:07:24,044 - __main__ - DEBUG - Iter 0: ELBO after FB: -14761.5408 (LL -4096.3885, Δ=0.0000)
2025-09-23 20:07:24,045 - __main__ - DEBUG - Blending stats with ρ_niw=0.0500, ρ_tr=0.0500.
2025-09-23 20:07:24,098 - __main__ - DEBUG - Iter 0: ELBO after NIW update: -12015.3224 (Emit LL -548.9259, NIW term -10917.1113, Δ=2746.2184)
2025-09-23 20:07:24,150 - __main__ - DEBUG - Iter 0: ELBO after Dirichlet update: -12015.2484 (Trans LL -6.8134, Dir term -24.1951, Δ=0.0740)
2025-09-23 20:07:24,224 - __main__ - DEBUG - Iter 0: ELBO after β update: -12015.8671 (Init LL -502.9322, Dir term -24.2213, logp(β) -15.8638, Δ=-0.6188)
2025-09-23 20:07:31,896 - __main__ - DEBUG - Iter 1: ELBO after FB: -12015.8671 (LL -1058.6707, Δ=0.0000)
2025-09-23 20:07:31,896 - __main__ - DEBUG - Blending stats with ρ_niw=0.0500, ρ_tr=0.0500.
2025-09-23 20:07:31,946 - __main__ - DEBUG - Iter 1: ELBO after NIW update: -12015.8671 (Emit LL -548.9259, NIW term -10917.1113, Δ=0.0000)
2025-09-23 20:07:31,995 - __main__ - DEBUG - Iter 1: ELBO after Dirichlet update: -12015.9355 (Trans LL -6.7891, Dir term -24.3139, Δ=-0.0683)
2025-09-23 20:07:32,066 - __main__ - DEBUG - Iter 1: ELBO after β update: -12016.5285 (Init LL -503.4617, Dir term -24.3677, logp(β) -15.8736, Δ=-0.5930)
2025-09-23 20:07:39,536 - __main__ - DEBUG - Iter 2: ELBO after FB: -12016.5285 (LL -1059.1759, Δ=0.0000)
2025-09-23 20:07:39,537 - __main__ - DEBUG - Blending stats with ρ_niw=0.0500, ρ_tr=0.0500.
2025-09-23 20:07:39,586 - __main__ - DEBUG - Iter 2: ELBO after NIW update: -12016.5285 (Emit LL -548.9259, NIW term -10917.1113, Δ=0.0000)
2025-09-23 20:07:39,636 - __main__ - DEBUG - Iter 2: ELBO after Dirichlet update: -12016.7300 (Trans LL -6.7661, Dir term -24.5921, Δ=-0.2015)
2025-09-23 20:07:39,706 - __main__ - DEBUG - Iter 2: ELBO after β update: -12017.2371 (Init LL -503.8650, Dir term -24.6942, logp(β) -15.8753, Δ=-0.5071)
2025-09-23 20:07:47,208 - __main__ - DEBUG - Iter 3: ELBO after FB: -12017.2371 (LL -1059.5563, Δ=0.0000)
2025-09-23 20:07:47,209 - __main__ - DEBUG - Blending stats with ρ_niw=0.0500, ρ_tr=0.0500.
2025-09-23 20:07:47,259 - __main__ - DEBUG - Iter 3: ELBO after NIW update: -12017.2371 (Emit LL -548.9259, NIW term -10917.1113, Δ=0.0000)
2025-09-23 20:07:47,308 - __main__ - DEBUG - Iter 3: ELBO after Dirichlet update: -12017.5386 (Trans LL -6.7493, Dir term -25.0126, Δ=-0.3015)
2025-09-23 20:07:47,375 - __main__ - DEBUG - Iter 3: ELBO after β update: -12017.6837 (Init LL -503.9437, Dir term -25.0855, logp(β) -15.8687, Δ=-0.1450)
2025-09-23 20:07:55,104 - __main__ - DEBUG - Iter 4: ELBO after FB: -12017.6837 (LL -1059.6181, Δ=0.0000)
2025-09-23 20:07:55,105 - __main__ - DEBUG - Blending stats with ρ_niw=0.0500, ρ_tr=0.0500.
2025-09-23 20:07:55,155 - __main__ - DEBUG - Iter 4: ELBO after NIW update: -12017.6837 (Emit LL -548.9259, NIW term -10917.1113, Δ=0.0000)
2025-09-23 20:07:55,204 - __main__ - DEBUG - Iter 4: ELBO after Dirichlet update: -12018.0330 (Trans LL -6.7459, Dir term -25.4382, Δ=-0.3493)
2025-09-23 20:07:55,274 - __main__ - DEBUG - Iter 4: ELBO after β update: -12018.2067 (Init LL -504.0260, Dir term -25.5366, logp(β) -15.8618, Δ=-0.1738)
2025-09-23 20:07:55,275 - __main__ - INFO -    HMM refresh complete: ELBO=-8.0613, iters=0, max iters, states=40
2025-09-23 20:07:55,275 - __main__ - INFO -    ✅ HMM updated (next in 12,000 steps)
2025-09-23 20:07:55,276 - __main__ - INFO - 🔄 VAE refresh starting at step 64,512 with replay size 8x1536
2025-09-23 20:07:55,276 - __main__ - INFO -    Using span sampling (12288 timesteps, too large for full buffer)
2025-09-23 20:08:21,075 - __main__ - INFO -    VAE refresh complete: final_loss=2797.0457, avg_loss=2798.4250, steps=4/4, trend=improving, total_timesteps=12288, span_sampling=32_requested×4_steps, span_len=64
2025-09-23 20:08:21,077 - __main__ - INFO -    ✅ VAE updated (next in 12,000 steps)
2025-09-23 20:08:23,432 - __main__ - INFO - 📊 Episodes completed this rollout: 8
2025-09-23 20:08:23,433 - __main__ - INFO - 📈 Episode stats: avg return = 0.10, avg length = 232.2
2025-09-23 20:08:23,433 - __main__ - INFO - 🎯 Top 3 training actions: #2(9631), #3(8968), #1(8661)
2025-09-23 20:08:27,324 - __main__ - INFO - 📊 Episodes completed this rollout: 2
2025-09-23 20:08:27,324 - __main__ - INFO - 📈 Episode stats: avg return = 0.22, avg length = 208.0
2025-09-23 20:08:27,324 - __main__ - INFO - 🎯 Top 3 training actions: #2(9734), #3(9135), #1(8774)
2025-09-23 20:08:31,198 - __main__ - INFO - 📊 Episodes completed this rollout: 5
2025-09-23 20:08:31,198 - __main__ - INFO - 📈 Episode stats: avg return = 0.39, avg length = 250.6
2025-09-23 20:08:31,199 - __main__ - INFO - 🎯 Top 3 training actions: #2(9812), #3(9323), #1(8913)
2025-09-23 20:08:35,127 - __main__ - INFO - 📊 Episodes completed this rollout: 5
2025-09-23 20:08:35,127 - __main__ - INFO - 📈 Episode stats: avg return = 0.35, avg length = 193.6
2025-09-23 20:08:35,127 - __main__ - INFO - 🎯 Top 3 training actions: #2(9902), #3(9493), #1(9060)
2025-09-23 20:08:39,044 - __main__ - INFO - 📊 Episodes completed this rollout: 1
2025-09-23 20:08:39,045 - __main__ - INFO - 📈 Episode stats: avg return = 0.87, avg length = 141.0
2025-09-23 20:08:39,045 - __main__ - INFO - 🎯 Top 3 training actions: #2(9989), #3(9669), #1(9222)
2025-09-23 20:08:42,994 - __main__ - INFO - 📊 Episodes completed this rollout: 10
2025-09-23 20:08:42,994 - __main__ - INFO - 📈 Episode stats: avg return = 0.17, avg length = 223.0
2025-09-23 20:08:42,994 - __main__ - INFO - 🎯 Top 3 training actions: #2(10080), #3(9829), #1(9394)
2025-09-23 20:08:44,628 - __main__ - INFO - 🧪 Starting evaluation with 50 episodes...
2025-09-23 20:08:44,628 - __main__ - INFO -    Eval seed: 51
2025-09-23 20:08:44,628 - __main__ - INFO -    Max episode steps (eval): env default
2025-09-23 20:08:44,629 - nle.env.base - INFO - Not saving any NLE data.
2025-09-23 20:08:47,886 - __main__ - WARNING - ⚠️ Episode 1 terminated due to step limit.
2025-09-23 20:08:53,184 - __main__ - DEBUG - 🎯 Eval HMM masking: step 150 masked due to negative reward
2025-09-23 20:08:56,613 - __main__ - WARNING - ⚠️ Episode 7 terminated due to step limit.
2025-09-23 20:08:57,629 - __main__ - DEBUG - 🎯 Eval HMM masking: step 50 masked due to negative reward
2025-09-23 20:08:59,683 - __main__ - DEBUG - 🎯 Eval HMM masking: step 250 masked due to negative reward
2025-09-23 20:09:00,189 - __main__ - WARNING - ⚠️ Episode 9 terminated due to step limit.
2025-09-23 20:09:03,547 - __main__ - WARNING - ⚠️ Episode 10 terminated due to step limit.
2025-09-23 20:09:05,271 - __main__ - DEBUG - 🎯 Eval HMM masking: step 150 masked due to negative reward
2025-09-23 20:09:05,791 - __main__ - DEBUG - 🎯 Eval HMM masking: step 200 masked due to negative reward
2025-09-23 20:09:06,818 - __main__ - WARNING - ⚠️ Episode 11 terminated due to step limit.
2025-09-23 20:09:07,504 - __main__ - DEBUG - 🎯 Eval HMM masking: step 50 masked due to negative reward
2025-09-23 20:09:09,058 - __main__ - DEBUG - 🎯 Eval HMM masking: step 200 masked due to negative reward
2025-09-23 20:09:17,546 - __main__ - DEBUG - 🎯 Eval HMM masking: step 50 masked due to negative reward
2025-09-23 20:09:20,150 - __main__ - WARNING - ⚠️ Episode 17 terminated due to step limit.
2025-09-23 20:09:28,751 - __main__ - WARNING - ⚠️ Episode 21 terminated due to step limit.
2025-09-23 20:09:34,618 - __main__ - DEBUG - 🎯 Eval HMM masking: step 250 masked due to negative reward
2025-09-23 20:09:38,339 - __main__ - WARNING - ⚠️ Episode 26 terminated due to step limit.
2025-09-23 20:09:43,252 - __main__ - WARNING - ⚠️ Episode 28 terminated due to step limit.
2025-09-23 20:09:46,509 - __main__ - WARNING - ⚠️ Episode 29 terminated due to step limit.
2025-09-23 20:09:47,201 - __main__ - DEBUG - 🎯 Eval HMM masking: step 50 masked due to negative reward
2025-09-23 20:09:49,888 - __main__ - DEBUG - 🎯 Eval HMM masking: step 250 masked due to negative reward
2025-09-23 20:09:50,396 - __main__ - WARNING - ⚠️ Episode 31 terminated due to step limit.
2025-09-23 20:09:53,655 - __main__ - WARNING - ⚠️ Episode 32 terminated due to step limit.
2025-09-23 20:09:56,910 - __main__ - WARNING - ⚠️ Episode 33 terminated due to step limit.
2025-09-23 20:10:00,181 - __main__ - WARNING - ⚠️ Episode 34 terminated due to step limit.
2025-09-23 20:10:04,288 - __main__ - DEBUG - 🎯 Eval HMM masking: step 200 masked due to negative reward
2025-09-23 20:10:05,315 - __main__ - WARNING - ⚠️ Episode 37 terminated due to step limit.
2025-09-23 20:10:06,882 - __main__ - DEBUG - 🎯 Eval HMM masking: step 100 masked due to negative reward
2025-09-23 20:10:07,404 - __main__ - DEBUG - 🎯 Eval HMM masking: step 150 masked due to negative reward
2025-09-23 20:10:08,960 - __main__ - WARNING - ⚠️ Episode 39 terminated due to step limit.
2025-09-23 20:10:12,867 - __main__ - DEBUG - 🎯 Eval HMM masking: step 50 masked due to negative reward
2025-09-23 20:10:13,383 - __main__ - DEBUG - 🎯 Eval HMM masking: step 100 masked due to negative reward
2025-09-23 20:10:13,897 - __main__ - DEBUG - 🎯 Eval HMM masking: step 150 masked due to negative reward
2025-09-23 20:10:15,438 - __main__ - WARNING - ⚠️ Episode 43 terminated due to step limit.
2025-09-23 20:10:21,571 - __main__ - WARNING - ⚠️ Episode 45 terminated due to step limit.
2025-09-23 20:10:22,254 - __main__ - DEBUG - 🎯 Eval HMM masking: step 50 masked due to negative reward
2025-09-23 20:10:24,847 - __main__ - WARNING - ⚠️ Episode 46 terminated due to step limit.
2025-09-23 20:10:26,566 - __main__ - DEBUG - 🎯 Eval HMM masking: step 150 masked due to negative reward
2025-09-23 20:10:27,599 - __main__ - DEBUG - 🎯 Eval HMM masking: step 250 masked due to negative reward
2025-09-23 20:10:28,110 - __main__ - WARNING - ⚠️ Episode 47 terminated due to step limit.
2025-09-23 20:10:31,010 - __main__ - DEBUG - 🎯 Eval HMM masking: step 50 masked due to negative reward
2025-09-23 20:10:32,830 - __main__ - INFO - 📊 Evaluation Results (Current Round):
2025-09-23 20:10:32,830 - __main__ - INFO -    Episodes: 50
2025-09-23 20:10:32,830 - __main__ - INFO -    Time: 108.2s (2.2s/ep)
2025-09-23 20:10:32,830 - __main__ - INFO -    Average Return: 0.369 ± 0.603
2025-09-23 20:10:32,830 - __main__ - INFO -    Success Rate: 60.0%
2025-09-23 20:10:32,830 - __main__ - INFO -    Average Length: 197.0
2025-09-23 20:10:32,830 - __main__ - INFO -    Average Coverage: 68.9 positions
2025-09-23 20:10:32,830 - __main__ - INFO -    Episode Completions: 30 terminated (60.0%), 20 truncated (40.0%)
2025-09-23 20:10:32,831 - __main__ - INFO - 📈 Total Evaluation Statistics:
2025-09-23 20:10:32,831 - __main__ - INFO -    Total Episodes: 350
2025-09-23 20:10:32,831 - __main__ - INFO -    Total Average Return: 0.069 ± 0.651
2025-09-23 20:10:32,831 - __main__ - INFO -    Total Average Length: 230.2 ± 102.9
2025-09-23 20:10:32,831 - __main__ - INFO -    Total Completions: 138 terminated (39.4%), 212 truncated (60.6%)
2025-09-23 20:10:32,831 - __main__ - INFO -    Skill Entropy: 0.001
2025-09-23 20:10:32,831 - __main__ - INFO -    Used Skills: 1.0
2025-09-23 20:10:32,831 - __main__ - INFO -    Effective K: 1.00
2025-09-23 20:10:32,831 - __main__ - INFO - 🎯 Action Usage Statistics:
2025-09-23 20:10:32,831 - __main__ - INFO -    Unique actions in evaluation: 8
2025-09-23 20:10:32,831 - __main__ - INFO -    Unique actions in training: 8
2025-09-23 20:10:32,832 - __main__ - INFO -    Total unique actions: 8
2025-09-23 20:10:32,832 - __main__ - INFO -    Action coverage: 6.6%
2025-09-23 20:10:32,832 - __main__ - INFO -    Train action count: 70656
2025-09-23 20:10:32,832 - __main__ - INFO -    Eval action count: 80553
2025-09-23 20:10:32,832 - __main__ - INFO -    Train action entropy: 2.074
2025-09-23 20:10:32,832 - __main__ - INFO -    Eval action entropy: 2.071
2025-09-23 20:10:32,833 - __main__ - INFO -    Top 3 train actions: #2(10080), #3(9829), #1(9394)
2025-09-23 20:10:32,833 - __main__ - INFO -    Top 3 eval actions: #3(12222), #2(10821), #7(10669)
2025-09-23 20:10:35,061 - __main__ - INFO - 📊 Episodes completed this rollout: 1
2025-09-23 20:10:35,062 - __main__ - INFO - 📈 Episode stats: avg return = 0.65, avg length = 172.0
2025-09-23 20:10:35,062 - __main__ - INFO - 🎯 Top 3 training actions: #2(10225), #3(9954), #1(9553)
2025-09-23 20:10:38,996 - __main__ - INFO - 📊 Episodes completed this rollout: 7
2025-09-23 20:10:38,997 - __main__ - INFO - 📈 Episode stats: avg return = -0.27, avg length = 297.4
2025-09-23 20:10:38,997 - __main__ - INFO - 🎯 Top 3 training actions: #2(10356), #3(10084), #1(9703)
2025-09-23 20:10:42,860 - __main__ - INFO - 📊 Episodes completed this rollout: 6
2025-09-23 20:10:42,860 - __main__ - INFO - 📈 Episode stats: avg return = 0.88, avg length = 121.3
2025-09-23 20:10:42,860 - __main__ - INFO - 🎯 Top 3 training actions: #2(10497), #3(10209), #1(9865)
2025-09-23 20:10:46,757 - __main__ - INFO - 📊 Episodes completed this rollout: 4
2025-09-23 20:10:46,757 - __main__ - INFO - 📈 Episode stats: avg return = 0.19, avg length = 193.5
2025-09-23 20:10:46,757 - __main__ - INFO - 🎯 Top 3 training actions: #2(10626), #3(10336), #1(9985)
2025-09-23 20:10:50,601 - __main__ - INFO - 📊 Episodes completed this rollout: 2
2025-09-23 20:10:50,601 - __main__ - INFO - 📈 Episode stats: avg return = -0.31, avg length = 300.0
2025-09-23 20:10:50,602 - __main__ - INFO - 🎯 Top 3 training actions: #2(10762), #3(10435), #1(10099)
2025-09-23 20:10:54,463 - __main__ - INFO - 📊 Episodes completed this rollout: 6
2025-09-23 20:10:54,463 - __main__ - INFO - 📈 Episode stats: avg return = -0.07, avg length = 282.3
2025-09-23 20:10:54,464 - __main__ - INFO - 🎯 Top 3 training actions: #2(10885), #3(10551), #1(10224)
2025-09-23 20:10:56,049 - __main__ - INFO - 🔄 Synchronized model update at step 76,800
2025-09-23 20:10:56,050 - __main__ - INFO -    HMM interval: 12,000, VAE interval: 12,000
2025-09-23 20:10:56,050 - __main__ - INFO - 🚫 Model training masking: 1152/12288 timesteps masked (9.4%) due to negative rewards (invalid actions)
2025-09-23 20:10:56,422 - __main__ - INFO - 🔄 Capping HMM batch size from 847 to 128 to prevent OOM
2025-09-23 20:10:56,422 - __main__ - INFO - 🔄 HMM refresh starting at step 76,800 with replay size 128x128
2025-09-23 20:11:03,931 - __main__ - DEBUG - Initial ELBO: -11175.1266
2025-09-23 20:11:03,935 - __main__ - DEBUG - Relative tol: 0.0100
2025-09-23 20:11:03,935 - __main__ - DEBUG - Relative elbo_drop_tol: 0.0100
2025-09-23 20:11:03,935 - __main__ - DEBUG - - Init -502.9322
2025-09-23 20:11:03,935 - __main__ - DEBUG - - Trans -7.6368
2025-09-23 20:11:03,935 - __main__ - DEBUG - - Emit 292.6380
2025-09-23 20:11:03,936 - __main__ - DEBUG - - Entropy 0.0007
2025-09-23 20:11:03,936 - __main__ - DEBUG - - Dir -24.2213
2025-09-23 20:11:03,936 - __main__ - DEBUG - - NIW -10917.1113
2025-09-23 20:11:03,936 - __main__ - DEBUG - - Beta prior -15.8638
2025-09-23 20:11:11,637 - __main__ - DEBUG - Iter 0: ELBO after FB: -11175.1266 (LL -217.9302, Δ=0.0000)
2025-09-23 20:11:11,637 - __main__ - DEBUG - Blending stats with ρ_niw=0.0500, ρ_tr=0.0500.
2025-09-23 20:11:11,687 - __main__ - DEBUG - Iter 0: ELBO after NIW update: -8141.7659 (Emit LL 3696.5583, NIW term -11287.6709, Δ=3033.3607)
2025-09-23 20:11:11,736 - __main__ - DEBUG - Iter 0: ELBO after Dirichlet update: -8141.6636 (Trans LL -7.4288, Dir term -24.3269, Δ=0.1023)
2025-09-23 20:11:11,804 - __main__ - DEBUG - Iter 0: ELBO after β update: -8142.2850 (Init LL -503.5218, Dir term -24.3477, logp(β) -15.8748, Δ=-0.6214)
2025-09-23 20:11:19,293 - __main__ - DEBUG - Iter 1: ELBO after FB: -8142.2850 (LL 3185.6085, Δ=0.0000)
2025-09-23 20:11:19,294 - __main__ - DEBUG - Blending stats with ρ_niw=0.0500, ρ_tr=0.0500.
2025-09-23 20:11:19,343 - __main__ - DEBUG - Iter 1: ELBO after NIW update: -8142.2850 (Emit LL 3696.5583, NIW term -11287.6709, Δ=0.0000)
2025-09-23 20:11:19,393 - __main__ - DEBUG - Iter 1: ELBO after Dirichlet update: -8142.3564 (Trans LL -7.4016, Dir term -24.4464, Δ=-0.0714)
2025-09-23 20:11:19,463 - __main__ - DEBUG - Iter 1: ELBO after β update: -8142.9208 (Init LL -504.0031, Dir term -24.5199, logp(β) -15.8844, Δ=-0.5644)
2025-09-23 20:11:27,116 - __main__ - DEBUG - Iter 2: ELBO after FB: -8142.9208 (LL 3185.1544, Δ=0.0000)
2025-09-23 20:11:27,117 - __main__ - DEBUG - Blending stats with ρ_niw=0.0500, ρ_tr=0.0500.
2025-09-23 20:11:27,166 - __main__ - DEBUG - Iter 2: ELBO after NIW update: -8142.9208 (Emit LL 3696.5583, NIW term -11287.6709, Δ=0.0000)
2025-09-23 20:11:27,215 - __main__ - DEBUG - Iter 2: ELBO after Dirichlet update: -8143.1054 (Trans LL -7.3796, Dir term -24.7265, Δ=-0.1846)
2025-09-23 20:11:27,284 - __main__ - DEBUG - Iter 2: ELBO after β update: -8143.5899 (Init LL -504.4035, Dir term -24.8091, logp(β) -15.8859, Δ=-0.4845)
2025-09-23 20:11:34,849 - __main__ - DEBUG - Iter 3: ELBO after FB: -8143.5899 (LL 3184.7759, Δ=0.0000)
2025-09-23 20:11:34,850 - __main__ - DEBUG - Blending stats with ρ_niw=0.0500, ρ_tr=0.0500.
2025-09-23 20:11:34,900 - __main__ - DEBUG - Iter 3: ELBO after NIW update: -8143.5899 (Emit LL 3696.5583, NIW term -11287.6709, Δ=0.0000)
2025-09-23 20:11:34,949 - __main__ - DEBUG - Iter 3: ELBO after Dirichlet update: -8143.9104 (Trans LL -7.3615, Dir term -25.1477, Δ=-0.3205)
2025-09-23 20:11:35,010 - __main__ - DEBUG - Iter 3: ELBO after β update: -8143.9353 (Init LL -504.3894, Dir term -25.1903, logp(β) -15.8822, Δ=-0.0249)
2025-09-23 20:11:42,641 - __main__ - DEBUG - Iter 4: ELBO after FB: -8143.9353 (LL 3184.8081, Δ=0.0000)
2025-09-23 20:11:42,642 - __main__ - DEBUG - Blending stats with ρ_niw=0.0500, ρ_tr=0.0500.
2025-09-23 20:11:42,691 - __main__ - DEBUG - Iter 4: ELBO after NIW update: -8143.9353 (Emit LL 3696.5583, NIW term -11287.6709, Δ=0.0000)
2025-09-23 20:11:42,740 - __main__ - DEBUG - Iter 4: ELBO after Dirichlet update: -8144.1198 (Trans LL -7.3622, Dir term -25.3741, Δ=-0.1845)
2025-09-23 20:11:42,796 - __main__ - DEBUG - Iter 4: ELBO after β update: -8144.2238 (Init LL -504.4509, Dir term -25.4199, logp(β) -15.8790, Δ=-0.1040)
2025-09-23 20:11:42,798 - __main__ - INFO -    HMM refresh complete: ELBO=-2.1846, iters=0, max iters, states=40
2025-09-23 20:11:42,798 - __main__ - INFO -    ✅ HMM updated (next in 12,000 steps)
2025-09-23 20:11:42,798 - __main__ - INFO - 🔄 VAE refresh starting at step 76,800 with replay size 8x1536
2025-09-23 20:11:42,799 - __main__ - INFO -    Using span sampling (12288 timesteps, too large for full buffer)
2025-09-23 20:12:09,113 - __main__ - INFO -    VAE refresh complete: final_loss=2797.2102, avg_loss=2795.5374, steps=4/4, trend=improving, total_timesteps=12288, span_sampling=32_requested×4_steps, span_len=64
2025-09-23 20:12:09,115 - __main__ - INFO -    ✅ VAE updated (next in 12,000 steps)
2025-09-23 20:12:11,343 - __main__ - INFO - 📊 Episodes completed this rollout: 2
2025-09-23 20:12:11,344 - __main__ - INFO - 📈 Episode stats: avg return = 0.28, avg length = 195.5
2025-09-23 20:12:11,344 - __main__ - INFO - 🎯 Top 3 training actions: #2(10999), #3(10683), #1(10354)
2025-09-23 20:12:15,186 - __main__ - INFO - 📊 Episodes completed this rollout: 4
2025-09-23 20:12:15,186 - __main__ - INFO - 📈 Episode stats: avg return = -0.21, avg length = 300.0
2025-09-23 20:12:15,186 - __main__ - INFO - 🎯 Top 3 training actions: #2(11105), #3(10779), #1(10502)
2025-09-23 20:12:19,028 - __main__ - INFO - 📊 Episodes completed this rollout: 4
2025-09-23 20:12:19,028 - __main__ - INFO - 📈 Episode stats: avg return = -0.25, avg length = 300.0
2025-09-23 20:12:19,029 - __main__ - INFO - 🎯 Top 3 training actions: #2(11198), #3(10902), #1(10648)
2025-09-23 20:12:22,950 - __main__ - INFO - 📊 Episodes completed this rollout: 4
2025-09-23 20:12:22,950 - __main__ - INFO - 📈 Episode stats: avg return = 0.23, avg length = 240.5
2025-09-23 20:12:22,950 - __main__ - INFO - 🎯 Top 3 training actions: #2(11269), #3(11016), #1(10798)
2025-09-23 20:12:24,580 - __main__ - INFO - 🧪 Starting evaluation with 50 episodes...
2025-09-23 20:12:24,580 - __main__ - INFO -    Eval seed: 51
2025-09-23 20:12:24,580 - __main__ - INFO -    Max episode steps (eval): env default
2025-09-23 20:12:24,581 - nle.env.base - INFO - Not saving any NLE data.
2025-09-23 20:12:29,454 - __main__ - WARNING - ⚠️ Episode 3 terminated due to step limit.
2025-09-23 20:12:33,546 - __main__ - WARNING - ⚠️ Episode 5 terminated due to step limit.
2025-09-23 20:12:36,932 - __main__ - WARNING - ⚠️ Episode 6 terminated due to step limit.
2025-09-23 20:12:40,297 - __main__ - WARNING - ⚠️ Episode 7 terminated due to step limit.
2025-09-23 20:12:43,601 - __main__ - WARNING - ⚠️ Episode 8 terminated due to step limit.
2025-09-23 20:12:44,285 - __main__ - DEBUG - 🎯 Eval HMM masking: step 50 masked due to negative reward
2025-09-23 20:12:45,312 - __main__ - DEBUG - 🎯 Eval HMM masking: step 150 masked due to negative reward
2025-09-23 20:12:49,627 - __main__ - DEBUG - 🎯 Eval HMM masking: step 200 masked due to negative reward
2025-09-23 20:12:50,652 - __main__ - WARNING - ⚠️ Episode 11 terminated due to step limit.
2025-09-23 20:12:54,196 - __main__ - DEBUG - 🎯 Eval HMM masking: step 200 masked due to negative reward
2025-09-23 20:12:55,222 - __main__ - WARNING - ⚠️ Episode 14 terminated due to step limit.
2025-09-23 20:12:55,929 - __main__ - DEBUG - 🎯 Eval HMM masking: step 50 masked due to negative reward
2025-09-23 20:13:00,190 - __main__ - WARNING - ⚠️ Episode 17 terminated due to step limit.
2025-09-23 20:13:03,598 - __main__ - WARNING - ⚠️ Episode 18 terminated due to step limit.
2025-09-23 20:13:05,075 - __main__ - DEBUG - 🎯 Eval HMM masking: step 50 masked due to negative reward
2025-09-23 20:13:07,673 - __main__ - WARNING - ⚠️ Episode 20 terminated due to step limit.
2025-09-23 20:13:18,518 - __main__ - WARNING - ⚠️ Episode 25 terminated due to step limit.
2025-09-23 20:13:21,906 - __main__ - WARNING - ⚠️ Episode 26 terminated due to step limit.
2025-09-23 20:13:23,610 - __main__ - DEBUG - 🎯 Eval HMM masking: step 100 masked due to negative reward
2025-09-23 20:13:25,707 - __main__ - WARNING - ⚠️ Episode 28 terminated due to step limit.
2025-09-23 20:13:28,972 - __main__ - WARNING - ⚠️ Episode 29 terminated due to step limit.
2025-09-23 20:13:34,449 - __main__ - WARNING - ⚠️ Episode 32 terminated due to step limit.
2025-09-23 20:13:37,744 - __main__ - WARNING - ⚠️ Episode 33 terminated due to step limit.
2025-09-23 20:13:38,954 - __main__ - DEBUG - 🎯 Eval HMM masking: step 100 masked due to negative reward
2025-09-23 20:13:41,914 - __main__ - DEBUG - 🎯 Eval HMM masking: step 100 masked due to negative reward
2025-09-23 20:13:42,950 - __main__ - DEBUG - 🎯 Eval HMM masking: step 200 masked due to negative reward
2025-09-23 20:13:44,037 - __main__ - WARNING - ⚠️ Episode 35 terminated due to step limit.
2025-09-23 20:13:47,435 - __main__ - WARNING - ⚠️ Episode 36 terminated due to step limit.
2025-09-23 20:13:50,797 - __main__ - WARNING - ⚠️ Episode 37 terminated due to step limit.
2025-09-23 20:13:54,245 - __main__ - WARNING - ⚠️ Episode 38 terminated due to step limit.
2025-09-23 20:13:56,070 - __main__ - DEBUG - 🎯 Eval HMM masking: step 150 masked due to negative reward
2025-09-23 20:13:57,173 - __main__ - DEBUG - 🎯 Eval HMM masking: step 250 masked due to negative reward
2025-09-23 20:13:57,693 - __main__ - WARNING - ⚠️ Episode 39 terminated due to step limit.
2025-09-23 20:13:58,982 - __main__ - DEBUG - 🎯 Eval HMM masking: step 100 masked due to negative reward
2025-09-23 20:14:02,965 - __main__ - DEBUG - 🎯 Eval HMM masking: step 200 masked due to negative reward
2025-09-23 20:14:05,422 - __main__ - DEBUG - 🎯 Eval HMM masking: step 50 masked due to negative reward
2025-09-23 20:14:08,151 - __main__ - WARNING - ⚠️ Episode 45 terminated due to step limit.
2025-09-23 20:14:12,051 - __main__ - DEBUG - 🎯 Eval HMM masking: step 250 masked due to negative reward
2025-09-23 20:14:12,560 - __main__ - WARNING - ⚠️ Episode 47 terminated due to step limit.
2025-09-23 20:14:16,873 - __main__ - INFO - 📊 Evaluation Results (Current Round):
2025-09-23 20:14:16,873 - __main__ - INFO -    Episodes: 50
2025-09-23 20:14:16,873 - __main__ - INFO -    Time: 112.3s (2.2s/ep)
2025-09-23 20:14:16,873 - __main__ - INFO -    Average Return: 0.315 ± 0.601
2025-09-23 20:14:16,873 - __main__ - INFO -    Success Rate: 54.0%
2025-09-23 20:14:16,873 - __main__ - INFO -    Average Length: 200.4
2025-09-23 20:14:16,873 - __main__ - INFO -    Average Coverage: 74.3 positions
2025-09-23 20:14:16,873 - __main__ - INFO -    Episode Completions: 27 terminated (54.0%), 23 truncated (46.0%)
2025-09-23 20:14:16,873 - __main__ - INFO - 📈 Total Evaluation Statistics:
2025-09-23 20:14:16,874 - __main__ - INFO -    Total Episodes: 400
2025-09-23 20:14:16,874 - __main__ - INFO -    Total Average Return: 0.100 ± 0.650
2025-09-23 20:14:16,874 - __main__ - INFO -    Total Average Length: 226.4 ± 104.2
2025-09-23 20:14:16,874 - __main__ - INFO -    Total Completions: 165 terminated (41.2%), 235 truncated (58.8%)
2025-09-23 20:14:16,874 - __main__ - INFO -    Skill Entropy: 0.001
2025-09-23 20:14:16,874 - __main__ - INFO -    Used Skills: 1.0
2025-09-23 20:14:16,874 - __main__ - INFO -    Effective K: 1.00
2025-09-23 20:14:16,874 - __main__ - INFO - 🎯 Action Usage Statistics:
2025-09-23 20:14:16,874 - __main__ - INFO -    Unique actions in evaluation: 8
2025-09-23 20:14:16,874 - __main__ - INFO -    Unique actions in training: 8
2025-09-23 20:14:16,874 - __main__ - INFO -    Total unique actions: 8
2025-09-23 20:14:16,875 - __main__ - INFO -    Action coverage: 6.6%
2025-09-23 20:14:16,875 - __main__ - INFO -    Train action count: 80896
2025-09-23 20:14:16,875 - __main__ - INFO -    Eval action count: 90573
2025-09-23 20:14:16,875 - __main__ - INFO -    Train action entropy: 2.075
2025-09-23 20:14:16,875 - __main__ - INFO -    Eval action entropy: 2.072
2025-09-23 20:14:16,876 - __main__ - INFO -    Top 3 train actions: #2(11269), #3(11016), #1(10798)
2025-09-23 20:14:16,876 - __main__ - INFO -    Top 3 eval actions: #3(13246), #1(12010), #4(11942)
2025-09-23 20:14:19,179 - __main__ - INFO - 📊 Episodes completed this rollout: 4
2025-09-23 20:14:19,180 - __main__ - INFO - 📈 Episode stats: avg return = -0.32, avg length = 300.0
2025-09-23 20:14:19,180 - __main__ - INFO - 🎯 Top 3 training actions: #2(11345), #3(11108), #1(10976)
2025-09-23 20:14:23,094 - __main__ - INFO - 📊 Episodes completed this rollout: 1
2025-09-23 20:14:23,094 - __main__ - INFO - 📈 Episode stats: avg return = -0.29, avg length = 300.0
2025-09-23 20:14:23,094 - __main__ - INFO - 🎯 Top 3 training actions: #2(11416), #3(11196), #1(11182)
2025-09-23 20:14:27,046 - __main__ - INFO - 📊 Episodes completed this rollout: 9
2025-09-23 20:14:27,047 - __main__ - INFO - 📈 Episode stats: avg return = 0.06, avg length = 205.6
2025-09-23 20:14:27,047 - __main__ - INFO - 🎯 Top 3 training actions: #2(11502), #1(11380), #3(11295)
2025-09-23 20:14:30,959 - __main__ - INFO - 📊 Episodes completed this rollout: 3
2025-09-23 20:14:30,959 - __main__ - INFO - 📈 Episode stats: avg return = 0.11, avg length = 220.3
2025-09-23 20:14:30,960 - __main__ - INFO - 🎯 Top 3 training actions: #2(11583), #1(11548), #3(11367)
2025-09-23 20:14:34,864 - __main__ - INFO - 📊 Episodes completed this rollout: 4
2025-09-23 20:14:34,864 - __main__ - INFO - 📈 Episode stats: avg return = -0.11, avg length = 248.8
2025-09-23 20:14:34,864 - __main__ - INFO - 🎯 Top 3 training actions: #1(11751), #2(11657), #3(11438)
2025-09-23 20:14:38,792 - __main__ - INFO - 📊 Episodes completed this rollout: 8
2025-09-23 20:14:38,792 - __main__ - INFO - 📈 Episode stats: avg return = 0.31, avg length = 169.5
2025-09-23 20:14:38,792 - __main__ - INFO - 🎯 Top 3 training actions: #1(11937), #2(11705), #3(11517)
2025-09-23 20:14:42,708 - __main__ - INFO - 📊 Episodes completed this rollout: 5
2025-09-23 20:14:42,708 - __main__ - INFO - 📈 Episode stats: avg return = 0.36, avg length = 165.4
2025-09-23 20:14:42,708 - __main__ - INFO - 🎯 Top 3 training actions: #1(12124), #2(11785), #3(11590)
2025-09-23 20:14:46,627 - __main__ - INFO - 📊 Episodes completed this rollout: 5
2025-09-23 20:14:46,628 - __main__ - INFO - 📈 Episode stats: avg return = 0.42, avg length = 165.0
2025-09-23 20:14:46,628 - __main__ - INFO - 🎯 Top 3 training actions: #1(12287), #2(11898), #4(11677)
2025-09-23 20:14:48,255 - __main__ - INFO - 🔄 Synchronized model update at step 89,088
2025-09-23 20:14:48,255 - __main__ - INFO -    HMM interval: 12,000, VAE interval: 12,000
2025-09-23 20:14:48,256 - __main__ - INFO - 🚫 Model training masking: 1308/12288 timesteps masked (10.6%) due to negative rewards (invalid actions)
2025-09-23 20:14:48,623 - __main__ - INFO - 🔄 Capping HMM batch size from 786 to 128 to prevent OOM
2025-09-23 20:14:48,623 - __main__ - INFO - 🔄 HMM refresh starting at step 89,088 with replay size 128x128
2025-09-23 20:14:56,202 - __main__ - DEBUG - Initial ELBO: -6887.3674
2025-09-23 20:14:56,207 - __main__ - DEBUG - Relative tol: 0.0100
2025-09-23 20:14:56,207 - __main__ - DEBUG - Relative elbo_drop_tol: 0.0100
2025-09-23 20:14:56,207 - __main__ - DEBUG - - Init -503.5218
2025-09-23 20:14:56,207 - __main__ - DEBUG - - Trans -7.5225
2025-09-23 20:14:56,207 - __main__ - DEBUG - - Emit 4951.5696
2025-09-23 20:14:56,207 - __main__ - DEBUG - - Entropy 0.0007
2025-09-23 20:14:56,207 - __main__ - DEBUG - - Dir -24.3477
2025-09-23 20:14:56,207 - __main__ - DEBUG - - NIW -11287.6709
2025-09-23 20:14:56,207 - __main__ - DEBUG - - Beta prior -15.8748
2025-09-23 20:15:03,735 - __main__ - DEBUG - Iter 0: ELBO after FB: -6887.3674 (LL 4440.5261, Δ=0.0000)
2025-09-23 20:15:03,736 - __main__ - DEBUG - Blending stats with ρ_niw=0.0500, ρ_tr=0.0500.
2025-09-23 20:15:03,786 - __main__ - DEBUG - Iter 0: ELBO after NIW update: -4257.6609 (Emit LL 7976.2341, NIW term -11682.6289, Δ=2629.7065)
2025-09-23 20:15:03,836 - __main__ - DEBUG - Iter 0: ELBO after Dirichlet update: -4257.5910 (Trans LL -7.3256, Dir term -24.4747, Δ=0.0699)
2025-09-23 20:15:03,906 - __main__ - DEBUG - Iter 0: ELBO after β update: -4258.1761 (Init LL -504.0786, Dir term -24.4916, logp(β) -15.8861, Δ=-0.5851)
2025-09-23 20:15:11,842 - __main__ - DEBUG - Iter 1: ELBO after FB: -4258.1761 (LL 7464.8305, Δ=0.0000)
2025-09-23 20:15:11,843 - __main__ - DEBUG - Blending stats with ρ_niw=0.0500, ρ_tr=0.0500.
2025-09-23 20:15:11,896 - __main__ - DEBUG - Iter 1: ELBO after NIW update: -4258.1761 (Emit LL 7976.2341, NIW term -11682.6289, Δ=0.0000)
2025-09-23 20:15:11,947 - __main__ - DEBUG - Iter 1: ELBO after Dirichlet update: -4258.2191 (Trans LL -7.2996, Dir term -24.5607, Δ=-0.0430)
2025-09-23 20:15:12,036 - __main__ - DEBUG - Iter 1: ELBO after β update: -4258.7821 (Init LL -504.5612, Dir term -24.6320, logp(β) -15.8952, Δ=-0.5630)
2025-09-23 20:15:20,034 - __main__ - DEBUG - Iter 2: ELBO after FB: -4258.7821 (LL 7464.3740, Δ=0.0000)
2025-09-23 20:15:20,035 - __main__ - DEBUG - Blending stats with ρ_niw=0.0500, ρ_tr=0.0500.
2025-09-23 20:15:20,087 - __main__ - DEBUG - Iter 2: ELBO after NIW update: -4258.7821 (Emit LL 7976.2341, NIW term -11682.6289, Δ=0.0000)
2025-09-23 20:15:20,138 - __main__ - DEBUG - Iter 2: ELBO after Dirichlet update: -4258.9839 (Trans LL -7.2782, Dir term -24.8552, Δ=-0.2018)
2025-09-23 20:15:20,210 - __main__ - DEBUG - Iter 2: ELBO after β update: -4259.4686 (Init LL -504.9520, Dir term -24.9479, logp(β) -15.8965, Δ=-0.4847)
2025-09-23 20:15:28,013 - __main__ - DEBUG - Iter 3: ELBO after FB: -4259.4686 (LL 7464.0047, Δ=0.0000)
2025-09-23 20:15:28,014 - __main__ - DEBUG - Blending stats with ρ_niw=0.0500, ρ_tr=0.0500.
2025-09-23 20:15:28,065 - __main__ - DEBUG - Iter 3: ELBO after NIW update: -4259.4686 (Emit LL 7976.2341, NIW term -11682.6289, Δ=0.0000)
2025-09-23 20:15:28,116 - __main__ - DEBUG - Iter 3: ELBO after Dirichlet update: -4259.7904 (Trans LL -7.2606, Dir term -25.2874, Δ=-0.3218)
2025-09-23 20:15:28,188 - __main__ - DEBUG - Iter 3: ELBO after β update: -4259.9926 (Init LL -505.0692, Dir term -25.3799, logp(β) -15.8889, Δ=-0.2021)
2025-09-23 20:15:35,849 - __main__ - DEBUG - Iter 4: ELBO after FB: -4259.9926 (LL 7463.9051, Δ=0.0000)
2025-09-23 20:15:35,849 - __main__ - DEBUG - Blending stats with ρ_niw=0.0500, ρ_tr=0.0500.
2025-09-23 20:15:35,899 - __main__ - DEBUG - Iter 4: ELBO after NIW update: -4259.9926 (Emit LL 7976.2341, NIW term -11682.6289, Δ=0.0000)
2025-09-23 20:15:35,948 - __main__ - DEBUG - Iter 4: ELBO after Dirichlet update: -4260.4037 (Trans LL -7.2552, Dir term -25.7964, Δ=-0.4112)
2025-09-23 20:15:36,006 - __main__ - DEBUG - Iter 4: ELBO after β update: -4260.3434 (Init LL -504.9685, Dir term -25.8398, logp(β) -15.8858, Δ=0.0604)
2025-09-23 20:15:36,008 - __main__ - INFO -    HMM refresh complete: ELBO=23.3403, iters=0, max iters, states=40
2025-09-23 20:15:36,008 - __main__ - INFO -    ✅ HMM updated (next in 12,000 steps)
2025-09-23 20:15:36,008 - __main__ - INFO - 🔄 VAE refresh starting at step 89,088 with replay size 8x1536
2025-09-23 20:15:36,009 - __main__ - INFO -    Using span sampling (12288 timesteps, too large for full buffer)
2025-09-23 20:16:02,279 - __main__ - INFO -    VAE refresh complete: final_loss=2783.9795, avg_loss=2787.1576, steps=4/4, trend=improving, total_timesteps=12288, span_sampling=32_requested×4_steps, span_len=64
2025-09-23 20:16:02,281 - __main__ - INFO -    ✅ VAE updated (next in 12,000 steps)
2025-09-23 20:16:04,578 - __main__ - INFO - 📊 Episodes completed this rollout: 5
2025-09-23 20:16:04,578 - __main__ - INFO - 📈 Episode stats: avg return = -0.14, avg length = 278.8
2025-09-23 20:16:04,578 - __main__ - INFO - 🎯 Top 3 training actions: #1(12456), #2(11995), #4(11800)
2025-09-23 20:16:06,180 - __main__ - INFO - 🧪 Starting evaluation with 50 episodes...
2025-09-23 20:16:06,180 - __main__ - INFO -    Eval seed: 51
2025-09-23 20:16:06,180 - __main__ - INFO -    Max episode steps (eval): env default
2025-09-23 20:16:06,181 - nle.env.base - INFO - Not saving any NLE data.
2025-09-23 20:16:07,831 - __main__ - DEBUG - 🎯 Eval HMM masking: step 150 masked due to negative reward
2025-09-23 20:16:08,377 - __main__ - DEBUG - 🎯 Eval HMM masking: step 200 masked due to negative reward
2025-09-23 20:16:09,790 - __main__ - DEBUG - 🎯 Eval HMM masking: step 50 masked due to negative reward
2025-09-23 20:16:12,418 - __main__ - WARNING - ⚠️ Episode 2 terminated due to step limit.
2025-09-23 20:16:16,118 - __main__ - WARNING - ⚠️ Episode 4 terminated due to step limit.
2025-09-23 20:16:19,502 - __main__ - WARNING - ⚠️ Episode 5 terminated due to step limit.
2025-09-23 20:16:25,931 - __main__ - WARNING - ⚠️ Episode 7 terminated due to step limit.
2025-09-23 20:16:26,617 - __main__ - DEBUG - 🎯 Eval HMM masking: step 50 masked due to negative reward
2025-09-23 20:16:27,139 - __main__ - DEBUG - 🎯 Eval HMM masking: step 100 masked due to negative reward
2025-09-23 20:16:28,173 - __main__ - DEBUG - 🎯 Eval HMM masking: step 200 masked due to negative reward
2025-09-23 20:16:29,784 - __main__ - DEBUG - 🎯 Eval HMM masking: step 100 masked due to negative reward
2025-09-23 20:16:35,093 - __main__ - WARNING - ⚠️ Episode 11 terminated due to step limit.
2025-09-23 20:16:38,400 - __main__ - WARNING - ⚠️ Episode 12 terminated due to step limit.
2025-09-23 20:16:39,084 - __main__ - DEBUG - 🎯 Eval HMM masking: step 50 masked due to negative reward
2025-09-23 20:16:41,657 - __main__ - WARNING - ⚠️ Episode 13 terminated due to step limit.
2025-09-23 20:16:44,917 - __main__ - WARNING - ⚠️ Episode 14 terminated due to step limit.
2025-09-23 20:16:48,211 - __main__ - WARNING - ⚠️ Episode 15 terminated due to step limit.
2025-09-23 20:16:51,565 - __main__ - WARNING - ⚠️ Episode 17 terminated due to step limit.
2025-09-23 20:16:54,832 - __main__ - WARNING - ⚠️ Episode 18 terminated due to step limit.
2025-09-23 20:16:58,141 - __main__ - WARNING - ⚠️ Episode 19 terminated due to step limit.
2025-09-23 20:17:00,893 - __main__ - DEBUG - 🎯 Eval HMM masking: step 250 masked due to negative reward
2025-09-23 20:17:01,404 - __main__ - WARNING - ⚠️ Episode 20 terminated due to step limit.
2025-09-23 20:17:07,149 - __main__ - WARNING - ⚠️ Episode 23 terminated due to step limit.
2025-09-23 20:17:08,239 - __main__ - DEBUG - 🎯 Eval HMM masking: step 50 masked due to negative reward
2025-09-23 20:17:10,314 - __main__ - DEBUG - 🎯 Eval HMM masking: step 250 masked due to negative reward
2025-09-23 20:17:10,826 - __main__ - WARNING - ⚠️ Episode 26 terminated due to step limit.
2025-09-23 20:17:14,091 - __main__ - WARNING - ⚠️ Episode 27 terminated due to step limit.
2025-09-23 20:17:17,523 - __main__ - DEBUG - 🎯 Eval HMM masking: step 100 masked due to negative reward
2025-09-23 20:17:22,785 - __main__ - DEBUG - 🎯 Eval HMM masking: step 200 masked due to negative reward
2025-09-23 20:17:29,825 - __main__ - WARNING - ⚠️ Episode 33 terminated due to step limit.
2025-09-23 20:17:33,111 - __main__ - WARNING - ⚠️ Episode 34 terminated due to step limit.
2025-09-23 20:17:34,912 - __main__ - DEBUG - 🎯 Eval HMM masking: step 150 masked due to negative reward
2025-09-23 20:17:36,488 - __main__ - WARNING - ⚠️ Episode 36 terminated due to step limit.
2025-09-23 20:17:37,173 - __main__ - DEBUG - 🎯 Eval HMM masking: step 50 masked due to negative reward
2025-09-23 20:17:37,692 - __main__ - DEBUG - 🎯 Eval HMM masking: step 100 masked due to negative reward
2025-09-23 20:17:39,750 - __main__ - WARNING - ⚠️ Episode 37 terminated due to step limit.
2025-09-23 20:17:40,457 - __main__ - DEBUG - 🎯 Eval HMM masking: step 50 masked due to negative reward
2025-09-23 20:17:43,046 - __main__ - WARNING - ⚠️ Episode 39 terminated due to step limit.
2025-09-23 20:17:46,319 - __main__ - WARNING - ⚠️ Episode 40 terminated due to step limit.
2025-09-23 20:17:47,526 - __main__ - DEBUG - 🎯 Eval HMM masking: step 100 masked due to negative reward
2025-09-23 20:17:55,330 - __main__ - WARNING - ⚠️ Episode 44 terminated due to step limit.
2025-09-23 20:17:56,013 - __main__ - DEBUG - 🎯 Eval HMM masking: step 50 masked due to negative reward
2025-09-23 20:18:00,747 - __main__ - WARNING - ⚠️ Episode 46 terminated due to step limit.
2025-09-23 20:18:03,558 - __main__ - DEBUG - 🎯 Eval HMM masking: step 250 masked due to negative reward
2025-09-23 20:18:06,090 - __main__ - DEBUG - 🎯 Eval HMM masking: step 150 masked due to negative reward
2025-09-23 20:18:07,642 - __main__ - WARNING - ⚠️ Episode 49 terminated due to step limit.
2025-09-23 20:18:10,916 - __main__ - WARNING - ⚠️ Episode 50 terminated due to step limit.
2025-09-23 20:18:11,075 - __main__ - INFO - 📊 Evaluation Results (Current Round):
2025-09-23 20:18:11,075 - __main__ - INFO -    Episodes: 50
2025-09-23 20:18:11,075 - __main__ - INFO -    Time: 124.9s (2.5s/ep)
2025-09-23 20:18:11,076 - __main__ - INFO -    Average Return: 0.200 ± 0.604
2025-09-23 20:18:11,076 - __main__ - INFO -    Success Rate: 48.0%
2025-09-23 20:18:11,076 - __main__ - INFO -    Average Length: 226.7
2025-09-23 20:18:11,076 - __main__ - INFO -    Average Coverage: 77.0 positions
2025-09-23 20:18:11,076 - __main__ - INFO -    Episode Completions: 24 terminated (48.0%), 26 truncated (52.0%)
2025-09-23 20:18:11,076 - __main__ - INFO - 📈 Total Evaluation Statistics:
2025-09-23 20:18:11,076 - __main__ - INFO -    Total Episodes: 450
2025-09-23 20:18:11,076 - __main__ - INFO -    Total Average Return: 0.111 ± 0.646
2025-09-23 20:18:11,076 - __main__ - INFO -    Total Average Length: 226.5 ± 104.5
2025-09-23 20:18:11,077 - __main__ - INFO -    Total Completions: 189 terminated (42.0%), 261 truncated (58.0%)
2025-09-23 20:18:11,077 - __main__ - INFO -    Skill Entropy: 0.001
2025-09-23 20:18:11,077 - __main__ - INFO -    Used Skills: 1.0
2025-09-23 20:18:11,077 - __main__ - INFO -    Effective K: 1.00
2025-09-23 20:18:11,077 - __main__ - INFO - 🎯 Action Usage Statistics:
2025-09-23 20:18:11,077 - __main__ - INFO -    Unique actions in evaluation: 8
2025-09-23 20:18:11,077 - __main__ - INFO -    Unique actions in training: 8
2025-09-23 20:18:11,077 - __main__ - INFO -    Total unique actions: 8
2025-09-23 20:18:11,077 - __main__ - INFO -    Action coverage: 6.6%
2025-09-23 20:18:11,077 - __main__ - INFO -    Train action count: 90112
2025-09-23 20:18:11,078 - __main__ - INFO -    Eval action count: 101906
2025-09-23 20:18:11,078 - __main__ - INFO -    Train action entropy: 2.075
2025-09-23 20:18:11,078 - __main__ - INFO -    Eval action entropy: 2.073
2025-09-23 20:18:11,078 - __main__ - INFO -    Top 3 train actions: #1(12456), #2(11995), #4(11800)
2025-09-23 20:18:11,079 - __main__ - INFO -    Top 3 eval actions: #3(14422), #1(13674), #7(13503)
2025-09-23 20:18:13,381 - __main__ - INFO - 📊 Episodes completed this rollout: 5
2025-09-23 20:18:13,382 - __main__ - INFO - 📈 Episode stats: avg return = 0.22, avg length = 228.8
2025-09-23 20:18:13,382 - __main__ - INFO - 🎯 Top 3 training actions: #1(12604), #2(12117), #4(11930)
2025-09-23 20:18:17,268 - __main__ - INFO - 📊 Episodes completed this rollout: 4
2025-09-23 20:18:17,269 - __main__ - INFO - 📈 Episode stats: avg return = 0.35, avg length = 218.0
2025-09-23 20:18:17,269 - __main__ - INFO - 🎯 Top 3 training actions: #1(12754), #2(12219), #4(12075)
2025-09-23 20:18:21,157 - __main__ - INFO - 📊 Episodes completed this rollout: 7
2025-09-23 20:18:21,157 - __main__ - INFO - 📈 Episode stats: avg return = 0.71, avg length = 135.6
2025-09-23 20:18:21,158 - __main__ - INFO - 🎯 Top 3 training actions: #1(12915), #2(12343), #4(12225)
2025-09-23 20:18:25,105 - __main__ - INFO - 📊 Episodes completed this rollout: 4
2025-09-23 20:18:25,105 - __main__ - INFO - 📈 Episode stats: avg return = -0.14, avg length = 283.2
2025-09-23 20:18:25,105 - __main__ - INFO - 🎯 Top 3 training actions: #1(13036), #2(12476), #4(12369)
2025-09-23 20:18:28,978 - __main__ - INFO - 📊 Episodes completed this rollout: 4
2025-09-23 20:18:28,978 - __main__ - INFO - 📈 Episode stats: avg return = 0.26, avg length = 267.0
2025-09-23 20:18:28,979 - __main__ - INFO - 🎯 Top 3 training actions: #1(13182), #2(12616), #4(12502)
2025-09-23 20:18:32,832 - __main__ - INFO - 📊 Episodes completed this rollout: 2
2025-09-23 20:18:32,832 - __main__ - INFO - 📈 Episode stats: avg return = -0.27, avg length = 300.0
2025-09-23 20:18:32,832 - __main__ - INFO - 🎯 Top 3 training actions: #1(13330), #2(12724), #4(12644)
2025-09-23 20:18:36,841 - __main__ - INFO - 📊 Episodes completed this rollout: 4
2025-09-23 20:18:36,842 - __main__ - INFO - 📈 Episode stats: avg return = -0.03, avg length = 265.5
2025-09-23 20:18:36,842 - __main__ - INFO - 🎯 Top 3 training actions: #1(13488), #2(12845), #4(12776)
2025-09-23 20:18:40,747 - __main__ - INFO - 📊 Episodes completed this rollout: 5
2025-09-23 20:18:40,748 - __main__ - INFO - 📈 Episode stats: avg return = -0.09, avg length = 250.4
2025-09-23 20:18:40,748 - __main__ - INFO - 🎯 Top 3 training actions: #1(13616), #2(12979), #6(12917)
2025-09-23 20:18:44,629 - __main__ - INFO - 📊 Episodes completed this rollout: 4
2025-09-23 20:18:44,629 - __main__ - INFO - 📈 Episode stats: avg return = -0.02, avg length = 255.8
2025-09-23 20:18:44,629 - __main__ - INFO - 🎯 Top 3 training actions: #1(13740), #2(13101), #6(13061)
2025-09-23 20:18:48,494 - __main__ - INFO - 📊 Episodes completed this rollout: 5
2025-09-23 20:18:48,494 - __main__ - INFO - 📈 Episode stats: avg return = 0.39, avg length = 182.2
2025-09-23 20:18:48,494 - __main__ - INFO - 🎯 Top 3 training actions: #1(13851), #2(13263), #6(13212)
2025-09-23 20:18:50,090 - __main__ - INFO - 🧪 Starting evaluation with 50 episodes...
2025-09-23 20:18:50,090 - __main__ - INFO -    Eval seed: 51
2025-09-23 20:18:50,090 - __main__ - INFO -    Max episode steps (eval): env default
2025-09-23 20:18:50,091 - nle.env.base - INFO - Not saving any NLE data.
2025-09-23 20:18:52,193 - __main__ - DEBUG - 🎯 Eval HMM masking: step 200 masked due to negative reward
2025-09-23 20:18:53,227 - __main__ - WARNING - ⚠️ Episode 1 terminated due to step limit.
2025-09-23 20:18:56,132 - __main__ - DEBUG - 🎯 Eval HMM masking: step 250 masked due to negative reward
2025-09-23 20:18:56,640 - __main__ - WARNING - ⚠️ Episode 3 terminated due to step limit.
2025-09-23 20:18:58,362 - __main__ - DEBUG - 🎯 Eval HMM masking: step 150 masked due to negative reward
2025-09-23 20:18:59,906 - __main__ - WARNING - ⚠️ Episode 4 terminated due to step limit.
2025-09-23 20:19:04,263 - __main__ - WARNING - ⚠️ Episode 6 terminated due to step limit.
2025-09-23 20:19:04,946 - __main__ - DEBUG - 🎯 Eval HMM masking: step 50 masked due to negative reward
2025-09-23 20:19:07,524 - __main__ - WARNING - ⚠️ Episode 7 terminated due to step limit.
2025-09-23 20:19:10,774 - __main__ - DEBUG - 🎯 Eval HMM masking: step 50 masked due to negative reward
2025-09-23 20:19:12,382 - __main__ - DEBUG - 🎯 Eval HMM masking: step 200 masked due to negative reward
2025-09-23 20:19:12,899 - __main__ - DEBUG - 🎯 Eval HMM masking: step 250 masked due to negative reward
2025-09-23 20:19:13,411 - __main__ - WARNING - ⚠️ Episode 9 terminated due to step limit.
2025-09-23 20:19:14,624 - __main__ - DEBUG - 🎯 Eval HMM masking: step 100 masked due to negative reward
2025-09-23 20:19:15,657 - __main__ - DEBUG - 🎯 Eval HMM masking: step 200 masked due to negative reward
2025-09-23 20:19:16,180 - __main__ - DEBUG - 🎯 Eval HMM masking: step 250 masked due to negative reward
2025-09-23 20:19:16,690 - __main__ - WARNING - ⚠️ Episode 10 terminated due to step limit.
2025-09-23 20:19:23,990 - __main__ - WARNING - ⚠️ Episode 14 terminated due to step limit.
2025-09-23 20:19:27,390 - __main__ - WARNING - ⚠️ Episode 16 terminated due to step limit.
2025-09-23 20:19:30,682 - __main__ - WARNING - ⚠️ Episode 17 terminated due to step limit.
2025-09-23 20:19:33,044 - __main__ - DEBUG - 🎯 Eval HMM masking: step 200 masked due to negative reward
2025-09-23 20:19:34,125 - __main__ - WARNING - ⚠️ Episode 18 terminated due to step limit.
2025-09-23 20:19:39,369 - __main__ - WARNING - ⚠️ Episode 20 terminated due to step limit.
2025-09-23 20:19:42,475 - __main__ - DEBUG - 🎯 Eval HMM masking: step 250 masked due to negative reward
2025-09-23 20:19:42,995 - __main__ - WARNING - ⚠️ Episode 22 terminated due to step limit.
2025-09-23 20:19:46,433 - __main__ - WARNING - ⚠️ Episode 23 terminated due to step limit.
2025-09-23 20:19:49,729 - __main__ - WARNING - ⚠️ Episode 24 terminated due to step limit.
2025-09-23 20:19:53,010 - __main__ - WARNING - ⚠️ Episode 25 terminated due to step limit.
2025-09-23 20:19:56,301 - __main__ - WARNING - ⚠️ Episode 26 terminated due to step limit.
2025-09-23 20:19:59,614 - __main__ - WARNING - ⚠️ Episode 27 terminated due to step limit.
2025-09-23 20:20:02,901 - __main__ - WARNING - ⚠️ Episode 28 terminated due to step limit.
2025-09-23 20:20:08,827 - __main__ - WARNING - ⚠️ Episode 30 terminated due to step limit.
2025-09-23 20:20:12,084 - __main__ - WARNING - ⚠️ Episode 31 terminated due to step limit.
2025-09-23 20:20:15,377 - __main__ - WARNING - ⚠️ Episode 32 terminated due to step limit.
2025-09-23 20:20:17,108 - __main__ - DEBUG - 🎯 Eval HMM masking: step 150 masked due to negative reward
2025-09-23 20:20:18,143 - __main__ - DEBUG - 🎯 Eval HMM masking: step 250 masked due to negative reward
2025-09-23 20:20:18,652 - __main__ - WARNING - ⚠️ Episode 33 terminated due to step limit.
2025-09-23 20:20:19,693 - __main__ - DEBUG - 🎯 Eval HMM masking: step 50 masked due to negative reward
2025-09-23 20:20:21,606 - __main__ - DEBUG - 🎯 Eval HMM masking: step 50 masked due to negative reward
2025-09-23 20:20:22,636 - __main__ - DEBUG - 🎯 Eval HMM masking: step 150 masked due to negative reward
2025-09-23 20:20:23,154 - __main__ - DEBUG - 🎯 Eval HMM masking: step 200 masked due to negative reward
2025-09-23 20:20:24,175 - __main__ - WARNING - ⚠️ Episode 36 terminated due to step limit.
2025-09-23 20:20:27,532 - __main__ - WARNING - ⚠️ Episode 37 terminated due to step limit.
2025-09-23 20:20:28,801 - __main__ - DEBUG - 🎯 Eval HMM masking: step 100 masked due to negative reward
2025-09-23 20:20:32,346 - __main__ - WARNING - ⚠️ Episode 39 terminated due to step limit.
2025-09-23 20:20:33,550 - __main__ - DEBUG - 🎯 Eval HMM masking: step 100 masked due to negative reward
2025-09-23 20:20:37,111 - __main__ - WARNING - ⚠️ Episode 41 terminated due to step limit.
2025-09-23 20:20:40,357 - __main__ - WARNING - ⚠️ Episode 42 terminated due to step limit.
2025-09-23 20:20:43,845 - __main__ - DEBUG - 🎯 Eval HMM masking: step 250 masked due to negative reward
2025-09-23 20:20:44,348 - __main__ - WARNING - ⚠️ Episode 44 terminated due to step limit.
2025-09-23 20:20:47,615 - __main__ - WARNING - ⚠️ Episode 45 terminated due to step limit.
2025-09-23 20:20:51,200 - __main__ - DEBUG - 🎯 Eval HMM masking: step 200 masked due to negative reward
2025-09-23 20:20:52,220 - __main__ - WARNING - ⚠️ Episode 47 terminated due to step limit.
2025-09-23 20:20:52,898 - __main__ - DEBUG - 🎯 Eval HMM masking: step 50 masked due to negative reward
2025-09-23 20:21:00,375 - __main__ - DEBUG - 🎯 Eval HMM masking: step 250 masked due to negative reward
2025-09-23 20:21:00,884 - __main__ - WARNING - ⚠️ Episode 50 terminated due to step limit.
2025-09-23 20:21:01,041 - __main__ - INFO - 📊 Evaluation Results (Current Round):
2025-09-23 20:21:01,042 - __main__ - INFO -    Episodes: 50
2025-09-23 20:21:01,042 - __main__ - INFO -    Time: 131.0s (2.6s/ep)
2025-09-23 20:21:01,042 - __main__ - INFO -    Average Return: 0.069 ± 0.618
2025-09-23 20:21:01,042 - __main__ - INFO -    Success Rate: 36.0%
2025-09-23 20:21:01,042 - __main__ - INFO -    Average Length: 238.0
2025-09-23 20:21:01,042 - __main__ - INFO -    Average Coverage: 82.8 positions
2025-09-23 20:21:01,042 - __main__ - INFO -    Episode Completions: 18 terminated (36.0%), 32 truncated (64.0%)
2025-09-23 20:21:01,042 - __main__ - INFO - 📈 Total Evaluation Statistics:
2025-09-23 20:21:01,042 - __main__ - INFO -    Total Episodes: 500
2025-09-23 20:21:01,042 - __main__ - INFO -    Total Average Return: 0.107 ± 0.643
2025-09-23 20:21:01,042 - __main__ - INFO -    Total Average Length: 227.6 ± 104.2
2025-09-23 20:21:01,043 - __main__ - INFO -    Total Completions: 207 terminated (41.4%), 293 truncated (58.6%)
2025-09-23 20:21:01,043 - __main__ - INFO -    Skill Entropy: 0.001
2025-09-23 20:21:01,043 - __main__ - INFO -    Used Skills: 1.0
2025-09-23 20:21:01,043 - __main__ - INFO -    Effective K: 1.00
2025-09-23 20:21:01,043 - __main__ - INFO - 🎯 Action Usage Statistics:
2025-09-23 20:21:01,043 - __main__ - INFO -    Unique actions in evaluation: 8
2025-09-23 20:21:01,043 - __main__ - INFO -    Unique actions in training: 8
2025-09-23 20:21:01,043 - __main__ - INFO -    Total unique actions: 8
2025-09-23 20:21:01,043 - __main__ - INFO -    Action coverage: 6.6%
2025-09-23 20:21:01,043 - __main__ - INFO -    Train action count: 100352
2025-09-23 20:21:01,043 - __main__ - INFO -    Eval action count: 113806
2025-09-23 20:21:01,044 - __main__ - INFO -    Train action entropy: 2.076
2025-09-23 20:21:01,044 - __main__ - INFO -    Eval action entropy: 2.074
2025-09-23 20:21:01,044 - __main__ - INFO -    Top 3 train actions: #1(13851), #2(13263), #6(13212)
2025-09-23 20:21:01,044 - __main__ - INFO -    Top 3 eval actions: #3(15568), #7(15058), #1(14975)
2025-09-23 20:21:03,366 - __main__ - INFO - 📊 Episodes completed this rollout: 4
2025-09-23 20:21:03,367 - __main__ - INFO - 📈 Episode stats: avg return = -0.44, avg length = 300.0
2025-09-23 20:21:03,367 - __main__ - INFO - 🎯 Top 3 training actions: #1(13960), #2(13422), #6(13375)
2025-09-23 20:21:04,989 - __main__ - INFO - 🔄 Synchronized model update at step 101,376
2025-09-23 20:21:04,990 - __main__ - INFO -    HMM interval: 12,000, VAE interval: 12,000
2025-09-23 20:21:04,990 - __main__ - INFO - 🚫 Model training masking: 1548/12288 timesteps masked (12.6%) due to negative rewards (invalid actions)
2025-09-23 20:21:05,368 - __main__ - INFO - 🔄 Capping HMM batch size from 967 to 128 to prevent OOM
2025-09-23 20:21:05,368 - __main__ - INFO - 🔄 HMM refresh starting at step 101,376 with replay size 128x64
2025-09-23 20:21:08,932 - __main__ - DEBUG - Initial ELBO: -4088.0058
2025-09-23 20:21:08,934 - __main__ - DEBUG - Relative tol: 0.0100
2025-09-23 20:21:08,934 - __main__ - DEBUG - Relative elbo_drop_tol: 0.0100
2025-09-23 20:21:08,935 - __main__ - DEBUG - - Init -504.0786
2025-09-23 20:21:08,935 - __main__ - DEBUG - - Trans -6.6141
2025-09-23 20:21:08,935 - __main__ - DEBUG - - Emit 8145.6932
2025-09-23 20:21:08,935 - __main__ - DEBUG - - Entropy 0.0004
2025-09-23 20:21:08,935 - __main__ - DEBUG - - Dir -24.4916
2025-09-23 20:21:08,935 - __main__ - DEBUG - - NIW -11682.6289
2025-09-23 20:21:08,935 - __main__ - DEBUG - - Beta prior -15.8861
2025-09-23 20:21:12,965 - __main__ - DEBUG - Iter 0: ELBO after FB: -4088.0058 (LL 7635.0009, Δ=0.0000)
2025-09-23 20:21:12,966 - __main__ - DEBUG - Blending stats with ρ_niw=0.0500, ρ_tr=0.0500.
2025-09-23 20:21:13,015 - __main__ - DEBUG - Iter 0: ELBO after NIW update: -1942.3321 (Emit LL 10640.3981, NIW term -12031.6602, Δ=2145.6737)
2025-09-23 20:21:13,064 - __main__ - DEBUG - Iter 0: ELBO after Dirichlet update: -1942.2706 (Trans LL -6.5000, Dir term -24.5443, Δ=0.0615)
2025-09-23 20:21:13,134 - __main__ - DEBUG - Iter 0: ELBO after β update: -1942.8714 (Init LL -504.6317, Dir term -24.5806, logp(β) -15.8976, Δ=-0.6008)
2025-09-23 20:21:17,325 - __main__ - DEBUG - Iter 1: ELBO after FB: -1942.8714 (LL 10129.2669, Δ=0.0000)
2025-09-23 20:21:17,326 - __main__ - DEBUG - Blending stats with ρ_niw=0.0500, ρ_tr=0.0500.
2025-09-23 20:21:17,375 - __main__ - DEBUG - Iter 1: ELBO after NIW update: -1942.8714 (Emit LL 10640.3981, NIW term -12031.6602, Δ=0.0000)
2025-09-23 20:21:17,425 - __main__ - DEBUG - Iter 1: ELBO after Dirichlet update: -1942.9370 (Trans LL -6.4772, Dir term -24.6690, Δ=-0.0656)
2025-09-23 20:21:17,496 - __main__ - DEBUG - Iter 1: ELBO after β update: -1943.4932 (Init LL -505.0990, Dir term -24.7493, logp(β) -15.9061, Δ=-0.5562)
2025-09-23 20:21:21,493 - __main__ - DEBUG - Iter 2: ELBO after FB: -1943.4932 (LL 10128.8224, Δ=0.0000)
2025-09-23 20:21:21,494 - __main__ - DEBUG - Blending stats with ρ_niw=0.0500, ρ_tr=0.0500.
2025-09-23 20:21:21,541 - __main__ - DEBUG - Iter 2: ELBO after NIW update: -1943.4932 (Emit LL 10640.3981, NIW term -12031.6602, Δ=0.0000)
2025-09-23 20:21:21,588 - __main__ - DEBUG - Iter 2: ELBO after Dirichlet update: -1943.6858 (Trans LL -6.4592, Dir term -24.9598, Δ=-0.1925)
2025-09-23 20:21:21,657 - __main__ - DEBUG - Iter 2: ELBO after β update: -1944.1418 (Init LL -505.4726, Dir term -25.0415, logp(β) -15.9069, Δ=-0.4560)
2025-09-23 20:21:25,615 - __main__ - DEBUG - Iter 3: ELBO after FB: -1944.1418 (LL 10128.4667, Δ=0.0000)
2025-09-23 20:21:25,615 - __main__ - DEBUG - Blending stats with ρ_niw=0.0500, ρ_tr=0.0500.
2025-09-23 20:21:25,662 - __main__ - DEBUG - Iter 3: ELBO after NIW update: -1944.1418 (Emit LL 10640.3981, NIW term -12031.6602, Δ=0.0000)
2025-09-23 20:21:25,709 - __main__ - DEBUG - Iter 3: ELBO after Dirichlet update: -1944.4811 (Trans LL -6.4440, Dir term -25.3959, Δ=-0.3393)
2025-09-23 20:21:25,767 - __main__ - DEBUG - Iter 3: ELBO after β update: -1944.5090 (Init LL -505.4617, Dir term -25.4384, logp(β) -15.9033, Δ=-0.0280)
2025-09-23 20:21:29,718 - __main__ - DEBUG - Iter 4: ELBO after FB: -1944.5090 (LL 10128.4928, Δ=0.0000)
2025-09-23 20:21:29,719 - __main__ - DEBUG - Blending stats with ρ_niw=0.0500, ρ_tr=0.0500.
2025-09-23 20:21:29,766 - __main__ - DEBUG - Iter 4: ELBO after NIW update: -1944.5090 (Emit LL 10640.3981, NIW term -12031.6602, Δ=0.0000)
2025-09-23 20:21:29,812 - __main__ - DEBUG - Iter 4: ELBO after Dirichlet update: -1944.6884 (Trans LL -6.4447, Dir term -25.6170, Δ=-0.1793)
2025-09-23 20:21:29,865 - __main__ - DEBUG - Iter 4: ELBO after β update: -1944.7401 (Init LL -505.5044, Dir term -25.6278, logp(β) -15.9015, Δ=-0.0517)
2025-09-23 20:21:29,866 - __main__ - INFO -    HMM refresh complete: ELBO=2.6712, iters=0, max iters, states=40
2025-09-23 20:21:29,866 - __main__ - INFO -    ✅ HMM updated (next in 12,000 steps)
2025-09-23 20:21:29,866 - __main__ - INFO - 🔄 VAE refresh starting at step 101,376 with replay size 8x1536
2025-09-23 20:21:29,867 - __main__ - INFO -    Using span sampling (12288 timesteps, too large for full buffer)
2025-09-23 20:21:55,297 - __main__ - INFO -    VAE refresh complete: final_loss=2764.4709, avg_loss=2767.9031, steps=4/4, trend=improving, total_timesteps=12288, span_sampling=32_requested×4_steps, span_len=64
2025-09-23 20:21:55,299 - __main__ - INFO -    ✅ VAE updated (next in 12,000 steps)
2025-09-23 20:21:57,577 - __main__ - INFO - 📊 Episodes completed this rollout: 4
2025-09-23 20:21:57,577 - __main__ - INFO - 📈 Episode stats: avg return = 0.00, avg length = 256.8
2025-09-23 20:21:57,577 - __main__ - INFO - 🎯 Top 3 training actions: #1(14059), #2(13610), #6(13515)
2025-09-23 20:22:01,443 - __main__ - INFO - 📊 Episodes completed this rollout: 4
2025-09-23 20:22:01,443 - __main__ - INFO - 📈 Episode stats: avg return = 0.27, avg length = 201.2
2025-09-23 20:22:01,443 - __main__ - INFO - 🎯 Top 3 training actions: #1(14174), #2(13790), #6(13641)
2025-09-23 20:22:05,463 - __main__ - INFO - 📊 Episodes completed this rollout: 8
2025-09-23 20:22:05,463 - __main__ - INFO - 📈 Episode stats: avg return = 0.26, avg length = 189.0
2025-09-23 20:22:05,463 - __main__ - INFO - 🎯 Top 3 training actions: #1(14272), #2(14011), #6(13710)
2025-09-23 20:22:09,382 - __main__ - INFO - 📊 Episodes completed this rollout: 3
2025-09-23 20:22:09,382 - __main__ - INFO - 📈 Episode stats: avg return = 0.35, avg length = 193.3
2025-09-23 20:22:09,382 - __main__ - INFO - 🎯 Top 3 training actions: #1(14357), #2(14199), #6(13807)
2025-09-23 20:22:13,276 - __main__ - INFO - 📊 Episodes completed this rollout: 4
2025-09-23 20:22:13,276 - __main__ - INFO - 📈 Episode stats: avg return = 0.03, avg length = 258.8
2025-09-23 20:22:13,276 - __main__ - INFO - 🎯 Top 3 training actions: #1(14471), #2(14374), #6(13904)
2025-09-23 20:22:17,150 - __main__ - INFO - 📊 Episodes completed this rollout: 5
2025-09-23 20:22:17,150 - __main__ - INFO - 📈 Episode stats: avg return = -0.09, avg length = 252.8
2025-09-23 20:22:17,151 - __main__ - INFO - 🎯 Top 3 training actions: #1(14588), #2(14525), #6(13992)
2025-09-23 20:22:21,001 - __main__ - INFO - 📊 Episodes completed this rollout: 4
2025-09-23 20:22:21,001 - __main__ - INFO - 📈 Episode stats: avg return = 0.60, avg length = 203.5
2025-09-23 20:22:21,001 - __main__ - INFO - 🎯 Top 3 training actions: #1(14709), #2(14673), #6(14101)
2025-09-23 20:22:24,860 - __main__ - INFO - 📊 Episodes completed this rollout: 3
2025-09-23 20:22:24,860 - __main__ - INFO - 📈 Episode stats: avg return = -0.21, avg length = 300.0
2025-09-23 20:22:24,861 - __main__ - INFO - 🎯 Top 3 training actions: #2(14821), #1(14817), #6(14191)
2025-09-23 20:22:28,881 - __main__ - INFO - 📊 Episodes completed this rollout: 5
2025-09-23 20:22:28,882 - __main__ - INFO - 📈 Episode stats: avg return = 0.17, avg length = 219.0
2025-09-23 20:22:28,882 - __main__ - INFO - 🎯 Top 3 training actions: #2(14986), #1(14943), #6(14281)
2025-09-23 20:22:30,535 - __main__ - INFO - 🧪 Starting evaluation with 50 episodes...
2025-09-23 20:22:30,535 - __main__ - INFO -    Eval seed: 51
2025-09-23 20:22:30,535 - __main__ - INFO -    Max episode steps (eval): env default
2025-09-23 20:22:30,536 - nle.env.base - INFO - Not saving any NLE data.
2025-09-23 20:22:32,110 - __main__ - DEBUG - 🎯 Eval HMM masking: step 150 masked due to negative reward
2025-09-23 20:22:32,627 - __main__ - DEBUG - 🎯 Eval HMM masking: step 200 masked due to negative reward
2025-09-23 20:22:33,656 - __main__ - WARNING - ⚠️ Episode 1 terminated due to step limit.
2025-09-23 20:22:36,954 - __main__ - WARNING - ⚠️ Episode 2 terminated due to step limit.
2025-09-23 20:22:43,096 - __main__ - WARNING - ⚠️ Episode 5 terminated due to step limit.
2025-09-23 20:22:48,934 - __main__ - WARNING - ⚠️ Episode 7 terminated due to step limit.
2025-09-23 20:22:51,166 - __main__ - DEBUG - 🎯 Eval HMM masking: step 200 masked due to negative reward
2025-09-23 20:22:52,199 - __main__ - WARNING - ⚠️ Episode 8 terminated due to step limit.
2025-09-23 20:22:52,880 - __main__ - DEBUG - 🎯 Eval HMM masking: step 50 masked due to negative reward
2025-09-23 20:22:53,394 - __main__ - DEBUG - 🎯 Eval HMM masking: step 100 masked due to negative reward
2025-09-23 20:22:53,911 - __main__ - DEBUG - 🎯 Eval HMM masking: step 150 masked due to negative reward
2025-09-23 20:22:55,453 - __main__ - WARNING - ⚠️ Episode 9 terminated due to step limit.
2025-09-23 20:22:57,682 - __main__ - DEBUG - 🎯 Eval HMM masking: step 200 masked due to negative reward
2025-09-23 20:22:58,728 - __main__ - WARNING - ⚠️ Episode 10 terminated due to step limit.
2025-09-23 20:23:02,109 - __main__ - WARNING - ⚠️ Episode 11 terminated due to step limit.
2025-09-23 20:23:06,605 - __main__ - WARNING - ⚠️ Episode 13 terminated due to step limit.
2025-09-23 20:23:09,370 - __main__ - DEBUG - 🎯 Eval HMM masking: step 250 masked due to negative reward
2025-09-23 20:23:09,884 - __main__ - WARNING - ⚠️ Episode 14 terminated due to step limit.
2025-09-23 20:23:12,664 - __main__ - DEBUG - 🎯 Eval HMM masking: step 50 masked due to negative reward
2025-09-23 20:23:19,975 - __main__ - WARNING - ⚠️ Episode 20 terminated due to step limit.
2025-09-23 20:23:24,154 - __main__ - WARNING - ⚠️ Episode 22 terminated due to step limit.
2025-09-23 20:23:29,671 - __main__ - WARNING - ⚠️ Episode 25 terminated due to step limit.
2025-09-23 20:23:30,359 - __main__ - DEBUG - 🎯 Eval HMM masking: step 50 masked due to negative reward
2025-09-23 20:23:32,965 - __main__ - WARNING - ⚠️ Episode 26 terminated due to step limit.
2025-09-23 20:23:33,657 - __main__ - DEBUG - 🎯 Eval HMM masking: step 50 masked due to negative reward
2025-09-23 20:23:39,244 - __main__ - WARNING - ⚠️ Episode 28 terminated due to step limit.
2025-09-23 20:23:40,960 - __main__ - DEBUG - 🎯 Eval HMM masking: step 150 masked due to negative reward
2025-09-23 20:23:42,502 - __main__ - WARNING - ⚠️ Episode 29 terminated due to step limit.
2025-09-23 20:23:45,762 - __main__ - WARNING - ⚠️ Episode 30 terminated due to step limit.
2025-09-23 20:23:51,132 - __main__ - WARNING - ⚠️ Episode 32 terminated due to step limit.
2025-09-23 20:23:52,859 - __main__ - DEBUG - 🎯 Eval HMM masking: step 150 masked due to negative reward
2025-09-23 20:23:53,379 - __main__ - DEBUG - 🎯 Eval HMM masking: step 200 masked due to negative reward
2025-09-23 20:23:54,410 - __main__ - WARNING - ⚠️ Episode 33 terminated due to step limit.
2025-09-23 20:23:57,748 - __main__ - WARNING - ⚠️ Episode 34 terminated due to step limit.
2025-09-23 20:24:07,770 - __main__ - DEBUG - 🎯 Eval HMM masking: step 100 masked due to negative reward
2025-09-23 20:24:09,867 - __main__ - WARNING - ⚠️ Episode 40 terminated due to step limit.
2025-09-23 20:24:12,760 - __main__ - DEBUG - 🎯 Eval HMM masking: step 50 masked due to negative reward
2025-09-23 20:24:13,279 - __main__ - DEBUG - 🎯 Eval HMM masking: step 100 masked due to negative reward
2025-09-23 20:24:15,341 - __main__ - WARNING - ⚠️ Episode 43 terminated due to step limit.
2025-09-23 20:24:20,196 - __main__ - WARNING - ⚠️ Episode 45 terminated due to step limit.
2025-09-23 20:24:25,370 - __main__ - DEBUG - 🎯 Eval HMM masking: step 50 masked due to negative reward
2025-09-23 20:24:26,927 - __main__ - DEBUG - 🎯 Eval HMM masking: step 200 masked due to negative reward
2025-09-23 20:24:27,959 - __main__ - WARNING - ⚠️ Episode 48 terminated due to step limit.
2025-09-23 20:24:28,647 - __main__ - DEBUG - 🎯 Eval HMM masking: step 50 masked due to negative reward
2025-09-23 20:24:31,230 - __main__ - WARNING - ⚠️ Episode 49 terminated due to step limit.
2025-09-23 20:24:32,955 - __main__ - DEBUG - 🎯 Eval HMM masking: step 150 masked due to negative reward
2025-09-23 20:24:34,502 - __main__ - WARNING - ⚠️ Episode 50 terminated due to step limit.
2025-09-23 20:24:34,660 - __main__ - INFO - 📊 Evaluation Results (Current Round):
2025-09-23 20:24:34,661 - __main__ - INFO -    Episodes: 50
2025-09-23 20:24:34,661 - __main__ - INFO -    Time: 124.1s (2.5s/ep)
2025-09-23 20:24:34,661 - __main__ - INFO -    Average Return: 0.225 ± 0.609
2025-09-23 20:24:34,661 - __main__ - INFO -    Success Rate: 48.0%
2025-09-23 20:24:34,661 - __main__ - INFO -    Average Length: 226.0
2025-09-23 20:24:34,661 - __main__ - INFO -    Average Coverage: 80.3 positions
2025-09-23 20:24:34,661 - __main__ - INFO -    Episode Completions: 24 terminated (48.0%), 26 truncated (52.0%)
2025-09-23 20:24:34,661 - __main__ - INFO - 📈 Total Evaluation Statistics:
2025-09-23 20:24:34,661 - __main__ - INFO -    Total Episodes: 550
2025-09-23 20:24:34,663 - __main__ - INFO -    Total Average Return: 0.118 ± 0.641
2025-09-23 20:24:34,663 - __main__ - INFO -    Total Average Length: 227.5 ± 103.5
2025-09-23 20:24:34,664 - __main__ - INFO -    Total Completions: 231 terminated (42.0%), 319 truncated (58.0%)
2025-09-23 20:24:34,664 - __main__ - INFO -    Skill Entropy: 0.001
2025-09-23 20:24:34,664 - __main__ - INFO -    Used Skills: 1.0
2025-09-23 20:24:34,664 - __main__ - INFO -    Effective K: 1.00
2025-09-23 20:24:34,664 - __main__ - INFO - 🎯 Action Usage Statistics:
2025-09-23 20:24:34,664 - __main__ - INFO -    Unique actions in evaluation: 8
2025-09-23 20:24:34,664 - __main__ - INFO -    Unique actions in training: 8
2025-09-23 20:24:34,664 - __main__ - INFO -    Total unique actions: 8
2025-09-23 20:24:34,664 - __main__ - INFO -    Action coverage: 6.6%
2025-09-23 20:24:34,664 - __main__ - INFO -    Train action count: 110592
2025-09-23 20:24:34,665 - __main__ - INFO -    Eval action count: 125105
2025-09-23 20:24:34,665 - __main__ - INFO -    Train action entropy: 2.076
2025-09-23 20:24:34,665 - __main__ - INFO -    Eval action entropy: 2.075
2025-09-23 20:24:34,666 - __main__ - INFO -    Top 3 train actions: #2(14986), #1(14943), #6(14281)
2025-09-23 20:24:34,666 - __main__ - INFO -    Top 3 eval actions: #3(17055), #7(16646), #2(16549)
2025-09-23 20:24:36,958 - __main__ - INFO - 📊 Episodes completed this rollout: 3
2025-09-23 20:24:36,958 - __main__ - INFO - 📈 Episode stats: avg return = 0.10, avg length = 285.0
2025-09-23 20:24:36,958 - __main__ - INFO - 🎯 Top 3 training actions: #2(15159), #1(15056), #4(14410)
2025-09-23 20:24:40,863 - __main__ - INFO - 📊 Episodes completed this rollout: 6
2025-09-23 20:24:40,863 - __main__ - INFO - 📈 Episode stats: avg return = -0.08, avg length = 256.7
2025-09-23 20:24:40,863 - __main__ - INFO - 🎯 Top 3 training actions: #2(15339), #1(15176), #4(14528)
2025-09-23 20:24:44,715 - __main__ - INFO - 📊 Episodes completed this rollout: 5
2025-09-23 20:24:44,716 - __main__ - INFO - 📈 Episode stats: avg return = 0.39, avg length = 208.6
2025-09-23 20:24:44,716 - __main__ - INFO - 🎯 Top 3 training actions: #2(15499), #1(15317), #4(14658)
2025-09-23 20:24:46,307 - __main__ - INFO - 🔄 Synchronized model update at step 113,664
2025-09-23 20:24:46,308 - __main__ - INFO -    HMM interval: 12,000, VAE interval: 12,000
2025-09-23 20:24:46,308 - __main__ - INFO - 🚫 Model training masking: 1440/12288 timesteps masked (11.7%) due to negative rewards (invalid actions)
2025-09-23 20:24:46,667 - __main__ - INFO - 🔄 Capping HMM batch size from 726 to 128 to prevent OOM
2025-09-23 20:24:46,668 - __main__ - INFO - 🔄 HMM refresh starting at step 113,664 with replay size 128x125
2025-09-23 20:24:53,635 - __main__ - DEBUG - Initial ELBO: -1865.2799
2025-09-23 20:24:53,639 - __main__ - DEBUG - Relative tol: 0.0100
2025-09-23 20:24:53,639 - __main__ - DEBUG - Relative elbo_drop_tol: 0.0100
2025-09-23 20:24:53,639 - __main__ - DEBUG - - Init -504.6317
2025-09-23 20:24:53,639 - __main__ - DEBUG - - Trans -6.1683
2025-09-23 20:24:53,639 - __main__ - DEBUG - - Emit 10717.6576
2025-09-23 20:24:53,639 - __main__ - DEBUG - - Entropy 0.0007
2025-09-23 20:24:53,639 - __main__ - DEBUG - - Dir -24.5806
2025-09-23 20:24:53,639 - __main__ - DEBUG - - NIW -12031.6602
2025-09-23 20:24:53,640 - __main__ - DEBUG - - Beta prior -15.8976
2025-09-23 20:25:01,011 - __main__ - DEBUG - Iter 0: ELBO after FB: -1865.2799 (LL 10206.8584, Δ=0.0000)
2025-09-23 20:25:01,012 - __main__ - DEBUG - Blending stats with ρ_niw=0.0500, ρ_tr=0.0500.
2025-09-23 20:25:01,061 - __main__ - DEBUG - Iter 0: ELBO after NIW update: 27.3649 (Emit LL 12942.6422, NIW term -12364.0000, Δ=1892.6448)
2025-09-23 20:25:01,111 - __main__ - DEBUG - Iter 0: ELBO after Dirichlet update: 27.4027 (Trans LL -6.0895, Dir term -24.6214, Δ=0.0379)
2025-09-23 20:25:01,177 - __main__ - DEBUG - Iter 0: ELBO after β update: 26.8445 (Init LL -505.1609, Dir term -24.6386, logp(β) -15.9093, Δ=-0.5582)
2025-09-23 20:25:08,546 - __main__ - DEBUG - Iter 1: ELBO after FB: 26.8445 (LL 12431.3924, Δ=0.0000)
2025-09-23 20:25:08,547 - __main__ - DEBUG - Blending stats with ρ_niw=0.0500, ρ_tr=0.0500.
2025-09-23 20:25:08,598 - __main__ - DEBUG - Iter 1: ELBO after NIW update: 26.8445 (Emit LL 12942.6422, NIW term -12364.0000, Δ=0.0000)
2025-09-23 20:25:08,649 - __main__ - DEBUG - Iter 1: ELBO after Dirichlet update: 26.7738 (Trans LL -6.0692, Dir term -24.7296, Δ=-0.0707)
2025-09-23 20:25:08,715 - __main__ - DEBUG - Iter 1: ELBO after β update: 26.2310 (Init LL -505.6257, Dir term -24.8000, logp(β) -15.9170, Δ=-0.5429)
2025-09-23 20:25:08,716 - __main__ - DEBUG - Early stopping: ELBO drop 0.6136 > tolerance, reverting to best parameters
2025-09-23 20:25:08,717 - __main__ - INFO -    HMM refresh complete: ELBO=185.2564, iters=0, max iters, states=40
2025-09-23 20:25:08,717 - __main__ - INFO -    ✅ HMM updated (next in 12,000 steps)
2025-09-23 20:25:08,718 - __main__ - INFO - 🔄 VAE refresh starting at step 113,664 with replay size 8x1536
2025-09-23 20:25:08,718 - __main__ - INFO -    Using span sampling (12288 timesteps, too large for full buffer)
2025-09-23 20:25:35,079 - __main__ - INFO -    VAE refresh complete: final_loss=2765.3621, avg_loss=2773.6565, steps=4/4, trend=improving, total_timesteps=12288, span_sampling=32_requested×4_steps, span_len=64
2025-09-23 20:25:35,081 - __main__ - INFO -    ✅ VAE updated (next in 12,000 steps)
2025-09-23 20:25:37,330 - __main__ - INFO - 📊 Episodes completed this rollout: 2
2025-09-23 20:25:37,331 - __main__ - INFO - 📈 Episode stats: avg return = 0.76, avg length = 219.0
2025-09-23 20:25:37,331 - __main__ - INFO - 🎯 Top 3 training actions: #2(15684), #1(15430), #4(14766)
2025-09-23 20:25:41,246 - __main__ - INFO - 📊 Episodes completed this rollout: 6
2025-09-23 20:25:41,246 - __main__ - INFO - 📈 Episode stats: avg return = -0.01, avg length = 255.5
2025-09-23 20:25:41,246 - __main__ - INFO - 🎯 Top 3 training actions: #2(15869), #1(15559), #4(14875)
2025-09-23 20:25:45,166 - __main__ - INFO - 📊 Episodes completed this rollout: 3
2025-09-23 20:25:45,167 - __main__ - INFO - 📈 Episode stats: avg return = 0.15, avg length = 236.7
2025-09-23 20:25:45,167 - __main__ - INFO - 🎯 Top 3 training actions: #2(16071), #1(15658), #4(14968)
2025-09-23 20:25:49,030 - __main__ - INFO - 📊 Episodes completed this rollout: 3
2025-09-23 20:25:49,030 - __main__ - INFO - 📈 Episode stats: avg return = 0.04, avg length = 249.3
2025-09-23 20:25:49,030 - __main__ - INFO - 🎯 Top 3 training actions: #2(16267), #1(15751), #4(15067)
2025-09-23 20:25:52,924 - __main__ - INFO - 📊 Episodes completed this rollout: 5
2025-09-23 20:25:52,924 - __main__ - INFO - 📈 Episode stats: avg return = -0.04, avg length = 249.8
2025-09-23 20:25:52,924 - __main__ - INFO - 🎯 Top 3 training actions: #2(16524), #1(15823), #4(15161)
2025-09-23 20:25:56,807 - __main__ - INFO - 📊 Episodes completed this rollout: 4
2025-09-23 20:25:56,807 - __main__ - INFO - 📈 Episode stats: avg return = 0.02, avg length = 231.2
2025-09-23 20:25:56,807 - __main__ - INFO - 🎯 Top 3 training actions: #2(16790), #1(15912), #4(15248)
2025-09-23 20:26:00,769 - __main__ - INFO - 📊 Episodes completed this rollout: 7
2025-09-23 20:26:00,769 - __main__ - INFO - 📈 Episode stats: avg return = 0.10, avg length = 247.9
2025-09-23 20:26:00,769 - __main__ - INFO - 🎯 Top 3 training actions: #2(17048), #1(15997), #3(15391)
2025-09-23 20:26:02,414 - __main__ - INFO - 🧪 Starting evaluation with 50 episodes...
2025-09-23 20:26:02,414 - __main__ - INFO -    Eval seed: 51
2025-09-23 20:26:02,414 - __main__ - INFO -    Max episode steps (eval): env default
2025-09-23 20:26:02,415 - nle.env.base - INFO - Not saving any NLE data.
2025-09-23 20:26:05,304 - __main__ - DEBUG - 🎯 Eval HMM masking: step 200 masked due to negative reward
2025-09-23 20:26:05,829 - __main__ - DEBUG - 🎯 Eval HMM masking: step 250 masked due to negative reward
2025-09-23 20:26:06,344 - __main__ - WARNING - ⚠️ Episode 2 terminated due to step limit.
2025-09-23 20:26:08,081 - __main__ - DEBUG - 🎯 Eval HMM masking: step 150 masked due to negative reward
2025-09-23 20:26:09,641 - __main__ - WARNING - ⚠️ Episode 3 terminated due to step limit.
2025-09-23 20:26:12,926 - __main__ - WARNING - ⚠️ Episode 4 terminated due to step limit.
2025-09-23 20:26:17,881 - __main__ - WARNING - ⚠️ Episode 6 terminated due to step limit.
2025-09-23 20:26:21,156 - __main__ - WARNING - ⚠️ Episode 7 terminated due to step limit.
2025-09-23 20:26:24,611 - __main__ - WARNING - ⚠️ Episode 8 terminated due to step limit.
2025-09-23 20:26:25,879 - __main__ - DEBUG - 🎯 Eval HMM masking: step 100 masked due to negative reward
2025-09-23 20:26:28,099 - __main__ - WARNING - ⚠️ Episode 9 terminated due to step limit.
2025-09-23 20:26:31,043 - __main__ - DEBUG - 🎯 Eval HMM masking: step 250 masked due to negative reward
2025-09-23 20:26:31,590 - __main__ - WARNING - ⚠️ Episode 10 terminated due to step limit.
2025-09-23 20:26:32,319 - __main__ - DEBUG - 🎯 Eval HMM masking: step 50 masked due to negative reward
2025-09-23 20:26:35,067 - __main__ - WARNING - ⚠️ Episode 11 terminated due to step limit.
2025-09-23 20:26:38,007 - __main__ - DEBUG - 🎯 Eval HMM masking: step 250 masked due to negative reward
2025-09-23 20:26:38,554 - __main__ - WARNING - ⚠️ Episode 12 terminated due to step limit.
2025-09-23 20:26:41,935 - __main__ - WARNING - ⚠️ Episode 13 terminated due to step limit.
2025-09-23 20:26:44,113 - __main__ - DEBUG - 🎯 Eval HMM masking: step 50 masked due to negative reward
2025-09-23 20:26:46,788 - __main__ - WARNING - ⚠️ Episode 15 terminated due to step limit.
2025-09-23 20:26:50,914 - __main__ - WARNING - ⚠️ Episode 17 terminated due to step limit.
2025-09-23 20:26:54,340 - __main__ - WARNING - ⚠️ Episode 18 terminated due to step limit.
2025-09-23 20:26:57,269 - __main__ - DEBUG - 🎯 Eval HMM masking: step 250 masked due to negative reward
2025-09-23 20:26:57,812 - __main__ - WARNING - ⚠️ Episode 19 terminated due to step limit.
2025-09-23 20:27:03,365 - __main__ - WARNING - ⚠️ Episode 21 terminated due to step limit.
2025-09-23 20:27:06,714 - __main__ - WARNING - ⚠️ Episode 22 terminated due to step limit.
2025-09-23 20:27:07,434 - __main__ - DEBUG - 🎯 Eval HMM masking: step 50 masked due to negative reward
2025-09-23 20:27:12,643 - __main__ - WARNING - ⚠️ Episode 24 terminated due to step limit.
2025-09-23 20:27:15,991 - __main__ - WARNING - ⚠️ Episode 25 terminated due to step limit.
2025-09-23 20:27:18,863 - __main__ - DEBUG - 🎯 Eval HMM masking: step 250 masked due to negative reward
2025-09-23 20:27:22,418 - __main__ - WARNING - ⚠️ Episode 27 terminated due to step limit.
2025-09-23 20:27:28,527 - __main__ - WARNING - ⚠️ Episode 29 terminated due to step limit.
2025-09-23 20:27:29,736 - __main__ - DEBUG - 🎯 Eval HMM masking: step 100 masked due to negative reward
2025-09-23 20:27:31,807 - __main__ - WARNING - ⚠️ Episode 30 terminated due to step limit.
2025-09-23 20:27:33,011 - __main__ - DEBUG - 🎯 Eval HMM masking: step 100 masked due to negative reward
2025-09-23 20:27:34,566 - __main__ - DEBUG - 🎯 Eval HMM masking: step 250 masked due to negative reward
2025-09-23 20:27:35,077 - __main__ - WARNING - ⚠️ Episode 31 terminated due to step limit.
2025-09-23 20:27:37,332 - __main__ - DEBUG - 🎯 Eval HMM masking: step 200 masked due to negative reward
2025-09-23 20:27:39,320 - __main__ - DEBUG - 🎯 Eval HMM masking: step 150 masked due to negative reward
2025-09-23 20:27:39,841 - __main__ - DEBUG - 🎯 Eval HMM masking: step 200 masked due to negative reward
2025-09-23 20:27:40,871 - __main__ - WARNING - ⚠️ Episode 34 terminated due to step limit.
2025-09-23 20:27:42,079 - __main__ - DEBUG - 🎯 Eval HMM masking: step 100 masked due to negative reward
2025-09-23 20:27:43,137 - __main__ - DEBUG - 🎯 Eval HMM masking: step 200 masked due to negative reward
2025-09-23 20:27:44,205 - __main__ - WARNING - ⚠️ Episode 35 terminated due to step limit.
2025-09-23 20:27:44,918 - __main__ - DEBUG - 🎯 Eval HMM masking: step 50 masked due to negative reward
2025-09-23 20:27:48,399 - __main__ - WARNING - ⚠️ Episode 37 terminated due to step limit.
2025-09-23 20:27:51,910 - __main__ - WARNING - ⚠️ Episode 38 terminated due to step limit.
2025-09-23 20:27:52,635 - __main__ - DEBUG - 🎯 Eval HMM masking: step 50 masked due to negative reward
2025-09-23 20:27:54,847 - __main__ - DEBUG - 🎯 Eval HMM masking: step 250 masked due to negative reward
2025-09-23 20:27:55,392 - __main__ - WARNING - ⚠️ Episode 39 terminated due to step limit.
2025-09-23 20:27:58,856 - __main__ - WARNING - ⚠️ Episode 40 terminated due to step limit.
2025-09-23 20:28:02,616 - __main__ - WARNING - ⚠️ Episode 43 terminated due to step limit.
2025-09-23 20:28:05,919 - __main__ - WARNING - ⚠️ Episode 44 terminated due to step limit.
2025-09-23 20:28:07,130 - __main__ - DEBUG - 🎯 Eval HMM masking: step 100 masked due to negative reward
2025-09-23 20:28:08,265 - __main__ - DEBUG - 🎯 Eval HMM masking: step 50 masked due to negative reward
2025-09-23 20:28:10,848 - __main__ - WARNING - ⚠️ Episode 46 terminated due to step limit.
2025-09-23 20:28:11,539 - __main__ - DEBUG - 🎯 Eval HMM masking: step 50 masked due to negative reward
2025-09-23 20:28:12,656 - __main__ - DEBUG - 🎯 Eval HMM masking: step 50 masked due to negative reward
2025-09-23 20:28:14,731 - __main__ - DEBUG - 🎯 Eval HMM masking: step 250 masked due to negative reward
2025-09-23 20:28:17,403 - __main__ - DEBUG - 🎯 Eval HMM masking: step 200 masked due to negative reward
2025-09-23 20:28:18,441 - __main__ - WARNING - ⚠️ Episode 49 terminated due to step limit.
2025-09-23 20:28:19,862 - __main__ - INFO - 📊 Evaluation Results (Current Round):
2025-09-23 20:28:19,862 - __main__ - INFO -    Episodes: 50
2025-09-23 20:28:19,862 - __main__ - INFO -    Time: 137.4s (2.7s/ep)
2025-09-23 20:28:19,862 - __main__ - INFO -    Average Return: 0.035 ± 0.609
2025-09-23 20:28:19,863 - __main__ - INFO -    Success Rate: 34.0%
2025-09-23 20:28:19,863 - __main__ - INFO -    Average Length: 244.7
2025-09-23 20:28:19,863 - __main__ - INFO -    Average Coverage: 76.1 positions
2025-09-23 20:28:19,863 - __main__ - INFO -    Episode Completions: 17 terminated (34.0%), 33 truncated (66.0%)
2025-09-23 20:28:19,863 - __main__ - INFO - 📈 Total Evaluation Statistics:
2025-09-23 20:28:19,863 - __main__ - INFO -    Total Episodes: 600
2025-09-23 20:28:19,863 - __main__ - INFO -    Total Average Return: 0.111 ± 0.639
2025-09-23 20:28:19,863 - __main__ - INFO -    Total Average Length: 228.9 ± 102.8
2025-09-23 20:28:19,863 - __main__ - INFO -    Total Completions: 248 terminated (41.3%), 352 truncated (58.7%)
2025-09-23 20:28:19,863 - __main__ - INFO -    Skill Entropy: 0.001
2025-09-23 20:28:19,863 - __main__ - INFO -    Used Skills: 1.0
2025-09-23 20:28:19,864 - __main__ - INFO -    Effective K: 1.00
2025-09-23 20:28:19,864 - __main__ - INFO - 🎯 Action Usage Statistics:
2025-09-23 20:28:19,864 - __main__ - INFO -    Unique actions in evaluation: 8
2025-09-23 20:28:19,864 - __main__ - INFO -    Unique actions in training: 8
2025-09-23 20:28:19,864 - __main__ - INFO -    Total unique actions: 8
2025-09-23 20:28:19,864 - __main__ - INFO -    Action coverage: 6.6%
2025-09-23 20:28:19,864 - __main__ - INFO -    Train action count: 120832
2025-09-23 20:28:19,864 - __main__ - INFO -    Eval action count: 137338
2025-09-23 20:28:19,864 - __main__ - INFO -    Train action entropy: 2.076
2025-09-23 20:28:19,865 - __main__ - INFO -    Eval action entropy: 2.074
2025-09-23 20:28:19,865 - __main__ - INFO -    Top 3 train actions: #2(17048), #1(15997), #3(15391)
2025-09-23 20:28:19,865 - __main__ - INFO -    Top 3 eval actions: #2(19720), #3(18796), #7(17801)
2025-09-23 20:28:22,134 - __main__ - INFO - 📊 Episodes completed this rollout: 3
2025-09-23 20:28:22,134 - __main__ - INFO - 📈 Episode stats: avg return = 0.96, avg length = 54.3
2025-09-23 20:28:22,134 - __main__ - INFO - 🎯 Top 3 training actions: #2(17328), #1(16089), #3(15515)
2025-09-23 20:28:26,053 - __main__ - INFO - 📊 Episodes completed this rollout: 4
2025-09-23 20:28:26,053 - __main__ - INFO - 📈 Episode stats: avg return = -0.38, avg length = 300.0
2025-09-23 20:28:26,053 - __main__ - INFO - 🎯 Top 3 training actions: #2(17568), #1(16198), #3(15652)
2025-09-23 20:28:29,993 - __main__ - INFO - 📊 Episodes completed this rollout: 6
2025-09-23 20:28:29,994 - __main__ - INFO - 📈 Episode stats: avg return = 0.19, avg length = 205.2
2025-09-23 20:28:29,994 - __main__ - INFO - 🎯 Top 3 training actions: #2(17798), #1(16291), #3(15812)
2025-09-23 20:28:33,883 - __main__ - INFO - 📊 Episodes completed this rollout: 5
2025-09-23 20:28:33,883 - __main__ - INFO - 📈 Episode stats: avg return = 0.19, avg length = 207.0
2025-09-23 20:28:33,884 - __main__ - INFO - 🎯 Top 3 training actions: #2(17991), #1(16356), #3(15967)
2025-09-23 20:28:37,781 - __main__ - INFO - 📊 Episodes completed this rollout: 4
2025-09-23 20:28:37,781 - __main__ - INFO - 📈 Episode stats: avg return = 0.05, avg length = 226.5
2025-09-23 20:28:37,781 - __main__ - INFO - 🎯 Top 3 training actions: #2(18189), #1(16412), #3(16106)
2025-09-23 20:28:39,407 - __main__ - INFO - 🔄 Synchronized model update at step 125,952
2025-09-23 20:28:39,408 - __main__ - INFO -    HMM interval: 12,000, VAE interval: 12,000
2025-09-23 20:28:39,408 - __main__ - INFO - 🚫 Model training masking: 1488/12288 timesteps masked (12.1%) due to negative rewards (invalid actions)
2025-09-23 20:28:39,774 - __main__ - INFO - 🔄 Capping HMM batch size from 848 to 128 to prevent OOM
2025-09-23 20:28:39,775 - __main__ - INFO - 🔄 HMM refresh starting at step 125,952 with replay size 128x82
2025-09-23 20:28:44,693 - __main__ - DEBUG - Initial ELBO: 405.7987
2025-09-23 20:28:44,697 - __main__ - DEBUG - Relative tol: 0.0100
2025-09-23 20:28:44,697 - __main__ - DEBUG - Relative elbo_drop_tol: 0.0100
2025-09-23 20:28:44,697 - __main__ - DEBUG - - Init -505.1609
2025-09-23 20:28:44,697 - __main__ - DEBUG - - Trans -6.1825
2025-09-23 20:28:44,697 - __main__ - DEBUG - - Emit 13321.6896
2025-09-23 20:28:44,697 - __main__ - DEBUG - - Entropy 0.0005
2025-09-23 20:28:44,697 - __main__ - DEBUG - - Dir -24.6386
2025-09-23 20:28:44,697 - __main__ - DEBUG - - NIW -12364.0000
2025-09-23 20:28:44,697 - __main__ - DEBUG - - Beta prior -15.9093
2025-09-23 20:28:50,006 - __main__ - DEBUG - Iter 0: ELBO after FB: 405.7987 (LL 12810.3467, Δ=0.0000)
2025-09-23 20:28:50,007 - __main__ - DEBUG - Blending stats with ρ_niw=0.0500, ρ_tr=0.0500.
2025-09-23 20:28:50,055 - __main__ - DEBUG - Iter 0: ELBO after NIW update: 2436.1703 (Emit LL 15703.5290, NIW term -12715.4678, Δ=2030.3716)
2025-09-23 20:28:50,103 - __main__ - DEBUG - Iter 0: ELBO after Dirichlet update: 2436.2059 (Trans LL -6.1019, Dir term -24.6837, Δ=0.0355)
2025-09-23 20:28:50,169 - __main__ - DEBUG - Iter 0: ELBO after β update: 2435.6348 (Init LL -505.6824, Dir term -24.7214, logp(β) -15.9213, Δ=-0.5711)
2025-09-23 20:28:55,487 - __main__ - DEBUG - Iter 1: ELBO after FB: 2435.6348 (LL 15191.7452, Δ=0.0000)
2025-09-23 20:28:55,487 - __main__ - DEBUG - Blending stats with ρ_niw=0.0500, ρ_tr=0.0500.
2025-09-23 20:28:55,538 - __main__ - DEBUG - Iter 1: ELBO after NIW update: 2435.6348 (Emit LL 15703.5290, NIW term -12715.4678, Δ=0.0000)
2025-09-23 20:28:55,589 - __main__ - DEBUG - Iter 1: ELBO after Dirichlet update: 2435.5749 (Trans LL -6.0825, Dir term -24.8006, Δ=-0.0599)
2025-09-23 20:28:55,662 - __main__ - DEBUG - Iter 1: ELBO after β update: 2435.0595 (Init LL -506.1283, Dir term -24.8635, logp(β) -15.9278, Δ=-0.5154)
2025-09-23 20:29:00,668 - __main__ - DEBUG - Iter 2: ELBO after FB: 2435.0595 (LL 15191.3186, Δ=0.0000)
2025-09-23 20:29:00,668 - __main__ - DEBUG - Blending stats with ρ_niw=0.0500, ρ_tr=0.0500.
2025-09-23 20:29:00,717 - __main__ - DEBUG - Iter 2: ELBO after NIW update: 2435.0595 (Emit LL 15703.5290, NIW term -12715.4678, Δ=0.0000)
2025-09-23 20:29:00,765 - __main__ - DEBUG - Iter 2: ELBO after Dirichlet update: 2434.8356 (Trans LL -6.0659, Dir term -25.1041, Δ=-0.2239)
2025-09-23 20:29:00,835 - __main__ - DEBUG - Iter 2: ELBO after β update: 2434.4161 (Init LL -506.4577, Dir term -25.1947, logp(β) -15.9273, Δ=-0.4195)
2025-09-23 20:29:06,040 - __main__ - DEBUG - Iter 3: ELBO after FB: 2434.4161 (LL 15191.0059, Δ=0.0000)
2025-09-23 20:29:06,041 - __main__ - DEBUG - Blending stats with ρ_niw=0.0500, ρ_tr=0.0500.
2025-09-23 20:29:06,092 - __main__ - DEBUG - Iter 3: ELBO after NIW update: 2434.4161 (Emit LL 15703.5290, NIW term -12715.4678, Δ=0.0000)
2025-09-23 20:29:06,143 - __main__ - DEBUG - Iter 3: ELBO after Dirichlet update: 2434.0818 (Trans LL -6.0539, Dir term -25.5410, Δ=-0.3343)
2025-09-23 20:29:06,217 - __main__ - DEBUG - Iter 3: ELBO after β update: 2433.8948 (Init LL -506.5805, Dir term -25.6119, logp(β) -15.9206, Δ=-0.1870)
2025-09-23 20:29:11,161 - __main__ - DEBUG - Iter 4: ELBO after FB: 2433.8948 (LL 15190.8951, Δ=0.0000)
2025-09-23 20:29:11,162 - __main__ - DEBUG - Blending stats with ρ_niw=0.0500, ρ_tr=0.0500.
2025-09-23 20:29:11,210 - __main__ - DEBUG - Iter 4: ELBO after NIW update: 2433.8948 (Emit LL 15703.5290, NIW term -12715.4678, Δ=0.0000)
2025-09-23 20:29:11,259 - __main__ - DEBUG - Iter 4: ELBO after Dirichlet update: 2433.4715 (Trans LL -6.0492, Dir term -26.0399, Δ=-0.4233)
2025-09-23 20:29:11,319 - __main__ - DEBUG - Iter 4: ELBO after β update: 2433.4943 (Init LL -506.5128, Dir term -26.0880, logp(β) -15.9172, Δ=0.0228)
2025-09-23 20:29:11,321 - __main__ - INFO -    HMM refresh complete: ELBO=26.6005, iters=0, max iters, states=40
2025-09-23 20:29:11,321 - __main__ - INFO -    ✅ HMM updated (next in 12,000 steps)
2025-09-23 20:29:11,321 - __main__ - INFO - 🔄 VAE refresh starting at step 125,952 with replay size 8x1536
2025-09-23 20:29:11,322 - __main__ - INFO -    Using span sampling (12288 timesteps, too large for full buffer)
2025-09-23 20:29:36,851 - __main__ - INFO -    VAE refresh complete: final_loss=2760.3398, avg_loss=2764.2640, steps=4/4, trend=improving, total_timesteps=12288, span_sampling=32_requested×4_steps, span_len=64
2025-09-23 20:29:36,853 - __main__ - INFO -    ✅ VAE updated (next in 12,000 steps)
2025-09-23 20:29:39,126 - __main__ - INFO - 📊 Episodes completed this rollout: 4
2025-09-23 20:29:39,126 - __main__ - INFO - 📈 Episode stats: avg return = -0.04, avg length = 257.8
2025-09-23 20:29:39,126 - __main__ - INFO - 🎯 Top 3 training actions: #2(18358), #1(16480), #3(16260)
2025-09-23 20:29:43,113 - __main__ - INFO - 📊 Episodes completed this rollout: 7
2025-09-23 20:29:43,113 - __main__ - INFO - 📈 Episode stats: avg return = 0.21, avg length = 211.7
2025-09-23 20:29:43,113 - __main__ - INFO - 🎯 Top 3 training actions: #2(18510), #1(16565), #3(16429)
2025-09-23 20:29:47,106 - __main__ - INFO - 📊 Episodes completed this rollout: 6
2025-09-23 20:29:47,106 - __main__ - INFO - 📈 Episode stats: avg return = 0.46, avg length = 134.2
2025-09-23 20:29:47,106 - __main__ - INFO - 🎯 Top 3 training actions: #2(18660), #1(16668), #3(16556)
2025-09-23 20:29:51,078 - __main__ - INFO - 📊 Episodes completed this rollout: 4
2025-09-23 20:29:51,079 - __main__ - INFO - 📈 Episode stats: avg return = 0.30, avg length = 169.8
2025-09-23 20:29:51,079 - __main__ - INFO - 🎯 Top 3 training actions: #2(18809), #1(16766), #3(16710)
2025-09-23 20:29:52,720 - __main__ - INFO - 🧪 Starting evaluation with 50 episodes...
2025-09-23 20:29:52,721 - __main__ - INFO -    Eval seed: 51
2025-09-23 20:29:52,721 - __main__ - INFO -    Max episode steps (eval): env default
2025-09-23 20:29:52,721 - nle.env.base - INFO - Not saving any NLE data.
2025-09-23 20:29:55,919 - __main__ - WARNING - ⚠️ Episode 1 terminated due to step limit.
2025-09-23 20:29:59,186 - __main__ - WARNING - ⚠️ Episode 2 terminated due to step limit.
2025-09-23 20:30:01,097 - __main__ - DEBUG - 🎯 Eval HMM masking: step 150 masked due to negative reward
2025-09-23 20:30:02,695 - __main__ - WARNING - ⚠️ Episode 4 terminated due to step limit.
2025-09-23 20:30:05,159 - __main__ - DEBUG - 🎯 Eval HMM masking: step 50 masked due to negative reward
2025-09-23 20:30:07,773 - __main__ - WARNING - ⚠️ Episode 6 terminated due to step limit.
2025-09-23 20:30:11,251 - __main__ - DEBUG - 🎯 Eval HMM masking: step 100 masked due to negative reward
2025-09-23 20:30:11,770 - __main__ - DEBUG - 🎯 Eval HMM masking: step 150 masked due to negative reward
2025-09-23 20:30:13,321 - __main__ - WARNING - ⚠️ Episode 8 terminated due to step limit.
2025-09-23 20:30:16,244 - __main__ - DEBUG - 🎯 Eval HMM masking: step 100 masked due to negative reward
2025-09-23 20:30:18,312 - __main__ - WARNING - ⚠️ Episode 11 terminated due to step limit.
2025-09-23 20:30:21,578 - __main__ - WARNING - ⚠️ Episode 12 terminated due to step limit.
2025-09-23 20:30:24,887 - __main__ - WARNING - ⚠️ Episode 13 terminated due to step limit.
2025-09-23 20:30:26,168 - __main__ - DEBUG - 🎯 Eval HMM masking: step 100 masked due to negative reward
2025-09-23 20:30:26,693 - __main__ - DEBUG - 🎯 Eval HMM masking: step 150 masked due to negative reward
2025-09-23 20:30:28,253 - __main__ - WARNING - ⚠️ Episode 14 terminated due to step limit.
2025-09-23 20:30:33,490 - __main__ - DEBUG - 🎯 Eval HMM masking: step 100 masked due to negative reward
2025-09-23 20:30:35,606 - __main__ - WARNING - ⚠️ Episode 19 terminated due to step limit.
2025-09-23 20:30:36,286 - __main__ - DEBUG - 🎯 Eval HMM masking: step 50 masked due to negative reward
2025-09-23 20:30:38,871 - __main__ - WARNING - ⚠️ Episode 20 terminated due to step limit.
2025-09-23 20:30:40,709 - __main__ - DEBUG - 🎯 Eval HMM masking: step 150 masked due to negative reward
2025-09-23 20:30:42,264 - __main__ - WARNING - ⚠️ Episode 21 terminated due to step limit.
2025-09-23 20:30:45,612 - __main__ - WARNING - ⚠️ Episode 22 terminated due to step limit.
2025-09-23 20:30:46,822 - __main__ - DEBUG - 🎯 Eval HMM masking: step 100 masked due to negative reward
2025-09-23 20:30:50,234 - __main__ - DEBUG - 🎯 Eval HMM masking: step 150 masked due to negative reward
2025-09-23 20:30:50,748 - __main__ - DEBUG - 🎯 Eval HMM masking: step 200 masked due to negative reward
2025-09-23 20:30:51,771 - __main__ - WARNING - ⚠️ Episode 24 terminated due to step limit.
2025-09-23 20:30:55,011 - __main__ - WARNING - ⚠️ Episode 25 terminated due to step limit.
2025-09-23 20:31:02,848 - __main__ - WARNING - ⚠️ Episode 28 terminated due to step limit.
2025-09-23 20:31:06,145 - __main__ - WARNING - ⚠️ Episode 29 terminated due to step limit.
2025-09-23 20:31:09,423 - __main__ - WARNING - ⚠️ Episode 30 terminated due to step limit.
2025-09-23 20:31:12,950 - __main__ - DEBUG - 🎯 Eval HMM masking: step 150 masked due to negative reward
2025-09-23 20:31:14,502 - __main__ - WARNING - ⚠️ Episode 32 terminated due to step limit.
2025-09-23 20:31:18,964 - __main__ - WARNING - ⚠️ Episode 34 terminated due to step limit.
2025-09-23 20:31:22,265 - __main__ - WARNING - ⚠️ Episode 35 terminated due to step limit.
2025-09-23 20:31:23,188 - __main__ - DEBUG - 🎯 Eval HMM masking: step 50 masked due to negative reward
2025-09-23 20:31:25,871 - __main__ - DEBUG - 🎯 Eval HMM masking: step 100 masked due to negative reward
2025-09-23 20:31:26,405 - __main__ - DEBUG - 🎯 Eval HMM masking: step 150 masked due to negative reward
2025-09-23 20:31:27,977 - __main__ - WARNING - ⚠️ Episode 38 terminated due to step limit.
2025-09-23 20:31:35,550 - __main__ - WARNING - ⚠️ Episode 41 terminated due to step limit.
2025-09-23 20:31:39,003 - __main__ - WARNING - ⚠️ Episode 42 terminated due to step limit.
2025-09-23 20:31:42,780 - __main__ - DEBUG - 🎯 Eval HMM masking: step 150 masked due to negative reward
2025-09-23 20:31:43,327 - __main__ - DEBUG - 🎯 Eval HMM masking: step 200 masked due to negative reward
2025-09-23 20:31:44,422 - __main__ - WARNING - ⚠️ Episode 44 terminated due to step limit.
2025-09-23 20:31:46,173 - __main__ - DEBUG - 🎯 Eval HMM masking: step 150 masked due to negative reward
2025-09-23 20:31:47,724 - __main__ - WARNING - ⚠️ Episode 45 terminated due to step limit.
2025-09-23 20:31:52,763 - __main__ - WARNING - ⚠️ Episode 47 terminated due to step limit.
2025-09-23 20:31:59,311 - __main__ - WARNING - ⚠️ Episode 49 terminated due to step limit.
2025-09-23 20:32:00,338 - __main__ - INFO - 📊 Evaluation Results (Current Round):
2025-09-23 20:32:00,338 - __main__ - INFO -    Episodes: 50
2025-09-23 20:32:00,338 - __main__ - INFO -    Time: 127.6s (2.6s/ep)
2025-09-23 20:32:00,338 - __main__ - INFO -    Average Return: 0.157 ± 0.613
2025-09-23 20:32:00,339 - __main__ - INFO -    Success Rate: 44.0%
2025-09-23 20:32:00,339 - __main__ - INFO -    Average Length: 230.4
2025-09-23 20:32:00,339 - __main__ - INFO -    Average Coverage: 77.1 positions
2025-09-23 20:32:00,339 - __main__ - INFO -    Episode Completions: 22 terminated (44.0%), 28 truncated (56.0%)
2025-09-23 20:32:00,339 - __main__ - INFO - 📈 Total Evaluation Statistics:
2025-09-23 20:32:00,339 - __main__ - INFO -    Total Episodes: 650
2025-09-23 20:32:00,339 - __main__ - INFO -    Total Average Return: 0.114 ± 0.637
2025-09-23 20:32:00,339 - __main__ - INFO -    Total Average Length: 229.0 ± 102.2
2025-09-23 20:32:00,339 - __main__ - INFO -    Total Completions: 270 terminated (41.5%), 380 truncated (58.5%)
2025-09-23 20:32:00,339 - __main__ - INFO -    Skill Entropy: 0.001
2025-09-23 20:32:00,339 - __main__ - INFO -    Used Skills: 1.0
2025-09-23 20:32:00,340 - __main__ - INFO -    Effective K: 1.00
2025-09-23 20:32:00,340 - __main__ - INFO - 🎯 Action Usage Statistics:
2025-09-23 20:32:00,340 - __main__ - INFO -    Unique actions in evaluation: 8
2025-09-23 20:32:00,340 - __main__ - INFO -    Unique actions in training: 8
2025-09-23 20:32:00,340 - __main__ - INFO -    Total unique actions: 8
2025-09-23 20:32:00,340 - __main__ - INFO -    Action coverage: 6.6%
2025-09-23 20:32:00,340 - __main__ - INFO -    Train action count: 130048
2025-09-23 20:32:00,340 - __main__ - INFO -    Eval action count: 148856
2025-09-23 20:32:00,340 - __main__ - INFO -    Train action entropy: 2.076
2025-09-23 20:32:00,341 - __main__ - INFO -    Eval action entropy: 2.075
2025-09-23 20:32:00,341 - __main__ - INFO -    Top 3 train actions: #2(18809), #1(16766), #3(16710)
2025-09-23 20:32:00,341 - __main__ - INFO -    Top 3 eval actions: #2(21587), #3(20330), #7(19067)
2025-09-23 20:32:02,634 - __main__ - INFO - 📊 Episodes completed this rollout: 5
2025-09-23 20:32:02,635 - __main__ - INFO - 📈 Episode stats: avg return = 0.21, avg length = 218.8
2025-09-23 20:32:02,635 - __main__ - INFO - 🎯 Top 3 training actions: #2(18976), #1(16861), #3(16843)
2025-09-23 20:32:06,556 - __main__ - INFO - 📊 Episodes completed this rollout: 5
2025-09-23 20:32:06,556 - __main__ - INFO - 📈 Episode stats: avg return = 0.14, avg length = 199.8
2025-09-23 20:32:06,556 - __main__ - INFO - 🎯 Top 3 training actions: #2(19140), #3(16964), #1(16961)
2025-09-23 20:32:10,460 - __main__ - INFO - 📊 Episodes completed this rollout: 4
2025-09-23 20:32:10,460 - __main__ - INFO - 📈 Episode stats: avg return = -0.00, avg length = 278.8
2025-09-23 20:32:10,460 - __main__ - INFO - 🎯 Top 3 training actions: #2(19319), #3(17076), #1(17071)
2025-09-23 20:32:14,377 - __main__ - INFO - 📊 Episodes completed this rollout: 5
2025-09-23 20:32:14,378 - __main__ - INFO - 📈 Episode stats: avg return = 0.08, avg length = 267.8
2025-09-23 20:32:14,378 - __main__ - INFO - 🎯 Top 3 training actions: #2(19534), #3(17208), #1(17169)
2025-09-23 20:32:18,347 - __main__ - INFO - 📊 Episodes completed this rollout: 4
2025-09-23 20:32:18,347 - __main__ - INFO - 📈 Episode stats: avg return = -0.05, avg length = 249.0
2025-09-23 20:32:18,348 - __main__ - INFO - 🎯 Top 3 training actions: #2(19744), #3(17313), #1(17257)
2025-09-23 20:32:22,239 - __main__ - INFO - 📊 Episodes completed this rollout: 2
2025-09-23 20:32:22,240 - __main__ - INFO - 📈 Episode stats: avg return = 0.03, avg length = 299.0
2025-09-23 20:32:22,240 - __main__ - INFO - 🎯 Top 3 training actions: #2(19919), #3(17441), #1(17338)
2025-09-23 20:32:26,182 - __main__ - INFO - 📊 Episodes completed this rollout: 7
2025-09-23 20:32:26,183 - __main__ - INFO - 📈 Episode stats: avg return = 0.43, avg length = 198.4
2025-09-23 20:32:26,183 - __main__ - INFO - 🎯 Top 3 training actions: #2(20082), #3(17551), #0(17447)
2025-09-23 20:32:30,147 - __main__ - INFO - 📊 Episodes completed this rollout: 5
2025-09-23 20:32:30,147 - __main__ - INFO - 📈 Episode stats: avg return = 0.43, avg length = 186.2
2025-09-23 20:32:30,148 - __main__ - INFO - 🎯 Top 3 training actions: #2(20255), #3(17684), #0(17612)
2025-09-23 20:32:31,835 - __main__ - INFO - 🔄 Synchronized model update at step 138,240
2025-09-23 20:32:31,836 - __main__ - INFO -    HMM interval: 12,000, VAE interval: 12,000
2025-09-23 20:32:31,836 - __main__ - INFO - 🚫 Model training masking: 1344/12288 timesteps masked (10.9%) due to negative rewards (invalid actions)
2025-09-23 20:32:32,206 - __main__ - INFO - 🔄 Capping HMM batch size from 835 to 128 to prevent OOM
2025-09-23 20:32:32,206 - __main__ - INFO - 🔄 HMM refresh starting at step 138,240 with replay size 128x98
2025-09-23 20:32:37,939 - __main__ - DEBUG - Initial ELBO: -680.5996
2025-09-23 20:32:37,942 - __main__ - DEBUG - Relative tol: 0.0100
2025-09-23 20:32:37,942 - __main__ - DEBUG - Relative elbo_drop_tol: 0.0100
2025-09-23 20:32:37,942 - __main__ - DEBUG - - Init -505.6824
2025-09-23 20:32:37,942 - __main__ - DEBUG - - Trans -5.0492
2025-09-23 20:32:37,943 - __main__ - DEBUG - - Emit 12586.2419
2025-09-23 20:32:37,943 - __main__ - DEBUG - - Entropy 0.0006
2025-09-23 20:32:37,943 - __main__ - DEBUG - - Dir -24.7214
2025-09-23 20:32:37,943 - __main__ - DEBUG - - NIW -12715.4678
2025-09-23 20:32:37,943 - __main__ - DEBUG - - Beta prior -15.9213
2025-09-23 20:32:43,789 - __main__ - DEBUG - Iter 0: ELBO after FB: -680.5996 (LL 12075.5109, Δ=0.0000)
2025-09-23 20:32:43,790 - __main__ - DEBUG - Blending stats with ρ_niw=0.0500, ρ_tr=0.0500.
2025-09-23 20:32:43,838 - __main__ - DEBUG - Iter 0: ELBO after NIW update: 931.8683 (Emit LL 14452.5594, NIW term -12969.3174, Δ=1612.4679)
2025-09-23 20:32:43,887 - __main__ - DEBUG - Iter 0: ELBO after Dirichlet update: 931.8988 (Trans LL -5.0415, Dir term -24.6986, Δ=0.0305)
2025-09-23 20:32:43,955 - __main__ - DEBUG - Iter 0: ELBO after β update: 931.3454 (Init LL -506.2036, Dir term -24.7188, logp(β) -15.9334, Δ=-0.5534)
2025-09-23 20:32:50,123 - __main__ - DEBUG - Iter 1: ELBO after FB: 931.3454 (LL 13941.3149, Δ=0.0000)
2025-09-23 20:32:50,124 - __main__ - DEBUG - Blending stats with ρ_niw=0.0500, ρ_tr=0.0500.
2025-09-23 20:32:50,173 - __main__ - DEBUG - Iter 1: ELBO after NIW update: 931.3454 (Emit LL 14452.5594, NIW term -12969.3174, Δ=0.0000)
2025-09-23 20:32:50,221 - __main__ - DEBUG - Iter 1: ELBO after Dirichlet update: 931.2767 (Trans LL -5.0255, Dir term -24.8034, Δ=-0.0686)
2025-09-23 20:32:50,293 - __main__ - DEBUG - Iter 1: ELBO after β update: 930.7645 (Init LL -506.6463, Dir term -24.8671, logp(β) -15.9392, Δ=-0.5123)
2025-09-23 20:32:56,541 - __main__ - DEBUG - Iter 2: ELBO after FB: 930.7645 (LL 13940.8881, Δ=0.0000)
2025-09-23 20:32:56,542 - __main__ - DEBUG - Blending stats with ρ_niw=0.0500, ρ_tr=0.0500.
2025-09-23 20:32:56,594 - __main__ - DEBUG - Iter 2: ELBO after NIW update: 930.7645 (Emit LL 14452.5594, NIW term -12969.3174, Δ=0.0000)
2025-09-23 20:32:56,647 - __main__ - DEBUG - Iter 2: ELBO after Dirichlet update: 930.5559 (Trans LL -5.0117, Dir term -25.0894, Δ=-0.2086)
2025-09-23 20:32:56,722 - __main__ - DEBUG - Iter 2: ELBO after β update: 930.1926 (Init LL -506.9347, Dir term -25.1659, logp(β) -15.9376, Δ=-0.3632)
2025-09-23 20:33:02,875 - __main__ - DEBUG - Iter 3: ELBO after FB: 930.1926 (LL 13940.6135, Δ=0.0000)
2025-09-23 20:33:02,876 - __main__ - DEBUG - Blending stats with ρ_niw=0.0500, ρ_tr=0.0500.
2025-09-23 20:33:02,926 - __main__ - DEBUG - Iter 3: ELBO after NIW update: 930.1926 (Emit LL 14452.5594, NIW term -12969.3174, Δ=0.0000)
2025-09-23 20:33:02,975 - __main__ - DEBUG - Iter 3: ELBO after Dirichlet update: 929.8418 (Trans LL -5.0024, Dir term -25.5260, Δ=-0.3508)
2025-09-23 20:33:03,033 - __main__ - DEBUG - Iter 3: ELBO after β update: 929.8509 (Init LL -506.8898, Dir term -25.5643, logp(β) -15.9352, Δ=0.0091)
2025-09-23 20:33:08,865 - __main__ - DEBUG - Iter 4: ELBO after FB: 929.8509 (LL 13940.6678, Δ=0.0000)
2025-09-23 20:33:08,866 - __main__ - DEBUG - Blending stats with ρ_niw=0.0500, ρ_tr=0.0500.
2025-09-23 20:33:08,915 - __main__ - DEBUG - Iter 4: ELBO after NIW update: 929.8509 (Emit LL 14452.5594, NIW term -12969.3174, Δ=0.0000)
2025-09-23 20:33:08,963 - __main__ - DEBUG - Iter 4: ELBO after Dirichlet update: 929.6867 (Trans LL -5.0040, Dir term -25.7268, Δ=-0.1642)
2025-09-23 20:33:09,025 - __main__ - DEBUG - Iter 4: ELBO after β update: 929.5285 (Init LL -506.9984, Dir term -25.7805, logp(β) -15.9311, Δ=-0.1583)
2025-09-23 20:33:09,027 - __main__ - INFO -    HMM refresh complete: ELBO=29.5483, iters=0, max iters, states=40
2025-09-23 20:33:09,027 - __main__ - INFO -    ✅ HMM updated (next in 12,000 steps)
2025-09-23 20:33:09,027 - __main__ - INFO - 🔄 VAE refresh starting at step 138,240 with replay size 8x1536
2025-09-23 20:33:09,028 - __main__ - INFO -    Using span sampling (12288 timesteps, too large for full buffer)
2025-09-23 20:33:34,456 - __main__ - INFO -    VAE refresh complete: final_loss=2741.0559, avg_loss=2744.7565, steps=4/4, trend=improving, total_timesteps=12288, span_sampling=32_requested×4_steps, span_len=64
2025-09-23 20:33:34,458 - __main__ - INFO -    ✅ VAE updated (next in 12,000 steps)
2025-09-23 20:33:36,720 - __main__ - INFO - 📊 Episodes completed this rollout: 3
2025-09-23 20:33:36,720 - __main__ - INFO - 📈 Episode stats: avg return = 0.04, avg length = 222.3
2025-09-23 20:33:36,720 - __main__ - INFO - 🎯 Top 3 training actions: #2(20431), #0(17811), #3(17789)
2025-09-23 20:33:40,722 - __main__ - INFO - 📊 Episodes completed this rollout: 5
2025-09-23 20:33:40,722 - __main__ - INFO - 📈 Episode stats: avg return = -0.07, avg length = 264.6
2025-09-23 20:33:40,722 - __main__ - INFO - 🎯 Top 3 training actions: #2(20611), #0(17992), #3(17911)
2025-09-23 20:33:42,383 - __main__ - INFO - 🧪 Starting evaluation with 50 episodes...
2025-09-23 20:33:42,383 - __main__ - INFO -    Eval seed: 51
2025-09-23 20:33:42,383 - __main__ - INFO -    Max episode steps (eval): env default
2025-09-23 20:33:42,384 - nle.env.base - INFO - Not saving any NLE data.
2025-09-23 20:33:45,750 - __main__ - WARNING - ⚠️ Episode 2 terminated due to step limit.
2025-09-23 20:33:47,994 - __main__ - DEBUG - 🎯 Eval HMM masking: step 200 masked due to negative reward
2025-09-23 20:33:48,515 - __main__ - DEBUG - 🎯 Eval HMM masking: step 250 masked due to negative reward
2025-09-23 20:33:49,025 - __main__ - WARNING - ⚠️ Episode 3 terminated due to step limit.
2025-09-23 20:33:51,269 - __main__ - DEBUG - 🎯 Eval HMM masking: step 200 masked due to negative reward
2025-09-23 20:33:54,934 - __main__ - WARNING - ⚠️ Episode 6 terminated due to step limit.
2025-09-23 20:34:05,622 - __main__ - DEBUG - 🎯 Eval HMM masking: step 250 masked due to negative reward
2025-09-23 20:34:06,157 - __main__ - WARNING - ⚠️ Episode 18 terminated due to step limit.
2025-09-23 20:34:12,481 - __main__ - WARNING - ⚠️ Episode 20 terminated due to step limit.
2025-09-23 20:34:15,936 - __main__ - WARNING - ⚠️ Episode 21 terminated due to step limit.
2025-09-23 20:34:18,570 - __main__ - DEBUG - 🎯 Eval HMM masking: step 50 masked due to negative reward
2025-09-23 20:34:20,631 - __main__ - DEBUG - 🎯 Eval HMM masking: step 250 masked due to negative reward
2025-09-23 20:34:21,141 - __main__ - WARNING - ⚠️ Episode 23 terminated due to step limit.
2025-09-23 20:34:25,006 - __main__ - DEBUG - 🎯 Eval HMM masking: step 50 masked due to negative reward
2025-09-23 20:34:29,724 - __main__ - WARNING - ⚠️ Episode 26 terminated due to step limit.
2025-09-23 20:34:33,039 - __main__ - WARNING - ⚠️ Episode 27 terminated due to step limit.
2025-09-23 20:34:35,352 - __main__ - DEBUG - 🎯 Eval HMM masking: step 200 masked due to negative reward
2025-09-23 20:34:35,891 - __main__ - DEBUG - 🎯 Eval HMM masking: step 250 masked due to negative reward
2025-09-23 20:34:36,428 - __main__ - WARNING - ⚠️ Episode 28 terminated due to step limit.
2025-09-23 20:34:41,907 - __main__ - WARNING - ⚠️ Episode 30 terminated due to step limit.
2025-09-23 20:34:45,326 - __main__ - WARNING - ⚠️ Episode 31 terminated due to step limit.
2025-09-23 20:34:47,578 - __main__ - DEBUG - 🎯 Eval HMM masking: step 200 masked due to negative reward
2025-09-23 20:34:48,105 - __main__ - DEBUG - 🎯 Eval HMM masking: step 250 masked due to negative reward
2025-09-23 20:34:49,457 - __main__ - DEBUG - 🎯 Eval HMM masking: step 100 masked due to negative reward
2025-09-23 20:34:51,529 - __main__ - WARNING - ⚠️ Episode 33 terminated due to step limit.
2025-09-23 20:34:53,778 - __main__ - DEBUG - 🎯 Eval HMM masking: step 200 masked due to negative reward
2025-09-23 20:34:54,810 - __main__ - WARNING - ⚠️ Episode 34 terminated due to step limit.
2025-09-23 20:34:58,384 - __main__ - WARNING - ⚠️ Episode 36 terminated due to step limit.
2025-09-23 20:35:01,696 - __main__ - WARNING - ⚠️ Episode 37 terminated due to step limit.
2025-09-23 20:35:05,045 - __main__ - WARNING - ⚠️ Episode 38 terminated due to step limit.
2025-09-23 20:35:08,395 - __main__ - WARNING - ⚠️ Episode 39 terminated due to step limit.
2025-09-23 20:35:11,206 - __main__ - DEBUG - 🎯 Eval HMM masking: step 250 masked due to negative reward
2025-09-23 20:35:11,722 - __main__ - WARNING - ⚠️ Episode 40 terminated due to step limit.
2025-09-23 20:35:15,005 - __main__ - WARNING - ⚠️ Episode 41 terminated due to step limit.
2025-09-23 20:35:20,153 - __main__ - DEBUG - 🎯 Eval HMM masking: step 50 masked due to negative reward
2025-09-23 20:35:22,747 - __main__ - WARNING - ⚠️ Episode 44 terminated due to step limit.
2025-09-23 20:35:23,434 - __main__ - DEBUG - 🎯 Eval HMM masking: step 50 masked due to negative reward
2025-09-23 20:35:25,939 - __main__ - DEBUG - 🎯 Eval HMM masking: step 100 masked due to negative reward
2025-09-23 20:35:30,495 - __main__ - DEBUG - 🎯 Eval HMM masking: step 250 masked due to negative reward
2025-09-23 20:35:31,002 - __main__ - WARNING - ⚠️ Episode 47 terminated due to step limit.
2025-09-23 20:35:34,277 - __main__ - WARNING - ⚠️ Episode 48 terminated due to step limit.
2025-09-23 20:35:37,555 - __main__ - WARNING - ⚠️ Episode 49 terminated due to step limit.
2025-09-23 20:35:40,866 - __main__ - WARNING - ⚠️ Episode 50 terminated due to step limit.
2025-09-23 20:35:41,031 - __main__ - INFO - 📊 Evaluation Results (Current Round):
2025-09-23 20:35:41,031 - __main__ - INFO -    Episodes: 50
2025-09-23 20:35:41,031 - __main__ - INFO -    Time: 118.6s (2.4s/ep)
2025-09-23 20:35:41,032 - __main__ - INFO -    Average Return: 0.281 ± 0.607
2025-09-23 20:35:41,032 - __main__ - INFO -    Success Rate: 50.0%
2025-09-23 20:35:41,032 - __main__ - INFO -    Average Length: 214.8
2025-09-23 20:35:41,032 - __main__ - INFO -    Average Coverage: 77.6 positions
2025-09-23 20:35:41,032 - __main__ - INFO -    Episode Completions: 25 terminated (50.0%), 25 truncated (50.0%)
2025-09-23 20:35:41,032 - __main__ - INFO - 📈 Total Evaluation Statistics:
2025-09-23 20:35:41,032 - __main__ - INFO -    Total Episodes: 700
2025-09-23 20:35:41,032 - __main__ - INFO -    Total Average Return: 0.126 ± 0.636
2025-09-23 20:35:41,032 - __main__ - INFO -    Total Average Length: 228.0 ± 102.7
2025-09-23 20:35:41,032 - __main__ - INFO -    Total Completions: 295 terminated (42.1%), 405 truncated (57.9%)
2025-09-23 20:35:41,032 - __main__ - INFO -    Skill Entropy: 0.001
2025-09-23 20:35:41,033 - __main__ - INFO -    Used Skills: 1.0
2025-09-23 20:35:41,033 - __main__ - INFO -    Effective K: 1.00
2025-09-23 20:35:41,033 - __main__ - INFO - 🎯 Action Usage Statistics:
2025-09-23 20:35:41,033 - __main__ - INFO -    Unique actions in evaluation: 8
2025-09-23 20:35:41,033 - __main__ - INFO -    Unique actions in training: 8
2025-09-23 20:35:41,033 - __main__ - INFO -    Total unique actions: 8
2025-09-23 20:35:41,033 - __main__ - INFO -    Action coverage: 6.6%
2025-09-23 20:35:41,033 - __main__ - INFO -    Train action count: 140288
2025-09-23 20:35:41,033 - __main__ - INFO -    Eval action count: 159596
2025-09-23 20:35:41,034 - __main__ - INFO -    Train action entropy: 2.076
2025-09-23 20:35:41,034 - __main__ - INFO -    Eval action entropy: 2.075
2025-09-23 20:35:41,034 - __main__ - INFO -    Top 3 train actions: #2(20611), #0(17992), #3(17911)
2025-09-23 20:35:41,034 - __main__ - INFO -    Top 3 eval actions: #2(23489), #3(21731), #7(20495)
2025-09-23 20:35:43,296 - __main__ - INFO - 📊 Episodes completed this rollout: 2
2025-09-23 20:35:43,296 - __main__ - INFO - 📈 Episode stats: avg return = 0.12, avg length = 298.0
2025-09-23 20:35:43,296 - __main__ - INFO - 🎯 Top 3 training actions: #2(20791), #0(18162), #3(18030)
2025-09-23 20:35:47,246 - __main__ - INFO - 📊 Episodes completed this rollout: 7
2025-09-23 20:35:47,246 - __main__ - INFO - 📈 Episode stats: avg return = -0.09, avg length = 278.0
2025-09-23 20:35:47,246 - __main__ - INFO - 🎯 Top 3 training actions: #2(20957), #0(18347), #3(18153)
2025-09-23 20:35:51,092 - __main__ - INFO - 📊 Episodes completed this rollout: 2
2025-09-23 20:35:51,093 - __main__ - INFO - 📈 Episode stats: avg return = 0.26, avg length = 227.0
2025-09-23 20:35:51,093 - __main__ - INFO - 🎯 Top 3 training actions: #2(21139), #0(18524), #3(18270)
2025-09-23 20:35:54,974 - __main__ - INFO - 📊 Episodes completed this rollout: 4
2025-09-23 20:35:54,974 - __main__ - INFO - 📈 Episode stats: avg return = -0.27, avg length = 300.0
2025-09-23 20:35:54,975 - __main__ - INFO - 🎯 Top 3 training actions: #2(21327), #0(18676), #3(18391)
2025-09-23 20:35:58,828 - __main__ - INFO - 📊 Episodes completed this rollout: 4
2025-09-23 20:35:58,828 - __main__ - INFO - 📈 Episode stats: avg return = 0.33, avg length = 247.2
2025-09-23 20:35:58,828 - __main__ - INFO - 🎯 Top 3 training actions: #2(21493), #0(18854), #3(18501)
2025-09-23 20:36:02,698 - __main__ - INFO - 📊 Episodes completed this rollout: 5
2025-09-23 20:36:02,698 - __main__ - INFO - 📈 Episode stats: avg return = 0.40, avg length = 185.0
2025-09-23 20:36:02,698 - __main__ - INFO - 🎯 Top 3 training actions: #2(21640), #0(19036), #3(18628)
2025-09-23 20:36:06,630 - __main__ - INFO - 📊 Episodes completed this rollout: 7
2025-09-23 20:36:06,630 - __main__ - INFO - 📈 Episode stats: avg return = 0.60, avg length = 159.3
2025-09-23 20:36:06,630 - __main__ - INFO - 🎯 Top 3 training actions: #2(21780), #0(19184), #3(18738)
2025-09-23 20:36:10,521 - __main__ - INFO - 📊 Episodes completed this rollout: 3
2025-09-23 20:36:10,522 - __main__ - INFO - 📈 Episode stats: avg return = 0.12, avg length = 230.3
2025-09-23 20:36:10,522 - __main__ - INFO - 🎯 Top 3 training actions: #2(21909), #0(19330), #3(18830)
2025-09-23 20:36:14,457 - __main__ - INFO - 📊 Episodes completed this rollout: 5
2025-09-23 20:36:14,458 - __main__ - INFO - 📈 Episode stats: avg return = -0.06, avg length = 265.4
2025-09-23 20:36:14,458 - __main__ - INFO - 🎯 Top 3 training actions: #2(22021), #0(19487), #3(18926)
2025-09-23 20:36:18,330 - __main__ - INFO - 📊 Episodes completed this rollout: 3
2025-09-23 20:36:18,330 - __main__ - INFO - 📈 Episode stats: avg return = -0.37, avg length = 300.0
2025-09-23 20:36:18,331 - __main__ - INFO - 🎯 Top 3 training actions: #2(22146), #0(19648), #3(19009)
2025-09-23 20:36:19,930 - __main__ - INFO - 🔄 Synchronized model update at step 150,528
2025-09-23 20:36:19,930 - __main__ - INFO -    HMM interval: 12,000, VAE interval: 12,000
2025-09-23 20:36:19,931 - __main__ - INFO - 🚫 Model training masking: 1380/12288 timesteps masked (11.2%) due to negative rewards (invalid actions)
2025-09-23 20:36:20,292 - __main__ - INFO - 🔄 Capping HMM batch size from 764 to 128 to prevent OOM
2025-09-23 20:36:20,292 - __main__ - INFO - 🔄 HMM refresh starting at step 150,528 with replay size 128x122
2025-09-23 20:36:27,125 - __main__ - DEBUG - Initial ELBO: 12868.5798
2025-09-23 20:36:27,129 - __main__ - DEBUG - Relative tol: 0.0100
2025-09-23 20:36:27,129 - __main__ - DEBUG - Relative elbo_drop_tol: 0.0100
2025-09-23 20:36:27,129 - __main__ - DEBUG - - Init -506.2036
2025-09-23 20:36:27,129 - __main__ - DEBUG - - Trans -9.6381
2025-09-23 20:36:27,129 - __main__ - DEBUG - - Emit 26394.3903
2025-09-23 20:36:27,130 - __main__ - DEBUG - - Entropy 0.0007
2025-09-23 20:36:27,130 - __main__ - DEBUG - - Dir -24.7188
2025-09-23 20:36:27,130 - __main__ - DEBUG - - NIW -12969.3174
2025-09-23 20:36:27,130 - __main__ - DEBUG - - Beta prior -15.9334
2025-09-23 20:36:34,324 - __main__ - DEBUG - Iter 0: ELBO after FB: 12868.5798 (LL 25878.5493, Δ=0.0000)
2025-09-23 20:36:34,325 - __main__ - DEBUG - Blending stats with ρ_niw=0.0500, ρ_tr=0.0500.
2025-09-23 20:36:34,374 - __main__ - DEBUG - Iter 0: ELBO after NIW update: 18125.3030 (Emit LL 32374.3332, NIW term -13692.5371, Δ=5256.7232)
2025-09-23 20:36:34,423 - __main__ - DEBUG - Iter 0: ELBO after Dirichlet update: 18125.5350 (Trans LL -9.1924, Dir term -24.9325, Δ=0.2320)
2025-09-23 20:36:34,490 - __main__ - DEBUG - Iter 0: ELBO after β update: 18124.9722 (Init LL -506.7193, Dir term -24.9672, logp(β) -15.9457, Δ=-0.5627)
2025-09-23 20:36:41,700 - __main__ - DEBUG - Iter 1: ELBO after FB: 18124.9722 (LL 31858.4222, Δ=0.0000)
2025-09-23 20:36:41,700 - __main__ - DEBUG - Blending stats with ρ_niw=0.0500, ρ_tr=0.0500.
2025-09-23 20:36:41,750 - __main__ - DEBUG - Iter 1: ELBO after NIW update: 18124.9722 (Emit LL 32374.3332, NIW term -13692.5371, Δ=0.0000)
2025-09-23 20:36:41,799 - __main__ - DEBUG - Iter 1: ELBO after Dirichlet update: 18124.9089 (Trans LL -9.1639, Dir term -25.0590, Δ=-0.0634)
2025-09-23 20:36:41,865 - __main__ - DEBUG - Iter 1: ELBO after β update: 18124.4050 (Init LL -507.1591, Dir term -25.1180, logp(β) -15.9507, Δ=-0.5039)
2025-09-23 20:36:49,092 - __main__ - DEBUG - Iter 2: ELBO after FB: 18124.4050 (LL 31858.0108, Δ=0.0000)
2025-09-23 20:36:49,093 - __main__ - DEBUG - Blending stats with ρ_niw=0.0500, ρ_tr=0.0500.
2025-09-23 20:36:49,142 - __main__ - DEBUG - Iter 2: ELBO after NIW update: 18124.4050 (Emit LL 32374.3332, NIW term -13692.5371, Δ=0.0000)
2025-09-23 20:36:49,192 - __main__ - DEBUG - Iter 2: ELBO after Dirichlet update: 18124.2009 (Trans LL -9.1397, Dir term -25.3464, Δ=-0.2041)
2025-09-23 20:36:49,262 - __main__ - DEBUG - Iter 2: ELBO after β update: 18123.8850 (Init LL -507.3979, Dir term -25.4259, logp(β) -15.9483, Δ=-0.3158)
2025-09-23 20:36:56,440 - __main__ - DEBUG - Iter 3: ELBO after FB: 18123.8850 (LL 31857.7963, Δ=0.0000)
2025-09-23 20:36:56,441 - __main__ - DEBUG - Blending stats with ρ_niw=0.0500, ρ_tr=0.0500.
2025-09-23 20:36:56,490 - __main__ - DEBUG - Iter 3: ELBO after NIW update: 18123.8850 (Emit LL 32374.3332, NIW term -13692.5371, Δ=0.0000)
2025-09-23 20:36:56,539 - __main__ - DEBUG - Iter 3: ELBO after Dirichlet update: 18123.5691 (Trans LL -9.1260, Dir term -25.7554, Δ=-0.3159)
2025-09-23 20:36:56,603 - __main__ - DEBUG - Iter 3: ELBO after β update: 18123.4971 (Init LL -507.4178, Dir term -25.8123, logp(β) -15.9436, Δ=-0.0720)
2025-09-23 20:37:03,774 - __main__ - DEBUG - Iter 4: ELBO after FB: 18123.4971 (LL 31857.7901, Δ=0.0000)
2025-09-23 20:37:03,774 - __main__ - DEBUG - Blending stats with ρ_niw=0.0500, ρ_tr=0.0500.
2025-09-23 20:37:03,824 - __main__ - DEBUG - Iter 4: ELBO after NIW update: 18123.4971 (Emit LL 32374.3332, NIW term -13692.5371, Δ=0.0000)
2025-09-23 20:37:03,873 - __main__ - DEBUG - Iter 4: ELBO after Dirichlet update: 18123.1588 (Trans LL -9.1249, Dir term -26.1517, Δ=-0.3383)
2025-09-23 20:37:03,929 - __main__ - DEBUG - Iter 4: ELBO after β update: 18123.1651 (Init LL -507.4035, Dir term -26.1614, logp(β) -15.9419, Δ=0.0063)
2025-09-23 20:37:03,931 - __main__ - INFO -    HMM refresh complete: ELBO=106.9630, iters=0, max iters, states=40
2025-09-23 20:37:03,931 - __main__ - INFO -    ✅ HMM updated (next in 12,000 steps)
2025-09-23 20:37:03,931 - __main__ - INFO - 🔄 VAE refresh starting at step 150,528 with replay size 8x1536
2025-09-23 20:37:03,932 - __main__ - INFO -    Using span sampling (12288 timesteps, too large for full buffer)
2025-09-23 20:37:29,582 - __main__ - INFO -    VAE refresh complete: final_loss=2726.4014, avg_loss=2729.0630, steps=4/4, trend=improving, total_timesteps=12288, span_sampling=32_requested×4_steps, span_len=64
2025-09-23 20:37:29,584 - __main__ - INFO -    ✅ VAE updated (next in 12,000 steps)
2025-09-23 20:37:29,588 - __main__ - INFO - 🧪 Starting evaluation with 50 episodes...
2025-09-23 20:37:29,588 - __main__ - INFO -    Eval seed: 51
2025-09-23 20:37:29,588 - __main__ - INFO -    Max episode steps (eval): env default
2025-09-23 20:37:29,589 - nle.env.base - INFO - Not saving any NLE data.
2025-09-23 20:37:32,076 - __main__ - DEBUG - 🎯 Eval HMM masking: step 100 masked due to negative reward
2025-09-23 20:37:34,139 - __main__ - WARNING - ⚠️ Episode 3 terminated due to step limit.
2025-09-23 20:37:37,424 - __main__ - WARNING - ⚠️ Episode 4 terminated due to step limit.
2025-09-23 20:37:38,625 - __main__ - DEBUG - 🎯 Eval HMM masking: step 100 masked due to negative reward
2025-09-23 20:37:41,783 - __main__ - DEBUG - 🎯 Eval HMM masking: step 150 masked due to negative reward
2025-09-23 20:37:43,323 - __main__ - WARNING - ⚠️ Episode 6 terminated due to step limit.
2025-09-23 20:37:47,527 - __main__ - WARNING - ⚠️ Episode 8 terminated due to step limit.
2025-09-23 20:37:48,730 - __main__ - DEBUG - 🎯 Eval HMM masking: step 100 masked due to negative reward
2025-09-23 20:37:52,772 - __main__ - WARNING - ⚠️ Episode 10 terminated due to step limit.
2025-09-23 20:37:53,977 - __main__ - DEBUG - 🎯 Eval HMM masking: step 100 masked due to negative reward
2025-09-23 20:37:56,664 - __main__ - DEBUG - 🎯 Eval HMM masking: step 150 masked due to negative reward
2025-09-23 20:37:58,210 - __main__ - WARNING - ⚠️ Episode 12 terminated due to step limit.
2025-09-23 20:38:01,477 - __main__ - WARNING - ⚠️ Episode 13 terminated due to step limit.
2025-09-23 20:38:03,712 - __main__ - DEBUG - 🎯 Eval HMM masking: step 200 masked due to negative reward
2025-09-23 20:38:08,152 - __main__ - WARNING - ⚠️ Episode 16 terminated due to step limit.
2025-09-23 20:38:11,407 - __main__ - WARNING - ⚠️ Episode 17 terminated due to step limit.
2025-09-23 20:38:16,706 - __main__ - WARNING - ⚠️ Episode 19 terminated due to step limit.
2025-09-23 20:38:19,499 - __main__ - DEBUG - 🎯 Eval HMM masking: step 250 masked due to negative reward
2025-09-23 20:38:20,010 - __main__ - WARNING - ⚠️ Episode 20 terminated due to step limit.
2025-09-23 20:38:22,766 - __main__ - DEBUG - 🎯 Eval HMM masking: step 250 masked due to negative reward
2025-09-23 20:38:23,278 - __main__ - WARNING - ⚠️ Episode 21 terminated due to step limit.
2025-09-23 20:38:26,557 - __main__ - WARNING - ⚠️ Episode 23 terminated due to step limit.
2025-09-23 20:38:28,796 - __main__ - DEBUG - 🎯 Eval HMM masking: step 200 masked due to negative reward
2025-09-23 20:38:29,828 - __main__ - WARNING - ⚠️ Episode 24 terminated due to step limit.
2025-09-23 20:38:34,468 - __main__ - DEBUG - 🎯 Eval HMM masking: step 200 masked due to negative reward
2025-09-23 20:38:35,497 - __main__ - WARNING - ⚠️ Episode 26 terminated due to step limit.
2025-09-23 20:38:38,775 - __main__ - WARNING - ⚠️ Episode 27 terminated due to step limit.
2025-09-23 20:38:39,981 - __main__ - DEBUG - 🎯 Eval HMM masking: step 100 masked due to negative reward
2025-09-23 20:38:45,463 - __main__ - DEBUG - 🎯 Eval HMM masking: step 200 masked due to negative reward
2025-09-23 20:38:46,490 - __main__ - WARNING - ⚠️ Episode 30 terminated due to step limit.
2025-09-23 20:38:49,812 - __main__ - WARNING - ⚠️ Episode 31 terminated due to step limit.
2025-09-23 20:38:53,094 - __main__ - WARNING - ⚠️ Episode 32 terminated due to step limit.
2025-09-23 20:38:55,846 - __main__ - DEBUG - 🎯 Eval HMM masking: step 250 masked due to negative reward
2025-09-23 20:38:56,361 - __main__ - WARNING - ⚠️ Episode 33 terminated due to step limit.
2025-09-23 20:38:59,631 - __main__ - WARNING - ⚠️ Episode 34 terminated due to step limit.
2025-09-23 20:39:07,296 - __main__ - WARNING - ⚠️ Episode 39 terminated due to step limit.
2025-09-23 20:39:11,597 - __main__ - DEBUG - 🎯 Eval HMM masking: step 250 masked due to negative reward
2025-09-23 20:39:12,108 - __main__ - WARNING - ⚠️ Episode 41 terminated due to step limit.
2025-09-23 20:39:15,784 - __main__ - WARNING - ⚠️ Episode 43 terminated due to step limit.
2025-09-23 20:39:22,446 - __main__ - DEBUG - 🎯 Eval HMM masking: step 50 masked due to negative reward
2025-09-23 20:39:25,079 - __main__ - WARNING - ⚠️ Episode 48 terminated due to step limit.
2025-09-23 20:39:25,778 - __main__ - DEBUG - 🎯 Eval HMM masking: step 50 masked due to negative reward
2025-09-23 20:39:27,345 - __main__ - DEBUG - 🎯 Eval HMM masking: step 200 masked due to negative reward
2025-09-23 20:39:28,382 - __main__ - WARNING - ⚠️ Episode 49 terminated due to step limit.
2025-09-23 20:39:31,667 - __main__ - WARNING - ⚠️ Episode 50 terminated due to step limit.
2025-09-23 20:39:31,825 - __main__ - INFO - 📊 Evaluation Results (Current Round):
2025-09-23 20:39:31,825 - __main__ - INFO -    Episodes: 50
2025-09-23 20:39:31,825 - __main__ - INFO -    Time: 122.2s (2.4s/ep)
2025-09-23 20:39:31,826 - __main__ - INFO -    Average Return: 0.191 ± 0.642
2025-09-23 20:39:31,826 - __main__ - INFO -    Success Rate: 46.0%
2025-09-23 20:39:31,826 - __main__ - INFO -    Average Length: 223.8
2025-09-23 20:39:31,826 - __main__ - INFO -    Average Coverage: 80.5 positions
2025-09-23 20:39:31,826 - __main__ - INFO -    Episode Completions: 23 terminated (46.0%), 27 truncated (54.0%)
2025-09-23 20:39:31,826 - __main__ - INFO - 📈 Total Evaluation Statistics:
2025-09-23 20:39:31,826 - __main__ - INFO -    Total Episodes: 750
2025-09-23 20:39:31,826 - __main__ - INFO -    Total Average Return: 0.131 ± 0.637
2025-09-23 20:39:31,826 - __main__ - INFO -    Total Average Length: 227.7 ± 102.6
2025-09-23 20:39:31,826 - __main__ - INFO -    Total Completions: 318 terminated (42.4%), 432 truncated (57.6%)
2025-09-23 20:39:31,826 - __main__ - INFO -    Skill Entropy: 0.001
2025-09-23 20:39:31,827 - __main__ - INFO -    Used Skills: 1.0
2025-09-23 20:39:31,827 - __main__ - INFO -    Effective K: 1.00
2025-09-23 20:39:31,827 - __main__ - INFO - 🎯 Action Usage Statistics:
2025-09-23 20:39:31,827 - __main__ - INFO -    Unique actions in evaluation: 8
2025-09-23 20:39:31,827 - __main__ - INFO -    Unique actions in training: 8
2025-09-23 20:39:31,827 - __main__ - INFO -    Total unique actions: 8
2025-09-23 20:39:31,827 - __main__ - INFO -    Action coverage: 6.6%
2025-09-23 20:39:31,827 - __main__ - INFO -    Train action count: 150528
2025-09-23 20:39:31,827 - __main__ - INFO -    Eval action count: 170784
2025-09-23 20:39:31,828 - __main__ - INFO -    Train action entropy: 2.076
2025-09-23 20:39:31,828 - __main__ - INFO -    Eval action entropy: 2.076
2025-09-23 20:39:31,828 - __main__ - INFO -    Top 3 train actions: #2(22146), #0(19648), #3(19009)
2025-09-23 20:39:31,828 - __main__ - INFO -    Top 3 eval actions: #2(24826), #3(22803), #7(22202)
2025-09-23 20:39:34,131 - __main__ - INFO - 📊 Episodes completed this rollout: 6
2025-09-23 20:39:34,132 - __main__ - INFO - 📈 Episode stats: avg return = 0.36, avg length = 205.2
2025-09-23 20:39:34,132 - __main__ - INFO - 🎯 Top 3 training actions: #2(22284), #0(19775), #3(19095)
2025-09-23 20:39:38,043 - __main__ - INFO - 📊 Episodes completed this rollout: 6
2025-09-23 20:39:38,043 - __main__ - INFO - 📈 Episode stats: avg return = 0.38, avg length = 203.7
2025-09-23 20:39:38,044 - __main__ - INFO - 🎯 Top 3 training actions: #2(22400), #0(19896), #3(19187)
2025-09-23 20:39:41,950 - __main__ - INFO - 📊 Episodes completed this rollout: 3
2025-09-23 20:39:41,950 - __main__ - INFO - 📈 Episode stats: avg return = -0.09, avg length = 242.3
2025-09-23 20:39:41,950 - __main__ - INFO - 🎯 Top 3 training actions: #2(22543), #0(19980), #3(19284)
2025-09-23 20:39:45,817 - __main__ - INFO - 📊 Episodes completed this rollout: 4
2025-09-23 20:39:45,817 - __main__ - INFO - 📈 Episode stats: avg return = 0.31, avg length = 198.2
2025-09-23 20:39:45,817 - __main__ - INFO - 🎯 Top 3 training actions: #2(22693), #0(20062), #3(19407)
2025-09-23 20:39:49,753 - __main__ - INFO - 📊 Episodes completed this rollout: 4
2025-09-23 20:39:49,753 - __main__ - INFO - 📈 Episode stats: avg return = -0.03, avg length = 244.0
2025-09-23 20:39:49,753 - __main__ - INFO - 🎯 Top 3 training actions: #2(22851), #0(20169), #3(19500)
2025-09-23 20:39:53,775 - __main__ - INFO - 📊 Episodes completed this rollout: 8
2025-09-23 20:39:53,776 - __main__ - INFO - 📈 Episode stats: avg return = 0.29, avg length = 193.0
2025-09-23 20:39:53,776 - __main__ - INFO - 🎯 Top 3 training actions: #2(23014), #0(20296), #3(19611)
2025-09-23 20:39:57,808 - __main__ - INFO - 📊 Episodes completed this rollout: 4
2025-09-23 20:39:57,808 - __main__ - INFO - 📈 Episode stats: avg return = 0.02, avg length = 237.5
2025-09-23 20:39:57,808 - __main__ - INFO - 🎯 Top 3 training actions: #2(23213), #0(20417), #3(19713)
2025-09-23 20:40:01,829 - __main__ - INFO - 📊 Episodes completed this rollout: 4
2025-09-23 20:40:01,829 - __main__ - INFO - 📈 Episode stats: avg return = 0.26, avg length = 225.0
2025-09-23 20:40:01,829 - __main__ - INFO - 🎯 Top 3 training actions: #2(23410), #0(20545), #3(19807)
2025-09-23 20:40:05,773 - __main__ - INFO - 📊 Episodes completed this rollout: 6
2025-09-23 20:40:05,773 - __main__ - INFO - 📈 Episode stats: avg return = 0.50, avg length = 188.8
2025-09-23 20:40:05,773 - __main__ - INFO - 🎯 Top 3 training actions: #2(23622), #0(20670), #3(19917)
2025-09-23 20:40:09,639 - __main__ - INFO - 📊 Episodes completed this rollout: 2
2025-09-23 20:40:09,639 - __main__ - INFO - 📈 Episode stats: avg return = 0.80, avg length = 167.0
2025-09-23 20:40:09,639 - __main__ - INFO - 🎯 Top 3 training actions: #2(23848), #0(20825), #3(20028)
2025-09-23 20:40:11,238 - __main__ - INFO - 🧪 Starting evaluation with 50 episodes...
2025-09-23 20:40:11,238 - __main__ - INFO -    Eval seed: 51
2025-09-23 20:40:11,238 - __main__ - INFO -    Max episode steps (eval): env default
2025-09-23 20:40:11,238 - nle.env.base - INFO - Not saving any NLE data.
2025-09-23 20:40:13,507 - __main__ - DEBUG - 🎯 Eval HMM masking: step 100 masked due to negative reward
2025-09-23 20:40:14,574 - __main__ - DEBUG - 🎯 Eval HMM masking: step 200 masked due to negative reward
2025-09-23 20:40:17,372 - __main__ - DEBUG - 🎯 Eval HMM masking: step 50 masked due to negative reward
2025-09-23 20:40:20,930 - __main__ - WARNING - ⚠️ Episode 5 terminated due to step limit.
2025-09-23 20:40:24,155 - __main__ - DEBUG - 🎯 Eval HMM masking: step 50 masked due to negative reward
2025-09-23 20:40:33,619 - __main__ - DEBUG - 🎯 Eval HMM masking: step 50 masked due to negative reward
2025-09-23 20:40:36,219 - __main__ - WARNING - ⚠️ Episode 13 terminated due to step limit.
2025-09-23 20:40:39,623 - __main__ - WARNING - ⚠️ Episode 14 terminated due to step limit.
2025-09-23 20:40:40,842 - __main__ - DEBUG - 🎯 Eval HMM masking: step 100 masked due to negative reward
2025-09-23 20:40:43,011 - __main__ - WARNING - ⚠️ Episode 15 terminated due to step limit.
2025-09-23 20:40:45,254 - __main__ - DEBUG - 🎯 Eval HMM masking: step 200 masked due to negative reward
2025-09-23 20:40:46,287 - __main__ - WARNING - ⚠️ Episode 16 terminated due to step limit.
2025-09-23 20:40:47,491 - __main__ - DEBUG - 🎯 Eval HMM masking: step 100 masked due to negative reward
2025-09-23 20:40:49,556 - __main__ - WARNING - ⚠️ Episode 17 terminated due to step limit.
2025-09-23 20:40:51,276 - __main__ - DEBUG - 🎯 Eval HMM masking: step 150 masked due to negative reward
2025-09-23 20:40:57,965 - __main__ - WARNING - ⚠️ Episode 20 terminated due to step limit.
2025-09-23 20:41:01,241 - __main__ - WARNING - ⚠️ Episode 21 terminated due to step limit.
2025-09-23 20:41:03,533 - __main__ - DEBUG - 🎯 Eval HMM masking: step 200 masked due to negative reward
2025-09-23 20:41:04,566 - __main__ - WARNING - ⚠️ Episode 22 terminated due to step limit.
2025-09-23 20:41:10,485 - __main__ - DEBUG - 🎯 Eval HMM masking: step 250 masked due to negative reward
2025-09-23 20:41:10,995 - __main__ - WARNING - ⚠️ Episode 24 terminated due to step limit.
2025-09-23 20:41:12,198 - __main__ - DEBUG - 🎯 Eval HMM masking: step 100 masked due to negative reward
2025-09-23 20:41:14,750 - __main__ - DEBUG - 🎯 Eval HMM masking: step 150 masked due to negative reward
2025-09-23 20:41:16,292 - __main__ - WARNING - ⚠️ Episode 26 terminated due to step limit.
2025-09-23 20:41:18,665 - __main__ - DEBUG - 🎯 Eval HMM masking: step 150 masked due to negative reward
2025-09-23 20:41:20,220 - __main__ - WARNING - ⚠️ Episode 29 terminated due to step limit.
2025-09-23 20:41:24,916 - __main__ - DEBUG - 🎯 Eval HMM masking: step 200 masked due to negative reward
2025-09-23 20:41:25,965 - __main__ - WARNING - ⚠️ Episode 31 terminated due to step limit.
2025-09-23 20:41:29,229 - __main__ - WARNING - ⚠️ Episode 32 terminated due to step limit.
2025-09-23 20:41:32,012 - __main__ - DEBUG - 🎯 Eval HMM masking: step 250 masked due to negative reward
2025-09-23 20:41:32,524 - __main__ - WARNING - ⚠️ Episode 33 terminated due to step limit.
2025-09-23 20:41:35,832 - __main__ - WARNING - ⚠️ Episode 34 terminated due to step limit.
2025-09-23 20:41:39,107 - __main__ - WARNING - ⚠️ Episode 35 terminated due to step limit.
2025-09-23 20:41:42,375 - __main__ - WARNING - ⚠️ Episode 36 terminated due to step limit.
2025-09-23 20:41:44,095 - __main__ - DEBUG - 🎯 Eval HMM masking: step 150 masked due to negative reward
2025-09-23 20:41:45,654 - __main__ - WARNING - ⚠️ Episode 37 terminated due to step limit.
2025-09-23 20:41:47,931 - __main__ - DEBUG - 🎯 Eval HMM masking: step 200 masked due to negative reward
2025-09-23 20:41:48,461 - __main__ - DEBUG - 🎯 Eval HMM masking: step 250 masked due to negative reward
2025-09-23 20:41:48,991 - __main__ - WARNING - ⚠️ Episode 38 terminated due to step limit.
2025-09-23 20:41:51,964 - __main__ - DEBUG - 🎯 Eval HMM masking: step 200 masked due to negative reward
2025-09-23 20:41:53,009 - __main__ - WARNING - ⚠️ Episode 40 terminated due to step limit.
2025-09-23 20:41:56,392 - __main__ - WARNING - ⚠️ Episode 41 terminated due to step limit.
2025-09-23 20:42:01,270 - __main__ - WARNING - ⚠️ Episode 43 terminated due to step limit.
2025-09-23 20:42:02,999 - __main__ - DEBUG - 🎯 Eval HMM masking: step 150 masked due to negative reward
2025-09-23 20:42:06,494 - __main__ - WARNING - ⚠️ Episode 45 terminated due to step limit.
2025-09-23 20:42:07,201 - __main__ - DEBUG - 🎯 Eval HMM masking: step 50 masked due to negative reward
2025-09-23 20:42:08,242 - __main__ - DEBUG - 🎯 Eval HMM masking: step 150 masked due to negative reward
2025-09-23 20:42:09,790 - __main__ - WARNING - ⚠️ Episode 46 terminated due to step limit.
2025-09-23 20:42:13,047 - __main__ - WARNING - ⚠️ Episode 47 terminated due to step limit.
2025-09-23 20:42:15,251 - __main__ - DEBUG - 🎯 Eval HMM masking: step 100 masked due to negative reward
2025-09-23 20:42:16,799 - __main__ - DEBUG - 🎯 Eval HMM masking: step 250 masked due to negative reward
2025-09-23 20:42:17,312 - __main__ - WARNING - ⚠️ Episode 49 terminated due to step limit.
2025-09-23 20:42:19,616 - __main__ - DEBUG - 🎯 Eval HMM masking: step 200 masked due to negative reward
2025-09-23 20:42:20,137 - __main__ - DEBUG - 🎯 Eval HMM masking: step 250 masked due to negative reward
2025-09-23 20:42:20,648 - __main__ - WARNING - ⚠️ Episode 50 terminated due to step limit.
2025-09-23 20:42:20,806 - __main__ - INFO - 📊 Evaluation Results (Current Round):
2025-09-23 20:42:20,807 - __main__ - INFO -    Episodes: 50
2025-09-23 20:42:20,807 - __main__ - INFO -    Time: 129.6s (2.6s/ep)
2025-09-23 20:42:20,807 - __main__ - INFO -    Average Return: 0.182 ± 0.595
2025-09-23 20:42:20,807 - __main__ - INFO -    Success Rate: 44.0%
2025-09-23 20:42:20,807 - __main__ - INFO -    Average Length: 235.4
2025-09-23 20:42:20,807 - __main__ - INFO -    Average Coverage: 82.6 positions
2025-09-23 20:42:20,807 - __main__ - INFO -    Episode Completions: 22 terminated (44.0%), 28 truncated (56.0%)
2025-09-23 20:42:20,807 - __main__ - INFO - 📈 Total Evaluation Statistics:
2025-09-23 20:42:20,807 - __main__ - INFO -    Total Episodes: 800
2025-09-23 20:42:20,807 - __main__ - INFO -    Total Average Return: 0.134 ± 0.635
2025-09-23 20:42:20,808 - __main__ - INFO -    Total Average Length: 228.2 ± 102.0
2025-09-23 20:42:20,808 - __main__ - INFO -    Total Completions: 340 terminated (42.5%), 460 truncated (57.5%)
2025-09-23 20:42:20,808 - __main__ - INFO -    Skill Entropy: 0.001
2025-09-23 20:42:20,808 - __main__ - INFO -    Used Skills: 1.0
2025-09-23 20:42:20,808 - __main__ - INFO -    Effective K: 1.00
2025-09-23 20:42:20,808 - __main__ - INFO - 🎯 Action Usage Statistics:
2025-09-23 20:42:20,808 - __main__ - INFO -    Unique actions in evaluation: 8
2025-09-23 20:42:20,808 - __main__ - INFO -    Unique actions in training: 8
2025-09-23 20:42:20,808 - __main__ - INFO -    Total unique actions: 8
2025-09-23 20:42:20,808 - __main__ - INFO -    Action coverage: 6.6%
2025-09-23 20:42:20,809 - __main__ - INFO -    Train action count: 160768
2025-09-23 20:42:20,809 - __main__ - INFO -    Eval action count: 182552
2025-09-23 20:42:20,809 - __main__ - INFO -    Train action entropy: 2.076
2025-09-23 20:42:20,809 - __main__ - INFO -    Eval action entropy: 2.075
2025-09-23 20:42:20,810 - __main__ - INFO -    Top 3 train actions: #2(23848), #0(20825), #3(20028)
2025-09-23 20:42:20,810 - __main__ - INFO -    Top 3 eval actions: #2(27383), #3(24241), #7(23715)
2025-09-23 20:42:23,140 - __main__ - INFO - 📊 Episodes completed this rollout: 7
2025-09-23 20:42:23,140 - __main__ - INFO - 📈 Episode stats: avg return = -0.12, avg length = 258.9
2025-09-23 20:42:23,140 - __main__ - INFO - 🎯 Top 3 training actions: #2(24066), #0(20984), #3(20139)
2025-09-23 20:42:27,035 - __main__ - INFO - 📊 Episodes completed this rollout: 3
2025-09-23 20:42:27,035 - __main__ - INFO - 📈 Episode stats: avg return = 0.04, avg length = 246.0
2025-09-23 20:42:27,035 - __main__ - INFO - 🎯 Top 3 training actions: #2(24281), #0(21143), #3(20284)
2025-09-23 20:42:28,692 - __main__ - INFO - 🔄 Synchronized model update at step 162,816
2025-09-23 20:42:28,693 - __main__ - INFO -    HMM interval: 12,000, VAE interval: 12,000
2025-09-23 20:42:28,693 - __main__ - INFO - 🚫 Model training masking: 1716/12288 timesteps masked (14.0%) due to negative rewards (invalid actions)
2025-09-23 20:42:29,067 - __main__ - INFO - 🔄 Capping HMM batch size from 966 to 128 to prevent OOM
2025-09-23 20:42:29,068 - __main__ - INFO - 🔄 HMM refresh starting at step 162,816 with replay size 128x126
2025-09-23 20:42:36,136 - __main__ - DEBUG - Initial ELBO: 5277.1076
2025-09-23 20:42:36,140 - __main__ - DEBUG - Relative tol: 0.0100
2025-09-23 20:42:36,140 - __main__ - DEBUG - Relative elbo_drop_tol: 0.0100
2025-09-23 20:42:36,141 - __main__ - DEBUG - - Init -506.7193
2025-09-23 20:42:36,141 - __main__ - DEBUG - - Trans -5.2160
2025-09-23 20:42:36,141 - __main__ - DEBUG - - Emit 19522.4922
2025-09-23 20:42:36,141 - __main__ - DEBUG - - Entropy 0.0007
2025-09-23 20:42:36,141 - __main__ - DEBUG - - Dir -24.9672
2025-09-23 20:42:36,141 - __main__ - DEBUG - - NIW -13692.5371
2025-09-23 20:42:36,141 - __main__ - DEBUG - - Beta prior -15.9457
2025-09-23 20:42:43,561 - __main__ - DEBUG - Iter 0: ELBO after FB: 5277.1076 (LL 19010.5576, Δ=0.0000)
2025-09-23 20:42:43,562 - __main__ - DEBUG - Blending stats with ρ_niw=0.0500, ρ_tr=0.0500.
2025-09-23 20:42:43,611 - __main__ - DEBUG - Iter 0: ELBO after NIW update: 6490.5990 (Emit LL 21038.2257, NIW term -13994.7793, Δ=1213.4913)
2025-09-23 20:42:43,661 - __main__ - DEBUG - Iter 0: ELBO after Dirichlet update: 6490.6276 (Trans LL -5.1998, Dir term -24.9547, Δ=0.0286)
2025-09-23 20:42:43,731 - __main__ - DEBUG - Iter 0: ELBO after β update: 6490.0898 (Init LL -507.2242, Dir term -24.9751, logp(β) -15.9581, Δ=-0.5377)
2025-09-23 20:42:51,151 - __main__ - DEBUG - Iter 1: ELBO after FB: 6490.0898 (LL 20525.8024, Δ=0.0000)
2025-09-23 20:42:51,151 - __main__ - DEBUG - Blending stats with ρ_niw=0.0500, ρ_tr=0.0500.
2025-09-23 20:42:51,201 - __main__ - DEBUG - Iter 1: ELBO after NIW update: 6490.0898 (Emit LL 21038.2257, NIW term -13994.7793, Δ=0.0000)
2025-09-23 20:42:51,251 - __main__ - DEBUG - Iter 1: ELBO after Dirichlet update: 6490.0080 (Trans LL -5.1837, Dir term -25.0731, Δ=-0.0818)
2025-09-23 20:42:51,322 - __main__ - DEBUG - Iter 1: ELBO after β update: 6489.5142 (Init LL -507.6648, Dir term -25.1217, logp(β) -15.9627, Δ=-0.4938)
2025-09-23 20:42:58,743 - __main__ - DEBUG - Iter 2: ELBO after FB: 6489.5142 (LL 20525.3779, Δ=0.0000)
2025-09-23 20:42:58,744 - __main__ - DEBUG - Blending stats with ρ_niw=0.0500, ρ_tr=0.0500.
2025-09-23 20:42:58,794 - __main__ - DEBUG - Iter 2: ELBO after NIW update: 6489.5142 (Emit LL 21038.2257, NIW term -13994.7793, Δ=0.0000)
2025-09-23 20:42:58,844 - __main__ - DEBUG - Iter 2: ELBO after Dirichlet update: 6489.3012 (Trans LL -5.1699, Dir term -25.3485, Δ=-0.2130)
2025-09-23 20:42:58,917 - __main__ - DEBUG - Iter 2: ELBO after β update: 6489.0238 (Init LL -507.8553, Dir term -25.4394, logp(β) -15.9587, Δ=-0.2774)
2025-09-23 20:43:06,490 - __main__ - DEBUG - Iter 3: ELBO after FB: 6489.0238 (LL 20525.2012, Δ=0.0000)
2025-09-23 20:43:06,491 - __main__ - DEBUG - Blending stats with ρ_niw=0.0500, ρ_tr=0.0500.
2025-09-23 20:43:06,541 - __main__ - DEBUG - Iter 3: ELBO after NIW update: 6489.0238 (Emit LL 21038.2257, NIW term -13994.7793, Δ=0.0000)
2025-09-23 20:43:06,590 - __main__ - DEBUG - Iter 3: ELBO after Dirichlet update: 6488.6923 (Trans LL -5.1639, Dir term -25.7769, Δ=-0.3316)
2025-09-23 20:43:06,647 - __main__ - DEBUG - Iter 3: ELBO after β update: 6488.7708 (Init LL -507.7606, Dir term -25.7950, logp(β) -15.9568, Δ=0.0786)
2025-09-23 20:43:14,243 - __main__ - DEBUG - Iter 4: ELBO after FB: 6488.7708 (LL 20525.3019, Δ=0.0000)
2025-09-23 20:43:14,244 - __main__ - DEBUG - Blending stats with ρ_niw=0.0500, ρ_tr=0.0500.
2025-09-23 20:43:14,295 - __main__ - DEBUG - Iter 4: ELBO after NIW update: 6488.7708 (Emit LL 21038.2257, NIW term -13994.7793, Δ=0.0000)
2025-09-23 20:43:14,346 - __main__ - DEBUG - Iter 4: ELBO after Dirichlet update: 6488.6205 (Trans LL -5.1669, Dir term -25.9423, Δ=-0.1503)
2025-09-23 20:43:14,402 - __main__ - DEBUG - Iter 4: ELBO after β update: 6488.5252 (Init LL -507.8419, Dir term -25.9578, logp(β) -15.9552, Δ=-0.0954)
2025-09-23 20:43:14,404 - __main__ - INFO -    HMM refresh complete: ELBO=408.0651, iters=0, max iters, states=40
2025-09-23 20:43:14,404 - __main__ - INFO -    ✅ HMM updated (next in 12,000 steps)
2025-09-23 20:43:14,404 - __main__ - INFO - 🔄 VAE refresh starting at step 162,816 with replay size 8x1536
2025-09-23 20:43:14,405 - __main__ - INFO -    Using span sampling (12288 timesteps, too large for full buffer)
2025-09-23 20:43:40,143 - __main__ - INFO -    VAE refresh complete: final_loss=2709.6785, avg_loss=2715.7173, steps=4/4, trend=improving, total_timesteps=12288, span_sampling=32_requested×4_steps, span_len=64
2025-09-23 20:43:40,145 - __main__ - INFO -    ✅ VAE updated (next in 12,000 steps)
2025-09-23 20:43:42,422 - __main__ - INFO - 📊 Episodes completed this rollout: 4
2025-09-23 20:43:42,422 - __main__ - INFO - 📈 Episode stats: avg return = -0.38, avg length = 300.0
2025-09-23 20:43:42,423 - __main__ - INFO - 🎯 Top 3 training actions: #2(24561), #0(21303), #3(20439)
2025-09-23 20:43:46,276 - __main__ - INFO - 📊 Episodes completed this rollout: 4
2025-09-23 20:43:46,276 - __main__ - INFO - 📈 Episode stats: avg return = 0.48, avg length = 187.2
2025-09-23 20:43:46,276 - __main__ - INFO - 🎯 Top 3 training actions: #2(24753), #0(21498), #3(20567)
2025-09-23 20:43:50,173 - __main__ - INFO - 📊 Episodes completed this rollout: 7
2025-09-23 20:43:50,173 - __main__ - INFO - 📈 Episode stats: avg return = 0.52, avg length = 167.3
2025-09-23 20:43:50,173 - __main__ - INFO - 🎯 Top 3 training actions: #2(24939), #0(21729), #3(20662)
2025-09-23 20:43:54,028 - __main__ - INFO - 📊 Episodes completed this rollout: 4
2025-09-23 20:43:54,029 - __main__ - INFO - 📈 Episode stats: avg return = 0.20, avg length = 191.8
2025-09-23 20:43:54,029 - __main__ - INFO - 🎯 Top 3 training actions: #2(25099), #0(21939), #3(20769)
2025-09-23 20:43:57,897 - __main__ - INFO - 📊 Episodes completed this rollout: 4
2025-09-23 20:43:57,897 - __main__ - INFO - 📈 Episode stats: avg return = -0.11, avg length = 266.8
2025-09-23 20:43:57,898 - __main__ - INFO - 🎯 Top 3 training actions: #2(25276), #0(22159), #3(20885)
2025-09-23 20:44:01,761 - __main__ - INFO - 📊 Episodes completed this rollout: 6
2025-09-23 20:44:01,761 - __main__ - INFO - 📈 Episode stats: avg return = 0.19, avg length = 207.8
2025-09-23 20:44:01,761 - __main__ - INFO - 🎯 Top 3 training actions: #2(25471), #0(22414), #3(20979)
2025-09-23 20:44:05,643 - __main__ - INFO - 📊 Episodes completed this rollout: 3
2025-09-23 20:44:05,643 - __main__ - INFO - 📈 Episode stats: avg return = -0.01, avg length = 245.3
2025-09-23 20:44:05,644 - __main__ - INFO - 🎯 Top 3 training actions: #2(25634), #0(22695), #3(21089)
2025-09-23 20:44:09,536 - __main__ - INFO - 📊 Episodes completed this rollout: 9
2025-09-23 20:44:09,536 - __main__ - INFO - 📈 Episode stats: avg return = 0.51, avg length = 190.7
2025-09-23 20:44:09,536 - __main__ - INFO - 🎯 Top 3 training actions: #2(25820), #0(22925), #3(21217)
2025-09-23 20:44:11,160 - __main__ - INFO - 🧪 Starting evaluation with 50 episodes...
2025-09-23 20:44:11,161 - __main__ - INFO -    Eval seed: 51
2025-09-23 20:44:11,161 - __main__ - INFO -    Max episode steps (eval): env default
2025-09-23 20:44:11,161 - nle.env.base - INFO - Not saving any NLE data.
2025-09-23 20:44:13,762 - __main__ - DEBUG - 🎯 Eval HMM masking: step 250 masked due to negative reward
2025-09-23 20:44:14,271 - __main__ - WARNING - ⚠️ Episode 1 terminated due to step limit.
2025-09-23 20:44:17,533 - __main__ - WARNING - ⚠️ Episode 2 terminated due to step limit.
2025-09-23 20:44:22,890 - __main__ - WARNING - ⚠️ Episode 5 terminated due to step limit.
2025-09-23 20:44:25,047 - __main__ - DEBUG - 🎯 Eval HMM masking: step 100 masked due to negative reward
2025-09-23 20:44:27,086 - __main__ - WARNING - ⚠️ Episode 7 terminated due to step limit.
2025-09-23 20:44:30,321 - __main__ - WARNING - ⚠️ Episode 8 terminated due to step limit.
2025-09-23 20:44:33,624 - __main__ - WARNING - ⚠️ Episode 9 terminated due to step limit.
2025-09-23 20:44:34,922 - __main__ - DEBUG - 🎯 Eval HMM masking: step 100 masked due to negative reward
2025-09-23 20:44:36,988 - __main__ - WARNING - ⚠️ Episode 10 terminated due to step limit.
2025-09-23 20:44:38,616 - __main__ - DEBUG - 🎯 Eval HMM masking: step 50 masked due to negative reward
2025-09-23 20:44:39,645 - __main__ - DEBUG - 🎯 Eval HMM masking: step 150 masked due to negative reward
2025-09-23 20:44:41,200 - __main__ - WARNING - ⚠️ Episode 12 terminated due to step limit.
2025-09-23 20:44:43,211 - __main__ - DEBUG - 🎯 Eval HMM masking: step 50 masked due to negative reward
2025-09-23 20:44:44,768 - __main__ - DEBUG - 🎯 Eval HMM masking: step 200 masked due to negative reward
2025-09-23 20:44:45,298 - __main__ - DEBUG - 🎯 Eval HMM masking: step 250 masked due to negative reward
2025-09-23 20:44:48,677 - __main__ - WARNING - ⚠️ Episode 15 terminated due to step limit.
2025-09-23 20:44:55,166 - __main__ - WARNING - ⚠️ Episode 17 terminated due to step limit.
2025-09-23 20:44:58,569 - __main__ - WARNING - ⚠️ Episode 18 terminated due to step limit.
2025-09-23 20:45:00,766 - __main__ - DEBUG - 🎯 Eval HMM masking: step 100 masked due to negative reward
2025-09-23 20:45:02,869 - __main__ - WARNING - ⚠️ Episode 22 terminated due to step limit.
2025-09-23 20:45:04,666 - __main__ - DEBUG - 🎯 Eval HMM masking: step 150 masked due to negative reward
2025-09-23 20:45:09,364 - __main__ - WARNING - ⚠️ Episode 24 terminated due to step limit.
2025-09-23 20:45:12,722 - __main__ - WARNING - ⚠️ Episode 25 terminated due to step limit.
2025-09-23 20:45:16,035 - __main__ - WARNING - ⚠️ Episode 26 terminated due to step limit.
2025-09-23 20:45:16,726 - __main__ - DEBUG - 🎯 Eval HMM masking: step 50 masked due to negative reward
2025-09-23 20:45:21,616 - __main__ - WARNING - ⚠️ Episode 28 terminated due to step limit.
2025-09-23 20:45:24,919 - __main__ - WARNING - ⚠️ Episode 29 terminated due to step limit.
2025-09-23 20:45:28,201 - __main__ - WARNING - ⚠️ Episode 30 terminated due to step limit.
2025-09-23 20:45:31,492 - __main__ - WARNING - ⚠️ Episode 31 terminated due to step limit.
2025-09-23 20:45:33,229 - __main__ - DEBUG - 🎯 Eval HMM masking: step 150 masked due to negative reward
2025-09-23 20:45:34,787 - __main__ - WARNING - ⚠️ Episode 32 terminated due to step limit.
2025-09-23 20:45:37,598 - __main__ - DEBUG - 🎯 Eval HMM masking: step 250 masked due to negative reward
2025-09-23 20:45:38,111 - __main__ - WARNING - ⚠️ Episode 33 terminated due to step limit.
2025-09-23 20:45:41,419 - __main__ - WARNING - ⚠️ Episode 34 terminated due to step limit.
2025-09-23 20:45:42,375 - __main__ - DEBUG - 🎯 Eval HMM masking: step 50 masked due to negative reward
2025-09-23 20:45:45,006 - __main__ - WARNING - ⚠️ Episode 36 terminated due to step limit.
2025-09-23 20:45:46,214 - __main__ - DEBUG - 🎯 Eval HMM masking: step 100 masked due to negative reward
2025-09-23 20:45:48,303 - __main__ - WARNING - ⚠️ Episode 37 terminated due to step limit.
2025-09-23 20:45:54,512 - __main__ - WARNING - ⚠️ Episode 39 terminated due to step limit.
2025-09-23 20:45:57,827 - __main__ - WARNING - ⚠️ Episode 40 terminated due to step limit.
2025-09-23 20:46:02,621 - __main__ - DEBUG - 🎯 Eval HMM masking: step 200 masked due to negative reward
2025-09-23 20:46:03,661 - __main__ - WARNING - ⚠️ Episode 42 terminated due to step limit.
2025-09-23 20:46:06,999 - __main__ - WARNING - ⚠️ Episode 43 terminated due to step limit.
2025-09-23 20:46:10,328 - __main__ - WARNING - ⚠️ Episode 44 terminated due to step limit.
2025-09-23 20:46:15,286 - __main__ - WARNING - ⚠️ Episode 46 terminated due to step limit.
2025-09-23 20:46:17,286 - __main__ - DEBUG - 🎯 Eval HMM masking: step 150 masked due to negative reward
2025-09-23 20:46:18,732 - __main__ - INFO - 📊 Evaluation Results (Current Round):
2025-09-23 20:46:18,732 - __main__ - INFO -    Episodes: 50
2025-09-23 20:46:18,732 - __main__ - INFO -    Time: 127.6s (2.6s/ep)
2025-09-23 20:46:18,732 - __main__ - INFO -    Average Return: 0.128 ± 0.612
2025-09-23 20:46:18,732 - __main__ - INFO -    Success Rate: 40.0%
2025-09-23 20:46:18,732 - __main__ - INFO -    Average Length: 232.3
2025-09-23 20:46:18,732 - __main__ - INFO -    Average Coverage: 78.9 positions
2025-09-23 20:46:18,732 - __main__ - INFO -    Episode Completions: 20 terminated (40.0%), 30 truncated (60.0%)
2025-09-23 20:46:18,732 - __main__ - INFO - 📈 Total Evaluation Statistics:
2025-09-23 20:46:18,733 - __main__ - INFO -    Total Episodes: 850
2025-09-23 20:46:18,733 - __main__ - INFO -    Total Average Return: 0.133 ± 0.633
2025-09-23 20:46:18,733 - __main__ - INFO -    Total Average Length: 228.4 ± 102.2
2025-09-23 20:46:18,733 - __main__ - INFO -    Total Completions: 360 terminated (42.4%), 490 truncated (57.6%)
2025-09-23 20:46:18,733 - __main__ - INFO -    Skill Entropy: 0.001
2025-09-23 20:46:18,733 - __main__ - INFO -    Used Skills: 1.0
2025-09-23 20:46:18,733 - __main__ - INFO -    Effective K: 1.00
2025-09-23 20:46:18,733 - __main__ - INFO - 🎯 Action Usage Statistics:
2025-09-23 20:46:18,733 - __main__ - INFO -    Unique actions in evaluation: 8
2025-09-23 20:46:18,733 - __main__ - INFO -    Unique actions in training: 8
2025-09-23 20:46:18,734 - __main__ - INFO -    Total unique actions: 8
2025-09-23 20:46:18,734 - __main__ - INFO -    Action coverage: 6.6%
2025-09-23 20:46:18,734 - __main__ - INFO -    Train action count: 171008
2025-09-23 20:46:18,734 - __main__ - INFO -    Eval action count: 194165
2025-09-23 20:46:18,734 - __main__ - INFO -    Train action entropy: 2.075
2025-09-23 20:46:18,735 - __main__ - INFO -    Eval action entropy: 2.074
2025-09-23 20:46:18,735 - __main__ - INFO -    Top 3 train actions: #2(25820), #0(22925), #3(21217)
2025-09-23 20:46:18,735 - __main__ - INFO -    Top 3 eval actions: #2(29352), #3(25499), #0(25419)
2025-09-23 20:46:20,970 - __main__ - INFO - 📊 Episodes completed this rollout: 1
2025-09-23 20:46:20,970 - __main__ - INFO - 📈 Episode stats: avg return = -0.34, avg length = 300.0
2025-09-23 20:46:20,970 - __main__ - INFO - 🎯 Top 3 training actions: #2(25998), #0(23107), #3(21317)
2025-09-23 20:46:24,844 - __main__ - INFO - 📊 Episodes completed this rollout: 9
2025-09-23 20:46:24,844 - __main__ - INFO - 📈 Episode stats: avg return = 0.27, avg length = 197.8
2025-09-23 20:46:24,844 - __main__ - INFO - 🎯 Top 3 training actions: #2(26158), #0(23295), #3(21436)
2025-09-23 20:46:28,663 - __main__ - INFO - 📊 Episodes completed this rollout: 4
2025-09-23 20:46:28,664 - __main__ - INFO - 📈 Episode stats: avg return = 0.61, avg length = 87.8
2025-09-23 20:46:28,664 - __main__ - INFO - 🎯 Top 3 training actions: #2(26310), #0(23520), #3(21559)
2025-09-23 20:46:32,532 - __main__ - INFO - 📊 Episodes completed this rollout: 4
2025-09-23 20:46:32,532 - __main__ - INFO - 📈 Episode stats: avg return = 0.04, avg length = 275.2
2025-09-23 20:46:32,532 - __main__ - INFO - 🎯 Top 3 training actions: #2(26460), #0(23768), #3(21711)
2025-09-23 20:46:34,118 - __main__ - INFO - 🔄 Synchronized model update at step 175,104
2025-09-23 20:46:34,119 - __main__ - INFO -    HMM interval: 12,000, VAE interval: 12,000
2025-09-23 20:46:34,119 - __main__ - INFO - 🚫 Model training masking: 1404/12288 timesteps masked (11.4%) due to negative rewards (invalid actions)
2025-09-23 20:46:34,488 - __main__ - INFO - 🔄 Capping HMM batch size from 848 to 128 to prevent OOM
2025-09-23 20:46:34,489 - __main__ - INFO - 🔄 HMM refresh starting at step 175,104 with replay size 128x83
2025-09-23 20:46:39,102 - __main__ - DEBUG - Initial ELBO: 8785.6929
2025-09-23 20:46:39,106 - __main__ - DEBUG - Relative tol: 0.0100
2025-09-23 20:46:39,106 - __main__ - DEBUG - Relative elbo_drop_tol: 0.0100
2025-09-23 20:46:39,106 - __main__ - DEBUG - - Init -507.2242
2025-09-23 20:46:39,106 - __main__ - DEBUG - - Trans -5.7057
2025-09-23 20:46:39,106 - __main__ - DEBUG - - Emit 23334.3349
2025-09-23 20:46:39,106 - __main__ - DEBUG - - Entropy 0.0005
2025-09-23 20:46:39,106 - __main__ - DEBUG - - Dir -24.9751
2025-09-23 20:46:39,106 - __main__ - DEBUG - - NIW -13994.7793
2025-09-23 20:46:39,106 - __main__ - DEBUG - - Beta prior -15.9581
2025-09-23 20:46:44,076 - __main__ - DEBUG - Iter 0: ELBO after FB: 8785.6929 (LL 22821.4055, Δ=0.0000)
2025-09-23 20:46:44,076 - __main__ - DEBUG - Blending stats with ρ_niw=0.0500, ρ_tr=0.0500.
2025-09-23 20:46:44,124 - __main__ - DEBUG - Iter 0: ELBO after NIW update: 10189.6889 (Emit LL 25102.1248, NIW term -14358.5732, Δ=1403.9960)
2025-09-23 20:46:44,173 - __main__ - DEBUG - Iter 0: ELBO after Dirichlet update: 10189.7175 (Trans LL -5.6584, Dir term -24.9938, Δ=0.0286)
2025-09-23 20:46:44,241 - __main__ - DEBUG - Iter 0: ELBO after β update: 10189.2010 (Init LL -507.7121, Dir term -25.0098, logp(β) -15.9708, Δ=-0.5165)
2025-09-23 20:46:49,195 - __main__ - DEBUG - Iter 1: ELBO after FB: 10189.2010 (LL 24588.7548, Δ=0.0000)
2025-09-23 20:46:49,196 - __main__ - DEBUG - Blending stats with ρ_niw=0.0500, ρ_tr=0.0500.
2025-09-23 20:46:49,244 - __main__ - DEBUG - Iter 1: ELBO after NIW update: 10189.2010 (Emit LL 25102.1248, NIW term -14358.5732, Δ=0.0000)
2025-09-23 20:46:49,292 - __main__ - DEBUG - Iter 1: ELBO after Dirichlet update: 10189.1296 (Trans LL -5.6407, Dir term -25.0990, Δ=-0.0714)
2025-09-23 20:46:49,361 - __main__ - DEBUG - Iter 1: ELBO after β update: 10188.6255 (Init LL -508.1538, Dir term -25.1569, logp(β) -15.9751, Δ=-0.5041)
2025-09-23 20:46:54,311 - __main__ - DEBUG - Iter 2: ELBO after FB: 10188.6255 (LL 24588.3308, Δ=0.0000)
2025-09-23 20:46:54,312 - __main__ - DEBUG - Blending stats with ρ_niw=0.0500, ρ_tr=0.0500.
2025-09-23 20:46:54,360 - __main__ - DEBUG - Iter 2: ELBO after NIW update: 10188.6255 (Emit LL 25102.1248, NIW term -14358.5732, Δ=0.0000)
2025-09-23 20:46:54,408 - __main__ - DEBUG - Iter 2: ELBO after Dirichlet update: 10188.3936 (Trans LL -5.6263, Dir term -25.4032, Δ=-0.2319)
2025-09-23 20:46:54,477 - __main__ - DEBUG - Iter 2: ELBO after β update: 10188.1841 (Init LL -508.3029, Dir term -25.4690, logp(β) -15.9697, Δ=-0.2095)
2025-09-23 20:46:59,464 - __main__ - DEBUG - Iter 3: ELBO after FB: 10188.1841 (LL 24588.1961, Δ=0.0000)
2025-09-23 20:46:59,464 - __main__ - DEBUG - Blending stats with ρ_niw=0.0500, ρ_tr=0.0500.
2025-09-23 20:46:59,512 - __main__ - DEBUG - Iter 3: ELBO after NIW update: 10188.1841 (Emit LL 25102.1248, NIW term -14358.5732, Δ=0.0000)
2025-09-23 20:46:59,561 - __main__ - DEBUG - Iter 3: ELBO after Dirichlet update: 10187.8559 (Trans LL -5.6210, Dir term -25.8026, Δ=-0.3283)
2025-09-23 20:46:59,616 - __main__ - DEBUG - Iter 3: ELBO after β update: 10187.8767 (Init LL -508.2426, Dir term -25.8429, logp(β) -15.9688, Δ=0.0209)
2025-09-23 20:47:04,599 - __main__ - DEBUG - Iter 4: ELBO after FB: 10187.8767 (LL 24588.2617, Δ=0.0000)
2025-09-23 20:47:04,599 - __main__ - DEBUG - Blending stats with ρ_niw=0.0500, ρ_tr=0.0500.
2025-09-23 20:47:04,648 - __main__ - DEBUG - Iter 4: ELBO after NIW update: 10187.8767 (Emit LL 25102.1248, NIW term -14358.5732, Δ=0.0000)
2025-09-23 20:47:04,696 - __main__ - DEBUG - Iter 4: ELBO after Dirichlet update: 10187.7365 (Trans LL -5.6230, Dir term -25.9812, Δ=-0.1402)
2025-09-23 20:47:04,757 - __main__ - DEBUG - Iter 4: ELBO after β update: 10187.5469 (Init LL -508.3932, Dir term -26.0241, logp(β) -15.9648, Δ=-0.1896)
2025-09-23 20:47:04,759 - __main__ - INFO -    HMM refresh complete: ELBO=147.1991, iters=0, max iters, states=40
2025-09-23 20:47:04,759 - __main__ - INFO -    ✅ HMM updated (next in 12,000 steps)
2025-09-23 20:47:04,759 - __main__ - INFO - 🔄 VAE refresh starting at step 175,104 with replay size 8x1536
2025-09-23 20:47:04,760 - __main__ - INFO -    Using span sampling (12288 timesteps, too large for full buffer)
2025-09-23 20:47:30,834 - __main__ - INFO -    VAE refresh complete: final_loss=2707.1782, avg_loss=2711.8768, steps=4/4, trend=improving, total_timesteps=12288, span_sampling=32_requested×4_steps, span_len=64
2025-09-23 20:47:30,836 - __main__ - INFO -    ✅ VAE updated (next in 12,000 steps)
2025-09-23 20:47:33,108 - __main__ - INFO - 📊 Episodes completed this rollout: 5
2025-09-23 20:47:33,108 - __main__ - INFO - 📈 Episode stats: avg return = 0.18, avg length = 245.6
2025-09-23 20:47:33,108 - __main__ - INFO - 🎯 Top 3 training actions: #2(26621), #0(24105), #3(21862)
2025-09-23 20:47:36,989 - __main__ - INFO - 📊 Episodes completed this rollout: 3
2025-09-23 20:47:36,989 - __main__ - INFO - 📈 Episode stats: avg return = 0.13, avg length = 214.0
2025-09-23 20:47:36,990 - __main__ - INFO - 🎯 Top 3 training actions: #2(26799), #0(24389), #3(22043)
2025-09-23 20:47:40,893 - __main__ - INFO - 📊 Episodes completed this rollout: 6
2025-09-23 20:47:40,893 - __main__ - INFO - 📈 Episode stats: avg return = -0.18, avg length = 297.7
2025-09-23 20:47:40,894 - __main__ - INFO - 🎯 Top 3 training actions: #2(26992), #0(24616), #3(22232)
2025-09-23 20:47:44,753 - __main__ - INFO - 📊 Episodes completed this rollout: 1
2025-09-23 20:47:44,753 - __main__ - INFO - 📈 Episode stats: avg return = 0.57, avg length = 269.0
2025-09-23 20:47:44,754 - __main__ - INFO - 🎯 Top 3 training actions: #2(27188), #0(24801), #3(22456)
2025-09-23 20:47:48,653 - __main__ - INFO - 📊 Episodes completed this rollout: 5
2025-09-23 20:47:48,654 - __main__ - INFO - 📈 Episode stats: avg return = 0.21, avg length = 233.8
2025-09-23 20:47:48,654 - __main__ - INFO - 🎯 Top 3 training actions: #2(27376), #0(25006), #3(22680)
2025-09-23 20:47:50,262 - __main__ - INFO - 🧪 Starting evaluation with 50 episodes...
2025-09-23 20:47:50,262 - __main__ - INFO -    Eval seed: 51
2025-09-23 20:47:50,262 - __main__ - INFO -    Max episode steps (eval): env default
2025-09-23 20:47:50,262 - nle.env.base - INFO - Not saving any NLE data.
2025-09-23 20:47:55,429 - __main__ - DEBUG - 🎯 Eval HMM masking: step 100 masked due to negative reward
2025-09-23 20:47:56,984 - __main__ - DEBUG - 🎯 Eval HMM masking: step 250 masked due to negative reward
2025-09-23 20:47:57,493 - __main__ - WARNING - ⚠️ Episode 4 terminated due to step limit.
2025-09-23 20:48:00,277 - __main__ - DEBUG - 🎯 Eval HMM masking: step 250 masked due to negative reward
2025-09-23 20:48:00,788 - __main__ - WARNING - ⚠️ Episode 5 terminated due to step limit.
2025-09-23 20:48:04,073 - __main__ - WARNING - ⚠️ Episode 6 terminated due to step limit.
2025-09-23 20:48:05,301 - __main__ - DEBUG - 🎯 Eval HMM masking: step 100 masked due to negative reward
2025-09-23 20:48:07,395 - __main__ - WARNING - ⚠️ Episode 7 terminated due to step limit.
2025-09-23 20:48:10,679 - __main__ - WARNING - ⚠️ Episode 8 terminated due to step limit.
2025-09-23 20:48:13,446 - __main__ - DEBUG - 🎯 Eval HMM masking: step 250 masked due to negative reward
2025-09-23 20:48:13,973 - __main__ - WARNING - ⚠️ Episode 9 terminated due to step limit.
2025-09-23 20:48:17,299 - __main__ - WARNING - ⚠️ Episode 10 terminated due to step limit.
2025-09-23 20:48:20,539 - __main__ - WARNING - ⚠️ Episode 11 terminated due to step limit.
2025-09-23 20:48:23,803 - __main__ - WARNING - ⚠️ Episode 12 terminated due to step limit.
2025-09-23 20:48:24,482 - __main__ - DEBUG - 🎯 Eval HMM masking: step 50 masked due to negative reward
2025-09-23 20:48:25,520 - __main__ - DEBUG - 🎯 Eval HMM masking: step 150 masked due to negative reward
2025-09-23 20:48:27,064 - __main__ - WARNING - ⚠️ Episode 13 terminated due to step limit.
2025-09-23 20:48:29,302 - __main__ - DEBUG - 🎯 Eval HMM masking: step 200 masked due to negative reward
2025-09-23 20:48:30,326 - __main__ - WARNING - ⚠️ Episode 14 terminated due to step limit.
2025-09-23 20:48:33,602 - __main__ - WARNING - ⚠️ Episode 15 terminated due to step limit.
2025-09-23 20:48:34,593 - __main__ - DEBUG - 🎯 Eval HMM masking: step 50 masked due to negative reward
2025-09-23 20:48:37,172 - __main__ - WARNING - ⚠️ Episode 17 terminated due to step limit.
2025-09-23 20:48:37,866 - __main__ - DEBUG - 🎯 Eval HMM masking: step 50 masked due to negative reward
2025-09-23 20:48:39,424 - __main__ - DEBUG - 🎯 Eval HMM masking: step 200 masked due to negative reward
2025-09-23 20:48:40,476 - __main__ - WARNING - ⚠️ Episode 18 terminated due to step limit.
2025-09-23 20:48:41,878 - __main__ - DEBUG - 🎯 Eval HMM masking: step 100 masked due to negative reward
2025-09-23 20:48:43,939 - __main__ - WARNING - ⚠️ Episode 20 terminated due to step limit.
2025-09-23 20:48:46,916 - __main__ - DEBUG - 🎯 Eval HMM masking: step 250 masked due to negative reward
2025-09-23 20:48:47,427 - __main__ - WARNING - ⚠️ Episode 22 terminated due to step limit.
2025-09-23 20:48:50,697 - __main__ - WARNING - ⚠️ Episode 23 terminated due to step limit.
2025-09-23 20:48:57,823 - __main__ - WARNING - ⚠️ Episode 27 terminated due to step limit.
2025-09-23 20:49:01,363 - __main__ - WARNING - ⚠️ Episode 29 terminated due to step limit.
2025-09-23 20:49:07,645 - __main__ - WARNING - ⚠️ Episode 33 terminated due to step limit.
2025-09-23 20:49:11,492 - __main__ - WARNING - ⚠️ Episode 36 terminated due to step limit.
2025-09-23 20:49:12,696 - __main__ - DEBUG - 🎯 Eval HMM masking: step 100 masked due to negative reward
2025-09-23 20:49:16,346 - __main__ - WARNING - ⚠️ Episode 38 terminated due to step limit.
2025-09-23 20:49:19,390 - __main__ - DEBUG - 🎯 Eval HMM masking: step 250 masked due to negative reward
2025-09-23 20:49:19,930 - __main__ - WARNING - ⚠️ Episode 40 terminated due to step limit.
2025-09-23 20:49:22,847 - __main__ - DEBUG - 🎯 Eval HMM masking: step 250 masked due to negative reward
2025-09-23 20:49:23,391 - __main__ - WARNING - ⚠️ Episode 41 terminated due to step limit.
2025-09-23 20:49:26,818 - __main__ - WARNING - ⚠️ Episode 42 terminated due to step limit.
2025-09-23 20:49:28,026 - __main__ - DEBUG - 🎯 Eval HMM masking: step 100 masked due to negative reward
2025-09-23 20:49:30,078 - __main__ - WARNING - ⚠️ Episode 43 terminated due to step limit.
2025-09-23 20:49:35,298 - __main__ - WARNING - ⚠️ Episode 45 terminated due to step limit.
2025-09-23 20:49:38,548 - __main__ - WARNING - ⚠️ Episode 46 terminated due to step limit.
2025-09-23 20:49:43,470 - __main__ - DEBUG - 🎯 Eval HMM masking: step 200 masked due to negative reward
2025-09-23 20:49:44,490 - __main__ - WARNING - ⚠️ Episode 48 terminated due to step limit.
2025-09-23 20:49:46,738 - __main__ - DEBUG - 🎯 Eval HMM masking: step 200 masked due to negative reward
2025-09-23 20:49:47,759 - __main__ - WARNING - ⚠️ Episode 49 terminated due to step limit.
2025-09-23 20:49:49,240 - __main__ - INFO - 📊 Evaluation Results (Current Round):
2025-09-23 20:49:49,240 - __main__ - INFO -    Episodes: 50
2025-09-23 20:49:49,240 - __main__ - INFO -    Time: 119.0s (2.4s/ep)
2025-09-23 20:49:49,240 - __main__ - INFO -    Average Return: 0.166 ± 0.630
2025-09-23 20:49:49,240 - __main__ - INFO -    Success Rate: 40.0%
2025-09-23 20:49:49,240 - __main__ - INFO -    Average Length: 216.9
2025-09-23 20:49:49,240 - __main__ - INFO -    Average Coverage: 70.2 positions
2025-09-23 20:49:49,240 - __main__ - INFO -    Episode Completions: 20 terminated (40.0%), 30 truncated (60.0%)
2025-09-23 20:49:49,240 - __main__ - INFO - 📈 Total Evaluation Statistics:
2025-09-23 20:49:49,240 - __main__ - INFO -    Total Episodes: 900
2025-09-23 20:49:49,240 - __main__ - INFO -    Total Average Return: 0.135 ± 0.633
2025-09-23 20:49:49,241 - __main__ - INFO -    Total Average Length: 227.8 ± 102.7
2025-09-23 20:49:49,241 - __main__ - INFO -    Total Completions: 380 terminated (42.2%), 520 truncated (57.8%)
2025-09-23 20:49:49,241 - __main__ - INFO -    Skill Entropy: 0.001
2025-09-23 20:49:49,241 - __main__ - INFO -    Used Skills: 1.0
2025-09-23 20:49:49,241 - __main__ - INFO -    Effective K: 1.00
2025-09-23 20:49:49,241 - __main__ - INFO - 🎯 Action Usage Statistics:
2025-09-23 20:49:49,241 - __main__ - INFO -    Unique actions in evaluation: 8
2025-09-23 20:49:49,241 - __main__ - INFO -    Unique actions in training: 8
2025-09-23 20:49:49,241 - __main__ - INFO -    Total unique actions: 8
2025-09-23 20:49:49,241 - __main__ - INFO -    Action coverage: 6.6%
2025-09-23 20:49:49,241 - __main__ - INFO -    Train action count: 180224
2025-09-23 20:49:49,242 - __main__ - INFO -    Eval action count: 205011
2025-09-23 20:49:49,242 - __main__ - INFO -    Train action entropy: 2.074
2025-09-23 20:49:49,242 - __main__ - INFO -    Eval action entropy: 2.073
2025-09-23 20:49:49,242 - __main__ - INFO -    Top 3 train actions: #2(27376), #0(25006), #3(22680)
2025-09-23 20:49:49,243 - __main__ - INFO -    Top 3 eval actions: #2(31680), #0(27939), #3(27407)
2025-09-23 20:49:51,503 - __main__ - INFO - 📊 Episodes completed this rollout: 4
2025-09-23 20:49:51,503 - __main__ - INFO - 📈 Episode stats: avg return = -0.11, avg length = 260.2
2025-09-23 20:49:51,503 - __main__ - INFO - 🎯 Top 3 training actions: #2(27614), #0(25247), #3(22846)
2025-09-23 20:49:55,368 - __main__ - INFO - 📊 Episodes completed this rollout: 4
2025-09-23 20:49:55,369 - __main__ - INFO - 📈 Episode stats: avg return = 0.04, avg length = 289.8
2025-09-23 20:49:55,369 - __main__ - INFO - 🎯 Top 3 training actions: #2(27863), #0(25478), #3(22971)
2025-09-23 20:49:59,244 - __main__ - INFO - 📊 Episodes completed this rollout: 4
2025-09-23 20:49:59,244 - __main__ - INFO - 📈 Episode stats: avg return = 0.05, avg length = 228.5
2025-09-23 20:49:59,244 - __main__ - INFO - 🎯 Top 3 training actions: #2(28070), #0(25705), #3(23085)
2025-09-23 20:50:03,119 - __main__ - INFO - 📊 Episodes completed this rollout: 5
2025-09-23 20:50:03,119 - __main__ - INFO - 📈 Episode stats: avg return = 0.20, avg length = 187.6
2025-09-23 20:50:03,119 - __main__ - INFO - 🎯 Top 3 training actions: #2(28295), #0(25879), #3(23249)
2025-09-23 20:50:07,082 - __main__ - INFO - 📊 Episodes completed this rollout: 6
2025-09-23 20:50:07,082 - __main__ - INFO - 📈 Episode stats: avg return = -0.13, avg length = 266.2
2025-09-23 20:50:07,082 - __main__ - INFO - 🎯 Top 3 training actions: #2(28486), #0(26077), #3(23381)
2025-09-23 20:50:11,020 - __main__ - INFO - 📊 Episodes completed this rollout: 4
2025-09-23 20:50:11,020 - __main__ - INFO - 📈 Episode stats: avg return = 0.61, avg length = 166.2
2025-09-23 20:50:11,021 - __main__ - INFO - 🎯 Top 3 training actions: #2(28680), #0(26294), #3(23538)
2025-09-23 20:50:14,953 - __main__ - INFO - 📊 Episodes completed this rollout: 7
2025-09-23 20:50:14,953 - __main__ - INFO - 📈 Episode stats: avg return = 0.53, avg length = 163.9
2025-09-23 20:50:14,953 - __main__ - INFO - 🎯 Top 3 training actions: #2(28940), #0(26485), #3(23700)
2025-09-23 20:50:16,585 - __main__ - INFO - 🔄 Synchronized model update at step 187,392
2025-09-23 20:50:16,586 - __main__ - INFO -    HMM interval: 12,000, VAE interval: 12,000
2025-09-23 20:50:16,586 - __main__ - INFO - 🚫 Model training masking: 984/12288 timesteps masked (8.0%) due to negative rewards (invalid actions)
2025-09-23 20:50:16,958 - __main__ - INFO - 🔄 Capping HMM batch size from 775 to 128 to prevent OOM
2025-09-23 20:50:16,958 - __main__ - INFO - 🔄 HMM refresh starting at step 187,392 with replay size 128x128
2025-09-23 20:50:24,326 - __main__ - DEBUG - Initial ELBO: 24976.0195
2025-09-23 20:50:24,331 - __main__ - DEBUG - Relative tol: 0.0100
2025-09-23 20:50:24,331 - __main__ - DEBUG - Relative elbo_drop_tol: 0.0100
2025-09-23 20:50:24,331 - __main__ - DEBUG - - Init -507.7121
2025-09-23 20:50:24,331 - __main__ - DEBUG - - Trans -9.1456
2025-09-23 20:50:24,331 - __main__ - DEBUG - - Emit 39892.4303
2025-09-23 20:50:24,331 - __main__ - DEBUG - - Entropy 0.0007
2025-09-23 20:50:24,331 - __main__ - DEBUG - - Dir -25.0098
2025-09-23 20:50:24,331 - __main__ - DEBUG - - NIW -14358.5732
2025-09-23 20:50:24,331 - __main__ - DEBUG - - Beta prior -15.9708
2025-09-23 20:50:32,243 - __main__ - DEBUG - Iter 0: ELBO after FB: 24976.0195 (LL 39375.5734, Δ=0.0000)
2025-09-23 20:50:32,244 - __main__ - DEBUG - Blending stats with ρ_niw=0.0500, ρ_tr=0.0500.
2025-09-23 20:50:32,293 - __main__ - DEBUG - Iter 0: ELBO after NIW update: 28623.0964 (Emit LL 44300.5756, NIW term -15119.6416, Δ=3647.0769)
2025-09-23 20:50:32,343 - __main__ - DEBUG - Iter 0: ELBO after Dirichlet update: 28623.2745 (Trans LL -8.7660, Dir term -25.2115, Δ=0.1780)
2025-09-23 20:50:32,411 - __main__ - DEBUG - Iter 0: ELBO after β update: 28622.7896 (Init LL -508.1616, Dir term -25.2341, logp(β) -15.9835, Δ=-0.4849)
2025-09-23 20:50:39,961 - __main__ - DEBUG - Iter 1: ELBO after FB: 28622.7896 (LL 43783.6488, Δ=0.0000)
2025-09-23 20:50:39,962 - __main__ - DEBUG - Blending stats with ρ_niw=0.0500, ρ_tr=0.0500.
2025-09-23 20:50:40,013 - __main__ - DEBUG - Iter 1: ELBO after NIW update: 28622.7896 (Emit LL 44300.5756, NIW term -15119.6416, Δ=0.0000)
2025-09-23 20:50:40,063 - __main__ - DEBUG - Iter 1: ELBO after Dirichlet update: 28622.7423 (Trans LL -8.7416, Dir term -25.3057, Δ=-0.0473)
2025-09-23 20:50:40,136 - __main__ - DEBUG - Iter 1: ELBO after β update: 28622.2201 (Init LL -508.6163, Dir term -25.3694, logp(β) -15.9874, Δ=-0.5222)
2025-09-23 20:50:47,974 - __main__ - DEBUG - Iter 2: ELBO after FB: 28622.2201 (LL 43783.2185, Δ=0.0000)
2025-09-23 20:50:47,975 - __main__ - DEBUG - Blending stats with ρ_niw=0.0500, ρ_tr=0.0500.
2025-09-23 20:50:48,026 - __main__ - DEBUG - Iter 2: ELBO after NIW update: 28622.2201 (Emit LL 44300.5756, NIW term -15119.6416, Δ=0.0000)
2025-09-23 20:50:48,076 - __main__ - DEBUG - Iter 2: ELBO after Dirichlet update: 28622.0101 (Trans LL -8.7183, Dir term -25.6027, Δ=-0.2100)
2025-09-23 20:50:48,148 - __main__ - DEBUG - Iter 2: ELBO after β update: 28621.8124 (Init LL -508.7571, Dir term -25.6644, logp(β) -15.9826, Δ=-0.1978)
2025-09-23 20:50:55,979 - __main__ - DEBUG - Iter 3: ELBO after FB: 28621.8124 (LL 43783.1009, Δ=0.0000)
2025-09-23 20:50:55,980 - __main__ - DEBUG - Blending stats with ρ_niw=0.0500, ρ_tr=0.0500.
2025-09-23 20:50:56,029 - __main__ - DEBUG - Iter 3: ELBO after NIW update: 28621.8124 (Emit LL 44300.5756, NIW term -15119.6416, Δ=0.0000)
2025-09-23 20:50:56,079 - __main__ - DEBUG - Iter 3: ELBO after Dirichlet update: 28621.5115 (Trans LL -8.7098, Dir term -25.9737, Δ=-0.3009)
2025-09-23 20:50:56,150 - __main__ - DEBUG - Iter 3: ELBO after β update: 28621.3558 (Init LL -508.8358, Dir term -26.0567, logp(β) -15.9766, Δ=-0.1557)
2025-09-23 20:51:03,881 - __main__ - DEBUG - Iter 4: ELBO after FB: 28621.3558 (LL 43783.0308, Δ=0.0000)
2025-09-23 20:51:03,882 - __main__ - DEBUG - Blending stats with ρ_niw=0.0500, ρ_tr=0.0500.
2025-09-23 20:51:03,932 - __main__ - DEBUG - Iter 4: ELBO after NIW update: 28621.3558 (Emit LL 44300.5756, NIW term -15119.6416, Δ=0.0000)
2025-09-23 20:51:03,982 - __main__ - DEBUG - Iter 4: ELBO after Dirichlet update: 28620.9041 (Trans LL -8.7055, Dir term -26.5127, Δ=-0.4518)
2025-09-23 20:51:04,039 - __main__ - DEBUG - Iter 4: ELBO after β update: 28620.9322 (Init LL -508.7891, Dir term -26.5315, logp(β) -15.9765, Δ=0.0281)
2025-09-23 20:51:04,041 - __main__ - INFO -    HMM refresh complete: ELBO=14.4062, iters=0, max iters, states=40
2025-09-23 20:51:04,041 - __main__ - INFO -    ✅ HMM updated (next in 12,000 steps)
2025-09-23 20:51:04,041 - __main__ - INFO - 🔄 VAE refresh starting at step 187,392 with replay size 8x1536
2025-09-23 20:51:04,042 - __main__ - INFO -    Using span sampling (12288 timesteps, too large for full buffer)
2025-09-23 20:51:30,716 - __main__ - INFO -    VAE refresh complete: final_loss=2687.4973, avg_loss=2691.1935, steps=4/4, trend=improving, total_timesteps=12288, span_sampling=32_requested×4_steps, span_len=64
2025-09-23 20:51:30,718 - __main__ - INFO -    ✅ VAE updated (next in 12,000 steps)
2025-09-23 20:51:33,028 - __main__ - INFO - 📊 Episodes completed this rollout: 5
2025-09-23 20:51:33,029 - __main__ - INFO - 📈 Episode stats: avg return = 0.27, avg length = 188.8
2025-09-23 20:51:33,029 - __main__ - INFO - 🎯 Top 3 training actions: #2(29169), #0(26662), #3(23859)
2025-09-23 20:51:36,974 - __main__ - INFO - 📊 Episodes completed this rollout: 3
2025-09-23 20:51:36,974 - __main__ - INFO - 📈 Episode stats: avg return = 0.11, avg length = 281.3
2025-09-23 20:51:36,975 - __main__ - INFO - 🎯 Top 3 training actions: #2(29467), #0(26787), #3(24032)
2025-09-23 20:51:40,933 - __main__ - INFO - 📊 Episodes completed this rollout: 4
2025-09-23 20:51:40,933 - __main__ - INFO - 📈 Episode stats: avg return = -0.41, avg length = 300.0
2025-09-23 20:51:40,933 - __main__ - INFO - 🎯 Top 3 training actions: #2(29753), #0(26872), #3(24224)
2025-09-23 20:51:42,575 - __main__ - INFO - 🧪 Starting evaluation with 50 episodes...
2025-09-23 20:51:42,576 - __main__ - INFO -    Eval seed: 51
2025-09-23 20:51:42,576 - __main__ - INFO -    Max episode steps (eval): env default
2025-09-23 20:51:42,576 - nle.env.base - INFO - Not saving any NLE data.
2025-09-23 20:51:44,167 - __main__ - DEBUG - 🎯 Eval HMM masking: step 150 masked due to negative reward
2025-09-23 20:51:47,830 - __main__ - DEBUG - 🎯 Eval HMM masking: step 200 masked due to negative reward
2025-09-23 20:51:51,788 - __main__ - WARNING - ⚠️ Episode 3 terminated due to step limit.
2025-09-23 20:51:56,818 - __main__ - WARNING - ⚠️ Episode 5 terminated due to step limit.
2025-09-23 20:52:00,138 - __main__ - WARNING - ⚠️ Episode 6 terminated due to step limit.
2025-09-23 20:52:02,371 - __main__ - DEBUG - 🎯 Eval HMM masking: step 200 masked due to negative reward
2025-09-23 20:52:03,397 - __main__ - WARNING - ⚠️ Episode 7 terminated due to step limit.
2025-09-23 20:52:06,160 - __main__ - DEBUG - 🎯 Eval HMM masking: step 250 masked due to negative reward
2025-09-23 20:52:06,674 - __main__ - WARNING - ⚠️ Episode 8 terminated due to step limit.
2025-09-23 20:52:07,878 - __main__ - DEBUG - 🎯 Eval HMM masking: step 100 masked due to negative reward
2025-09-23 20:52:09,938 - __main__ - WARNING - ⚠️ Episode 9 terminated due to step limit.
2025-09-23 20:52:13,193 - __main__ - WARNING - ⚠️ Episode 10 terminated due to step limit.
2025-09-23 20:52:17,868 - __main__ - WARNING - ⚠️ Episode 12 terminated due to step limit.
2025-09-23 20:52:18,551 - __main__ - DEBUG - 🎯 Eval HMM masking: step 50 masked due to negative reward
2025-09-23 20:52:21,125 - __main__ - WARNING - ⚠️ Episode 13 terminated due to step limit.
2025-09-23 20:52:25,499 - __main__ - WARNING - ⚠️ Episode 15 terminated due to step limit.
2025-09-23 20:52:27,743 - __main__ - DEBUG - 🎯 Eval HMM masking: step 200 masked due to negative reward
2025-09-23 20:52:28,794 - __main__ - WARNING - ⚠️ Episode 16 terminated due to step limit.
2025-09-23 20:52:34,035 - __main__ - WARNING - ⚠️ Episode 18 terminated due to step limit.
2025-09-23 20:52:39,265 - __main__ - WARNING - ⚠️ Episode 20 terminated due to step limit.
2025-09-23 20:52:42,557 - __main__ - WARNING - ⚠️ Episode 21 terminated due to step limit.
2025-09-23 20:52:46,602 - __main__ - WARNING - ⚠️ Episode 23 terminated due to step limit.
2025-09-23 20:52:50,208 - __main__ - WARNING - ⚠️ Episode 25 terminated due to step limit.
2025-09-23 20:52:51,419 - __main__ - DEBUG - 🎯 Eval HMM masking: step 100 masked due to negative reward
2025-09-23 20:52:53,495 - __main__ - WARNING - ⚠️ Episode 26 terminated due to step limit.
2025-09-23 20:52:58,950 - __main__ - WARNING - ⚠️ Episode 30 terminated due to step limit.
2025-09-23 20:53:02,237 - __main__ - WARNING - ⚠️ Episode 31 terminated due to step limit.
2025-09-23 20:53:05,540 - __main__ - WARNING - ⚠️ Episode 32 terminated due to step limit.
2025-09-23 20:53:10,366 - __main__ - WARNING - ⚠️ Episode 34 terminated due to step limit.
2025-09-23 20:53:13,642 - __main__ - WARNING - ⚠️ Episode 35 terminated due to step limit.
2025-09-23 20:53:14,331 - __main__ - DEBUG - 🎯 Eval HMM masking: step 50 masked due to negative reward
2025-09-23 20:53:16,919 - __main__ - WARNING - ⚠️ Episode 36 terminated due to step limit.
2025-09-23 20:53:20,190 - __main__ - WARNING - ⚠️ Episode 37 terminated due to step limit.
2025-09-23 20:53:26,590 - __main__ - WARNING - ⚠️ Episode 41 terminated due to step limit.
2025-09-23 20:53:28,873 - __main__ - DEBUG - 🎯 Eval HMM masking: step 200 masked due to negative reward
2025-09-23 20:53:29,906 - __main__ - WARNING - ⚠️ Episode 42 terminated due to step limit.
2025-09-23 20:53:33,594 - __main__ - DEBUG - 🎯 Eval HMM masking: step 200 masked due to negative reward
2025-09-23 20:53:34,111 - __main__ - DEBUG - 🎯 Eval HMM masking: step 250 masked due to negative reward
2025-09-23 20:53:34,619 - __main__ - WARNING - ⚠️ Episode 45 terminated due to step limit.
2025-09-23 20:53:38,162 - __main__ - WARNING - ⚠️ Episode 47 terminated due to step limit.
2025-09-23 20:53:41,426 - __main__ - WARNING - ⚠️ Episode 48 terminated due to step limit.
2025-09-23 20:53:43,655 - __main__ - DEBUG - 🎯 Eval HMM masking: step 200 masked due to negative reward
2025-09-23 20:53:44,673 - __main__ - WARNING - ⚠️ Episode 49 terminated due to step limit.
2025-09-23 20:53:47,929 - __main__ - WARNING - ⚠️ Episode 50 terminated due to step limit.
2025-09-23 20:53:48,085 - __main__ - INFO - 📊 Evaluation Results (Current Round):
2025-09-23 20:53:48,086 - __main__ - INFO -    Episodes: 50
2025-09-23 20:53:48,086 - __main__ - INFO -    Time: 125.5s (2.5s/ep)
2025-09-23 20:53:48,086 - __main__ - INFO -    Average Return: 0.129 ± 0.592
2025-09-23 20:53:48,086 - __main__ - INFO -    Success Rate: 38.0%
2025-09-23 20:53:48,086 - __main__ - INFO -    Average Length: 227.8
2025-09-23 20:53:48,086 - __main__ - INFO -    Average Coverage: 81.3 positions
2025-09-23 20:53:48,086 - __main__ - INFO -    Episode Completions: 19 terminated (38.0%), 31 truncated (62.0%)
2025-09-23 20:53:48,086 - __main__ - INFO - 📈 Total Evaluation Statistics:
2025-09-23 20:53:48,086 - __main__ - INFO -    Total Episodes: 950
2025-09-23 20:53:48,086 - __main__ - INFO -    Total Average Return: 0.135 ± 0.631
2025-09-23 20:53:48,087 - __main__ - INFO -    Total Average Length: 227.8 ± 102.8
2025-09-23 20:53:48,087 - __main__ - INFO -    Total Completions: 399 terminated (42.0%), 551 truncated (58.0%)
2025-09-23 20:53:48,087 - __main__ - INFO -    Skill Entropy: 0.001
2025-09-23 20:53:48,087 - __main__ - INFO -    Used Skills: 1.0
2025-09-23 20:53:48,087 - __main__ - INFO -    Effective K: 1.00
2025-09-23 20:53:48,087 - __main__ - INFO - 🎯 Action Usage Statistics:
2025-09-23 20:53:48,087 - __main__ - INFO -    Unique actions in evaluation: 8
2025-09-23 20:53:48,087 - __main__ - INFO -    Unique actions in training: 8
2025-09-23 20:53:48,087 - __main__ - INFO -    Total unique actions: 8
2025-09-23 20:53:48,087 - __main__ - INFO -    Action coverage: 6.6%
2025-09-23 20:53:48,087 - __main__ - INFO -    Train action count: 190464
2025-09-23 20:53:48,087 - __main__ - INFO -    Eval action count: 216402
2025-09-23 20:53:48,088 - __main__ - INFO -    Train action entropy: 2.072
2025-09-23 20:53:48,088 - __main__ - INFO -    Eval action entropy: 2.072
2025-09-23 20:53:48,088 - __main__ - INFO -    Top 3 train actions: #2(29753), #0(26872), #3(24224)
2025-09-23 20:53:48,088 - __main__ - INFO -    Top 3 eval actions: #2(34051), #3(29193), #0(29099)
2025-09-23 20:53:50,342 - __main__ - INFO - 📊 Episodes completed this rollout: 4
2025-09-23 20:53:50,342 - __main__ - INFO - 📈 Episode stats: avg return = 0.18, avg length = 221.0
2025-09-23 20:53:50,343 - __main__ - INFO - 🎯 Top 3 training actions: #2(29959), #0(26990), #3(24376)
2025-09-23 20:53:54,222 - __main__ - INFO - 📊 Episodes completed this rollout: 5
2025-09-23 20:53:54,222 - __main__ - INFO - 📈 Episode stats: avg return = 0.19, avg length = 230.8
2025-09-23 20:53:54,222 - __main__ - INFO - 🎯 Top 3 training actions: #2(30198), #0(27119), #3(24504)
2025-09-23 20:53:58,070 - __main__ - INFO - 📊 Episodes completed this rollout: 7
2025-09-23 20:53:58,070 - __main__ - INFO - 📈 Episode stats: avg return = 0.55, avg length = 176.7
2025-09-23 20:53:58,070 - __main__ - INFO - 🎯 Top 3 training actions: #2(30459), #0(27250), #3(24634)
2025-09-23 20:54:01,933 - __main__ - INFO - 📊 Episodes completed this rollout: 5
2025-09-23 20:54:01,933 - __main__ - INFO - 📈 Episode stats: avg return = 0.67, avg length = 135.2
2025-09-23 20:54:01,934 - __main__ - INFO - 🎯 Top 3 training actions: #2(30717), #0(27389), #3(24771)
2025-09-23 20:54:05,840 - __main__ - INFO - 📊 Episodes completed this rollout: 7
2025-09-23 20:54:05,840 - __main__ - INFO - 📈 Episode stats: avg return = 0.38, avg length = 183.7
2025-09-23 20:54:05,840 - __main__ - INFO - 🎯 Top 3 training actions: #2(30998), #0(27528), #3(24913)
2025-09-23 20:54:09,770 - __main__ - INFO - 📊 Episodes completed this rollout: 3
2025-09-23 20:54:09,770 - __main__ - INFO - 📈 Episode stats: avg return = 0.11, avg length = 244.3
2025-09-23 20:54:09,770 - __main__ - INFO - 🎯 Top 3 training actions: #2(31313), #0(27662), #3(25079)
2025-09-23 20:54:13,644 - __main__ - INFO - 📊 Episodes completed this rollout: 5
2025-09-23 20:54:13,644 - __main__ - INFO - 📈 Episode stats: avg return = -0.07, avg length = 242.0
2025-09-23 20:54:13,645 - __main__ - INFO - 🎯 Top 3 training actions: #2(31662), #0(27785), #3(25238)
2025-09-23 20:54:17,497 - __main__ - INFO - 📊 Episodes completed this rollout: 4
2025-09-23 20:54:17,497 - __main__ - INFO - 📈 Episode stats: avg return = 0.11, avg length = 245.8
2025-09-23 20:54:17,497 - __main__ - INFO - 🎯 Top 3 training actions: #2(31972), #0(27905), #3(25436)
2025-09-23 20:54:21,329 - __main__ - INFO - 📊 Episodes completed this rollout: 4
2025-09-23 20:54:21,329 - __main__ - INFO - 📈 Episode stats: avg return = 0.78, avg length = 214.8
2025-09-23 20:54:21,330 - __main__ - INFO - 🎯 Top 3 training actions: #2(32248), #0(28019), #3(25668)
2025-09-23 20:54:22,943 - __main__ - INFO - 🔄 Synchronized model update at step 199,680
2025-09-23 20:54:22,944 - __main__ - INFO -    HMM interval: 12,000, VAE interval: 12,000
2025-09-23 20:54:22,944 - __main__ - INFO - 🚫 Model training masking: 1884/12288 timesteps masked (15.3%) due to negative rewards (invalid actions)
2025-09-23 20:54:23,332 - __main__ - INFO - 🔄 Capping HMM batch size from 1160 to 128 to prevent OOM
2025-09-23 20:54:23,333 - __main__ - INFO - 🔄 HMM refresh starting at step 199,680 with replay size 128x72
2025-09-23 20:54:27,519 - __main__ - DEBUG - Initial ELBO: 7025.5757
2025-09-23 20:54:27,522 - __main__ - DEBUG - Relative tol: 0.0100
2025-09-23 20:54:27,522 - __main__ - DEBUG - Relative elbo_drop_tol: 0.0100
2025-09-23 20:54:27,522 - __main__ - DEBUG - - Init -508.1616
2025-09-23 20:54:27,522 - __main__ - DEBUG - - Trans -4.1938
2025-09-23 20:54:27,522 - __main__ - DEBUG - - Emit 22698.7899
2025-09-23 20:54:27,522 - __main__ - DEBUG - - Entropy 0.0004
2025-09-23 20:54:27,522 - __main__ - DEBUG - - Dir -25.2341
2025-09-23 20:54:27,523 - __main__ - DEBUG - - NIW -15119.6416
2025-09-23 20:54:27,523 - __main__ - DEBUG - - Beta prior -15.9835
2025-09-23 20:54:32,158 - __main__ - DEBUG - Iter 0: ELBO after FB: 7025.5757 (LL 22186.4349, Δ=0.0000)
2025-09-23 20:54:32,159 - __main__ - DEBUG - Blending stats with ρ_niw=0.0500, ρ_tr=0.0500.
2025-09-23 20:54:32,206 - __main__ - DEBUG - Iter 0: ELBO after NIW update: 7605.9521 (Emit LL 23491.2229, NIW term -15331.6982, Δ=580.3764)
2025-09-23 20:54:32,253 - __main__ - DEBUG - Iter 0: ELBO after Dirichlet update: 7605.9914 (Trans LL -4.2237, Dir term -25.1648, Δ=0.0394)
2025-09-23 20:54:32,319 - __main__ - DEBUG - Iter 0: ELBO after β update: 7605.5024 (Init LL -508.6060, Dir term -25.1967, logp(β) -15.9963, Δ=-0.4891)
2025-09-23 20:54:36,822 - __main__ - DEBUG - Iter 1: ELBO after FB: 7605.5024 (LL 22978.3936, Δ=0.0000)
2025-09-23 20:54:36,822 - __main__ - DEBUG - Blending stats with ρ_niw=0.0500, ρ_tr=0.0500.
2025-09-23 20:54:36,869 - __main__ - DEBUG - Iter 1: ELBO after NIW update: 7605.5024 (Emit LL 23491.2229, NIW term -15331.6982, Δ=0.0000)
2025-09-23 20:54:36,916 - __main__ - DEBUG - Iter 1: ELBO after Dirichlet update: 7605.4409 (Trans LL -4.2126, Dir term -25.2693, Δ=-0.0615)
2025-09-23 20:54:36,984 - __main__ - DEBUG - Iter 1: ELBO after β update: 7604.9133 (Init LL -509.0609, Dir term -25.3383, logp(β) -15.9999, Δ=-0.5276)
2025-09-23 20:54:41,539 - __main__ - DEBUG - Iter 2: ELBO after FB: 7604.9133 (LL 22977.9498, Δ=0.0000)
2025-09-23 20:54:41,540 - __main__ - DEBUG - Blending stats with ρ_niw=0.0500, ρ_tr=0.0500.
2025-09-23 20:54:41,587 - __main__ - DEBUG - Iter 2: ELBO after NIW update: 7604.9133 (Emit LL 23491.2229, NIW term -15331.6982, Δ=0.0000)
2025-09-23 20:54:41,634 - __main__ - DEBUG - Iter 2: ELBO after Dirichlet update: 7604.6906 (Trans LL -4.2009, Dir term -25.5727, Δ=-0.2227)
2025-09-23 20:54:41,703 - __main__ - DEBUG - Iter 2: ELBO after β update: 7604.4784 (Init LL -509.2133, Dir term -25.6379, logp(β) -15.9946, Δ=-0.2123)
2025-09-23 20:54:46,096 - __main__ - DEBUG - Iter 3: ELBO after FB: 7604.4784 (LL 22977.8091, Δ=0.0000)
2025-09-23 20:54:46,097 - __main__ - DEBUG - Blending stats with ρ_niw=0.0500, ρ_tr=0.0500.
2025-09-23 20:54:46,144 - __main__ - DEBUG - Iter 3: ELBO after NIW update: 7604.4784 (Emit LL 23491.2229, NIW term -15331.6982, Δ=0.0000)
2025-09-23 20:54:46,191 - __main__ - DEBUG - Iter 3: ELBO after Dirichlet update: 7604.0964 (Trans LL -4.1973, Dir term -26.0234, Δ=-0.3820)
2025-09-23 20:54:46,248 - __main__ - DEBUG - Iter 3: ELBO after β update: 7604.1463 (Init LL -509.1391, Dir term -26.0505, logp(β) -15.9918, Δ=0.0499)
2025-09-23 20:54:50,644 - __main__ - DEBUG - Iter 4: ELBO after FB: 7604.1463 (LL 22977.8868, Δ=0.0000)
2025-09-23 20:54:50,645 - __main__ - DEBUG - Blending stats with ρ_niw=0.0500, ρ_tr=0.0500.
2025-09-23 20:54:50,692 - __main__ - DEBUG - Iter 4: ELBO after NIW update: 7604.1463 (Emit LL 23491.2229, NIW term -15331.6982, Δ=0.0000)
2025-09-23 20:54:50,739 - __main__ - DEBUG - Iter 4: ELBO after Dirichlet update: 7603.9515 (Trans LL -4.1989, Dir term -26.2438, Δ=-0.1948)
2025-09-23 20:54:50,793 - __main__ - DEBUG - Iter 4: ELBO after β update: 7603.8095 (Init LL -509.2440, Dir term -26.2829, logp(β) -15.9897, Δ=-0.1419)
2025-09-23 20:54:50,795 - __main__ - INFO -    HMM refresh complete: ELBO=114.5614, iters=0, max iters, states=40
2025-09-23 20:54:50,795 - __main__ - INFO -    ✅ HMM updated (next in 12,000 steps)
2025-09-23 20:54:50,795 - __main__ - INFO - 🔄 VAE refresh starting at step 199,680 with replay size 8x1536
2025-09-23 20:54:50,796 - __main__ - INFO -    Using span sampling (12288 timesteps, too large for full buffer)
2025-09-23 20:55:15,418 - __main__ - INFO -    VAE refresh complete: final_loss=2653.6846, avg_loss=2664.9550, steps=4/4, trend=improving, total_timesteps=12288, span_sampling=32_requested×4_steps, span_len=64
2025-09-23 20:55:15,420 - __main__ - INFO -    ✅ VAE updated (next in 12,000 steps)
2025-09-23 20:55:15,424 - __main__ - INFO - ⏱️  Training completed in 4294.63 seconds
2025-09-23 20:55:15,424 - __main__ - INFO - 💾 Saving final PPO checkpoint...
2025-09-23 20:55:15,433 - __main__ - INFO - 💾 Final checkpoint saved: checkpoints/ablation_baseline_curiosity_trans_only_MiniHack_Room_Random_15x15_v0_20250923-194337/ppo_policy.pth
2025-09-23 20:55:15,438 - __main__ - INFO - 📊 Collected 286 training log entries
2025-09-23 20:55:15,438 - __main__ - INFO - ☁️  Uploading all model components to HuggingFace...
2025-09-23 20:55:15,580 - __main__ - INFO - 📦 Created/verified repository: CatkinChen/nethack-ppo-ablation-baseline_curiosity_trans_only
2025-09-23 20:55:15,581 - __main__ - INFO - 📤 Uploading PPO policy checkpoint...
2025-09-23 20:55:19,052 - __main__ - INFO - 📤 Uploading VAE model...
2025-09-23 20:55:22,374 - __main__ - INFO - ✅ VAE model uploaded successfully
2025-09-23 20:55:22,374 - __main__ - INFO - 📤 Uploading HMM model...
2025-09-23 20:55:25,225 - __main__ - INFO - ✅ HMM model uploaded successfully
2025-09-23 20:55:25,225 - __main__ - INFO - 📝 Creating model card...
2025-09-23 20:55:26,101 - __main__ - INFO - ✅ Model card uploaded successfully
2025-09-23 20:55:26,101 - __main__ - INFO - 📄 Uploading training configuration...
2025-09-23 20:55:26,629 - __main__ - INFO - ✅ Training configuration uploaded successfully
2025-09-23 20:55:26,629 - __main__ - INFO - 🎉 All model components uploaded to: https://huggingface.co/CatkinChen/nethack-ppo-ablation-baseline_curiosity_trans_only
2025-09-23 20:55:26,629 - __main__ - INFO - 📈 Uploading training artifacts...
2025-09-23 20:55:30,105 - __main__ - INFO - ✅ Training artifacts uploaded successfully
2025-09-23 20:55:30,753 - __main__ - INFO - 🎉 Training completed successfully!
