2025-09-23 11:11:05,948 - __main__ - INFO - ================================================================================
2025-09-23 11:11:05,949 - __main__ - INFO - Starting Online PPO Training with Pretrained Models
2025-09-23 11:11:05,949 - __main__ - INFO - Environment: MiniHack-Room-Random-15x15-v0
2025-09-23 11:11:05,949 - __main__ - INFO - VAE Repository: CatkinChen/nethack-vae-hmm
2025-09-23 11:11:05,949 - __main__ - INFO - HMM Repository: CatkinChen/nethack-hmm
2025-09-23 11:11:05,949 - __main__ - INFO - Total Timesteps: 195
2025-09-23 11:11:05,949 - __main__ - INFO - ================================================================================
2025-09-23 11:11:05,949 - __main__ - INFO - 🔧 Using device: cuda
2025-09-23 11:11:05,949 - __main__ - INFO - 🆕 Fresh training mode: Loading models from separate repos
2025-09-23 11:11:05,949 - __main__ - INFO - 🎨 Loading pretrained VAE model...
2025-09-23 11:11:06,514 - __main__ - INFO - 🧠 Loading pretrained HMM model...
2025-09-23 11:11:06,894 - __main__ - INFO - ✅ VAE model loaded successfully
2025-09-23 11:11:06,894 - __main__ - INFO -    - Latent dimension: 96
2025-09-23 11:11:06,894 - __main__ - INFO -    - Skills: 40
2025-09-23 11:11:06,894 - __main__ - INFO - ✅ HMM model loaded successfully
2025-09-23 11:11:06,894 - __main__ - INFO -    🏷️  HMM Round: 4
2025-09-23 11:11:06,894 - __main__ - INFO -    📅 Created: 2025-09-15T21:41:06.331217
2025-09-23 11:11:06,894 - __main__ - INFO - 🎮 Creating environment: MiniHack-Room-Random-15x15-v0
2025-09-23 11:11:06,895 - nle.env.base - INFO - Not saving any NLE data.
2025-09-23 11:11:06,910 - __main__ - INFO -    - Observation space: Dict('blstats': Box(-2147483648, 2147483647, (27,), int64), 'chars': Box(0, 255, (21, 79), uint8), 'chars_crop': Box(0, 255, (9, 9), uint8), 'colors': Box(0, 15, (21, 79), uint8), 'colors_crop': Box(0, 15, (9, 9), uint8), 'glyphs': Box(0, 5976, (21, 79), int16), 'glyphs_crop': Box(0, 5976, (9, 9), int16), 'message': Box(0, 255, (256,), uint8), 'specials': Box(0, 255, (21, 79), uint8), 'specials_crop': Box(0, 255, (9, 9), uint8))
2025-09-23 11:11:06,910 - __main__ - INFO -    - Action space: Discrete(8)
2025-09-23 11:11:06,936 - __main__ - INFO - 🔄 HMM posterior set as prior for online updates with tempered weight 0.2
2025-09-23 11:11:06,937 - __main__ - INFO - 🔄 Using provided VAE config
2025-09-23 11:11:06,937 - __main__ - INFO -    - VAE prior mode set to 'hmm' for online training
2025-09-23 11:11:08,009 - __main__ - INFO - 📊 W&B initialized with run name: ablation_baseline_curiosity_trans_only_MiniHack_Room_Random_15x15_v0_20250923-111105
2025-09-23 11:11:08,009 - __main__ - INFO - 🚀 Initializing PPO trainer...
2025-09-23 11:11:08,010 - nle.env.base - INFO - Not saving any NLE data.
2025-09-23 11:11:08,025 - nle.env.base - INFO - Not saving any NLE data.
2025-09-23 11:11:08,038 - nle.env.base - INFO - Not saving any NLE data.
2025-09-23 11:11:08,052 - nle.env.base - INFO - Not saving any NLE data.
2025-09-23 11:11:08,065 - nle.env.base - INFO - Not saving any NLE data.
2025-09-23 11:11:08,079 - nle.env.base - INFO - Not saving any NLE data.
2025-09-23 11:11:08,092 - nle.env.base - INFO - Not saving any NLE data.
2025-09-23 11:11:08,106 - nle.env.base - INFO - Not saving any NLE data.
2025-09-23 11:11:09,004 - __main__ - INFO - ✅ PPO trainer initialized successfully
2025-09-23 11:11:09,005 - __main__ - INFO - 🆕 Starting fresh PPO training (no checkpoint loading)
2025-09-23 11:11:09,005 - __main__ - INFO - 🏋️  Starting PPO training...
2025-09-23 11:11:09,420 - __main__ - INFO - 🎮 Action Mapping Debug (step 0, timestep 0):
2025-09-23 11:11:09,420 - __main__ - INFO -    Global actions sampled: [7 1 2 0 7 1 3 4]
2025-09-23 11:11:09,420 - __main__ - INFO -    Local actions mapped:   [7 1 2 0 7 1 3 4]
2025-09-23 11:11:09,420 - __main__ - INFO -    Available env actions:  (<CompassDirection.N: 107>, <CompassDirection.E: 108>, <CompassDirection.S: 106>, <CompassDirection.W: 104>, <CompassDirection.NE: 117>, <CompassDirection.SE: 110>, <CompassDirection.SW: 98>, <CompassDirection.NW: 121>)
2025-09-23 11:11:09,421 - __main__ - INFO -    Action mapping:         ['local_0->global_0(107)', 'local_1->global_1(108)', 'local_2->global_2(106)', 'local_3->global_3(104)', 'local_4->global_4(117)', 'local_5->global_5(110)', 'local_6->global_6(98)', 'local_7->global_7(121)']
2025-09-23 11:11:09,421 - __main__ - INFO -    Valid global indices:   [0 1 2 3 4 5 6 7] (total: 8)
2025-09-23 11:11:09,421 - __main__ - INFO -    Global->Local mapping:  ['env0:g7->l7', 'env1:g1->l1', 'env2:g2->l2', 'env3:g0->l0', 'env4:g7->l7', 'env5:g1->l1', 'env6:g3->l3', 'env7:g4->l4']
2025-09-23 11:11:11,611 - __main__ - INFO - 📊 Episodes completed this rollout: 3
2025-09-23 11:11:11,612 - __main__ - INFO - 📈 Episode stats: avg return = 0.87, avg length = 90.3
2025-09-23 11:11:11,634 - __main__ - INFO - 🎯 Top 3 training actions: #7(144), #5(138), #2(138)
2025-09-23 11:11:15,552 - __main__ - INFO - 📊 Episodes completed this rollout: 2
2025-09-23 11:11:15,552 - __main__ - INFO - 📈 Episode stats: avg return = 0.94, avg length = 67.5
2025-09-23 11:11:15,552 - __main__ - INFO - 🎯 Top 3 training actions: #1(291), #2(285), #6(279)
2025-09-23 11:11:19,468 - __main__ - INFO - 📊 Episodes completed this rollout: 6
2025-09-23 11:11:19,468 - __main__ - INFO - 📈 Episode stats: avg return = -0.09, avg length = 255.2
2025-09-23 11:11:19,468 - __main__ - INFO - 🎯 Top 3 training actions: #1(439), #7(432), #2(424)
2025-09-23 11:11:23,302 - __main__ - INFO - 📊 Episodes completed this rollout: 3
2025-09-23 11:11:23,302 - __main__ - INFO - 📈 Episode stats: avg return = -0.09, avg length = 246.7
2025-09-23 11:11:23,303 - __main__ - INFO - 🎯 Top 3 training actions: #7(580), #1(555), #4(534)
2025-09-23 11:11:27,156 - __main__ - INFO - 📊 Episodes completed this rollout: 5
2025-09-23 11:11:27,157 - __main__ - INFO - 📈 Episode stats: avg return = -0.52, avg length = 300.0
2025-09-23 11:11:27,157 - __main__ - INFO - 🎯 Top 3 training actions: #4(734), #7(693), #5(680)
2025-09-23 11:11:28,735 - __main__ - INFO - 🔄 Synchronized model update at step 5,120
2025-09-23 11:11:28,736 - __main__ - INFO -    HMM interval: 5,120, VAE interval: 5,120
2025-09-23 11:11:28,736 - __main__ - INFO - 🚫 Model training masking: 915/5120 timesteps masked (17.9%) due to negative rewards (invalid actions)
2025-09-23 11:11:28,897 - __main__ - INFO - 🔄 Capping HMM batch size from 513 to 128 to prevent OOM
2025-09-23 11:11:28,898 - __main__ - INFO - 🔄 HMM refresh starting at step 5,120 with replay size 128x640
2025-09-23 11:12:06,269 - __main__ - DEBUG - Initial ELBO: -264273.3075
2025-09-23 11:12:06,269 - __main__ - DEBUG - Relative tol: 0.0100
2025-09-23 11:12:06,269 - __main__ - DEBUG - Relative elbo_drop_tol: 0.0100
2025-09-23 11:12:06,270 - __main__ - DEBUG - - Init -544.5718
2025-09-23 11:12:06,270 - __main__ - DEBUG - - Trans -1932.4830
2025-09-23 11:12:06,270 - __main__ - DEBUG - - Emit -261783.8841
2025-09-23 11:12:06,270 - __main__ - DEBUG - - Entropy 3.4121
2025-09-23 11:12:06,270 - __main__ - DEBUG - - Dir 0.0000
2025-09-23 11:12:06,270 - __main__ - DEBUG - - NIW 0.0003
2025-09-23 11:12:06,270 - __main__ - DEBUG - - Beta prior -15.7809
2025-09-23 11:12:43,515 - __main__ - DEBUG - Iter 0: ELBO after FB: -264273.3075 (LL -264257.5269, Δ=0.0000)
2025-09-23 11:12:43,515 - __main__ - DEBUG - First pass after reset, using full stats.
2025-09-23 11:12:43,577 - __main__ - DEBUG - Iter 0: ELBO after NIW update: -72138.6515 (Emit LL -54143.4700, NIW term -15505.7578, Δ=192134.6559)
2025-09-23 11:12:43,640 - __main__ - DEBUG - Iter 0: ELBO after Dirichlet update: -70536.7623 (Trans LL -130.8845, Dir term -199.7092, Δ=1601.8893)
2025-09-23 11:12:43,723 - __main__ - DEBUG - Iter 0: ELBO after β update: -70537.5116 (Init LL -545.2571, Dir term -199.7651, logp(β) -15.7891, Δ=-0.7493)
2025-09-23 11:13:21,587 - __main__ - DEBUG - Iter 1: ELBO after FB: -53713.3571 (LL -37992.0451, Δ=16824.1544)
2025-09-23 11:13:21,588 - __main__ - DEBUG - First pass after reset, using full stats.
2025-09-23 11:13:21,651 - __main__ - DEBUG - Iter 1: ELBO after NIW update: -30735.0617 (Emit LL -19440.8602, NIW term -10547.3916, Δ=22978.2955)
2025-09-23 11:13:21,714 - __main__ - DEBUG - Iter 1: ELBO after Dirichlet update: -30545.2967 (Trans LL -9.4534, Dir term -33.4137, Δ=189.7650)
2025-09-23 11:13:21,797 - __main__ - DEBUG - Iter 1: ELBO after β update: -30546.1880 (Init LL -499.1953, Dir term -33.4984, logp(β) -15.7976, Δ=-0.8913)
2025-09-23 11:13:59,166 - __main__ - DEBUG - Iter 2: ELBO after FB: -28090.0735 (LL -17493.3859, Δ=2456.1146)
2025-09-23 11:13:59,166 - __main__ - DEBUG - First pass after reset, using full stats.
2025-09-23 11:13:59,229 - __main__ - DEBUG - Iter 2: ELBO after NIW update: -26733.2717 (Emit LL -16577.4213, NIW term -9602.2168, Δ=1356.8018)
2025-09-23 11:13:59,291 - __main__ - DEBUG - Iter 2: ELBO after Dirichlet update: -26723.4413 (Trans LL -4.8245, Dir term -23.9820, Δ=9.8304)
2025-09-23 11:13:59,376 - __main__ - DEBUG - Iter 2: ELBO after β update: -26723.2738 (Init LL -498.9371, Dir term -24.0743, logp(β) -15.8035, Δ=0.1675)
2025-09-23 11:14:35,866 - __main__ - DEBUG - Iter 3: ELBO after FB: -26723.2738 (LL -17081.1792, Δ=0.0000)
2025-09-23 11:14:35,867 - __main__ - DEBUG - First pass after reset, using full stats.
2025-09-23 11:14:35,929 - __main__ - DEBUG - Iter 3: ELBO after NIW update: -26723.2738 (Emit LL -16577.4213, NIW term -9602.2168, Δ=0.0000)
2025-09-23 11:14:35,991 - __main__ - DEBUG - Iter 3: ELBO after Dirichlet update: -26723.5555 (Trans LL -4.8326, Dir term -24.3479, Δ=-0.2817)
2025-09-23 11:14:36,076 - __main__ - DEBUG - Iter 3: ELBO after β update: -26724.2896 (Init LL -499.5482, Dir term -24.4722, logp(β) -15.8022, Δ=-0.7341)
2025-09-23 11:15:13,545 - __main__ - DEBUG - Iter 4: ELBO after FB: -26724.2896 (LL -17081.7984, Δ=0.0000)
2025-09-23 11:15:13,546 - __main__ - DEBUG - First pass after reset, using full stats.
2025-09-23 11:15:13,608 - __main__ - DEBUG - Iter 4: ELBO after NIW update: -26724.2896 (Emit LL -16577.4213, NIW term -9602.2168, Δ=0.0000)
2025-09-23 11:15:13,670 - __main__ - DEBUG - Iter 4: ELBO after Dirichlet update: -26724.7002 (Trans LL -4.8138, Dir term -24.9016, Δ=-0.4105)
2025-09-23 11:15:13,748 - __main__ - DEBUG - Iter 4: ELBO after β update: -26724.7758 (Init LL -499.5458, Dir term -24.9858, logp(β) -15.7961, Δ=-0.0756)
2025-09-23 11:15:13,750 - __main__ - INFO -    HMM refresh complete: ELBO=-23.0445, iters=0, max iters, states=40
2025-09-23 11:15:13,750 - __main__ - INFO -    ✅ HMM updated (next in 6,144 steps)
2025-09-23 11:15:13,750 - __main__ - INFO - 🔄 VAE refresh starting at step 5,120 with replay size 8x640
2025-09-23 11:15:13,751 - __main__ - INFO -    Using span sampling (5120 timesteps, too large for full buffer)
2025-09-23 11:15:38,339 - __main__ - INFO -    VAE refresh complete: final_loss=2883.3330, avg_loss=2894.2347, steps=4/4, trend=improving, total_timesteps=5120, span_sampling=32_requested×4_steps, span_len=64
2025-09-23 11:15:38,341 - __main__ - INFO -    ✅ VAE updated (next in 6,144 steps)
2025-09-23 11:15:40,640 - __main__ - INFO - 📊 Episodes completed this rollout: 3
2025-09-23 11:15:40,640 - __main__ - INFO - 📈 Episode stats: avg return = -0.34, avg length = 300.0
2025-09-23 11:15:40,640 - __main__ - INFO - 🎯 Top 3 training actions: #5(870), #4(866), #7(804)
2025-09-23 11:15:44,489 - __main__ - INFO - 📊 Episodes completed this rollout: 2
2025-09-23 11:15:44,489 - __main__ - INFO - 📈 Episode stats: avg return = 0.12, avg length = 271.0
2025-09-23 11:15:44,490 - __main__ - INFO - 🎯 Top 3 training actions: #5(1068), #4(949), #2(929)
2025-09-23 11:15:48,385 - __main__ - INFO - 📊 Episodes completed this rollout: 5
2025-09-23 11:15:48,385 - __main__ - INFO - 📈 Episode stats: avg return = -0.41, avg length = 300.0
2025-09-23 11:15:48,386 - __main__ - INFO - 🎯 Top 3 training actions: #5(1229), #4(1070), #2(1064)
2025-09-23 11:15:52,224 - __main__ - INFO - 📊 Episodes completed this rollout: 2
2025-09-23 11:15:52,224 - __main__ - INFO - 📈 Episode stats: avg return = -0.49, avg length = 300.0
2025-09-23 11:15:52,224 - __main__ - INFO - 🎯 Top 3 training actions: #5(1379), #4(1231), #2(1183)
2025-09-23 11:15:56,089 - __main__ - INFO - 📊 Episodes completed this rollout: 6
2025-09-23 11:15:56,089 - __main__ - INFO - 📈 Episode stats: avg return = 0.10, avg length = 246.0
2025-09-23 11:15:56,090 - __main__ - INFO - 🎯 Top 3 training actions: #5(1523), #4(1377), #7(1334)
2025-09-23 11:15:57,646 - __main__ - INFO - 🧪 Starting evaluation with 50 episodes...
2025-09-23 11:15:57,646 - __main__ - INFO -    Eval seed: 51
2025-09-23 11:15:57,646 - __main__ - INFO -    Max episode steps (eval): env default
2025-09-23 11:15:57,646 - nle.env.base - INFO - Not saving any NLE data.
2025-09-23 11:15:59,272 - __main__ - DEBUG - 🎯 Eval HMM masking: step 150 masked due to negative reward
2025-09-23 11:15:59,794 - __main__ - DEBUG - 🎯 Eval HMM masking: step 200 masked due to negative reward
2025-09-23 11:16:03,929 - __main__ - WARNING - ⚠️ Episode 3 terminated due to step limit.
2025-09-23 11:16:07,225 - __main__ - WARNING - ⚠️ Episode 4 terminated due to step limit.
2025-09-23 11:16:10,015 - __main__ - DEBUG - 🎯 Eval HMM masking: step 200 masked due to negative reward
2025-09-23 11:16:11,050 - __main__ - WARNING - ⚠️ Episode 6 terminated due to step limit.
2025-09-23 11:16:15,746 - __main__ - WARNING - ⚠️ Episode 9 terminated due to step limit.
2025-09-23 11:16:19,222 - __main__ - WARNING - ⚠️ Episode 11 terminated due to step limit.
2025-09-23 11:16:21,609 - __main__ - DEBUG - 🎯 Eval HMM masking: step 200 masked due to negative reward
2025-09-23 11:16:22,134 - __main__ - DEBUG - 🎯 Eval HMM masking: step 250 masked due to negative reward
2025-09-23 11:16:22,652 - __main__ - WARNING - ⚠️ Episode 13 terminated due to step limit.
2025-09-23 11:16:28,420 - __main__ - WARNING - ⚠️ Episode 15 terminated due to step limit.
2025-09-23 11:16:31,707 - __main__ - WARNING - ⚠️ Episode 16 terminated due to step limit.
2025-09-23 11:16:35,358 - __main__ - WARNING - ⚠️ Episode 18 terminated due to step limit.
2025-09-23 11:16:38,662 - __main__ - WARNING - ⚠️ Episode 19 terminated due to step limit.
2025-09-23 11:16:41,953 - __main__ - WARNING - ⚠️ Episode 20 terminated due to step limit.
2025-09-23 11:16:42,650 - __main__ - DEBUG - 🎯 Eval HMM masking: step 50 masked due to negative reward
2025-09-23 11:16:45,263 - __main__ - WARNING - ⚠️ Episode 21 terminated due to step limit.
2025-09-23 11:16:48,626 - __main__ - WARNING - ⚠️ Episode 22 terminated due to step limit.
2025-09-23 11:16:50,887 - __main__ - DEBUG - 🎯 Eval HMM masking: step 200 masked due to negative reward
2025-09-23 11:16:51,410 - __main__ - DEBUG - 🎯 Eval HMM masking: step 250 masked due to negative reward
2025-09-23 11:16:51,924 - __main__ - WARNING - ⚠️ Episode 23 terminated due to step limit.
2025-09-23 11:16:52,613 - __main__ - DEBUG - 🎯 Eval HMM masking: step 50 masked due to negative reward
2025-09-23 11:16:56,864 - __main__ - WARNING - ⚠️ Episode 25 terminated due to step limit.
2025-09-23 11:17:00,178 - __main__ - WARNING - ⚠️ Episode 26 terminated due to step limit.
2025-09-23 11:17:02,454 - __main__ - DEBUG - 🎯 Eval HMM masking: step 200 masked due to negative reward
2025-09-23 11:17:03,503 - __main__ - WARNING - ⚠️ Episode 27 terminated due to step limit.
2025-09-23 11:17:06,818 - __main__ - WARNING - ⚠️ Episode 28 terminated due to step limit.
2025-09-23 11:17:10,135 - __main__ - WARNING - ⚠️ Episode 29 terminated due to step limit.
2025-09-23 11:17:14,355 - __main__ - DEBUG - 🎯 Eval HMM masking: step 250 masked due to negative reward
2025-09-23 11:17:14,880 - __main__ - WARNING - ⚠️ Episode 32 terminated due to step limit.
2025-09-23 11:17:17,690 - __main__ - DEBUG - 🎯 Eval HMM masking: step 250 masked due to negative reward
2025-09-23 11:17:18,213 - __main__ - WARNING - ⚠️ Episode 33 terminated due to step limit.
2025-09-23 11:17:21,165 - __main__ - DEBUG - 🎯 Eval HMM masking: step 250 masked due to negative reward
2025-09-23 11:17:21,683 - __main__ - WARNING - ⚠️ Episode 34 terminated due to step limit.
2025-09-23 11:17:25,067 - __main__ - WARNING - ⚠️ Episode 35 terminated due to step limit.
2025-09-23 11:17:28,631 - __main__ - WARNING - ⚠️ Episode 36 terminated due to step limit.
2025-09-23 11:17:32,124 - __main__ - WARNING - ⚠️ Episode 37 terminated due to step limit.
2025-09-23 11:17:33,843 - __main__ - DEBUG - 🎯 Eval HMM masking: step 100 masked due to negative reward
2025-09-23 11:17:36,095 - __main__ - WARNING - ⚠️ Episode 40 terminated due to step limit.
2025-09-23 11:17:39,649 - __main__ - WARNING - ⚠️ Episode 41 terminated due to step limit.
2025-09-23 11:17:43,094 - __main__ - WARNING - ⚠️ Episode 42 terminated due to step limit.
2025-09-23 11:17:45,134 - __main__ - DEBUG - 🎯 Eval HMM masking: step 150 masked due to negative reward
2025-09-23 11:17:46,262 - __main__ - DEBUG - 🎯 Eval HMM masking: step 250 masked due to negative reward
2025-09-23 11:17:46,824 - __main__ - WARNING - ⚠️ Episode 44 terminated due to step limit.
2025-09-23 11:17:48,048 - __main__ - DEBUG - 🎯 Eval HMM masking: step 100 masked due to negative reward
2025-09-23 11:17:50,254 - __main__ - WARNING - ⚠️ Episode 45 terminated due to step limit.
2025-09-23 11:17:51,546 - __main__ - DEBUG - 🎯 Eval HMM masking: step 50 masked due to negative reward
2025-09-23 11:17:55,500 - __main__ - WARNING - ⚠️ Episode 48 terminated due to step limit.
2025-09-23 11:17:58,242 - __main__ - INFO - 📊 Evaluation Results (Current Round):
2025-09-23 11:17:58,242 - __main__ - INFO -    Episodes: 50
2025-09-23 11:17:58,242 - __main__ - INFO -    Time: 120.6s (2.4s/ep)
2025-09-23 11:17:58,242 - __main__ - INFO -    Average Return: 0.131 ± 0.627
2025-09-23 11:17:58,242 - __main__ - INFO -    Success Rate: 38.0%
2025-09-23 11:17:58,243 - __main__ - INFO -    Average Length: 215.3
2025-09-23 11:17:58,243 - __main__ - INFO -    Average Coverage: 78.1 positions
2025-09-23 11:17:58,243 - __main__ - INFO -    Episode Completions: 19 terminated (38.0%), 31 truncated (62.0%)
2025-09-23 11:17:58,243 - __main__ - INFO - 📈 Total Evaluation Statistics:
2025-09-23 11:17:58,243 - __main__ - INFO -    Total Episodes: 50
2025-09-23 11:17:58,243 - __main__ - INFO -    Total Average Return: 0.131 ± 0.627
2025-09-23 11:17:58,243 - __main__ - INFO -    Total Average Length: 215.3 ± 117.8
2025-09-23 11:17:58,243 - __main__ - INFO -    Total Completions: 19 terminated (38.0%), 31 truncated (62.0%)
2025-09-23 11:17:58,243 - __main__ - INFO -    Skill Entropy: 0.001
2025-09-23 11:17:58,243 - __main__ - INFO -    Used Skills: 1.0
2025-09-23 11:17:58,243 - __main__ - INFO -    Effective K: 1.00
2025-09-23 11:17:58,243 - __main__ - INFO - 🎯 Action Usage Statistics:
2025-09-23 11:17:58,244 - __main__ - INFO -    Unique actions in evaluation: 8
2025-09-23 11:17:58,244 - __main__ - INFO -    Unique actions in training: 8
2025-09-23 11:17:58,244 - __main__ - INFO -    Total unique actions: 8
2025-09-23 11:17:58,244 - __main__ - INFO -    Action coverage: 6.6%
2025-09-23 11:17:58,244 - __main__ - INFO -    Train action count: 10240
2025-09-23 11:17:58,244 - __main__ - INFO -    Eval action count: 10767
2025-09-23 11:17:58,244 - __main__ - INFO -    Train action entropy: 2.075
2025-09-23 11:17:58,245 - __main__ - INFO -    Eval action entropy: 2.057
2025-09-23 11:17:58,245 - __main__ - INFO -    Top 3 train actions: #5(1523), #4(1377), #7(1334)
2025-09-23 11:17:58,245 - __main__ - INFO -    Top 3 eval actions: #7(1727), #5(1710), #2(1489)
2025-09-23 11:18:00,522 - __main__ - INFO - 📊 Episodes completed this rollout: 3
2025-09-23 11:18:00,522 - __main__ - INFO - 📈 Episode stats: avg return = 0.02, avg length = 237.7
2025-09-23 11:18:00,522 - __main__ - INFO - 🎯 Top 3 training actions: #5(1657), #4(1518), #7(1498)
2025-09-23 11:18:02,143 - __main__ - INFO - 🔄 Synchronized model update at step 11,264
2025-09-23 11:18:02,144 - __main__ - INFO -    HMM interval: 6,144, VAE interval: 6,144
2025-09-23 11:18:02,144 - __main__ - INFO - 🚫 Model training masking: 612/6144 timesteps masked (10.0%) due to negative rewards (invalid actions)
2025-09-23 11:18:02,331 - __main__ - INFO - 🔄 Capping HMM batch size from 391 to 128 to prevent OOM
2025-09-23 11:18:02,332 - __main__ - INFO - 🔄 HMM refresh starting at step 11,264 with replay size 128x768
2025-09-23 11:18:45,757 - __main__ - DEBUG - Initial ELBO: -29449.0500
2025-09-23 11:18:45,757 - __main__ - DEBUG - Relative tol: 0.0100
2025-09-23 11:18:45,757 - __main__ - DEBUG - Relative elbo_drop_tol: 0.0100
2025-09-23 11:18:45,757 - __main__ - DEBUG - - Init -498.9371
2025-09-23 11:18:45,757 - __main__ - DEBUG - - Trans -7.0105
2025-09-23 11:18:45,757 - __main__ - DEBUG - - Emit -19301.0121
2025-09-23 11:18:45,757 - __main__ - DEBUG - - Entropy 0.0044
2025-09-23 11:18:45,757 - __main__ - DEBUG - - Dir -24.0743
2025-09-23 11:18:45,758 - __main__ - DEBUG - - NIW -9602.2168
2025-09-23 11:18:45,758 - __main__ - DEBUG - - Beta prior -15.8035
2025-09-23 11:19:30,687 - __main__ - DEBUG - Iter 0: ELBO after FB: -29449.0500 (LL -19806.9553, Δ=0.0000)
2025-09-23 11:19:30,689 - __main__ - DEBUG - Blending stats with ρ_niw=0.0500, ρ_tr=0.0500.
2025-09-23 11:19:30,754 - __main__ - DEBUG - Iter 0: ELBO after NIW update: -28774.8310 (Emit LL -18502.5734, NIW term -9726.4365, Δ=674.2190)
2025-09-23 11:19:30,819 - __main__ - DEBUG - Iter 0: ELBO after Dirichlet update: -28774.3544 (Trans LL -6.9323, Dir term -23.6760, Δ=0.4766)
2025-09-23 11:19:30,905 - __main__ - DEBUG - Iter 0: ELBO after β update: -28775.1325 (Init LL -499.6952, Dir term -23.6867, logp(β) -15.8128, Δ=-0.7781)
2025-09-23 11:20:15,112 - __main__ - DEBUG - Iter 1: ELBO after FB: -28775.1325 (LL -19009.1965, Δ=0.0000)
2025-09-23 11:20:15,113 - __main__ - DEBUG - Blending stats with ρ_niw=0.0500, ρ_tr=0.0500.
2025-09-23 11:20:15,178 - __main__ - DEBUG - Iter 1: ELBO after NIW update: -28775.1325 (Emit LL -18502.5734, NIW term -9726.4365, Δ=0.0000)
2025-09-23 11:20:15,243 - __main__ - DEBUG - Iter 1: ELBO after Dirichlet update: -28775.2006 (Trans LL -6.8988, Dir term -23.7883, Δ=-0.0681)
2025-09-23 11:20:15,328 - __main__ - DEBUG - Iter 1: ELBO after β update: -28775.7820 (Init LL -500.1823, Dir term -23.8729, logp(β) -15.8225, Δ=-0.5815)
2025-09-23 11:20:59,554 - __main__ - DEBUG - Iter 2: ELBO after FB: -28775.7820 (LL -19009.6501, Δ=0.0000)
2025-09-23 11:20:59,555 - __main__ - DEBUG - Blending stats with ρ_niw=0.0500, ρ_tr=0.0500.
2025-09-23 11:20:59,625 - __main__ - DEBUG - Iter 2: ELBO after NIW update: -28775.7820 (Emit LL -18502.5734, NIW term -9726.4365, Δ=0.0000)
2025-09-23 11:20:59,698 - __main__ - DEBUG - Iter 2: ELBO after Dirichlet update: -28775.9751 (Trans LL -6.8777, Dir term -24.0871, Δ=-0.1931)
2025-09-23 11:20:59,791 - __main__ - DEBUG - Iter 2: ELBO after β update: -28776.4786 (Init LL -500.5917, Dir term -24.1785, logp(β) -15.8252, Δ=-0.5034)
2025-09-23 11:21:45,768 - __main__ - DEBUG - Iter 3: ELBO after FB: -28776.4786 (LL -19010.0383, Δ=0.0000)
2025-09-23 11:21:45,770 - __main__ - DEBUG - Blending stats with ρ_niw=0.0500, ρ_tr=0.0500.
2025-09-23 11:21:45,835 - __main__ - DEBUG - Iter 3: ELBO after NIW update: -28776.4786 (Emit LL -18502.5734, NIW term -9726.4365, Δ=0.0000)
2025-09-23 11:21:45,901 - __main__ - DEBUG - Iter 3: ELBO after Dirichlet update: -28776.7710 (Trans LL -6.8591, Dir term -24.4896, Δ=-0.2925)
2025-09-23 11:21:45,988 - __main__ - DEBUG - Iter 3: ELBO after β update: -28777.1353 (Init LL -500.8518, Dir term -24.5959, logp(β) -15.8232, Δ=-0.3643)
2025-09-23 11:22:30,755 - __main__ - DEBUG - Iter 4: ELBO after FB: -28777.1353 (LL -19010.2798, Δ=0.0000)
2025-09-23 11:22:30,756 - __main__ - DEBUG - Blending stats with ρ_niw=0.0500, ρ_tr=0.0500.
2025-09-23 11:22:30,821 - __main__ - DEBUG - Iter 4: ELBO after NIW update: -28777.1353 (Emit LL -18502.5734, NIW term -9726.4365, Δ=0.0000)
2025-09-23 11:22:30,887 - __main__ - DEBUG - Iter 4: ELBO after Dirichlet update: -28777.5337 (Trans LL -6.8479, Dir term -25.0054, Δ=-0.3983)
2025-09-23 11:22:30,958 - __main__ - DEBUG - Iter 4: ELBO after β update: -28777.4563 (Init LL -500.7410, Dir term -25.0402, logp(β) -15.8218, Δ=0.0773)
2025-09-23 11:22:30,960 - __main__ - INFO -    HMM refresh complete: ELBO=-47.2707, iters=0, max iters, states=40
2025-09-23 11:22:30,960 - __main__ - INFO -    ✅ HMM updated (next in 7,372 steps)
2025-09-23 11:22:30,960 - __main__ - INFO - 🔄 VAE refresh starting at step 11,264 with replay size 8x768
2025-09-23 11:22:30,961 - __main__ - INFO -    Using span sampling (6144 timesteps, too large for full buffer)
2025-09-23 11:22:57,247 - __main__ - INFO -    VAE refresh complete: final_loss=2855.3779, avg_loss=2862.6701, steps=4/4, trend=improving, total_timesteps=6144, span_sampling=32_requested×4_steps, span_len=64
2025-09-23 11:22:57,249 - __main__ - INFO -    ✅ VAE updated (next in 7,372 steps)
2025-09-23 11:22:59,558 - __main__ - INFO - 📊 Episodes completed this rollout: 6
2025-09-23 11:22:59,559 - __main__ - INFO - 📈 Episode stats: avg return = 0.24, avg length = 260.7
2025-09-23 11:22:59,559 - __main__ - INFO - 🎯 Top 3 training actions: #5(1847), #2(1636), #4(1635)
2025-09-23 11:23:03,402 - __main__ - INFO - 📊 Episodes completed this rollout: 3
2025-09-23 11:23:03,402 - __main__ - INFO - 📈 Episode stats: avg return = -0.21, avg length = 247.7
2025-09-23 11:23:03,403 - __main__ - INFO - 🎯 Top 3 training actions: #5(2070), #2(1831), #4(1755)
2025-09-23 11:23:07,258 - __main__ - INFO - 📊 Episodes completed this rollout: 5
2025-09-23 11:23:07,258 - __main__ - INFO - 📈 Episode stats: avg return = -0.09, avg length = 241.4
2025-09-23 11:23:07,258 - __main__ - INFO - 🎯 Top 3 training actions: #5(2236), #2(2010), #4(1901)
2025-09-23 11:23:11,117 - __main__ - INFO - 📊 Episodes completed this rollout: 5
2025-09-23 11:23:11,118 - __main__ - INFO - 📈 Episode stats: avg return = 0.38, avg length = 179.4
2025-09-23 11:23:11,118 - __main__ - INFO - 🎯 Top 3 training actions: #5(2345), #2(2196), #4(2084)
2025-09-23 11:23:14,996 - __main__ - INFO - 📊 Episodes completed this rollout: 3
2025-09-23 11:23:14,996 - __main__ - INFO - 📈 Episode stats: avg return = -0.37, avg length = 300.0
2025-09-23 11:23:14,996 - __main__ - INFO - 🎯 Top 3 training actions: #5(2442), #2(2375), #4(2236)
2025-09-23 11:23:18,899 - __main__ - INFO - 📊 Episodes completed this rollout: 8
2025-09-23 11:23:18,899 - __main__ - INFO - 📈 Episode stats: avg return = 0.28, avg length = 194.1
2025-09-23 11:23:18,900 - __main__ - INFO - 🎯 Top 3 training actions: #2(2561), #5(2515), #4(2403)
2025-09-23 11:23:22,700 - __main__ - INFO - 📊 Episodes completed this rollout: 4
2025-09-23 11:23:22,700 - __main__ - INFO - 📈 Episode stats: avg return = 0.51, avg length = 185.2
2025-09-23 11:23:22,700 - __main__ - INFO - 🎯 Top 3 training actions: #2(2781), #5(2611), #7(2568)
2025-09-23 11:23:26,464 - __main__ - INFO - 📊 Episodes completed this rollout: 1
2025-09-23 11:23:26,464 - __main__ - INFO - 📈 Episode stats: avg return = -0.30, avg length = 300.0
2025-09-23 11:23:26,465 - __main__ - INFO - 🎯 Top 3 training actions: #2(2994), #7(2742), #4(2711)
2025-09-23 11:23:28,022 - __main__ - INFO - 🔄 Synchronized model update at step 19,456
2025-09-23 11:23:28,022 - __main__ - INFO -    HMM interval: 7,372, VAE interval: 7,372
2025-09-23 11:23:28,023 - __main__ - INFO - 🚫 Model training masking: 808/8192 timesteps masked (9.9%) due to negative rewards (invalid actions)
2025-09-23 11:23:28,265 - __main__ - INFO - 🔄 Capping HMM batch size from 488 to 128 to prevent OOM
2025-09-23 11:23:28,266 - __main__ - INFO - 🔄 HMM refresh starting at step 19,456 with replay size 128x109
2025-09-23 11:23:34,301 - __main__ - DEBUG - Initial ELBO: -35555.9974
2025-09-23 11:23:34,301 - __main__ - DEBUG - Relative tol: 0.0100
2025-09-23 11:23:34,301 - __main__ - DEBUG - Relative elbo_drop_tol: 0.0100
2025-09-23 11:23:34,301 - __main__ - DEBUG - - Init -499.6952
2025-09-23 11:23:34,301 - __main__ - DEBUG - - Trans -9.8075
2025-09-23 11:23:34,301 - __main__ - DEBUG - - Emit -25280.5594
2025-09-23 11:23:34,301 - __main__ - DEBUG - - Entropy 0.0006
2025-09-23 11:23:34,302 - __main__ - DEBUG - - Dir -23.6867
2025-09-23 11:23:34,302 - __main__ - DEBUG - - NIW -9726.4365
2025-09-23 11:23:34,302 - __main__ - DEBUG - - Beta prior -15.8128
2025-09-23 11:23:40,738 - __main__ - DEBUG - Iter 0: ELBO after FB: -35555.9974 (LL -25790.0615, Δ=0.0000)
2025-09-23 11:23:40,739 - __main__ - DEBUG - Blending stats with ρ_niw=0.0500, ρ_tr=0.0500.
2025-09-23 11:23:40,789 - __main__ - DEBUG - Iter 0: ELBO after NIW update: -31090.5149 (Emit LL -20526.6667, NIW term -10014.8467, Δ=4465.4825)
2025-09-23 11:23:40,840 - __main__ - DEBUG - Iter 0: ELBO after Dirichlet update: -31090.2917 (Trans LL -9.3384, Dir term -23.9324, Δ=0.2232)
2025-09-23 11:23:40,912 - __main__ - DEBUG - Iter 0: ELBO after β update: -31091.0517 (Init LL -500.4084, Dir term -23.9696, logp(β) -15.8224, Δ=-0.7600)
2025-09-23 11:23:47,369 - __main__ - DEBUG - Iter 1: ELBO after FB: -31091.0517 (LL -21036.4130, Δ=0.0000)
2025-09-23 11:23:47,370 - __main__ - DEBUG - Blending stats with ρ_niw=0.0500, ρ_tr=0.0500.
2025-09-23 11:23:47,419 - __main__ - DEBUG - Iter 1: ELBO after NIW update: -31091.0517 (Emit LL -20526.6667, NIW term -10014.8467, Δ=0.0000)
2025-09-23 11:23:47,468 - __main__ - DEBUG - Iter 1: ELBO after Dirichlet update: -31091.0865 (Trans LL -9.2963, Dir term -24.0466, Δ=-0.0348)
2025-09-23 11:23:47,539 - __main__ - DEBUG - Iter 1: ELBO after β update: -31091.6567 (Init LL -500.8984, Dir term -24.1169, logp(β) -15.8323, Δ=-0.5701)
2025-09-23 11:23:54,324 - __main__ - DEBUG - Iter 2: ELBO after FB: -31091.6567 (LL -21036.8608, Δ=0.0000)
2025-09-23 11:23:54,325 - __main__ - DEBUG - Blending stats with ρ_niw=0.0500, ρ_tr=0.0500.
2025-09-23 11:23:54,374 - __main__ - DEBUG - Iter 2: ELBO after NIW update: -31091.6567 (Emit LL -20526.6667, NIW term -10014.8467, Δ=0.0000)
2025-09-23 11:23:54,423 - __main__ - DEBUG - Iter 2: ELBO after Dirichlet update: -31091.8432 (Trans LL -9.2673, Dir term -24.3324, Δ=-0.1865)
2025-09-23 11:23:54,494 - __main__ - DEBUG - Iter 2: ELBO after β update: -31092.3502 (Init LL -501.3099, Dir term -24.4255, logp(β) -15.8347, Δ=-0.5070)
2025-09-23 11:24:01,106 - __main__ - DEBUG - Iter 3: ELBO after FB: -31092.3502 (LL -21037.2433, Δ=0.0000)
2025-09-23 11:24:01,107 - __main__ - DEBUG - Blending stats with ρ_niw=0.0500, ρ_tr=0.0500.
2025-09-23 11:24:01,156 - __main__ - DEBUG - Iter 3: ELBO after NIW update: -31092.3502 (Emit LL -20526.6667, NIW term -10014.8467, Δ=0.0000)
2025-09-23 11:24:01,206 - __main__ - DEBUG - Iter 3: ELBO after Dirichlet update: -31092.6414 (Trans LL -9.2427, Dir term -24.7413, Δ=-0.2912)
2025-09-23 11:24:01,272 - __main__ - DEBUG - Iter 3: ELBO after β update: -31092.9664 (Init LL -501.5280, Dir term -24.8516, logp(β) -15.8313, Δ=-0.3250)
2025-09-23 11:24:08,004 - __main__ - DEBUG - Iter 4: ELBO after FB: -31092.9664 (LL -21037.4368, Δ=0.0000)
2025-09-23 11:24:08,005 - __main__ - DEBUG - Blending stats with ρ_niw=0.0500, ρ_tr=0.0500.
2025-09-23 11:24:08,056 - __main__ - DEBUG - Iter 4: ELBO after NIW update: -31092.9664 (Emit LL -20526.6667, NIW term -10014.8467, Δ=0.0000)
2025-09-23 11:24:08,105 - __main__ - DEBUG - Iter 4: ELBO after Dirichlet update: -31093.3478 (Trans LL -9.2304, Dir term -25.2453, Δ=-0.3814)
2025-09-23 11:24:08,171 - __main__ - DEBUG - Iter 4: ELBO after β update: -31093.3970 (Init LL -501.5198, Dir term -25.3081, logp(β) -15.8259, Δ=-0.0491)
2025-09-23 11:24:08,173 - __main__ - INFO -    HMM refresh complete: ELBO=-241.6090, iters=0, max iters, states=40
2025-09-23 11:24:08,173 - __main__ - INFO -    ✅ HMM updated (next in 8,846 steps)
2025-09-23 11:24:08,173 - __main__ - INFO - 🔄 VAE refresh starting at step 19,456 with replay size 8x1024
2025-09-23 11:24:08,174 - __main__ - INFO -    Using span sampling (8192 timesteps, too large for full buffer)
2025-09-23 11:24:34,241 - __main__ - INFO -    VAE refresh complete: final_loss=2849.1077, avg_loss=2854.1049, steps=4/4, trend=improving, total_timesteps=8192, span_sampling=32_requested×4_steps, span_len=64
2025-09-23 11:24:34,244 - __main__ - INFO -    ✅ VAE updated (next in 8,846 steps)
2025-09-23 11:24:36,580 - __main__ - INFO - 📊 Episodes completed this rollout: 6
2025-09-23 11:24:36,580 - __main__ - INFO - 📈 Episode stats: avg return = -0.40, avg length = 300.0
2025-09-23 11:24:36,581 - __main__ - INFO - 🎯 Top 3 training actions: #2(3196), #7(2928), #4(2909)
2025-09-23 11:24:38,186 - __main__ - INFO - 🧪 Starting evaluation with 50 episodes...
2025-09-23 11:24:38,186 - __main__ - INFO -    Eval seed: 51
2025-09-23 11:24:38,187 - __main__ - INFO -    Max episode steps (eval): env default
2025-09-23 11:24:38,187 - nle.env.base - INFO - Not saving any NLE data.
2025-09-23 11:24:39,821 - __main__ - DEBUG - 🎯 Eval HMM masking: step 150 masked due to negative reward
2025-09-23 11:24:40,362 - __main__ - DEBUG - 🎯 Eval HMM masking: step 200 masked due to negative reward
2025-09-23 11:24:41,402 - __main__ - WARNING - ⚠️ Episode 1 terminated due to step limit.
2025-09-23 11:24:44,728 - __main__ - WARNING - ⚠️ Episode 2 terminated due to step limit.
2025-09-23 11:24:48,073 - __main__ - WARNING - ⚠️ Episode 3 terminated due to step limit.
2025-09-23 11:24:51,426 - __main__ - WARNING - ⚠️ Episode 4 terminated due to step limit.
2025-09-23 11:24:54,347 - __main__ - DEBUG - 🎯 Eval HMM masking: step 250 masked due to negative reward
2025-09-23 11:24:54,864 - __main__ - WARNING - ⚠️ Episode 5 terminated due to step limit.
2025-09-23 11:24:59,116 - __main__ - WARNING - ⚠️ Episode 8 terminated due to step limit.
2025-09-23 11:25:02,428 - __main__ - DEBUG - 🎯 Eval HMM masking: step 200 masked due to negative reward
2025-09-23 11:25:03,542 - __main__ - WARNING - ⚠️ Episode 10 terminated due to step limit.
2025-09-23 11:25:05,390 - __main__ - DEBUG - 🎯 Eval HMM masking: step 150 masked due to negative reward
2025-09-23 11:25:07,003 - __main__ - WARNING - ⚠️ Episode 11 terminated due to step limit.
2025-09-23 11:25:13,149 - __main__ - WARNING - ⚠️ Episode 14 terminated due to step limit.
2025-09-23 11:25:19,007 - __main__ - WARNING - ⚠️ Episode 19 terminated due to step limit.
2025-09-23 11:25:22,302 - __main__ - WARNING - ⚠️ Episode 20 terminated due to step limit.
2025-09-23 11:25:31,254 - __main__ - DEBUG - 🎯 Eval HMM masking: step 250 masked due to negative reward
2025-09-23 11:25:31,778 - __main__ - WARNING - ⚠️ Episode 24 terminated due to step limit.
2025-09-23 11:25:38,294 - __main__ - WARNING - ⚠️ Episode 29 terminated due to step limit.
2025-09-23 11:25:44,759 - __main__ - DEBUG - 🎯 Eval HMM masking: step 200 masked due to negative reward
2025-09-23 11:25:48,737 - __main__ - WARNING - ⚠️ Episode 34 terminated due to step limit.
2025-09-23 11:25:54,255 - __main__ - DEBUG - 🎯 Eval HMM masking: step 250 masked due to negative reward
2025-09-23 11:25:54,800 - __main__ - WARNING - ⚠️ Episode 36 terminated due to step limit.
2025-09-23 11:25:58,128 - __main__ - WARNING - ⚠️ Episode 37 terminated due to step limit.
2025-09-23 11:26:00,383 - __main__ - DEBUG - 🎯 Eval HMM masking: step 200 masked due to negative reward
2025-09-23 11:26:01,427 - __main__ - WARNING - ⚠️ Episode 38 terminated due to step limit.
2025-09-23 11:26:02,672 - __main__ - DEBUG - 🎯 Eval HMM masking: step 100 masked due to negative reward
2025-09-23 11:26:06,308 - __main__ - WARNING - ⚠️ Episode 40 terminated due to step limit.
2025-09-23 11:26:10,656 - __main__ - DEBUG - 🎯 Eval HMM masking: step 250 masked due to negative reward
2025-09-23 11:26:11,203 - __main__ - WARNING - ⚠️ Episode 42 terminated due to step limit.
2025-09-23 11:26:14,197 - __main__ - DEBUG - 🎯 Eval HMM masking: step 250 masked due to negative reward
2025-09-23 11:26:18,040 - __main__ - WARNING - ⚠️ Episode 44 terminated due to step limit.
2025-09-23 11:26:18,774 - __main__ - DEBUG - 🎯 Eval HMM masking: step 50 masked due to negative reward
2025-09-23 11:26:23,582 - __main__ - DEBUG - 🎯 Eval HMM masking: step 250 masked due to negative reward
2025-09-23 11:26:24,139 - __main__ - WARNING - ⚠️ Episode 46 terminated due to step limit.
2025-09-23 11:26:27,764 - __main__ - DEBUG - 🎯 Eval HMM masking: step 50 masked due to negative reward
2025-09-23 11:26:30,415 - __main__ - WARNING - ⚠️ Episode 48 terminated due to step limit.
2025-09-23 11:26:33,863 - __main__ - INFO - 📊 Evaluation Results (Current Round):
2025-09-23 11:26:33,863 - __main__ - INFO -    Episodes: 50
2025-09-23 11:26:33,863 - __main__ - INFO -    Time: 115.7s (2.3s/ep)
2025-09-23 11:26:33,863 - __main__ - INFO -    Average Return: 0.342 ± 0.617
2025-09-23 11:26:33,863 - __main__ - INFO -    Success Rate: 56.0%
2025-09-23 11:26:33,864 - __main__ - INFO -    Average Length: 202.8
2025-09-23 11:26:33,864 - __main__ - INFO -    Average Coverage: 77.2 positions
2025-09-23 11:26:33,864 - __main__ - INFO -    Episode Completions: 28 terminated (56.0%), 22 truncated (44.0%)
2025-09-23 11:26:33,864 - __main__ - INFO - 📈 Total Evaluation Statistics:
2025-09-23 11:26:33,864 - __main__ - INFO -    Total Episodes: 100
2025-09-23 11:26:33,864 - __main__ - INFO -    Total Average Return: 0.236 ± 0.631
2025-09-23 11:26:33,864 - __main__ - INFO -    Total Average Length: 209.1 ± 112.7
2025-09-23 11:26:33,864 - __main__ - INFO -    Total Completions: 47 terminated (47.0%), 53 truncated (53.0%)
2025-09-23 11:26:33,864 - __main__ - INFO -    Skill Entropy: 0.001
2025-09-23 11:26:33,865 - __main__ - INFO -    Used Skills: 1.0
2025-09-23 11:26:33,865 - __main__ - INFO -    Effective K: 1.00
2025-09-23 11:26:33,865 - __main__ - INFO - 🎯 Action Usage Statistics:
2025-09-23 11:26:33,865 - __main__ - INFO -    Unique actions in evaluation: 8
2025-09-23 11:26:33,865 - __main__ - INFO -    Unique actions in training: 8
2025-09-23 11:26:33,865 - __main__ - INFO -    Total unique actions: 8
2025-09-23 11:26:33,865 - __main__ - INFO -    Action coverage: 6.6%
2025-09-23 11:26:33,865 - __main__ - INFO -    Train action count: 20480
2025-09-23 11:26:33,865 - __main__ - INFO -    Eval action count: 20909
2025-09-23 11:26:33,866 - __main__ - INFO -    Train action entropy: 2.066
2025-09-23 11:26:33,866 - __main__ - INFO -    Eval action entropy: 2.047
2025-09-23 11:26:33,867 - __main__ - INFO -    Top 3 train actions: #2(3196), #7(2928), #4(2909)
2025-09-23 11:26:33,867 - __main__ - INFO -    Top 3 eval actions: #2(3584), #7(3538), #4(2932)
2025-09-23 11:26:36,145 - __main__ - INFO - 📊 Episodes completed this rollout: 3
2025-09-23 11:26:36,145 - __main__ - INFO - 📈 Episode stats: avg return = 0.74, avg length = 154.7
2025-09-23 11:26:36,146 - __main__ - INFO - 🎯 Top 3 training actions: #2(3420), #7(3109), #4(3080)
2025-09-23 11:26:40,135 - __main__ - INFO - 📊 Episodes completed this rollout: 7
2025-09-23 11:26:40,136 - __main__ - INFO - 📈 Episode stats: avg return = 0.16, avg length = 208.9
2025-09-23 11:26:40,136 - __main__ - INFO - 🎯 Top 3 training actions: #2(3661), #7(3319), #4(3240)
2025-09-23 11:26:44,053 - __main__ - INFO - 📊 Episodes completed this rollout: 3
2025-09-23 11:26:44,053 - __main__ - INFO - 📈 Episode stats: avg return = 0.13, avg length = 248.3
2025-09-23 11:26:44,053 - __main__ - INFO - 🎯 Top 3 training actions: #2(3882), #7(3532), #4(3413)
2025-09-23 11:26:48,018 - __main__ - INFO - 📊 Episodes completed this rollout: 5
2025-09-23 11:26:48,018 - __main__ - INFO - 📈 Episode stats: avg return = -0.19, avg length = 294.6
2025-09-23 11:26:48,019 - __main__ - INFO - 🎯 Top 3 training actions: #2(4113), #7(3733), #4(3596)
2025-09-23 11:26:51,919 - __main__ - INFO - 📊 Episodes completed this rollout: 4
2025-09-23 11:26:51,919 - __main__ - INFO - 📈 Episode stats: avg return = -0.00, avg length = 228.2
2025-09-23 11:26:51,919 - __main__ - INFO - 🎯 Top 3 training actions: #2(4361), #7(3951), #4(3752)
2025-09-23 11:26:55,765 - __main__ - INFO - 📊 Episodes completed this rollout: 2
2025-09-23 11:26:55,765 - __main__ - INFO - 📈 Episode stats: avg return = 0.86, avg length = 153.5
2025-09-23 11:26:55,766 - __main__ - INFO - 🎯 Top 3 training actions: #2(4549), #7(4148), #4(3926)
2025-09-23 11:26:59,669 - __main__ - INFO - 📊 Episodes completed this rollout: 7
2025-09-23 11:26:59,670 - __main__ - INFO - 📈 Episode stats: avg return = 0.05, avg length = 239.7
2025-09-23 11:26:59,670 - __main__ - INFO - 🎯 Top 3 training actions: #2(4707), #7(4360), #4(4071)
2025-09-23 11:27:03,520 - __main__ - INFO - 📊 Episodes completed this rollout: 4
2025-09-23 11:27:03,520 - __main__ - INFO - 📈 Episode stats: avg return = 0.32, avg length = 182.2
2025-09-23 11:27:03,520 - __main__ - INFO - 🎯 Top 3 training actions: #2(4880), #7(4543), #4(4235)
2025-09-23 11:27:05,101 - __main__ - INFO - 🔄 Synchronized model update at step 28,672
2025-09-23 11:27:05,101 - __main__ - INFO -    HMM interval: 8,846, VAE interval: 8,846
2025-09-23 11:27:05,102 - __main__ - INFO - 🚫 Model training masking: 1242/9216 timesteps masked (13.5%) due to negative rewards (invalid actions)
2025-09-23 11:27:05,390 - __main__ - INFO - 🔄 Capping HMM batch size from 835 to 128 to prevent OOM
2025-09-23 11:27:05,391 - __main__ - INFO - 🔄 HMM refresh starting at step 28,672 with replay size 128x92
2025-09-23 11:27:10,701 - __main__ - DEBUG - Initial ELBO: -21730.7443
2025-09-23 11:27:10,704 - __main__ - DEBUG - Relative tol: 0.0100
2025-09-23 11:27:10,704 - __main__ - DEBUG - Relative elbo_drop_tol: 0.0100
2025-09-23 11:27:10,704 - __main__ - DEBUG - - Init -500.4084
2025-09-23 11:27:10,704 - __main__ - DEBUG - - Trans -5.0596
2025-09-23 11:27:10,704 - __main__ - DEBUG - - Emit -11170.6381
2025-09-23 11:27:10,704 - __main__ - DEBUG - - Entropy 0.0005
2025-09-23 11:27:10,704 - __main__ - DEBUG - - Dir -23.9696
2025-09-23 11:27:10,704 - __main__ - DEBUG - - NIW -10014.8467
2025-09-23 11:27:10,705 - __main__ - DEBUG - - Beta prior -15.8224
2025-09-23 11:27:16,355 - __main__ - DEBUG - Iter 0: ELBO after FB: -21730.7443 (LL -11676.1056, Δ=0.0000)
2025-09-23 11:27:16,356 - __main__ - DEBUG - Blending stats with ρ_niw=0.0500, ρ_tr=0.0500.
2025-09-23 11:27:16,405 - __main__ - DEBUG - Iter 0: ELBO after NIW update: -19891.0580 (Emit LL -9235.8122, NIW term -10109.9863, Δ=1839.6862)
2025-09-23 11:27:16,454 - __main__ - DEBUG - Iter 0: ELBO after Dirichlet update: -19891.0116 (Trans LL -5.0510, Dir term -23.9317, Δ=0.0464)
2025-09-23 11:27:16,523 - __main__ - DEBUG - Iter 0: ELBO after β update: -19891.7299 (Init LL -501.0845, Dir term -23.9640, logp(β) -15.8323, Δ=-0.7183)
2025-09-23 11:27:22,423 - __main__ - DEBUG - Iter 1: ELBO after FB: -19891.7299 (LL -9741.9472, Δ=0.0000)
2025-09-23 11:27:22,424 - __main__ - DEBUG - Blending stats with ρ_niw=0.0500, ρ_tr=0.0500.
2025-09-23 11:27:22,472 - __main__ - DEBUG - Iter 1: ELBO after NIW update: -19891.7299 (Emit LL -9235.8122, NIW term -10109.9863, Δ=0.0000)
2025-09-23 11:27:22,520 - __main__ - DEBUG - Iter 1: ELBO after Dirichlet update: -19891.8154 (Trans LL -5.0296, Dir term -24.0710, Δ=-0.0856)
2025-09-23 11:27:22,591 - __main__ - DEBUG - Iter 1: ELBO after β update: -19892.3823 (Init LL -501.5764, Dir term -24.1360, logp(β) -15.8423, Δ=-0.5669)
2025-09-23 11:27:28,339 - __main__ - DEBUG - Iter 2: ELBO after FB: -19892.3823 (LL -9742.4177, Δ=0.0000)
2025-09-23 11:27:28,340 - __main__ - DEBUG - Blending stats with ρ_niw=0.0500, ρ_tr=0.0500.
2025-09-23 11:27:28,388 - __main__ - DEBUG - Iter 2: ELBO after NIW update: -19892.3823 (Emit LL -9235.8122, NIW term -10109.9863, Δ=0.0000)
2025-09-23 11:27:28,436 - __main__ - DEBUG - Iter 2: ELBO after Dirichlet update: -19892.5691 (Trans LL -5.0139, Dir term -24.3385, Δ=-0.1868)
2025-09-23 11:27:28,506 - __main__ - DEBUG - Iter 2: ELBO after β update: -19893.0676 (Init LL -501.9910, Dir term -24.4202, logp(β) -15.8446, Δ=-0.4985)
2025-09-23 11:27:34,326 - __main__ - DEBUG - Iter 3: ELBO after FB: -19893.0676 (LL -9742.8165, Δ=0.0000)
2025-09-23 11:27:34,327 - __main__ - DEBUG - Blending stats with ρ_niw=0.0500, ρ_tr=0.0500.
2025-09-23 11:27:34,380 - __main__ - DEBUG - Iter 3: ELBO after NIW update: -19893.0676 (Emit LL -9235.8122, NIW term -10109.9863, Δ=0.0000)
2025-09-23 11:27:34,429 - __main__ - DEBUG - Iter 3: ELBO after Dirichlet update: -19893.3738 (Trans LL -5.0001, Dir term -24.7401, Δ=-0.3061)
2025-09-23 11:27:34,495 - __main__ - DEBUG - Iter 3: ELBO after β update: -19893.6514 (Init LL -502.1615, Dir term -24.8525, logp(β) -15.8393, Δ=-0.2776)
2025-09-23 11:27:39,994 - __main__ - DEBUG - Iter 4: ELBO after FB: -19893.6514 (LL -9742.9733, Δ=0.0000)
2025-09-23 11:27:39,995 - __main__ - DEBUG - Blending stats with ρ_niw=0.0500, ρ_tr=0.0500.
2025-09-23 11:27:40,044 - __main__ - DEBUG - Iter 4: ELBO after NIW update: -19893.6514 (Emit LL -9235.8122, NIW term -10109.9863, Δ=0.0000)
2025-09-23 11:27:40,093 - __main__ - DEBUG - Iter 4: ELBO after Dirichlet update: -19894.0515 (Trans LL -4.9949, Dir term -25.2579, Δ=-0.4001)
2025-09-23 11:27:40,153 - __main__ - DEBUG - Iter 4: ELBO after β update: -19894.1009 (Init LL -502.1541, Dir term -25.3183, logp(β) -15.8356, Δ=-0.0493)
2025-09-23 11:27:40,155 - __main__ - INFO -    HMM refresh complete: ELBO=-12.6320, iters=0, max iters, states=40
2025-09-23 11:27:40,155 - __main__ - INFO -    ✅ HMM updated (next in 10,615 steps)
2025-09-23 11:27:40,155 - __main__ - INFO - 🔄 VAE refresh starting at step 28,672 with replay size 8x1152
2025-09-23 11:27:40,156 - __main__ - INFO -    Using span sampling (9216 timesteps, too large for full buffer)
2025-09-23 11:28:05,952 - __main__ - INFO -    VAE refresh complete: final_loss=2834.2307, avg_loss=2836.8029, steps=4/4, trend=improving, total_timesteps=9216, span_sampling=32_requested×4_steps, span_len=64
2025-09-23 11:28:05,955 - __main__ - INFO -    ✅ VAE updated (next in 10,615 steps)
2025-09-23 11:28:08,312 - __main__ - INFO - 📊 Episodes completed this rollout: 4
2025-09-23 11:28:08,313 - __main__ - INFO - 📈 Episode stats: avg return = -0.11, avg length = 263.2
2025-09-23 11:28:08,313 - __main__ - INFO - 🎯 Top 3 training actions: #2(5051), #7(4685), #4(4397)
2025-09-23 11:28:12,376 - __main__ - INFO - 📊 Episodes completed this rollout: 5
2025-09-23 11:28:12,376 - __main__ - INFO - 📈 Episode stats: avg return = 0.08, avg length = 259.8
2025-09-23 11:28:12,376 - __main__ - INFO - 🎯 Top 3 training actions: #2(5261), #7(4789), #4(4613)
2025-09-23 11:28:14,009 - __main__ - INFO - 🧪 Starting evaluation with 50 episodes...
2025-09-23 11:28:14,010 - __main__ - INFO -    Eval seed: 51
2025-09-23 11:28:14,010 - __main__ - INFO -    Max episode steps (eval): env default
2025-09-23 11:28:14,010 - nle.env.base - INFO - Not saving any NLE data.
2025-09-23 11:28:17,189 - __main__ - WARNING - ⚠️ Episode 1 terminated due to step limit.
2025-09-23 11:28:19,636 - __main__ - DEBUG - 🎯 Eval HMM masking: step 200 masked due to negative reward
2025-09-23 11:28:20,681 - __main__ - WARNING - ⚠️ Episode 3 terminated due to step limit.
2025-09-23 11:28:23,481 - __main__ - DEBUG - 🎯 Eval HMM masking: step 250 masked due to negative reward
2025-09-23 11:28:26,607 - __main__ - DEBUG - 🎯 Eval HMM masking: step 250 masked due to negative reward
2025-09-23 11:28:27,124 - __main__ - WARNING - ⚠️ Episode 5 terminated due to step limit.
2025-09-23 11:28:27,816 - __main__ - DEBUG - 🎯 Eval HMM masking: step 50 masked due to negative reward
2025-09-23 11:28:31,951 - __main__ - DEBUG - 🎯 Eval HMM masking: step 100 masked due to negative reward
2025-09-23 11:28:34,033 - __main__ - WARNING - ⚠️ Episode 8 terminated due to step limit.
2025-09-23 11:28:34,723 - __main__ - DEBUG - 🎯 Eval HMM masking: step 50 masked due to negative reward
2025-09-23 11:28:35,252 - __main__ - DEBUG - 🎯 Eval HMM masking: step 100 masked due to negative reward
2025-09-23 11:28:37,344 - __main__ - WARNING - ⚠️ Episode 9 terminated due to step limit.
2025-09-23 11:28:38,571 - __main__ - DEBUG - 🎯 Eval HMM masking: step 100 masked due to negative reward
2025-09-23 11:28:39,095 - __main__ - DEBUG - 🎯 Eval HMM masking: step 150 masked due to negative reward
2025-09-23 11:28:40,666 - __main__ - WARNING - ⚠️ Episode 10 terminated due to step limit.
2025-09-23 11:28:43,959 - __main__ - WARNING - ⚠️ Episode 11 terminated due to step limit.
2025-09-23 11:28:46,748 - __main__ - DEBUG - 🎯 Eval HMM masking: step 250 masked due to negative reward
2025-09-23 11:28:47,263 - __main__ - WARNING - ⚠️ Episode 12 terminated due to step limit.
2025-09-23 11:28:48,469 - __main__ - DEBUG - 🎯 Eval HMM masking: step 100 masked due to negative reward
2025-09-23 11:28:50,546 - __main__ - WARNING - ⚠️ Episode 13 terminated due to step limit.
2025-09-23 11:28:53,361 - __main__ - DEBUG - 🎯 Eval HMM masking: step 250 masked due to negative reward
2025-09-23 11:28:59,818 - __main__ - WARNING - ⚠️ Episode 17 terminated due to step limit.
2025-09-23 11:29:03,109 - __main__ - WARNING - ⚠️ Episode 18 terminated due to step limit.
2025-09-23 11:29:06,391 - __main__ - WARNING - ⚠️ Episode 19 terminated due to step limit.
2025-09-23 11:29:10,296 - __main__ - DEBUG - 🎯 Eval HMM masking: step 100 masked due to negative reward
2025-09-23 11:29:12,371 - __main__ - WARNING - ⚠️ Episode 22 terminated due to step limit.
2025-09-23 11:29:16,177 - __main__ - WARNING - ⚠️ Episode 24 terminated due to step limit.
2025-09-23 11:29:18,438 - __main__ - DEBUG - 🎯 Eval HMM masking: step 200 masked due to negative reward
2025-09-23 11:29:22,167 - __main__ - WARNING - ⚠️ Episode 27 terminated due to step limit.
2025-09-23 11:29:22,895 - __main__ - DEBUG - 🎯 Eval HMM masking: step 50 masked due to negative reward
2025-09-23 11:29:23,428 - __main__ - DEBUG - 🎯 Eval HMM masking: step 100 masked due to negative reward
2025-09-23 11:29:23,956 - __main__ - DEBUG - 🎯 Eval HMM masking: step 150 masked due to negative reward
2025-09-23 11:29:25,532 - __main__ - WARNING - ⚠️ Episode 28 terminated due to step limit.
2025-09-23 11:29:31,204 - __main__ - WARNING - ⚠️ Episode 31 terminated due to step limit.
2025-09-23 11:29:35,073 - __main__ - WARNING - ⚠️ Episode 33 terminated due to step limit.
2025-09-23 11:29:36,292 - __main__ - DEBUG - 🎯 Eval HMM masking: step 100 masked due to negative reward
2025-09-23 11:29:38,379 - __main__ - WARNING - ⚠️ Episode 34 terminated due to step limit.
2025-09-23 11:29:40,111 - __main__ - DEBUG - 🎯 Eval HMM masking: step 150 masked due to negative reward
2025-09-23 11:29:41,667 - __main__ - WARNING - ⚠️ Episode 35 terminated due to step limit.
2025-09-23 11:29:44,970 - __main__ - WARNING - ⚠️ Episode 36 terminated due to step limit.
2025-09-23 11:29:46,189 - __main__ - DEBUG - 🎯 Eval HMM masking: step 100 masked due to negative reward
2025-09-23 11:29:47,774 - __main__ - DEBUG - 🎯 Eval HMM masking: step 250 masked due to negative reward
2025-09-23 11:29:48,294 - __main__ - WARNING - ⚠️ Episode 37 terminated due to step limit.
2025-09-23 11:29:50,049 - __main__ - DEBUG - 🎯 Eval HMM masking: step 150 masked due to negative reward
2025-09-23 11:29:51,637 - __main__ - WARNING - ⚠️ Episode 38 terminated due to step limit.
2025-09-23 11:29:55,032 - __main__ - WARNING - ⚠️ Episode 39 terminated due to step limit.
2025-09-23 11:29:57,828 - __main__ - DEBUG - 🎯 Eval HMM masking: step 250 masked due to negative reward
2025-09-23 11:29:58,345 - __main__ - WARNING - ⚠️ Episode 40 terminated due to step limit.
2025-09-23 11:29:59,036 - __main__ - DEBUG - 🎯 Eval HMM masking: step 50 masked due to negative reward
2025-09-23 11:30:00,158 - __main__ - DEBUG - 🎯 Eval HMM masking: step 100 masked due to negative reward
2025-09-23 11:30:01,311 - __main__ - DEBUG - 🎯 Eval HMM masking: step 50 masked due to negative reward
2025-09-23 11:30:02,897 - __main__ - DEBUG - 🎯 Eval HMM masking: step 200 masked due to negative reward
2025-09-23 11:30:03,949 - __main__ - WARNING - ⚠️ Episode 43 terminated due to step limit.
2025-09-23 11:30:07,275 - __main__ - WARNING - ⚠️ Episode 44 terminated due to step limit.
2025-09-23 11:30:10,678 - __main__ - WARNING - ⚠️ Episode 45 terminated due to step limit.
2025-09-23 11:30:16,469 - __main__ - WARNING - ⚠️ Episode 47 terminated due to step limit.
2025-09-23 11:30:17,162 - __main__ - DEBUG - 🎯 Eval HMM masking: step 50 masked due to negative reward
2025-09-23 11:30:17,687 - __main__ - DEBUG - 🎯 Eval HMM masking: step 100 masked due to negative reward
2025-09-23 11:30:22,489 - __main__ - WARNING - ⚠️ Episode 49 terminated due to step limit.
2025-09-23 11:30:25,048 - __main__ - INFO - 📊 Evaluation Results (Current Round):
2025-09-23 11:30:25,048 - __main__ - INFO -    Episodes: 50
2025-09-23 11:30:25,048 - __main__ - INFO -    Time: 131.0s (2.6s/ep)
2025-09-23 11:30:25,049 - __main__ - INFO -    Average Return: 0.052 ± 0.623
2025-09-23 11:30:25,049 - __main__ - INFO -    Success Rate: 40.0%
2025-09-23 11:30:25,049 - __main__ - INFO -    Average Length: 237.3
2025-09-23 11:30:25,049 - __main__ - INFO -    Average Coverage: 76.7 positions
2025-09-23 11:30:25,049 - __main__ - INFO -    Episode Completions: 20 terminated (40.0%), 30 truncated (60.0%)
2025-09-23 11:30:25,049 - __main__ - INFO - 📈 Total Evaluation Statistics:
2025-09-23 11:30:25,049 - __main__ - INFO -    Total Episodes: 150
2025-09-23 11:30:25,049 - __main__ - INFO -    Total Average Return: 0.175 ± 0.634
2025-09-23 11:30:25,049 - __main__ - INFO -    Total Average Length: 218.5 ± 107.5
2025-09-23 11:30:25,049 - __main__ - INFO -    Total Completions: 67 terminated (44.7%), 83 truncated (55.3%)
2025-09-23 11:30:25,049 - __main__ - INFO -    Skill Entropy: 0.001
2025-09-23 11:30:25,050 - __main__ - INFO -    Used Skills: 1.0
2025-09-23 11:30:25,050 - __main__ - INFO -    Effective K: 1.00
2025-09-23 11:30:25,050 - __main__ - INFO - 🎯 Action Usage Statistics:
2025-09-23 11:30:25,050 - __main__ - INFO -    Unique actions in evaluation: 8
2025-09-23 11:30:25,050 - __main__ - INFO -    Unique actions in training: 8
2025-09-23 11:30:25,050 - __main__ - INFO -    Total unique actions: 8
2025-09-23 11:30:25,050 - __main__ - INFO -    Action coverage: 6.6%
2025-09-23 11:30:25,050 - __main__ - INFO -    Train action count: 30720
2025-09-23 11:30:25,050 - __main__ - INFO -    Eval action count: 32774
2025-09-23 11:30:25,051 - __main__ - INFO -    Train action entropy: 2.045
2025-09-23 11:30:25,051 - __main__ - INFO -    Eval action entropy: 2.009
2025-09-23 11:30:25,051 - __main__ - INFO -    Top 3 train actions: #2(5261), #7(4789), #4(4613)
2025-09-23 11:30:25,051 - __main__ - INFO -    Top 3 eval actions: #2(6344), #4(5643), #7(5232)
2025-09-23 11:30:27,418 - __main__ - INFO - 📊 Episodes completed this rollout: 3
2025-09-23 11:30:27,418 - __main__ - INFO - 📈 Episode stats: avg return = -0.53, avg length = 300.0
2025-09-23 11:30:27,419 - __main__ - INFO - 🎯 Top 3 training actions: #2(5512), #7(4939), #4(4845)
2025-09-23 11:30:31,356 - __main__ - INFO - 📊 Episodes completed this rollout: 6
2025-09-23 11:30:31,356 - __main__ - INFO - 📈 Episode stats: avg return = -0.05, avg length = 262.2
2025-09-23 11:30:31,356 - __main__ - INFO - 🎯 Top 3 training actions: #2(5717), #7(5136), #4(5037)
2025-09-23 11:30:35,177 - __main__ - INFO - 📊 Episodes completed this rollout: 1
2025-09-23 11:30:35,178 - __main__ - INFO - 📈 Episode stats: avg return = -0.47, avg length = 300.0
2025-09-23 11:30:35,178 - __main__ - INFO - 🎯 Top 3 training actions: #2(5970), #7(5324), #4(5188)
2025-09-23 11:30:39,021 - __main__ - INFO - 📊 Episodes completed this rollout: 7
2025-09-23 11:30:39,021 - __main__ - INFO - 📈 Episode stats: avg return = 0.46, avg length = 176.4
2025-09-23 11:30:39,021 - __main__ - INFO - 🎯 Top 3 training actions: #2(6263), #7(5459), #4(5408)
2025-09-23 11:30:42,867 - __main__ - INFO - 📊 Episodes completed this rollout: 6
2025-09-23 11:30:42,867 - __main__ - INFO - 📈 Episode stats: avg return = 0.48, avg length = 138.7
2025-09-23 11:30:42,867 - __main__ - INFO - 🎯 Top 3 training actions: #2(6515), #4(5673), #7(5585)
2025-09-23 11:30:46,713 - __main__ - INFO - 📊 Episodes completed this rollout: 5
2025-09-23 11:30:46,714 - __main__ - INFO - 📈 Episode stats: avg return = 0.06, avg length = 275.4
2025-09-23 11:30:46,714 - __main__ - INFO - 🎯 Top 3 training actions: #2(6817), #4(5888), #7(5691)
2025-09-23 11:30:50,582 - __main__ - INFO - 📊 Episodes completed this rollout: 3
2025-09-23 11:30:50,583 - __main__ - INFO - 📈 Episode stats: avg return = 0.12, avg length = 220.0
2025-09-23 11:30:50,583 - __main__ - INFO - 🎯 Top 3 training actions: #2(7167), #4(6079), #7(5790)
2025-09-23 11:30:54,431 - __main__ - INFO - 📊 Episodes completed this rollout: 5
2025-09-23 11:30:54,431 - __main__ - INFO - 📈 Episode stats: avg return = -0.20, avg length = 247.8
2025-09-23 11:30:54,431 - __main__ - INFO - 🎯 Top 3 training actions: #2(7411), #4(6238), #7(5935)
2025-09-23 11:30:58,303 - __main__ - INFO - 📊 Episodes completed this rollout: 3
2025-09-23 11:30:58,303 - __main__ - INFO - 📈 Episode stats: avg return = -0.02, avg length = 274.0
2025-09-23 11:30:58,304 - __main__ - INFO - 🎯 Top 3 training actions: #2(7610), #4(6412), #7(6106)
2025-09-23 11:30:59,912 - __main__ - INFO - 🔄 Synchronized model update at step 39,936
2025-09-23 11:30:59,912 - __main__ - INFO -    HMM interval: 10,615, VAE interval: 10,615
2025-09-23 11:30:59,913 - __main__ - INFO - 🚫 Model training masking: 1628/11264 timesteps masked (14.5%) due to negative rewards (invalid actions)
2025-09-23 11:31:00,249 - __main__ - INFO - 🔄 Capping HMM batch size from 797 to 128 to prevent OOM
2025-09-23 11:31:00,250 - __main__ - INFO - 🔄 HMM refresh starting at step 39,936 with replay size 128x92
2025-09-23 11:31:05,376 - __main__ - DEBUG - Initial ELBO: -25394.3626
2025-09-23 11:31:05,379 - __main__ - DEBUG - Relative tol: 0.0100
2025-09-23 11:31:05,379 - __main__ - DEBUG - Relative elbo_drop_tol: 0.0100
2025-09-23 11:31:05,379 - __main__ - DEBUG - - Init -501.0845
2025-09-23 11:31:05,379 - __main__ - DEBUG - - Trans -7.8043
2025-09-23 11:31:05,379 - __main__ - DEBUG - - Emit -14735.6916
2025-09-23 11:31:05,380 - __main__ - DEBUG - - Entropy 0.0005
2025-09-23 11:31:05,380 - __main__ - DEBUG - - Dir -23.9640
2025-09-23 11:31:05,380 - __main__ - DEBUG - - NIW -10109.9863
2025-09-23 11:31:05,380 - __main__ - DEBUG - - Beta prior -15.8323
2025-09-23 11:31:10,936 - __main__ - DEBUG - Iter 0: ELBO after FB: -25394.3626 (LL -15244.5799, Δ=0.0000)
2025-09-23 11:31:10,937 - __main__ - DEBUG - Blending stats with ρ_niw=0.0500, ρ_tr=0.0500.
2025-09-23 11:31:10,986 - __main__ - DEBUG - Iter 0: ELBO after NIW update: -20336.3640 (Emit LL -9392.7907, NIW term -10394.8887, Δ=5057.9986)
2025-09-23 11:31:11,034 - __main__ - DEBUG - Iter 0: ELBO after Dirichlet update: -20336.2620 (Trans LL -7.5800, Dir term -24.0863, Δ=0.1020)
2025-09-23 11:31:11,104 - __main__ - DEBUG - Iter 0: ELBO after β update: -20336.9236 (Init LL -501.7079, Dir term -24.1142, logp(β) -15.8426, Δ=-0.6616)
2025-09-23 11:31:16,956 - __main__ - DEBUG - Iter 1: ELBO after FB: -20336.9236 (LL -9902.0781, Δ=0.0000)
2025-09-23 11:31:16,956 - __main__ - DEBUG - Blending stats with ρ_niw=0.0500, ρ_tr=0.0500.
2025-09-23 11:31:17,008 - __main__ - DEBUG - Iter 1: ELBO after NIW update: -20336.9236 (Emit LL -9392.7907, NIW term -10394.8887, Δ=0.0000)
2025-09-23 11:31:17,057 - __main__ - DEBUG - Iter 1: ELBO after Dirichlet update: -20336.9838 (Trans LL -7.5506, Dir term -24.2038, Δ=-0.0601)
2025-09-23 11:31:17,123 - __main__ - DEBUG - Iter 1: ELBO after β update: -20337.5742 (Init LL -502.2183, Dir term -24.2739, logp(β) -15.8525, Δ=-0.5905)
2025-09-23 11:31:23,013 - __main__ - DEBUG - Iter 2: ELBO after FB: -20337.5742 (LL -9902.5591, Δ=0.0000)
2025-09-23 11:31:23,014 - __main__ - DEBUG - Blending stats with ρ_niw=0.0500, ρ_tr=0.0500.
2025-09-23 11:31:23,066 - __main__ - DEBUG - Iter 2: ELBO after NIW update: -20337.5742 (Emit LL -9392.7907, NIW term -10394.8887, Δ=0.0000)
2025-09-23 11:31:23,118 - __main__ - DEBUG - Iter 2: ELBO after Dirichlet update: -20337.7580 (Trans LL -7.5256, Dir term -24.4827, Δ=-0.1838)
2025-09-23 11:31:23,193 - __main__ - DEBUG - Iter 2: ELBO after β update: -20338.2550 (Init LL -502.6332, Dir term -24.5629, logp(β) -15.8545, Δ=-0.4970)
2025-09-23 11:31:29,089 - __main__ - DEBUG - Iter 3: ELBO after FB: -20338.2550 (LL -9902.9490, Δ=0.0000)
2025-09-23 11:31:29,090 - __main__ - DEBUG - Blending stats with ρ_niw=0.0500, ρ_tr=0.0500.
2025-09-23 11:31:29,142 - __main__ - DEBUG - Iter 3: ELBO after NIW update: -20338.2550 (Emit LL -9392.7907, NIW term -10394.8887, Δ=0.0000)
2025-09-23 11:31:29,194 - __main__ - DEBUG - Iter 3: ELBO after Dirichlet update: -20338.5697 (Trans LL -7.5058, Dir term -24.8973, Δ=-0.3146)
2025-09-23 11:31:29,269 - __main__ - DEBUG - Iter 3: ELBO after β update: -20338.8193 (Init LL -502.7834, Dir term -25.0028, logp(β) -15.8485, Δ=-0.2496)
2025-09-23 11:31:35,127 - __main__ - DEBUG - Iter 4: ELBO after FB: -20338.8193 (LL -9903.0794, Δ=0.0000)
2025-09-23 11:31:35,128 - __main__ - DEBUG - Blending stats with ρ_niw=0.0500, ρ_tr=0.0500.
2025-09-23 11:31:35,180 - __main__ - DEBUG - Iter 4: ELBO after NIW update: -20338.8193 (Emit LL -9392.7907, NIW term -10394.8887, Δ=0.0000)
2025-09-23 11:31:35,232 - __main__ - DEBUG - Iter 4: ELBO after Dirichlet update: -20339.2138 (Trans LL -7.4984, Dir term -25.4046, Δ=-0.3945)
2025-09-23 11:31:35,289 - __main__ - DEBUG - Iter 4: ELBO after β update: -20339.1181 (Init LL -502.6864, Dir term -25.4069, logp(β) -15.8475, Δ=0.0957)
2025-09-23 11:31:35,291 - __main__ - INFO -    HMM refresh complete: ELBO=-9.9199, iters=0, max iters, states=40
2025-09-23 11:31:35,291 - __main__ - INFO -    ✅ HMM updated (next in 12,000 steps)
2025-09-23 11:31:35,291 - __main__ - INFO - 🔄 VAE refresh starting at step 39,936 with replay size 8x1408
2025-09-23 11:31:35,292 - __main__ - INFO -    Using span sampling (11264 timesteps, too large for full buffer)
2025-09-23 11:31:59,782 - __main__ - INFO -    VAE refresh complete: final_loss=2821.7761, avg_loss=2825.2740, steps=4/4, trend=improving, total_timesteps=11264, span_sampling=32_requested×4_steps, span_len=64
2025-09-23 11:31:59,784 - __main__ - INFO -    ✅ VAE updated (next in 12,000 steps)
2025-09-23 11:32:02,068 - __main__ - INFO - 📊 Episodes completed this rollout: 4
2025-09-23 11:32:02,068 - __main__ - INFO - 📈 Episode stats: avg return = -0.09, avg length = 226.2
2025-09-23 11:32:02,068 - __main__ - INFO - 🎯 Top 3 training actions: #2(7771), #4(6624), #7(6291)
2025-09-23 11:32:03,766 - __main__ - INFO - 🧪 Starting evaluation with 50 episodes...
2025-09-23 11:32:03,766 - __main__ - INFO -    Eval seed: 51
2025-09-23 11:32:03,766 - __main__ - INFO -    Max episode steps (eval): env default
2025-09-23 11:32:03,767 - nle.env.base - INFO - Not saving any NLE data.
2025-09-23 11:32:05,385 - __main__ - DEBUG - 🎯 Eval HMM masking: step 150 masked due to negative reward
2025-09-23 11:32:05,915 - __main__ - DEBUG - 🎯 Eval HMM masking: step 200 masked due to negative reward
2025-09-23 11:32:06,962 - __main__ - WARNING - ⚠️ Episode 1 terminated due to step limit.
2025-09-23 11:32:07,672 - __main__ - DEBUG - 🎯 Eval HMM masking: step 50 masked due to negative reward
2025-09-23 11:32:10,308 - __main__ - WARNING - ⚠️ Episode 2 terminated due to step limit.
2025-09-23 11:32:13,631 - __main__ - WARNING - ⚠️ Episode 3 terminated due to step limit.
2025-09-23 11:32:16,478 - __main__ - DEBUG - 🎯 Eval HMM masking: step 250 masked due to negative reward
2025-09-23 11:32:16,995 - __main__ - WARNING - ⚠️ Episode 4 terminated due to step limit.
2025-09-23 11:32:20,304 - __main__ - WARNING - ⚠️ Episode 5 terminated due to step limit.
2025-09-23 11:32:21,036 - __main__ - DEBUG - 🎯 Eval HMM masking: step 50 masked due to negative reward
2025-09-23 11:32:23,655 - __main__ - WARNING - ⚠️ Episode 7 terminated due to step limit.
2025-09-23 11:32:26,169 - __main__ - DEBUG - 🎯 Eval HMM masking: step 150 masked due to negative reward
2025-09-23 11:32:27,800 - __main__ - WARNING - ⚠️ Episode 9 terminated due to step limit.
2025-09-23 11:32:31,310 - __main__ - WARNING - ⚠️ Episode 10 terminated due to step limit.
2025-09-23 11:32:35,137 - __main__ - DEBUG - 🎯 Eval HMM masking: step 200 masked due to negative reward
2025-09-23 11:32:36,170 - __main__ - WARNING - ⚠️ Episode 12 terminated due to step limit.
2025-09-23 11:32:38,487 - __main__ - DEBUG - 🎯 Eval HMM masking: step 200 masked due to negative reward
2025-09-23 11:32:39,588 - __main__ - WARNING - ⚠️ Episode 13 terminated due to step limit.
2025-09-23 11:32:40,271 - __main__ - DEBUG - 🎯 Eval HMM masking: step 50 masked due to negative reward
2025-09-23 11:32:41,307 - __main__ - DEBUG - 🎯 Eval HMM masking: step 150 masked due to negative reward
2025-09-23 11:32:41,825 - __main__ - DEBUG - 🎯 Eval HMM masking: step 200 masked due to negative reward
2025-09-23 11:32:42,906 - __main__ - WARNING - ⚠️ Episode 14 terminated due to step limit.
2025-09-23 11:32:51,485 - __main__ - DEBUG - 🎯 Eval HMM masking: step 200 masked due to negative reward
2025-09-23 11:32:52,514 - __main__ - WARNING - ⚠️ Episode 19 terminated due to step limit.
2025-09-23 11:32:54,751 - __main__ - DEBUG - 🎯 Eval HMM masking: step 200 masked due to negative reward
2025-09-23 11:32:55,782 - __main__ - WARNING - ⚠️ Episode 20 terminated due to step limit.
2025-09-23 11:32:57,576 - __main__ - DEBUG - 🎯 Eval HMM masking: step 150 masked due to negative reward
2025-09-23 11:32:59,134 - __main__ - WARNING - ⚠️ Episode 21 terminated due to step limit.
2025-09-23 11:33:01,389 - __main__ - DEBUG - 🎯 Eval HMM masking: step 200 masked due to negative reward
2025-09-23 11:33:01,909 - __main__ - DEBUG - 🎯 Eval HMM masking: step 250 masked due to negative reward
2025-09-23 11:33:02,444 - __main__ - WARNING - ⚠️ Episode 22 terminated due to step limit.
2025-09-23 11:33:03,139 - __main__ - DEBUG - 🎯 Eval HMM masking: step 50 masked due to negative reward
2025-09-23 11:33:03,659 - __main__ - DEBUG - 🎯 Eval HMM masking: step 100 masked due to negative reward
2025-09-23 11:33:04,704 - __main__ - DEBUG - 🎯 Eval HMM masking: step 200 masked due to negative reward
2025-09-23 11:33:05,810 - __main__ - WARNING - ⚠️ Episode 23 terminated due to step limit.
2025-09-23 11:33:08,166 - __main__ - DEBUG - 🎯 Eval HMM masking: step 200 masked due to negative reward
2025-09-23 11:33:09,201 - __main__ - WARNING - ⚠️ Episode 24 terminated due to step limit.
2025-09-23 11:33:11,957 - __main__ - DEBUG - 🎯 Eval HMM masking: step 250 masked due to negative reward
2025-09-23 11:33:12,470 - __main__ - WARNING - ⚠️ Episode 25 terminated due to step limit.
2025-09-23 11:33:14,192 - __main__ - DEBUG - 🎯 Eval HMM masking: step 150 masked due to negative reward
2025-09-23 11:33:14,711 - __main__ - DEBUG - 🎯 Eval HMM masking: step 200 masked due to negative reward
2025-09-23 11:33:15,739 - __main__ - WARNING - ⚠️ Episode 26 terminated due to step limit.
2025-09-23 11:33:19,023 - __main__ - WARNING - ⚠️ Episode 27 terminated due to step limit.
2025-09-23 11:33:22,678 - __main__ - WARNING - ⚠️ Episode 29 terminated due to step limit.
2025-09-23 11:33:23,882 - __main__ - DEBUG - 🎯 Eval HMM masking: step 100 masked due to negative reward
2025-09-23 11:33:24,402 - __main__ - DEBUG - 🎯 Eval HMM masking: step 150 masked due to negative reward
2025-09-23 11:33:25,949 - __main__ - WARNING - ⚠️ Episode 30 terminated due to step limit.
2025-09-23 11:33:26,638 - __main__ - DEBUG - 🎯 Eval HMM masking: step 50 masked due to negative reward
2025-09-23 11:33:29,227 - __main__ - WARNING - ⚠️ Episode 31 terminated due to step limit.
2025-09-23 11:33:32,013 - __main__ - DEBUG - 🎯 Eval HMM masking: step 250 masked due to negative reward
2025-09-23 11:33:32,533 - __main__ - WARNING - ⚠️ Episode 32 terminated due to step limit.
2025-09-23 11:33:35,905 - __main__ - WARNING - ⚠️ Episode 33 terminated due to step limit.
2025-09-23 11:33:39,432 - __main__ - WARNING - ⚠️ Episode 34 terminated due to step limit.
2025-09-23 11:33:43,682 - __main__ - DEBUG - 🎯 Eval HMM masking: step 150 masked due to negative reward
2025-09-23 11:33:45,352 - __main__ - WARNING - ⚠️ Episode 36 terminated due to step limit.
2025-09-23 11:33:50,559 - __main__ - DEBUG - 🎯 Eval HMM masking: step 200 masked due to negative reward
2025-09-23 11:33:51,604 - __main__ - WARNING - ⚠️ Episode 38 terminated due to step limit.
2025-09-23 11:33:52,331 - __main__ - DEBUG - 🎯 Eval HMM masking: step 50 masked due to negative reward
2025-09-23 11:33:55,085 - __main__ - WARNING - ⚠️ Episode 39 terminated due to step limit.
2025-09-23 11:33:55,793 - __main__ - DEBUG - 🎯 Eval HMM masking: step 50 masked due to negative reward
2025-09-23 11:33:58,565 - __main__ - WARNING - ⚠️ Episode 40 terminated due to step limit.
2025-09-23 11:34:01,249 - __main__ - DEBUG - 🎯 Eval HMM masking: step 100 masked due to negative reward
2025-09-23 11:34:03,369 - __main__ - WARNING - ⚠️ Episode 42 terminated due to step limit.
2025-09-23 11:34:04,625 - __main__ - DEBUG - 🎯 Eval HMM masking: step 100 masked due to negative reward
2025-09-23 11:34:05,187 - __main__ - DEBUG - 🎯 Eval HMM masking: step 150 masked due to negative reward
2025-09-23 11:34:06,783 - __main__ - WARNING - ⚠️ Episode 43 terminated due to step limit.
2025-09-23 11:34:07,999 - __main__ - DEBUG - 🎯 Eval HMM masking: step 100 masked due to negative reward
2025-09-23 11:34:12,251 - __main__ - WARNING - ⚠️ Episode 45 terminated due to step limit.
2025-09-23 11:34:14,541 - __main__ - DEBUG - 🎯 Eval HMM masking: step 200 masked due to negative reward
2025-09-23 11:34:15,071 - __main__ - DEBUG - 🎯 Eval HMM masking: step 250 masked due to negative reward
2025-09-23 11:34:15,593 - __main__ - WARNING - ⚠️ Episode 46 terminated due to step limit.
2025-09-23 11:34:16,291 - __main__ - DEBUG - 🎯 Eval HMM masking: step 50 masked due to negative reward
2025-09-23 11:34:16,820 - __main__ - DEBUG - 🎯 Eval HMM masking: step 100 masked due to negative reward
2025-09-23 11:34:17,347 - __main__ - DEBUG - 🎯 Eval HMM masking: step 150 masked due to negative reward
2025-09-23 11:34:18,927 - __main__ - WARNING - ⚠️ Episode 47 terminated due to step limit.
2025-09-23 11:34:21,210 - __main__ - DEBUG - 🎯 Eval HMM masking: step 200 masked due to negative reward
2025-09-23 11:34:22,254 - __main__ - WARNING - ⚠️ Episode 48 terminated due to step limit.
2025-09-23 11:34:26,693 - __main__ - WARNING - ⚠️ Episode 50 terminated due to step limit.
2025-09-23 11:34:26,861 - __main__ - INFO - 📊 Evaluation Results (Current Round):
2025-09-23 11:34:26,862 - __main__ - INFO -    Episodes: 50
2025-09-23 11:34:26,862 - __main__ - INFO -    Time: 143.1s (2.9s/ep)
2025-09-23 11:34:26,862 - __main__ - INFO -    Average Return: -0.236 ± 0.644
2025-09-23 11:34:26,862 - __main__ - INFO -    Success Rate: 26.0%
2025-09-23 11:34:26,862 - __main__ - INFO -    Average Length: 256.5
2025-09-23 11:34:26,862 - __main__ - INFO -    Average Coverage: 75.5 positions
2025-09-23 11:34:26,862 - __main__ - INFO -    Episode Completions: 13 terminated (26.0%), 37 truncated (74.0%)
2025-09-23 11:34:26,862 - __main__ - INFO - 📈 Total Evaluation Statistics:
2025-09-23 11:34:26,862 - __main__ - INFO -    Total Episodes: 200
2025-09-23 11:34:26,862 - __main__ - INFO -    Total Average Return: 0.072 ± 0.661
2025-09-23 11:34:26,862 - __main__ - INFO -    Total Average Length: 228.0 ± 103.5
2025-09-23 11:34:26,863 - __main__ - INFO -    Total Completions: 80 terminated (40.0%), 120 truncated (60.0%)
2025-09-23 11:34:26,863 - __main__ - INFO -    Skill Entropy: 0.002
2025-09-23 11:34:26,863 - __main__ - INFO -    Used Skills: 1.0
2025-09-23 11:34:26,863 - __main__ - INFO -    Effective K: 1.00
2025-09-23 11:34:26,863 - __main__ - INFO - 🎯 Action Usage Statistics:
2025-09-23 11:34:26,863 - __main__ - INFO -    Unique actions in evaluation: 8
2025-09-23 11:34:26,863 - __main__ - INFO -    Unique actions in training: 8
2025-09-23 11:34:26,863 - __main__ - INFO -    Total unique actions: 8
2025-09-23 11:34:26,863 - __main__ - INFO -    Action coverage: 6.6%
2025-09-23 11:34:26,863 - __main__ - INFO -    Train action count: 40960
2025-09-23 11:34:26,863 - __main__ - INFO -    Eval action count: 45601
2025-09-23 11:34:26,864 - __main__ - INFO -    Train action entropy: 2.017
2025-09-23 11:34:26,864 - __main__ - INFO -    Eval action entropy: 1.990
2025-09-23 11:34:26,864 - __main__ - INFO -    Top 3 train actions: #2(7771), #4(6624), #7(6291)
2025-09-23 11:34:26,865 - __main__ - INFO -    Top 3 eval actions: #4(8449), #2(8276), #7(7346)
2025-09-23 11:34:29,214 - __main__ - INFO - 📊 Episodes completed this rollout: 8
2025-09-23 11:34:29,214 - __main__ - INFO - 📈 Episode stats: avg return = -0.08, avg length = 195.9
2025-09-23 11:34:29,214 - __main__ - INFO - 🎯 Top 3 training actions: #2(7920), #4(6858), #7(6468)
2025-09-23 11:34:33,060 - __main__ - INFO - 📊 Episodes completed this rollout: 4
2025-09-23 11:34:33,061 - __main__ - INFO - 📈 Episode stats: avg return = 0.23, avg length = 181.2
2025-09-23 11:34:33,061 - __main__ - INFO - 🎯 Top 3 training actions: #2(8074), #4(7069), #7(6612)
2025-09-23 11:34:36,996 - __main__ - INFO - 📊 Episodes completed this rollout: 6
2025-09-23 11:34:36,996 - __main__ - INFO - 📈 Episode stats: avg return = 0.13, avg length = 236.0
2025-09-23 11:34:36,996 - __main__ - INFO - 🎯 Top 3 training actions: #2(8207), #4(7216), #7(6782)
2025-09-23 11:34:40,880 - __main__ - INFO - 📊 Episodes completed this rollout: 2
2025-09-23 11:34:40,880 - __main__ - INFO - 📈 Episode stats: avg return = -0.26, avg length = 300.0
2025-09-23 11:34:40,880 - __main__ - INFO - 🎯 Top 3 training actions: #2(8340), #4(7335), #7(6945)
2025-09-23 11:34:44,731 - __main__ - INFO - 📊 Episodes completed this rollout: 5
2025-09-23 11:34:44,731 - __main__ - INFO - 📈 Episode stats: avg return = 0.31, avg length = 210.6
2025-09-23 11:34:44,731 - __main__ - INFO - 🎯 Top 3 training actions: #2(8446), #4(7473), #7(7095)
2025-09-23 11:34:48,659 - __main__ - INFO - 📊 Episodes completed this rollout: 5
2025-09-23 11:34:48,660 - __main__ - INFO - 📈 Episode stats: avg return = 0.03, avg length = 247.8
2025-09-23 11:34:48,660 - __main__ - INFO - 🎯 Top 3 training actions: #2(8518), #4(7611), #7(7214)
2025-09-23 11:34:52,502 - __main__ - INFO - 📊 Episodes completed this rollout: 2
2025-09-23 11:34:52,502 - __main__ - INFO - 📈 Episode stats: avg return = 0.74, avg length = 199.5
2025-09-23 11:34:52,502 - __main__ - INFO - 🎯 Top 3 training actions: #2(8623), #4(7754), #7(7354)
2025-09-23 11:34:56,391 - __main__ - INFO - 📊 Episodes completed this rollout: 8
2025-09-23 11:34:56,392 - __main__ - INFO - 📈 Episode stats: avg return = 0.07, avg length = 208.1
2025-09-23 11:34:56,392 - __main__ - INFO - 🎯 Top 3 training actions: #2(8757), #4(7899), #7(7505)
2025-09-23 11:35:00,280 - __main__ - INFO - 📊 Episodes completed this rollout: 5
2025-09-23 11:35:00,280 - __main__ - INFO - 📈 Episode stats: avg return = 0.36, avg length = 180.2
2025-09-23 11:35:00,281 - __main__ - INFO - 🎯 Top 3 training actions: #2(8906), #4(8029), #7(7664)
2025-09-23 11:35:01,870 - __main__ - INFO - 🧪 Starting evaluation with 50 episodes...
2025-09-23 11:35:01,871 - __main__ - INFO -    Eval seed: 51
2025-09-23 11:35:01,871 - __main__ - INFO -    Max episode steps (eval): env default
2025-09-23 11:35:01,871 - nle.env.base - INFO - Not saving any NLE data.
2025-09-23 11:35:05,134 - __main__ - WARNING - ⚠️ Episode 2 terminated due to step limit.
2025-09-23 11:35:08,488 - __main__ - WARNING - ⚠️ Episode 3 terminated due to step limit.
2025-09-23 11:35:10,222 - __main__ - DEBUG - 🎯 Eval HMM masking: step 150 masked due to negative reward
2025-09-23 11:35:10,741 - __main__ - DEBUG - 🎯 Eval HMM masking: step 200 masked due to negative reward
2025-09-23 11:35:11,772 - __main__ - WARNING - ⚠️ Episode 4 terminated due to step limit.
2025-09-23 11:35:15,567 - __main__ - WARNING - ⚠️ Episode 6 terminated due to step limit.
2025-09-23 11:35:16,259 - __main__ - DEBUG - 🎯 Eval HMM masking: step 50 masked due to negative reward
2025-09-23 11:35:17,304 - __main__ - DEBUG - 🎯 Eval HMM masking: step 150 masked due to negative reward
2025-09-23 11:35:18,869 - __main__ - WARNING - ⚠️ Episode 7 terminated due to step limit.
2025-09-23 11:35:20,623 - __main__ - DEBUG - 🎯 Eval HMM masking: step 150 masked due to negative reward
2025-09-23 11:35:22,181 - __main__ - WARNING - ⚠️ Episode 8 terminated due to step limit.
2025-09-23 11:35:23,912 - __main__ - DEBUG - 🎯 Eval HMM masking: step 150 masked due to negative reward
2025-09-23 11:35:24,441 - __main__ - DEBUG - 🎯 Eval HMM masking: step 200 masked due to negative reward
2025-09-23 11:35:25,485 - __main__ - WARNING - ⚠️ Episode 9 terminated due to step limit.
2025-09-23 11:35:26,703 - __main__ - DEBUG - 🎯 Eval HMM masking: step 100 masked due to negative reward
2025-09-23 11:35:30,275 - __main__ - WARNING - ⚠️ Episode 11 terminated due to step limit.
2025-09-23 11:35:33,584 - __main__ - WARNING - ⚠️ Episode 12 terminated due to step limit.
2025-09-23 11:35:40,436 - __main__ - WARNING - ⚠️ Episode 15 terminated due to step limit.
2025-09-23 11:35:41,127 - __main__ - DEBUG - 🎯 Eval HMM masking: step 50 masked due to negative reward
2025-09-23 11:35:45,538 - __main__ - DEBUG - 🎯 Eval HMM masking: step 250 masked due to negative reward
2025-09-23 11:35:46,052 - __main__ - WARNING - ⚠️ Episode 17 terminated due to step limit.
2025-09-23 11:35:50,283 - __main__ - DEBUG - 🎯 Eval HMM masking: step 200 masked due to negative reward
2025-09-23 11:35:51,309 - __main__ - WARNING - ⚠️ Episode 20 terminated due to step limit.
2025-09-23 11:35:54,584 - __main__ - WARNING - ⚠️ Episode 21 terminated due to step limit.
2025-09-23 11:35:56,302 - __main__ - DEBUG - 🎯 Eval HMM masking: step 150 masked due to negative reward
2025-09-23 11:35:57,342 - __main__ - DEBUG - 🎯 Eval HMM masking: step 250 masked due to negative reward
2025-09-23 11:35:58,705 - __main__ - DEBUG - 🎯 Eval HMM masking: step 100 masked due to negative reward
2025-09-23 11:36:00,812 - __main__ - WARNING - ⚠️ Episode 23 terminated due to step limit.
2025-09-23 11:36:04,298 - __main__ - WARNING - ⚠️ Episode 25 terminated due to step limit.
2025-09-23 11:36:07,595 - __main__ - WARNING - ⚠️ Episode 26 terminated due to step limit.
2025-09-23 11:36:10,892 - __main__ - WARNING - ⚠️ Episode 27 terminated due to step limit.
2025-09-23 11:36:11,598 - __main__ - DEBUG - 🎯 Eval HMM masking: step 50 masked due to negative reward
2025-09-23 11:36:14,187 - __main__ - WARNING - ⚠️ Episode 28 terminated due to step limit.
2025-09-23 11:36:18,677 - __main__ - WARNING - ⚠️ Episode 30 terminated due to step limit.
2025-09-23 11:36:19,373 - __main__ - DEBUG - 🎯 Eval HMM masking: step 50 masked due to negative reward
2025-09-23 11:36:22,592 - __main__ - DEBUG - 🎯 Eval HMM masking: step 50 masked due to negative reward
2025-09-23 11:36:27,365 - __main__ - WARNING - ⚠️ Episode 34 terminated due to step limit.
2025-09-23 11:36:29,102 - __main__ - DEBUG - 🎯 Eval HMM masking: step 150 masked due to negative reward
2025-09-23 11:36:30,672 - __main__ - WARNING - ⚠️ Episode 35 terminated due to step limit.
2025-09-23 11:36:31,890 - __main__ - DEBUG - 🎯 Eval HMM masking: step 100 masked due to negative reward
2025-09-23 11:36:33,965 - __main__ - WARNING - ⚠️ Episode 36 terminated due to step limit.
2025-09-23 11:36:35,697 - __main__ - DEBUG - 🎯 Eval HMM masking: step 150 masked due to negative reward
2025-09-23 11:36:37,238 - __main__ - WARNING - ⚠️ Episode 37 terminated due to step limit.
2025-09-23 11:36:43,392 - __main__ - WARNING - ⚠️ Episode 41 terminated due to step limit.
2025-09-23 11:36:46,753 - __main__ - WARNING - ⚠️ Episode 42 terminated due to step limit.
2025-09-23 11:36:48,754 - __main__ - DEBUG - 🎯 Eval HMM masking: step 150 masked due to negative reward
2025-09-23 11:36:50,387 - __main__ - WARNING - ⚠️ Episode 44 terminated due to step limit.
2025-09-23 11:36:52,504 - __main__ - DEBUG - 🎯 Eval HMM masking: step 50 masked due to negative reward
2025-09-23 11:36:55,126 - __main__ - WARNING - ⚠️ Episode 46 terminated due to step limit.
2025-09-23 11:36:57,041 - __main__ - DEBUG - 🎯 Eval HMM masking: step 150 masked due to negative reward
2025-09-23 11:36:58,707 - __main__ - WARNING - ⚠️ Episode 48 terminated due to step limit.
2025-09-23 11:36:59,671 - __main__ - INFO - 📊 Evaluation Results (Current Round):
2025-09-23 11:36:59,671 - __main__ - INFO -    Episodes: 50
2025-09-23 11:36:59,671 - __main__ - INFO -    Time: 117.8s (2.4s/ep)
2025-09-23 11:36:59,671 - __main__ - INFO -    Average Return: 0.178 ± 0.637
2025-09-23 11:36:59,671 - __main__ - INFO -    Success Rate: 44.0%
2025-09-23 11:36:59,671 - __main__ - INFO -    Average Length: 213.6
2025-09-23 11:36:59,671 - __main__ - INFO -    Average Coverage: 73.7 positions
2025-09-23 11:36:59,671 - __main__ - INFO -    Episode Completions: 22 terminated (44.0%), 28 truncated (56.0%)
2025-09-23 11:36:59,672 - __main__ - INFO - 📈 Total Evaluation Statistics:
2025-09-23 11:36:59,672 - __main__ - INFO -    Total Episodes: 250
2025-09-23 11:36:59,672 - __main__ - INFO -    Total Average Return: 0.093 ± 0.658
2025-09-23 11:36:59,672 - __main__ - INFO -    Total Average Length: 225.1 ± 104.9
2025-09-23 11:36:59,672 - __main__ - INFO -    Total Completions: 102 terminated (40.8%), 148 truncated (59.2%)
2025-09-23 11:36:59,672 - __main__ - INFO -    Skill Entropy: 0.001
2025-09-23 11:36:59,672 - __main__ - INFO -    Used Skills: 1.0
2025-09-23 11:36:59,672 - __main__ - INFO -    Effective K: 1.00
2025-09-23 11:36:59,672 - __main__ - INFO - 🎯 Action Usage Statistics:
2025-09-23 11:36:59,672 - __main__ - INFO -    Unique actions in evaluation: 8
2025-09-23 11:36:59,672 - __main__ - INFO -    Unique actions in training: 8
2025-09-23 11:36:59,673 - __main__ - INFO -    Total unique actions: 8
2025-09-23 11:36:59,673 - __main__ - INFO -    Action coverage: 6.6%
2025-09-23 11:36:59,673 - __main__ - INFO -    Train action count: 50176
2025-09-23 11:36:59,673 - __main__ - INFO -    Eval action count: 56282
2025-09-23 11:36:59,673 - __main__ - INFO -    Train action entropy: 2.014
2025-09-23 11:36:59,673 - __main__ - INFO -    Eval action entropy: 2.001
2025-09-23 11:36:59,674 - __main__ - INFO -    Top 3 train actions: #2(8906), #4(8029), #7(7664)
2025-09-23 11:36:59,674 - __main__ - INFO -    Top 3 eval actions: #2(9958), #4(9646), #7(8958)
2025-09-23 11:37:01,992 - __main__ - INFO - 📊 Episodes completed this rollout: 3
2025-09-23 11:37:01,992 - __main__ - INFO - 📈 Episode stats: avg return = 0.07, avg length = 212.0
2025-09-23 11:37:01,993 - __main__ - INFO - 🎯 Top 3 training actions: #2(9077), #4(8141), #7(7818)
2025-09-23 11:37:05,881 - __main__ - INFO - 📊 Episodes completed this rollout: 7
2025-09-23 11:37:05,882 - __main__ - INFO - 📈 Episode stats: avg return = 0.03, avg length = 263.7
2025-09-23 11:37:05,882 - __main__ - INFO - 🎯 Top 3 training actions: #2(9247), #4(8243), #3(8017)
2025-09-23 11:37:07,466 - __main__ - INFO - 🔄 Synchronized model update at step 52,224
2025-09-23 11:37:07,466 - __main__ - INFO -    HMM interval: 12,000, VAE interval: 12,000
2025-09-23 11:37:07,467 - __main__ - INFO - 🚫 Model training masking: 1116/12288 timesteps masked (9.1%) due to negative rewards (invalid actions)
2025-09-23 11:37:07,837 - __main__ - INFO - 🔄 Capping HMM batch size from 799 to 128 to prevent OOM
2025-09-23 11:37:07,837 - __main__ - INFO - 🔄 HMM refresh starting at step 52,224 with replay size 128x91
2025-09-23 11:37:13,342 - __main__ - DEBUG - Initial ELBO: -20730.7542
2025-09-23 11:37:13,347 - __main__ - DEBUG - Relative tol: 0.0100
2025-09-23 11:37:13,347 - __main__ - DEBUG - Relative elbo_drop_tol: 0.0100
2025-09-23 11:37:13,347 - __main__ - DEBUG - - Init -501.7079
2025-09-23 11:37:13,347 - __main__ - DEBUG - - Trans -8.3518
2025-09-23 11:37:13,347 - __main__ - DEBUG - - Emit -9785.8495
2025-09-23 11:37:13,347 - __main__ - DEBUG - - Entropy 0.0005
2025-09-23 11:37:13,347 - __main__ - DEBUG - - Dir -24.1142
2025-09-23 11:37:13,347 - __main__ - DEBUG - - NIW -10394.8887
2025-09-23 11:37:13,348 - __main__ - DEBUG - - Beta prior -15.8426
2025-09-23 11:37:18,971 - __main__ - DEBUG - Iter 0: ELBO after FB: -20730.7542 (LL -10295.9087, Δ=0.0000)
2025-09-23 11:37:18,972 - __main__ - DEBUG - Blending stats with ρ_niw=0.0500, ρ_tr=0.0500.
2025-09-23 11:37:19,020 - __main__ - DEBUG - Iter 0: ELBO after NIW update: -16147.5239 (Emit LL -4835.3516, NIW term -10762.1562, Δ=4583.2303)
2025-09-23 11:37:19,069 - __main__ - DEBUG - Iter 0: ELBO after Dirichlet update: -16147.3811 (Trans LL -8.0650, Dir term -24.2583, Δ=0.1428)
2025-09-23 11:37:19,137 - __main__ - DEBUG - Iter 0: ELBO after β update: -16147.9936 (Init LL -502.2946, Dir term -24.2735, logp(β) -15.8531, Δ=-0.6125)
2025-09-23 11:37:24,578 - __main__ - DEBUG - Iter 1: ELBO after FB: -16147.9936 (LL -5345.7107, Δ=0.0000)
2025-09-23 11:37:24,579 - __main__ - DEBUG - Blending stats with ρ_niw=0.0500, ρ_tr=0.0500.
2025-09-23 11:37:24,628 - __main__ - DEBUG - Iter 1: ELBO after NIW update: -16147.9936 (Emit LL -4835.3516, NIW term -10762.1562, Δ=0.0000)
2025-09-23 11:37:24,680 - __main__ - DEBUG - Iter 1: ELBO after Dirichlet update: -16148.0629 (Trans LL -8.0358, Dir term -24.3720, Δ=-0.0694)
2025-09-23 11:37:24,753 - __main__ - DEBUG - Iter 1: ELBO after β update: -16148.6676 (Init LL -502.8169, Dir term -24.4445, logp(β) -15.8630, Δ=-0.6046)
2025-09-23 11:37:30,506 - __main__ - DEBUG - Iter 2: ELBO after FB: -16148.6676 (LL -5346.2038, Δ=0.0000)
2025-09-23 11:37:30,506 - __main__ - DEBUG - Blending stats with ρ_niw=0.0500, ρ_tr=0.0500.
2025-09-23 11:37:30,555 - __main__ - DEBUG - Iter 2: ELBO after NIW update: -16148.6676 (Emit LL -4835.3516, NIW term -10762.1562, Δ=0.0000)
2025-09-23 11:37:30,604 - __main__ - DEBUG - Iter 2: ELBO after Dirichlet update: -16148.8630 (Trans LL -8.0091, Dir term -24.6666, Δ=-0.1954)
2025-09-23 11:37:30,674 - __main__ - DEBUG - Iter 2: ELBO after β update: -16149.3686 (Init LL -503.2289, Dir term -24.7584, logp(β) -15.8648, Δ=-0.5056)
2025-09-23 11:37:36,297 - __main__ - DEBUG - Iter 3: ELBO after FB: -16149.3686 (LL -5346.5891, Δ=0.0000)
2025-09-23 11:37:36,298 - __main__ - DEBUG - Blending stats with ρ_niw=0.0500, ρ_tr=0.0500.
2025-09-23 11:37:36,346 - __main__ - DEBUG - Iter 3: ELBO after NIW update: -16149.3686 (Emit LL -4835.3516, NIW term -10762.1562, Δ=0.0000)
2025-09-23 11:37:36,395 - __main__ - DEBUG - Iter 3: ELBO after Dirichlet update: -16149.6822 (Trans LL -7.9889, Dir term -25.0923, Δ=-0.3137)
2025-09-23 11:37:36,462 - __main__ - DEBUG - Iter 3: ELBO after β update: -16149.8267 (Init LL -503.3136, Dir term -25.1577, logp(β) -15.8593, Δ=-0.1445)
2025-09-23 11:37:41,901 - __main__ - DEBUG - Iter 4: ELBO after FB: -16149.8267 (LL -5346.6536, Δ=0.0000)
2025-09-23 11:37:41,902 - __main__ - DEBUG - Blending stats with ρ_niw=0.0500, ρ_tr=0.0500.
2025-09-23 11:37:41,951 - __main__ - DEBUG - Iter 4: ELBO after NIW update: -16149.8267 (Emit LL -4835.3516, NIW term -10762.1562, Δ=0.0000)
2025-09-23 11:37:41,999 - __main__ - DEBUG - Iter 4: ELBO after Dirichlet update: -16150.1194 (Trans LL -7.9848, Dir term -25.4543, Δ=-0.2926)
2025-09-23 11:37:42,066 - __main__ - DEBUG - Iter 4: ELBO after β update: -16150.2914 (Init LL -503.3952, Dir term -25.5504, logp(β) -15.8536, Δ=-0.1720)
2025-09-23 11:37:42,067 - __main__ - INFO -    HMM refresh complete: ELBO=-24.7129, iters=0, max iters, states=40
2025-09-23 11:37:42,068 - __main__ - INFO -    ✅ HMM updated (next in 12,000 steps)
2025-09-23 11:37:42,068 - __main__ - INFO - 🔄 VAE refresh starting at step 52,224 with replay size 8x1536
2025-09-23 11:37:42,068 - __main__ - INFO -    Using span sampling (12288 timesteps, too large for full buffer)
2025-09-23 11:38:07,767 - __main__ - INFO -    VAE refresh complete: final_loss=2824.3081, avg_loss=2826.2365, steps=4/4, trend=improving, total_timesteps=12288, span_sampling=32_requested×4_steps, span_len=64
2025-09-23 11:38:07,769 - __main__ - INFO -    ✅ VAE updated (next in 12,000 steps)
2025-09-23 11:38:10,028 - __main__ - INFO - 📊 Episodes completed this rollout: 1
2025-09-23 11:38:10,029 - __main__ - INFO - 📈 Episode stats: avg return = 0.86, avg length = 125.0
2025-09-23 11:38:10,029 - __main__ - INFO - 🎯 Top 3 training actions: #2(9397), #4(8340), #3(8229)
2025-09-23 11:38:13,941 - __main__ - INFO - 📊 Episodes completed this rollout: 6
2025-09-23 11:38:13,942 - __main__ - INFO - 📈 Episode stats: avg return = 0.04, avg length = 273.7
2025-09-23 11:38:13,942 - __main__ - INFO - 🎯 Top 3 training actions: #2(9573), #4(8426), #3(8400)
2025-09-23 11:38:17,941 - __main__ - INFO - 📊 Episodes completed this rollout: 5
2025-09-23 11:38:17,941 - __main__ - INFO - 📈 Episode stats: avg return = 0.67, avg length = 139.6
2025-09-23 11:38:17,942 - __main__ - INFO - 🎯 Top 3 training actions: #2(9770), #3(8568), #4(8522)
2025-09-23 11:38:21,861 - __main__ - INFO - 📊 Episodes completed this rollout: 4
2025-09-23 11:38:21,861 - __main__ - INFO - 📈 Episode stats: avg return = -0.38, avg length = 300.0
2025-09-23 11:38:21,861 - __main__ - INFO - 🎯 Top 3 training actions: #2(9902), #3(8770), #4(8588)
2025-09-23 11:38:25,724 - __main__ - INFO - 📊 Episodes completed this rollout: 7
2025-09-23 11:38:25,724 - __main__ - INFO - 📈 Episode stats: avg return = 0.47, avg length = 169.4
2025-09-23 11:38:25,725 - __main__ - INFO - 🎯 Top 3 training actions: #2(10087), #3(8973), #4(8661)
2025-09-23 11:38:29,632 - __main__ - INFO - 📊 Episodes completed this rollout: 3
2025-09-23 11:38:29,633 - __main__ - INFO - 📈 Episode stats: avg return = 0.15, avg length = 253.0
2025-09-23 11:38:29,633 - __main__ - INFO - 🎯 Top 3 training actions: #2(10314), #3(9134), #4(8771)
2025-09-23 11:38:33,498 - __main__ - INFO - 📊 Episodes completed this rollout: 3
2025-09-23 11:38:33,498 - __main__ - INFO - 📈 Episode stats: avg return = -0.11, avg length = 260.0
2025-09-23 11:38:33,498 - __main__ - INFO - 🎯 Top 3 training actions: #2(10516), #3(9288), #4(8890)
2025-09-23 11:38:37,369 - __main__ - INFO - 📊 Episodes completed this rollout: 4
2025-09-23 11:38:37,369 - __main__ - INFO - 📈 Episode stats: avg return = 0.02, avg length = 260.0
2025-09-23 11:38:37,370 - __main__ - INFO - 🎯 Top 3 training actions: #2(10724), #3(9501), #4(8999)
2025-09-23 11:38:38,989 - __main__ - INFO - 🧪 Starting evaluation with 50 episodes...
2025-09-23 11:38:38,990 - __main__ - INFO -    Eval seed: 51
2025-09-23 11:38:38,990 - __main__ - INFO -    Max episode steps (eval): env default
2025-09-23 11:38:38,990 - nle.env.base - INFO - Not saving any NLE data.
2025-09-23 11:38:41,112 - __main__ - DEBUG - 🎯 Eval HMM masking: step 200 masked due to negative reward
2025-09-23 11:38:41,636 - __main__ - DEBUG - 🎯 Eval HMM masking: step 250 masked due to negative reward
2025-09-23 11:38:42,156 - __main__ - WARNING - ⚠️ Episode 1 terminated due to step limit.
2025-09-23 11:38:45,949 - __main__ - WARNING - ⚠️ Episode 4 terminated due to step limit.
2025-09-23 11:38:46,672 - __main__ - DEBUG - 🎯 Eval HMM masking: step 50 masked due to negative reward
2025-09-23 11:38:47,237 - __main__ - DEBUG - 🎯 Eval HMM masking: step 100 masked due to negative reward
2025-09-23 11:38:48,912 - __main__ - DEBUG - 🎯 Eval HMM masking: step 250 masked due to negative reward
2025-09-23 11:38:49,443 - __main__ - WARNING - ⚠️ Episode 5 terminated due to step limit.
2025-09-23 11:38:55,090 - __main__ - DEBUG - 🎯 Eval HMM masking: step 250 masked due to negative reward
2025-09-23 11:38:55,639 - __main__ - WARNING - ⚠️ Episode 7 terminated due to step limit.
2025-09-23 11:38:59,218 - __main__ - WARNING - ⚠️ Episode 9 terminated due to step limit.
2025-09-23 11:38:59,910 - __main__ - DEBUG - 🎯 Eval HMM masking: step 50 masked due to negative reward
2025-09-23 11:39:02,848 - __main__ - DEBUG - 🎯 Eval HMM masking: step 200 masked due to negative reward
2025-09-23 11:39:03,887 - __main__ - WARNING - ⚠️ Episode 11 terminated due to step limit.
2025-09-23 11:39:07,193 - __main__ - WARNING - ⚠️ Episode 12 terminated due to step limit.
2025-09-23 11:39:10,896 - __main__ - WARNING - ⚠️ Episode 14 terminated due to step limit.
2025-09-23 11:39:14,185 - __main__ - WARNING - ⚠️ Episode 15 terminated due to step limit.
2025-09-23 11:39:17,475 - __main__ - WARNING - ⚠️ Episode 16 terminated due to step limit.
2025-09-23 11:39:21,282 - __main__ - DEBUG - 🎯 Eval HMM masking: step 250 masked due to negative reward
2025-09-23 11:39:21,810 - __main__ - WARNING - ⚠️ Episode 19 terminated due to step limit.
2025-09-23 11:39:25,777 - __main__ - DEBUG - 🎯 Eval HMM masking: step 200 masked due to negative reward
2025-09-23 11:39:26,806 - __main__ - WARNING - ⚠️ Episode 21 terminated due to step limit.
2025-09-23 11:39:30,178 - __main__ - DEBUG - 🎯 Eval HMM masking: step 50 masked due to negative reward
2025-09-23 11:39:31,215 - __main__ - DEBUG - 🎯 Eval HMM masking: step 150 masked due to negative reward
2025-09-23 11:39:32,259 - __main__ - DEBUG - 🎯 Eval HMM masking: step 250 masked due to negative reward
2025-09-23 11:39:32,771 - __main__ - WARNING - ⚠️ Episode 23 terminated due to step limit.
2025-09-23 11:39:33,985 - __main__ - DEBUG - 🎯 Eval HMM masking: step 100 masked due to negative reward
2025-09-23 11:39:36,059 - __main__ - WARNING - ⚠️ Episode 24 terminated due to step limit.
2025-09-23 11:39:38,842 - __main__ - DEBUG - 🎯 Eval HMM masking: step 250 masked due to negative reward
2025-09-23 11:39:39,360 - __main__ - WARNING - ⚠️ Episode 25 terminated due to step limit.
2025-09-23 11:39:42,643 - __main__ - WARNING - ⚠️ Episode 26 terminated due to step limit.
2025-09-23 11:39:45,859 - __main__ - DEBUG - 🎯 Eval HMM masking: step 250 masked due to negative reward
2025-09-23 11:39:49,274 - __main__ - WARNING - ⚠️ Episode 29 terminated due to step limit.
2025-09-23 11:39:52,069 - __main__ - DEBUG - 🎯 Eval HMM masking: step 150 masked due to negative reward
2025-09-23 11:39:53,737 - __main__ - WARNING - ⚠️ Episode 31 terminated due to step limit.
2025-09-23 11:39:57,057 - __main__ - WARNING - ⚠️ Episode 32 terminated due to step limit.
2025-09-23 11:40:01,684 - __main__ - WARNING - ⚠️ Episode 34 terminated due to step limit.
2025-09-23 11:40:05,645 - __main__ - WARNING - ⚠️ Episode 36 terminated due to step limit.
2025-09-23 11:40:07,390 - __main__ - DEBUG - 🎯 Eval HMM masking: step 150 masked due to negative reward
2025-09-23 11:40:07,911 - __main__ - DEBUG - 🎯 Eval HMM masking: step 200 masked due to negative reward
2025-09-23 11:40:08,433 - __main__ - DEBUG - 🎯 Eval HMM masking: step 250 masked due to negative reward
2025-09-23 11:40:08,945 - __main__ - WARNING - ⚠️ Episode 37 terminated due to step limit.
2025-09-23 11:40:12,488 - __main__ - WARNING - ⚠️ Episode 39 terminated due to step limit.
2025-09-23 11:40:15,796 - __main__ - WARNING - ⚠️ Episode 40 terminated due to step limit.
2025-09-23 11:40:17,026 - __main__ - DEBUG - 🎯 Eval HMM masking: step 100 masked due to negative reward
2025-09-23 11:40:18,594 - __main__ - DEBUG - 🎯 Eval HMM masking: step 250 masked due to negative reward
2025-09-23 11:40:19,111 - __main__ - WARNING - ⚠️ Episode 41 terminated due to step limit.
2025-09-23 11:40:22,431 - __main__ - WARNING - ⚠️ Episode 42 terminated due to step limit.
2025-09-23 11:40:25,724 - __main__ - WARNING - ⚠️ Episode 43 terminated due to step limit.
2025-09-23 11:40:26,412 - __main__ - DEBUG - 🎯 Eval HMM masking: step 50 masked due to negative reward
2025-09-23 11:40:26,940 - __main__ - DEBUG - 🎯 Eval HMM masking: step 100 masked due to negative reward
2025-09-23 11:40:29,045 - __main__ - WARNING - ⚠️ Episode 44 terminated due to step limit.
2025-09-23 11:40:31,822 - __main__ - DEBUG - 🎯 Eval HMM masking: step 250 masked due to negative reward
2025-09-23 11:40:32,337 - __main__ - WARNING - ⚠️ Episode 45 terminated due to step limit.
2025-09-23 11:40:33,028 - __main__ - DEBUG - 🎯 Eval HMM masking: step 50 masked due to negative reward
2025-09-23 11:40:34,075 - __main__ - DEBUG - 🎯 Eval HMM masking: step 150 masked due to negative reward
2025-09-23 11:40:35,630 - __main__ - WARNING - ⚠️ Episode 46 terminated due to step limit.
2025-09-23 11:40:36,320 - __main__ - DEBUG - 🎯 Eval HMM masking: step 50 masked due to negative reward
2025-09-23 11:40:38,925 - __main__ - WARNING - ⚠️ Episode 47 terminated due to step limit.
2025-09-23 11:40:40,661 - __main__ - DEBUG - 🎯 Eval HMM masking: step 150 masked due to negative reward
2025-09-23 11:40:42,218 - __main__ - WARNING - ⚠️ Episode 48 terminated due to step limit.
2025-09-23 11:40:45,504 - __main__ - WARNING - ⚠️ Episode 49 terminated due to step limit.
2025-09-23 11:40:48,271 - __main__ - DEBUG - 🎯 Eval HMM masking: step 250 masked due to negative reward
2025-09-23 11:40:48,787 - __main__ - WARNING - ⚠️ Episode 50 terminated due to step limit.
2025-09-23 11:40:48,944 - __main__ - INFO - 📊 Evaluation Results (Current Round):
2025-09-23 11:40:48,944 - __main__ - INFO -    Episodes: 50
2025-09-23 11:40:48,944 - __main__ - INFO -    Time: 130.0s (2.6s/ep)
2025-09-23 11:40:48,944 - __main__ - INFO -    Average Return: 0.006 ± 0.655
2025-09-23 11:40:48,944 - __main__ - INFO -    Success Rate: 32.0%
2025-09-23 11:40:48,944 - __main__ - INFO -    Average Length: 234.9
2025-09-23 11:40:48,944 - __main__ - INFO -    Average Coverage: 74.6 positions
2025-09-23 11:40:48,944 - __main__ - INFO -    Episode Completions: 16 terminated (32.0%), 34 truncated (68.0%)
2025-09-23 11:40:48,944 - __main__ - INFO - 📈 Total Evaluation Statistics:
2025-09-23 11:40:48,944 - __main__ - INFO -    Total Episodes: 300
2025-09-23 11:40:48,945 - __main__ - INFO -    Total Average Return: 0.079 ± 0.658
2025-09-23 11:40:48,945 - __main__ - INFO -    Total Average Length: 226.8 ± 105.1
2025-09-23 11:40:48,945 - __main__ - INFO -    Total Completions: 118 terminated (39.3%), 182 truncated (60.7%)
2025-09-23 11:40:48,945 - __main__ - INFO -    Skill Entropy: 0.001
2025-09-23 11:40:48,945 - __main__ - INFO -    Used Skills: 1.0
2025-09-23 11:40:48,945 - __main__ - INFO -    Effective K: 1.00
2025-09-23 11:40:48,945 - __main__ - INFO - 🎯 Action Usage Statistics:
2025-09-23 11:40:48,945 - __main__ - INFO -    Unique actions in evaluation: 8
2025-09-23 11:40:48,945 - __main__ - INFO -    Unique actions in training: 8
2025-09-23 11:40:48,945 - __main__ - INFO -    Total unique actions: 8
2025-09-23 11:40:48,945 - __main__ - INFO -    Action coverage: 6.6%
2025-09-23 11:40:48,946 - __main__ - INFO -    Train action count: 60416
2025-09-23 11:40:48,946 - __main__ - INFO -    Eval action count: 68027
2025-09-23 11:40:48,946 - __main__ - INFO -    Train action entropy: 2.023
2025-09-23 11:40:48,946 - __main__ - INFO -    Eval action entropy: 1.997
2025-09-23 11:40:48,947 - __main__ - INFO -    Top 3 train actions: #2(10724), #3(9501), #4(8999)
2025-09-23 11:40:48,947 - __main__ - INFO -    Top 3 eval actions: #2(12299), #3(11252), #7(11113)
2025-09-23 11:40:51,256 - __main__ - INFO - 📊 Episodes completed this rollout: 6
2025-09-23 11:40:51,256 - __main__ - INFO - 📈 Episode stats: avg return = 0.27, avg length = 219.0
2025-09-23 11:40:51,256 - __main__ - INFO - 🎯 Top 3 training actions: #2(10931), #3(9693), #7(9134)
2025-09-23 11:40:55,160 - __main__ - INFO - 📊 Episodes completed this rollout: 3
2025-09-23 11:40:55,161 - __main__ - INFO - 📈 Episode stats: avg return = 0.35, avg length = 239.3
2025-09-23 11:40:55,161 - __main__ - INFO - 🎯 Top 3 training actions: #2(11127), #3(9874), #7(9285)
2025-09-23 11:40:59,077 - __main__ - INFO - 📊 Episodes completed this rollout: 8
2025-09-23 11:40:59,078 - __main__ - INFO - 📈 Episode stats: avg return = 0.16, avg length = 238.5
2025-09-23 11:40:59,078 - __main__ - INFO - 🎯 Top 3 training actions: #2(11295), #3(10036), #7(9436)
2025-09-23 11:41:02,952 - __main__ - INFO - 📊 Episodes completed this rollout: 4
2025-09-23 11:41:02,952 - __main__ - INFO - 📈 Episode stats: avg return = 0.90, avg length = 135.5
2025-09-23 11:41:02,952 - __main__ - INFO - 🎯 Top 3 training actions: #2(11474), #3(10224), #7(9559)
2025-09-23 11:41:04,559 - __main__ - INFO - 🔄 Synchronized model update at step 64,512
2025-09-23 11:41:04,560 - __main__ - INFO -    HMM interval: 12,000, VAE interval: 12,000
2025-09-23 11:41:04,561 - __main__ - INFO - 🚫 Model training masking: 972/12288 timesteps masked (7.9%) due to negative rewards (invalid actions)
2025-09-23 11:41:04,920 - __main__ - INFO - 🔄 Capping HMM batch size from 607 to 128 to prevent OOM
2025-09-23 11:41:04,921 - __main__ - INFO - 🔄 HMM refresh starting at step 64,512 with replay size 128x120
2025-09-23 11:41:11,944 - __main__ - DEBUG - Initial ELBO: -15286.2342
2025-09-23 11:41:11,949 - __main__ - DEBUG - Relative tol: 0.0100
2025-09-23 11:41:11,949 - __main__ - DEBUG - Relative elbo_drop_tol: 0.0100
2025-09-23 11:41:11,949 - __main__ - DEBUG - - Init -502.2946
2025-09-23 11:41:11,949 - __main__ - DEBUG - - Trans -9.5128
2025-09-23 11:41:11,949 - __main__ - DEBUG - - Emit -3972.1446
2025-09-23 11:41:11,949 - __main__ - DEBUG - - Entropy 0.0007
2025-09-23 11:41:11,949 - __main__ - DEBUG - - Dir -24.2735
2025-09-23 11:41:11,949 - __main__ - DEBUG - - NIW -10762.1562
2025-09-23 11:41:11,949 - __main__ - DEBUG - - Beta prior -15.8531
2025-09-23 11:41:19,385 - __main__ - DEBUG - Iter 0: ELBO after FB: -15286.2342 (LL -4483.9513, Δ=0.0000)
2025-09-23 11:41:19,386 - __main__ - DEBUG - Blending stats with ρ_niw=0.0500, ρ_tr=0.0500.
2025-09-23 11:41:19,437 - __main__ - DEBUG - Iter 0: ELBO after NIW update: -10661.3546 (Emit LL 1141.4577, NIW term -11250.8789, Δ=4624.8796)
2025-09-23 11:41:19,489 - __main__ - DEBUG - Iter 0: ELBO after Dirichlet update: -10661.1447 (Trans LL -9.0857, Dir term -24.4908, Δ=0.2099)
2025-09-23 11:41:19,561 - __main__ - DEBUG - Iter 0: ELBO after β update: -10661.7744 (Init LL -502.8790, Dir term -24.5253, logp(β) -15.8639, Δ=-0.6297)
2025-09-23 11:41:26,879 - __main__ - DEBUG - Iter 1: ELBO after FB: -10661.7744 (LL 629.4937, Δ=0.0000)
2025-09-23 11:41:26,880 - __main__ - DEBUG - Blending stats with ρ_niw=0.0500, ρ_tr=0.0500.
2025-09-23 11:41:26,930 - __main__ - DEBUG - Iter 1: ELBO after NIW update: -10661.7744 (Emit LL 1141.4577, NIW term -11250.8789, Δ=0.0000)
2025-09-23 11:41:26,980 - __main__ - DEBUG - Iter 1: ELBO after Dirichlet update: -10661.8187 (Trans LL -9.0513, Dir term -24.6039, Δ=-0.0442)
2025-09-23 11:41:27,051 - __main__ - DEBUG - Iter 1: ELBO after β update: -10662.3772 (Init LL -503.3728, Dir term -24.6589, logp(β) -15.8737, Δ=-0.5586)
2025-09-23 11:41:34,140 - __main__ - DEBUG - Iter 2: ELBO after FB: -10662.3772 (LL 629.0343, Δ=0.0000)
2025-09-23 11:41:34,141 - __main__ - DEBUG - Blending stats with ρ_niw=0.0500, ρ_tr=0.0500.
2025-09-23 11:41:34,191 - __main__ - DEBUG - Iter 2: ELBO after NIW update: -10662.3772 (Emit LL 1141.4577, NIW term -11250.8789, Δ=0.0000)
2025-09-23 11:41:34,240 - __main__ - DEBUG - Iter 2: ELBO after Dirichlet update: -10662.5863 (Trans LL -9.0236, Dir term -24.8957, Δ=-0.2091)
2025-09-23 11:41:34,311 - __main__ - DEBUG - Iter 2: ELBO after β update: -10663.0913 (Init LL -503.7816, Dir term -24.9903, logp(β) -15.8754, Δ=-0.5050)
2025-09-23 11:41:41,342 - __main__ - DEBUG - Iter 3: ELBO after FB: -10663.0913 (LL 628.6533, Δ=0.0000)
2025-09-23 11:41:41,343 - __main__ - DEBUG - Blending stats with ρ_niw=0.0500, ρ_tr=0.0500.
2025-09-23 11:41:41,392 - __main__ - DEBUG - Iter 3: ELBO after NIW update: -10663.0913 (Emit LL 1141.4577, NIW term -11250.8789, Δ=0.0000)
2025-09-23 11:41:41,442 - __main__ - DEBUG - Iter 3: ELBO after Dirichlet update: -10663.3801 (Trans LL -9.0006, Dir term -25.3020, Δ=-0.2887)
2025-09-23 11:41:41,504 - __main__ - DEBUG - Iter 3: ELBO after β update: -10663.4480 (Init LL -503.8080, Dir term -25.3480, logp(β) -15.8709, Δ=-0.0679)
2025-09-23 11:41:48,555 - __main__ - DEBUG - Iter 4: ELBO after FB: -10663.4480 (LL 628.6498, Δ=0.0000)
2025-09-23 11:41:48,556 - __main__ - DEBUG - Blending stats with ρ_niw=0.0500, ρ_tr=0.0500.
2025-09-23 11:41:48,605 - __main__ - DEBUG - Iter 4: ELBO after NIW update: -10663.4480 (Emit LL 1141.4577, NIW term -11250.8789, Δ=0.0000)
2025-09-23 11:41:48,655 - __main__ - DEBUG - Iter 4: ELBO after Dirichlet update: -10663.6664 (Trans LL -8.9997, Dir term -25.5673, Δ=-0.2183)
2025-09-23 11:41:48,718 - __main__ - DEBUG - Iter 4: ELBO after β update: -10663.8010 (Init LL -503.8857, Dir term -25.6287, logp(β) -15.8664, Δ=-0.1347)
2025-09-23 11:41:48,720 - __main__ - INFO -    HMM refresh complete: ELBO=-3.7357, iters=0, max iters, states=40
2025-09-23 11:41:48,720 - __main__ - INFO -    ✅ HMM updated (next in 12,000 steps)
2025-09-23 11:41:48,720 - __main__ - INFO - 🔄 VAE refresh starting at step 64,512 with replay size 8x1536
2025-09-23 11:41:48,721 - __main__ - INFO -    Using span sampling (12288 timesteps, too large for full buffer)
2025-09-23 11:42:15,392 - __main__ - INFO -    VAE refresh complete: final_loss=2801.3887, avg_loss=2806.7587, steps=4/4, trend=improving, total_timesteps=12288, span_sampling=32_requested×4_steps, span_len=64
2025-09-23 11:42:15,394 - __main__ - INFO -    ✅ VAE updated (next in 12,000 steps)
2025-09-23 11:42:17,652 - __main__ - INFO - 📊 Episodes completed this rollout: 2
2025-09-23 11:42:17,653 - __main__ - INFO - 📈 Episode stats: avg return = 0.26, avg length = 254.0
2025-09-23 11:42:17,653 - __main__ - INFO - 🎯 Top 3 training actions: #2(11665), #3(10392), #7(9679)
2025-09-23 11:42:21,566 - __main__ - INFO - 📊 Episodes completed this rollout: 7
2025-09-23 11:42:21,566 - __main__ - INFO - 📈 Episode stats: avg return = 0.04, avg length = 217.6
2025-09-23 11:42:21,566 - __main__ - INFO - 🎯 Top 3 training actions: #2(11843), #3(10593), #7(9810)
2025-09-23 11:42:25,452 - __main__ - INFO - 📊 Episodes completed this rollout: 4
2025-09-23 11:42:25,452 - __main__ - INFO - 📈 Episode stats: avg return = 0.58, avg length = 168.5
2025-09-23 11:42:25,453 - __main__ - INFO - 🎯 Top 3 training actions: #2(12000), #3(10809), #7(9956)
2025-09-23 11:42:29,406 - __main__ - INFO - 📊 Episodes completed this rollout: 4
2025-09-23 11:42:29,406 - __main__ - INFO - 📈 Episode stats: avg return = -0.11, avg length = 297.8
2025-09-23 11:42:29,406 - __main__ - INFO - 🎯 Top 3 training actions: #2(12191), #3(11021), #7(10098)
2025-09-23 11:42:33,322 - __main__ - INFO - 📊 Episodes completed this rollout: 6
2025-09-23 11:42:33,322 - __main__ - INFO - 📈 Episode stats: avg return = 0.11, avg length = 221.5
2025-09-23 11:42:33,322 - __main__ - INFO - 🎯 Top 3 training actions: #2(12414), #3(11190), #7(10227)
2025-09-23 11:42:37,156 - __main__ - INFO - 📊 Episodes completed this rollout: 2
2025-09-23 11:42:37,156 - __main__ - INFO - 📈 Episode stats: avg return = -0.30, avg length = 300.0
2025-09-23 11:42:37,156 - __main__ - INFO - 🎯 Top 3 training actions: #2(12629), #3(11356), #7(10364)
2025-09-23 11:42:38,746 - __main__ - INFO - 🧪 Starting evaluation with 50 episodes...
2025-09-23 11:42:38,746 - __main__ - INFO -    Eval seed: 51
2025-09-23 11:42:38,746 - __main__ - INFO -    Max episode steps (eval): env default
2025-09-23 11:42:38,747 - nle.env.base - INFO - Not saving any NLE data.
2025-09-23 11:42:40,338 - __main__ - DEBUG - 🎯 Eval HMM masking: step 150 masked due to negative reward
2025-09-23 11:42:41,900 - __main__ - WARNING - ⚠️ Episode 1 terminated due to step limit.
2025-09-23 11:42:45,785 - __main__ - WARNING - ⚠️ Episode 3 terminated due to step limit.
2025-09-23 11:42:48,040 - __main__ - DEBUG - 🎯 Eval HMM masking: step 200 masked due to negative reward
2025-09-23 11:42:53,425 - __main__ - DEBUG - 🎯 Eval HMM masking: step 200 masked due to negative reward
2025-09-23 11:42:54,463 - __main__ - WARNING - ⚠️ Episode 6 terminated due to step limit.
2025-09-23 11:43:00,379 - __main__ - WARNING - ⚠️ Episode 9 terminated due to step limit.
2025-09-23 11:43:02,647 - __main__ - DEBUG - 🎯 Eval HMM masking: step 200 masked due to negative reward
2025-09-23 11:43:03,690 - __main__ - WARNING - ⚠️ Episode 10 terminated due to step limit.
2025-09-23 11:43:04,909 - __main__ - DEBUG - 🎯 Eval HMM masking: step 100 masked due to negative reward
2025-09-23 11:43:06,238 - __main__ - DEBUG - 🎯 Eval HMM masking: step 100 masked due to negative reward
2025-09-23 11:43:08,331 - __main__ - WARNING - ⚠️ Episode 12 terminated due to step limit.
2025-09-23 11:43:13,983 - __main__ - WARNING - ⚠️ Episode 14 terminated due to step limit.
2025-09-23 11:43:15,215 - __main__ - DEBUG - 🎯 Eval HMM masking: step 100 masked due to negative reward
2025-09-23 11:43:18,927 - __main__ - WARNING - ⚠️ Episode 17 terminated due to step limit.
2025-09-23 11:43:22,528 - __main__ - DEBUG - 🎯 Eval HMM masking: step 50 masked due to negative reward
2025-09-23 11:43:26,128 - __main__ - WARNING - ⚠️ Episode 20 terminated due to step limit.
2025-09-23 11:43:29,440 - __main__ - DEBUG - 🎯 Eval HMM masking: step 150 masked due to negative reward
2025-09-23 11:43:31,036 - __main__ - WARNING - ⚠️ Episode 22 terminated due to step limit.
2025-09-23 11:43:32,899 - __main__ - DEBUG - 🎯 Eval HMM masking: step 150 masked due to negative reward
2025-09-23 11:43:34,014 - __main__ - DEBUG - 🎯 Eval HMM masking: step 250 masked due to negative reward
2025-09-23 11:43:37,825 - __main__ - WARNING - ⚠️ Episode 24 terminated due to step limit.
2025-09-23 11:43:41,142 - __main__ - WARNING - ⚠️ Episode 25 terminated due to step limit.
2025-09-23 11:43:43,544 - __main__ - DEBUG - 🎯 Eval HMM masking: step 100 masked due to negative reward
2025-09-23 11:43:44,086 - __main__ - DEBUG - 🎯 Eval HMM masking: step 150 masked due to negative reward
2025-09-23 11:43:45,651 - __main__ - WARNING - ⚠️ Episode 27 terminated due to step limit.
2025-09-23 11:43:48,941 - __main__ - WARNING - ⚠️ Episode 28 terminated due to step limit.
2025-09-23 11:43:51,200 - __main__ - DEBUG - 🎯 Eval HMM masking: step 200 masked due to negative reward
2025-09-23 11:43:52,731 - __main__ - DEBUG - 🎯 Eval HMM masking: step 100 masked due to negative reward
2025-09-23 11:43:53,781 - __main__ - DEBUG - 🎯 Eval HMM masking: step 200 masked due to negative reward
2025-09-23 11:43:54,823 - __main__ - WARNING - ⚠️ Episode 30 terminated due to step limit.
2025-09-23 11:43:56,584 - __main__ - DEBUG - 🎯 Eval HMM masking: step 150 masked due to negative reward
2025-09-23 11:43:58,165 - __main__ - WARNING - ⚠️ Episode 31 terminated due to step limit.
2025-09-23 11:43:59,400 - __main__ - DEBUG - 🎯 Eval HMM masking: step 100 masked due to negative reward
2025-09-23 11:44:01,480 - __main__ - WARNING - ⚠️ Episode 32 terminated due to step limit.
2025-09-23 11:44:03,245 - __main__ - DEBUG - 🎯 Eval HMM masking: step 150 masked due to negative reward
2025-09-23 11:44:04,799 - __main__ - WARNING - ⚠️ Episode 33 terminated due to step limit.
2025-09-23 11:44:08,095 - __main__ - WARNING - ⚠️ Episode 34 terminated due to step limit.
2025-09-23 11:44:10,512 - __main__ - DEBUG - 🎯 Eval HMM masking: step 50 masked due to negative reward
2025-09-23 11:44:13,114 - __main__ - WARNING - ⚠️ Episode 37 terminated due to step limit.
2025-09-23 11:44:14,337 - __main__ - DEBUG - 🎯 Eval HMM masking: step 100 masked due to negative reward
2025-09-23 11:44:16,445 - __main__ - WARNING - ⚠️ Episode 38 terminated due to step limit.
2025-09-23 11:44:20,769 - __main__ - WARNING - ⚠️ Episode 40 terminated due to step limit.
2025-09-23 11:44:22,504 - __main__ - DEBUG - 🎯 Eval HMM masking: step 150 masked due to negative reward
2025-09-23 11:44:26,704 - __main__ - WARNING - ⚠️ Episode 42 terminated due to step limit.
2025-09-23 11:44:29,468 - __main__ - DEBUG - 🎯 Eval HMM masking: step 250 masked due to negative reward
2025-09-23 11:44:29,980 - __main__ - WARNING - ⚠️ Episode 43 terminated due to step limit.
2025-09-23 11:44:32,000 - __main__ - DEBUG - 🎯 Eval HMM masking: step 100 masked due to negative reward
2025-09-23 11:44:34,121 - __main__ - WARNING - ⚠️ Episode 45 terminated due to step limit.
2025-09-23 11:44:38,602 - __main__ - WARNING - ⚠️ Episode 47 terminated due to step limit.
2025-09-23 11:44:41,923 - __main__ - WARNING - ⚠️ Episode 48 terminated due to step limit.
2025-09-23 11:44:45,202 - __main__ - WARNING - ⚠️ Episode 49 terminated due to step limit.
2025-09-23 11:44:45,889 - __main__ - DEBUG - 🎯 Eval HMM masking: step 50 masked due to negative reward
2025-09-23 11:44:46,326 - __main__ - INFO - 📊 Evaluation Results (Current Round):
2025-09-23 11:44:46,326 - __main__ - INFO -    Episodes: 50
2025-09-23 11:44:46,326 - __main__ - INFO -    Time: 127.6s (2.6s/ep)
2025-09-23 11:44:46,326 - __main__ - INFO -    Average Return: 0.169 ± 0.624
2025-09-23 11:44:46,326 - __main__ - INFO -    Success Rate: 44.0%
2025-09-23 11:44:46,326 - __main__ - INFO -    Average Length: 230.4
2025-09-23 11:44:46,327 - __main__ - INFO -    Average Coverage: 78.9 positions
2025-09-23 11:44:46,327 - __main__ - INFO -    Episode Completions: 22 terminated (44.0%), 28 truncated (56.0%)
2025-09-23 11:44:46,327 - __main__ - INFO - 📈 Total Evaluation Statistics:
2025-09-23 11:44:46,327 - __main__ - INFO -    Total Episodes: 350
2025-09-23 11:44:46,327 - __main__ - INFO -    Total Average Return: 0.092 ± 0.654
2025-09-23 11:44:46,327 - __main__ - INFO -    Total Average Length: 227.3 ± 104.0
2025-09-23 11:44:46,327 - __main__ - INFO -    Total Completions: 140 terminated (40.0%), 210 truncated (60.0%)
2025-09-23 11:44:46,327 - __main__ - INFO -    Skill Entropy: 0.001
2025-09-23 11:44:46,327 - __main__ - INFO -    Used Skills: 1.0
2025-09-23 11:44:46,327 - __main__ - INFO -    Effective K: 1.00
2025-09-23 11:44:46,327 - __main__ - INFO - 🎯 Action Usage Statistics:
2025-09-23 11:44:46,328 - __main__ - INFO -    Unique actions in evaluation: 8
2025-09-23 11:44:46,328 - __main__ - INFO -    Unique actions in training: 8
2025-09-23 11:44:46,328 - __main__ - INFO -    Total unique actions: 8
2025-09-23 11:44:46,328 - __main__ - INFO -    Action coverage: 6.6%
2025-09-23 11:44:46,328 - __main__ - INFO -    Train action count: 70656
2025-09-23 11:44:46,328 - __main__ - INFO -    Eval action count: 79549
2025-09-23 11:44:46,329 - __main__ - INFO -    Train action entropy: 2.023
2025-09-23 11:44:46,329 - __main__ - INFO -    Eval action entropy: 2.006
2025-09-23 11:44:46,329 - __main__ - INFO -    Top 3 train actions: #2(12629), #3(11356), #7(10364)
2025-09-23 11:44:46,329 - __main__ - INFO -    Top 3 eval actions: #2(14346), #3(12920), #7(12744)
2025-09-23 11:44:48,627 - __main__ - INFO - 📊 Episodes completed this rollout: 5
2025-09-23 11:44:48,627 - __main__ - INFO - 📈 Episode stats: avg return = 0.14, avg length = 285.6
2025-09-23 11:44:48,628 - __main__ - INFO - 🎯 Top 3 training actions: #2(12808), #3(11490), #7(10504)
2025-09-23 11:44:52,470 - __main__ - INFO - 📊 Episodes completed this rollout: 3
2025-09-23 11:44:52,471 - __main__ - INFO - 📈 Episode stats: avg return = 0.78, avg length = 213.7
2025-09-23 11:44:52,471 - __main__ - INFO - 🎯 Top 3 training actions: #2(12970), #3(11647), #7(10638)
2025-09-23 11:44:56,316 - __main__ - INFO - 📊 Episodes completed this rollout: 8
2025-09-23 11:44:56,316 - __main__ - INFO - 📈 Episode stats: avg return = 0.55, avg length = 195.2
2025-09-23 11:44:56,316 - __main__ - INFO - 🎯 Top 3 training actions: #2(13116), #3(11820), #7(10777)
2025-09-23 11:45:00,167 - __main__ - INFO - 📊 Episodes completed this rollout: 6
2025-09-23 11:45:00,168 - __main__ - INFO - 📈 Episode stats: avg return = 0.70, avg length = 121.7
2025-09-23 11:45:00,168 - __main__ - INFO - 🎯 Top 3 training actions: #2(13284), #3(11993), #7(10914)
2025-09-23 11:45:04,056 - __main__ - INFO - 📊 Episodes completed this rollout: 6
2025-09-23 11:45:04,056 - __main__ - INFO - 📈 Episode stats: avg return = 0.19, avg length = 208.5
2025-09-23 11:45:04,057 - __main__ - INFO - 🎯 Top 3 training actions: #2(13462), #3(12128), #7(11057)
2025-09-23 11:45:07,965 - __main__ - INFO - 📊 Episodes completed this rollout: 5
2025-09-23 11:45:07,965 - __main__ - INFO - 📈 Episode stats: avg return = 0.41, avg length = 184.0
2025-09-23 11:45:07,965 - __main__ - INFO - 🎯 Top 3 training actions: #2(13654), #3(12303), #7(11182)
2025-09-23 11:45:09,604 - __main__ - INFO - 🔄 Synchronized model update at step 76,800
2025-09-23 11:45:09,604 - __main__ - INFO -    HMM interval: 12,000, VAE interval: 12,000
2025-09-23 11:45:09,605 - __main__ - INFO - 🚫 Model training masking: 1080/12288 timesteps masked (8.8%) due to negative rewards (invalid actions)
2025-09-23 11:45:09,973 - __main__ - INFO - 🔄 Capping HMM batch size from 739 to 128 to prevent OOM
2025-09-23 11:45:09,974 - __main__ - INFO - 🔄 HMM refresh starting at step 76,800 with replay size 128x75
2025-09-23 11:45:14,178 - __main__ - DEBUG - Initial ELBO: -10176.5430
2025-09-23 11:45:14,180 - __main__ - DEBUG - Relative tol: 0.0100
2025-09-23 11:45:14,180 - __main__ - DEBUG - Relative elbo_drop_tol: 0.0100
2025-09-23 11:45:14,180 - __main__ - DEBUG - - Init -502.8790
2025-09-23 11:45:14,181 - __main__ - DEBUG - - Trans -7.0319
2025-09-23 11:45:14,181 - __main__ - DEBUG - - Emit 1624.6356
2025-09-23 11:45:14,181 - __main__ - DEBUG - - Entropy 0.0004
2025-09-23 11:45:14,181 - __main__ - DEBUG - - Dir -24.5253
2025-09-23 11:45:14,181 - __main__ - DEBUG - - NIW -11250.8789
2025-09-23 11:45:14,181 - __main__ - DEBUG - - Beta prior -15.8639
2025-09-23 11:45:19,053 - __main__ - DEBUG - Iter 0: ELBO after FB: -10176.5430 (LL 1114.7251, Δ=0.0000)
2025-09-23 11:45:19,054 - __main__ - DEBUG - Blending stats with ρ_niw=0.0500, ρ_tr=0.0500.
2025-09-23 11:45:19,101 - __main__ - DEBUG - Iter 0: ELBO after NIW update: -7528.4366 (Emit LL 4610.1716, NIW term -11588.3086, Δ=2648.1064)
2025-09-23 11:45:19,148 - __main__ - DEBUG - Iter 0: ELBO after Dirichlet update: -7528.3603 (Trans LL -6.8810, Dir term -24.5999, Δ=0.0763)
2025-09-23 11:45:19,215 - __main__ - DEBUG - Iter 0: ELBO after β update: -7528.9727 (Init LL -503.4589, Dir term -24.6214, logp(β) -15.8749, Δ=-0.6124)
2025-09-23 11:45:23,988 - __main__ - DEBUG - Iter 1: ELBO after FB: -7528.9727 (LL 4099.8322, Δ=0.0000)
2025-09-23 11:45:23,989 - __main__ - DEBUG - Blending stats with ρ_niw=0.0500, ρ_tr=0.0500.
2025-09-23 11:45:24,040 - __main__ - DEBUG - Iter 1: ELBO after NIW update: -7528.9727 (Emit LL 4610.1716, NIW term -11588.3086, Δ=0.0000)
2025-09-23 11:45:24,090 - __main__ - DEBUG - Iter 1: ELBO after Dirichlet update: -7529.0383 (Trans LL -6.8566, Dir term -24.7113, Δ=-0.0656)
2025-09-23 11:45:24,162 - __main__ - DEBUG - Iter 1: ELBO after β update: -7529.6023 (Init LL -503.9401, Dir term -24.7846, logp(β) -15.8845, Δ=-0.5640)
2025-09-23 11:45:28,982 - __main__ - DEBUG - Iter 2: ELBO after FB: -7529.6023 (LL 4099.3754, Δ=0.0000)
2025-09-23 11:45:28,982 - __main__ - DEBUG - Blending stats with ρ_niw=0.0500, ρ_tr=0.0500.
2025-09-23 11:45:29,033 - __main__ - DEBUG - Iter 2: ELBO after NIW update: -7529.6023 (Emit LL 4610.1716, NIW term -11588.3086, Δ=0.0000)
2025-09-23 11:45:29,083 - __main__ - DEBUG - Iter 2: ELBO after Dirichlet update: -7529.7981 (Trans LL -6.8366, Dir term -25.0004, Δ=-0.1958)
2025-09-23 11:45:29,155 - __main__ - DEBUG - Iter 2: ELBO after β update: -7530.2829 (Init LL -504.3403, Dir term -25.0834, logp(β) -15.8860, Δ=-0.4848)
2025-09-23 11:45:34,020 - __main__ - DEBUG - Iter 3: ELBO after FB: -7530.2829 (LL 4098.9951, Δ=0.0000)
2025-09-23 11:45:34,020 - __main__ - DEBUG - Blending stats with ρ_niw=0.0500, ρ_tr=0.0500.
2025-09-23 11:45:34,071 - __main__ - DEBUG - Iter 3: ELBO after NIW update: -7530.2829 (Emit LL 4610.1716, NIW term -11588.3086, Δ=0.0000)
2025-09-23 11:45:34,121 - __main__ - DEBUG - Iter 3: ELBO after Dirichlet update: -7530.5974 (Trans LL -6.8189, Dir term -25.4156, Δ=-0.3145)
2025-09-23 11:45:34,203 - __main__ - DEBUG - Iter 3: ELBO after β update: -7530.6975 (Init LL -504.3880, Dir term -25.4733, logp(β) -15.8808, Δ=-0.1001)
2025-09-23 11:45:39,026 - __main__ - DEBUG - Iter 4: ELBO after FB: -7530.6975 (LL 4098.9652, Δ=0.0000)
2025-09-23 11:45:39,027 - __main__ - DEBUG - Blending stats with ρ_niw=0.0500, ρ_tr=0.0500.
2025-09-23 11:45:39,077 - __main__ - DEBUG - Iter 4: ELBO after NIW update: -7530.6975 (Emit LL 4610.1716, NIW term -11588.3086, Δ=0.0000)
2025-09-23 11:45:39,124 - __main__ - DEBUG - Iter 4: ELBO after Dirichlet update: -7530.9538 (Trans LL -6.8167, Dir term -25.7318, Δ=-0.2563)
2025-09-23 11:45:39,193 - __main__ - DEBUG - Iter 4: ELBO after β update: -7531.1552 (Init LL -504.4943, Dir term -25.8348, logp(β) -15.8729, Δ=-0.2014)
2025-09-23 11:45:39,194 - __main__ - INFO -    HMM refresh complete: ELBO=15.1588, iters=0, max iters, states=40
2025-09-23 11:45:39,195 - __main__ - INFO -    ✅ HMM updated (next in 12,000 steps)
2025-09-23 11:45:39,195 - __main__ - INFO - 🔄 VAE refresh starting at step 76,800 with replay size 8x1536
2025-09-23 11:45:39,196 - __main__ - INFO -    Using span sampling (12288 timesteps, too large for full buffer)
2025-09-23 11:46:05,210 - __main__ - INFO -    VAE refresh complete: final_loss=2804.8879, avg_loss=2805.9657, steps=4/4, trend=improving, total_timesteps=12288, span_sampling=32_requested×4_steps, span_len=64
2025-09-23 11:46:05,212 - __main__ - INFO -    ✅ VAE updated (next in 12,000 steps)
2025-09-23 11:46:07,523 - __main__ - INFO - 📊 Episodes completed this rollout: 6
2025-09-23 11:46:07,523 - __main__ - INFO - 📈 Episode stats: avg return = 0.27, avg length = 201.2
2025-09-23 11:46:07,524 - __main__ - INFO - 🎯 Top 3 training actions: #2(13858), #3(12476), #4(11336)
2025-09-23 11:46:11,477 - __main__ - INFO - 📊 Episodes completed this rollout: 4
2025-09-23 11:46:11,477 - __main__ - INFO - 📈 Episode stats: avg return = -0.05, avg length = 228.0
2025-09-23 11:46:11,478 - __main__ - INFO - 🎯 Top 3 training actions: #2(14071), #3(12621), #4(11529)
2025-09-23 11:46:15,366 - __main__ - INFO - 📊 Episodes completed this rollout: 2
2025-09-23 11:46:15,366 - __main__ - INFO - 📈 Episode stats: avg return = 0.34, avg length = 186.5
2025-09-23 11:46:15,367 - __main__ - INFO - 🎯 Top 3 training actions: #2(14281), #3(12764), #4(11712)
2025-09-23 11:46:19,310 - __main__ - INFO - 📊 Episodes completed this rollout: 8
2025-09-23 11:46:19,311 - __main__ - INFO - 📈 Episode stats: avg return = 0.36, avg length = 172.1
2025-09-23 11:46:19,311 - __main__ - INFO - 🎯 Top 3 training actions: #2(14511), #3(12912), #4(11906)
2025-09-23 11:46:20,945 - __main__ - INFO - 🧪 Starting evaluation with 50 episodes...
2025-09-23 11:46:20,946 - __main__ - INFO -    Eval seed: 51
2025-09-23 11:46:20,946 - __main__ - INFO -    Max episode steps (eval): env default
2025-09-23 11:46:20,946 - nle.env.base - INFO - Not saving any NLE data.
2025-09-23 11:46:22,550 - __main__ - DEBUG - 🎯 Eval HMM masking: step 150 masked due to negative reward
2025-09-23 11:46:24,149 - __main__ - WARNING - ⚠️ Episode 1 terminated due to step limit.
2025-09-23 11:46:27,485 - __main__ - WARNING - ⚠️ Episode 2 terminated due to step limit.
2025-09-23 11:46:30,807 - __main__ - WARNING - ⚠️ Episode 3 terminated due to step limit.
2025-09-23 11:46:32,440 - __main__ - DEBUG - 🎯 Eval HMM masking: step 100 masked due to negative reward
2025-09-23 11:46:34,525 - __main__ - WARNING - ⚠️ Episode 6 terminated due to step limit.
2025-09-23 11:46:35,773 - __main__ - DEBUG - 🎯 Eval HMM masking: step 100 masked due to negative reward
2025-09-23 11:46:37,855 - __main__ - WARNING - ⚠️ Episode 7 terminated due to step limit.
2025-09-23 11:46:41,252 - __main__ - WARNING - ⚠️ Episode 8 terminated due to step limit.
2025-09-23 11:46:41,942 - __main__ - DEBUG - 🎯 Eval HMM masking: step 50 masked due to negative reward
2025-09-23 11:46:44,544 - __main__ - WARNING - ⚠️ Episode 9 terminated due to step limit.
2025-09-23 11:46:50,712 - __main__ - WARNING - ⚠️ Episode 12 terminated due to step limit.
2025-09-23 11:46:56,825 - __main__ - WARNING - ⚠️ Episode 14 terminated due to step limit.
2025-09-23 11:46:58,600 - __main__ - DEBUG - 🎯 Eval HMM masking: step 150 masked due to negative reward
2025-09-23 11:47:00,185 - __main__ - WARNING - ⚠️ Episode 15 terminated due to step limit.
2025-09-23 11:47:03,502 - __main__ - WARNING - ⚠️ Episode 16 terminated due to step limit.
2025-09-23 11:47:04,190 - __main__ - DEBUG - 🎯 Eval HMM masking: step 50 masked due to negative reward
2025-09-23 11:47:06,794 - __main__ - WARNING - ⚠️ Episode 17 terminated due to step limit.
2025-09-23 11:47:11,985 - __main__ - DEBUG - 🎯 Eval HMM masking: step 250 masked due to negative reward
2025-09-23 11:47:12,495 - __main__ - WARNING - ⚠️ Episode 19 terminated due to step limit.
2025-09-23 11:47:15,845 - __main__ - WARNING - ⚠️ Episode 20 terminated due to step limit.
2025-09-23 11:47:20,548 - __main__ - WARNING - ⚠️ Episode 22 terminated due to step limit.
2025-09-23 11:47:23,834 - __main__ - WARNING - ⚠️ Episode 23 terminated due to step limit.
2025-09-23 11:47:29,939 - __main__ - WARNING - ⚠️ Episode 26 terminated due to step limit.
2025-09-23 11:47:32,523 - __main__ - DEBUG - 🎯 Eval HMM masking: step 50 masked due to negative reward
2025-09-23 11:47:35,197 - __main__ - WARNING - ⚠️ Episode 28 terminated due to step limit.
2025-09-23 11:47:38,493 - __main__ - WARNING - ⚠️ Episode 29 terminated due to step limit.
2025-09-23 11:47:39,184 - __main__ - DEBUG - 🎯 Eval HMM masking: step 50 masked due to negative reward
2025-09-23 11:47:43,132 - __main__ - WARNING - ⚠️ Episode 32 terminated due to step limit.
2025-09-23 11:47:46,571 - __main__ - WARNING - ⚠️ Episode 33 terminated due to step limit.
2025-09-23 11:47:48,825 - __main__ - DEBUG - 🎯 Eval HMM masking: step 200 masked due to negative reward
2025-09-23 11:47:49,860 - __main__ - WARNING - ⚠️ Episode 34 terminated due to step limit.
2025-09-23 11:47:53,158 - __main__ - WARNING - ⚠️ Episode 35 terminated due to step limit.
2025-09-23 11:47:57,502 - __main__ - WARNING - ⚠️ Episode 37 terminated due to step limit.
2025-09-23 11:47:58,192 - __main__ - DEBUG - 🎯 Eval HMM masking: step 50 masked due to negative reward
2025-09-23 11:47:58,716 - __main__ - DEBUG - 🎯 Eval HMM masking: step 100 masked due to negative reward
2025-09-23 11:47:59,237 - __main__ - DEBUG - 🎯 Eval HMM masking: step 150 masked due to negative reward
2025-09-23 11:48:03,975 - __main__ - DEBUG - 🎯 Eval HMM masking: step 200 masked due to negative reward
2025-09-23 11:48:05,020 - __main__ - WARNING - ⚠️ Episode 41 terminated due to step limit.
2025-09-23 11:48:08,409 - __main__ - WARNING - ⚠️ Episode 42 terminated due to step limit.
2025-09-23 11:48:15,186 - __main__ - DEBUG - 🎯 Eval HMM masking: step 50 masked due to negative reward
2025-09-23 11:48:17,801 - __main__ - WARNING - ⚠️ Episode 46 terminated due to step limit.
2025-09-23 11:48:18,513 - __main__ - DEBUG - 🎯 Eval HMM masking: step 50 masked due to negative reward
2025-09-23 11:48:21,211 - __main__ - WARNING - ⚠️ Episode 47 terminated due to step limit.
2025-09-23 11:48:24,646 - __main__ - DEBUG - 🎯 Eval HMM masking: step 150 masked due to negative reward
2025-09-23 11:48:26,320 - __main__ - WARNING - ⚠️ Episode 50 terminated due to step limit.
2025-09-23 11:48:26,490 - __main__ - INFO - 📊 Evaluation Results (Current Round):
2025-09-23 11:48:26,490 - __main__ - INFO -    Episodes: 50
2025-09-23 11:48:26,490 - __main__ - INFO -    Time: 125.5s (2.5s/ep)
2025-09-23 11:48:26,490 - __main__ - INFO -    Average Return: 0.165 ± 0.626
2025-09-23 11:48:26,491 - __main__ - INFO -    Success Rate: 42.0%
2025-09-23 11:48:26,491 - __main__ - INFO -    Average Length: 226.0
2025-09-23 11:48:26,491 - __main__ - INFO -    Average Coverage: 82.3 positions
2025-09-23 11:48:26,491 - __main__ - INFO -    Episode Completions: 21 terminated (42.0%), 29 truncated (58.0%)
2025-09-23 11:48:26,491 - __main__ - INFO - 📈 Total Evaluation Statistics:
2025-09-23 11:48:26,491 - __main__ - INFO -    Total Episodes: 400
2025-09-23 11:48:26,491 - __main__ - INFO -    Total Average Return: 0.101 ± 0.651
2025-09-23 11:48:26,491 - __main__ - INFO -    Total Average Length: 227.1 ± 103.3
2025-09-23 11:48:26,491 - __main__ - INFO -    Total Completions: 161 terminated (40.2%), 239 truncated (59.8%)
2025-09-23 11:48:26,491 - __main__ - INFO -    Skill Entropy: 0.001
2025-09-23 11:48:26,491 - __main__ - INFO -    Used Skills: 1.0
2025-09-23 11:48:26,492 - __main__ - INFO -    Effective K: 1.00
2025-09-23 11:48:26,492 - __main__ - INFO - 🎯 Action Usage Statistics:
2025-09-23 11:48:26,492 - __main__ - INFO -    Unique actions in evaluation: 8
2025-09-23 11:48:26,492 - __main__ - INFO -    Unique actions in training: 8
2025-09-23 11:48:26,492 - __main__ - INFO -    Total unique actions: 8
2025-09-23 11:48:26,492 - __main__ - INFO -    Action coverage: 6.6%
2025-09-23 11:48:26,492 - __main__ - INFO -    Train action count: 80896
2025-09-23 11:48:26,492 - __main__ - INFO -    Eval action count: 90848
2025-09-23 11:48:26,492 - __main__ - INFO -    Train action entropy: 2.026
2025-09-23 11:48:26,493 - __main__ - INFO -    Eval action entropy: 2.010
2025-09-23 11:48:26,493 - __main__ - INFO -    Top 3 train actions: #2(14511), #3(12912), #4(11906)
2025-09-23 11:48:26,493 - __main__ - INFO -    Top 3 eval actions: #2(17101), #7(14286), #4(14235)
2025-09-23 11:48:28,779 - __main__ - INFO - 📊 Episodes completed this rollout: 3
2025-09-23 11:48:28,780 - __main__ - INFO - 📈 Episode stats: avg return = 0.07, avg length = 290.7
2025-09-23 11:48:28,780 - __main__ - INFO - 🎯 Top 3 training actions: #2(14762), #3(13007), #4(12073)
2025-09-23 11:48:32,676 - __main__ - INFO - 📊 Episodes completed this rollout: 5
2025-09-23 11:48:32,676 - __main__ - INFO - 📈 Episode stats: avg return = 0.11, avg length = 282.2
2025-09-23 11:48:32,677 - __main__ - INFO - 🎯 Top 3 training actions: #2(15005), #3(13086), #4(12269)
2025-09-23 11:48:36,561 - __main__ - INFO - 📊 Episodes completed this rollout: 4
2025-09-23 11:48:36,561 - __main__ - INFO - 📈 Episode stats: avg return = 0.01, avg length = 263.2
2025-09-23 11:48:36,561 - __main__ - INFO - 🎯 Top 3 training actions: #2(15238), #3(13177), #4(12468)
2025-09-23 11:48:40,441 - __main__ - INFO - 📊 Episodes completed this rollout: 1
2025-09-23 11:48:40,441 - __main__ - INFO - 📈 Episode stats: avg return = -0.60, avg length = 300.0
2025-09-23 11:48:40,441 - __main__ - INFO - 🎯 Top 3 training actions: #2(15547), #3(13273), #4(12673)
2025-09-23 11:48:44,323 - __main__ - INFO - 📊 Episodes completed this rollout: 7
2025-09-23 11:48:44,323 - __main__ - INFO - 📈 Episode stats: avg return = 0.17, avg length = 245.0
2025-09-23 11:48:44,323 - __main__ - INFO - 🎯 Top 3 training actions: #2(15876), #3(13381), #4(12840)
2025-09-23 11:48:48,282 - __main__ - INFO - 📊 Episodes completed this rollout: 6
2025-09-23 11:48:48,282 - __main__ - INFO - 📈 Episode stats: avg return = 0.87, avg length = 120.2
2025-09-23 11:48:48,282 - __main__ - INFO - 🎯 Top 3 training actions: #2(16184), #3(13500), #4(13009)
2025-09-23 11:48:52,135 - __main__ - INFO - 📊 Episodes completed this rollout: 6
2025-09-23 11:48:52,136 - __main__ - INFO - 📈 Episode stats: avg return = 0.30, avg length = 206.0
2025-09-23 11:48:52,136 - __main__ - INFO - 🎯 Top 3 training actions: #2(16481), #3(13620), #4(13146)
2025-09-23 11:48:55,962 - __main__ - INFO - 📊 Episodes completed this rollout: 3
2025-09-23 11:48:55,962 - __main__ - INFO - 📈 Episode stats: avg return = -0.45, avg length = 300.0
2025-09-23 11:48:55,962 - __main__ - INFO - 🎯 Top 3 training actions: #2(16781), #3(13739), #4(13297)
2025-09-23 11:48:57,517 - __main__ - INFO - 🔄 Synchronized model update at step 89,088
2025-09-23 11:48:57,517 - __main__ - INFO -    HMM interval: 12,000, VAE interval: 12,000
2025-09-23 11:48:57,518 - __main__ - INFO - 🚫 Model training masking: 1716/12288 timesteps masked (14.0%) due to negative rewards (invalid actions)
2025-09-23 11:48:57,895 - __main__ - INFO - 🔄 Capping HMM batch size from 1075 to 128 to prevent OOM
2025-09-23 11:48:57,895 - __main__ - INFO - 🔄 HMM refresh starting at step 89,088 with replay size 128x91
2025-09-23 11:49:03,383 - __main__ - DEBUG - Initial ELBO: -8219.9480
2025-09-23 11:49:03,386 - __main__ - DEBUG - Relative tol: 0.0100
2025-09-23 11:49:03,386 - __main__ - DEBUG - Relative elbo_drop_tol: 0.0100
2025-09-23 11:49:03,387 - __main__ - DEBUG - - Init -503.4589
2025-09-23 11:49:03,387 - __main__ - DEBUG - - Trans -5.5944
2025-09-23 11:49:03,387 - __main__ - DEBUG - - Emit 3917.9097
2025-09-23 11:49:03,387 - __main__ - DEBUG - - Entropy 0.0005
2025-09-23 11:49:03,387 - __main__ - DEBUG - - Dir -24.6214
2025-09-23 11:49:03,387 - __main__ - DEBUG - - NIW -11588.3086
2025-09-23 11:49:03,387 - __main__ - DEBUG - - Beta prior -15.8749
2025-09-23 11:49:09,095 - __main__ - DEBUG - Iter 0: ELBO after FB: -8219.9480 (LL 3408.8569, Δ=0.0000)
2025-09-23 11:49:09,096 - __main__ - DEBUG - Blending stats with ρ_niw=0.0500, ρ_tr=0.0500.
2025-09-23 11:49:09,145 - __main__ - DEBUG - Iter 0: ELBO after NIW update: -6186.0349 (Emit LL 6194.0396, NIW term -11830.5254, Δ=2033.9131)
2025-09-23 11:49:09,193 - __main__ - DEBUG - Iter 0: ELBO after Dirichlet update: -6186.0201 (Trans LL -5.5553, Dir term -24.6456, Δ=0.0148)
2025-09-23 11:49:09,258 - __main__ - DEBUG - Iter 0: ELBO after β update: -6186.5999 (Init LL -504.0109, Dir term -24.6621, logp(β) -15.8862, Δ=-0.5798)
2025-09-23 11:49:14,949 - __main__ - DEBUG - Iter 1: ELBO after FB: -6186.5999 (LL 5684.4739, Δ=0.0000)
2025-09-23 11:49:14,950 - __main__ - DEBUG - Blending stats with ρ_niw=0.0500, ρ_tr=0.0500.
2025-09-23 11:49:14,999 - __main__ - DEBUG - Iter 1: ELBO after NIW update: -6186.5999 (Emit LL 6194.0396, NIW term -11830.5254, Δ=0.0000)
2025-09-23 11:49:15,047 - __main__ - DEBUG - Iter 1: ELBO after Dirichlet update: -6186.6586 (Trans LL -5.5367, Dir term -24.7395, Δ=-0.0587)
2025-09-23 11:49:15,117 - __main__ - DEBUG - Iter 1: ELBO after β update: -6187.2149 (Init LL -504.4939, Dir term -24.8037, logp(β) -15.8953, Δ=-0.5563)
2025-09-23 11:49:20,700 - __main__ - DEBUG - Iter 2: ELBO after FB: -6187.2149 (LL 5684.0095, Δ=0.0000)
2025-09-23 11:49:20,701 - __main__ - DEBUG - Blending stats with ρ_niw=0.0500, ρ_tr=0.0500.
2025-09-23 11:49:20,750 - __main__ - DEBUG - Iter 2: ELBO after NIW update: -6187.2149 (Emit LL 6194.0396, NIW term -11830.5254, Δ=0.0000)
2025-09-23 11:49:20,798 - __main__ - DEBUG - Iter 2: ELBO after Dirichlet update: -6187.4137 (Trans LL -5.5199, Dir term -25.0193, Δ=-0.1988)
2025-09-23 11:49:20,868 - __main__ - DEBUG - Iter 2: ELBO after β update: -6187.9066 (Init LL -504.8848, Dir term -25.1201, logp(β) -15.8966, Δ=-0.4929)
2025-09-23 11:49:26,447 - __main__ - DEBUG - Iter 3: ELBO after FB: -6187.9066 (LL 5683.6355, Δ=0.0000)
2025-09-23 11:49:26,448 - __main__ - DEBUG - Blending stats with ρ_niw=0.0500, ρ_tr=0.0500.
2025-09-23 11:49:26,496 - __main__ - DEBUG - Iter 3: ELBO after NIW update: -6187.9066 (Emit LL 6194.0396, NIW term -11830.5254, Δ=0.0000)
2025-09-23 11:49:26,544 - __main__ - DEBUG - Iter 3: ELBO after Dirichlet update: -6188.2255 (Trans LL -5.5060, Dir term -25.4529, Δ=-0.3189)
2025-09-23 11:49:26,602 - __main__ - DEBUG - Iter 3: ELBO after β update: -6188.2294 (Init LL -504.8485, Dir term -25.4959, logp(β) -15.8937, Δ=-0.0039)
2025-09-23 11:49:32,044 - __main__ - DEBUG - Iter 4: ELBO after FB: -6188.2294 (LL 5683.6855, Δ=0.0000)
2025-09-23 11:49:32,045 - __main__ - DEBUG - Blending stats with ρ_niw=0.0500, ρ_tr=0.0500.
2025-09-23 11:49:32,093 - __main__ - DEBUG - Iter 4: ELBO after NIW update: -6188.2294 (Emit LL 6194.0396, NIW term -11830.5254, Δ=0.0000)
2025-09-23 11:49:32,142 - __main__ - DEBUG - Iter 4: ELBO after Dirichlet update: -6188.3817 (Trans LL -5.5078, Dir term -25.6464, Δ=-0.1523)
2025-09-23 11:49:32,203 - __main__ - DEBUG - Iter 4: ELBO after β update: -6188.4874 (Init LL -504.9356, Dir term -25.6682, logp(β) -15.8904, Δ=-0.1057)
2025-09-23 11:49:32,205 - __main__ - INFO -    HMM refresh complete: ELBO=22.6974, iters=0, max iters, states=40
2025-09-23 11:49:32,205 - __main__ - INFO -    ✅ HMM updated (next in 12,000 steps)
2025-09-23 11:49:32,205 - __main__ - INFO - 🔄 VAE refresh starting at step 89,088 with replay size 8x1536
2025-09-23 11:49:32,206 - __main__ - INFO -    Using span sampling (12288 timesteps, too large for full buffer)
2025-09-23 11:49:57,438 - __main__ - INFO -    VAE refresh complete: final_loss=2776.5471, avg_loss=2781.3724, steps=4/4, trend=improving, total_timesteps=12288, span_sampling=32_requested×4_steps, span_len=64
2025-09-23 11:49:57,440 - __main__ - INFO -    ✅ VAE updated (next in 12,000 steps)
2025-09-23 11:49:59,773 - __main__ - INFO - 📊 Episodes completed this rollout: 4
2025-09-23 11:49:59,773 - __main__ - INFO - 📈 Episode stats: avg return = -0.14, avg length = 241.2
2025-09-23 11:49:59,773 - __main__ - INFO - 🎯 Top 3 training actions: #2(16997), #3(13895), #4(13453)
2025-09-23 11:50:01,373 - __main__ - INFO - 🧪 Starting evaluation with 50 episodes...
2025-09-23 11:50:01,374 - __main__ - INFO -    Eval seed: 51
2025-09-23 11:50:01,374 - __main__ - INFO -    Max episode steps (eval): env default
2025-09-23 11:50:01,374 - nle.env.base - INFO - Not saving any NLE data.
2025-09-23 11:50:02,987 - __main__ - DEBUG - 🎯 Eval HMM masking: step 150 masked due to negative reward
2025-09-23 11:50:03,517 - __main__ - DEBUG - 🎯 Eval HMM masking: step 200 masked due to negative reward
2025-09-23 11:50:04,560 - __main__ - WARNING - ⚠️ Episode 1 terminated due to step limit.
2025-09-23 11:50:07,895 - __main__ - WARNING - ⚠️ Episode 2 terminated due to step limit.
2025-09-23 11:50:11,191 - __main__ - WARNING - ⚠️ Episode 3 terminated due to step limit.
2025-09-23 11:50:14,482 - __main__ - WARNING - ⚠️ Episode 4 terminated due to step limit.
2025-09-23 11:50:17,281 - __main__ - DEBUG - 🎯 Eval HMM masking: step 250 masked due to negative reward
2025-09-23 11:50:17,798 - __main__ - WARNING - ⚠️ Episode 5 terminated due to step limit.
2025-09-23 11:50:21,155 - __main__ - WARNING - ⚠️ Episode 6 terminated due to step limit.
2025-09-23 11:50:24,547 - __main__ - WARNING - ⚠️ Episode 7 terminated due to step limit.
2025-09-23 11:50:25,281 - __main__ - DEBUG - 🎯 Eval HMM masking: step 50 masked due to negative reward
2025-09-23 11:50:26,379 - __main__ - DEBUG - 🎯 Eval HMM masking: step 150 masked due to negative reward
2025-09-23 11:50:28,067 - __main__ - WARNING - ⚠️ Episode 8 terminated due to step limit.
2025-09-23 11:50:33,876 - __main__ - DEBUG - 🎯 Eval HMM masking: step 250 masked due to negative reward
2025-09-23 11:50:34,401 - __main__ - WARNING - ⚠️ Episode 11 terminated due to step limit.
2025-09-23 11:50:39,507 - __main__ - DEBUG - 🎯 Eval HMM masking: step 150 masked due to negative reward
2025-09-23 11:50:41,056 - __main__ - WARNING - ⚠️ Episode 14 terminated due to step limit.
2025-09-23 11:50:44,330 - __main__ - WARNING - ⚠️ Episode 15 terminated due to step limit.
2025-09-23 11:50:47,050 - __main__ - DEBUG - 🎯 Eval HMM masking: step 100 masked due to negative reward
2025-09-23 11:50:50,110 - __main__ - DEBUG - 🎯 Eval HMM masking: step 200 masked due to negative reward
2025-09-23 11:50:51,179 - __main__ - WARNING - ⚠️ Episode 18 terminated due to step limit.
2025-09-23 11:50:54,476 - __main__ - WARNING - ⚠️ Episode 19 terminated due to step limit.
2025-09-23 11:50:57,773 - __main__ - WARNING - ⚠️ Episode 20 terminated due to step limit.
2025-09-23 11:51:01,053 - __main__ - WARNING - ⚠️ Episode 21 terminated due to step limit.
2025-09-23 11:51:04,403 - __main__ - WARNING - ⚠️ Episode 23 terminated due to step limit.
2025-09-23 11:51:07,977 - __main__ - DEBUG - 🎯 Eval HMM masking: step 100 masked due to negative reward
2025-09-23 11:51:09,025 - __main__ - DEBUG - 🎯 Eval HMM masking: step 200 masked due to negative reward
2025-09-23 11:51:10,064 - __main__ - WARNING - ⚠️ Episode 25 terminated due to step limit.
2025-09-23 11:51:13,355 - __main__ - WARNING - ⚠️ Episode 26 terminated due to step limit.
2025-09-23 11:51:16,653 - __main__ - WARNING - ⚠️ Episode 27 terminated due to step limit.
2025-09-23 11:51:17,354 - __main__ - DEBUG - 🎯 Eval HMM masking: step 50 masked due to negative reward
2025-09-23 11:51:18,580 - __main__ - DEBUG - 🎯 Eval HMM masking: step 50 masked due to negative reward
2025-09-23 11:51:21,175 - __main__ - WARNING - ⚠️ Episode 29 terminated due to step limit.
2025-09-23 11:51:21,862 - __main__ - DEBUG - 🎯 Eval HMM masking: step 50 masked due to negative reward
2025-09-23 11:51:24,821 - __main__ - DEBUG - 🎯 Eval HMM masking: step 200 masked due to negative reward
2025-09-23 11:51:25,860 - __main__ - WARNING - ⚠️ Episode 31 terminated due to step limit.
2025-09-23 11:51:29,175 - __main__ - WARNING - ⚠️ Episode 32 terminated due to step limit.
2025-09-23 11:51:30,388 - __main__ - DEBUG - 🎯 Eval HMM masking: step 100 masked due to negative reward
2025-09-23 11:51:32,880 - __main__ - DEBUG - 🎯 Eval HMM masking: step 100 masked due to negative reward
2025-09-23 11:51:34,906 - __main__ - DEBUG - 🎯 Eval HMM masking: step 100 masked due to negative reward
2025-09-23 11:51:35,947 - __main__ - DEBUG - 🎯 Eval HMM masking: step 200 masked due to negative reward
2025-09-23 11:51:38,578 - __main__ - DEBUG - 🎯 Eval HMM masking: step 200 masked due to negative reward
2025-09-23 11:51:39,105 - __main__ - DEBUG - 🎯 Eval HMM masking: step 250 masked due to negative reward
2025-09-23 11:51:39,619 - __main__ - WARNING - ⚠️ Episode 36 terminated due to step limit.
2025-09-23 11:51:41,870 - __main__ - DEBUG - 🎯 Eval HMM masking: step 200 masked due to negative reward
2025-09-23 11:51:42,904 - __main__ - WARNING - ⚠️ Episode 37 terminated due to step limit.
2025-09-23 11:51:45,075 - __main__ - DEBUG - 🎯 Eval HMM masking: step 100 masked due to negative reward
2025-09-23 11:51:48,959 - __main__ - WARNING - ⚠️ Episode 40 terminated due to step limit.
2025-09-23 11:51:52,309 - __main__ - WARNING - ⚠️ Episode 41 terminated due to step limit.
2025-09-23 11:51:55,514 - __main__ - DEBUG - 🎯 Eval HMM masking: step 100 masked due to negative reward
2025-09-23 11:51:58,970 - __main__ - DEBUG - 🎯 Eval HMM masking: step 150 masked due to negative reward
2025-09-23 11:52:04,238 - __main__ - WARNING - ⚠️ Episode 46 terminated due to step limit.
2025-09-23 11:52:07,939 - __main__ - INFO - 📊 Evaluation Results (Current Round):
2025-09-23 11:52:07,939 - __main__ - INFO -    Episodes: 50
2025-09-23 11:52:07,939 - __main__ - INFO -    Time: 126.6s (2.5s/ep)
2025-09-23 11:52:07,939 - __main__ - INFO -    Average Return: 0.171 ± 0.626
2025-09-23 11:52:07,939 - __main__ - INFO -    Success Rate: 46.0%
2025-09-23 11:52:07,939 - __main__ - INFO -    Average Length: 228.7
2025-09-23 11:52:07,939 - __main__ - INFO -    Average Coverage: 79.0 positions
2025-09-23 11:52:07,939 - __main__ - INFO -    Episode Completions: 23 terminated (46.0%), 27 truncated (54.0%)
2025-09-23 11:52:07,939 - __main__ - INFO - 📈 Total Evaluation Statistics:
2025-09-23 11:52:07,939 - __main__ - INFO -    Total Episodes: 450
2025-09-23 11:52:07,940 - __main__ - INFO -    Total Average Return: 0.109 ± 0.649
2025-09-23 11:52:07,940 - __main__ - INFO -    Total Average Length: 227.3 ± 102.5
2025-09-23 11:52:07,940 - __main__ - INFO -    Total Completions: 184 terminated (40.9%), 266 truncated (59.1%)
2025-09-23 11:52:07,940 - __main__ - INFO -    Skill Entropy: 0.001
2025-09-23 11:52:07,940 - __main__ - INFO -    Used Skills: 1.0
2025-09-23 11:52:07,940 - __main__ - INFO -    Effective K: 1.00
2025-09-23 11:52:07,940 - __main__ - INFO - 🎯 Action Usage Statistics:
2025-09-23 11:52:07,940 - __main__ - INFO -    Unique actions in evaluation: 8
2025-09-23 11:52:07,940 - __main__ - INFO -    Unique actions in training: 8
2025-09-23 11:52:07,940 - __main__ - INFO -    Total unique actions: 8
2025-09-23 11:52:07,940 - __main__ - INFO -    Action coverage: 6.6%
2025-09-23 11:52:07,941 - __main__ - INFO -    Train action count: 90112
2025-09-23 11:52:07,941 - __main__ - INFO -    Eval action count: 102282
2025-09-23 11:52:07,941 - __main__ - INFO -    Train action entropy: 2.023
2025-09-23 11:52:07,941 - __main__ - INFO -    Eval action entropy: 2.008
2025-09-23 11:52:07,942 - __main__ - INFO -    Top 3 train actions: #2(16997), #3(13895), #4(13453)
2025-09-23 11:52:07,942 - __main__ - INFO -    Top 3 eval actions: #2(19402), #3(16279), #4(15943)
2025-09-23 11:52:10,238 - __main__ - INFO - 📊 Episodes completed this rollout: 4
2025-09-23 11:52:10,239 - __main__ - INFO - 📈 Episode stats: avg return = -0.09, avg length = 286.8
2025-09-23 11:52:10,239 - __main__ - INFO - 🎯 Top 3 training actions: #2(17197), #3(14067), #4(13649)
2025-09-23 11:52:14,140 - __main__ - INFO - 📊 Episodes completed this rollout: 3
2025-09-23 11:52:14,140 - __main__ - INFO - 📈 Episode stats: avg return = -0.45, avg length = 300.0
2025-09-23 11:52:14,140 - __main__ - INFO - 🎯 Top 3 training actions: #2(17416), #3(14306), #4(13824)
2025-09-23 11:52:18,023 - __main__ - INFO - 📊 Episodes completed this rollout: 5
2025-09-23 11:52:18,023 - __main__ - INFO - 📈 Episode stats: avg return = 0.11, avg length = 242.2
2025-09-23 11:52:18,023 - __main__ - INFO - 🎯 Top 3 training actions: #2(17646), #3(14560), #4(14000)
2025-09-23 11:52:21,922 - __main__ - INFO - 📊 Episodes completed this rollout: 3
2025-09-23 11:52:21,922 - __main__ - INFO - 📈 Episode stats: avg return = -0.03, avg length = 269.3
2025-09-23 11:52:21,922 - __main__ - INFO - 🎯 Top 3 training actions: #2(17870), #3(14903), #4(14146)
2025-09-23 11:52:25,821 - __main__ - INFO - 📊 Episodes completed this rollout: 4
2025-09-23 11:52:25,821 - __main__ - INFO - 📈 Episode stats: avg return = -0.24, avg length = 284.5
2025-09-23 11:52:25,822 - __main__ - INFO - 🎯 Top 3 training actions: #2(18071), #3(15260), #4(14310)
2025-09-23 11:52:29,750 - __main__ - INFO - 📊 Episodes completed this rollout: 5
2025-09-23 11:52:29,750 - __main__ - INFO - 📈 Episode stats: avg return = 0.05, avg length = 211.8
2025-09-23 11:52:29,751 - __main__ - INFO - 🎯 Top 3 training actions: #2(18262), #3(15505), #4(14521)
2025-09-23 11:52:33,641 - __main__ - INFO - 📊 Episodes completed this rollout: 4
2025-09-23 11:52:33,641 - __main__ - INFO - 📈 Episode stats: avg return = -0.06, avg length = 272.2
2025-09-23 11:52:33,641 - __main__ - INFO - 🎯 Top 3 training actions: #2(18479), #3(15745), #4(14754)
2025-09-23 11:52:37,514 - __main__ - INFO - 📊 Episodes completed this rollout: 3
2025-09-23 11:52:37,514 - __main__ - INFO - 📈 Episode stats: avg return = 0.49, avg length = 248.0
2025-09-23 11:52:37,515 - __main__ - INFO - 🎯 Top 3 training actions: #2(18710), #3(15989), #4(15018)
2025-09-23 11:52:41,408 - __main__ - INFO - 📊 Episodes completed this rollout: 5
2025-09-23 11:52:41,408 - __main__ - INFO - 📈 Episode stats: avg return = 0.20, avg length = 242.2
2025-09-23 11:52:41,408 - __main__ - INFO - 🎯 Top 3 training actions: #2(19008), #3(16243), #4(15225)
2025-09-23 11:52:45,336 - __main__ - INFO - 📊 Episodes completed this rollout: 5
2025-09-23 11:52:45,336 - __main__ - INFO - 📈 Episode stats: avg return = 0.09, avg length = 210.4
2025-09-23 11:52:45,337 - __main__ - INFO - 🎯 Top 3 training actions: #2(19268), #3(16466), #4(15414)
2025-09-23 11:52:46,944 - __main__ - INFO - 🧪 Starting evaluation with 50 episodes...
2025-09-23 11:52:46,945 - __main__ - INFO -    Eval seed: 51
2025-09-23 11:52:46,945 - __main__ - INFO -    Max episode steps (eval): env default
2025-09-23 11:52:46,945 - nle.env.base - INFO - Not saving any NLE data.
2025-09-23 11:52:50,174 - __main__ - DEBUG - 🎯 Eval HMM masking: step 50 masked due to negative reward
2025-09-23 11:52:51,730 - __main__ - DEBUG - 🎯 Eval HMM masking: step 200 masked due to negative reward
2025-09-23 11:52:52,762 - __main__ - WARNING - ⚠️ Episode 2 terminated due to step limit.
2025-09-23 11:52:54,496 - __main__ - DEBUG - 🎯 Eval HMM masking: step 150 masked due to negative reward
2025-09-23 11:52:55,025 - __main__ - DEBUG - 🎯 Eval HMM masking: step 200 masked due to negative reward
2025-09-23 11:52:56,065 - __main__ - WARNING - ⚠️ Episode 3 terminated due to step limit.
2025-09-23 11:52:59,408 - __main__ - WARNING - ⚠️ Episode 4 terminated due to step limit.
2025-09-23 11:53:02,744 - __main__ - WARNING - ⚠️ Episode 5 terminated due to step limit.
2025-09-23 11:53:03,956 - __main__ - DEBUG - 🎯 Eval HMM masking: step 100 masked due to negative reward
2025-09-23 11:53:04,999 - __main__ - DEBUG - 🎯 Eval HMM masking: step 200 masked due to negative reward
2025-09-23 11:53:08,491 - __main__ - DEBUG - 🎯 Eval HMM masking: step 250 masked due to negative reward
2025-09-23 11:53:09,044 - __main__ - WARNING - ⚠️ Episode 8 terminated due to step limit.
2025-09-23 11:53:09,765 - __main__ - DEBUG - 🎯 Eval HMM masking: step 50 masked due to negative reward
2025-09-23 11:53:13,440 - __main__ - DEBUG - 🎯 Eval HMM masking: step 100 masked due to negative reward
2025-09-23 11:53:15,666 - __main__ - WARNING - ⚠️ Episode 12 terminated due to step limit.
2025-09-23 11:53:21,736 - __main__ - WARNING - ⚠️ Episode 14 terminated due to step limit.
2025-09-23 11:53:25,035 - __main__ - WARNING - ⚠️ Episode 15 terminated due to step limit.
2025-09-23 11:53:29,383 - __main__ - DEBUG - 🎯 Eval HMM masking: step 100 masked due to negative reward
2025-09-23 11:53:31,609 - __main__ - WARNING - ⚠️ Episode 18 terminated due to step limit.
2025-09-23 11:53:34,912 - __main__ - WARNING - ⚠️ Episode 19 terminated due to step limit.
2025-09-23 11:53:39,422 - __main__ - DEBUG - 🎯 Eval HMM masking: step 100 masked due to negative reward
2025-09-23 11:53:41,484 - __main__ - WARNING - ⚠️ Episode 22 terminated due to step limit.
2025-09-23 11:53:44,240 - __main__ - DEBUG - 🎯 Eval HMM masking: step 250 masked due to negative reward
2025-09-23 11:53:44,750 - __main__ - WARNING - ⚠️ Episode 23 terminated due to step limit.
2025-09-23 11:53:45,434 - __main__ - DEBUG - 🎯 Eval HMM masking: step 50 masked due to negative reward
2025-09-23 11:53:48,016 - __main__ - WARNING - ⚠️ Episode 24 terminated due to step limit.
2025-09-23 11:53:49,236 - __main__ - DEBUG - 🎯 Eval HMM masking: step 100 masked due to negative reward
2025-09-23 11:53:51,334 - __main__ - WARNING - ⚠️ Episode 25 terminated due to step limit.
2025-09-23 11:53:54,909 - __main__ - WARNING - ⚠️ Episode 27 terminated due to step limit.
2025-09-23 11:54:00,776 - __main__ - DEBUG - 🎯 Eval HMM masking: step 200 masked due to negative reward
2025-09-23 11:54:01,805 - __main__ - WARNING - ⚠️ Episode 30 terminated due to step limit.
2025-09-23 11:54:04,069 - __main__ - DEBUG - 🎯 Eval HMM masking: step 200 masked due to negative reward
2025-09-23 11:54:05,104 - __main__ - WARNING - ⚠️ Episode 31 terminated due to step limit.
2025-09-23 11:54:06,841 - __main__ - DEBUG - 🎯 Eval HMM masking: step 150 masked due to negative reward
2025-09-23 11:54:08,410 - __main__ - WARNING - ⚠️ Episode 32 terminated due to step limit.
2025-09-23 11:54:11,802 - __main__ - WARNING - ⚠️ Episode 34 terminated due to step limit.
2025-09-23 11:54:16,096 - __main__ - WARNING - ⚠️ Episode 36 terminated due to step limit.
2025-09-23 11:54:17,303 - __main__ - DEBUG - 🎯 Eval HMM masking: step 100 masked due to negative reward
2025-09-23 11:54:17,823 - __main__ - DEBUG - 🎯 Eval HMM masking: step 150 masked due to negative reward
2025-09-23 11:54:18,342 - __main__ - DEBUG - 🎯 Eval HMM masking: step 200 masked due to negative reward
2025-09-23 11:54:19,372 - __main__ - WARNING - ⚠️ Episode 37 terminated due to step limit.
2025-09-23 11:54:22,649 - __main__ - WARNING - ⚠️ Episode 38 terminated due to step limit.
2025-09-23 11:54:27,405 - __main__ - DEBUG - 🎯 Eval HMM masking: step 200 masked due to negative reward
2025-09-23 11:54:33,080 - __main__ - DEBUG - 🎯 Eval HMM masking: step 250 masked due to negative reward
2025-09-23 11:54:33,596 - __main__ - WARNING - ⚠️ Episode 44 terminated due to step limit.
2025-09-23 11:54:35,331 - __main__ - DEBUG - 🎯 Eval HMM masking: step 150 masked due to negative reward
2025-09-23 11:54:37,005 - __main__ - WARNING - ⚠️ Episode 45 terminated due to step limit.
2025-09-23 11:54:37,702 - __main__ - DEBUG - 🎯 Eval HMM masking: step 50 masked due to negative reward
2025-09-23 11:54:40,948 - __main__ - DEBUG - 🎯 Eval HMM masking: step 150 masked due to negative reward
2025-09-23 11:54:41,994 - __main__ - DEBUG - 🎯 Eval HMM masking: step 250 masked due to negative reward
2025-09-23 11:54:42,506 - __main__ - WARNING - ⚠️ Episode 48 terminated due to step limit.
2025-09-23 11:54:45,870 - __main__ - WARNING - ⚠️ Episode 50 terminated due to step limit.
2025-09-23 11:54:46,029 - __main__ - INFO - 📊 Evaluation Results (Current Round):
2025-09-23 11:54:46,029 - __main__ - INFO -    Episodes: 50
2025-09-23 11:54:46,029 - __main__ - INFO -    Time: 119.1s (2.4s/ep)
2025-09-23 11:54:46,029 - __main__ - INFO -    Average Return: 0.215 ± 0.620
2025-09-23 11:54:46,030 - __main__ - INFO -    Success Rate: 48.0%
2025-09-23 11:54:46,030 - __main__ - INFO -    Average Length: 215.1
2025-09-23 11:54:46,030 - __main__ - INFO -    Average Coverage: 75.8 positions
2025-09-23 11:54:46,030 - __main__ - INFO -    Episode Completions: 24 terminated (48.0%), 26 truncated (52.0%)
2025-09-23 11:54:46,030 - __main__ - INFO - 📈 Total Evaluation Statistics:
2025-09-23 11:54:46,030 - __main__ - INFO -    Total Episodes: 500
2025-09-23 11:54:46,030 - __main__ - INFO -    Total Average Return: 0.119 ± 0.647
2025-09-23 11:54:46,030 - __main__ - INFO -    Total Average Length: 226.1 ± 103.5
2025-09-23 11:54:46,030 - __main__ - INFO -    Total Completions: 208 terminated (41.6%), 292 truncated (58.4%)
2025-09-23 11:54:46,030 - __main__ - INFO -    Skill Entropy: 0.001
2025-09-23 11:54:46,030 - __main__ - INFO -    Used Skills: 1.0
2025-09-23 11:54:46,030 - __main__ - INFO -    Effective K: 1.00
2025-09-23 11:54:46,031 - __main__ - INFO - 🎯 Action Usage Statistics:
2025-09-23 11:54:46,031 - __main__ - INFO -    Unique actions in evaluation: 8
2025-09-23 11:54:46,031 - __main__ - INFO -    Unique actions in training: 8
2025-09-23 11:54:46,031 - __main__ - INFO -    Total unique actions: 8
2025-09-23 11:54:46,031 - __main__ - INFO -    Action coverage: 6.6%
2025-09-23 11:54:46,031 - __main__ - INFO -    Train action count: 100352
2025-09-23 11:54:46,031 - __main__ - INFO -    Eval action count: 113037
2025-09-23 11:54:46,031 - __main__ - INFO -    Train action entropy: 2.013
2025-09-23 11:54:46,032 - __main__ - INFO -    Eval action entropy: 2.002
2025-09-23 11:54:46,032 - __main__ - INFO -    Top 3 train actions: #2(19268), #3(16466), #4(15414)
2025-09-23 11:54:46,032 - __main__ - INFO -    Top 3 eval actions: #2(21645), #3(19134), #4(17576)
2025-09-23 11:54:48,319 - __main__ - INFO - 📊 Episodes completed this rollout: 4
2025-09-23 11:54:48,320 - __main__ - INFO - 📈 Episode stats: avg return = 0.34, avg length = 178.2
2025-09-23 11:54:48,320 - __main__ - INFO - 🎯 Top 3 training actions: #2(19487), #3(16711), #4(15583)
2025-09-23 11:54:49,919 - __main__ - INFO - 🔄 Synchronized model update at step 101,376
2025-09-23 11:54:49,920 - __main__ - INFO -    HMM interval: 12,000, VAE interval: 12,000
2025-09-23 11:54:49,920 - __main__ - INFO - 🚫 Model training masking: 1368/12288 timesteps masked (11.1%) due to negative rewards (invalid actions)
2025-09-23 11:54:50,295 - __main__ - INFO - 🔄 Capping HMM batch size from 883 to 128 to prevent OOM
2025-09-23 11:54:50,295 - __main__ - INFO - 🔄 HMM refresh starting at step 101,376 with replay size 128x114
2025-09-23 11:54:56,955 - __main__ - DEBUG - Initial ELBO: -3206.7329
2025-09-23 11:54:56,959 - __main__ - DEBUG - Relative tol: 0.0100
2025-09-23 11:54:56,959 - __main__ - DEBUG - Relative elbo_drop_tol: 0.0100
2025-09-23 11:54:56,959 - __main__ - DEBUG - - Init -504.0109
2025-09-23 11:54:56,959 - __main__ - DEBUG - - Trans -7.6039
2025-09-23 11:54:56,960 - __main__ - DEBUG - - Emit 9175.9549
2025-09-23 11:54:56,960 - __main__ - DEBUG - - Entropy 0.0007
2025-09-23 11:54:56,960 - __main__ - DEBUG - - Dir -24.6621
2025-09-23 11:54:56,960 - __main__ - DEBUG - - NIW -11830.5254
2025-09-23 11:54:56,960 - __main__ - DEBUG - - Beta prior -15.8862
2025-09-23 11:55:03,792 - __main__ - DEBUG - Iter 0: ELBO after FB: -3206.7329 (LL 8664.3408, Δ=0.0000)
2025-09-23 11:55:03,792 - __main__ - DEBUG - Blending stats with ρ_niw=0.0500, ρ_tr=0.0500.
2025-09-23 11:55:03,842 - __main__ - DEBUG - Iter 0: ELBO after NIW update: -18.2190 (Emit LL 12799.2628, NIW term -12265.3193, Δ=3188.5140)
2025-09-23 11:55:03,891 - __main__ - DEBUG - Iter 0: ELBO after Dirichlet update: -18.1298 (Trans LL -7.3990, Dir term -24.7779, Δ=0.0892)
2025-09-23 11:55:03,962 - __main__ - DEBUG - Iter 0: ELBO after β update: -18.7074 (Init LL -504.5475, Dir term -24.8074, logp(β) -15.8977, Δ=-0.5776)
2025-09-23 11:55:10,887 - __main__ - DEBUG - Iter 1: ELBO after FB: -18.7074 (LL 12287.3170, Δ=0.0000)
2025-09-23 11:55:10,888 - __main__ - DEBUG - Blending stats with ρ_niw=0.0500, ρ_tr=0.0500.
2025-09-23 11:55:10,938 - __main__ - DEBUG - Iter 1: ELBO after NIW update: -18.7074 (Emit LL 12799.2628, NIW term -12265.3193, Δ=0.0000)
2025-09-23 11:55:10,988 - __main__ - DEBUG - Iter 1: ELBO after Dirichlet update: -18.7532 (Trans LL -7.3743, Dir term -24.8779, Δ=-0.0458)
2025-09-23 11:55:11,062 - __main__ - DEBUG - Iter 1: ELBO after β update: -19.3081 (Init LL -505.0211, Dir term -24.9506, logp(β) -15.9062, Δ=-0.5548)
2025-09-23 11:55:11,062 - __main__ - DEBUG - Early stopping: ELBO drop 0.6006 > tolerance, reverting to best parameters
2025-09-23 11:55:11,064 - __main__ - INFO -    HMM refresh complete: ELBO=36.8806, iters=0, max iters, states=40
2025-09-23 11:55:11,064 - __main__ - INFO -    ✅ HMM updated (next in 12,000 steps)
2025-09-23 11:55:11,064 - __main__ - INFO - 🔄 VAE refresh starting at step 101,376 with replay size 8x1536
2025-09-23 11:55:11,065 - __main__ - INFO -    Using span sampling (12288 timesteps, too large for full buffer)
2025-09-23 11:55:36,996 - __main__ - INFO -    VAE refresh complete: final_loss=2773.5378, avg_loss=2775.1570, steps=4/4, trend=improving, total_timesteps=12288, span_sampling=32_requested×4_steps, span_len=64
2025-09-23 11:55:36,998 - __main__ - INFO -    ✅ VAE updated (next in 12,000 steps)
2025-09-23 11:55:39,358 - __main__ - INFO - 📊 Episodes completed this rollout: 5
2025-09-23 11:55:39,358 - __main__ - INFO - 📈 Episode stats: avg return = -0.06, avg length = 243.8
2025-09-23 11:55:39,359 - __main__ - INFO - 🎯 Top 3 training actions: #2(19712), #3(17057), #4(15736)
2025-09-23 11:55:43,260 - __main__ - INFO - 📊 Episodes completed this rollout: 5
2025-09-23 11:55:43,260 - __main__ - INFO - 📈 Episode stats: avg return = -0.15, avg length = 240.6
2025-09-23 11:55:43,260 - __main__ - INFO - 🎯 Top 3 training actions: #2(19922), #3(17410), #4(15887)
2025-09-23 11:55:47,129 - __main__ - INFO - 📊 Episodes completed this rollout: 7
2025-09-23 11:55:47,129 - __main__ - INFO - 📈 Episode stats: avg return = 0.45, avg length = 140.0
2025-09-23 11:55:47,129 - __main__ - INFO - 🎯 Top 3 training actions: #2(20149), #3(17677), #4(16056)
2025-09-23 11:55:51,012 - __main__ - INFO - 📊 Episodes completed this rollout: 2
2025-09-23 11:55:51,012 - __main__ - INFO - 📈 Episode stats: avg return = -0.41, avg length = 300.0
2025-09-23 11:55:51,012 - __main__ - INFO - 🎯 Top 3 training actions: #2(20375), #3(17922), #4(16247)
2025-09-23 11:55:54,897 - __main__ - INFO - 📊 Episodes completed this rollout: 4
2025-09-23 11:55:54,897 - __main__ - INFO - 📈 Episode stats: avg return = 0.03, avg length = 268.5
2025-09-23 11:55:54,897 - __main__ - INFO - 🎯 Top 3 training actions: #2(20619), #3(18164), #4(16458)
2025-09-23 11:55:58,817 - __main__ - INFO - 📊 Episodes completed this rollout: 6
2025-09-23 11:55:58,817 - __main__ - INFO - 📈 Episode stats: avg return = 0.05, avg length = 257.7
2025-09-23 11:55:58,817 - __main__ - INFO - 🎯 Top 3 training actions: #2(20898), #3(18377), #4(16642)
2025-09-23 11:56:02,703 - __main__ - INFO - 📊 Episodes completed this rollout: 3
2025-09-23 11:56:02,703 - __main__ - INFO - 📈 Episode stats: avg return = 0.30, avg length = 201.3
2025-09-23 11:56:02,704 - __main__ - INFO - 🎯 Top 3 training actions: #2(21165), #3(18566), #4(16816)
2025-09-23 11:56:06,765 - __main__ - INFO - 📊 Episodes completed this rollout: 5
2025-09-23 11:56:06,765 - __main__ - INFO - 📈 Episode stats: avg return = 0.20, avg length = 235.8
2025-09-23 11:56:06,765 - __main__ - INFO - 🎯 Top 3 training actions: #2(21373), #3(18773), #4(16973)
2025-09-23 11:56:10,867 - __main__ - INFO - 📊 Episodes completed this rollout: 5
2025-09-23 11:56:10,868 - __main__ - INFO - 📈 Episode stats: avg return = 0.22, avg length = 205.0
2025-09-23 11:56:10,868 - __main__ - INFO - 🎯 Top 3 training actions: #2(21568), #3(18985), #4(17144)
2025-09-23 11:56:12,541 - __main__ - INFO - 🧪 Starting evaluation with 50 episodes...
2025-09-23 11:56:12,541 - __main__ - INFO -    Eval seed: 51
2025-09-23 11:56:12,541 - __main__ - INFO -    Max episode steps (eval): env default
2025-09-23 11:56:12,541 - nle.env.base - INFO - Not saving any NLE data.
2025-09-23 11:56:13,623 - __main__ - DEBUG - 🎯 Eval HMM masking: step 100 masked due to negative reward
2025-09-23 11:56:15,832 - __main__ - DEBUG - 🎯 Eval HMM masking: step 50 masked due to negative reward
2025-09-23 11:56:19,278 - __main__ - DEBUG - 🎯 Eval HMM masking: step 100 masked due to negative reward
2025-09-23 11:56:19,796 - __main__ - DEBUG - 🎯 Eval HMM masking: step 150 masked due to negative reward
2025-09-23 11:56:21,342 - __main__ - WARNING - ⚠️ Episode 4 terminated due to step limit.
2025-09-23 11:56:24,097 - __main__ - DEBUG - 🎯 Eval HMM masking: step 250 masked due to negative reward
2025-09-23 11:56:24,607 - __main__ - WARNING - ⚠️ Episode 5 terminated due to step limit.
2025-09-23 11:56:27,888 - __main__ - WARNING - ⚠️ Episode 6 terminated due to step limit.
2025-09-23 11:56:31,168 - __main__ - WARNING - ⚠️ Episode 7 terminated due to step limit.
2025-09-23 11:56:32,371 - __main__ - DEBUG - 🎯 Eval HMM masking: step 100 masked due to negative reward
2025-09-23 11:56:32,890 - __main__ - DEBUG - 🎯 Eval HMM masking: step 150 masked due to negative reward
2025-09-23 11:56:33,413 - __main__ - DEBUG - 🎯 Eval HMM masking: step 200 masked due to negative reward
2025-09-23 11:56:33,933 - __main__ - DEBUG - 🎯 Eval HMM masking: step 250 masked due to negative reward
2025-09-23 11:56:34,443 - __main__ - WARNING - ⚠️ Episode 8 terminated due to step limit.
2025-09-23 11:56:36,703 - __main__ - DEBUG - 🎯 Eval HMM masking: step 200 masked due to negative reward
2025-09-23 11:56:37,765 - __main__ - WARNING - ⚠️ Episode 9 terminated due to step limit.
2025-09-23 11:56:41,018 - __main__ - DEBUG - 🎯 Eval HMM masking: step 150 masked due to negative reward
2025-09-23 11:56:45,560 - __main__ - DEBUG - 🎯 Eval HMM masking: step 250 masked due to negative reward
2025-09-23 11:56:46,072 - __main__ - WARNING - ⚠️ Episode 13 terminated due to step limit.
2025-09-23 11:56:47,819 - __main__ - DEBUG - 🎯 Eval HMM masking: step 150 masked due to negative reward
2025-09-23 11:56:48,861 - __main__ - DEBUG - 🎯 Eval HMM masking: step 250 masked due to negative reward
2025-09-23 11:56:49,372 - __main__ - WARNING - ⚠️ Episode 14 terminated due to step limit.
2025-09-23 11:56:51,703 - __main__ - DEBUG - 🎯 Eval HMM masking: step 200 masked due to negative reward
2025-09-23 11:56:52,814 - __main__ - WARNING - ⚠️ Episode 15 terminated due to step limit.
2025-09-23 11:56:54,550 - __main__ - DEBUG - 🎯 Eval HMM masking: step 150 masked due to negative reward
2025-09-23 11:56:55,070 - __main__ - DEBUG - 🎯 Eval HMM masking: step 200 masked due to negative reward
2025-09-23 11:56:56,100 - __main__ - WARNING - ⚠️ Episode 16 terminated due to step limit.
2025-09-23 11:56:58,341 - __main__ - DEBUG - 🎯 Eval HMM masking: step 200 masked due to negative reward
2025-09-23 11:56:58,862 - __main__ - DEBUG - 🎯 Eval HMM masking: step 250 masked due to negative reward
2025-09-23 11:56:59,373 - __main__ - WARNING - ⚠️ Episode 17 terminated due to step limit.
2025-09-23 11:57:01,134 - __main__ - DEBUG - 🎯 Eval HMM masking: step 150 masked due to negative reward
2025-09-23 11:57:02,795 - __main__ - WARNING - ⚠️ Episode 18 terminated due to step limit.
2025-09-23 11:57:06,077 - __main__ - WARNING - ⚠️ Episode 19 terminated due to step limit.
2025-09-23 11:57:09,522 - __main__ - WARNING - ⚠️ Episode 21 terminated due to step limit.
2025-09-23 11:57:13,026 - __main__ - WARNING - ⚠️ Episode 22 terminated due to step limit.
2025-09-23 11:57:22,187 - __main__ - WARNING - ⚠️ Episode 27 terminated due to step limit.
2025-09-23 11:57:25,127 - __main__ - DEBUG - 🎯 Eval HMM masking: step 150 masked due to negative reward
2025-09-23 11:57:26,640 - __main__ - DEBUG - 🎯 Eval HMM masking: step 50 masked due to negative reward
2025-09-23 11:57:29,239 - __main__ - WARNING - ⚠️ Episode 30 terminated due to step limit.
2025-09-23 11:57:32,530 - __main__ - WARNING - ⚠️ Episode 31 terminated due to step limit.
2025-09-23 11:57:33,762 - __main__ - DEBUG - 🎯 Eval HMM masking: step 100 masked due to negative reward
2025-09-23 11:57:34,814 - __main__ - DEBUG - 🎯 Eval HMM masking: step 200 masked due to negative reward
2025-09-23 11:57:35,852 - __main__ - WARNING - ⚠️ Episode 32 terminated due to step limit.
2025-09-23 11:57:39,140 - __main__ - WARNING - ⚠️ Episode 33 terminated due to step limit.
2025-09-23 11:57:40,389 - __main__ - DEBUG - 🎯 Eval HMM masking: step 100 masked due to negative reward
2025-09-23 11:57:42,464 - __main__ - WARNING - ⚠️ Episode 34 terminated due to step limit.
2025-09-23 11:57:45,058 - __main__ - DEBUG - 🎯 Eval HMM masking: step 200 masked due to negative reward
2025-09-23 11:57:46,119 - __main__ - WARNING - ⚠️ Episode 37 terminated due to step limit.
2025-09-23 11:57:48,901 - __main__ - DEBUG - 🎯 Eval HMM masking: step 250 masked due to negative reward
2025-09-23 11:57:49,411 - __main__ - WARNING - ⚠️ Episode 38 terminated due to step limit.
2025-09-23 11:57:50,616 - __main__ - DEBUG - 🎯 Eval HMM masking: step 100 masked due to negative reward
2025-09-23 11:57:52,681 - __main__ - WARNING - ⚠️ Episode 39 terminated due to step limit.
2025-09-23 11:57:53,888 - __main__ - DEBUG - 🎯 Eval HMM masking: step 100 masked due to negative reward
2025-09-23 11:57:55,977 - __main__ - WARNING - ⚠️ Episode 40 terminated due to step limit.
2025-09-23 11:57:58,835 - __main__ - DEBUG - 🎯 Eval HMM masking: step 50 masked due to negative reward
2025-09-23 11:58:01,444 - __main__ - WARNING - ⚠️ Episode 42 terminated due to step limit.
2025-09-23 11:58:03,172 - __main__ - DEBUG - 🎯 Eval HMM masking: step 150 masked due to negative reward
2025-09-23 11:58:03,706 - __main__ - DEBUG - 🎯 Eval HMM masking: step 200 masked due to negative reward
2025-09-23 11:58:04,256 - __main__ - DEBUG - 🎯 Eval HMM masking: step 250 masked due to negative reward
2025-09-23 11:58:04,806 - __main__ - WARNING - ⚠️ Episode 43 terminated due to step limit.
2025-09-23 11:58:06,643 - __main__ - DEBUG - 🎯 Eval HMM masking: step 150 masked due to negative reward
2025-09-23 11:58:08,254 - __main__ - DEBUG - 🎯 Eval HMM masking: step 100 masked due to negative reward
2025-09-23 11:58:10,407 - __main__ - WARNING - ⚠️ Episode 45 terminated due to step limit.
2025-09-23 11:58:11,704 - __main__ - DEBUG - 🎯 Eval HMM masking: step 100 masked due to negative reward
2025-09-23 11:58:13,891 - __main__ - WARNING - ⚠️ Episode 46 terminated due to step limit.
2025-09-23 11:58:17,379 - __main__ - WARNING - ⚠️ Episode 48 terminated due to step limit.
2025-09-23 11:58:18,101 - __main__ - DEBUG - 🎯 Eval HMM masking: step 50 masked due to negative reward
2025-09-23 11:58:19,174 - __main__ - DEBUG - 🎯 Eval HMM masking: step 150 masked due to negative reward
2025-09-23 11:58:20,780 - __main__ - WARNING - ⚠️ Episode 49 terminated due to step limit.
2025-09-23 11:58:22,625 - __main__ - DEBUG - 🎯 Eval HMM masking: step 150 masked due to negative reward
2025-09-23 11:58:24,282 - __main__ - WARNING - ⚠️ Episode 50 terminated due to step limit.
2025-09-23 11:58:24,451 - __main__ - INFO - 📊 Evaluation Results (Current Round):
2025-09-23 11:58:24,451 - __main__ - INFO -    Episodes: 50
2025-09-23 11:58:24,451 - __main__ - INFO -    Time: 131.9s (2.6s/ep)
2025-09-23 11:58:24,451 - __main__ - INFO -    Average Return: 0.040 ± 0.634
2025-09-23 11:58:24,451 - __main__ - INFO -    Success Rate: 36.0%
2025-09-23 11:58:24,451 - __main__ - INFO -    Average Length: 237.2
2025-09-23 11:58:24,451 - __main__ - INFO -    Average Coverage: 77.0 positions
2025-09-23 11:58:24,451 - __main__ - INFO -    Episode Completions: 18 terminated (36.0%), 32 truncated (64.0%)
2025-09-23 11:58:24,451 - __main__ - INFO - 📈 Total Evaluation Statistics:
2025-09-23 11:58:24,452 - __main__ - INFO -    Total Episodes: 550
2025-09-23 11:58:24,452 - __main__ - INFO -    Total Average Return: 0.112 ± 0.646
2025-09-23 11:58:24,452 - __main__ - INFO -    Total Average Length: 227.1 ± 103.2
2025-09-23 11:58:24,452 - __main__ - INFO -    Total Completions: 226 terminated (41.1%), 324 truncated (58.9%)
2025-09-23 11:58:24,452 - __main__ - INFO -    Skill Entropy: 0.001
2025-09-23 11:58:24,452 - __main__ - INFO -    Used Skills: 1.0
2025-09-23 11:58:24,452 - __main__ - INFO -    Effective K: 1.00
2025-09-23 11:58:24,452 - __main__ - INFO - 🎯 Action Usage Statistics:
2025-09-23 11:58:24,452 - __main__ - INFO -    Unique actions in evaluation: 8
2025-09-23 11:58:24,452 - __main__ - INFO -    Unique actions in training: 8
2025-09-23 11:58:24,452 - __main__ - INFO -    Total unique actions: 8
2025-09-23 11:58:24,453 - __main__ - INFO -    Action coverage: 6.6%
2025-09-23 11:58:24,453 - __main__ - INFO -    Train action count: 110592
2025-09-23 11:58:24,453 - __main__ - INFO -    Eval action count: 124896
2025-09-23 11:58:24,453 - __main__ - INFO -    Train action entropy: 2.006
2025-09-23 11:58:24,453 - __main__ - INFO -    Eval action entropy: 2.003
2025-09-23 11:58:24,454 - __main__ - INFO -    Top 3 train actions: #2(21568), #3(18985), #4(17144)
2025-09-23 11:58:24,454 - __main__ - INFO -    Top 3 eval actions: #2(23831), #3(21350), #4(19659)
2025-09-23 11:58:26,749 - __main__ - INFO - 📊 Episodes completed this rollout: 4
2025-09-23 11:58:26,750 - __main__ - INFO - 📈 Episode stats: avg return = -0.08, avg length = 241.8
2025-09-23 11:58:26,750 - __main__ - INFO - 🎯 Top 3 training actions: #2(21757), #3(19155), #4(17336)
2025-09-23 11:58:30,646 - __main__ - INFO - 📊 Episodes completed this rollout: 6
2025-09-23 11:58:30,646 - __main__ - INFO - 📈 Episode stats: avg return = 0.30, avg length = 175.3
2025-09-23 11:58:30,647 - __main__ - INFO - 🎯 Top 3 training actions: #2(21931), #3(19344), #4(17530)
2025-09-23 11:58:34,547 - __main__ - INFO - 📊 Episodes completed this rollout: 4
2025-09-23 11:58:34,547 - __main__ - INFO - 📈 Episode stats: avg return = -0.03, avg length = 240.5
2025-09-23 11:58:34,547 - __main__ - INFO - 🎯 Top 3 training actions: #2(22103), #3(19535), #4(17734)
2025-09-23 11:58:36,110 - __main__ - INFO - 🔄 Synchronized model update at step 113,664
2025-09-23 11:58:36,110 - __main__ - INFO -    HMM interval: 12,000, VAE interval: 12,000
2025-09-23 11:58:36,111 - __main__ - INFO - 🚫 Model training masking: 2316/12288 timesteps masked (18.8%) due to negative rewards (invalid actions)
2025-09-23 11:58:36,498 - __main__ - INFO - 🔄 Capping HMM batch size from 1268 to 128 to prevent OOM
2025-09-23 11:58:36,499 - __main__ - INFO - 🔄 HMM refresh starting at step 113,664 with replay size 128x59
2025-09-23 11:58:40,006 - __main__ - DEBUG - Initial ELBO: -5500.5773
2025-09-23 11:58:40,009 - __main__ - DEBUG - Relative tol: 0.0100
2025-09-23 11:58:40,009 - __main__ - DEBUG - Relative elbo_drop_tol: 0.0100
2025-09-23 11:58:40,009 - __main__ - DEBUG - - Init -504.5475
2025-09-23 11:58:40,009 - __main__ - DEBUG - - Trans -3.6180
2025-09-23 11:58:40,009 - __main__ - DEBUG - - Emit 7313.6123
2025-09-23 11:58:40,009 - __main__ - DEBUG - - Entropy 0.0003
2025-09-23 11:58:40,009 - __main__ - DEBUG - - Dir -24.8074
2025-09-23 11:58:40,009 - __main__ - DEBUG - - NIW -12265.3193
2025-09-23 11:58:40,009 - __main__ - DEBUG - - Beta prior -15.8977
2025-09-23 11:58:43,878 - __main__ - DEBUG - Iter 0: ELBO after FB: -5500.5773 (LL 6805.4471, Δ=0.0000)
2025-09-23 11:58:43,878 - __main__ - DEBUG - Blending stats with ρ_niw=0.0500, ρ_tr=0.0500.
2025-09-23 11:58:43,925 - __main__ - DEBUG - Iter 0: ELBO after NIW update: -4861.3138 (Emit LL 8059.9393, NIW term -12372.3828, Δ=639.2635)
2025-09-23 11:58:43,972 - __main__ - DEBUG - Iter 0: ELBO after Dirichlet update: -4861.2614 (Trans LL -3.6659, Dir term -24.7071, Δ=0.0524)
2025-09-23 11:58:44,040 - __main__ - DEBUG - Iter 0: ELBO after β update: -4861.8365 (Init LL -505.0785, Dir term -24.7395, logp(β) -15.9095, Δ=-0.5751)
2025-09-23 11:58:47,908 - __main__ - DEBUG - Iter 1: ELBO after FB: -4861.8365 (LL 7551.1953, Δ=0.0000)
2025-09-23 11:58:47,909 - __main__ - DEBUG - Blending stats with ρ_niw=0.0500, ρ_tr=0.0500.
2025-09-23 11:58:47,956 - __main__ - DEBUG - Iter 1: ELBO after NIW update: -4861.8365 (Emit LL 8059.9393, NIW term -12372.3828, Δ=0.0000)
2025-09-23 11:58:48,004 - __main__ - DEBUG - Iter 1: ELBO after Dirichlet update: -4861.9245 (Trans LL -3.6538, Dir term -24.8395, Δ=-0.0880)
2025-09-23 11:58:48,075 - __main__ - DEBUG - Iter 1: ELBO after β update: -4862.4601 (Init LL -505.5434, Dir term -24.9025, logp(β) -15.9172, Δ=-0.5356)
2025-09-23 11:58:51,941 - __main__ - DEBUG - Iter 2: ELBO after FB: -4862.4601 (LL 7550.7424, Δ=0.0000)
2025-09-23 11:58:51,941 - __main__ - DEBUG - Blending stats with ρ_niw=0.0500, ρ_tr=0.0500.
2025-09-23 11:58:51,990 - __main__ - DEBUG - Iter 2: ELBO after NIW update: -4862.4601 (Emit LL 8059.9393, NIW term -12372.3828, Δ=0.0000)
2025-09-23 11:58:52,039 - __main__ - DEBUG - Iter 2: ELBO after Dirichlet update: -4862.6547 (Trans LL -3.6434, Dir term -25.1076, Δ=-0.1946)
2025-09-23 11:58:52,107 - __main__ - DEBUG - Iter 2: ELBO after β update: -4863.0989 (Init LL -505.8961, Dir term -25.1990, logp(β) -15.9173, Δ=-0.4442)
2025-09-23 11:58:55,969 - __main__ - DEBUG - Iter 3: ELBO after FB: -4863.0989 (LL 7550.4002, Δ=0.0000)
2025-09-23 11:58:55,969 - __main__ - DEBUG - Blending stats with ρ_niw=0.0500, ρ_tr=0.0500.
2025-09-23 11:58:56,018 - __main__ - DEBUG - Iter 3: ELBO after NIW update: -4863.0989 (Emit LL 8059.9393, NIW term -12372.3828, Δ=0.0000)
2025-09-23 11:58:56,067 - __main__ - DEBUG - Iter 3: ELBO after Dirichlet update: -4863.4358 (Trans LL -3.6353, Dir term -25.5439, Δ=-0.3369)
2025-09-23 11:58:56,127 - __main__ - DEBUG - Iter 3: ELBO after β update: -4863.4776 (Init LL -505.8904, Dir term -25.5949, logp(β) -15.9138, Δ=-0.0419)
2025-09-23 11:58:59,997 - __main__ - DEBUG - Iter 4: ELBO after FB: -4863.4776 (LL 7550.4139, Δ=0.0000)
2025-09-23 11:58:59,998 - __main__ - DEBUG - Blending stats with ρ_niw=0.0500, ρ_tr=0.0500.
2025-09-23 11:59:00,046 - __main__ - DEBUG - Iter 4: ELBO after NIW update: -4863.4776 (Emit LL 8059.9393, NIW term -12372.3828, Δ=0.0000)
2025-09-23 11:59:00,095 - __main__ - DEBUG - Iter 4: ELBO after Dirichlet update: -4863.6740 (Trans LL -3.6357, Dir term -25.7908, Δ=-0.1963)
2025-09-23 11:59:00,166 - __main__ - DEBUG - Iter 4: ELBO after β update: -4863.8960 (Init LL -506.0309, Dir term -25.8799, logp(β) -15.9063, Δ=-0.2221)
2025-09-23 11:59:00,167 - __main__ - INFO -    HMM refresh complete: ELBO=54.7475, iters=0, max iters, states=40
2025-09-23 11:59:00,167 - __main__ - INFO -    ✅ HMM updated (next in 12,000 steps)
2025-09-23 11:59:00,167 - __main__ - INFO - 🔄 VAE refresh starting at step 113,664 with replay size 8x1536
2025-09-23 11:59:00,168 - __main__ - INFO -    Using span sampling (12288 timesteps, too large for full buffer)
2025-09-23 11:59:24,170 - __main__ - INFO -    VAE refresh complete: final_loss=2755.7422, avg_loss=2758.8377, steps=4/4, trend=improving, total_timesteps=12288, span_sampling=32_requested×4_steps, span_len=64
2025-09-23 11:59:24,172 - __main__ - INFO -    ✅ VAE updated (next in 12,000 steps)
2025-09-23 11:59:26,467 - __main__ - INFO - 📊 Episodes completed this rollout: 5
2025-09-23 11:59:26,467 - __main__ - INFO - 📈 Episode stats: avg return = -0.24, avg length = 245.4
2025-09-23 11:59:26,467 - __main__ - INFO - 🎯 Top 3 training actions: #2(22272), #3(19723), #4(17896)
2025-09-23 11:59:30,331 - __main__ - INFO - 📊 Episodes completed this rollout: 5
2025-09-23 11:59:30,331 - __main__ - INFO - 📈 Episode stats: avg return = 0.42, avg length = 182.0
2025-09-23 11:59:30,331 - __main__ - INFO - 🎯 Top 3 training actions: #2(22444), #3(19923), #4(18058)
2025-09-23 11:59:34,204 - __main__ - INFO - 📊 Episodes completed this rollout: 5
2025-09-23 11:59:34,205 - __main__ - INFO - 📈 Episode stats: avg return = 0.23, avg length = 219.2
2025-09-23 11:59:34,205 - __main__ - INFO - 🎯 Top 3 training actions: #2(22625), #3(20123), #4(18249)
2025-09-23 11:59:38,055 - __main__ - INFO - 📊 Episodes completed this rollout: 5
2025-09-23 11:59:38,055 - __main__ - INFO - 📈 Episode stats: avg return = 0.10, avg length = 235.6
2025-09-23 11:59:38,055 - __main__ - INFO - 🎯 Top 3 training actions: #2(22819), #3(20384), #4(18440)
2025-09-23 11:59:41,883 - __main__ - INFO - 📊 Episodes completed this rollout: 2
2025-09-23 11:59:41,884 - __main__ - INFO - 📈 Episode stats: avg return = 0.10, avg length = 290.5
2025-09-23 11:59:41,884 - __main__ - INFO - 🎯 Top 3 training actions: #2(23028), #3(20693), #4(18618)
2025-09-23 11:59:45,940 - __main__ - INFO - 📊 Episodes completed this rollout: 6
2025-09-23 11:59:45,940 - __main__ - INFO - 📈 Episode stats: avg return = -0.31, avg length = 300.0
2025-09-23 11:59:45,940 - __main__ - INFO - 🎯 Top 3 training actions: #2(23283), #3(20981), #4(18817)
2025-09-23 11:59:49,795 - __main__ - INFO - 📊 Episodes completed this rollout: 2
2025-09-23 11:59:49,795 - __main__ - INFO - 📈 Episode stats: avg return = 0.92, avg length = 99.5
2025-09-23 11:59:49,795 - __main__ - INFO - 🎯 Top 3 training actions: #2(23543), #3(21206), #4(19057)
2025-09-23 11:59:51,366 - __main__ - INFO - 🧪 Starting evaluation with 50 episodes...
2025-09-23 11:59:51,366 - __main__ - INFO -    Eval seed: 51
2025-09-23 11:59:51,366 - __main__ - INFO -    Max episode steps (eval): env default
2025-09-23 11:59:51,367 - nle.env.base - INFO - Not saving any NLE data.
2025-09-23 11:59:54,577 - __main__ - WARNING - ⚠️ Episode 1 terminated due to step limit.
2025-09-23 11:59:57,896 - __main__ - DEBUG - 🎯 Eval HMM masking: step 250 masked due to negative reward
2025-09-23 11:59:58,418 - __main__ - WARNING - ⚠️ Episode 3 terminated due to step limit.
2025-09-23 11:59:59,689 - __main__ - DEBUG - 🎯 Eval HMM masking: step 100 masked due to negative reward
2025-09-23 12:00:02,929 - __main__ - WARNING - ⚠️ Episode 5 terminated due to step limit.
2025-09-23 12:00:03,621 - __main__ - DEBUG - 🎯 Eval HMM masking: step 50 masked due to negative reward
2025-09-23 12:00:06,785 - __main__ - DEBUG - 🎯 Eval HMM masking: step 50 masked due to negative reward
2025-09-23 12:00:09,392 - __main__ - WARNING - ⚠️ Episode 8 terminated due to step limit.
2025-09-23 12:00:12,367 - __main__ - DEBUG - 🎯 Eval HMM masking: step 100 masked due to negative reward
2025-09-23 12:00:14,559 - __main__ - WARNING - ⚠️ Episode 11 terminated due to step limit.
2025-09-23 12:00:16,315 - __main__ - DEBUG - 🎯 Eval HMM masking: step 150 masked due to negative reward
2025-09-23 12:00:17,416 - __main__ - DEBUG - 🎯 Eval HMM masking: step 250 masked due to negative reward
2025-09-23 12:00:17,967 - __main__ - WARNING - ⚠️ Episode 12 terminated due to step limit.
2025-09-23 12:00:21,253 - __main__ - WARNING - ⚠️ Episode 13 terminated due to step limit.
2025-09-23 12:00:23,738 - __main__ - DEBUG - 🎯 Eval HMM masking: step 50 masked due to negative reward
2025-09-23 12:00:24,792 - __main__ - DEBUG - 🎯 Eval HMM masking: step 150 masked due to negative reward
2025-09-23 12:00:26,681 - __main__ - DEBUG - 🎯 Eval HMM masking: step 100 masked due to negative reward
2025-09-23 12:00:28,754 - __main__ - WARNING - ⚠️ Episode 16 terminated due to step limit.
2025-09-23 12:00:32,135 - __main__ - WARNING - ⚠️ Episode 17 terminated due to step limit.
2025-09-23 12:00:35,461 - __main__ - WARNING - ⚠️ Episode 18 terminated due to step limit.
2025-09-23 12:00:37,705 - __main__ - DEBUG - 🎯 Eval HMM masking: step 200 masked due to negative reward
2025-09-23 12:00:38,738 - __main__ - WARNING - ⚠️ Episode 19 terminated due to step limit.
2025-09-23 12:00:40,624 - __main__ - DEBUG - 🎯 Eval HMM masking: step 100 masked due to negative reward
2025-09-23 12:00:44,058 - __main__ - DEBUG - 🎯 Eval HMM masking: step 150 masked due to negative reward
2025-09-23 12:00:45,619 - __main__ - WARNING - ⚠️ Episode 22 terminated due to step limit.
2025-09-23 12:00:54,331 - __main__ - DEBUG - 🎯 Eval HMM masking: step 150 masked due to negative reward
2025-09-23 12:01:01,516 - __main__ - DEBUG - 🎯 Eval HMM masking: step 150 masked due to negative reward
2025-09-23 12:01:03,069 - __main__ - WARNING - ⚠️ Episode 30 terminated due to step limit.
2025-09-23 12:01:06,362 - __main__ - WARNING - ⚠️ Episode 31 terminated due to step limit.
2025-09-23 12:01:09,675 - __main__ - WARNING - ⚠️ Episode 32 terminated due to step limit.
2025-09-23 12:01:10,363 - __main__ - DEBUG - 🎯 Eval HMM masking: step 50 masked due to negative reward
2025-09-23 12:01:10,885 - __main__ - DEBUG - 🎯 Eval HMM masking: step 100 masked due to negative reward
2025-09-23 12:01:11,937 - __main__ - DEBUG - 🎯 Eval HMM masking: step 200 masked due to negative reward
2025-09-23 12:01:12,992 - __main__ - WARNING - ⚠️ Episode 33 terminated due to step limit.
2025-09-23 12:01:17,061 - __main__ - WARNING - ⚠️ Episode 35 terminated due to step limit.
2025-09-23 12:01:21,682 - __main__ - WARNING - ⚠️ Episode 39 terminated due to step limit.
2025-09-23 12:01:26,939 - __main__ - DEBUG - 🎯 Eval HMM masking: step 150 masked due to negative reward
2025-09-23 12:01:28,024 - __main__ - DEBUG - 🎯 Eval HMM masking: step 250 masked due to negative reward
2025-09-23 12:01:28,574 - __main__ - WARNING - ⚠️ Episode 42 terminated due to step limit.
2025-09-23 12:01:32,021 - __main__ - WARNING - ⚠️ Episode 43 terminated due to step limit.
2025-09-23 12:01:34,409 - __main__ - DEBUG - 🎯 Eval HMM masking: step 200 masked due to negative reward
2025-09-23 12:01:35,498 - __main__ - WARNING - ⚠️ Episode 44 terminated due to step limit.
2025-09-23 12:01:38,938 - __main__ - WARNING - ⚠️ Episode 45 terminated due to step limit.
2025-09-23 12:01:40,740 - __main__ - DEBUG - 🎯 Eval HMM masking: step 150 masked due to negative reward
2025-09-23 12:01:43,129 - __main__ - DEBUG - 🎯 Eval HMM masking: step 150 masked due to negative reward
2025-09-23 12:01:43,652 - __main__ - DEBUG - 🎯 Eval HMM masking: step 200 masked due to negative reward
2025-09-23 12:01:44,697 - __main__ - WARNING - ⚠️ Episode 49 terminated due to step limit.
2025-09-23 12:01:44,967 - __main__ - INFO - 📊 Evaluation Results (Current Round):
2025-09-23 12:01:44,967 - __main__ - INFO -    Episodes: 50
2025-09-23 12:01:44,967 - __main__ - INFO -    Time: 113.6s (2.3s/ep)
2025-09-23 12:01:44,967 - __main__ - INFO -    Average Return: 0.310 ± 0.639
2025-09-23 12:01:44,967 - __main__ - INFO -    Success Rate: 54.0%
2025-09-23 12:01:44,967 - __main__ - INFO -    Average Length: 203.4
2025-09-23 12:01:44,967 - __main__ - INFO -    Average Coverage: 69.5 positions
2025-09-23 12:01:44,967 - __main__ - INFO -    Episode Completions: 27 terminated (54.0%), 23 truncated (46.0%)
2025-09-23 12:01:44,967 - __main__ - INFO - 📈 Total Evaluation Statistics:
2025-09-23 12:01:44,968 - __main__ - INFO -    Total Episodes: 600
2025-09-23 12:01:44,968 - __main__ - INFO -    Total Average Return: 0.129 ± 0.648
2025-09-23 12:01:44,968 - __main__ - INFO -    Total Average Length: 225.1 ± 104.4
2025-09-23 12:01:44,968 - __main__ - INFO -    Total Completions: 253 terminated (42.2%), 347 truncated (57.8%)
2025-09-23 12:01:44,968 - __main__ - INFO -    Skill Entropy: 0.001
2025-09-23 12:01:44,968 - __main__ - INFO -    Used Skills: 1.0
2025-09-23 12:01:44,968 - __main__ - INFO -    Effective K: 1.00
2025-09-23 12:01:44,968 - __main__ - INFO - 🎯 Action Usage Statistics:
2025-09-23 12:01:44,968 - __main__ - INFO -    Unique actions in evaluation: 8
2025-09-23 12:01:44,968 - __main__ - INFO -    Unique actions in training: 8
2025-09-23 12:01:44,968 - __main__ - INFO -    Total unique actions: 8
2025-09-23 12:01:44,969 - __main__ - INFO -    Action coverage: 6.6%
2025-09-23 12:01:44,969 - __main__ - INFO -    Train action count: 120832
2025-09-23 12:01:44,969 - __main__ - INFO -    Eval action count: 135068
2025-09-23 12:01:44,969 - __main__ - INFO -    Train action entropy: 2.003
2025-09-23 12:01:44,969 - __main__ - INFO -    Eval action entropy: 1.994
2025-09-23 12:01:44,970 - __main__ - INFO -    Top 3 train actions: #2(23543), #3(21206), #4(19057)
2025-09-23 12:01:44,970 - __main__ - INFO -    Top 3 eval actions: #2(26214), #3(23732), #4(22182)
2025-09-23 12:01:47,336 - __main__ - INFO - 📊 Episodes completed this rollout: 8
2025-09-23 12:01:47,336 - __main__ - INFO - 📈 Episode stats: avg return = 0.22, avg length = 176.2
2025-09-23 12:01:47,336 - __main__ - INFO - 🎯 Top 3 training actions: #2(23790), #3(21415), #4(19341)
2025-09-23 12:01:51,317 - __main__ - INFO - 📊 Episodes completed this rollout: 3
2025-09-23 12:01:51,317 - __main__ - INFO - 📈 Episode stats: avg return = -0.31, avg length = 300.0
2025-09-23 12:01:51,318 - __main__ - INFO - 🎯 Top 3 training actions: #2(24021), #3(21644), #4(19586)
2025-09-23 12:01:55,148 - __main__ - INFO - 📊 Episodes completed this rollout: 2
2025-09-23 12:01:55,148 - __main__ - INFO - 📈 Episode stats: avg return = 0.22, avg length = 269.5
2025-09-23 12:01:55,148 - __main__ - INFO - 🎯 Top 3 training actions: #2(24266), #3(21906), #4(19759)
2025-09-23 12:01:59,038 - __main__ - INFO - 📊 Episodes completed this rollout: 9
2025-09-23 12:01:59,038 - __main__ - INFO - 📈 Episode stats: avg return = 0.07, avg length = 205.6
2025-09-23 12:01:59,038 - __main__ - INFO - 🎯 Top 3 training actions: #2(24511), #3(22214), #4(19909)
2025-09-23 12:02:02,919 - __main__ - INFO - 📊 Episodes completed this rollout: 1
2025-09-23 12:02:02,920 - __main__ - INFO - 📈 Episode stats: avg return = -0.46, avg length = 300.0
2025-09-23 12:02:02,920 - __main__ - INFO - 🎯 Top 3 training actions: #2(24739), #3(22472), #4(20087)
2025-09-23 12:02:04,491 - __main__ - INFO - 🔄 Synchronized model update at step 125,952
2025-09-23 12:02:04,492 - __main__ - INFO -    HMM interval: 12,000, VAE interval: 12,000
2025-09-23 12:02:04,492 - __main__ - INFO - 🚫 Model training masking: 1728/12288 timesteps masked (14.1%) due to negative rewards (invalid actions)
2025-09-23 12:02:04,864 - __main__ - INFO - 🔄 Capping HMM batch size from 991 to 128 to prevent OOM
2025-09-23 12:02:04,865 - __main__ - INFO - 🔄 HMM refresh starting at step 125,952 with replay size 128x112
2025-09-23 12:02:11,157 - __main__ - DEBUG - Initial ELBO: -2145.4523
2025-09-23 12:02:11,161 - __main__ - DEBUG - Relative tol: 0.0100
2025-09-23 12:02:11,161 - __main__ - DEBUG - Relative elbo_drop_tol: 0.0100
2025-09-23 12:02:11,162 - __main__ - DEBUG - - Init -505.0785
2025-09-23 12:02:11,162 - __main__ - DEBUG - - Trans -4.8474
2025-09-23 12:02:11,162 - __main__ - DEBUG - - Emit 10777.5047
2025-09-23 12:02:11,162 - __main__ - DEBUG - - Entropy 0.0006
2025-09-23 12:02:11,162 - __main__ - DEBUG - - Dir -24.7395
2025-09-23 12:02:11,162 - __main__ - DEBUG - - NIW -12372.3828
2025-09-23 12:02:11,162 - __main__ - DEBUG - - Beta prior -15.9095
2025-09-23 12:02:17,696 - __main__ - DEBUG - Iter 0: ELBO after FB: -2145.4523 (LL 10267.5795, Δ=0.0000)
2025-09-23 12:02:17,696 - __main__ - DEBUG - Blending stats with ρ_niw=0.0500, ρ_tr=0.0500.
2025-09-23 12:02:17,746 - __main__ - DEBUG - Iter 0: ELBO after NIW update: -963.4444 (Emit LL 12187.5184, NIW term -12600.3887, Δ=1182.0078)
2025-09-23 12:02:17,794 - __main__ - DEBUG - Iter 0: ELBO after Dirichlet update: -963.4218 (Trans LL -4.8495, Dir term -24.7148, Δ=0.0226)
2025-09-23 12:02:17,937 - __main__ - DEBUG - Iter 0: ELBO after β update: -963.9884 (Init LL -505.6030, Dir term -24.7449, logp(β) -15.9214, Δ=-0.5666)
2025-09-23 12:02:24,677 - __main__ - DEBUG - Iter 1: ELBO after FB: -963.9884 (LL 11677.0666, Δ=0.0000)
2025-09-23 12:02:24,678 - __main__ - DEBUG - Blending stats with ρ_niw=0.0500, ρ_tr=0.0500.
2025-09-23 12:02:24,727 - __main__ - DEBUG - Iter 1: ELBO after NIW update: -963.9884 (Emit LL 12187.5184, NIW term -12600.3887, Δ=0.0000)
2025-09-23 12:02:24,777 - __main__ - DEBUG - Iter 1: ELBO after Dirichlet update: -964.0520 (Trans LL -4.8341, Dir term -24.8239, Δ=-0.0636)
2025-09-23 12:02:24,849 - __main__ - DEBUG - Iter 1: ELBO after β update: -964.5618 (Init LL -506.0509, Dir term -24.8793, logp(β) -15.9279, Δ=-0.5098)
2025-09-23 12:02:31,871 - __main__ - DEBUG - Iter 2: ELBO after FB: -964.5618 (LL 11676.6340, Δ=0.0000)
2025-09-23 12:02:31,872 - __main__ - DEBUG - Blending stats with ρ_niw=0.0500, ρ_tr=0.0500.
2025-09-23 12:02:31,922 - __main__ - DEBUG - Iter 2: ELBO after NIW update: -964.5618 (Emit LL 12187.5184, NIW term -12600.3887, Δ=0.0000)
2025-09-23 12:02:31,971 - __main__ - DEBUG - Iter 2: ELBO after Dirichlet update: -964.7813 (Trans LL -4.8202, Dir term -25.1127, Δ=-0.2196)
2025-09-23 12:02:32,043 - __main__ - DEBUG - Iter 2: ELBO after β update: -965.2010 (Init LL -506.3805, Dir term -25.2032, logp(β) -15.9275, Δ=-0.4197)
2025-09-23 12:02:39,028 - __main__ - DEBUG - Iter 3: ELBO after FB: -965.2010 (LL 11676.3183, Δ=0.0000)
2025-09-23 12:02:39,029 - __main__ - DEBUG - Blending stats with ρ_niw=0.0500, ρ_tr=0.0500.
2025-09-23 12:02:39,080 - __main__ - DEBUG - Iter 3: ELBO after NIW update: -965.2010 (Emit LL 12187.5184, NIW term -12600.3887, Δ=0.0000)
2025-09-23 12:02:39,132 - __main__ - DEBUG - Iter 3: ELBO after Dirichlet update: -965.5379 (Trans LL -4.8112, Dir term -25.5491, Δ=-0.3369)
2025-09-23 12:02:39,201 - __main__ - DEBUG - Iter 3: ELBO after β update: -965.6874 (Init LL -506.4668, Dir term -25.6176, logp(β) -15.9221, Δ=-0.1495)
2025-09-23 12:02:46,039 - __main__ - DEBUG - Iter 4: ELBO after FB: -965.6874 (LL 11676.2410, Δ=0.0000)
2025-09-23 12:02:46,040 - __main__ - DEBUG - Blending stats with ρ_niw=0.0500, ρ_tr=0.0500.
2025-09-23 12:02:46,089 - __main__ - DEBUG - Iter 4: ELBO after NIW update: -965.6874 (Emit LL 12187.5184, NIW term -12600.3887, Δ=0.0000)
2025-09-23 12:02:46,138 - __main__ - DEBUG - Iter 4: ELBO after Dirichlet update: -966.0085 (Trans LL -4.8085, Dir term -25.9414, Δ=-0.3211)
2025-09-23 12:02:46,200 - __main__ - DEBUG - Iter 4: ELBO after β update: -965.9812 (Init LL -506.4213, Dir term -25.9621, logp(β) -15.9196, Δ=0.0273)
2025-09-23 12:02:46,202 - __main__ - INFO -    HMM refresh complete: ELBO=15.1731, iters=0, max iters, states=40
2025-09-23 12:02:46,202 - __main__ - INFO -    ✅ HMM updated (next in 12,000 steps)
2025-09-23 12:02:46,202 - __main__ - INFO - 🔄 VAE refresh starting at step 125,952 with replay size 8x1536
2025-09-23 12:02:46,203 - __main__ - INFO -    Using span sampling (12288 timesteps, too large for full buffer)
2025-09-23 12:03:11,416 - __main__ - INFO -    VAE refresh complete: final_loss=2744.5425, avg_loss=2746.9762, steps=4/4, trend=improving, total_timesteps=12288, span_sampling=32_requested×4_steps, span_len=64
2025-09-23 12:03:11,418 - __main__ - INFO -    ✅ VAE updated (next in 12,000 steps)
2025-09-23 12:03:13,727 - __main__ - INFO - 📊 Episodes completed this rollout: 8
2025-09-23 12:03:13,727 - __main__ - INFO - 📈 Episode stats: avg return = -0.03, avg length = 228.1
2025-09-23 12:03:13,728 - __main__ - INFO - 🎯 Top 3 training actions: #2(24942), #3(22675), #4(20288)
2025-09-23 12:03:17,548 - __main__ - INFO - 📊 Episodes completed this rollout: 3
2025-09-23 12:03:17,549 - __main__ - INFO - 📈 Episode stats: avg return = 0.44, avg length = 215.3
2025-09-23 12:03:17,549 - __main__ - INFO - 🎯 Top 3 training actions: #2(25144), #3(22850), #4(20508)
2025-09-23 12:03:21,392 - __main__ - INFO - 📊 Episodes completed this rollout: 4
2025-09-23 12:03:21,392 - __main__ - INFO - 📈 Episode stats: avg return = -0.42, avg length = 300.0
2025-09-23 12:03:21,392 - __main__ - INFO - 🎯 Top 3 training actions: #2(25363), #3(23011), #4(20787)
2025-09-23 12:03:25,296 - __main__ - INFO - 📊 Episodes completed this rollout: 4
2025-09-23 12:03:25,296 - __main__ - INFO - 📈 Episode stats: avg return = -0.22, avg length = 261.5
2025-09-23 12:03:25,296 - __main__ - INFO - 🎯 Top 3 training actions: #2(25586), #3(23166), #4(21011)
2025-09-23 12:03:26,868 - __main__ - INFO - 🧪 Starting evaluation with 50 episodes...
2025-09-23 12:03:26,868 - __main__ - INFO -    Eval seed: 51
2025-09-23 12:03:26,868 - __main__ - INFO -    Max episode steps (eval): env default
2025-09-23 12:03:26,869 - nle.env.base - INFO - Not saving any NLE data.
2025-09-23 12:03:30,002 - __main__ - WARNING - ⚠️ Episode 1 terminated due to step limit.
2025-09-23 12:03:35,808 - __main__ - WARNING - ⚠️ Episode 3 terminated due to step limit.
2025-09-23 12:03:38,156 - __main__ - DEBUG - 🎯 Eval HMM masking: step 100 masked due to negative reward
2025-09-23 12:03:39,714 - __main__ - DEBUG - 🎯 Eval HMM masking: step 250 masked due to negative reward
2025-09-23 12:03:42,546 - __main__ - DEBUG - 🎯 Eval HMM masking: step 250 masked due to negative reward
2025-09-23 12:03:43,056 - __main__ - WARNING - ⚠️ Episode 6 terminated due to step limit.
2025-09-23 12:03:44,263 - __main__ - DEBUG - 🎯 Eval HMM masking: step 100 masked due to negative reward
2025-09-23 12:03:46,354 - __main__ - WARNING - ⚠️ Episode 7 terminated due to step limit.
2025-09-23 12:03:47,649 - __main__ - DEBUG - 🎯 Eval HMM masking: step 100 masked due to negative reward
2025-09-23 12:03:49,741 - __main__ - WARNING - ⚠️ Episode 8 terminated due to step limit.
2025-09-23 12:03:50,948 - __main__ - DEBUG - 🎯 Eval HMM masking: step 100 masked due to negative reward
2025-09-23 12:03:53,018 - __main__ - WARNING - ⚠️ Episode 9 terminated due to step limit.
2025-09-23 12:03:55,769 - __main__ - DEBUG - 🎯 Eval HMM masking: step 250 masked due to negative reward
2025-09-23 12:03:56,301 - __main__ - WARNING - ⚠️ Episode 10 terminated due to step limit.
2025-09-23 12:03:59,704 - __main__ - WARNING - ⚠️ Episode 11 terminated due to step limit.
2025-09-23 12:04:02,502 - __main__ - DEBUG - 🎯 Eval HMM masking: step 250 masked due to negative reward
2025-09-23 12:04:03,017 - __main__ - WARNING - ⚠️ Episode 12 terminated due to step limit.
2025-09-23 12:04:06,326 - __main__ - WARNING - ⚠️ Episode 13 terminated due to step limit.
2025-09-23 12:04:10,253 - __main__ - WARNING - ⚠️ Episode 15 terminated due to step limit.
2025-09-23 12:04:12,812 - __main__ - DEBUG - 🎯 Eval HMM masking: step 50 masked due to negative reward
2025-09-23 12:04:15,402 - __main__ - WARNING - ⚠️ Episode 17 terminated due to step limit.
2025-09-23 12:04:18,687 - __main__ - WARNING - ⚠️ Episode 18 terminated due to step limit.
2025-09-23 12:04:21,969 - __main__ - WARNING - ⚠️ Episode 19 terminated due to step limit.
2025-09-23 12:04:25,309 - __main__ - DEBUG - 🎯 Eval HMM masking: step 250 masked due to negative reward
2025-09-23 12:04:25,822 - __main__ - WARNING - ⚠️ Episode 22 terminated due to step limit.
2025-09-23 12:04:29,148 - __main__ - WARNING - ⚠️ Episode 23 terminated due to step limit.
2025-09-23 12:04:30,360 - __main__ - DEBUG - 🎯 Eval HMM masking: step 100 masked due to negative reward
2025-09-23 12:04:31,398 - __main__ - DEBUG - 🎯 Eval HMM masking: step 200 masked due to negative reward
2025-09-23 12:04:31,917 - __main__ - DEBUG - 🎯 Eval HMM masking: step 250 masked due to negative reward
2025-09-23 12:04:32,429 - __main__ - WARNING - ⚠️ Episode 24 terminated due to step limit.
2025-09-23 12:04:35,709 - __main__ - WARNING - ⚠️ Episode 25 terminated due to step limit.
2025-09-23 12:04:39,010 - __main__ - WARNING - ⚠️ Episode 26 terminated due to step limit.
2025-09-23 12:04:42,304 - __main__ - WARNING - ⚠️ Episode 27 terminated due to step limit.
2025-09-23 12:04:42,997 - __main__ - DEBUG - 🎯 Eval HMM masking: step 50 masked due to negative reward
2025-09-23 12:04:43,523 - __main__ - DEBUG - 🎯 Eval HMM masking: step 100 masked due to negative reward
2025-09-23 12:04:45,613 - __main__ - WARNING - ⚠️ Episode 28 terminated due to step limit.
2025-09-23 12:04:51,387 - __main__ - WARNING - ⚠️ Episode 30 terminated due to step limit.
2025-09-23 12:04:54,754 - __main__ - WARNING - ⚠️ Episode 31 terminated due to step limit.
2025-09-23 12:04:55,971 - __main__ - DEBUG - 🎯 Eval HMM masking: step 100 masked due to negative reward
2025-09-23 12:04:58,042 - __main__ - WARNING - ⚠️ Episode 32 terminated due to step limit.
2025-09-23 12:05:00,190 - __main__ - DEBUG - 🎯 Eval HMM masking: step 150 masked due to negative reward
2025-09-23 12:05:03,788 - __main__ - WARNING - ⚠️ Episode 35 terminated due to step limit.
2025-09-23 12:05:04,481 - __main__ - DEBUG - 🎯 Eval HMM masking: step 50 masked due to negative reward
2025-09-23 12:05:05,013 - __main__ - DEBUG - 🎯 Eval HMM masking: step 100 masked due to negative reward
2025-09-23 12:05:07,114 - __main__ - WARNING - ⚠️ Episode 36 terminated due to step limit.
2025-09-23 12:05:10,430 - __main__ - WARNING - ⚠️ Episode 37 terminated due to step limit.
2025-09-23 12:05:13,742 - __main__ - WARNING - ⚠️ Episode 38 terminated due to step limit.
2025-09-23 12:05:19,210 - __main__ - WARNING - ⚠️ Episode 40 terminated due to step limit.
2025-09-23 12:05:21,469 - __main__ - DEBUG - 🎯 Eval HMM masking: step 200 masked due to negative reward
2025-09-23 12:05:26,360 - __main__ - WARNING - ⚠️ Episode 43 terminated due to step limit.
2025-09-23 12:05:29,658 - __main__ - WARNING - ⚠️ Episode 44 terminated due to step limit.
2025-09-23 12:05:31,576 - __main__ - DEBUG - 🎯 Eval HMM masking: step 100 masked due to negative reward
2025-09-23 12:05:33,713 - __main__ - WARNING - ⚠️ Episode 46 terminated due to step limit.
2025-09-23 12:05:37,024 - __main__ - DEBUG - 🎯 Eval HMM masking: step 200 masked due to negative reward
2025-09-23 12:05:38,096 - __main__ - WARNING - ⚠️ Episode 49 terminated due to step limit.
2025-09-23 12:05:41,430 - __main__ - WARNING - ⚠️ Episode 50 terminated due to step limit.
2025-09-23 12:05:41,589 - __main__ - INFO - 📊 Evaluation Results (Current Round):
2025-09-23 12:05:41,589 - __main__ - INFO -    Episodes: 50
2025-09-23 12:05:41,589 - __main__ - INFO -    Time: 134.7s (2.7s/ep)
2025-09-23 12:05:41,589 - __main__ - INFO -    Average Return: 0.052 ± 0.574
2025-09-23 12:05:41,589 - __main__ - INFO -    Success Rate: 32.0%
2025-09-23 12:05:41,589 - __main__ - INFO -    Average Length: 243.8
2025-09-23 12:05:41,589 - __main__ - INFO -    Average Coverage: 82.2 positions
2025-09-23 12:05:41,589 - __main__ - INFO -    Episode Completions: 16 terminated (32.0%), 34 truncated (68.0%)
2025-09-23 12:05:41,589 - __main__ - INFO - 📈 Total Evaluation Statistics:
2025-09-23 12:05:41,589 - __main__ - INFO -    Total Episodes: 650
2025-09-23 12:05:41,589 - __main__ - INFO -    Total Average Return: 0.123 ± 0.643
2025-09-23 12:05:41,590 - __main__ - INFO -    Total Average Length: 226.6 ± 103.7
2025-09-23 12:05:41,590 - __main__ - INFO -    Total Completions: 269 terminated (41.4%), 381 truncated (58.6%)
2025-09-23 12:05:41,590 - __main__ - INFO -    Skill Entropy: 0.001
2025-09-23 12:05:41,590 - __main__ - INFO -    Used Skills: 1.0
2025-09-23 12:05:41,590 - __main__ - INFO -    Effective K: 1.00
2025-09-23 12:05:41,590 - __main__ - INFO - 🎯 Action Usage Statistics:
2025-09-23 12:05:41,590 - __main__ - INFO -    Unique actions in evaluation: 8
2025-09-23 12:05:41,590 - __main__ - INFO -    Unique actions in training: 8
2025-09-23 12:05:41,590 - __main__ - INFO -    Total unique actions: 8
2025-09-23 12:05:41,590 - __main__ - INFO -    Action coverage: 6.6%
2025-09-23 12:05:41,590 - __main__ - INFO -    Train action count: 130048
2025-09-23 12:05:41,591 - __main__ - INFO -    Eval action count: 147260
2025-09-23 12:05:41,591 - __main__ - INFO -    Train action entropy: 1.997
2025-09-23 12:05:41,591 - __main__ - INFO -    Eval action entropy: 1.990
2025-09-23 12:05:41,591 - __main__ - INFO -    Top 3 train actions: #2(25586), #3(23166), #4(21011)
2025-09-23 12:05:41,592 - __main__ - INFO -    Top 3 eval actions: #2(29695), #3(25326), #4(24176)
2025-09-23 12:05:43,884 - __main__ - INFO - 📊 Episodes completed this rollout: 3
2025-09-23 12:05:43,884 - __main__ - INFO - 📈 Episode stats: avg return = 0.41, avg length = 214.3
2025-09-23 12:05:43,884 - __main__ - INFO - 🎯 Top 3 training actions: #2(25877), #3(23296), #4(21187)
2025-09-23 12:05:47,783 - __main__ - INFO - 📊 Episodes completed this rollout: 4
2025-09-23 12:05:47,783 - __main__ - INFO - 📈 Episode stats: avg return = 0.09, avg length = 258.8
2025-09-23 12:05:47,783 - __main__ - INFO - 🎯 Top 3 training actions: #2(26245), #3(23403), #4(21343)
2025-09-23 12:05:51,707 - __main__ - INFO - 📊 Episodes completed this rollout: 5
2025-09-23 12:05:51,708 - __main__ - INFO - 📈 Episode stats: avg return = -0.01, avg length = 241.6
2025-09-23 12:05:51,708 - __main__ - INFO - 🎯 Top 3 training actions: #2(26577), #3(23519), #4(21504)
2025-09-23 12:05:55,587 - __main__ - INFO - 📊 Episodes completed this rollout: 4
2025-09-23 12:05:55,587 - __main__ - INFO - 📈 Episode stats: avg return = 0.11, avg length = 248.0
2025-09-23 12:05:55,587 - __main__ - INFO - 🎯 Top 3 training actions: #2(26825), #3(23648), #4(21637)
2025-09-23 12:05:59,490 - __main__ - INFO - 📊 Episodes completed this rollout: 6
2025-09-23 12:05:59,490 - __main__ - INFO - 📈 Episode stats: avg return = 0.39, avg length = 205.8
2025-09-23 12:05:59,491 - __main__ - INFO - 🎯 Top 3 training actions: #2(27057), #3(23760), #4(21754)
2025-09-23 12:06:03,442 - __main__ - INFO - 📊 Episodes completed this rollout: 7
2025-09-23 12:06:03,442 - __main__ - INFO - 📈 Episode stats: avg return = 0.56, avg length = 135.6
2025-09-23 12:06:03,443 - __main__ - INFO - 🎯 Top 3 training actions: #2(27273), #3(23868), #4(21876)
2025-09-23 12:06:07,361 - __main__ - INFO - 📊 Episodes completed this rollout: 5
2025-09-23 12:06:07,361 - __main__ - INFO - 📈 Episode stats: avg return = 0.33, avg length = 217.4
2025-09-23 12:06:07,362 - __main__ - INFO - 🎯 Top 3 training actions: #2(27488), #3(23957), #4(21986)
2025-09-23 12:06:11,295 - __main__ - INFO - 📊 Episodes completed this rollout: 4
2025-09-23 12:06:11,295 - __main__ - INFO - 📈 Episode stats: avg return = -0.02, avg length = 229.8
2025-09-23 12:06:11,296 - __main__ - INFO - 🎯 Top 3 training actions: #2(27702), #3(24068), #4(22104)
2025-09-23 12:06:12,883 - __main__ - INFO - 🔄 Synchronized model update at step 138,240
2025-09-23 12:06:12,884 - __main__ - INFO -    HMM interval: 12,000, VAE interval: 12,000
2025-09-23 12:06:12,885 - __main__ - INFO - 🚫 Model training masking: 1752/12288 timesteps masked (14.3%) due to negative rewards (invalid actions)
2025-09-23 12:06:13,259 - __main__ - INFO - 🔄 Capping HMM batch size from 978 to 128 to prevent OOM
2025-09-23 12:06:13,259 - __main__ - INFO - 🔄 HMM refresh starting at step 138,240 with replay size 128x86
2025-09-23 12:06:18,105 - __main__ - DEBUG - Initial ELBO: -1143.1306
2025-09-23 12:06:18,108 - __main__ - DEBUG - Relative tol: 0.0100
2025-09-23 12:06:18,109 - __main__ - DEBUG - Relative elbo_drop_tol: 0.0100
2025-09-23 12:06:18,109 - __main__ - DEBUG - - Init -505.6030
2025-09-23 12:06:18,109 - __main__ - DEBUG - - Trans -4.5497
2025-09-23 12:06:18,109 - __main__ - DEBUG - - Emit 12008.0765
2025-09-23 12:06:18,109 - __main__ - DEBUG - - Entropy 0.0005
2025-09-23 12:06:18,109 - __main__ - DEBUG - - Dir -24.7449
2025-09-23 12:06:18,109 - __main__ - DEBUG - - NIW -12600.3887
2025-09-23 12:06:18,109 - __main__ - DEBUG - - Beta prior -15.9214
2025-09-23 12:06:23,272 - __main__ - DEBUG - Iter 0: ELBO after FB: -1143.1306 (LL 11497.9243, Δ=0.0000)
2025-09-23 12:06:23,273 - __main__ - DEBUG - Blending stats with ρ_niw=0.0500, ρ_tr=0.0500.
2025-09-23 12:06:23,322 - __main__ - DEBUG - Iter 0: ELBO after NIW update: -158.6605 (Emit LL 13203.8952, NIW term -12811.7373, Δ=984.4701)
2025-09-23 12:06:23,370 - __main__ - DEBUG - Iter 0: ELBO after Dirichlet update: -158.6226 (Trans LL -4.5656, Dir term -24.6911, Δ=0.0379)
2025-09-23 12:06:23,438 - __main__ - DEBUG - Iter 0: ELBO after β update: -159.1620 (Init LL -506.1257, Dir term -24.6956, logp(β) -15.9335, Δ=-0.5393)
2025-09-23 12:06:28,607 - __main__ - DEBUG - Iter 1: ELBO after FB: -159.1620 (LL 12693.2044, Δ=0.0000)
2025-09-23 12:06:28,607 - __main__ - DEBUG - Blending stats with ρ_niw=0.0500, ρ_tr=0.0500.
2025-09-23 12:06:28,657 - __main__ - DEBUG - Iter 1: ELBO after NIW update: -159.1620 (Emit LL 13203.8952, NIW term -12811.7373, Δ=0.0000)
2025-09-23 12:06:28,708 - __main__ - DEBUG - Iter 1: ELBO after Dirichlet update: -159.2557 (Trans LL -4.5511, Dir term -24.8038, Δ=-0.0937)
2025-09-23 12:06:28,779 - __main__ - DEBUG - Iter 1: ELBO after β update: -159.7868 (Init LL -506.5716, Dir term -24.8831, logp(β) -15.9393, Δ=-0.5311)
2025-09-23 12:06:33,966 - __main__ - DEBUG - Iter 2: ELBO after FB: -159.7868 (LL 12692.7729, Δ=0.0000)
2025-09-23 12:06:33,967 - __main__ - DEBUG - Blending stats with ρ_niw=0.0500, ρ_tr=0.0500.
2025-09-23 12:06:34,017 - __main__ - DEBUG - Iter 2: ELBO after NIW update: -159.7868 (Emit LL 13203.8952, NIW term -12811.7373, Δ=0.0000)
2025-09-23 12:06:34,067 - __main__ - DEBUG - Iter 2: ELBO after Dirichlet update: -159.9812 (Trans LL -4.5387, Dir term -25.0900, Δ=-0.1944)
2025-09-23 12:06:34,137 - __main__ - DEBUG - Iter 2: ELBO after β update: -160.3370 (Init LL -506.8607, Dir term -25.1583, logp(β) -15.9378, Δ=-0.3559)
2025-09-23 12:06:39,336 - __main__ - DEBUG - Iter 3: ELBO after FB: -160.3370 (LL 12692.4963, Δ=0.0000)
2025-09-23 12:06:39,336 - __main__ - DEBUG - Blending stats with ρ_niw=0.0500, ρ_tr=0.0500.
2025-09-23 12:06:39,387 - __main__ - DEBUG - Iter 3: ELBO after NIW update: -160.3370 (Emit LL 13203.8952, NIW term -12811.7373, Δ=0.0000)
2025-09-23 12:06:39,437 - __main__ - DEBUG - Iter 3: ELBO after Dirichlet update: -160.6966 (Trans LL -4.5307, Dir term -25.5258, Δ=-0.3595)
2025-09-23 12:06:39,508 - __main__ - DEBUG - Iter 3: ELBO after β update: -160.8984 (Init LL -506.9779, Dir term -25.6170, logp(β) -15.9312, Δ=-0.2018)
2025-09-23 12:06:44,838 - __main__ - DEBUG - Iter 4: ELBO after FB: -160.8984 (LL 12692.3871, Δ=0.0000)
2025-09-23 12:06:44,839 - __main__ - DEBUG - Blending stats with ρ_niw=0.0500, ρ_tr=0.0500.
2025-09-23 12:06:44,889 - __main__ - DEBUG - Iter 4: ELBO after NIW update: -160.8984 (Emit LL 13203.8952, NIW term -12811.7373, Δ=0.0000)
2025-09-23 12:06:44,939 - __main__ - DEBUG - Iter 4: ELBO after Dirichlet update: -161.3382 (Trans LL -4.5277, Dir term -26.0598, Δ=-0.4398)
2025-09-23 12:06:44,991 - __main__ - DEBUG - Iter 4: ELBO after β update: -161.2746 (Init LL -506.9075, Dir term -26.0670, logp(β) -15.9308, Δ=0.0636)
2025-09-23 12:06:44,993 - __main__ - INFO -    HMM refresh complete: ELBO=73.3062, iters=0, max iters, states=40
2025-09-23 12:06:44,993 - __main__ - INFO -    ✅ HMM updated (next in 12,000 steps)
2025-09-23 12:06:44,993 - __main__ - INFO - 🔄 VAE refresh starting at step 138,240 with replay size 8x1536
2025-09-23 12:06:44,994 - __main__ - INFO -    Using span sampling (12288 timesteps, too large for full buffer)
2025-09-23 12:07:09,824 - __main__ - INFO -    VAE refresh complete: final_loss=2737.1431, avg_loss=2736.1602, steps=4/4, trend=improving, total_timesteps=12288, span_sampling=32_requested×4_steps, span_len=64
2025-09-23 12:07:09,826 - __main__ - INFO -    ✅ VAE updated (next in 12,000 steps)
2025-09-23 12:07:12,146 - __main__ - INFO - 📊 Episodes completed this rollout: 3
2025-09-23 12:07:12,147 - __main__ - INFO - 📈 Episode stats: avg return = 0.36, avg length = 257.0
2025-09-23 12:07:12,147 - __main__ - INFO - 🎯 Top 3 training actions: #2(27890), #3(24176), #4(22220)
2025-09-23 12:07:16,139 - __main__ - INFO - 📊 Episodes completed this rollout: 7
2025-09-23 12:07:16,140 - __main__ - INFO - 📈 Episode stats: avg return = 0.20, avg length = 230.4
2025-09-23 12:07:16,140 - __main__ - INFO - 🎯 Top 3 training actions: #2(28131), #3(24275), #4(22371)
2025-09-23 12:07:17,783 - __main__ - INFO - 🧪 Starting evaluation with 50 episodes...
2025-09-23 12:07:17,783 - __main__ - INFO -    Eval seed: 51
2025-09-23 12:07:17,783 - __main__ - INFO -    Max episode steps (eval): env default
2025-09-23 12:07:17,783 - nle.env.base - INFO - Not saving any NLE data.
2025-09-23 12:07:18,864 - __main__ - DEBUG - 🎯 Eval HMM masking: step 50 masked due to negative reward
2025-09-23 12:07:20,336 - __main__ - DEBUG - 🎯 Eval HMM masking: step 100 masked due to negative reward
2025-09-23 12:07:22,427 - __main__ - WARNING - ⚠️ Episode 3 terminated due to step limit.
2025-09-23 12:07:26,840 - __main__ - DEBUG - 🎯 Eval HMM masking: step 200 masked due to negative reward
2025-09-23 12:07:27,878 - __main__ - WARNING - ⚠️ Episode 5 terminated due to step limit.
2025-09-23 12:07:32,462 - __main__ - DEBUG - 🎯 Eval HMM masking: step 250 masked due to negative reward
2025-09-23 12:07:32,975 - __main__ - WARNING - ⚠️ Episode 7 terminated due to step limit.
2025-09-23 12:07:36,311 - __main__ - WARNING - ⚠️ Episode 8 terminated due to step limit.
2025-09-23 12:07:37,547 - __main__ - DEBUG - 🎯 Eval HMM masking: step 100 masked due to negative reward
2025-09-23 12:07:38,621 - __main__ - DEBUG - 🎯 Eval HMM masking: step 200 masked due to negative reward
2025-09-23 12:07:39,678 - __main__ - WARNING - ⚠️ Episode 9 terminated due to step limit.
2025-09-23 12:07:43,616 - __main__ - WARNING - ⚠️ Episode 11 terminated due to step limit.
2025-09-23 12:07:48,588 - __main__ - WARNING - ⚠️ Episode 14 terminated due to step limit.
2025-09-23 12:07:50,893 - __main__ - DEBUG - 🎯 Eval HMM masking: step 50 masked due to negative reward
2025-09-23 12:07:55,306 - __main__ - WARNING - ⚠️ Episode 17 terminated due to step limit.
2025-09-23 12:07:56,521 - __main__ - DEBUG - 🎯 Eval HMM masking: step 100 masked due to negative reward
2025-09-23 12:07:58,608 - __main__ - WARNING - ⚠️ Episode 18 terminated due to step limit.
2025-09-23 12:08:02,648 - __main__ - WARNING - ⚠️ Episode 20 terminated due to step limit.
2025-09-23 12:08:09,666 - __main__ - DEBUG - 🎯 Eval HMM masking: step 150 masked due to negative reward
2025-09-23 12:08:10,189 - __main__ - DEBUG - 🎯 Eval HMM masking: step 200 masked due to negative reward
2025-09-23 12:08:10,714 - __main__ - DEBUG - 🎯 Eval HMM masking: step 250 masked due to negative reward
2025-09-23 12:08:11,229 - __main__ - WARNING - ⚠️ Episode 24 terminated due to step limit.
2025-09-23 12:08:14,537 - __main__ - WARNING - ⚠️ Episode 25 terminated due to step limit.
2025-09-23 12:08:17,832 - __main__ - WARNING - ⚠️ Episode 26 terminated due to step limit.
2025-09-23 12:08:19,059 - __main__ - DEBUG - 🎯 Eval HMM masking: step 100 masked due to negative reward
2025-09-23 12:08:21,147 - __main__ - WARNING - ⚠️ Episode 27 terminated due to step limit.
2025-09-23 12:08:24,450 - __main__ - WARNING - ⚠️ Episode 28 terminated due to step limit.
2025-09-23 12:08:27,767 - __main__ - WARNING - ⚠️ Episode 29 terminated due to step limit.
2025-09-23 12:08:30,565 - __main__ - DEBUG - 🎯 Eval HMM masking: step 250 masked due to negative reward
2025-09-23 12:08:31,089 - __main__ - WARNING - ⚠️ Episode 30 terminated due to step limit.
2025-09-23 12:08:34,386 - __main__ - WARNING - ⚠️ Episode 31 terminated due to step limit.
2025-09-23 12:08:37,692 - __main__ - WARNING - ⚠️ Episode 32 terminated due to step limit.
2025-09-23 12:08:40,345 - __main__ - DEBUG - 🎯 Eval HMM masking: step 200 masked due to negative reward
2025-09-23 12:08:42,006 - __main__ - DEBUG - 🎯 Eval HMM masking: step 50 masked due to negative reward
2025-09-23 12:08:44,607 - __main__ - WARNING - ⚠️ Episode 35 terminated due to step limit.
2025-09-23 12:08:45,824 - __main__ - DEBUG - 🎯 Eval HMM masking: step 100 masked due to negative reward
2025-09-23 12:08:46,349 - __main__ - DEBUG - 🎯 Eval HMM masking: step 150 masked due to negative reward
2025-09-23 12:08:47,917 - __main__ - WARNING - ⚠️ Episode 36 terminated due to step limit.
2025-09-23 12:08:51,243 - __main__ - WARNING - ⚠️ Episode 37 terminated due to step limit.
2025-09-23 12:08:54,545 - __main__ - WARNING - ⚠️ Episode 38 terminated due to step limit.
2025-09-23 12:08:55,770 - __main__ - DEBUG - 🎯 Eval HMM masking: step 100 masked due to negative reward
2025-09-23 12:08:57,865 - __main__ - WARNING - ⚠️ Episode 39 terminated due to step limit.
2025-09-23 12:09:00,659 - __main__ - DEBUG - 🎯 Eval HMM masking: step 250 masked due to negative reward
2025-09-23 12:09:01,176 - __main__ - WARNING - ⚠️ Episode 40 terminated due to step limit.
2025-09-23 12:09:04,479 - __main__ - WARNING - ⚠️ Episode 41 terminated due to step limit.
2025-09-23 12:09:05,175 - __main__ - DEBUG - 🎯 Eval HMM masking: step 50 masked due to negative reward
2025-09-23 12:09:07,276 - __main__ - DEBUG - 🎯 Eval HMM masking: step 250 masked due to negative reward
2025-09-23 12:09:07,792 - __main__ - WARNING - ⚠️ Episode 42 terminated due to step limit.
2025-09-23 12:09:14,583 - __main__ - WARNING - ⚠️ Episode 46 terminated due to step limit.
2025-09-23 12:09:15,276 - __main__ - DEBUG - 🎯 Eval HMM masking: step 50 masked due to negative reward
2025-09-23 12:09:17,910 - __main__ - DEBUG - 🎯 Eval HMM masking: step 150 masked due to negative reward
2025-09-23 12:09:19,474 - __main__ - WARNING - ⚠️ Episode 48 terminated due to step limit.
2025-09-23 12:09:22,341 - __main__ - DEBUG - 🎯 Eval HMM masking: step 150 masked due to negative reward
2025-09-23 12:09:23,910 - __main__ - WARNING - ⚠️ Episode 50 terminated due to step limit.
2025-09-23 12:09:24,076 - __main__ - INFO - 📊 Evaluation Results (Current Round):
2025-09-23 12:09:24,076 - __main__ - INFO -    Episodes: 50
2025-09-23 12:09:24,076 - __main__ - INFO -    Time: 126.3s (2.5s/ep)
2025-09-23 12:09:24,076 - __main__ - INFO -    Average Return: 0.162 ± 0.615
2025-09-23 12:09:24,076 - __main__ - INFO -    Success Rate: 40.0%
2025-09-23 12:09:24,076 - __main__ - INFO -    Average Length: 228.4
2025-09-23 12:09:24,076 - __main__ - INFO -    Average Coverage: 82.2 positions
2025-09-23 12:09:24,076 - __main__ - INFO -    Episode Completions: 20 terminated (40.0%), 30 truncated (60.0%)
2025-09-23 12:09:24,076 - __main__ - INFO - 📈 Total Evaluation Statistics:
2025-09-23 12:09:24,076 - __main__ - INFO -    Total Episodes: 700
2025-09-23 12:09:24,076 - __main__ - INFO -    Total Average Return: 0.125 ± 0.641
2025-09-23 12:09:24,077 - __main__ - INFO -    Total Average Length: 226.7 ± 103.7
2025-09-23 12:09:24,077 - __main__ - INFO -    Total Completions: 289 terminated (41.3%), 411 truncated (58.7%)
2025-09-23 12:09:24,077 - __main__ - INFO -    Skill Entropy: 0.001
2025-09-23 12:09:24,077 - __main__ - INFO -    Used Skills: 1.0
2025-09-23 12:09:24,077 - __main__ - INFO -    Effective K: 1.00
2025-09-23 12:09:24,077 - __main__ - INFO - 🎯 Action Usage Statistics:
2025-09-23 12:09:24,077 - __main__ - INFO -    Unique actions in evaluation: 8
2025-09-23 12:09:24,077 - __main__ - INFO -    Unique actions in training: 8
2025-09-23 12:09:24,077 - __main__ - INFO -    Total unique actions: 8
2025-09-23 12:09:24,077 - __main__ - INFO -    Action coverage: 6.6%
2025-09-23 12:09:24,077 - __main__ - INFO -    Train action count: 140288
2025-09-23 12:09:24,078 - __main__ - INFO -    Eval action count: 158679
2025-09-23 12:09:24,078 - __main__ - INFO -    Train action entropy: 1.998
2025-09-23 12:09:24,078 - __main__ - INFO -    Eval action entropy: 1.989
2025-09-23 12:09:24,078 - __main__ - INFO -    Top 3 train actions: #2(28131), #3(24275), #4(22371)
2025-09-23 12:09:24,079 - __main__ - INFO -    Top 3 eval actions: #2(32499), #3(26526), #4(25866)
2025-09-23 12:09:26,352 - __main__ - INFO - 📊 Episodes completed this rollout: 2
2025-09-23 12:09:26,352 - __main__ - INFO - 📈 Episode stats: avg return = 0.33, avg length = 267.5
2025-09-23 12:09:26,353 - __main__ - INFO - 🎯 Top 3 training actions: #2(28385), #3(24371), #4(22530)
2025-09-23 12:09:30,238 - __main__ - INFO - 📊 Episodes completed this rollout: 5
2025-09-23 12:09:30,238 - __main__ - INFO - 📈 Episode stats: avg return = 0.20, avg length = 218.6
2025-09-23 12:09:30,239 - __main__ - INFO - 🎯 Top 3 training actions: #2(28659), #3(24471), #4(22695)
2025-09-23 12:09:34,121 - __main__ - INFO - 📊 Episodes completed this rollout: 4
2025-09-23 12:09:34,122 - __main__ - INFO - 📈 Episode stats: avg return = 0.31, avg length = 207.0
2025-09-23 12:09:34,122 - __main__ - INFO - 🎯 Top 3 training actions: #2(28923), #3(24582), #4(22880)
2025-09-23 12:09:38,039 - __main__ - INFO - 📊 Episodes completed this rollout: 8
2025-09-23 12:09:38,039 - __main__ - INFO - 📈 Episode stats: avg return = 0.20, avg length = 204.8
2025-09-23 12:09:38,039 - __main__ - INFO - 🎯 Top 3 training actions: #2(29194), #3(24705), #4(23037)
2025-09-23 12:09:41,910 - __main__ - INFO - 📊 Episodes completed this rollout: 3
2025-09-23 12:09:41,910 - __main__ - INFO - 📈 Episode stats: avg return = 0.49, avg length = 118.0
2025-09-23 12:09:41,910 - __main__ - INFO - 🎯 Top 3 training actions: #2(29479), #3(24799), #4(23205)
2025-09-23 12:09:45,827 - __main__ - INFO - 📊 Episodes completed this rollout: 6
2025-09-23 12:09:45,827 - __main__ - INFO - 📈 Episode stats: avg return = 0.03, avg length = 283.0
2025-09-23 12:09:45,827 - __main__ - INFO - 🎯 Top 3 training actions: #2(29729), #3(24922), #4(23365)
2025-09-23 12:09:49,716 - __main__ - INFO - 📊 Episodes completed this rollout: 3
2025-09-23 12:09:49,716 - __main__ - INFO - 📈 Episode stats: avg return = 0.43, avg length = 199.0
2025-09-23 12:09:49,716 - __main__ - INFO - 🎯 Top 3 training actions: #2(29977), #3(25017), #4(23511)
2025-09-23 12:09:53,614 - __main__ - INFO - 📊 Episodes completed this rollout: 4
2025-09-23 12:09:53,614 - __main__ - INFO - 📈 Episode stats: avg return = -0.13, avg length = 233.2
2025-09-23 12:09:53,615 - __main__ - INFO - 🎯 Top 3 training actions: #2(30179), #3(25133), #4(23677)
2025-09-23 12:09:57,497 - __main__ - INFO - 📊 Episodes completed this rollout: 5
2025-09-23 12:09:57,497 - __main__ - INFO - 📈 Episode stats: avg return = 0.19, avg length = 190.6
2025-09-23 12:09:57,497 - __main__ - INFO - 🎯 Top 3 training actions: #2(30403), #3(25253), #4(23848)
2025-09-23 12:10:01,356 - __main__ - INFO - 📊 Episodes completed this rollout: 7
2025-09-23 12:10:01,356 - __main__ - INFO - 📈 Episode stats: avg return = 0.35, avg length = 177.4
2025-09-23 12:10:01,357 - __main__ - INFO - 🎯 Top 3 training actions: #2(30659), #3(25358), #4(24014)
2025-09-23 12:10:02,938 - __main__ - INFO - 🔄 Synchronized model update at step 150,528
2025-09-23 12:10:02,939 - __main__ - INFO -    HMM interval: 12,000, VAE interval: 12,000
2025-09-23 12:10:02,940 - __main__ - INFO - 🚫 Model training masking: 1524/12288 timesteps masked (12.4%) due to negative rewards (invalid actions)
2025-09-23 12:10:03,314 - __main__ - INFO - 🔄 Capping HMM batch size from 919 to 128 to prevent OOM
2025-09-23 12:10:03,315 - __main__ - INFO - 🔄 HMM refresh starting at step 150,528 with replay size 128x80
2025-09-23 12:10:07,795 - __main__ - DEBUG - Initial ELBO: 3698.5972
2025-09-23 12:10:07,797 - __main__ - DEBUG - Relative tol: 0.0100
2025-09-23 12:10:07,798 - __main__ - DEBUG - Relative elbo_drop_tol: 0.0100
2025-09-23 12:10:07,798 - __main__ - DEBUG - - Init -506.1257
2025-09-23 12:10:07,798 - __main__ - DEBUG - - Trans -5.9349
2025-09-23 12:10:07,798 - __main__ - DEBUG - - Emit 17063.0237
2025-09-23 12:10:07,798 - __main__ - DEBUG - - Entropy 0.0005
2025-09-23 12:10:07,798 - __main__ - DEBUG - - Dir -24.6956
2025-09-23 12:10:07,798 - __main__ - DEBUG - - NIW -12811.7373
2025-09-23 12:10:07,798 - __main__ - DEBUG - - Beta prior -15.9335
2025-09-23 12:10:12,647 - __main__ - DEBUG - Iter 0: ELBO after FB: 3698.5972 (LL 16550.9636, Δ=0.0000)
2025-09-23 12:10:12,648 - __main__ - DEBUG - Blending stats with ρ_niw=0.0500, ρ_tr=0.0500.
2025-09-23 12:10:12,696 - __main__ - DEBUG - Iter 0: ELBO after NIW update: 5393.9455 (Emit LL 19116.3378, NIW term -13169.7031, Δ=1695.3483)
2025-09-23 12:10:12,745 - __main__ - DEBUG - Iter 0: ELBO after Dirichlet update: 5393.9582 (Trans LL -5.8726, Dir term -24.7452, Δ=0.0127)
2025-09-23 12:10:12,813 - __main__ - DEBUG - Iter 0: ELBO after β update: 5393.3963 (Init LL -506.6489, Dir term -24.7716, logp(β) -15.9458, Δ=-0.5619)
2025-09-23 12:10:17,736 - __main__ - DEBUG - Iter 1: ELBO after FB: 5393.3963 (LL 18603.8168, Δ=0.0000)
2025-09-23 12:10:17,736 - __main__ - DEBUG - Blending stats with ρ_niw=0.0500, ρ_tr=0.0500.
2025-09-23 12:10:17,786 - __main__ - DEBUG - Iter 1: ELBO after NIW update: 5393.3963 (Emit LL 19116.3378, NIW term -13169.7031, Δ=0.0000)
2025-09-23 12:10:17,836 - __main__ - DEBUG - Iter 1: ELBO after Dirichlet update: 5393.3144 (Trans LL -5.8544, Dir term -24.8716, Δ=-0.0819)
2025-09-23 12:10:17,905 - __main__ - DEBUG - Iter 1: ELBO after β update: 5392.7852 (Init LL -507.0906, Dir term -24.9541, logp(β) -15.9508, Δ=-0.5292)
2025-09-23 12:10:22,823 - __main__ - DEBUG - Iter 2: ELBO after FB: 5392.7852 (LL 18603.3933, Δ=0.0000)
2025-09-23 12:10:22,824 - __main__ - DEBUG - Blending stats with ρ_niw=0.0500, ρ_tr=0.0500.
2025-09-23 12:10:22,873 - __main__ - DEBUG - Iter 2: ELBO after NIW update: 5392.7852 (Emit LL 19116.3378, NIW term -13169.7031, Δ=0.0000)
2025-09-23 12:10:22,922 - __main__ - DEBUG - Iter 2: ELBO after Dirichlet update: 5392.5886 (Trans LL -5.8382, Dir term -25.1669, Δ=-0.1966)
2025-09-23 12:10:22,992 - __main__ - DEBUG - Iter 2: ELBO after β update: 5392.2866 (Init LL -507.3333, Dir term -25.2287, logp(β) -15.9484, Δ=-0.3020)
2025-09-23 12:10:27,836 - __main__ - DEBUG - Iter 3: ELBO after FB: 5392.2866 (LL 18603.1668, Δ=0.0000)
2025-09-23 12:10:27,837 - __main__ - DEBUG - Blending stats with ρ_niw=0.0500, ρ_tr=0.0500.
2025-09-23 12:10:27,885 - __main__ - DEBUG - Iter 3: ELBO after NIW update: 5392.2866 (Emit LL 19116.3378, NIW term -13169.7031, Δ=0.0000)
2025-09-23 12:10:27,934 - __main__ - DEBUG - Iter 3: ELBO after Dirichlet update: 5391.9505 (Trans LL -5.8297, Dir term -25.5732, Δ=-0.3361)
2025-09-23 12:10:28,000 - __main__ - DEBUG - Iter 3: ELBO after β update: 5391.8196 (Init LL -507.3929, Dir term -25.6498, logp(β) -15.9430, Δ=-0.1309)
2025-09-23 12:10:33,144 - __main__ - DEBUG - Iter 4: ELBO after FB: 5391.8196 (LL 18603.1156, Δ=0.0000)
2025-09-23 12:10:33,145 - __main__ - DEBUG - Blending stats with ρ_niw=0.0500, ρ_tr=0.0500.
2025-09-23 12:10:33,193 - __main__ - DEBUG - Iter 4: ELBO after NIW update: 5391.8196 (Emit LL 19116.3378, NIW term -13169.7031, Δ=0.0000)
2025-09-23 12:10:33,242 - __main__ - DEBUG - Iter 4: ELBO after Dirichlet update: 5391.4584 (Trans LL -5.8278, Dir term -26.0130, Δ=-0.3613)
2025-09-23 12:10:33,301 - __main__ - DEBUG - Iter 4: ELBO after β update: 5391.4635 (Init LL -507.3659, Dir term -26.0373, logp(β) -15.9406, Δ=0.0051)
2025-09-23 12:10:33,303 - __main__ - INFO -    HMM refresh complete: ELBO=34.4622, iters=0, max iters, states=40
2025-09-23 12:10:33,303 - __main__ - INFO -    ✅ HMM updated (next in 12,000 steps)
2025-09-23 12:10:33,303 - __main__ - INFO - 🔄 VAE refresh starting at step 150,528 with replay size 8x1536
2025-09-23 12:10:33,304 - __main__ - INFO -    Using span sampling (12288 timesteps, too large for full buffer)
2025-09-23 12:10:58,939 - __main__ - INFO -    VAE refresh complete: final_loss=2723.0942, avg_loss=2734.3314, steps=4/4, trend=improving, total_timesteps=12288, span_sampling=32_requested×4_steps, span_len=64
2025-09-23 12:10:58,941 - __main__ - INFO -    ✅ VAE updated (next in 12,000 steps)
2025-09-23 12:10:58,945 - __main__ - INFO - 🧪 Starting evaluation with 50 episodes...
2025-09-23 12:10:58,945 - __main__ - INFO -    Eval seed: 51
2025-09-23 12:10:58,945 - __main__ - INFO -    Max episode steps (eval): env default
2025-09-23 12:10:58,945 - nle.env.base - INFO - Not saving any NLE data.
2025-09-23 12:11:00,016 - __main__ - DEBUG - 🎯 Eval HMM masking: step 100 masked due to negative reward
2025-09-23 12:11:00,543 - __main__ - DEBUG - 🎯 Eval HMM masking: step 150 masked due to negative reward
2025-09-23 12:11:02,106 - __main__ - WARNING - ⚠️ Episode 1 terminated due to step limit.
2025-09-23 12:11:04,672 - __main__ - DEBUG - 🎯 Eval HMM masking: step 150 masked due to negative reward
2025-09-23 12:11:06,242 - __main__ - WARNING - ⚠️ Episode 3 terminated due to step limit.
2025-09-23 12:11:06,938 - __main__ - DEBUG - 🎯 Eval HMM masking: step 50 masked due to negative reward
2025-09-23 12:11:07,991 - __main__ - DEBUG - 🎯 Eval HMM masking: step 150 masked due to negative reward
2025-09-23 12:11:09,048 - __main__ - DEBUG - 🎯 Eval HMM masking: step 250 masked due to negative reward
2025-09-23 12:11:14,979 - __main__ - WARNING - ⚠️ Episode 8 terminated due to step limit.
2025-09-23 12:11:18,506 - __main__ - WARNING - ⚠️ Episode 9 terminated due to step limit.
2025-09-23 12:11:19,745 - __main__ - DEBUG - 🎯 Eval HMM masking: step 100 masked due to negative reward
2025-09-23 12:11:20,306 - __main__ - DEBUG - 🎯 Eval HMM masking: step 150 masked due to negative reward
2025-09-23 12:11:21,937 - __main__ - WARNING - ⚠️ Episode 10 terminated due to step limit.
2025-09-23 12:11:25,367 - __main__ - WARNING - ⚠️ Episode 11 terminated due to step limit.
2025-09-23 12:11:28,183 - __main__ - DEBUG - 🎯 Eval HMM masking: step 250 masked due to negative reward
2025-09-23 12:11:28,713 - __main__ - WARNING - ⚠️ Episode 12 terminated due to step limit.
2025-09-23 12:11:32,041 - __main__ - WARNING - ⚠️ Episode 13 terminated due to step limit.
2025-09-23 12:11:35,364 - __main__ - WARNING - ⚠️ Episode 14 terminated due to step limit.
2025-09-23 12:11:39,377 - __main__ - DEBUG - 🎯 Eval HMM masking: step 150 masked due to negative reward
2025-09-23 12:11:40,946 - __main__ - WARNING - ⚠️ Episode 16 terminated due to step limit.
2025-09-23 12:11:41,637 - __main__ - DEBUG - 🎯 Eval HMM masking: step 50 masked due to negative reward
2025-09-23 12:11:45,092 - __main__ - DEBUG - 🎯 Eval HMM masking: step 100 masked due to negative reward
2025-09-23 12:11:45,623 - __main__ - DEBUG - 🎯 Eval HMM masking: step 150 masked due to negative reward
2025-09-23 12:11:46,672 - __main__ - DEBUG - 🎯 Eval HMM masking: step 250 masked due to negative reward
2025-09-23 12:11:47,221 - __main__ - WARNING - ⚠️ Episode 18 terminated due to step limit.
2025-09-23 12:11:48,481 - __main__ - DEBUG - 🎯 Eval HMM masking: step 100 masked due to negative reward
2025-09-23 12:11:50,371 - __main__ - DEBUG - 🎯 Eval HMM masking: step 50 masked due to negative reward
2025-09-23 12:11:52,995 - __main__ - WARNING - ⚠️ Episode 21 terminated due to step limit.
2025-09-23 12:11:55,254 - __main__ - DEBUG - 🎯 Eval HMM masking: step 200 masked due to negative reward
2025-09-23 12:11:59,545 - __main__ - WARNING - ⚠️ Episode 23 terminated due to step limit.
2025-09-23 12:12:02,972 - __main__ - WARNING - ⚠️ Episode 24 terminated due to step limit.
2025-09-23 12:12:09,079 - __main__ - WARNING - ⚠️ Episode 26 terminated due to step limit.
2025-09-23 12:12:11,322 - __main__ - DEBUG - 🎯 Eval HMM masking: step 200 masked due to negative reward
2025-09-23 12:12:11,843 - __main__ - DEBUG - 🎯 Eval HMM masking: step 250 masked due to negative reward
2025-09-23 12:12:12,353 - __main__ - WARNING - ⚠️ Episode 27 terminated due to step limit.
2025-09-23 12:12:15,646 - __main__ - WARNING - ⚠️ Episode 28 terminated due to step limit.
2025-09-23 12:12:18,009 - __main__ - DEBUG - 🎯 Eval HMM masking: step 200 masked due to negative reward
2025-09-23 12:12:19,127 - __main__ - WARNING - ⚠️ Episode 29 terminated due to step limit.
2025-09-23 12:12:21,493 - __main__ - DEBUG - 🎯 Eval HMM masking: step 200 masked due to negative reward
2025-09-23 12:12:22,522 - __main__ - WARNING - ⚠️ Episode 30 terminated due to step limit.
2025-09-23 12:12:25,274 - __main__ - DEBUG - 🎯 Eval HMM masking: step 250 masked due to negative reward
2025-09-23 12:12:25,798 - __main__ - WARNING - ⚠️ Episode 31 terminated due to step limit.
2025-09-23 12:12:29,846 - __main__ - DEBUG - 🎯 Eval HMM masking: step 150 masked due to negative reward
2025-09-23 12:12:31,389 - __main__ - WARNING - ⚠️ Episode 34 terminated due to step limit.
2025-09-23 12:12:33,105 - __main__ - DEBUG - 🎯 Eval HMM masking: step 150 masked due to negative reward
2025-09-23 12:12:34,653 - __main__ - WARNING - ⚠️ Episode 35 terminated due to step limit.
2025-09-23 12:12:37,921 - __main__ - WARNING - ⚠️ Episode 36 terminated due to step limit.
2025-09-23 12:12:41,993 - __main__ - WARNING - ⚠️ Episode 38 terminated due to step limit.
2025-09-23 12:12:46,002 - __main__ - WARNING - ⚠️ Episode 40 terminated due to step limit.
2025-09-23 12:12:47,212 - __main__ - DEBUG - 🎯 Eval HMM masking: step 100 masked due to negative reward
2025-09-23 12:12:49,303 - __main__ - WARNING - ⚠️ Episode 41 terminated due to step limit.
2025-09-23 12:12:52,639 - __main__ - WARNING - ⚠️ Episode 42 terminated due to step limit.
2025-09-23 12:13:04,784 - __main__ - WARNING - ⚠️ Episode 48 terminated due to step limit.
2025-09-23 12:13:08,088 - __main__ - WARNING - ⚠️ Episode 49 terminated due to step limit.
2025-09-23 12:13:11,373 - __main__ - WARNING - ⚠️ Episode 50 terminated due to step limit.
2025-09-23 12:13:11,531 - __main__ - INFO - 📊 Evaluation Results (Current Round):
2025-09-23 12:13:11,532 - __main__ - INFO -    Episodes: 50
2025-09-23 12:13:11,532 - __main__ - INFO -    Time: 132.6s (2.7s/ep)
2025-09-23 12:13:11,532 - __main__ - INFO -    Average Return: 0.105 ± 0.634
2025-09-23 12:13:11,532 - __main__ - INFO -    Success Rate: 40.0%
2025-09-23 12:13:11,532 - __main__ - INFO -    Average Length: 238.7
2025-09-23 12:13:11,532 - __main__ - INFO -    Average Coverage: 77.7 positions
2025-09-23 12:13:11,532 - __main__ - INFO -    Episode Completions: 20 terminated (40.0%), 30 truncated (60.0%)
2025-09-23 12:13:11,532 - __main__ - INFO - 📈 Total Evaluation Statistics:
2025-09-23 12:13:11,532 - __main__ - INFO -    Total Episodes: 750
2025-09-23 12:13:11,532 - __main__ - INFO -    Total Average Return: 0.124 ± 0.640
2025-09-23 12:13:11,533 - __main__ - INFO -    Total Average Length: 227.5 ± 103.1
2025-09-23 12:13:11,533 - __main__ - INFO -    Total Completions: 309 terminated (41.2%), 441 truncated (58.8%)
2025-09-23 12:13:11,533 - __main__ - INFO -    Skill Entropy: 0.001
2025-09-23 12:13:11,533 - __main__ - INFO -    Used Skills: 1.0
2025-09-23 12:13:11,533 - __main__ - INFO -    Effective K: 1.00
2025-09-23 12:13:11,533 - __main__ - INFO - 🎯 Action Usage Statistics:
2025-09-23 12:13:11,533 - __main__ - INFO -    Unique actions in evaluation: 8
2025-09-23 12:13:11,533 - __main__ - INFO -    Unique actions in training: 8
2025-09-23 12:13:11,533 - __main__ - INFO -    Total unique actions: 8
2025-09-23 12:13:11,533 - __main__ - INFO -    Action coverage: 6.6%
2025-09-23 12:13:11,533 - __main__ - INFO -    Train action count: 150528
2025-09-23 12:13:11,534 - __main__ - INFO -    Eval action count: 170614
2025-09-23 12:13:11,534 - __main__ - INFO -    Train action entropy: 1.996
2025-09-23 12:13:11,534 - __main__ - INFO -    Eval action entropy: 1.985
2025-09-23 12:13:11,534 - __main__ - INFO -    Top 3 train actions: #2(30659), #3(25358), #4(24014)
2025-09-23 12:13:11,535 - __main__ - INFO -    Top 3 eval actions: #2(35875), #3(27808), #4(27667)
2025-09-23 12:13:13,852 - __main__ - INFO - 📊 Episodes completed this rollout: 4
2025-09-23 12:13:13,852 - __main__ - INFO - 📈 Episode stats: avg return = -0.05, avg length = 251.2
2025-09-23 12:13:13,852 - __main__ - INFO - 🎯 Top 3 training actions: #2(30948), #3(25460), #4(24187)
2025-09-23 12:13:17,682 - __main__ - INFO - 📊 Episodes completed this rollout: 3
2025-09-23 12:13:17,682 - __main__ - INFO - 📈 Episode stats: avg return = -0.09, avg length = 285.0
2025-09-23 12:13:17,682 - __main__ - INFO - 🎯 Top 3 training actions: #2(31229), #3(25569), #4(24346)
2025-09-23 12:13:21,544 - __main__ - INFO - 📊 Episodes completed this rollout: 5
2025-09-23 12:13:21,544 - __main__ - INFO - 📈 Episode stats: avg return = 0.02, avg length = 252.0
2025-09-23 12:13:21,544 - __main__ - INFO - 🎯 Top 3 training actions: #2(31486), #3(25682), #4(24503)
2025-09-23 12:13:25,478 - __main__ - INFO - 📊 Episodes completed this rollout: 3
2025-09-23 12:13:25,479 - __main__ - INFO - 📈 Episode stats: avg return = -0.34, avg length = 300.0
2025-09-23 12:13:25,479 - __main__ - INFO - 🎯 Top 3 training actions: #2(31731), #3(25790), #4(24643)
2025-09-23 12:13:29,381 - __main__ - INFO - 📊 Episodes completed this rollout: 5
2025-09-23 12:13:29,381 - __main__ - INFO - 📈 Episode stats: avg return = 0.18, avg length = 247.4
2025-09-23 12:13:29,381 - __main__ - INFO - 🎯 Top 3 training actions: #2(31929), #3(25931), #4(24791)
2025-09-23 12:13:33,264 - __main__ - INFO - 📊 Episodes completed this rollout: 4
2025-09-23 12:13:33,264 - __main__ - INFO - 📈 Episode stats: avg return = 0.25, avg length = 218.5
2025-09-23 12:13:33,264 - __main__ - INFO - 🎯 Top 3 training actions: #2(32135), #3(26097), #4(24930)
2025-09-23 12:13:37,171 - __main__ - INFO - 📊 Episodes completed this rollout: 5
2025-09-23 12:13:37,171 - __main__ - INFO - 📈 Episode stats: avg return = 0.22, avg length = 183.4
2025-09-23 12:13:37,171 - __main__ - INFO - 🎯 Top 3 training actions: #2(32340), #3(26238), #4(25068)
2025-09-23 12:13:41,066 - __main__ - INFO - 📊 Episodes completed this rollout: 6
2025-09-23 12:13:41,067 - __main__ - INFO - 📈 Episode stats: avg return = 0.71, avg length = 147.2
2025-09-23 12:13:41,067 - __main__ - INFO - 🎯 Top 3 training actions: #2(32568), #3(26388), #4(25215)
2025-09-23 12:13:44,967 - __main__ - INFO - 📊 Episodes completed this rollout: 6
2025-09-23 12:13:44,968 - __main__ - INFO - 📈 Episode stats: avg return = 0.14, avg length = 237.3
2025-09-23 12:13:44,968 - __main__ - INFO - 🎯 Top 3 training actions: #2(32791), #3(26551), #4(25350)
2025-09-23 12:13:48,860 - __main__ - INFO - 📊 Episodes completed this rollout: 3
2025-09-23 12:13:48,861 - __main__ - INFO - 📈 Episode stats: avg return = -0.34, avg length = 300.0
2025-09-23 12:13:48,861 - __main__ - INFO - 🎯 Top 3 training actions: #2(33013), #3(26716), #4(25479)
2025-09-23 12:13:50,437 - __main__ - INFO - 🧪 Starting evaluation with 50 episodes...
2025-09-23 12:13:50,437 - __main__ - INFO -    Eval seed: 51
2025-09-23 12:13:50,437 - __main__ - INFO -    Max episode steps (eval): env default
2025-09-23 12:13:50,440 - nle.env.base - INFO - Not saving any NLE data.
2025-09-23 12:13:52,570 - __main__ - DEBUG - 🎯 Eval HMM masking: step 200 masked due to negative reward
2025-09-23 12:13:53,100 - __main__ - DEBUG - 🎯 Eval HMM masking: step 250 masked due to negative reward
2025-09-23 12:13:53,639 - __main__ - WARNING - ⚠️ Episode 1 terminated due to step limit.
2025-09-23 12:13:56,943 - __main__ - WARNING - ⚠️ Episode 2 terminated due to step limit.
2025-09-23 12:14:00,246 - __main__ - WARNING - ⚠️ Episode 3 terminated due to step limit.
2025-09-23 12:14:03,031 - __main__ - DEBUG - 🎯 Eval HMM masking: step 250 masked due to negative reward
2025-09-23 12:14:03,545 - __main__ - WARNING - ⚠️ Episode 4 terminated due to step limit.
2025-09-23 12:14:08,757 - __main__ - WARNING - ⚠️ Episode 6 terminated due to step limit.
2025-09-23 12:14:12,531 - __main__ - DEBUG - 🎯 Eval HMM masking: step 250 masked due to negative reward
2025-09-23 12:14:13,049 - __main__ - WARNING - ⚠️ Episode 9 terminated due to step limit.
2025-09-23 12:14:16,347 - __main__ - WARNING - ⚠️ Episode 10 terminated due to step limit.
2025-09-23 12:14:17,034 - __main__ - DEBUG - 🎯 Eval HMM masking: step 50 masked due to negative reward
2025-09-23 12:14:19,656 - __main__ - WARNING - ⚠️ Episode 11 terminated due to step limit.
2025-09-23 12:14:22,438 - __main__ - DEBUG - 🎯 Eval HMM masking: step 250 masked due to negative reward
2025-09-23 12:14:22,957 - __main__ - WARNING - ⚠️ Episode 12 terminated due to step limit.
2025-09-23 12:14:24,177 - __main__ - DEBUG - 🎯 Eval HMM masking: step 100 masked due to negative reward
2025-09-23 12:14:26,292 - __main__ - WARNING - ⚠️ Episode 13 terminated due to step limit.
2025-09-23 12:14:29,582 - __main__ - WARNING - ⚠️ Episode 14 terminated due to step limit.
2025-09-23 12:14:41,126 - __main__ - DEBUG - 🎯 Eval HMM masking: step 150 masked due to negative reward
2025-09-23 12:14:42,681 - __main__ - WARNING - ⚠️ Episode 23 terminated due to step limit.
2025-09-23 12:14:47,308 - __main__ - DEBUG - 🎯 Eval HMM masking: step 100 masked due to negative reward
2025-09-23 12:14:49,387 - __main__ - WARNING - ⚠️ Episode 26 terminated due to step limit.
2025-09-23 12:14:51,646 - __main__ - DEBUG - 🎯 Eval HMM masking: step 200 masked due to negative reward
2025-09-23 12:14:52,686 - __main__ - WARNING - ⚠️ Episode 27 terminated due to step limit.
2025-09-23 12:14:59,841 - __main__ - DEBUG - 🎯 Eval HMM masking: step 250 masked due to negative reward
2025-09-23 12:15:00,354 - __main__ - WARNING - ⚠️ Episode 31 terminated due to step limit.
2025-09-23 12:15:01,566 - __main__ - DEBUG - 🎯 Eval HMM masking: step 100 masked due to negative reward
2025-09-23 12:15:04,966 - __main__ - DEBUG - 🎯 Eval HMM masking: step 200 masked due to negative reward
2025-09-23 12:15:06,006 - __main__ - WARNING - ⚠️ Episode 34 terminated due to step limit.
2025-09-23 12:15:10,575 - __main__ - DEBUG - 🎯 Eval HMM masking: step 50 masked due to negative reward
2025-09-23 12:15:12,670 - __main__ - DEBUG - 🎯 Eval HMM masking: step 250 masked due to negative reward
2025-09-23 12:15:13,187 - __main__ - WARNING - ⚠️ Episode 37 terminated due to step limit.
2025-09-23 12:15:16,479 - __main__ - WARNING - ⚠️ Episode 38 terminated due to step limit.
2025-09-23 12:15:19,494 - __main__ - DEBUG - 🎯 Eval HMM masking: step 50 masked due to negative reward
2025-09-23 12:15:20,539 - __main__ - DEBUG - 🎯 Eval HMM masking: step 150 masked due to negative reward
2025-09-23 12:15:22,100 - __main__ - WARNING - ⚠️ Episode 41 terminated due to step limit.
2025-09-23 12:15:25,408 - __main__ - WARNING - ⚠️ Episode 42 terminated due to step limit.
2025-09-23 12:15:27,686 - __main__ - DEBUG - 🎯 Eval HMM masking: step 200 masked due to negative reward
2025-09-23 12:15:28,743 - __main__ - WARNING - ⚠️ Episode 43 terminated due to step limit.
2025-09-23 12:15:36,181 - __main__ - WARNING - ⚠️ Episode 46 terminated due to step limit.
2025-09-23 12:15:36,872 - __main__ - DEBUG - 🎯 Eval HMM masking: step 50 masked due to negative reward
2025-09-23 12:15:37,396 - __main__ - DEBUG - 🎯 Eval HMM masking: step 100 masked due to negative reward
2025-09-23 12:15:39,490 - __main__ - WARNING - ⚠️ Episode 47 terminated due to step limit.
2025-09-23 12:15:40,879 - __main__ - INFO - 📊 Evaluation Results (Current Round):
2025-09-23 12:15:40,879 - __main__ - INFO -    Episodes: 50
2025-09-23 12:15:40,879 - __main__ - INFO -    Time: 110.4s (2.2s/ep)
2025-09-23 12:15:40,879 - __main__ - INFO -    Average Return: 0.293 ± 0.654
2025-09-23 12:15:40,880 - __main__ - INFO -    Success Rate: 54.0%
2025-09-23 12:15:40,880 - __main__ - INFO -    Average Length: 200.4
2025-09-23 12:15:40,880 - __main__ - INFO -    Average Coverage: 71.9 positions
2025-09-23 12:15:40,880 - __main__ - INFO -    Episode Completions: 27 terminated (54.0%), 23 truncated (46.0%)
2025-09-23 12:15:40,880 - __main__ - INFO - 📈 Total Evaluation Statistics:
2025-09-23 12:15:40,880 - __main__ - INFO -    Total Episodes: 800
2025-09-23 12:15:40,880 - __main__ - INFO -    Total Average Return: 0.135 ± 0.642
2025-09-23 12:15:40,880 - __main__ - INFO -    Total Average Length: 225.8 ± 103.6
2025-09-23 12:15:40,880 - __main__ - INFO -    Total Completions: 336 terminated (42.0%), 464 truncated (58.0%)
2025-09-23 12:15:40,880 - __main__ - INFO -    Skill Entropy: 0.001
2025-09-23 12:15:40,881 - __main__ - INFO -    Used Skills: 1.0
2025-09-23 12:15:40,881 - __main__ - INFO -    Effective K: 1.00
2025-09-23 12:15:40,881 - __main__ - INFO - 🎯 Action Usage Statistics:
2025-09-23 12:15:40,881 - __main__ - INFO -    Unique actions in evaluation: 8
2025-09-23 12:15:40,881 - __main__ - INFO -    Unique actions in training: 8
2025-09-23 12:15:40,881 - __main__ - INFO -    Total unique actions: 8
2025-09-23 12:15:40,881 - __main__ - INFO -    Action coverage: 6.6%
2025-09-23 12:15:40,881 - __main__ - INFO -    Train action count: 160768
2025-09-23 12:15:40,881 - __main__ - INFO -    Eval action count: 180632
2025-09-23 12:15:40,882 - __main__ - INFO -    Train action entropy: 1.994
2025-09-23 12:15:40,882 - __main__ - INFO -    Eval action entropy: 1.981
2025-09-23 12:15:40,882 - __main__ - INFO -    Top 3 train actions: #2(33013), #3(26716), #4(25479)
2025-09-23 12:15:40,882 - __main__ - INFO -    Top 3 eval actions: #2(38080), #3(29400), #4(29081)
2025-09-23 12:15:43,208 - __main__ - INFO - 📊 Episodes completed this rollout: 7
2025-09-23 12:15:43,209 - __main__ - INFO - 📈 Episode stats: avg return = 0.16, avg length = 193.1
2025-09-23 12:15:43,209 - __main__ - INFO - 🎯 Top 3 training actions: #2(33235), #3(26862), #4(25630)
2025-09-23 12:15:47,194 - __main__ - INFO - 📊 Episodes completed this rollout: 1
2025-09-23 12:15:47,194 - __main__ - INFO - 📈 Episode stats: avg return = -0.29, avg length = 300.0
2025-09-23 12:15:47,195 - __main__ - INFO - 🎯 Top 3 training actions: #2(33444), #3(27010), #4(25800)
2025-09-23 12:15:48,809 - __main__ - INFO - 🔄 Synchronized model update at step 162,816
2025-09-23 12:15:48,809 - __main__ - INFO -    HMM interval: 12,000, VAE interval: 12,000
2025-09-23 12:15:48,810 - __main__ - INFO - 🚫 Model training masking: 1200/12288 timesteps masked (9.8%) due to negative rewards (invalid actions)
2025-09-23 12:15:49,174 - __main__ - INFO - 🔄 Capping HMM batch size from 692 to 128 to prevent OOM
2025-09-23 12:15:49,174 - __main__ - INFO - 🔄 HMM refresh starting at step 162,816 with replay size 128x89
2025-09-23 12:15:54,147 - __main__ - DEBUG - Initial ELBO: 11769.0060
2025-09-23 12:15:54,150 - __main__ - DEBUG - Relative tol: 0.0100
2025-09-23 12:15:54,150 - __main__ - DEBUG - Relative elbo_drop_tol: 0.0100
2025-09-23 12:15:54,150 - __main__ - DEBUG - - Init -506.6489
2025-09-23 12:15:54,150 - __main__ - DEBUG - - Trans -7.8747
2025-09-23 12:15:54,150 - __main__ - DEBUG - - Emit 25493.9495
2025-09-23 12:15:54,150 - __main__ - DEBUG - - Entropy 0.0005
2025-09-23 12:15:54,150 - __main__ - DEBUG - - Dir -24.7716
2025-09-23 12:15:54,150 - __main__ - DEBUG - - NIW -13169.7031
2025-09-23 12:15:54,150 - __main__ - DEBUG - - Beta prior -15.9458
2025-09-23 12:15:59,539 - __main__ - DEBUG - Iter 0: ELBO after FB: 11769.0060 (LL 24979.4264, Δ=0.0000)
2025-09-23 12:15:59,540 - __main__ - DEBUG - Blending stats with ρ_niw=0.0500, ρ_tr=0.0500.
2025-09-23 12:15:59,590 - __main__ - DEBUG - Iter 0: ELBO after NIW update: 14647.1142 (Emit LL 28942.6027, NIW term -13740.2480, Δ=2878.1082)
2025-09-23 12:15:59,639 - __main__ - DEBUG - Iter 0: ELBO after Dirichlet update: 14647.2255 (Trans LL -7.6415, Dir term -24.8935, Δ=0.1113)
2025-09-23 12:15:59,716 - __main__ - DEBUG - Iter 0: ELBO after β update: 14646.6618 (Init LL -507.1646, Dir term -24.9291, logp(β) -15.9582, Δ=-0.5638)
2025-09-23 12:16:05,017 - __main__ - DEBUG - Iter 1: ELBO after FB: 14646.6618 (LL 28427.7971, Δ=0.0000)
2025-09-23 12:16:05,018 - __main__ - DEBUG - Blending stats with ρ_niw=0.0500, ρ_tr=0.0500.
2025-09-23 12:16:05,067 - __main__ - DEBUG - Iter 1: ELBO after NIW update: 14646.6618 (Emit LL 28942.6027, NIW term -13740.2480, Δ=0.0000)
2025-09-23 12:16:05,115 - __main__ - DEBUG - Iter 1: ELBO after Dirichlet update: 14646.6023 (Trans LL -7.6180, Dir term -25.0120, Δ=-0.0595)
2025-09-23 12:16:05,185 - __main__ - DEBUG - Iter 1: ELBO after β update: 14646.0926 (Init LL -507.6051, Dir term -25.0767, logp(β) -15.9628, Δ=-0.5097)
2025-09-23 12:16:10,470 - __main__ - DEBUG - Iter 2: ELBO after FB: 14646.0926 (LL 28427.3802, Δ=0.0000)
2025-09-23 12:16:10,471 - __main__ - DEBUG - Blending stats with ρ_niw=0.0500, ρ_tr=0.0500.
2025-09-23 12:16:10,520 - __main__ - DEBUG - Iter 2: ELBO after NIW update: 14646.0926 (Emit LL 28942.6027, NIW term -13740.2480, Δ=0.0000)
2025-09-23 12:16:10,569 - __main__ - DEBUG - Iter 2: ELBO after Dirichlet update: 14645.8714 (Trans LL -7.5971, Dir term -25.3189, Δ=-0.2213)
2025-09-23 12:16:10,641 - __main__ - DEBUG - Iter 2: ELBO after β update: 14645.6033 (Init LL -507.7942, Dir term -25.4017, logp(β) -15.9589, Δ=-0.2680)
2025-09-23 12:16:16,031 - __main__ - DEBUG - Iter 3: ELBO after FB: 14645.6033 (LL 28427.2120, Δ=0.0000)
2025-09-23 12:16:16,032 - __main__ - DEBUG - Blending stats with ρ_niw=0.0500, ρ_tr=0.0500.
2025-09-23 12:16:16,081 - __main__ - DEBUG - Iter 3: ELBO after NIW update: 14645.6033 (Emit LL 28942.6027, NIW term -13740.2480, Δ=0.0000)
2025-09-23 12:16:16,130 - __main__ - DEBUG - Iter 3: ELBO after Dirichlet update: 14645.2824 (Trans LL -7.5893, Dir term -25.7305, Δ=-0.3209)
2025-09-23 12:16:16,195 - __main__ - DEBUG - Iter 3: ELBO after β update: 14645.2354 (Init LL -507.8065, Dir term -25.7699, logp(β) -15.9542, Δ=-0.0470)
2025-09-23 12:16:21,505 - __main__ - DEBUG - Iter 4: ELBO after FB: 14645.2354 (LL 28427.2075, Δ=0.0000)
2025-09-23 12:16:21,506 - __main__ - DEBUG - Blending stats with ρ_niw=0.0500, ρ_tr=0.0500.
2025-09-23 12:16:21,555 - __main__ - DEBUG - Iter 4: ELBO after NIW update: 14645.2354 (Emit LL 28942.6027, NIW term -13740.2480, Δ=0.0000)
2025-09-23 12:16:21,604 - __main__ - DEBUG - Iter 4: ELBO after Dirichlet update: 14644.9022 (Trans LL -7.5884, Dir term -26.1039, Δ=-0.3332)
2025-09-23 12:16:21,660 - __main__ - DEBUG - Iter 4: ELBO after β update: 14644.7727 (Init LL -507.8766, Dir term -26.1642, logp(β) -15.9533, Δ=-0.1296)
2025-09-23 12:16:21,662 - __main__ - INFO -    HMM refresh complete: ELBO=40.1554, iters=0, max iters, states=40
2025-09-23 12:16:21,662 - __main__ - INFO -    ✅ HMM updated (next in 12,000 steps)
2025-09-23 12:16:21,662 - __main__ - INFO - 🔄 VAE refresh starting at step 162,816 with replay size 8x1536
2025-09-23 12:16:21,663 - __main__ - INFO -    Using span sampling (12288 timesteps, too large for full buffer)
2025-09-23 12:16:48,075 - __main__ - INFO -    VAE refresh complete: final_loss=2708.1890, avg_loss=2709.9074, steps=4/4, trend=improving, total_timesteps=12288, span_sampling=32_requested×4_steps, span_len=64
2025-09-23 12:16:48,077 - __main__ - INFO -    ✅ VAE updated (next in 12,000 steps)
2025-09-23 12:16:50,374 - __main__ - INFO - 📊 Episodes completed this rollout: 4
2025-09-23 12:16:50,374 - __main__ - INFO - 📈 Episode stats: avg return = 0.01, avg length = 269.8
2025-09-23 12:16:50,375 - __main__ - INFO - 🎯 Top 3 training actions: #2(33631), #3(27165), #4(25971)
2025-09-23 12:16:54,263 - __main__ - INFO - 📊 Episodes completed this rollout: 5
2025-09-23 12:16:54,264 - __main__ - INFO - 📈 Episode stats: avg return = -0.05, avg length = 249.2
2025-09-23 12:16:54,264 - __main__ - INFO - 🎯 Top 3 training actions: #2(33820), #3(27347), #4(26099)
2025-09-23 12:16:58,141 - __main__ - INFO - 📊 Episodes completed this rollout: 7
2025-09-23 12:16:58,142 - __main__ - INFO - 📈 Episode stats: avg return = 0.33, avg length = 199.1
2025-09-23 12:16:58,142 - __main__ - INFO - 🎯 Top 3 training actions: #2(34005), #3(27563), #4(26266)
2025-09-23 12:17:02,016 - __main__ - INFO - 📊 Episodes completed this rollout: 5
2025-09-23 12:17:02,017 - __main__ - INFO - 📈 Episode stats: avg return = 0.41, avg length = 163.8
2025-09-23 12:17:02,017 - __main__ - INFO - 🎯 Top 3 training actions: #2(34170), #3(27801), #4(26409)
2025-09-23 12:17:05,929 - __main__ - INFO - 📊 Episodes completed this rollout: 4
2025-09-23 12:17:05,929 - __main__ - INFO - 📈 Episode stats: avg return = -0.05, avg length = 225.2
2025-09-23 12:17:05,929 - __main__ - INFO - 🎯 Top 3 training actions: #2(34307), #3(28018), #4(26548)
2025-09-23 12:17:09,837 - __main__ - INFO - 📊 Episodes completed this rollout: 4
2025-09-23 12:17:09,837 - __main__ - INFO - 📈 Episode stats: avg return = 0.22, avg length = 239.5
2025-09-23 12:17:09,837 - __main__ - INFO - 🎯 Top 3 training actions: #2(34459), #3(28205), #4(26714)
2025-09-23 12:17:13,725 - __main__ - INFO - 📊 Episodes completed this rollout: 4
2025-09-23 12:17:13,725 - __main__ - INFO - 📈 Episode stats: avg return = 0.03, avg length = 243.5
2025-09-23 12:17:13,726 - __main__ - INFO - 🎯 Top 3 training actions: #2(34614), #3(28389), #4(26859)
2025-09-23 12:17:17,646 - __main__ - INFO - 📊 Episodes completed this rollout: 7
2025-09-23 12:17:17,647 - __main__ - INFO - 📈 Episode stats: avg return = 0.20, avg length = 231.6
2025-09-23 12:17:17,647 - __main__ - INFO - 🎯 Top 3 training actions: #2(34767), #3(28603), #4(27008)
2025-09-23 12:17:19,242 - __main__ - INFO - 🧪 Starting evaluation with 50 episodes...
2025-09-23 12:17:19,242 - __main__ - INFO -    Eval seed: 51
2025-09-23 12:17:19,242 - __main__ - INFO -    Max episode steps (eval): env default
2025-09-23 12:17:19,243 - nle.env.base - INFO - Not saving any NLE data.
2025-09-23 12:17:20,877 - __main__ - DEBUG - 🎯 Eval HMM masking: step 150 masked due to negative reward
2025-09-23 12:17:22,447 - __main__ - WARNING - ⚠️ Episode 1 terminated due to step limit.
2025-09-23 12:17:23,138 - __main__ - DEBUG - 🎯 Eval HMM masking: step 50 masked due to negative reward
2025-09-23 12:17:24,185 - __main__ - DEBUG - 🎯 Eval HMM masking: step 150 masked due to negative reward
2025-09-23 12:17:26,326 - __main__ - DEBUG - 🎯 Eval HMM masking: step 50 masked due to negative reward
2025-09-23 12:17:29,786 - __main__ - DEBUG - 🎯 Eval HMM masking: step 200 masked due to negative reward
2025-09-23 12:17:30,310 - __main__ - DEBUG - 🎯 Eval HMM masking: step 250 masked due to negative reward
2025-09-23 12:17:30,823 - __main__ - WARNING - ⚠️ Episode 6 terminated due to step limit.
2025-09-23 12:17:33,117 - __main__ - DEBUG - 🎯 Eval HMM masking: step 200 masked due to negative reward
2025-09-23 12:17:34,178 - __main__ - WARNING - ⚠️ Episode 7 terminated due to step limit.
2025-09-23 12:17:36,451 - __main__ - DEBUG - 🎯 Eval HMM masking: step 200 masked due to negative reward
2025-09-23 12:17:38,755 - __main__ - DEBUG - 🎯 Eval HMM masking: step 200 masked due to negative reward
2025-09-23 12:17:39,786 - __main__ - WARNING - ⚠️ Episode 9 terminated due to step limit.
2025-09-23 12:17:48,188 - __main__ - DEBUG - 🎯 Eval HMM masking: step 250 masked due to negative reward
2025-09-23 12:17:48,703 - __main__ - WARNING - ⚠️ Episode 14 terminated due to step limit.
2025-09-23 12:17:53,613 - __main__ - DEBUG - 🎯 Eval HMM masking: step 250 masked due to negative reward
2025-09-23 12:17:54,126 - __main__ - WARNING - ⚠️ Episode 16 terminated due to step limit.
2025-09-23 12:17:57,410 - __main__ - WARNING - ⚠️ Episode 17 terminated due to step limit.
2025-09-23 12:18:00,694 - __main__ - WARNING - ⚠️ Episode 18 terminated due to step limit.
2025-09-23 12:18:01,909 - __main__ - DEBUG - 🎯 Eval HMM masking: step 100 masked due to negative reward
2025-09-23 12:18:02,953 - __main__ - DEBUG - 🎯 Eval HMM masking: step 200 masked due to negative reward
2025-09-23 12:18:03,992 - __main__ - WARNING - ⚠️ Episode 19 terminated due to step limit.
2025-09-23 12:18:07,468 - __main__ - WARNING - ⚠️ Episode 20 terminated due to step limit.
2025-09-23 12:18:10,058 - __main__ - DEBUG - 🎯 Eval HMM masking: step 150 masked due to negative reward
2025-09-23 12:18:11,617 - __main__ - WARNING - ⚠️ Episode 22 terminated due to step limit.
2025-09-23 12:18:14,915 - __main__ - WARNING - ⚠️ Episode 23 terminated due to step limit.
2025-09-23 12:18:18,382 - __main__ - WARNING - ⚠️ Episode 25 terminated due to step limit.
2025-09-23 12:18:26,343 - __main__ - WARNING - ⚠️ Episode 28 terminated due to step limit.
2025-09-23 12:18:29,684 - __main__ - WARNING - ⚠️ Episode 29 terminated due to step limit.
2025-09-23 12:18:34,130 - __main__ - DEBUG - 🎯 Eval HMM masking: step 100 masked due to negative reward
2025-09-23 12:18:39,125 - __main__ - WARNING - ⚠️ Episode 33 terminated due to step limit.
2025-09-23 12:18:42,603 - __main__ - WARNING - ⚠️ Episode 34 terminated due to step limit.
2025-09-23 12:18:48,125 - __main__ - WARNING - ⚠️ Episode 38 terminated due to step limit.
2025-09-23 12:18:50,373 - __main__ - DEBUG - 🎯 Eval HMM masking: step 200 masked due to negative reward
2025-09-23 12:18:51,410 - __main__ - WARNING - ⚠️ Episode 39 terminated due to step limit.
2025-09-23 12:18:54,687 - __main__ - WARNING - ⚠️ Episode 40 terminated due to step limit.
2025-09-23 12:18:57,980 - __main__ - WARNING - ⚠️ Episode 41 terminated due to step limit.
2025-09-23 12:19:06,547 - __main__ - DEBUG - 🎯 Eval HMM masking: step 250 masked due to negative reward
2025-09-23 12:19:07,095 - __main__ - WARNING - ⚠️ Episode 44 terminated due to step limit.
2025-09-23 12:19:10,879 - __main__ - WARNING - ⚠️ Episode 46 terminated due to step limit.
2025-09-23 12:19:12,099 - __main__ - DEBUG - 🎯 Eval HMM masking: step 100 masked due to negative reward
2025-09-23 12:19:14,200 - __main__ - WARNING - ⚠️ Episode 47 terminated due to step limit.
2025-09-23 12:19:14,892 - __main__ - DEBUG - 🎯 Eval HMM masking: step 50 masked due to negative reward
2025-09-23 12:19:17,496 - __main__ - WARNING - ⚠️ Episode 48 terminated due to step limit.
2025-09-23 12:19:20,448 - __main__ - DEBUG - 🎯 Eval HMM masking: step 150 masked due to negative reward
2025-09-23 12:19:22,042 - __main__ - WARNING - ⚠️ Episode 50 terminated due to step limit.
2025-09-23 12:19:22,200 - __main__ - INFO - 📊 Evaluation Results (Current Round):
2025-09-23 12:19:22,200 - __main__ - INFO -    Episodes: 50
2025-09-23 12:19:22,200 - __main__ - INFO -    Time: 123.0s (2.5s/ep)
2025-09-23 12:19:22,200 - __main__ - INFO -    Average Return: 0.211 ± 0.623
2025-09-23 12:19:22,200 - __main__ - INFO -    Success Rate: 48.0%
2025-09-23 12:19:22,200 - __main__ - INFO -    Average Length: 221.0
2025-09-23 12:19:22,200 - __main__ - INFO -    Average Coverage: 77.3 positions
2025-09-23 12:19:22,200 - __main__ - INFO -    Episode Completions: 24 terminated (48.0%), 26 truncated (52.0%)
2025-09-23 12:19:22,200 - __main__ - INFO - 📈 Total Evaluation Statistics:
2025-09-23 12:19:22,200 - __main__ - INFO -    Total Episodes: 850
2025-09-23 12:19:22,201 - __main__ - INFO -    Total Average Return: 0.139 ± 0.642
2025-09-23 12:19:22,201 - __main__ - INFO -    Total Average Length: 225.5 ± 103.8
2025-09-23 12:19:22,201 - __main__ - INFO -    Total Completions: 360 terminated (42.4%), 490 truncated (57.6%)
2025-09-23 12:19:22,201 - __main__ - INFO -    Skill Entropy: 0.001
2025-09-23 12:19:22,201 - __main__ - INFO -    Used Skills: 1.0
2025-09-23 12:19:22,201 - __main__ - INFO -    Effective K: 1.00
2025-09-23 12:19:22,201 - __main__ - INFO - 🎯 Action Usage Statistics:
2025-09-23 12:19:22,201 - __main__ - INFO -    Unique actions in evaluation: 8
2025-09-23 12:19:22,201 - __main__ - INFO -    Unique actions in training: 8
2025-09-23 12:19:22,201 - __main__ - INFO -    Total unique actions: 8
2025-09-23 12:19:22,201 - __main__ - INFO -    Action coverage: 6.6%
2025-09-23 12:19:22,202 - __main__ - INFO -    Train action count: 171008
2025-09-23 12:19:22,202 - __main__ - INFO -    Eval action count: 191681
2025-09-23 12:19:22,202 - __main__ - INFO -    Train action entropy: 1.992
2025-09-23 12:19:22,202 - __main__ - INFO -    Eval action entropy: 1.981
2025-09-23 12:19:22,203 - __main__ - INFO -    Top 3 train actions: #2(34767), #3(28603), #4(27008)
2025-09-23 12:19:22,203 - __main__ - INFO -    Top 3 eval actions: #2(39721), #3(31501), #4(30752)
2025-09-23 12:19:24,478 - __main__ - INFO - 📊 Episodes completed this rollout: 4
2025-09-23 12:19:24,478 - __main__ - INFO - 📈 Episode stats: avg return = 0.78, avg length = 158.5
2025-09-23 12:19:24,479 - __main__ - INFO - 🎯 Top 3 training actions: #2(34930), #3(28777), #4(27166)
2025-09-23 12:19:28,353 - __main__ - INFO - 📊 Episodes completed this rollout: 5
2025-09-23 12:19:28,353 - __main__ - INFO - 📈 Episode stats: avg return = 0.34, avg length = 225.2
2025-09-23 12:19:28,353 - __main__ - INFO - 🎯 Top 3 training actions: #2(35075), #3(28985), #4(27337)
2025-09-23 12:19:32,240 - __main__ - INFO - 📊 Episodes completed this rollout: 3
2025-09-23 12:19:32,240 - __main__ - INFO - 📈 Episode stats: avg return = 0.05, avg length = 247.0
2025-09-23 12:19:32,241 - __main__ - INFO - 🎯 Top 3 training actions: #2(35226), #3(29206), #4(27498)
2025-09-23 12:19:36,268 - __main__ - INFO - 📊 Episodes completed this rollout: 7
2025-09-23 12:19:36,268 - __main__ - INFO - 📈 Episode stats: avg return = 0.19, avg length = 184.4
2025-09-23 12:19:36,268 - __main__ - INFO - 🎯 Top 3 training actions: #2(35393), #3(29417), #4(27661)
2025-09-23 12:19:37,892 - __main__ - INFO - 🔄 Synchronized model update at step 175,104
2025-09-23 12:19:37,892 - __main__ - INFO -    HMM interval: 12,000, VAE interval: 12,000
2025-09-23 12:19:37,893 - __main__ - INFO - 🚫 Model training masking: 1464/12288 timesteps masked (11.9%) due to negative rewards (invalid actions)
2025-09-23 12:19:38,293 - __main__ - INFO - 🔄 Capping HMM batch size from 968 to 128 to prevent OOM
2025-09-23 12:19:38,294 - __main__ - INFO - 🔄 HMM refresh starting at step 175,104 with replay size 128x95
2025-09-23 12:19:43,797 - __main__ - DEBUG - Initial ELBO: 13575.7759
2025-09-23 12:19:43,800 - __main__ - DEBUG - Relative tol: 0.0100
2025-09-23 12:19:43,800 - __main__ - DEBUG - Relative elbo_drop_tol: 0.0100
2025-09-23 12:19:43,800 - __main__ - DEBUG - - Init -507.1646
2025-09-23 12:19:43,800 - __main__ - DEBUG - - Trans -7.2856
2025-09-23 12:19:43,800 - __main__ - DEBUG - - Emit 27871.3610
2025-09-23 12:19:43,801 - __main__ - DEBUG - - Entropy 0.0005
2025-09-23 12:19:43,801 - __main__ - DEBUG - - Dir -24.9291
2025-09-23 12:19:43,801 - __main__ - DEBUG - - NIW -13740.2480
2025-09-23 12:19:43,801 - __main__ - DEBUG - - Beta prior -15.9582
2025-09-23 12:19:49,639 - __main__ - DEBUG - Iter 0: ELBO after FB: 13575.7759 (LL 27356.9113, Δ=0.0000)
2025-09-23 12:19:49,639 - __main__ - DEBUG - Blending stats with ρ_niw=0.0500, ρ_tr=0.0500.
2025-09-23 12:19:49,688 - __main__ - DEBUG - Iter 0: ELBO after NIW update: 15993.0254 (Emit LL 30818.9366, NIW term -14270.5742, Δ=2417.2494)
2025-09-23 12:19:49,736 - __main__ - DEBUG - Iter 0: ELBO after Dirichlet update: 15993.0939 (Trans LL -7.1138, Dir term -25.0323, Δ=0.0685)
2025-09-23 12:19:49,803 - __main__ - DEBUG - Iter 0: ELBO after β update: 15992.5640 (Init LL -507.6581, Dir term -25.0562, logp(β) -15.9708, Δ=-0.5299)
2025-09-23 12:19:55,630 - __main__ - DEBUG - Iter 1: ELBO after FB: 15992.5640 (LL 30304.1652, Δ=0.0000)
2025-09-23 12:19:55,631 - __main__ - DEBUG - Blending stats with ρ_niw=0.0500, ρ_tr=0.0500.
2025-09-23 12:19:55,680 - __main__ - DEBUG - Iter 1: ELBO after NIW update: 15992.5640 (Emit LL 30818.9366, NIW term -14270.5742, Δ=0.0000)
2025-09-23 12:19:55,728 - __main__ - DEBUG - Iter 1: ELBO after Dirichlet update: 15992.5045 (Trans LL -7.0922, Dir term -25.1372, Δ=-0.0595)
2025-09-23 12:19:55,798 - __main__ - DEBUG - Iter 1: ELBO after β update: 15992.0012 (Init LL -508.0994, Dir term -25.1948, logp(β) -15.9752, Δ=-0.5033)
2025-09-23 12:20:01,512 - __main__ - DEBUG - Iter 2: ELBO after FB: 15992.0012 (LL 30303.7455, Δ=0.0000)
2025-09-23 12:20:01,512 - __main__ - DEBUG - Blending stats with ρ_niw=0.0500, ρ_tr=0.0500.
2025-09-23 12:20:01,561 - __main__ - DEBUG - Iter 2: ELBO after NIW update: 15992.0012 (Emit LL 30818.9366, NIW term -14270.5742, Δ=0.0000)
2025-09-23 12:20:01,610 - __main__ - DEBUG - Iter 2: ELBO after Dirichlet update: 15991.8037 (Trans LL -7.0732, Dir term -25.4114, Δ=-0.1975)
2025-09-23 12:20:01,677 - __main__ - DEBUG - Iter 2: ELBO after β update: 15991.5866 (Init LL -508.2477, Dir term -25.4857, logp(β) -15.9698, Δ=-0.2171)
2025-09-23 12:20:07,465 - __main__ - DEBUG - Iter 3: ELBO after FB: 15991.5866 (LL 30303.6163, Δ=0.0000)
2025-09-23 12:20:07,466 - __main__ - DEBUG - Blending stats with ρ_niw=0.0500, ρ_tr=0.0500.
2025-09-23 12:20:07,515 - __main__ - DEBUG - Iter 3: ELBO after NIW update: 15991.5866 (Emit LL 30818.9366, NIW term -14270.5742, Δ=0.0000)
2025-09-23 12:20:07,563 - __main__ - DEBUG - Iter 3: ELBO after Dirichlet update: 15991.2216 (Trans LL -7.0674, Dir term -25.8565, Δ=-0.3650)
2025-09-23 12:20:07,626 - __main__ - DEBUG - Iter 3: ELBO after β update: 15991.1522 (Init LL -508.2657, Dir term -25.9108, logp(β) -15.9668, Δ=-0.0693)
2025-09-23 12:20:13,440 - __main__ - DEBUG - Iter 4: ELBO after FB: 15991.1522 (LL 30303.6040, Δ=0.0000)
2025-09-23 12:20:13,441 - __main__ - DEBUG - Blending stats with ρ_niw=0.0500, ρ_tr=0.0500.
2025-09-23 12:20:13,490 - __main__ - DEBUG - Iter 4: ELBO after NIW update: 15991.1522 (Emit LL 30818.9366, NIW term -14270.5742, Δ=0.0000)
2025-09-23 12:20:13,540 - __main__ - DEBUG - Iter 4: ELBO after Dirichlet update: 15990.8800 (Trans LL -7.0665, Dir term -26.1838, Δ=-0.2722)
2025-09-23 12:20:13,602 - __main__ - DEBUG - Iter 4: ELBO after β update: 15990.7668 (Init LL -508.3468, Dir term -26.2190, logp(β) -15.9638, Δ=-0.1132)
2025-09-23 12:20:13,604 - __main__ - INFO -    HMM refresh complete: ELBO=78.7067, iters=0, max iters, states=40
2025-09-23 12:20:13,604 - __main__ - INFO -    ✅ HMM updated (next in 12,000 steps)
2025-09-23 12:20:13,604 - __main__ - INFO - 🔄 VAE refresh starting at step 175,104 with replay size 8x1536
2025-09-23 12:20:13,605 - __main__ - INFO -    Using span sampling (12288 timesteps, too large for full buffer)
2025-09-23 12:20:39,108 - __main__ - INFO -    VAE refresh complete: final_loss=2696.1187, avg_loss=2704.3090, steps=4/4, trend=improving, total_timesteps=12288, span_sampling=32_requested×4_steps, span_len=64
2025-09-23 12:20:39,110 - __main__ - INFO -    ✅ VAE updated (next in 12,000 steps)
2025-09-23 12:20:41,361 - __main__ - INFO - 📊 Episodes completed this rollout: 3
2025-09-23 12:20:41,361 - __main__ - INFO - 📈 Episode stats: avg return = 0.48, avg length = 189.7
2025-09-23 12:20:41,361 - __main__ - INFO - 🎯 Top 3 training actions: #2(35587), #3(29607), #4(27833)
2025-09-23 12:20:45,267 - __main__ - INFO - 📊 Episodes completed this rollout: 4
2025-09-23 12:20:45,267 - __main__ - INFO - 📈 Episode stats: avg return = -0.37, avg length = 300.0
2025-09-23 12:20:45,267 - __main__ - INFO - 🎯 Top 3 training actions: #2(35763), #3(29794), #4(27994)
2025-09-23 12:20:49,193 - __main__ - INFO - 📊 Episodes completed this rollout: 4
2025-09-23 12:20:49,194 - __main__ - INFO - 📈 Episode stats: avg return = -0.25, avg length = 283.0
2025-09-23 12:20:49,194 - __main__ - INFO - 🎯 Top 3 training actions: #2(35907), #3(29961), #4(28193)
2025-09-23 12:20:53,073 - __main__ - INFO - 📊 Episodes completed this rollout: 3
2025-09-23 12:20:53,073 - __main__ - INFO - 📈 Episode stats: avg return = -0.39, avg length = 300.0
2025-09-23 12:20:53,074 - __main__ - INFO - 🎯 Top 3 training actions: #2(36069), #3(30096), #4(28356)
2025-09-23 12:20:56,953 - __main__ - INFO - 📊 Episodes completed this rollout: 7
2025-09-23 12:20:56,953 - __main__ - INFO - 📈 Episode stats: avg return = -0.01, avg length = 238.3
2025-09-23 12:20:56,954 - __main__ - INFO - 🎯 Top 3 training actions: #2(36264), #3(30222), #4(28513)
2025-09-23 12:20:58,517 - __main__ - INFO - 🧪 Starting evaluation with 50 episodes...
2025-09-23 12:20:58,517 - __main__ - INFO -    Eval seed: 51
2025-09-23 12:20:58,517 - __main__ - INFO -    Max episode steps (eval): env default
2025-09-23 12:20:58,518 - nle.env.base - INFO - Not saving any NLE data.
2025-09-23 12:21:02,348 - __main__ - WARNING - ⚠️ Episode 2 terminated due to step limit.
2025-09-23 12:21:04,173 - __main__ - DEBUG - 🎯 Eval HMM masking: step 150 masked due to negative reward
2025-09-23 12:21:05,857 - __main__ - WARNING - ⚠️ Episode 3 terminated due to step limit.
2025-09-23 12:21:08,849 - __main__ - DEBUG - 🎯 Eval HMM masking: step 250 masked due to negative reward
2025-09-23 12:21:09,403 - __main__ - WARNING - ⚠️ Episode 4 terminated due to step limit.
2025-09-23 12:21:10,105 - __main__ - DEBUG - 🎯 Eval HMM masking: step 50 masked due to negative reward
2025-09-23 12:21:12,703 - __main__ - WARNING - ⚠️ Episode 5 terminated due to step limit.
2025-09-23 12:21:13,969 - __main__ - DEBUG - 🎯 Eval HMM masking: step 100 masked due to negative reward
2025-09-23 12:21:14,495 - __main__ - DEBUG - 🎯 Eval HMM masking: step 150 masked due to negative reward
2025-09-23 12:21:16,072 - __main__ - WARNING - ⚠️ Episode 6 terminated due to step limit.
2025-09-23 12:21:19,708 - __main__ - DEBUG - 🎯 Eval HMM masking: step 200 masked due to negative reward
2025-09-23 12:21:20,235 - __main__ - DEBUG - 🎯 Eval HMM masking: step 250 masked due to negative reward
2025-09-23 12:21:22,672 - __main__ - DEBUG - 🎯 Eval HMM masking: step 100 masked due to negative reward
2025-09-23 12:21:23,725 - __main__ - DEBUG - 🎯 Eval HMM masking: step 200 masked due to negative reward
2025-09-23 12:21:29,662 - __main__ - WARNING - ⚠️ Episode 12 terminated due to step limit.
2025-09-23 12:21:30,360 - __main__ - DEBUG - 🎯 Eval HMM masking: step 50 masked due to negative reward
2025-09-23 12:21:32,977 - __main__ - WARNING - ⚠️ Episode 13 terminated due to step limit.
2025-09-23 12:21:33,675 - __main__ - DEBUG - 🎯 Eval HMM masking: step 50 masked due to negative reward
2025-09-23 12:21:34,203 - __main__ - DEBUG - 🎯 Eval HMM masking: step 100 masked due to negative reward
2025-09-23 12:21:34,735 - __main__ - DEBUG - 🎯 Eval HMM masking: step 150 masked due to negative reward
2025-09-23 12:21:36,307 - __main__ - WARNING - ⚠️ Episode 14 terminated due to step limit.
2025-09-23 12:21:38,581 - __main__ - DEBUG - 🎯 Eval HMM masking: step 200 masked due to negative reward
2025-09-23 12:21:39,627 - __main__ - WARNING - ⚠️ Episode 15 terminated due to step limit.
2025-09-23 12:21:42,432 - __main__ - DEBUG - 🎯 Eval HMM masking: step 250 masked due to negative reward
2025-09-23 12:21:42,952 - __main__ - WARNING - ⚠️ Episode 16 terminated due to step limit.
2025-09-23 12:21:43,646 - __main__ - DEBUG - 🎯 Eval HMM masking: step 50 masked due to negative reward
2025-09-23 12:21:46,334 - __main__ - WARNING - ⚠️ Episode 17 terminated due to step limit.
2025-09-23 12:21:49,736 - __main__ - WARNING - ⚠️ Episode 19 terminated due to step limit.
2025-09-23 12:21:52,061 - __main__ - DEBUG - 🎯 Eval HMM masking: step 200 masked due to negative reward
2025-09-23 12:21:55,889 - __main__ - WARNING - ⚠️ Episode 21 terminated due to step limit.
2025-09-23 12:21:59,208 - __main__ - WARNING - ⚠️ Episode 22 terminated due to step limit.
2025-09-23 12:22:02,535 - __main__ - WARNING - ⚠️ Episode 23 terminated due to step limit.
2025-09-23 12:22:04,604 - __main__ - DEBUG - 🎯 Eval HMM masking: step 150 masked due to negative reward
2025-09-23 12:22:06,161 - __main__ - WARNING - ⚠️ Episode 25 terminated due to step limit.
2025-09-23 12:22:09,463 - __main__ - WARNING - ⚠️ Episode 26 terminated due to step limit.
2025-09-23 12:22:10,678 - __main__ - DEBUG - 🎯 Eval HMM masking: step 100 masked due to negative reward
2025-09-23 12:22:12,979 - __main__ - DEBUG - 🎯 Eval HMM masking: step 200 masked due to negative reward
2025-09-23 12:22:14,014 - __main__ - WARNING - ⚠️ Episode 28 terminated due to step limit.
2025-09-23 12:22:21,818 - __main__ - WARNING - ⚠️ Episode 32 terminated due to step limit.
2025-09-23 12:22:24,607 - __main__ - DEBUG - 🎯 Eval HMM masking: step 250 masked due to negative reward
2025-09-23 12:22:25,122 - __main__ - WARNING - ⚠️ Episode 33 terminated due to step limit.
2025-09-23 12:22:28,414 - __main__ - WARNING - ⚠️ Episode 34 terminated due to step limit.
2025-09-23 12:22:31,734 - __main__ - WARNING - ⚠️ Episode 35 terminated due to step limit.
2025-09-23 12:22:36,303 - __main__ - DEBUG - 🎯 Eval HMM masking: step 50 masked due to negative reward
2025-09-23 12:22:37,359 - __main__ - DEBUG - 🎯 Eval HMM masking: step 150 masked due to negative reward
2025-09-23 12:22:38,925 - __main__ - WARNING - ⚠️ Episode 38 terminated due to step limit.
2025-09-23 12:22:46,525 - __main__ - WARNING - ⚠️ Episode 41 terminated due to step limit.
2025-09-23 12:22:49,767 - __main__ - DEBUG - 🎯 Eval HMM masking: step 100 masked due to negative reward
2025-09-23 12:22:51,341 - __main__ - DEBUG - 🎯 Eval HMM masking: step 250 masked due to negative reward
2025-09-23 12:22:51,858 - __main__ - WARNING - ⚠️ Episode 44 terminated due to step limit.
2025-09-23 12:22:53,082 - __main__ - DEBUG - 🎯 Eval HMM masking: step 100 masked due to negative reward
2025-09-23 12:22:55,200 - __main__ - WARNING - ⚠️ Episode 45 terminated due to step limit.
2025-09-23 12:22:56,421 - __main__ - DEBUG - 🎯 Eval HMM masking: step 100 masked due to negative reward
2025-09-23 12:22:58,505 - __main__ - WARNING - ⚠️ Episode 46 terminated due to step limit.
2025-09-23 12:23:03,943 - __main__ - DEBUG - 🎯 Eval HMM masking: step 100 masked due to negative reward
2025-09-23 12:23:04,552 - __main__ - INFO - 📊 Evaluation Results (Current Round):
2025-09-23 12:23:04,552 - __main__ - INFO -    Episodes: 50
2025-09-23 12:23:04,552 - __main__ - INFO -    Time: 126.0s (2.5s/ep)
2025-09-23 12:23:04,552 - __main__ - INFO -    Average Return: 0.112 ± 0.658
2025-09-23 12:23:04,552 - __main__ - INFO -    Success Rate: 46.0%
2025-09-23 12:23:04,552 - __main__ - INFO -    Average Length: 226.8
2025-09-23 12:23:04,552 - __main__ - INFO -    Average Coverage: 73.0 positions
2025-09-23 12:23:04,552 - __main__ - INFO -    Episode Completions: 23 terminated (46.0%), 27 truncated (54.0%)
2025-09-23 12:23:04,552 - __main__ - INFO - 📈 Total Evaluation Statistics:
2025-09-23 12:23:04,552 - __main__ - INFO -    Total Episodes: 900
2025-09-23 12:23:04,552 - __main__ - INFO -    Total Average Return: 0.138 ± 0.643
2025-09-23 12:23:04,553 - __main__ - INFO -    Total Average Length: 225.6 ± 103.5
2025-09-23 12:23:04,553 - __main__ - INFO -    Total Completions: 383 terminated (42.6%), 517 truncated (57.4%)
2025-09-23 12:23:04,553 - __main__ - INFO -    Skill Entropy: 0.001
2025-09-23 12:23:04,553 - __main__ - INFO -    Used Skills: 1.0
2025-09-23 12:23:04,553 - __main__ - INFO -    Effective K: 1.00
2025-09-23 12:23:04,553 - __main__ - INFO - 🎯 Action Usage Statistics:
2025-09-23 12:23:04,553 - __main__ - INFO -    Unique actions in evaluation: 8
2025-09-23 12:23:04,553 - __main__ - INFO -    Unique actions in training: 8
2025-09-23 12:23:04,553 - __main__ - INFO -    Total unique actions: 8
2025-09-23 12:23:04,553 - __main__ - INFO -    Action coverage: 6.6%
2025-09-23 12:23:04,553 - __main__ - INFO -    Train action count: 180224
2025-09-23 12:23:04,554 - __main__ - INFO -    Eval action count: 203022
2025-09-23 12:23:04,554 - __main__ - INFO -    Train action entropy: 1.990
2025-09-23 12:23:04,554 - __main__ - INFO -    Eval action entropy: 1.980
2025-09-23 12:23:04,554 - __main__ - INFO -    Top 3 train actions: #2(36264), #3(30222), #4(28513)
2025-09-23 12:23:04,555 - __main__ - INFO -    Top 3 eval actions: #2(42161), #3(33131), #4(32380)
2025-09-23 12:23:06,827 - __main__ - INFO - 📊 Episodes completed this rollout: 2
2025-09-23 12:23:06,828 - __main__ - INFO - 📈 Episode stats: avg return = 0.63, avg length = 207.0
2025-09-23 12:23:06,828 - __main__ - INFO - 🎯 Top 3 training actions: #2(36494), #3(30342), #4(28668)
2025-09-23 12:23:10,748 - __main__ - INFO - 📊 Episodes completed this rollout: 8
2025-09-23 12:23:10,748 - __main__ - INFO - 📈 Episode stats: avg return = 0.39, avg length = 194.6
2025-09-23 12:23:10,749 - __main__ - INFO - 🎯 Top 3 training actions: #2(36715), #3(30499), #4(28817)
2025-09-23 12:23:14,613 - __main__ - INFO - 📊 Episodes completed this rollout: 1
2025-09-23 12:23:14,613 - __main__ - INFO - 📈 Episode stats: avg return = -0.37, avg length = 300.0
2025-09-23 12:23:14,613 - __main__ - INFO - 🎯 Top 3 training actions: #2(36948), #3(30658), #4(28960)
2025-09-23 12:23:18,478 - __main__ - INFO - 📊 Episodes completed this rollout: 6
2025-09-23 12:23:18,478 - __main__ - INFO - 📈 Episode stats: avg return = 0.33, avg length = 232.8
2025-09-23 12:23:18,478 - __main__ - INFO - 🎯 Top 3 training actions: #2(37170), #3(30834), #4(29107)
2025-09-23 12:23:22,397 - __main__ - INFO - 📊 Episodes completed this rollout: 8
2025-09-23 12:23:22,397 - __main__ - INFO - 📈 Episode stats: avg return = 0.37, avg length = 160.6
2025-09-23 12:23:22,397 - __main__ - INFO - 🎯 Top 3 training actions: #2(37349), #3(31039), #4(29254)
2025-09-23 12:23:26,278 - __main__ - INFO - 📊 Episodes completed this rollout: 2
2025-09-23 12:23:26,278 - __main__ - INFO - 📈 Episode stats: avg return = 0.93, avg length = 67.0
2025-09-23 12:23:26,279 - __main__ - INFO - 🎯 Top 3 training actions: #2(37521), #3(31244), #4(29393)
2025-09-23 12:23:30,197 - __main__ - INFO - 📊 Episodes completed this rollout: 8
2025-09-23 12:23:30,197 - __main__ - INFO - 📈 Episode stats: avg return = -0.05, avg length = 237.1
2025-09-23 12:23:30,197 - __main__ - INFO - 🎯 Top 3 training actions: #2(37685), #3(31377), #4(29535)
2025-09-23 12:23:31,795 - __main__ - INFO - 🔄 Synchronized model update at step 187,392
2025-09-23 12:23:31,796 - __main__ - INFO -    HMM interval: 12,000, VAE interval: 12,000
2025-09-23 12:23:31,796 - __main__ - INFO - 🚫 Model training masking: 1332/12288 timesteps masked (10.8%) due to negative rewards (invalid actions)
2025-09-23 12:23:32,174 - __main__ - INFO - 🔄 Capping HMM batch size from 954 to 128 to prevent OOM
2025-09-23 12:23:32,174 - __main__ - INFO - 🔄 HMM refresh starting at step 187,392 with replay size 128x56
2025-09-23 12:23:35,328 - __main__ - DEBUG - Initial ELBO: 8436.0751
2025-09-23 12:23:35,330 - __main__ - DEBUG - Relative tol: 0.0100
2025-09-23 12:23:35,331 - __main__ - DEBUG - Relative elbo_drop_tol: 0.0100
2025-09-23 12:23:35,331 - __main__ - DEBUG - - Init -507.6581
2025-09-23 12:23:35,331 - __main__ - DEBUG - - Trans -5.2781
2025-09-23 12:23:35,331 - __main__ - DEBUG - - Emit 23260.6122
2025-09-23 12:23:35,331 - __main__ - DEBUG - - Entropy 0.0003
2025-09-23 12:23:35,331 - __main__ - DEBUG - - Dir -25.0562
2025-09-23 12:23:35,331 - __main__ - DEBUG - - NIW -14270.5742
2025-09-23 12:23:35,331 - __main__ - DEBUG - - Beta prior -15.9708
2025-09-23 12:23:38,838 - __main__ - DEBUG - Iter 0: ELBO after FB: 8436.0751 (LL 22747.6763, Δ=0.0000)
2025-09-23 12:23:38,838 - __main__ - DEBUG - Blending stats with ρ_niw=0.0500, ρ_tr=0.0500.
2025-09-23 12:23:38,885 - __main__ - DEBUG - Iter 0: ELBO after NIW update: 9724.7444 (Emit LL 24872.8147, NIW term -14594.1074, Δ=1288.6693)
2025-09-23 12:23:38,932 - __main__ - DEBUG - Iter 0: ELBO after Dirichlet update: 9724.7814 (Trans LL -5.2566, Dir term -25.0407, Δ=0.0370)
2025-09-23 12:23:38,996 - __main__ - DEBUG - Iter 0: ELBO after β update: 9724.2698 (Init LL -508.1356, Dir term -25.0621, logp(β) -15.9835, Δ=-0.5117)
2025-09-23 12:23:42,507 - __main__ - DEBUG - Iter 1: ELBO after FB: 9724.2698 (LL 24359.4228, Δ=0.0000)
2025-09-23 12:23:42,508 - __main__ - DEBUG - Blending stats with ρ_niw=0.0500, ρ_tr=0.0500.
2025-09-23 12:23:42,554 - __main__ - DEBUG - Iter 1: ELBO after NIW update: 9724.2698 (Emit LL 24872.8147, NIW term -14594.1074, Δ=0.0000)
2025-09-23 12:23:42,601 - __main__ - DEBUG - Iter 1: ELBO after Dirichlet update: 9724.1872 (Trans LL -5.2418, Dir term -25.1594, Δ=-0.0825)
2025-09-23 12:23:42,670 - __main__ - DEBUG - Iter 1: ELBO after β update: 9723.6614 (Init LL -508.5781, Dir term -25.2389, logp(β) -15.9875, Δ=-0.5259)
2025-09-23 12:23:46,166 - __main__ - DEBUG - Iter 2: ELBO after FB: 9723.6614 (LL 24358.9951, Δ=0.0000)
2025-09-23 12:23:46,166 - __main__ - DEBUG - Blending stats with ρ_niw=0.0500, ρ_tr=0.0500.
2025-09-23 12:23:46,214 - __main__ - DEBUG - Iter 2: ELBO after NIW update: 9723.6614 (Emit LL 24872.8147, NIW term -14594.1074, Δ=0.0000)
2025-09-23 12:23:46,260 - __main__ - DEBUG - Iter 2: ELBO after Dirichlet update: 9723.4590 (Trans LL -5.2283, Dir term -25.4548, Δ=-0.2024)
2025-09-23 12:23:46,326 - __main__ - DEBUG - Iter 2: ELBO after β update: 9723.2651 (Init LL -508.7288, Dir term -25.5033, logp(β) -15.9821, Δ=-0.1939)
2025-09-23 12:23:49,823 - __main__ - DEBUG - Iter 3: ELBO after FB: 9723.2651 (LL 24358.8579, Δ=0.0000)
2025-09-23 12:23:49,824 - __main__ - DEBUG - Blending stats with ρ_niw=0.0500, ρ_tr=0.0500.
2025-09-23 12:23:49,870 - __main__ - DEBUG - Iter 3: ELBO after NIW update: 9723.2651 (Emit LL 24872.8147, NIW term -14594.1074, Δ=0.0000)
2025-09-23 12:23:49,916 - __main__ - DEBUG - Iter 3: ELBO after Dirichlet update: 9722.9048 (Trans LL -5.2233, Dir term -25.8686, Δ=-0.3603)
2025-09-23 12:23:49,971 - __main__ - DEBUG - Iter 3: ELBO after β update: 9722.9661 (Init LL -508.6334, Dir term -25.9048, logp(β) -15.9800, Δ=0.0613)
2025-09-23 12:23:53,516 - __main__ - DEBUG - Iter 4: ELBO after FB: 9722.9661 (LL 24358.9583, Δ=0.0000)
2025-09-23 12:23:53,517 - __main__ - DEBUG - Blending stats with ρ_niw=0.0500, ρ_tr=0.0500.
2025-09-23 12:23:53,564 - __main__ - DEBUG - Iter 4: ELBO after NIW update: 9722.9661 (Emit LL 24872.8147, NIW term -14594.1074, Δ=0.0000)
2025-09-23 12:23:53,610 - __main__ - DEBUG - Iter 4: ELBO after Dirichlet update: 9722.8290 (Trans LL -5.2264, Dir term -26.0387, Δ=-0.1370)
2025-09-23 12:23:53,663 - __main__ - DEBUG - Iter 4: ELBO after β update: 9722.7293 (Init LL -508.7175, Dir term -26.0559, logp(β) -15.9786, Δ=-0.0998)
2025-09-23 12:23:53,664 - __main__ - INFO -    HMM refresh complete: ELBO=524.3254, iters=0, max iters, states=40
2025-09-23 12:23:53,664 - __main__ - INFO -    ✅ HMM updated (next in 12,000 steps)
2025-09-23 12:23:53,664 - __main__ - INFO - 🔄 VAE refresh starting at step 187,392 with replay size 8x1536
2025-09-23 12:23:53,665 - __main__ - INFO -    Using span sampling (12288 timesteps, too large for full buffer)
2025-09-23 12:24:19,594 - __main__ - INFO -    VAE refresh complete: final_loss=2686.5361, avg_loss=2690.3355, steps=4/4, trend=improving, total_timesteps=12288, span_sampling=32_requested×4_steps, span_len=64
2025-09-23 12:24:19,597 - __main__ - INFO -    ✅ VAE updated (next in 12,000 steps)
2025-09-23 12:24:21,916 - __main__ - INFO - 📊 Episodes completed this rollout: 1
2025-09-23 12:24:21,916 - __main__ - INFO - 📈 Episode stats: avg return = -0.45, avg length = 300.0
2025-09-23 12:24:21,916 - __main__ - INFO - 🎯 Top 3 training actions: #2(37840), #3(31509), #4(29666)
2025-09-23 12:24:25,839 - __main__ - INFO - 📊 Episodes completed this rollout: 6
2025-09-23 12:24:25,839 - __main__ - INFO - 📈 Episode stats: avg return = 0.06, avg length = 288.8
2025-09-23 12:24:25,839 - __main__ - INFO - 🎯 Top 3 training actions: #2(37995), #3(31645), #4(29774)
2025-09-23 12:24:29,746 - __main__ - INFO - 📊 Episodes completed this rollout: 4
2025-09-23 12:24:29,747 - __main__ - INFO - 📈 Episode stats: avg return = 0.32, avg length = 216.2
2025-09-23 12:24:29,747 - __main__ - INFO - 🎯 Top 3 training actions: #2(38137), #3(31821), #4(29901)
2025-09-23 12:24:31,346 - __main__ - INFO - 🧪 Starting evaluation with 50 episodes...
2025-09-23 12:24:31,346 - __main__ - INFO -    Eval seed: 51
2025-09-23 12:24:31,346 - __main__ - INFO -    Max episode steps (eval): env default
2025-09-23 12:24:31,347 - nle.env.base - INFO - Not saving any NLE data.
2025-09-23 12:24:32,946 - __main__ - DEBUG - 🎯 Eval HMM masking: step 150 masked due to negative reward
2025-09-23 12:24:33,469 - __main__ - DEBUG - 🎯 Eval HMM masking: step 200 masked due to negative reward
2025-09-23 12:24:34,510 - __main__ - WARNING - ⚠️ Episode 1 terminated due to step limit.
2025-09-23 12:24:37,805 - __main__ - WARNING - ⚠️ Episode 2 terminated due to step limit.
2025-09-23 12:24:44,204 - __main__ - WARNING - ⚠️ Episode 4 terminated due to step limit.
2025-09-23 12:24:47,503 - __main__ - WARNING - ⚠️ Episode 5 terminated due to step limit.
2025-09-23 12:24:56,294 - __main__ - WARNING - ⚠️ Episode 8 terminated due to step limit.
2025-09-23 12:24:57,507 - __main__ - DEBUG - 🎯 Eval HMM masking: step 100 masked due to negative reward
2025-09-23 12:24:58,028 - __main__ - DEBUG - 🎯 Eval HMM masking: step 150 masked due to negative reward
2025-09-23 12:24:59,585 - __main__ - WARNING - ⚠️ Episode 9 terminated due to step limit.
2025-09-23 12:25:04,790 - __main__ - DEBUG - 🎯 Eval HMM masking: step 250 masked due to negative reward
2025-09-23 12:25:05,306 - __main__ - WARNING - ⚠️ Episode 12 terminated due to step limit.
2025-09-23 12:25:12,942 - __main__ - WARNING - ⚠️ Episode 15 terminated due to step limit.
2025-09-23 12:25:18,026 - __main__ - WARNING - ⚠️ Episode 19 terminated due to step limit.
2025-09-23 12:25:21,528 - __main__ - WARNING - ⚠️ Episode 20 terminated due to step limit.
2025-09-23 12:25:22,231 - __main__ - DEBUG - 🎯 Eval HMM masking: step 50 masked due to negative reward
2025-09-23 12:25:22,761 - __main__ - DEBUG - 🎯 Eval HMM masking: step 100 masked due to negative reward
2025-09-23 12:25:24,878 - __main__ - WARNING - ⚠️ Episode 21 terminated due to step limit.
2025-09-23 12:25:28,399 - __main__ - WARNING - ⚠️ Episode 22 terminated due to step limit.
2025-09-23 12:25:31,353 - __main__ - DEBUG - 🎯 Eval HMM masking: step 250 masked due to negative reward
2025-09-23 12:25:31,903 - __main__ - WARNING - ⚠️ Episode 23 terminated due to step limit.
2025-09-23 12:25:33,753 - __main__ - DEBUG - 🎯 Eval HMM masking: step 150 masked due to negative reward
2025-09-23 12:25:39,106 - __main__ - WARNING - ⚠️ Episode 27 terminated due to step limit.
2025-09-23 12:25:42,741 - __main__ - DEBUG - 🎯 Eval HMM masking: step 100 masked due to negative reward
2025-09-23 12:25:44,952 - __main__ - WARNING - ⚠️ Episode 29 terminated due to step limit.
2025-09-23 12:25:48,480 - __main__ - WARNING - ⚠️ Episode 30 terminated due to step limit.
2025-09-23 12:25:52,012 - __main__ - WARNING - ⚠️ Episode 31 terminated due to step limit.
2025-09-23 12:25:53,303 - __main__ - DEBUG - 🎯 Eval HMM masking: step 100 masked due to negative reward
2025-09-23 12:25:55,520 - __main__ - WARNING - ⚠️ Episode 32 terminated due to step limit.
2025-09-23 12:25:58,854 - __main__ - WARNING - ⚠️ Episode 33 terminated due to step limit.
2025-09-23 12:26:02,307 - __main__ - WARNING - ⚠️ Episode 35 terminated due to step limit.
2025-09-23 12:26:05,608 - __main__ - WARNING - ⚠️ Episode 36 terminated due to step limit.
2025-09-23 12:26:08,954 - __main__ - WARNING - ⚠️ Episode 37 terminated due to step limit.
2025-09-23 12:26:11,663 - __main__ - DEBUG - 🎯 Eval HMM masking: step 50 masked due to negative reward
2025-09-23 12:26:15,902 - __main__ - WARNING - ⚠️ Episode 40 terminated due to step limit.
2025-09-23 12:26:17,632 - __main__ - DEBUG - 🎯 Eval HMM masking: step 150 masked due to negative reward
2025-09-23 12:26:18,672 - __main__ - DEBUG - 🎯 Eval HMM masking: step 250 masked due to negative reward
2025-09-23 12:26:19,182 - __main__ - WARNING - ⚠️ Episode 41 terminated due to step limit.
2025-09-23 12:26:20,942 - __main__ - DEBUG - 🎯 Eval HMM masking: step 150 masked due to negative reward
2025-09-23 12:26:22,500 - __main__ - WARNING - ⚠️ Episode 42 terminated due to step limit.
2025-09-23 12:26:25,783 - __main__ - WARNING - ⚠️ Episode 43 terminated due to step limit.
2025-09-23 12:26:29,136 - __main__ - WARNING - ⚠️ Episode 44 terminated due to step limit.
2025-09-23 12:26:29,830 - __main__ - DEBUG - 🎯 Eval HMM masking: step 50 masked due to negative reward
2025-09-23 12:26:30,353 - __main__ - DEBUG - 🎯 Eval HMM masking: step 100 masked due to negative reward
2025-09-23 12:26:30,895 - __main__ - DEBUG - 🎯 Eval HMM masking: step 150 masked due to negative reward
2025-09-23 12:26:32,455 - __main__ - WARNING - ⚠️ Episode 45 terminated due to step limit.
2025-09-23 12:26:33,159 - __main__ - DEBUG - 🎯 Eval HMM masking: step 50 masked due to negative reward
2025-09-23 12:26:33,685 - __main__ - DEBUG - 🎯 Eval HMM masking: step 100 masked due to negative reward
2025-09-23 12:26:37,467 - __main__ - DEBUG - 🎯 Eval HMM masking: step 100 masked due to negative reward
2025-09-23 12:26:37,989 - __main__ - DEBUG - 🎯 Eval HMM masking: step 150 masked due to negative reward
2025-09-23 12:26:39,566 - __main__ - WARNING - ⚠️ Episode 49 terminated due to step limit.
2025-09-23 12:26:40,240 - __main__ - INFO - 📊 Evaluation Results (Current Round):
2025-09-23 12:26:40,240 - __main__ - INFO -    Episodes: 50
2025-09-23 12:26:40,240 - __main__ - INFO -    Time: 128.9s (2.6s/ep)
2025-09-23 12:26:40,240 - __main__ - INFO -    Average Return: 0.154 ± 0.610
2025-09-23 12:26:40,240 - __main__ - INFO -    Success Rate: 42.0%
2025-09-23 12:26:40,240 - __main__ - INFO -    Average Length: 229.3
2025-09-23 12:26:40,240 - __main__ - INFO -    Average Coverage: 79.7 positions
2025-09-23 12:26:40,240 - __main__ - INFO -    Episode Completions: 21 terminated (42.0%), 29 truncated (58.0%)
2025-09-23 12:26:40,240 - __main__ - INFO - 📈 Total Evaluation Statistics:
2025-09-23 12:26:40,240 - __main__ - INFO -    Total Episodes: 950
2025-09-23 12:26:40,241 - __main__ - INFO -    Total Average Return: 0.138 ± 0.641
2025-09-23 12:26:40,241 - __main__ - INFO -    Total Average Length: 225.8 ± 103.5
2025-09-23 12:26:40,241 - __main__ - INFO -    Total Completions: 404 terminated (42.5%), 546 truncated (57.5%)
2025-09-23 12:26:40,241 - __main__ - INFO -    Skill Entropy: 0.001
2025-09-23 12:26:40,241 - __main__ - INFO -    Used Skills: 1.0
2025-09-23 12:26:40,241 - __main__ - INFO -    Effective K: 1.00
2025-09-23 12:26:40,241 - __main__ - INFO - 🎯 Action Usage Statistics:
2025-09-23 12:26:40,241 - __main__ - INFO -    Unique actions in evaluation: 8
2025-09-23 12:26:40,241 - __main__ - INFO -    Unique actions in training: 8
2025-09-23 12:26:40,241 - __main__ - INFO -    Total unique actions: 8
2025-09-23 12:26:40,242 - __main__ - INFO -    Action coverage: 6.6%
2025-09-23 12:26:40,242 - __main__ - INFO -    Train action count: 190464
2025-09-23 12:26:40,242 - __main__ - INFO -    Eval action count: 214489
2025-09-23 12:26:40,242 - __main__ - INFO -    Train action entropy: 1.994
2025-09-23 12:26:40,242 - __main__ - INFO -    Eval action entropy: 1.991
2025-09-23 12:26:40,243 - __main__ - INFO -    Top 3 train actions: #2(38137), #3(31821), #4(29901)
2025-09-23 12:26:40,243 - __main__ - INFO -    Top 3 eval actions: #2(43688), #3(34725), #4(33709)
2025-09-23 12:26:42,580 - __main__ - INFO - 📊 Episodes completed this rollout: 5
2025-09-23 12:26:42,580 - __main__ - INFO - 📈 Episode stats: avg return = 0.66, avg length = 151.8
2025-09-23 12:26:42,580 - __main__ - INFO - 🎯 Top 3 training actions: #2(38276), #3(31958), #4(30014)
2025-09-23 12:26:46,604 - __main__ - INFO - 📊 Episodes completed this rollout: 6
2025-09-23 12:26:46,604 - __main__ - INFO - 📈 Episode stats: avg return = 0.11, avg length = 248.3
2025-09-23 12:26:46,604 - __main__ - INFO - 🎯 Top 3 training actions: #2(38399), #3(32068), #4(30139)
2025-09-23 12:26:50,573 - __main__ - INFO - 📊 Episodes completed this rollout: 2
2025-09-23 12:26:50,574 - __main__ - INFO - 📈 Episode stats: avg return = 0.25, avg length = 276.5
2025-09-23 12:26:50,574 - __main__ - INFO - 🎯 Top 3 training actions: #2(38538), #3(32195), #4(30267)
2025-09-23 12:26:54,513 - __main__ - INFO - 📊 Episodes completed this rollout: 6
2025-09-23 12:26:54,514 - __main__ - INFO - 📈 Episode stats: avg return = 0.32, avg length = 189.8
2025-09-23 12:26:54,514 - __main__ - INFO - 🎯 Top 3 training actions: #2(38685), #3(32347), #4(30395)
2025-09-23 12:26:58,429 - __main__ - INFO - 📊 Episodes completed this rollout: 5
2025-09-23 12:26:58,429 - __main__ - INFO - 📈 Episode stats: avg return = 0.39, avg length = 186.6
2025-09-23 12:26:58,430 - __main__ - INFO - 🎯 Top 3 training actions: #2(38828), #3(32482), #4(30513)
2025-09-23 12:27:02,353 - __main__ - INFO - 📊 Episodes completed this rollout: 8
2025-09-23 12:27:02,354 - __main__ - INFO - 📈 Episode stats: avg return = 0.36, avg length = 175.1
2025-09-23 12:27:02,354 - __main__ - INFO - 🎯 Top 3 training actions: #2(38961), #3(32627), #4(30638)
2025-09-23 12:27:06,233 - __main__ - INFO - 📊 Episodes completed this rollout: 3
2025-09-23 12:27:06,233 - __main__ - INFO - 📈 Episode stats: avg return = 0.17, avg length = 262.0
2025-09-23 12:27:06,233 - __main__ - INFO - 🎯 Top 3 training actions: #2(39135), #3(32754), #4(30759)
2025-09-23 12:27:10,138 - __main__ - INFO - 📊 Episodes completed this rollout: 7
2025-09-23 12:27:10,138 - __main__ - INFO - 📈 Episode stats: avg return = 0.53, avg length = 154.1
2025-09-23 12:27:10,138 - __main__ - INFO - 🎯 Top 3 training actions: #2(39284), #3(32921), #4(30895)
2025-09-23 12:27:14,023 - __main__ - INFO - 📊 Episodes completed this rollout: 4
2025-09-23 12:27:14,024 - __main__ - INFO - 📈 Episode stats: avg return = -0.01, avg length = 262.0
2025-09-23 12:27:14,024 - __main__ - INFO - 🎯 Top 3 training actions: #2(39419), #3(33071), #4(31045)
2025-09-23 12:27:15,598 - __main__ - INFO - 🔄 Synchronized model update at step 199,680
2025-09-23 12:27:15,599 - __main__ - INFO -    HMM interval: 12,000, VAE interval: 12,000
2025-09-23 12:27:15,600 - __main__ - INFO - 🚫 Model training masking: 1392/12288 timesteps masked (11.3%) due to negative rewards (invalid actions)
2025-09-23 12:27:15,976 - __main__ - INFO - 🔄 Capping HMM batch size from 919 to 128 to prevent OOM
2025-09-23 12:27:15,976 - __main__ - INFO - 🔄 HMM refresh starting at step 199,680 with replay size 128x97
2025-09-23 12:27:21,443 - __main__ - DEBUG - Initial ELBO: 10871.0121
2025-09-23 12:27:21,446 - __main__ - DEBUG - Relative tol: 0.0100
2025-09-23 12:27:21,447 - __main__ - DEBUG - Relative elbo_drop_tol: 0.0100
2025-09-23 12:27:21,447 - __main__ - DEBUG - - Init -508.1356
2025-09-23 12:27:21,447 - __main__ - DEBUG - - Trans -5.5090
2025-09-23 12:27:21,447 - __main__ - DEBUG - - Emit 26019.8093
2025-09-23 12:27:21,447 - __main__ - DEBUG - - Entropy 0.0006
2025-09-23 12:27:21,447 - __main__ - DEBUG - - Dir -25.0621
2025-09-23 12:27:21,447 - __main__ - DEBUG - - NIW -14594.1074
2025-09-23 12:27:21,447 - __main__ - DEBUG - - Beta prior -15.9835
2025-09-23 12:27:27,317 - __main__ - DEBUG - Iter 0: ELBO after FB: 10871.0121 (LL 25506.1652, Δ=0.0000)
2025-09-23 12:27:27,318 - __main__ - DEBUG - Blending stats with ρ_niw=0.0500, ρ_tr=0.0500.
2025-09-23 12:27:27,369 - __main__ - DEBUG - Iter 0: ELBO after NIW update: 12270.4012 (Emit LL 27776.8204, NIW term -14951.7295, Δ=1399.3891)
2025-09-23 12:27:27,421 - __main__ - DEBUG - Iter 0: ELBO after Dirichlet update: 12270.4181 (Trans LL -5.4755, Dir term -25.0787, Δ=0.0170)
2025-09-23 12:27:27,494 - __main__ - DEBUG - Iter 0: ELBO after β update: 12269.9139 (Init LL -508.5960, Dir term -25.1098, logp(β) -15.9963, Δ=-0.5042)
2025-09-23 12:27:33,427 - __main__ - DEBUG - Iter 1: ELBO after FB: 12269.9139 (LL 27262.7495, Δ=0.0000)
2025-09-23 12:27:33,428 - __main__ - DEBUG - Blending stats with ρ_niw=0.0500, ρ_tr=0.0500.
2025-09-23 12:27:33,476 - __main__ - DEBUG - Iter 1: ELBO after NIW update: 12269.9139 (Emit LL 27776.8204, NIW term -14951.7295, Δ=0.0000)
2025-09-23 12:27:33,525 - __main__ - DEBUG - Iter 1: ELBO after Dirichlet update: 12269.8705 (Trans LL -5.4600, Dir term -25.1687, Δ=-0.0434)
2025-09-23 12:27:33,596 - __main__ - DEBUG - Iter 1: ELBO after β update: 12269.3596 (Init LL -509.0416, Dir term -25.2303, logp(β) -16.0000, Δ=-0.5109)
2025-09-23 12:27:39,348 - __main__ - DEBUG - Iter 2: ELBO after FB: 12269.3596 (LL 27262.3194, Δ=0.0000)
2025-09-23 12:27:39,349 - __main__ - DEBUG - Blending stats with ρ_niw=0.0500, ρ_tr=0.0500.
2025-09-23 12:27:39,399 - __main__ - DEBUG - Iter 2: ELBO after NIW update: 12269.3596 (Emit LL 27776.8204, NIW term -14951.7295, Δ=0.0000)
2025-09-23 12:27:39,450 - __main__ - DEBUG - Iter 2: ELBO after Dirichlet update: 12269.1260 (Trans LL -5.4452, Dir term -25.4788, Δ=-0.2336)
2025-09-23 12:27:39,521 - __main__ - DEBUG - Iter 2: ELBO after β update: 12268.9291 (Init LL -509.1944, Dir term -25.5282, logp(β) -15.9946, Δ=-0.1969)
2025-09-23 12:27:45,335 - __main__ - DEBUG - Iter 3: ELBO after FB: 12268.9291 (LL 27262.1814, Δ=0.0000)
2025-09-23 12:27:45,336 - __main__ - DEBUG - Blending stats with ρ_niw=0.0500, ρ_tr=0.0500.
2025-09-23 12:27:45,384 - __main__ - DEBUG - Iter 3: ELBO after NIW update: 12268.9291 (Emit LL 27776.8204, NIW term -14951.7295, Δ=0.0000)
2025-09-23 12:27:45,434 - __main__ - DEBUG - Iter 3: ELBO after Dirichlet update: 12268.5480 (Trans LL -5.4406, Dir term -25.9139, Δ=-0.3812)
2025-09-23 12:27:45,497 - __main__ - DEBUG - Iter 3: ELBO after β update: 12268.4914 (Init LL -509.1782, Dir term -25.9908, logp(β) -15.9904, Δ=-0.0565)
2025-09-23 12:27:51,198 - __main__ - DEBUG - Iter 4: ELBO after FB: 12268.4914 (LL 27262.2021, Δ=0.0000)
2025-09-23 12:27:51,199 - __main__ - DEBUG - Blending stats with ρ_niw=0.0500, ρ_tr=0.0500.
2025-09-23 12:27:51,247 - __main__ - DEBUG - Iter 4: ELBO after NIW update: 12268.4914 (Emit LL 27776.8204, NIW term -14951.7295, Δ=0.0000)
2025-09-23 12:27:51,296 - __main__ - DEBUG - Iter 4: ELBO after Dirichlet update: 12268.1902 (Trans LL -5.4406, Dir term -26.2921, Δ=-0.3012)
2025-09-23 12:27:51,352 - __main__ - DEBUG - Iter 4: ELBO after β update: 12268.1572 (Init LL -509.1856, Dir term -26.3193, logp(β) -15.9888, Δ=-0.0330)
2025-09-23 12:27:51,354 - __main__ - INFO -    HMM refresh complete: ELBO=14.3753, iters=0, max iters, states=40
2025-09-23 12:27:51,354 - __main__ - INFO -    ✅ HMM updated (next in 12,000 steps)
2025-09-23 12:27:51,354 - __main__ - INFO - 🔄 VAE refresh starting at step 199,680 with replay size 8x1536
2025-09-23 12:27:51,355 - __main__ - INFO -    Using span sampling (12288 timesteps, too large for full buffer)
2025-09-23 12:28:17,010 - __main__ - INFO -    VAE refresh complete: final_loss=2668.0720, avg_loss=2670.2889, steps=4/4, trend=improving, total_timesteps=12288, span_sampling=32_requested×4_steps, span_len=64
2025-09-23 12:28:17,012 - __main__ - INFO -    ✅ VAE updated (next in 12,000 steps)
2025-09-23 12:28:17,016 - __main__ - INFO - ⏱️  Training completed in 4628.01 seconds
2025-09-23 12:28:17,016 - __main__ - INFO - 💾 Saving final PPO checkpoint...
2025-09-23 12:28:17,024 - __main__ - INFO - 💾 Final checkpoint saved: checkpoints/ablation_baseline_curiosity_trans_only_MiniHack_Room_Random_15x15_v0_20250923-111105/ppo_policy.pth
2025-09-23 12:28:17,029 - __main__ - INFO - 📊 Collected 286 training log entries
2025-09-23 12:28:17,029 - __main__ - INFO - ☁️  Uploading all model components to HuggingFace...
2025-09-23 12:28:17,554 - __main__ - INFO - 📦 Created/verified repository: CatkinChen/nethack-ppo-ablation-baseline_curiosity_trans_only
2025-09-23 12:28:17,554 - __main__ - INFO - 📤 Uploading PPO policy checkpoint...
2025-09-23 12:28:20,715 - __main__ - INFO - 📤 Uploading VAE model...
2025-09-23 12:28:23,979 - __main__ - INFO - ✅ VAE model uploaded successfully
2025-09-23 12:28:23,979 - __main__ - INFO - 📤 Uploading HMM model...
2025-09-23 12:28:26,902 - __main__ - INFO - ✅ HMM model uploaded successfully
2025-09-23 12:28:26,902 - __main__ - INFO - 📝 Creating model card...
2025-09-23 12:28:27,536 - __main__ - INFO - ✅ Model card uploaded successfully
2025-09-23 12:28:27,536 - __main__ - INFO - 📄 Uploading training configuration...
2025-09-23 12:28:28,040 - __main__ - INFO - ✅ Training configuration uploaded successfully
2025-09-23 12:28:28,040 - __main__ - INFO - 🎉 All model components uploaded to: https://huggingface.co/CatkinChen/nethack-ppo-ablation-baseline_curiosity_trans_only
2025-09-23 12:28:28,040 - __main__ - INFO - 📈 Uploading training artifacts...
2025-09-23 12:28:31,230 - __main__ - INFO - ✅ Training artifacts uploaded successfully
2025-09-23 12:28:31,926 - __main__ - INFO - 🎉 Training completed successfully!
