2025-09-24 01:28:47,348 - __main__ - INFO - ================================================================================
2025-09-24 01:28:47,348 - __main__ - INFO - Starting Online PPO Training with Pretrained Models
2025-09-24 01:28:47,348 - __main__ - INFO - Environment: MiniHack-Room-Random-15x15-v0
2025-09-24 01:28:47,349 - __main__ - INFO - VAE Repository: CatkinChen/nethack-vae-hmm
2025-09-24 01:28:47,349 - __main__ - INFO - HMM Repository: CatkinChen/nethack-hmm
2025-09-24 01:28:47,349 - __main__ - INFO - Total Timesteps: 195
2025-09-24 01:28:47,349 - __main__ - INFO - ================================================================================
2025-09-24 01:28:47,349 - __main__ - INFO - 🔧 Using device: cuda
2025-09-24 01:28:47,349 - __main__ - INFO - 🆕 Fresh training mode: Loading models from separate repos
2025-09-24 01:28:47,349 - __main__ - INFO - 🎨 Loading pretrained VAE model...
2025-09-24 01:28:47,875 - __main__ - INFO - 🧠 Loading pretrained HMM model...
2025-09-24 01:28:48,165 - __main__ - INFO - ✅ VAE model loaded successfully
2025-09-24 01:28:48,166 - __main__ - INFO -    - Latent dimension: 96
2025-09-24 01:28:48,166 - __main__ - INFO -    - Skills: 40
2025-09-24 01:28:48,166 - __main__ - INFO - ✅ HMM model loaded successfully
2025-09-24 01:28:48,166 - __main__ - INFO -    🏷️  HMM Round: 4
2025-09-24 01:28:48,166 - __main__ - INFO -    📅 Created: 2025-09-15T21:41:06.331217
2025-09-24 01:28:48,166 - __main__ - INFO - 🎮 Creating environment: MiniHack-Room-Random-15x15-v0
2025-09-24 01:28:48,166 - nle.env.base - INFO - Not saving any NLE data.
2025-09-24 01:28:48,180 - __main__ - INFO -    - Observation space: Dict('blstats': Box(-2147483648, 2147483647, (27,), int64), 'chars': Box(0, 255, (21, 79), uint8), 'chars_crop': Box(0, 255, (9, 9), uint8), 'colors': Box(0, 15, (21, 79), uint8), 'colors_crop': Box(0, 15, (9, 9), uint8), 'glyphs': Box(0, 5976, (21, 79), int16), 'glyphs_crop': Box(0, 5976, (9, 9), int16), 'message': Box(0, 255, (256,), uint8), 'specials': Box(0, 255, (21, 79), uint8), 'specials_crop': Box(0, 255, (9, 9), uint8))
2025-09-24 01:28:48,180 - __main__ - INFO -    - Action space: Discrete(8)
2025-09-24 01:28:48,206 - __main__ - INFO - 🔄 HMM posterior set as prior for online updates with tempered weight 0.2
2025-09-24 01:28:48,207 - __main__ - INFO - 🔄 Using provided VAE config
2025-09-24 01:28:48,207 - __main__ - INFO -    - VAE prior mode set to 'hmm' for online training
2025-09-24 01:28:49,215 - __main__ - INFO - 📊 W&B initialized with run name: ablation_baseline_rnd_MiniHack_Room_Random_15x15_v0_20250924-012847
2025-09-24 01:28:49,215 - __main__ - INFO - 🚀 Initializing PPO trainer...
2025-09-24 01:28:49,215 - nle.env.base - INFO - Not saving any NLE data.
2025-09-24 01:28:49,232 - nle.env.base - INFO - Not saving any NLE data.
2025-09-24 01:28:49,247 - nle.env.base - INFO - Not saving any NLE data.
2025-09-24 01:28:49,262 - nle.env.base - INFO - Not saving any NLE data.
2025-09-24 01:28:49,277 - nle.env.base - INFO - Not saving any NLE data.
2025-09-24 01:28:49,290 - nle.env.base - INFO - Not saving any NLE data.
2025-09-24 01:28:49,304 - nle.env.base - INFO - Not saving any NLE data.
2025-09-24 01:28:49,318 - nle.env.base - INFO - Not saving any NLE data.
2025-09-24 01:28:50,212 - __main__ - INFO - ✅ PPO trainer initialized successfully
2025-09-24 01:28:50,212 - __main__ - INFO - 🆕 Starting fresh PPO training (no checkpoint loading)
2025-09-24 01:28:50,212 - __main__ - INFO - 🏋️  Starting PPO training...
2025-09-24 01:28:50,626 - __main__ - INFO - 🎮 Action Mapping Debug (step 0, timestep 0):
2025-09-24 01:28:50,626 - __main__ - INFO -    Global actions sampled: [7 1 2 0 7 1 3 4]
2025-09-24 01:28:50,627 - __main__ - INFO -    Local actions mapped:   [7 1 2 0 7 1 3 4]
2025-09-24 01:28:50,627 - __main__ - INFO -    Available env actions:  (<CompassDirection.N: 107>, <CompassDirection.E: 108>, <CompassDirection.S: 106>, <CompassDirection.W: 104>, <CompassDirection.NE: 117>, <CompassDirection.SE: 110>, <CompassDirection.SW: 98>, <CompassDirection.NW: 121>)
2025-09-24 01:28:50,627 - __main__ - INFO -    Action mapping:         ['local_0->global_0(107)', 'local_1->global_1(108)', 'local_2->global_2(106)', 'local_3->global_3(104)', 'local_4->global_4(117)', 'local_5->global_5(110)', 'local_6->global_6(98)', 'local_7->global_7(121)']
2025-09-24 01:28:50,627 - __main__ - INFO -    Valid global indices:   [0 1 2 3 4 5 6 7] (total: 8)
2025-09-24 01:28:50,627 - __main__ - INFO -    Global->Local mapping:  ['env0:g7->l7', 'env1:g1->l1', 'env2:g2->l2', 'env3:g0->l0', 'env4:g7->l7', 'env5:g1->l1', 'env6:g3->l3', 'env7:g4->l4']
2025-09-24 01:28:50,633 - __main__ - INFO - 🚫 Negative Reward Masking (step 0, timestep 0):
2025-09-24 01:28:50,633 - __main__ - INFO -    Environments masked due to prev negative rewards: 0/8
2025-09-24 01:28:50,633 - __main__ - INFO -    Environments with current negative rewards: 1/8
2025-09-24 01:28:50,633 - __main__ - INFO -    Rewards: [ 0.    0.    0.    0.   -0.01  0.    0.    0.  ]
2025-09-24 01:28:52,778 - __main__ - INFO - 📊 Episodes completed this rollout: 1
2025-09-24 01:28:52,778 - __main__ - INFO - 📈 Episode stats: avg return = 0.90, avg length = 73.0
2025-09-24 01:28:52,801 - __main__ - INFO - 🎯 Top 3 training actions: #1(154), #6(137), #2(134)
2025-09-24 01:28:56,306 - __main__ - INFO - 📊 Episodes completed this rollout: 1
2025-09-24 01:28:56,307 - __main__ - INFO - 📈 Episode stats: avg return = 0.87, avg length = 155.0
2025-09-24 01:28:56,307 - __main__ - INFO - 🎯 Top 3 training actions: #1(347), #2(280), #4(246)
2025-09-24 01:28:59,623 - __main__ - INFO - 📊 Episodes completed this rollout: 8
2025-09-24 01:28:59,624 - __main__ - INFO - 📈 Episode stats: avg return = -0.01, avg length = 255.9
2025-09-24 01:28:59,624 - __main__ - INFO - 🎯 Top 3 training actions: #1(484), #2(442), #0(387)
2025-09-24 01:29:02,859 - __main__ - INFO - 📊 Episodes completed this rollout: 2
2025-09-24 01:29:02,860 - __main__ - INFO - 📈 Episode stats: avg return = 0.31, avg length = 207.0
2025-09-24 01:29:02,860 - __main__ - INFO - 🎯 Top 3 training actions: #1(608), #2(588), #0(563)
2025-09-24 01:29:06,106 - __main__ - INFO - 📊 Episodes completed this rollout: 7
2025-09-24 01:29:06,106 - __main__ - INFO - 📈 Episode stats: avg return = 0.04, avg length = 234.6
2025-09-24 01:29:06,107 - __main__ - INFO - 🎯 Top 3 training actions: #1(771), #0(763), #2(711)
2025-09-24 01:29:07,088 - __main__ - INFO - 🔄 Synchronized model update at step 5,120
2025-09-24 01:29:07,088 - __main__ - INFO -    HMM interval: 5,120, VAE interval: 5,120
2025-09-24 01:29:07,089 - __main__ - INFO - 🚫 Model training masking: 500/5120 timesteps masked (9.8%) due to negative rewards (invalid actions)
2025-09-24 01:29:07,242 - __main__ - INFO - 🔄 Capping HMM batch size from 337 to 128 to prevent OOM
2025-09-24 01:29:07,242 - __main__ - INFO - 🔄 HMM refresh starting at step 5,120 with replay size 128x118
2025-09-24 01:29:13,622 - __main__ - DEBUG - Initial ELBO: -403822.1654
2025-09-24 01:29:13,623 - __main__ - DEBUG - Relative tol: 0.0100
2025-09-24 01:29:13,623 - __main__ - DEBUG - Relative elbo_drop_tol: 0.0100
2025-09-24 01:29:13,623 - __main__ - DEBUG - - Init -541.8352
2025-09-24 01:29:13,623 - __main__ - DEBUG - - Trans -3090.7055
2025-09-24 01:29:13,623 - __main__ - DEBUG - - Emit -400179.4952
2025-09-24 01:29:13,623 - __main__ - DEBUG - - Entropy 5.6512
2025-09-24 01:29:13,623 - __main__ - DEBUG - - Dir 0.0000
2025-09-24 01:29:13,623 - __main__ - DEBUG - - NIW 0.0003
2025-09-24 01:29:13,623 - __main__ - DEBUG - - Beta prior -15.7809
2025-09-24 01:29:20,704 - __main__ - DEBUG - Iter 0: ELBO after FB: -403822.1654 (LL -403806.3848, Δ=0.0000)
2025-09-24 01:29:20,704 - __main__ - DEBUG - First pass after reset, using full stats.
2025-09-24 01:29:20,754 - __main__ - DEBUG - Iter 0: ELBO after NIW update: -93291.6473 (Emit LL -66281.6917, NIW term -23367.2852, Δ=310530.5180)
2025-09-24 01:29:20,805 - __main__ - DEBUG - Iter 0: ELBO after Dirichlet update: -90564.5512 (Trans LL -136.3093, Dir term -227.3001, Δ=2727.0961)
2025-09-24 01:29:20,878 - __main__ - DEBUG - Iter 0: ELBO after β update: -90565.2706 (Init LL -542.4792, Dir term -227.3665, logp(β) -15.7900, Δ=-0.7194)
2025-09-24 01:29:27,689 - __main__ - DEBUG - Iter 1: ELBO after FB: -64568.8299 (LL -40958.3882, Δ=25996.4408)
2025-09-24 01:29:27,690 - __main__ - DEBUG - First pass after reset, using full stats.
2025-09-24 01:29:27,738 - __main__ - DEBUG - Iter 1: ELBO after NIW update: -38984.7279 (Emit LL -25753.6777, NIW term -12465.7002, Δ=25584.1020)
2025-09-24 01:29:27,787 - __main__ - DEBUG - Iter 1: ELBO after Dirichlet update: -38778.7147 (Trans LL -9.4948, Dir term -36.1098, Δ=206.0131)
2025-09-24 01:29:27,856 - __main__ - DEBUG - Iter 1: ELBO after β update: -38779.6102 (Init LL -498.7580, Dir term -36.1870, logp(β) -15.7985, Δ=-0.8955)
2025-09-24 01:29:34,652 - __main__ - DEBUG - Iter 2: ELBO after FB: -36279.7938 (LL -23762.1082, Δ=2499.8164)
2025-09-24 01:29:34,652 - __main__ - DEBUG - First pass after reset, using full stats.
2025-09-24 01:29:34,701 - __main__ - DEBUG - Iter 2: ELBO after NIW update: -35037.2269 (Emit LL -23027.0071, NIW term -11454.5225, Δ=1242.5670)
2025-09-24 01:29:34,749 - __main__ - DEBUG - Iter 2: ELBO after Dirichlet update: -35027.0761 (Trans LL -4.8492, Dir term -26.2515, Δ=10.1508)
2025-09-24 01:29:34,818 - __main__ - DEBUG - Iter 2: ELBO after β update: -35027.5892 (Init LL -499.0618, Dir term -26.3460, logp(β) -15.8032, Δ=-0.5131)
2025-09-24 01:29:41,627 - __main__ - DEBUG - Iter 3: ELBO after FB: -35027.5892 (LL -23530.9175, Δ=0.0000)
2025-09-24 01:29:41,627 - __main__ - DEBUG - First pass after reset, using full stats.
2025-09-24 01:29:41,675 - __main__ - DEBUG - Iter 3: ELBO after NIW update: -35027.5892 (Emit LL -23027.0071, NIW term -11454.5225, Δ=0.0000)
2025-09-24 01:29:41,724 - __main__ - DEBUG - Iter 3: ELBO after Dirichlet update: -35027.9006 (Trans LL -4.8355, Dir term -26.6712, Δ=-0.3114)
2025-09-24 01:29:41,793 - __main__ - DEBUG - Iter 3: ELBO after β update: -35028.3639 (Init LL -499.3982, Dir term -26.7989, logp(β) -15.8024, Δ=-0.4633)
2025-09-24 01:29:48,539 - __main__ - DEBUG - Iter 4: ELBO after FB: -35028.3639 (LL -23531.2401, Δ=0.0000)
2025-09-24 01:29:48,539 - __main__ - DEBUG - First pass after reset, using full stats.
2025-09-24 01:29:48,588 - __main__ - DEBUG - Iter 4: ELBO after NIW update: -35028.3639 (Emit LL -23027.0071, NIW term -11454.5225, Δ=0.0000)
2025-09-24 01:29:48,636 - __main__ - DEBUG - Iter 4: ELBO after Dirichlet update: -35028.7504 (Trans LL -4.8245, Dir term -27.1964, Δ=-0.3865)
2025-09-24 01:29:48,700 - __main__ - DEBUG - Iter 4: ELBO after β update: -35028.8102 (Init LL -499.3934, Dir term -27.2664, logp(β) -15.7969, Δ=-0.0598)
2025-09-24 01:29:48,702 - __main__ - INFO -    HMM refresh complete: ELBO=-1204.2401, iters=0, max iters, states=40
2025-09-24 01:29:48,702 - __main__ - INFO -    ✅ HMM updated (next in 6,144 steps)
2025-09-24 01:29:48,702 - __main__ - INFO - 🔄 VAE refresh starting at step 5,120 with replay size 8x640
2025-09-24 01:29:48,703 - __main__ - INFO -    Using span sampling (5120 timesteps, too large for full buffer)
2025-09-24 01:30:14,733 - __main__ - INFO -    VAE refresh complete: final_loss=2884.1729, avg_loss=2894.0924, steps=4/4, trend=improving, total_timesteps=5120, span_sampling=32_requested×4_steps, span_len=64
2025-09-24 01:30:14,735 - __main__ - INFO -    ✅ VAE updated (next in 6,144 steps)
2025-09-24 01:30:16,956 - __main__ - INFO - 📊 Episodes completed this rollout: 4
2025-09-24 01:30:16,956 - __main__ - INFO - 📈 Episode stats: avg return = 0.33, avg length = 185.2
2025-09-24 01:30:16,957 - __main__ - INFO - 🎯 Top 3 training actions: #0(988), #1(926), #2(825)
2025-09-24 01:30:20,148 - __main__ - INFO - 📊 Episodes completed this rollout: 1
2025-09-24 01:30:20,148 - __main__ - INFO - 📈 Episode stats: avg return = -0.26, avg length = 300.0
2025-09-24 01:30:20,148 - __main__ - INFO - 🎯 Top 3 training actions: #0(1222), #1(1071), #2(918)
2025-09-24 01:30:23,413 - __main__ - INFO - 📊 Episodes completed this rollout: 9
2025-09-24 01:30:23,413 - __main__ - INFO - 📈 Episode stats: avg return = 0.05, avg length = 235.6
2025-09-24 01:30:23,413 - __main__ - INFO - 🎯 Top 3 training actions: #0(1418), #1(1164), #2(1062)
2025-09-24 01:30:26,599 - __main__ - INFO - 📊 Episodes completed this rollout: 2
2025-09-24 01:30:26,599 - __main__ - INFO - 📈 Episode stats: avg return = 0.94, avg length = 72.5
2025-09-24 01:30:26,600 - __main__ - INFO - 🎯 Top 3 training actions: #0(1577), #1(1278), #2(1244)
2025-09-24 01:30:29,835 - __main__ - INFO - 📊 Episodes completed this rollout: 7
2025-09-24 01:30:29,835 - __main__ - INFO - 📈 Episode stats: avg return = -0.03, avg length = 238.0
2025-09-24 01:30:29,836 - __main__ - INFO - 🎯 Top 3 training actions: #0(1761), #2(1401), #1(1391)
2025-09-24 01:30:30,817 - __main__ - INFO - 🧪 Starting evaluation with 50 episodes...
2025-09-24 01:30:30,817 - __main__ - INFO -    Eval seed: 51
2025-09-24 01:30:30,817 - __main__ - INFO -    Max episode steps (eval): env default
2025-09-24 01:30:30,818 - nle.env.base - INFO - Not saving any NLE data.
2025-09-24 01:30:32,494 - __main__ - DEBUG - 🎯 Eval HMM masking: step 150 masked due to negative reward
2025-09-24 01:30:33,028 - __main__ - DEBUG - 🎯 Eval HMM masking: step 200 masked due to negative reward
2025-09-24 01:30:34,047 - __main__ - WARNING - ⚠️ Episode 1 terminated due to step limit.
2025-09-24 01:30:37,302 - __main__ - WARNING - ⚠️ Episode 2 terminated due to step limit.
2025-09-24 01:30:42,552 - __main__ - DEBUG - 🎯 Eval HMM masking: step 200 masked due to negative reward
2025-09-24 01:30:43,566 - __main__ - WARNING - ⚠️ Episode 6 terminated due to step limit.
2025-09-24 01:30:49,903 - __main__ - WARNING - ⚠️ Episode 8 terminated due to step limit.
2025-09-24 01:30:55,380 - __main__ - WARNING - ⚠️ Episode 10 terminated due to step limit.
2025-09-24 01:30:56,566 - __main__ - DEBUG - 🎯 Eval HMM masking: step 100 masked due to negative reward
2025-09-24 01:30:57,080 - __main__ - DEBUG - 🎯 Eval HMM masking: step 150 masked due to negative reward
2025-09-24 01:30:58,611 - __main__ - WARNING - ⚠️ Episode 11 terminated due to step limit.
2025-09-24 01:31:01,830 - __main__ - WARNING - ⚠️ Episode 12 terminated due to step limit.
2025-09-24 01:31:04,070 - __main__ - DEBUG - 🎯 Eval HMM masking: step 200 masked due to negative reward
2025-09-24 01:31:05,091 - __main__ - WARNING - ⚠️ Episode 13 terminated due to step limit.
2025-09-24 01:31:07,323 - __main__ - DEBUG - 🎯 Eval HMM masking: step 200 masked due to negative reward
2025-09-24 01:31:12,266 - __main__ - WARNING - ⚠️ Episode 16 terminated due to step limit.
2025-09-24 01:31:17,190 - __main__ - DEBUG - 🎯 Eval HMM masking: step 200 masked due to negative reward
2025-09-24 01:31:18,203 - __main__ - WARNING - ⚠️ Episode 20 terminated due to step limit.
2025-09-24 01:31:21,461 - __main__ - WARNING - ⚠️ Episode 21 terminated due to step limit.
2025-09-24 01:31:22,140 - __main__ - DEBUG - 🎯 Eval HMM masking: step 50 masked due to negative reward
2025-09-24 01:31:24,189 - __main__ - DEBUG - 🎯 Eval HMM masking: step 250 masked due to negative reward
2025-09-24 01:31:24,697 - __main__ - WARNING - ⚠️ Episode 22 terminated due to step limit.
2025-09-24 01:31:25,887 - __main__ - DEBUG - 🎯 Eval HMM masking: step 100 masked due to negative reward
2025-09-24 01:31:27,924 - __main__ - WARNING - ⚠️ Episode 23 terminated due to step limit.
2025-09-24 01:31:30,308 - __main__ - DEBUG - 🎯 Eval HMM masking: step 150 masked due to negative reward
2025-09-24 01:31:34,310 - __main__ - WARNING - ⚠️ Episode 26 terminated due to step limit.
2025-09-24 01:31:35,396 - __main__ - DEBUG - 🎯 Eval HMM masking: step 50 masked due to negative reward
2025-09-24 01:31:35,930 - __main__ - DEBUG - 🎯 Eval HMM masking: step 100 masked due to negative reward
2025-09-24 01:31:38,074 - __main__ - WARNING - ⚠️ Episode 29 terminated due to step limit.
2025-09-24 01:31:40,450 - __main__ - DEBUG - 🎯 Eval HMM masking: step 200 masked due to negative reward
2025-09-24 01:31:41,541 - __main__ - WARNING - ⚠️ Episode 30 terminated due to step limit.
2025-09-24 01:31:44,990 - __main__ - WARNING - ⚠️ Episode 31 terminated due to step limit.
2025-09-24 01:31:46,846 - __main__ - DEBUG - 🎯 Eval HMM masking: step 50 masked due to negative reward
2025-09-24 01:31:49,431 - __main__ - WARNING - ⚠️ Episode 34 terminated due to step limit.
2025-09-24 01:31:52,428 - __main__ - DEBUG - 🎯 Eval HMM masking: step 250 masked due to negative reward
2025-09-24 01:31:52,938 - __main__ - WARNING - ⚠️ Episode 36 terminated due to step limit.
2025-09-24 01:31:54,362 - __main__ - DEBUG - 🎯 Eval HMM masking: step 100 masked due to negative reward
2025-09-24 01:31:58,477 - __main__ - WARNING - ⚠️ Episode 39 terminated due to step limit.
2025-09-24 01:31:59,680 - __main__ - DEBUG - 🎯 Eval HMM masking: step 100 masked due to negative reward
2025-09-24 01:32:00,199 - __main__ - DEBUG - 🎯 Eval HMM masking: step 150 masked due to negative reward
2025-09-24 01:32:01,743 - __main__ - WARNING - ⚠️ Episode 40 terminated due to step limit.
2025-09-24 01:32:02,940 - __main__ - DEBUG - 🎯 Eval HMM masking: step 100 masked due to negative reward
2025-09-24 01:32:03,460 - __main__ - DEBUG - 🎯 Eval HMM masking: step 150 masked due to negative reward
2025-09-24 01:32:08,709 - __main__ - DEBUG - 🎯 Eval HMM masking: step 100 masked due to negative reward
2025-09-24 01:32:10,827 - __main__ - WARNING - ⚠️ Episode 44 terminated due to step limit.
2025-09-24 01:32:12,344 - __main__ - DEBUG - 🎯 Eval HMM masking: step 50 masked due to negative reward
2025-09-24 01:32:14,947 - __main__ - WARNING - ⚠️ Episode 46 terminated due to step limit.
2025-09-24 01:32:17,180 - __main__ - DEBUG - 🎯 Eval HMM masking: step 200 masked due to negative reward
2025-09-24 01:32:18,210 - __main__ - WARNING - ⚠️ Episode 47 terminated due to step limit.
2025-09-24 01:32:18,894 - __main__ - DEBUG - 🎯 Eval HMM masking: step 50 masked due to negative reward
2025-09-24 01:32:22,150 - __main__ - DEBUG - 🎯 Eval HMM masking: step 200 masked due to negative reward
2025-09-24 01:32:23,169 - __main__ - WARNING - ⚠️ Episode 49 terminated due to step limit.
2025-09-24 01:32:25,129 - __main__ - INFO - 📊 Evaluation Results (Current Round):
2025-09-24 01:32:25,129 - __main__ - INFO -    Episodes: 50
2025-09-24 01:32:25,130 - __main__ - INFO -    Time: 114.3s (2.3s/ep)
2025-09-24 01:32:25,130 - __main__ - INFO -    Average Return: 0.205 ± 0.698
2025-09-24 01:32:25,130 - __main__ - INFO -    Success Rate: 50.0%
2025-09-24 01:32:25,130 - __main__ - INFO -    Average Length: 209.3
2025-09-24 01:32:25,130 - __main__ - INFO -    Average Coverage: 67.2 positions
2025-09-24 01:32:25,130 - __main__ - INFO -    Episode Completions: 25 terminated (50.0%), 25 truncated (50.0%)
2025-09-24 01:32:25,130 - __main__ - INFO - 📈 Total Evaluation Statistics:
2025-09-24 01:32:25,130 - __main__ - INFO -    Total Episodes: 50
2025-09-24 01:32:25,130 - __main__ - INFO -    Total Average Return: 0.205 ± 0.698
2025-09-24 01:32:25,130 - __main__ - INFO -    Total Average Length: 209.3 ± 111.9
2025-09-24 01:32:25,130 - __main__ - INFO -    Total Completions: 25 terminated (50.0%), 25 truncated (50.0%)
2025-09-24 01:32:25,131 - __main__ - INFO -    Skill Entropy: 0.001
2025-09-24 01:32:25,131 - __main__ - INFO -    Used Skills: 1.0
2025-09-24 01:32:25,131 - __main__ - INFO -    Effective K: 1.00
2025-09-24 01:32:25,131 - __main__ - INFO - 🎯 Action Usage Statistics:
2025-09-24 01:32:25,131 - __main__ - INFO -    Unique actions in evaluation: 8
2025-09-24 01:32:25,131 - __main__ - INFO -    Unique actions in training: 8
2025-09-24 01:32:25,131 - __main__ - INFO -    Total unique actions: 8
2025-09-24 01:32:25,131 - __main__ - INFO -    Action coverage: 6.6%
2025-09-24 01:32:25,131 - __main__ - INFO -    Train action count: 10240
2025-09-24 01:32:25,131 - __main__ - INFO -    Eval action count: 10467
2025-09-24 01:32:25,132 - __main__ - INFO -    Train action entropy: 2.060
2025-09-24 01:32:25,132 - __main__ - INFO -    Eval action entropy: 2.012
2025-09-24 01:32:25,132 - __main__ - INFO -    Top 3 train actions: #0(1761), #2(1401), #1(1391)
2025-09-24 01:32:25,132 - __main__ - INFO -    Top 3 eval actions: #0(2595), #2(1479), #6(1243)
2025-09-24 01:32:27,393 - __main__ - INFO - 📊 Episodes completed this rollout: 4
2025-09-24 01:32:27,393 - __main__ - INFO - 📈 Episode stats: avg return = 0.15, avg length = 196.2
2025-09-24 01:32:27,394 - __main__ - INFO - 🎯 Top 3 training actions: #0(2003), #2(1546), #1(1476)
2025-09-24 01:32:28,410 - __main__ - INFO - 🔄 Synchronized model update at step 11,264
2025-09-24 01:32:28,410 - __main__ - INFO -    HMM interval: 6,144, VAE interval: 6,144
2025-09-24 01:32:28,411 - __main__ - INFO - 🚫 Model training masking: 504/6144 timesteps masked (8.2%) due to negative rewards (invalid actions)
2025-09-24 01:32:28,592 - __main__ - INFO - 🔄 Capping HMM batch size from 319 to 128 to prevent OOM
2025-09-24 01:32:28,593 - __main__ - INFO - 🔄 HMM refresh starting at step 11,264 with replay size 128x110
2025-09-24 01:32:34,992 - __main__ - DEBUG - Initial ELBO: -37991.6115
2025-09-24 01:32:34,992 - __main__ - DEBUG - Relative tol: 0.0100
2025-09-24 01:32:34,992 - __main__ - DEBUG - Relative elbo_drop_tol: 0.0100
2025-09-24 01:32:34,992 - __main__ - DEBUG - - Init -499.0618
2025-09-24 01:32:34,992 - __main__ - DEBUG - - Trans -6.6702
2025-09-24 01:32:34,992 - __main__ - DEBUG - - Emit -25989.2083
2025-09-24 01:32:34,992 - __main__ - DEBUG - - Entropy 0.0006
2025-09-24 01:32:34,992 - __main__ - DEBUG - - Dir -26.3460
2025-09-24 01:32:34,993 - __main__ - DEBUG - - NIW -11454.5225
2025-09-24 01:32:34,993 - __main__ - DEBUG - - Beta prior -15.8032
2025-09-24 01:32:41,686 - __main__ - DEBUG - Iter 0: ELBO after FB: -37991.6115 (LL -26494.9397, Δ=0.0000)
2025-09-24 01:32:41,687 - __main__ - DEBUG - Blending stats with ρ_niw=0.0500, ρ_tr=0.0500.
2025-09-24 01:32:41,736 - __main__ - DEBUG - Iter 0: ELBO after NIW update: -36780.3386 (Emit LL -24665.2099, NIW term -11567.2480, Δ=1211.2729)
2025-09-24 01:32:41,784 - __main__ - DEBUG - Iter 0: ELBO after Dirichlet update: -36779.8843 (Trans LL -6.5947, Dir term -25.9672, Δ=0.4543)
2025-09-24 01:32:41,854 - __main__ - DEBUG - Iter 0: ELBO after β update: -36780.4878 (Init LL -499.6319, Dir term -25.9910, logp(β) -15.8129, Δ=-0.6035)
2025-09-24 01:32:48,646 - __main__ - DEBUG - Iter 1: ELBO after FB: -36780.4878 (LL -25171.4359, Δ=0.0000)
2025-09-24 01:32:48,647 - __main__ - DEBUG - Blending stats with ρ_niw=0.0500, ρ_tr=0.0500.
2025-09-24 01:32:48,699 - __main__ - DEBUG - Iter 1: ELBO after NIW update: -36780.4878 (Emit LL -24665.2099, NIW term -11567.2480, Δ=0.0000)
2025-09-24 01:32:48,749 - __main__ - DEBUG - Iter 1: ELBO after Dirichlet update: -36780.5440 (Trans LL -6.5712, Dir term -26.0707, Δ=-0.0562)
2025-09-24 01:32:48,819 - __main__ - DEBUG - Iter 1: ELBO after β update: -36781.1315 (Init LL -500.1402, Dir term -26.1403, logp(β) -15.8225, Δ=-0.5875)
2025-09-24 01:32:55,493 - __main__ - DEBUG - Iter 2: ELBO after FB: -36781.1315 (LL -25171.9206, Δ=0.0000)
2025-09-24 01:32:55,494 - __main__ - DEBUG - Blending stats with ρ_niw=0.0500, ρ_tr=0.0500.
2025-09-24 01:32:55,543 - __main__ - DEBUG - Iter 2: ELBO after NIW update: -36781.1315 (Emit LL -24665.2099, NIW term -11567.2480, Δ=0.0000)
2025-09-24 01:32:55,591 - __main__ - DEBUG - Iter 2: ELBO after Dirichlet update: -36781.3489 (Trans LL -6.5504, Dir term -26.3785, Δ=-0.2175)
2025-09-24 01:32:55,661 - __main__ - DEBUG - Iter 2: ELBO after β update: -36781.8681 (Init LL -500.5565, Dir term -26.4786, logp(β) -15.8252, Δ=-0.5192)
2025-09-24 01:33:02,094 - __main__ - DEBUG - Iter 3: ELBO after FB: -36781.8681 (LL -25172.3162, Δ=0.0000)
2025-09-24 01:33:02,095 - __main__ - DEBUG - Blending stats with ρ_niw=0.0500, ρ_tr=0.0500.
2025-09-24 01:33:02,144 - __main__ - DEBUG - Iter 3: ELBO after NIW update: -36781.8681 (Emit LL -24665.2099, NIW term -11567.2480, Δ=0.0000)
2025-09-24 01:33:02,193 - __main__ - DEBUG - Iter 3: ELBO after Dirichlet update: -36782.1431 (Trans LL -6.5325, Dir term -26.7715, Δ=-0.2749)
2025-09-24 01:33:02,263 - __main__ - DEBUG - Iter 3: ELBO after β update: -36782.5170 (Init LL -500.8273, Dir term -26.8770, logp(β) -15.8230, Δ=-0.3740)
2025-09-24 01:33:09,019 - __main__ - DEBUG - Iter 4: ELBO after FB: -36782.5170 (LL -25172.5691, Δ=0.0000)
2025-09-24 01:33:09,020 - __main__ - DEBUG - Blending stats with ρ_niw=0.0500, ρ_tr=0.0500.
2025-09-24 01:33:09,072 - __main__ - DEBUG - Iter 4: ELBO after NIW update: -36782.5170 (Emit LL -24665.2099, NIW term -11567.2480, Δ=0.0000)
2025-09-24 01:33:09,124 - __main__ - DEBUG - Iter 4: ELBO after Dirichlet update: -36782.9166 (Trans LL -6.5202, Dir term -27.2888, Δ=-0.3996)
2025-09-24 01:33:09,191 - __main__ - DEBUG - Iter 4: ELBO after β update: -36782.9837 (Init LL -500.8216, Dir term -27.3670, logp(β) -15.8176, Δ=-0.0671)
2025-09-24 01:33:09,193 - __main__ - INFO -    HMM refresh complete: ELBO=-27.3288, iters=0, max iters, states=40
2025-09-24 01:33:09,193 - __main__ - INFO -    ✅ HMM updated (next in 7,372 steps)
2025-09-24 01:33:09,193 - __main__ - INFO - 🔄 VAE refresh starting at step 11,264 with replay size 8x768
2025-09-24 01:33:09,194 - __main__ - INFO -    Using span sampling (6144 timesteps, too large for full buffer)
2025-09-24 01:33:36,245 - __main__ - INFO -    VAE refresh complete: final_loss=2861.2986, avg_loss=2868.6861, steps=4/4, trend=improving, total_timesteps=6144, span_sampling=32_requested×4_steps, span_len=64
2025-09-24 01:33:36,248 - __main__ - INFO -    ✅ VAE updated (next in 7,372 steps)
2025-09-24 01:33:38,529 - __main__ - INFO - 📊 Episodes completed this rollout: 5
2025-09-24 01:33:38,530 - __main__ - INFO - 📈 Episode stats: avg return = 0.16, avg length = 225.4
2025-09-24 01:33:38,530 - __main__ - INFO - 🎯 Top 3 training actions: #0(2290), #2(1696), #1(1573)
2025-09-24 01:33:41,867 - __main__ - INFO - 📊 Episodes completed this rollout: 4
2025-09-24 01:33:41,867 - __main__ - INFO - 📈 Episode stats: avg return = 0.11, avg length = 280.8
2025-09-24 01:33:41,868 - __main__ - INFO - 🎯 Top 3 training actions: #0(2563), #2(1874), #1(1691)
2025-09-24 01:33:45,120 - __main__ - INFO - 📊 Episodes completed this rollout: 3
2025-09-24 01:33:45,120 - __main__ - INFO - 📈 Episode stats: avg return = 0.33, avg length = 205.7
2025-09-24 01:33:45,121 - __main__ - INFO - 🎯 Top 3 training actions: #0(2776), #2(2088), #1(1833)
2025-09-24 01:33:48,480 - __main__ - INFO - 📊 Episodes completed this rollout: 7
2025-09-24 01:33:48,480 - __main__ - INFO - 📈 Episode stats: avg return = -0.17, avg length = 250.4
2025-09-24 01:33:48,481 - __main__ - INFO - 🎯 Top 3 training actions: #0(3001), #2(2341), #1(1979)
2025-09-24 01:33:51,810 - __main__ - INFO - 📊 Episodes completed this rollout: 2
2025-09-24 01:33:51,810 - __main__ - INFO - 📈 Episode stats: avg return = 0.70, avg length = 193.0
2025-09-24 01:33:51,810 - __main__ - INFO - 🎯 Top 3 training actions: #0(3196), #2(2554), #1(2113)
2025-09-24 01:33:55,133 - __main__ - INFO - 📊 Episodes completed this rollout: 7
2025-09-24 01:33:55,133 - __main__ - INFO - 📈 Episode stats: avg return = 0.25, avg length = 214.7
2025-09-24 01:33:55,134 - __main__ - INFO - 🎯 Top 3 training actions: #0(3399), #2(2799), #1(2263)
2025-09-24 01:33:58,389 - __main__ - INFO - 📊 Episodes completed this rollout: 2
2025-09-24 01:33:58,390 - __main__ - INFO - 📈 Episode stats: avg return = 0.22, avg length = 173.0
2025-09-24 01:33:58,390 - __main__ - INFO - 🎯 Top 3 training actions: #0(3615), #2(3021), #1(2432)
2025-09-24 01:34:01,678 - __main__ - INFO - 📊 Episodes completed this rollout: 6
2025-09-24 01:34:01,678 - __main__ - INFO - 📈 Episode stats: avg return = 0.18, avg length = 240.2
2025-09-24 01:34:01,678 - __main__ - INFO - 🎯 Top 3 training actions: #0(3880), #2(3186), #1(2611)
2025-09-24 01:34:02,672 - __main__ - INFO - 🔄 Synchronized model update at step 19,456
2025-09-24 01:34:02,673 - __main__ - INFO -    HMM interval: 7,372, VAE interval: 7,372
2025-09-24 01:34:02,673 - __main__ - INFO - 🚫 Model training masking: 1272/8192 timesteps masked (15.5%) due to negative rewards (invalid actions)
2025-09-24 01:34:02,943 - __main__ - INFO - 🔄 Capping HMM batch size from 832 to 128 to prevent OOM
2025-09-24 01:34:02,944 - __main__ - INFO - 🔄 HMM refresh starting at step 19,456 with replay size 128x91
2025-09-24 01:34:08,283 - __main__ - DEBUG - Initial ELBO: -26500.6201
2025-09-24 01:34:08,284 - __main__ - DEBUG - Relative tol: 0.0100
2025-09-24 01:34:08,284 - __main__ - DEBUG - Relative elbo_drop_tol: 0.0100
2025-09-24 01:34:08,284 - __main__ - DEBUG - - Init -499.6319
2025-09-24 01:34:08,284 - __main__ - DEBUG - - Trans -3.7808
2025-09-24 01:34:08,284 - __main__ - DEBUG - - Emit -14388.1560
2025-09-24 01:34:08,284 - __main__ - DEBUG - - Entropy 0.0005
2025-09-24 01:34:08,284 - __main__ - DEBUG - - Dir -25.9910
2025-09-24 01:34:08,284 - __main__ - DEBUG - - NIW -11567.2480
2025-09-24 01:34:08,284 - __main__ - DEBUG - - Beta prior -15.8129
2025-09-24 01:34:13,935 - __main__ - DEBUG - Iter 0: ELBO after FB: -26500.6201 (LL -14891.5682, Δ=0.0000)
2025-09-24 01:34:13,936 - __main__ - DEBUG - Blending stats with ρ_niw=0.0500, ρ_tr=0.0500.
2025-09-24 01:34:13,987 - __main__ - DEBUG - Iter 0: ELBO after NIW update: -24681.6929 (Emit LL -12571.3645, NIW term -11565.1123, Δ=1818.9273)
2025-09-24 01:34:14,038 - __main__ - DEBUG - Iter 0: ELBO after Dirichlet update: -24681.6651 (Trans LL -3.8251, Dir term -25.9188, Δ=0.0278)
2025-09-24 01:34:14,103 - __main__ - DEBUG - Iter 0: ELBO after β update: -24682.2842 (Init LL -500.2080, Dir term -25.9520, logp(β) -15.8228, Δ=-0.6191)
2025-09-24 01:34:19,574 - __main__ - DEBUG - Iter 1: ELBO after FB: -24682.2842 (LL -13075.3971, Δ=0.0000)
2025-09-24 01:34:19,574 - __main__ - DEBUG - Blending stats with ρ_niw=0.0500, ρ_tr=0.0500.
2025-09-24 01:34:19,622 - __main__ - DEBUG - Iter 1: ELBO after NIW update: -24682.2842 (Emit LL -12571.3645, NIW term -11565.1123, Δ=0.0000)
2025-09-24 01:34:19,671 - __main__ - DEBUG - Iter 1: ELBO after Dirichlet update: -24682.3549 (Trans LL -3.8105, Dir term -26.0373, Δ=-0.0707)
2025-09-24 01:34:19,741 - __main__ - DEBUG - Iter 1: ELBO after β update: -24682.9258 (Init LL -500.7053, Dir term -26.1011, logp(β) -15.8326, Δ=-0.5709)
2025-09-24 01:34:25,112 - __main__ - DEBUG - Iter 2: ELBO after FB: -24682.9258 (LL -13075.8798, Δ=0.0000)
2025-09-24 01:34:25,113 - __main__ - DEBUG - Blending stats with ρ_niw=0.0500, ρ_tr=0.0500.
2025-09-24 01:34:25,164 - __main__ - DEBUG - Iter 2: ELBO after NIW update: -24682.9258 (Emit LL -12571.3645, NIW term -11565.1123, Δ=0.0000)
2025-09-24 01:34:25,212 - __main__ - DEBUG - Iter 2: ELBO after Dirichlet update: -24683.1193 (Trans LL -3.7987, Dir term -26.3065, Δ=-0.1935)
2025-09-24 01:34:25,281 - __main__ - DEBUG - Iter 2: ELBO after β update: -24683.6243 (Init LL -501.1221, Dir term -26.3923, logp(β) -15.8350, Δ=-0.5050)
2025-09-24 01:34:31,027 - __main__ - DEBUG - Iter 3: ELBO after FB: -24683.6243 (LL -13076.2847, Δ=0.0000)
2025-09-24 01:34:31,028 - __main__ - DEBUG - Blending stats with ρ_niw=0.0500, ρ_tr=0.0500.
2025-09-24 01:34:31,081 - __main__ - DEBUG - Iter 3: ELBO after NIW update: -24683.6243 (Emit LL -12571.3645, NIW term -11565.1123, Δ=0.0000)
2025-09-24 01:34:31,132 - __main__ - DEBUG - Iter 3: ELBO after Dirichlet update: -24683.9434 (Trans LL -3.7884, Dir term -26.7216, Δ=-0.3190)
2025-09-24 01:34:31,202 - __main__ - DEBUG - Iter 3: ELBO after β update: -24684.2557 (Init LL -501.3338, Dir term -26.8251, logp(β) -15.8321, Δ=-0.3123)
2025-09-24 01:34:36,932 - __main__ - DEBUG - Iter 4: ELBO after FB: -24684.2557 (LL -13076.4861, Δ=0.0000)
2025-09-24 01:34:36,932 - __main__ - DEBUG - Blending stats with ρ_niw=0.0500, ρ_tr=0.0500.
2025-09-24 01:34:36,983 - __main__ - DEBUG - Iter 4: ELBO after NIW update: -24684.2557 (Emit LL -12571.3645, NIW term -11565.1123, Δ=0.0000)
2025-09-24 01:34:37,034 - __main__ - DEBUG - Iter 4: ELBO after Dirichlet update: -24684.6101 (Trans LL -3.7830, Dir term -27.1850, Δ=-0.3545)
2025-09-24 01:34:37,093 - __main__ - DEBUG - Iter 4: ELBO after β update: -24684.5242 (Init LL -501.2314, Dir term -27.2036, logp(β) -15.8298, Δ=0.0860)
2025-09-24 01:34:37,094 - __main__ - INFO -    HMM refresh complete: ELBO=-34.9852, iters=0, max iters, states=40
2025-09-24 01:34:37,095 - __main__ - INFO -    ✅ HMM updated (next in 8,846 steps)
2025-09-24 01:34:37,095 - __main__ - INFO - 🔄 VAE refresh starting at step 19,456 with replay size 8x1024
2025-09-24 01:34:37,096 - __main__ - INFO -    Using span sampling (8192 timesteps, too large for full buffer)
2025-09-24 01:35:01,154 - __main__ - INFO -    VAE refresh complete: final_loss=2837.3345, avg_loss=2843.9103, steps=4/4, trend=improving, total_timesteps=8192, span_sampling=32_requested×4_steps, span_len=64
2025-09-24 01:35:01,156 - __main__ - INFO -    ✅ VAE updated (next in 8,846 steps)
2025-09-24 01:35:03,447 - __main__ - INFO - 📊 Episodes completed this rollout: 5
2025-09-24 01:35:03,448 - __main__ - INFO - 📈 Episode stats: avg return = 0.07, avg length = 198.8
2025-09-24 01:35:03,448 - __main__ - INFO - 🎯 Top 3 training actions: #0(4205), #2(3363), #1(2755)
2025-09-24 01:35:04,482 - __main__ - INFO - 🧪 Starting evaluation with 50 episodes...
2025-09-24 01:35:04,482 - __main__ - INFO -    Eval seed: 51
2025-09-24 01:35:04,482 - __main__ - INFO -    Max episode steps (eval): env default
2025-09-24 01:35:04,483 - nle.env.base - INFO - Not saving any NLE data.
2025-09-24 01:35:06,089 - __main__ - DEBUG - 🎯 Eval HMM masking: step 150 masked due to negative reward
2025-09-24 01:35:07,682 - __main__ - WARNING - ⚠️ Episode 1 terminated due to step limit.
2025-09-24 01:35:09,533 - __main__ - DEBUG - 🎯 Eval HMM masking: step 100 masked due to negative reward
2025-09-24 01:35:11,617 - __main__ - WARNING - ⚠️ Episode 4 terminated due to step limit.
2025-09-24 01:35:14,979 - __main__ - WARNING - ⚠️ Episode 5 terminated due to step limit.
2025-09-24 01:35:18,399 - __main__ - WARNING - ⚠️ Episode 6 terminated due to step limit.
2025-09-24 01:35:21,662 - __main__ - WARNING - ⚠️ Episode 7 terminated due to step limit.
2025-09-24 01:35:26,828 - __main__ - DEBUG - 🎯 Eval HMM masking: step 200 masked due to negative reward
2025-09-24 01:35:27,347 - __main__ - DEBUG - 🎯 Eval HMM masking: step 250 masked due to negative reward
2025-09-24 01:35:27,879 - __main__ - WARNING - ⚠️ Episode 9 terminated due to step limit.
2025-09-24 01:35:29,313 - __main__ - DEBUG - 🎯 Eval HMM masking: step 50 masked due to negative reward
2025-09-24 01:35:31,894 - __main__ - WARNING - ⚠️ Episode 11 terminated due to step limit.
2025-09-24 01:35:35,744 - __main__ - WARNING - ⚠️ Episode 13 terminated due to step limit.
2025-09-24 01:35:39,006 - __main__ - WARNING - ⚠️ Episode 14 terminated due to step limit.
2025-09-24 01:35:43,228 - __main__ - WARNING - ⚠️ Episode 16 terminated due to step limit.
2025-09-24 01:35:47,588 - __main__ - DEBUG - 🎯 Eval HMM masking: step 100 masked due to negative reward
2025-09-24 01:35:48,554 - __main__ - DEBUG - 🎯 Eval HMM masking: step 50 masked due to negative reward
2025-09-24 01:35:49,602 - __main__ - DEBUG - 🎯 Eval HMM masking: step 150 masked due to negative reward
2025-09-24 01:35:51,155 - __main__ - WARNING - ⚠️ Episode 20 terminated due to step limit.
2025-09-24 01:35:55,427 - __main__ - DEBUG - 🎯 Eval HMM masking: step 200 masked due to negative reward
2025-09-24 01:35:56,458 - __main__ - WARNING - ⚠️ Episode 22 terminated due to step limit.
2025-09-24 01:35:58,195 - __main__ - DEBUG - 🎯 Eval HMM masking: step 150 masked due to negative reward
2025-09-24 01:35:59,749 - __main__ - WARNING - ⚠️ Episode 23 terminated due to step limit.
2025-09-24 01:36:03,037 - __main__ - WARNING - ⚠️ Episode 24 terminated due to step limit.
2025-09-24 01:36:05,793 - __main__ - DEBUG - 🎯 Eval HMM masking: step 250 masked due to negative reward
2025-09-24 01:36:06,303 - __main__ - WARNING - ⚠️ Episode 25 terminated due to step limit.
2025-09-24 01:36:09,062 - __main__ - DEBUG - 🎯 Eval HMM masking: step 250 masked due to negative reward
2025-09-24 01:36:09,576 - __main__ - WARNING - ⚠️ Episode 26 terminated due to step limit.
2025-09-24 01:36:12,839 - __main__ - WARNING - ⚠️ Episode 27 terminated due to step limit.
2025-09-24 01:36:18,415 - __main__ - DEBUG - 🎯 Eval HMM masking: step 200 masked due to negative reward
2025-09-24 01:36:19,454 - __main__ - WARNING - ⚠️ Episode 30 terminated due to step limit.
2025-09-24 01:36:21,190 - __main__ - DEBUG - 🎯 Eval HMM masking: step 150 masked due to negative reward
2025-09-24 01:36:22,750 - __main__ - WARNING - ⚠️ Episode 31 terminated due to step limit.
2025-09-24 01:36:26,018 - __main__ - WARNING - ⚠️ Episode 32 terminated due to step limit.
2025-09-24 01:36:29,316 - __main__ - WARNING - ⚠️ Episode 33 terminated due to step limit.
2025-09-24 01:36:30,013 - __main__ - DEBUG - 🎯 Eval HMM masking: step 50 masked due to negative reward
2025-09-24 01:36:32,699 - __main__ - DEBUG - 🎯 Eval HMM masking: step 50 masked due to negative reward
2025-09-24 01:36:35,395 - __main__ - WARNING - ⚠️ Episode 35 terminated due to step limit.
2025-09-24 01:36:36,078 - __main__ - DEBUG - 🎯 Eval HMM masking: step 50 masked due to negative reward
2025-09-24 01:36:38,674 - __main__ - WARNING - ⚠️ Episode 36 terminated due to step limit.
2025-09-24 01:36:39,879 - __main__ - DEBUG - 🎯 Eval HMM masking: step 100 masked due to negative reward
2025-09-24 01:36:42,091 - __main__ - DEBUG - 🎯 Eval HMM masking: step 200 masked due to negative reward
2025-09-24 01:36:43,116 - __main__ - WARNING - ⚠️ Episode 38 terminated due to step limit.
2025-09-24 01:36:46,377 - __main__ - WARNING - ⚠️ Episode 39 terminated due to step limit.
2025-09-24 01:36:49,677 - __main__ - DEBUG - 🎯 Eval HMM masking: step 150 masked due to negative reward
2025-09-24 01:36:50,202 - __main__ - DEBUG - 🎯 Eval HMM masking: step 200 masked due to negative reward
2025-09-24 01:36:50,720 - __main__ - DEBUG - 🎯 Eval HMM masking: step 250 masked due to negative reward
2025-09-24 01:36:51,229 - __main__ - WARNING - ⚠️ Episode 42 terminated due to step limit.
2025-09-24 01:36:51,916 - __main__ - DEBUG - 🎯 Eval HMM masking: step 50 masked due to negative reward
2025-09-24 01:36:52,433 - __main__ - DEBUG - 🎯 Eval HMM masking: step 100 masked due to negative reward
2025-09-24 01:36:57,309 - __main__ - WARNING - ⚠️ Episode 45 terminated due to step limit.
2025-09-24 01:37:00,597 - __main__ - WARNING - ⚠️ Episode 46 terminated due to step limit.
2025-09-24 01:37:03,855 - __main__ - WARNING - ⚠️ Episode 47 terminated due to step limit.
2025-09-24 01:37:10,253 - __main__ - DEBUG - 🎯 Eval HMM masking: step 100 masked due to negative reward
2025-09-24 01:37:12,317 - __main__ - WARNING - ⚠️ Episode 50 terminated due to step limit.
2025-09-24 01:37:12,474 - __main__ - INFO - 📊 Evaluation Results (Current Round):
2025-09-24 01:37:12,474 - __main__ - INFO -    Episodes: 50
2025-09-24 01:37:12,474 - __main__ - INFO -    Time: 128.0s (2.6s/ep)
2025-09-24 01:37:12,474 - __main__ - INFO -    Average Return: 0.085 ± 0.637
2025-09-24 01:37:12,474 - __main__ - INFO -    Success Rate: 40.0%
2025-09-24 01:37:12,474 - __main__ - INFO -    Average Length: 232.9
2025-09-24 01:37:12,474 - __main__ - INFO -    Average Coverage: 68.2 positions
2025-09-24 01:37:12,474 - __main__ - INFO -    Episode Completions: 20 terminated (40.0%), 30 truncated (60.0%)
2025-09-24 01:37:12,474 - __main__ - INFO - 📈 Total Evaluation Statistics:
2025-09-24 01:37:12,474 - __main__ - INFO -    Total Episodes: 100
2025-09-24 01:37:12,475 - __main__ - INFO -    Total Average Return: 0.145 ± 0.671
2025-09-24 01:37:12,475 - __main__ - INFO -    Total Average Length: 221.1 ± 106.2
2025-09-24 01:37:12,475 - __main__ - INFO -    Total Completions: 45 terminated (45.0%), 55 truncated (55.0%)
2025-09-24 01:37:12,475 - __main__ - INFO -    Skill Entropy: 0.001
2025-09-24 01:37:12,475 - __main__ - INFO -    Used Skills: 1.0
2025-09-24 01:37:12,475 - __main__ - INFO -    Effective K: 1.00
2025-09-24 01:37:12,475 - __main__ - INFO - 🎯 Action Usage Statistics:
2025-09-24 01:37:12,475 - __main__ - INFO -    Unique actions in evaluation: 8
2025-09-24 01:37:12,475 - __main__ - INFO -    Unique actions in training: 8
2025-09-24 01:37:12,475 - __main__ - INFO -    Total unique actions: 8
2025-09-24 01:37:12,475 - __main__ - INFO -    Action coverage: 6.6%
2025-09-24 01:37:12,476 - __main__ - INFO -    Train action count: 20480
2025-09-24 01:37:12,476 - __main__ - INFO -    Eval action count: 22112
2025-09-24 01:37:12,476 - __main__ - INFO -    Train action entropy: 2.033
2025-09-24 01:37:12,476 - __main__ - INFO -    Eval action entropy: 1.960
2025-09-24 01:37:12,477 - __main__ - INFO -    Top 3 train actions: #0(4205), #2(3363), #1(2755)
2025-09-24 01:37:12,477 - __main__ - INFO -    Top 3 eval actions: #0(6162), #2(3947), #3(2380)
2025-09-24 01:37:14,758 - __main__ - INFO - 📊 Episodes completed this rollout: 5
2025-09-24 01:37:14,758 - __main__ - INFO - 📈 Episode stats: avg return = 0.07, avg length = 210.2
2025-09-24 01:37:14,758 - __main__ - INFO - 🎯 Top 3 training actions: #0(4510), #2(3598), #1(2864)
2025-09-24 01:37:18,064 - __main__ - INFO - 📊 Episodes completed this rollout: 8
2025-09-24 01:37:18,065 - __main__ - INFO - 📈 Episode stats: avg return = 0.47, avg length = 163.5
2025-09-24 01:37:18,065 - __main__ - INFO - 🎯 Top 3 training actions: #0(4711), #2(3846), #1(2987)
2025-09-24 01:37:21,355 - __main__ - INFO - 📊 Episodes completed this rollout: 2
2025-09-24 01:37:21,355 - __main__ - INFO - 📈 Episode stats: avg return = 0.35, avg length = 158.5
2025-09-24 01:37:21,355 - __main__ - INFO - 🎯 Top 3 training actions: #0(4887), #2(4063), #1(3088)
2025-09-24 01:37:24,684 - __main__ - INFO - 📊 Episodes completed this rollout: 7
2025-09-24 01:37:24,684 - __main__ - INFO - 📈 Episode stats: avg return = 0.02, avg length = 243.0
2025-09-24 01:37:24,684 - __main__ - INFO - 🎯 Top 3 training actions: #0(5036), #2(4285), #1(3181)
2025-09-24 01:37:27,946 - __main__ - INFO - 📊 Episodes completed this rollout: 4
2025-09-24 01:37:27,946 - __main__ - INFO - 📈 Episode stats: avg return = 0.52, avg length = 130.2
2025-09-24 01:37:27,946 - __main__ - INFO - 🎯 Top 3 training actions: #0(5203), #2(4485), #1(3288)
2025-09-24 01:37:31,244 - __main__ - INFO - 📊 Episodes completed this rollout: 6
2025-09-24 01:37:31,244 - __main__ - INFO - 📈 Episode stats: avg return = 0.22, avg length = 214.7
2025-09-24 01:37:31,244 - __main__ - INFO - 🎯 Top 3 training actions: #0(5384), #2(4694), #1(3388)
2025-09-24 01:37:34,535 - __main__ - INFO - 📊 Episodes completed this rollout: 7
2025-09-24 01:37:34,536 - __main__ - INFO - 📈 Episode stats: avg return = 0.43, avg length = 153.9
2025-09-24 01:37:34,536 - __main__ - INFO - 🎯 Top 3 training actions: #0(5523), #2(4864), #1(3503)
2025-09-24 01:37:37,798 - __main__ - INFO - 📊 Episodes completed this rollout: 4
2025-09-24 01:37:37,798 - __main__ - INFO - 📈 Episode stats: avg return = 0.21, avg length = 225.5
2025-09-24 01:37:37,798 - __main__ - INFO - 🎯 Top 3 training actions: #0(5644), #2(5013), #1(3607)
2025-09-24 01:37:38,824 - __main__ - INFO - 🔄 Synchronized model update at step 28,672
2025-09-24 01:37:38,824 - __main__ - INFO -    HMM interval: 8,846, VAE interval: 8,846
2025-09-24 01:37:38,824 - __main__ - INFO - 🚫 Model training masking: 756/9216 timesteps masked (8.2%) due to negative rewards (invalid actions)
2025-09-24 01:37:39,104 - __main__ - INFO - 🔄 Capping HMM batch size from 565 to 128 to prevent OOM
2025-09-24 01:37:39,104 - __main__ - INFO - 🔄 HMM refresh starting at step 28,672 with replay size 128x96
2025-09-24 01:37:44,455 - __main__ - DEBUG - Initial ELBO: -30527.6524
2025-09-24 01:37:44,455 - __main__ - DEBUG - Relative tol: 0.0100
2025-09-24 01:37:44,455 - __main__ - DEBUG - Relative elbo_drop_tol: 0.0100
2025-09-24 01:37:44,456 - __main__ - DEBUG - - Init -500.2080
2025-09-24 01:37:44,456 - __main__ - DEBUG - - Trans -5.8086
2025-09-24 01:37:44,456 - __main__ - DEBUG - - Emit -18414.7493
2025-09-24 01:37:44,456 - __main__ - DEBUG - - Entropy 0.0006
2025-09-24 01:37:44,456 - __main__ - DEBUG - - Dir -25.9520
2025-09-24 01:37:44,456 - __main__ - DEBUG - - NIW -11565.1123
2025-09-24 01:37:44,456 - __main__ - DEBUG - - Beta prior -15.8228
2025-09-24 01:37:50,177 - __main__ - DEBUG - Iter 0: ELBO after FB: -30527.6524 (LL -18920.7653, Δ=0.0000)
2025-09-24 01:37:50,178 - __main__ - DEBUG - Blending stats with ρ_niw=0.0500, ρ_tr=0.0500.
2025-09-24 01:37:50,227 - __main__ - DEBUG - Iter 0: ELBO after NIW update: -25089.9783 (Emit LL -12830.9121, NIW term -11711.2754, Δ=5437.6741)
2025-09-24 01:37:50,275 - __main__ - DEBUG - Iter 0: ELBO after Dirichlet update: -25089.9456 (Trans LL -5.7552, Dir term -25.9727, Δ=0.0327)
2025-09-24 01:37:50,344 - __main__ - DEBUG - Iter 0: ELBO after β update: -25090.5492 (Init LL -500.7812, Dir term -25.9930, logp(β) -15.8329, Δ=-0.6036)
2025-09-24 01:37:56,061 - __main__ - DEBUG - Iter 1: ELBO after FB: -25090.5492 (LL -13337.4480, Δ=0.0000)
2025-09-24 01:37:56,062 - __main__ - DEBUG - Blending stats with ρ_niw=0.0500, ρ_tr=0.0500.
2025-09-24 01:37:56,111 - __main__ - DEBUG - Iter 1: ELBO after NIW update: -25090.5492 (Emit LL -12830.9121, NIW term -11711.2754, Δ=0.0000)
2025-09-24 01:37:56,161 - __main__ - DEBUG - Iter 1: ELBO after Dirichlet update: -25090.6308 (Trans LL -5.7338, Dir term -26.0959, Δ=-0.0816)
2025-09-24 01:37:56,231 - __main__ - DEBUG - Iter 1: ELBO after β update: -25091.2002 (Init LL -501.2745, Dir term -26.1622, logp(β) -15.8428, Δ=-0.5694)
2025-09-24 01:38:01,979 - __main__ - DEBUG - Iter 2: ELBO after FB: -25091.2002 (LL -13337.9199, Δ=0.0000)
2025-09-24 01:38:01,979 - __main__ - DEBUG - Blending stats with ρ_niw=0.0500, ρ_tr=0.0500.
2025-09-24 01:38:02,028 - __main__ - DEBUG - Iter 2: ELBO after NIW update: -25091.2002 (Emit LL -12830.9121, NIW term -11711.2754, Δ=0.0000)
2025-09-24 01:38:02,077 - __main__ - DEBUG - Iter 2: ELBO after Dirichlet update: -25091.3752 (Trans LL -5.7158, Dir term -26.3552, Δ=-0.1750)
2025-09-24 01:38:02,147 - __main__ - DEBUG - Iter 2: ELBO after β update: -25091.8993 (Init LL -501.6898, Dir term -26.4617, logp(β) -15.8451, Δ=-0.5241)
2025-09-24 01:38:07,850 - __main__ - DEBUG - Iter 3: ELBO after FB: -25091.8993 (LL -13338.3171, Δ=0.0000)
2025-09-24 01:38:07,851 - __main__ - DEBUG - Blending stats with ρ_niw=0.0500, ρ_tr=0.0500.
2025-09-24 01:38:07,899 - __main__ - DEBUG - Iter 3: ELBO after NIW update: -25091.8993 (Emit LL -12830.9121, NIW term -11711.2754, Δ=0.0000)
2025-09-24 01:38:07,948 - __main__ - DEBUG - Iter 3: ELBO after Dirichlet update: -25092.2008 (Trans LL -5.7002, Dir term -26.7788, Δ=-0.3015)
2025-09-24 01:38:08,018 - __main__ - DEBUG - Iter 3: ELBO after β update: -25092.4523 (Init LL -501.8584, Dir term -26.8670, logp(β) -15.8397, Δ=-0.2515)
2025-09-24 01:38:13,754 - __main__ - DEBUG - Iter 4: ELBO after FB: -25092.4523 (LL -13338.4702, Δ=0.0000)
2025-09-24 01:38:13,754 - __main__ - DEBUG - Blending stats with ρ_niw=0.0500, ρ_tr=0.0500.
2025-09-24 01:38:13,803 - __main__ - DEBUG - Iter 4: ELBO after NIW update: -25092.4523 (Emit LL -12830.9121, NIW term -11711.2754, Δ=0.0000)
2025-09-24 01:38:13,851 - __main__ - DEBUG - Iter 4: ELBO after Dirichlet update: -25092.8628 (Trans LL -5.6952, Dir term -27.2824, Δ=-0.4105)
2025-09-24 01:38:13,913 - __main__ - DEBUG - Iter 4: ELBO after β update: -25092.9176 (Init LL -501.8484, Dir term -27.3509, logp(β) -15.8360, Δ=-0.0548)
2025-09-24 01:38:13,915 - __main__ - INFO -    HMM refresh complete: ELBO=-285.6461, iters=0, max iters, states=40
2025-09-24 01:38:13,915 - __main__ - INFO -    ✅ HMM updated (next in 10,615 steps)
2025-09-24 01:38:13,915 - __main__ - INFO - 🔄 VAE refresh starting at step 28,672 with replay size 8x1152
2025-09-24 01:38:13,916 - __main__ - INFO -    Using span sampling (9216 timesteps, too large for full buffer)
2025-09-24 01:38:39,999 - __main__ - INFO -    VAE refresh complete: final_loss=2832.9897, avg_loss=2837.2320, steps=4/4, trend=improving, total_timesteps=9216, span_sampling=32_requested×4_steps, span_len=64
2025-09-24 01:38:40,001 - __main__ - INFO -    ✅ VAE updated (next in 10,615 steps)
2025-09-24 01:38:42,289 - __main__ - INFO - 📊 Episodes completed this rollout: 7
2025-09-24 01:38:42,289 - __main__ - INFO - 📈 Episode stats: avg return = 0.25, avg length = 197.1
2025-09-24 01:38:42,289 - __main__ - INFO - 🎯 Top 3 training actions: #0(5762), #2(5130), #1(3731)
2025-09-24 01:38:45,577 - __main__ - INFO - 📊 Episodes completed this rollout: 4
2025-09-24 01:38:45,577 - __main__ - INFO - 📈 Episode stats: avg return = 0.55, avg length = 174.8
2025-09-24 01:38:45,577 - __main__ - INFO - 🎯 Top 3 training actions: #0(5851), #2(5219), #1(3871)
2025-09-24 01:38:46,601 - __main__ - INFO - 🧪 Starting evaluation with 50 episodes...
2025-09-24 01:38:46,601 - __main__ - INFO -    Eval seed: 51
2025-09-24 01:38:46,601 - __main__ - INFO -    Max episode steps (eval): env default
2025-09-24 01:38:46,602 - nle.env.base - INFO - Not saving any NLE data.
2025-09-24 01:38:47,666 - __main__ - DEBUG - 🎯 Eval HMM masking: step 100 masked due to negative reward
2025-09-24 01:38:50,924 - __main__ - DEBUG - 🎯 Eval HMM masking: step 200 masked due to negative reward
2025-09-24 01:38:51,444 - __main__ - DEBUG - 🎯 Eval HMM masking: step 250 masked due to negative reward
2025-09-24 01:38:51,954 - __main__ - WARNING - ⚠️ Episode 2 terminated due to step limit.
2025-09-24 01:38:52,824 - __main__ - DEBUG - 🎯 Eval HMM masking: step 50 masked due to negative reward
2025-09-24 01:38:53,997 - __main__ - DEBUG - 🎯 Eval HMM masking: step 50 masked due to negative reward
2025-09-24 01:38:54,525 - __main__ - DEBUG - 🎯 Eval HMM masking: step 100 masked due to negative reward
2025-09-24 01:38:56,643 - __main__ - WARNING - ⚠️ Episode 5 terminated due to step limit.
2025-09-24 01:39:01,488 - __main__ - WARNING - ⚠️ Episode 8 terminated due to step limit.
2025-09-24 01:39:04,285 - __main__ - DEBUG - 🎯 Eval HMM masking: step 250 masked due to negative reward
2025-09-24 01:39:04,823 - __main__ - WARNING - ⚠️ Episode 9 terminated due to step limit.
2025-09-24 01:39:07,153 - __main__ - DEBUG - 🎯 Eval HMM masking: step 150 masked due to negative reward
2025-09-24 01:39:08,203 - __main__ - DEBUG - 🎯 Eval HMM masking: step 250 masked due to negative reward
2025-09-24 01:39:08,719 - __main__ - WARNING - ⚠️ Episode 11 terminated due to step limit.
2025-09-24 01:39:12,017 - __main__ - WARNING - ⚠️ Episode 12 terminated due to step limit.
2025-09-24 01:39:15,318 - __main__ - WARNING - ⚠️ Episode 13 terminated due to step limit.
2025-09-24 01:39:16,007 - __main__ - DEBUG - 🎯 Eval HMM masking: step 50 masked due to negative reward
2025-09-24 01:39:17,595 - __main__ - DEBUG - 🎯 Eval HMM masking: step 200 masked due to negative reward
2025-09-24 01:39:18,689 - __main__ - DEBUG - 🎯 Eval HMM masking: step 50 masked due to negative reward
2025-09-24 01:39:19,213 - __main__ - DEBUG - 🎯 Eval HMM masking: step 100 masked due to negative reward
2025-09-24 01:39:20,261 - __main__ - DEBUG - 🎯 Eval HMM masking: step 200 masked due to negative reward
2025-09-24 01:39:21,303 - __main__ - WARNING - ⚠️ Episode 15 terminated due to step limit.
2025-09-24 01:39:25,480 - __main__ - WARNING - ⚠️ Episode 17 terminated due to step limit.
2025-09-24 01:39:26,174 - __main__ - DEBUG - 🎯 Eval HMM masking: step 50 masked due to negative reward
2025-09-24 01:39:28,556 - __main__ - DEBUG - 🎯 Eval HMM masking: step 100 masked due to negative reward
2025-09-24 01:39:30,628 - __main__ - WARNING - ⚠️ Episode 20 terminated due to step limit.
2025-09-24 01:39:33,440 - __main__ - DEBUG - 🎯 Eval HMM masking: step 250 masked due to negative reward
2025-09-24 01:39:33,950 - __main__ - WARNING - ⚠️ Episode 21 terminated due to step limit.
2025-09-24 01:39:34,640 - __main__ - DEBUG - 🎯 Eval HMM masking: step 50 masked due to negative reward
2025-09-24 01:39:36,443 - __main__ - DEBUG - 🎯 Eval HMM masking: step 150 masked due to negative reward
2025-09-24 01:39:38,011 - __main__ - WARNING - ⚠️ Episode 23 terminated due to step limit.
2025-09-24 01:39:41,292 - __main__ - WARNING - ⚠️ Episode 24 terminated due to step limit.
2025-09-24 01:39:42,548 - __main__ - DEBUG - 🎯 Eval HMM masking: step 100 masked due to negative reward
2025-09-24 01:39:44,626 - __main__ - WARNING - ⚠️ Episode 26 terminated due to step limit.
2025-09-24 01:39:48,039 - __main__ - WARNING - ⚠️ Episode 29 terminated due to step limit.
2025-09-24 01:39:49,781 - __main__ - DEBUG - 🎯 Eval HMM masking: step 150 masked due to negative reward
2025-09-24 01:39:51,321 - __main__ - WARNING - ⚠️ Episode 30 terminated due to step limit.
2025-09-24 01:39:53,043 - __main__ - DEBUG - 🎯 Eval HMM masking: step 150 masked due to negative reward
2025-09-24 01:39:54,594 - __main__ - WARNING - ⚠️ Episode 31 terminated due to step limit.
2025-09-24 01:39:57,647 - __main__ - DEBUG - 🎯 Eval HMM masking: step 200 masked due to negative reward
2025-09-24 01:39:58,754 - __main__ - WARNING - ⚠️ Episode 33 terminated due to step limit.
2025-09-24 01:40:01,067 - __main__ - DEBUG - 🎯 Eval HMM masking: step 200 masked due to negative reward
2025-09-24 01:40:02,180 - __main__ - WARNING - ⚠️ Episode 35 terminated due to step limit.
2025-09-24 01:40:02,868 - __main__ - DEBUG - 🎯 Eval HMM masking: step 50 masked due to negative reward
2025-09-24 01:40:06,455 - __main__ - DEBUG - 🎯 Eval HMM masking: step 100 masked due to negative reward
2025-09-24 01:40:08,584 - __main__ - WARNING - ⚠️ Episode 37 terminated due to step limit.
2025-09-24 01:40:09,787 - __main__ - DEBUG - 🎯 Eval HMM masking: step 100 masked due to negative reward
2025-09-24 01:40:10,302 - __main__ - DEBUG - 🎯 Eval HMM masking: step 150 masked due to negative reward
2025-09-24 01:40:11,841 - __main__ - WARNING - ⚠️ Episode 38 terminated due to step limit.
2025-09-24 01:40:13,836 - __main__ - DEBUG - 🎯 Eval HMM masking: step 100 masked due to negative reward
2025-09-24 01:40:15,883 - __main__ - WARNING - ⚠️ Episode 40 terminated due to step limit.
2025-09-24 01:40:19,130 - __main__ - WARNING - ⚠️ Episode 41 terminated due to step limit.
2025-09-24 01:40:22,393 - __main__ - WARNING - ⚠️ Episode 42 terminated due to step limit.
2025-09-24 01:40:23,529 - __main__ - DEBUG - 🎯 Eval HMM masking: step 50 masked due to negative reward
2025-09-24 01:40:25,587 - __main__ - DEBUG - 🎯 Eval HMM masking: step 250 masked due to negative reward
2025-09-24 01:40:26,095 - __main__ - WARNING - ⚠️ Episode 44 terminated due to step limit.
2025-09-24 01:40:29,439 - __main__ - WARNING - ⚠️ Episode 45 terminated due to step limit.
2025-09-24 01:40:32,697 - __main__ - WARNING - ⚠️ Episode 46 terminated due to step limit.
2025-09-24 01:40:35,149 - __main__ - INFO - 📊 Evaluation Results (Current Round):
2025-09-24 01:40:35,149 - __main__ - INFO -    Episodes: 50
2025-09-24 01:40:35,149 - __main__ - INFO -    Time: 108.5s (2.2s/ep)
2025-09-24 01:40:35,149 - __main__ - INFO -    Average Return: 0.091 ± 0.738
2025-09-24 01:40:35,149 - __main__ - INFO -    Success Rate: 46.0%
2025-09-24 01:40:35,150 - __main__ - INFO -    Average Length: 197.1
2025-09-24 01:40:35,150 - __main__ - INFO -    Average Coverage: 53.4 positions
2025-09-24 01:40:35,150 - __main__ - INFO -    Episode Completions: 23 terminated (46.0%), 27 truncated (54.0%)
2025-09-24 01:40:35,150 - __main__ - INFO - 📈 Total Evaluation Statistics:
2025-09-24 01:40:35,150 - __main__ - INFO -    Total Episodes: 150
2025-09-24 01:40:35,150 - __main__ - INFO -    Total Average Return: 0.127 ± 0.694
2025-09-24 01:40:35,150 - __main__ - INFO -    Total Average Length: 213.1 ± 112.4
2025-09-24 01:40:35,150 - __main__ - INFO -    Total Completions: 68 terminated (45.3%), 82 truncated (54.7%)
2025-09-24 01:40:35,150 - __main__ - INFO -    Skill Entropy: 0.001
2025-09-24 01:40:35,150 - __main__ - INFO -    Used Skills: 1.0
2025-09-24 01:40:35,150 - __main__ - INFO -    Effective K: 1.00
2025-09-24 01:40:35,150 - __main__ - INFO - 🎯 Action Usage Statistics:
2025-09-24 01:40:35,151 - __main__ - INFO -    Unique actions in evaluation: 8
2025-09-24 01:40:35,151 - __main__ - INFO -    Unique actions in training: 8
2025-09-24 01:40:35,151 - __main__ - INFO -    Total unique actions: 8
2025-09-24 01:40:35,151 - __main__ - INFO -    Action coverage: 6.6%
2025-09-24 01:40:35,151 - __main__ - INFO -    Train action count: 30720
2025-09-24 01:40:35,151 - __main__ - INFO -    Eval action count: 31968
2025-09-24 01:40:35,151 - __main__ - INFO -    Train action entropy: 2.041
2025-09-24 01:40:35,152 - __main__ - INFO -    Eval action entropy: 2.015
2025-09-24 01:40:35,152 - __main__ - INFO -    Top 3 train actions: #0(5851), #2(5219), #1(3871)
2025-09-24 01:40:35,152 - __main__ - INFO -    Top 3 eval actions: #0(7112), #2(4865), #3(4470)
2025-09-24 01:40:37,425 - __main__ - INFO - 📊 Episodes completed this rollout: 5
2025-09-24 01:40:37,425 - __main__ - INFO - 📈 Episode stats: avg return = 0.68, avg length = 119.2
2025-09-24 01:40:37,426 - __main__ - INFO - 🎯 Top 3 training actions: #0(5952), #2(5318), #1(4018)
2025-09-24 01:40:40,749 - __main__ - INFO - 📊 Episodes completed this rollout: 6
2025-09-24 01:40:40,749 - __main__ - INFO - 📈 Episode stats: avg return = -0.02, avg length = 232.0
2025-09-24 01:40:40,749 - __main__ - INFO - 🎯 Top 3 training actions: #0(6078), #2(5441), #1(4197)
2025-09-24 01:40:44,069 - __main__ - INFO - 📊 Episodes completed this rollout: 5
2025-09-24 01:40:44,069 - __main__ - INFO - 📈 Episode stats: avg return = 0.08, avg length = 194.8
2025-09-24 01:40:44,069 - __main__ - INFO - 🎯 Top 3 training actions: #0(6195), #2(5562), #1(4383)
2025-09-24 01:40:47,495 - __main__ - INFO - 📊 Episodes completed this rollout: 5
2025-09-24 01:40:47,495 - __main__ - INFO - 📈 Episode stats: avg return = 0.16, avg length = 243.4
2025-09-24 01:40:47,495 - __main__ - INFO - 🎯 Top 3 training actions: #0(6322), #2(5686), #1(4523)
2025-09-24 01:40:50,814 - __main__ - INFO - 📊 Episodes completed this rollout: 7
2025-09-24 01:40:50,814 - __main__ - INFO - 📈 Episode stats: avg return = 0.34, avg length = 182.3
2025-09-24 01:40:50,814 - __main__ - INFO - 🎯 Top 3 training actions: #0(6467), #2(5816), #1(4650)
2025-09-24 01:40:54,111 - __main__ - INFO - 📊 Episodes completed this rollout: 3
2025-09-24 01:40:54,112 - __main__ - INFO - 📈 Episode stats: avg return = 0.10, avg length = 231.3
2025-09-24 01:40:54,112 - __main__ - INFO - 🎯 Top 3 training actions: #0(6569), #2(5917), #1(4804)
2025-09-24 01:40:57,422 - __main__ - INFO - 📊 Episodes completed this rollout: 3
2025-09-24 01:40:57,422 - __main__ - INFO - 📈 Episode stats: avg return = 0.02, avg length = 222.7
2025-09-24 01:40:57,422 - __main__ - INFO - 🎯 Top 3 training actions: #0(6665), #2(6031), #1(4965)
2025-09-24 01:41:00,785 - __main__ - INFO - 📊 Episodes completed this rollout: 6
2025-09-24 01:41:00,786 - __main__ - INFO - 📈 Episode stats: avg return = -0.18, avg length = 294.7
2025-09-24 01:41:00,786 - __main__ - INFO - 🎯 Top 3 training actions: #0(6748), #2(6146), #1(5128)
2025-09-24 01:41:04,011 - __main__ - INFO - 📊 Episodes completed this rollout: 2
2025-09-24 01:41:04,011 - __main__ - INFO - 📈 Episode stats: avg return = 0.93, avg length = 66.5
2025-09-24 01:41:04,011 - __main__ - INFO - 🎯 Top 3 training actions: #0(6833), #2(6244), #1(5257)
2025-09-24 01:41:05,008 - __main__ - INFO - 🔄 Synchronized model update at step 39,936
2025-09-24 01:41:05,009 - __main__ - INFO -    HMM interval: 10,615, VAE interval: 10,615
2025-09-24 01:41:05,009 - __main__ - INFO - 🚫 Model training masking: 2508/11264 timesteps masked (22.3%) due to negative rewards (invalid actions)
2025-09-24 01:41:05,379 - __main__ - INFO - 🔄 Capping HMM batch size from 1372 to 128 to prevent OOM
2025-09-24 01:41:05,379 - __main__ - INFO - 🔄 HMM refresh starting at step 39,936 with replay size 128x94
2025-09-24 01:41:10,919 - __main__ - DEBUG - Initial ELBO: -17293.8139
2025-09-24 01:41:10,923 - __main__ - DEBUG - Relative tol: 0.0100
2025-09-24 01:41:10,923 - __main__ - DEBUG - Relative elbo_drop_tol: 0.0100
2025-09-24 01:41:10,923 - __main__ - DEBUG - - Init -500.7812
2025-09-24 01:41:10,923 - __main__ - DEBUG - - Trans -2.0053
2025-09-24 01:41:10,923 - __main__ - DEBUG - - Emit -5037.9267
2025-09-24 01:41:10,923 - __main__ - DEBUG - - Entropy 0.0005
2025-09-24 01:41:10,923 - __main__ - DEBUG - - Dir -25.9930
2025-09-24 01:41:10,923 - __main__ - DEBUG - - NIW -11711.2754
2025-09-24 01:41:10,923 - __main__ - DEBUG - - Beta prior -15.8329
2025-09-24 01:41:16,697 - __main__ - DEBUG - Iter 0: ELBO after FB: -17293.8139 (LL -5540.7126, Δ=0.0000)
2025-09-24 01:41:16,698 - __main__ - DEBUG - Blending stats with ρ_niw=0.0500, ρ_tr=0.0500.
2025-09-24 01:41:16,749 - __main__ - DEBUG - Iter 0: ELBO after NIW update: -16222.3817 (Emit LL -4028.0150, NIW term -11649.7549, Δ=1071.4322)
2025-09-24 01:41:16,800 - __main__ - DEBUG - Iter 0: ELBO after Dirichlet update: -16222.2747 (Trans LL -2.0657, Dir term -25.8256, Δ=0.1071)
2025-09-24 01:41:16,871 - __main__ - DEBUG - Iter 0: ELBO after β update: -16222.8657 (Init LL -501.3469, Dir term -25.8405, logp(β) -15.8432, Δ=-0.5910)
2025-09-24 01:41:22,807 - __main__ - DEBUG - Iter 1: ELBO after FB: -16222.8657 (LL -4531.4270, Δ=0.0000)
2025-09-24 01:41:22,808 - __main__ - DEBUG - Blending stats with ρ_niw=0.0500, ρ_tr=0.0500.
2025-09-24 01:41:22,855 - __main__ - DEBUG - Iter 1: ELBO after NIW update: -16222.8657 (Emit LL -4028.0150, NIW term -11649.7549, Δ=0.0000)
2025-09-24 01:41:22,903 - __main__ - DEBUG - Iter 1: ELBO after Dirichlet update: -16222.9471 (Trans LL -2.0585, Dir term -25.9291, Δ=-0.0814)
2025-09-24 01:41:22,972 - __main__ - DEBUG - Iter 1: ELBO after β update: -16223.5393 (Init LL -501.8416, Dir term -26.0166, logp(β) -15.8532, Δ=-0.5923)
2025-09-24 01:41:28,811 - __main__ - DEBUG - Iter 2: ELBO after FB: -16223.5393 (LL -4531.9146, Δ=0.0000)
2025-09-24 01:41:28,812 - __main__ - DEBUG - Blending stats with ρ_niw=0.0500, ρ_tr=0.0500.
2025-09-24 01:41:28,860 - __main__ - DEBUG - Iter 2: ELBO after NIW update: -16223.5393 (Emit LL -4028.0150, NIW term -11649.7549, Δ=0.0000)
2025-09-24 01:41:28,908 - __main__ - DEBUG - Iter 2: ELBO after Dirichlet update: -16223.7448 (Trans LL -2.0522, Dir term -26.2284, Δ=-0.2054)
2025-09-24 01:41:28,976 - __main__ - DEBUG - Iter 2: ELBO after β update: -16224.2437 (Init LL -502.2570, Dir term -26.3100, logp(β) -15.8551, Δ=-0.4989)
2025-09-24 01:41:34,947 - __main__ - DEBUG - Iter 3: ELBO after FB: -16224.2437 (LL -4532.3237, Δ=0.0000)
2025-09-24 01:41:34,948 - __main__ - DEBUG - Blending stats with ρ_niw=0.0500, ρ_tr=0.0500.
2025-09-24 01:41:34,999 - __main__ - DEBUG - Iter 3: ELBO after NIW update: -16224.2437 (Emit LL -4028.0150, NIW term -11649.7549, Δ=0.0000)
2025-09-24 01:41:35,051 - __main__ - DEBUG - Iter 3: ELBO after Dirichlet update: -16224.5776 (Trans LL -2.0465, Dir term -26.6496, Δ=-0.3339)
2025-09-24 01:41:35,125 - __main__ - DEBUG - Iter 3: ELBO after β update: -16224.8219 (Init LL -502.4046, Dir term -26.7525, logp(β) -15.8491, Δ=-0.2444)
2025-09-24 01:41:40,897 - __main__ - DEBUG - Iter 4: ELBO after FB: -16224.8219 (LL -4532.4655, Δ=0.0000)
2025-09-24 01:41:40,898 - __main__ - DEBUG - Blending stats with ρ_niw=0.0500, ρ_tr=0.0500.
2025-09-24 01:41:40,946 - __main__ - DEBUG - Iter 4: ELBO after NIW update: -16224.8219 (Emit LL -4028.0150, NIW term -11649.7549, Δ=0.0000)
2025-09-24 01:41:40,994 - __main__ - DEBUG - Iter 4: ELBO after Dirichlet update: -16225.1860 (Trans LL -2.0445, Dir term -27.1185, Δ=-0.3641)
2025-09-24 01:41:41,047 - __main__ - DEBUG - Iter 4: ELBO after β update: -16225.0894 (Init LL -502.2971, Dir term -27.1306, logp(β) -15.8478, Δ=0.0967)
2025-09-24 01:41:41,049 - __main__ - INFO -    HMM refresh complete: ELBO=-54.3831, iters=0, max iters, states=40
2025-09-24 01:41:41,049 - __main__ - INFO -    ✅ HMM updated (next in 12,000 steps)
2025-09-24 01:41:41,049 - __main__ - INFO - 🔄 VAE refresh starting at step 39,936 with replay size 8x1408
2025-09-24 01:41:41,050 - __main__ - INFO -    Using span sampling (11264 timesteps, too large for full buffer)
2025-09-24 01:42:04,375 - __main__ - INFO -    VAE refresh complete: final_loss=2835.0283, avg_loss=2836.4652, steps=4/4, trend=improving, total_timesteps=11264, span_sampling=32_requested×4_steps, span_len=64
2025-09-24 01:42:04,377 - __main__ - INFO -    ✅ VAE updated (next in 12,000 steps)
2025-09-24 01:42:06,687 - __main__ - INFO - 📊 Episodes completed this rollout: 7
2025-09-24 01:42:06,688 - __main__ - INFO - 📈 Episode stats: avg return = -0.12, avg length = 217.3
2025-09-24 01:42:06,688 - __main__ - INFO - 🎯 Top 3 training actions: #0(6913), #2(6357), #1(5471)
2025-09-24 01:42:07,718 - __main__ - INFO - 🧪 Starting evaluation with 50 episodes...
2025-09-24 01:42:07,718 - __main__ - INFO -    Eval seed: 51
2025-09-24 01:42:07,718 - __main__ - INFO -    Max episode steps (eval): env default
2025-09-24 01:42:07,719 - nle.env.base - INFO - Not saving any NLE data.
2025-09-24 01:42:09,308 - __main__ - DEBUG - 🎯 Eval HMM masking: step 150 masked due to negative reward
2025-09-24 01:42:10,858 - __main__ - WARNING - ⚠️ Episode 1 terminated due to step limit.
2025-09-24 01:42:18,427 - __main__ - WARNING - ⚠️ Episode 5 terminated due to step limit.
2025-09-24 01:42:21,703 - __main__ - WARNING - ⚠️ Episode 6 terminated due to step limit.
2025-09-24 01:42:23,430 - __main__ - DEBUG - 🎯 Eval HMM masking: step 150 masked due to negative reward
2025-09-24 01:42:24,986 - __main__ - WARNING - ⚠️ Episode 7 terminated due to step limit.
2025-09-24 01:42:26,722 - __main__ - DEBUG - 🎯 Eval HMM masking: step 150 masked due to negative reward
2025-09-24 01:42:28,148 - __main__ - DEBUG - 🎯 Eval HMM masking: step 100 masked due to negative reward
2025-09-24 01:42:35,686 - __main__ - WARNING - ⚠️ Episode 12 terminated due to step limit.
2025-09-24 01:42:39,096 - __main__ - WARNING - ⚠️ Episode 14 terminated due to step limit.
2025-09-24 01:42:42,354 - __main__ - WARNING - ⚠️ Episode 15 terminated due to step limit.
2025-09-24 01:42:45,105 - __main__ - DEBUG - 🎯 Eval HMM masking: step 250 masked due to negative reward
2025-09-24 01:42:45,613 - __main__ - WARNING - ⚠️ Episode 16 terminated due to step limit.
2025-09-24 01:42:50,205 - __main__ - WARNING - ⚠️ Episode 18 terminated due to step limit.
2025-09-24 01:42:54,631 - __main__ - WARNING - ⚠️ Episode 20 terminated due to step limit.
2025-09-24 01:42:57,809 - __main__ - DEBUG - 🎯 Eval HMM masking: step 250 masked due to negative reward
2025-09-24 01:42:58,322 - __main__ - WARNING - ⚠️ Episode 22 terminated due to step limit.
2025-09-24 01:43:02,470 - __main__ - WARNING - ⚠️ Episode 24 terminated due to step limit.
2025-09-24 01:43:05,207 - __main__ - DEBUG - 🎯 Eval HMM masking: step 250 masked due to negative reward
2025-09-24 01:43:05,718 - __main__ - WARNING - ⚠️ Episode 25 terminated due to step limit.
2025-09-24 01:43:08,044 - __main__ - DEBUG - 🎯 Eval HMM masking: step 200 masked due to negative reward
2025-09-24 01:43:11,609 - __main__ - WARNING - ⚠️ Episode 27 terminated due to step limit.
2025-09-24 01:43:12,288 - __main__ - DEBUG - 🎯 Eval HMM masking: step 50 masked due to negative reward
2025-09-24 01:43:13,319 - __main__ - DEBUG - 🎯 Eval HMM masking: step 150 masked due to negative reward
2025-09-24 01:43:14,851 - __main__ - WARNING - ⚠️ Episode 28 terminated due to step limit.
2025-09-24 01:43:17,715 - __main__ - DEBUG - 🎯 Eval HMM masking: step 200 masked due to negative reward
2025-09-24 01:43:18,734 - __main__ - WARNING - ⚠️ Episode 30 terminated due to step limit.
2025-09-24 01:43:21,476 - __main__ - DEBUG - 🎯 Eval HMM masking: step 250 masked due to negative reward
2025-09-24 01:43:21,982 - __main__ - WARNING - ⚠️ Episode 31 terminated due to step limit.
2025-09-24 01:43:22,664 - __main__ - DEBUG - 🎯 Eval HMM masking: step 50 masked due to negative reward
2025-09-24 01:43:23,699 - __main__ - DEBUG - 🎯 Eval HMM masking: step 150 masked due to negative reward
2025-09-24 01:43:26,865 - __main__ - DEBUG - 🎯 Eval HMM masking: step 150 masked due to negative reward
2025-09-24 01:43:28,406 - __main__ - WARNING - ⚠️ Episode 33 terminated due to step limit.
2025-09-24 01:43:31,651 - __main__ - WARNING - ⚠️ Episode 34 terminated due to step limit.
2025-09-24 01:43:32,991 - __main__ - DEBUG - 🎯 Eval HMM masking: step 50 masked due to negative reward
2025-09-24 01:43:35,560 - __main__ - WARNING - ⚠️ Episode 36 terminated due to step limit.
2025-09-24 01:43:38,843 - __main__ - WARNING - ⚠️ Episode 37 terminated due to step limit.
2025-09-24 01:43:41,088 - __main__ - DEBUG - 🎯 Eval HMM masking: step 200 masked due to negative reward
2025-09-24 01:43:42,112 - __main__ - WARNING - ⚠️ Episode 38 terminated due to step limit.
2025-09-24 01:43:47,457 - __main__ - DEBUG - 🎯 Eval HMM masking: step 50 masked due to negative reward
2025-09-24 01:43:53,557 - __main__ - WARNING - ⚠️ Episode 43 terminated due to step limit.
2025-09-24 01:43:56,825 - __main__ - WARNING - ⚠️ Episode 44 terminated due to step limit.
2025-09-24 01:44:02,961 - __main__ - DEBUG - 🎯 Eval HMM masking: step 150 masked due to negative reward
2025-09-24 01:44:03,474 - __main__ - DEBUG - 🎯 Eval HMM masking: step 200 masked due to negative reward
2025-09-24 01:44:04,495 - __main__ - WARNING - ⚠️ Episode 47 terminated due to step limit.
2025-09-24 01:44:05,658 - __main__ - DEBUG - 🎯 Eval HMM masking: step 50 masked due to negative reward
2025-09-24 01:44:08,219 - __main__ - WARNING - ⚠️ Episode 49 terminated due to step limit.
2025-09-24 01:44:09,002 - __main__ - INFO - 📊 Evaluation Results (Current Round):
2025-09-24 01:44:09,003 - __main__ - INFO -    Episodes: 50
2025-09-24 01:44:09,003 - __main__ - INFO -    Time: 121.3s (2.4s/ep)
2025-09-24 01:44:09,003 - __main__ - INFO -    Average Return: 0.188 ± 0.621
2025-09-24 01:44:09,003 - __main__ - INFO -    Success Rate: 48.0%
2025-09-24 01:44:09,003 - __main__ - INFO -    Average Length: 222.7
2025-09-24 01:44:09,003 - __main__ - INFO -    Average Coverage: 72.8 positions
2025-09-24 01:44:09,003 - __main__ - INFO -    Episode Completions: 24 terminated (48.0%), 26 truncated (52.0%)
2025-09-24 01:44:09,003 - __main__ - INFO - 📈 Total Evaluation Statistics:
2025-09-24 01:44:09,003 - __main__ - INFO -    Total Episodes: 200
2025-09-24 01:44:09,003 - __main__ - INFO -    Total Average Return: 0.142 ± 0.677
2025-09-24 01:44:09,004 - __main__ - INFO -    Total Average Length: 215.5 ± 109.7
2025-09-24 01:44:09,004 - __main__ - INFO -    Total Completions: 92 terminated (46.0%), 108 truncated (54.0%)
2025-09-24 01:44:09,004 - __main__ - INFO -    Skill Entropy: 0.001
2025-09-24 01:44:09,004 - __main__ - INFO -    Used Skills: 1.0
2025-09-24 01:44:09,004 - __main__ - INFO -    Effective K: 1.00
2025-09-24 01:44:09,004 - __main__ - INFO - 🎯 Action Usage Statistics:
2025-09-24 01:44:09,004 - __main__ - INFO -    Unique actions in evaluation: 8
2025-09-24 01:44:09,004 - __main__ - INFO -    Unique actions in training: 8
2025-09-24 01:44:09,004 - __main__ - INFO -    Total unique actions: 8
2025-09-24 01:44:09,004 - __main__ - INFO -    Action coverage: 6.6%
2025-09-24 01:44:09,004 - __main__ - INFO -    Train action count: 40960
2025-09-24 01:44:09,005 - __main__ - INFO -    Eval action count: 43102
2025-09-24 01:44:09,005 - __main__ - INFO -    Train action entropy: 2.057
2025-09-24 01:44:09,005 - __main__ - INFO -    Eval action entropy: 2.050
2025-09-24 01:44:09,006 - __main__ - INFO -    Top 3 train actions: #0(6913), #2(6357), #1(5471)
2025-09-24 01:44:09,006 - __main__ - INFO -    Top 3 eval actions: #0(7847), #1(6078), #2(6069)
2025-09-24 01:44:11,307 - __main__ - INFO - 📊 Episodes completed this rollout: 8
2025-09-24 01:44:11,307 - __main__ - INFO - 📈 Episode stats: avg return = 0.42, avg length = 150.9
2025-09-24 01:44:11,308 - __main__ - INFO - 🎯 Top 3 training actions: #0(6969), #2(6458), #1(5699)
2025-09-24 01:44:14,574 - __main__ - INFO - 📊 Episodes completed this rollout: 5
2025-09-24 01:44:14,575 - __main__ - INFO - 📈 Episode stats: avg return = 0.60, avg length = 170.8
2025-09-24 01:44:14,575 - __main__ - INFO - 🎯 Top 3 training actions: #0(7036), #2(6571), #1(5974)
2025-09-24 01:44:17,846 - __main__ - INFO - 📊 Episodes completed this rollout: 4
2025-09-24 01:44:17,847 - __main__ - INFO - 📈 Episode stats: avg return = -0.60, avg length = 300.0
2025-09-24 01:44:17,848 - __main__ - INFO - 🎯 Top 3 training actions: #0(7080), #2(6720), #1(6295)
2025-09-24 01:44:21,155 - __main__ - INFO - 📊 Episodes completed this rollout: 6
2025-09-24 01:44:21,155 - __main__ - INFO - 📈 Episode stats: avg return = 0.19, avg length = 182.5
2025-09-24 01:44:21,155 - __main__ - INFO - 🎯 Top 3 training actions: #0(7145), #2(6947), #1(6543)
2025-09-24 01:44:24,458 - __main__ - INFO - 📊 Episodes completed this rollout: 2
2025-09-24 01:44:24,458 - __main__ - INFO - 📈 Episode stats: avg return = 0.24, avg length = 209.0
2025-09-24 01:44:24,458 - __main__ - INFO - 🎯 Top 3 training actions: #2(7201), #0(7201), #1(6816)
2025-09-24 01:44:27,728 - __main__ - INFO - 📊 Episodes completed this rollout: 4
2025-09-24 01:44:27,729 - __main__ - INFO - 📈 Episode stats: avg return = 0.07, avg length = 262.8
2025-09-24 01:44:27,729 - __main__ - INFO - 🎯 Top 3 training actions: #2(7418), #0(7246), #1(7038)
2025-09-24 01:44:31,040 - __main__ - INFO - 📊 Episodes completed this rollout: 7
2025-09-24 01:44:31,041 - __main__ - INFO - 📈 Episode stats: avg return = 0.23, avg length = 230.7
2025-09-24 01:44:31,041 - __main__ - INFO - 🎯 Top 3 training actions: #2(7701), #0(7319), #1(7221)
2025-09-24 01:44:34,293 - __main__ - INFO - 📊 Episodes completed this rollout: 1
2025-09-24 01:44:34,293 - __main__ - INFO - 📈 Episode stats: avg return = -0.48, avg length = 300.0
2025-09-24 01:44:34,293 - __main__ - INFO - 🎯 Top 3 training actions: #2(8009), #0(7412), #1(7356)
2025-09-24 01:44:37,602 - __main__ - INFO - 📊 Episodes completed this rollout: 8
2025-09-24 01:44:37,603 - __main__ - INFO - 📈 Episode stats: avg return = 0.21, avg length = 230.5
2025-09-24 01:44:37,603 - __main__ - INFO - 🎯 Top 3 training actions: #2(8245), #1(7529), #0(7527)
2025-09-24 01:44:38,603 - __main__ - INFO - 🧪 Starting evaluation with 50 episodes...
2025-09-24 01:44:38,603 - __main__ - INFO -    Eval seed: 51
2025-09-24 01:44:38,603 - __main__ - INFO -    Max episode steps (eval): env default
2025-09-24 01:44:38,604 - nle.env.base - INFO - Not saving any NLE data.
2025-09-24 01:44:39,603 - __main__ - DEBUG - 🎯 Eval HMM masking: step 50 masked due to negative reward
2025-09-24 01:44:45,872 - __main__ - DEBUG - 🎯 Eval HMM masking: step 250 masked due to negative reward
2025-09-24 01:44:46,415 - __main__ - WARNING - ⚠️ Episode 4 terminated due to step limit.
2025-09-24 01:44:47,687 - __main__ - DEBUG - 🎯 Eval HMM masking: step 100 masked due to negative reward
2025-09-24 01:44:49,827 - __main__ - WARNING - ⚠️ Episode 5 terminated due to step limit.
2025-09-24 01:44:53,076 - __main__ - WARNING - ⚠️ Episode 6 terminated due to step limit.
2025-09-24 01:44:56,313 - __main__ - WARNING - ⚠️ Episode 7 terminated due to step limit.
2025-09-24 01:44:57,510 - __main__ - DEBUG - 🎯 Eval HMM masking: step 100 masked due to negative reward
2025-09-24 01:44:58,027 - __main__ - DEBUG - 🎯 Eval HMM masking: step 150 masked due to negative reward
2025-09-24 01:44:59,063 - __main__ - DEBUG - 🎯 Eval HMM masking: step 250 masked due to negative reward
2025-09-24 01:44:59,574 - __main__ - WARNING - ⚠️ Episode 8 terminated due to step limit.
2025-09-24 01:45:03,182 - __main__ - WARNING - ⚠️ Episode 10 terminated due to step limit.
2025-09-24 01:45:03,902 - __main__ - DEBUG - 🎯 Eval HMM masking: step 50 masked due to negative reward
2025-09-24 01:45:06,507 - __main__ - WARNING - ⚠️ Episode 12 terminated due to step limit.
2025-09-24 01:45:13,231 - __main__ - WARNING - ⚠️ Episode 15 terminated due to step limit.
2025-09-24 01:45:16,504 - __main__ - WARNING - ⚠️ Episode 16 terminated due to step limit.
2025-09-24 01:45:17,187 - __main__ - DEBUG - 🎯 Eval HMM masking: step 50 masked due to negative reward
2025-09-24 01:45:19,792 - __main__ - WARNING - ⚠️ Episode 17 terminated due to step limit.
2025-09-24 01:45:25,397 - __main__ - WARNING - ⚠️ Episode 19 terminated due to step limit.
2025-09-24 01:45:28,702 - __main__ - WARNING - ⚠️ Episode 20 terminated due to step limit.
2025-09-24 01:45:31,042 - __main__ - DEBUG - 🎯 Eval HMM masking: step 200 masked due to negative reward
2025-09-24 01:45:32,135 - __main__ - WARNING - ⚠️ Episode 21 terminated due to step limit.
2025-09-24 01:45:34,907 - __main__ - DEBUG - 🎯 Eval HMM masking: step 250 masked due to negative reward
2025-09-24 01:45:35,414 - __main__ - WARNING - ⚠️ Episode 22 terminated due to step limit.
2025-09-24 01:45:38,252 - __main__ - DEBUG - 🎯 Eval HMM masking: step 250 masked due to negative reward
2025-09-24 01:45:38,760 - __main__ - WARNING - ⚠️ Episode 23 terminated due to step limit.
2025-09-24 01:45:42,026 - __main__ - WARNING - ⚠️ Episode 24 terminated due to step limit.
2025-09-24 01:45:45,346 - __main__ - WARNING - ⚠️ Episode 25 terminated due to step limit.
2025-09-24 01:45:51,343 - __main__ - WARNING - ⚠️ Episode 27 terminated due to step limit.
2025-09-24 01:45:52,025 - __main__ - DEBUG - 🎯 Eval HMM masking: step 50 masked due to negative reward
2025-09-24 01:45:56,149 - __main__ - DEBUG - 🎯 Eval HMM masking: step 250 masked due to negative reward
2025-09-24 01:45:56,658 - __main__ - WARNING - ⚠️ Episode 29 terminated due to step limit.
2025-09-24 01:46:01,049 - __main__ - DEBUG - 🎯 Eval HMM masking: step 150 masked due to negative reward
2025-09-24 01:46:03,716 - __main__ - DEBUG - 🎯 Eval HMM masking: step 100 masked due to negative reward
2025-09-24 01:46:04,235 - __main__ - DEBUG - 🎯 Eval HMM masking: step 150 masked due to negative reward
2025-09-24 01:46:05,786 - __main__ - WARNING - ⚠️ Episode 32 terminated due to step limit.
2025-09-24 01:46:06,471 - __main__ - DEBUG - 🎯 Eval HMM masking: step 50 masked due to negative reward
2025-09-24 01:46:06,990 - __main__ - DEBUG - 🎯 Eval HMM masking: step 100 masked due to negative reward
2025-09-24 01:46:08,546 - __main__ - DEBUG - 🎯 Eval HMM masking: step 250 masked due to negative reward
2025-09-24 01:46:09,054 - __main__ - WARNING - ⚠️ Episode 33 terminated due to step limit.
2025-09-24 01:46:11,489 - __main__ - DEBUG - 🎯 Eval HMM masking: step 100 masked due to negative reward
2025-09-24 01:46:13,559 - __main__ - WARNING - ⚠️ Episode 35 terminated due to step limit.
2025-09-24 01:46:15,845 - __main__ - DEBUG - 🎯 Eval HMM masking: step 200 masked due to negative reward
2025-09-24 01:46:16,367 - __main__ - DEBUG - 🎯 Eval HMM masking: step 250 masked due to negative reward
2025-09-24 01:46:16,878 - __main__ - WARNING - ⚠️ Episode 36 terminated due to step limit.
2025-09-24 01:46:18,900 - __main__ - DEBUG - 🎯 Eval HMM masking: step 150 masked due to negative reward
2025-09-24 01:46:20,441 - __main__ - WARNING - ⚠️ Episode 39 terminated due to step limit.
2025-09-24 01:46:24,535 - __main__ - WARNING - ⚠️ Episode 41 terminated due to step limit.
2025-09-24 01:46:28,533 - __main__ - WARNING - ⚠️ Episode 43 terminated due to step limit.
2025-09-24 01:46:31,800 - __main__ - WARNING - ⚠️ Episode 44 terminated due to step limit.
2025-09-24 01:46:37,054 - __main__ - WARNING - ⚠️ Episode 47 terminated due to step limit.
2025-09-24 01:46:40,368 - __main__ - WARNING - ⚠️ Episode 49 terminated due to step limit.
2025-09-24 01:46:41,565 - __main__ - DEBUG - 🎯 Eval HMM masking: step 100 masked due to negative reward
2025-09-24 01:46:42,083 - __main__ - DEBUG - 🎯 Eval HMM masking: step 150 masked due to negative reward
2025-09-24 01:46:43,629 - __main__ - WARNING - ⚠️ Episode 50 terminated due to step limit.
2025-09-24 01:46:43,784 - __main__ - INFO - 📊 Evaluation Results (Current Round):
2025-09-24 01:46:43,784 - __main__ - INFO -    Episodes: 50
2025-09-24 01:46:43,785 - __main__ - INFO -    Time: 125.2s (2.5s/ep)
2025-09-24 01:46:43,785 - __main__ - INFO -    Average Return: 0.189 ± 0.566
2025-09-24 01:46:43,785 - __main__ - INFO -    Success Rate: 40.0%
2025-09-24 01:46:43,785 - __main__ - INFO -    Average Length: 228.0
2025-09-24 01:46:43,785 - __main__ - INFO -    Average Coverage: 82.3 positions
2025-09-24 01:46:43,785 - __main__ - INFO -    Episode Completions: 20 terminated (40.0%), 30 truncated (60.0%)
2025-09-24 01:46:43,785 - __main__ - INFO - 📈 Total Evaluation Statistics:
2025-09-24 01:46:43,785 - __main__ - INFO -    Total Episodes: 250
2025-09-24 01:46:43,785 - __main__ - INFO -    Total Average Return: 0.152 ± 0.657
2025-09-24 01:46:43,785 - __main__ - INFO -    Total Average Length: 218.0 ± 109.6
2025-09-24 01:46:43,785 - __main__ - INFO -    Total Completions: 112 terminated (44.8%), 138 truncated (55.2%)
2025-09-24 01:46:43,786 - __main__ - INFO -    Skill Entropy: 0.000
2025-09-24 01:46:43,786 - __main__ - INFO -    Used Skills: 1.0
2025-09-24 01:46:43,786 - __main__ - INFO -    Effective K: 1.00
2025-09-24 01:46:43,786 - __main__ - INFO - 🎯 Action Usage Statistics:
2025-09-24 01:46:43,786 - __main__ - INFO -    Unique actions in evaluation: 8
2025-09-24 01:46:43,786 - __main__ - INFO -    Unique actions in training: 8
2025-09-24 01:46:43,786 - __main__ - INFO -    Total unique actions: 8
2025-09-24 01:46:43,786 - __main__ - INFO -    Action coverage: 6.6%
2025-09-24 01:46:43,786 - __main__ - INFO -    Train action count: 50176
2025-09-24 01:46:43,786 - __main__ - INFO -    Eval action count: 54500
2025-09-24 01:46:43,787 - __main__ - INFO -    Train action entropy: 2.058
2025-09-24 01:46:43,787 - __main__ - INFO -    Eval action entropy: 2.046
2025-09-24 01:46:43,787 - __main__ - INFO -    Top 3 train actions: #2(8245), #1(7529), #0(7527)
2025-09-24 01:46:43,787 - __main__ - INFO -    Top 3 eval actions: #2(9157), #0(9003), #1(8244)
2025-09-24 01:46:46,049 - __main__ - INFO - 📊 Episodes completed this rollout: 2
2025-09-24 01:46:46,049 - __main__ - INFO - 📈 Episode stats: avg return = -0.36, avg length = 300.0
2025-09-24 01:46:46,049 - __main__ - INFO - 🎯 Top 3 training actions: #2(8519), #1(7726), #0(7633)
2025-09-24 01:46:49,387 - __main__ - INFO - 📊 Episodes completed this rollout: 6
2025-09-24 01:46:49,387 - __main__ - INFO - 📈 Episode stats: avg return = 0.06, avg length = 236.3
2025-09-24 01:46:49,387 - __main__ - INFO - 🎯 Top 3 training actions: #2(8851), #1(7921), #0(7723)
2025-09-24 01:46:50,420 - __main__ - INFO - 🔄 Synchronized model update at step 52,224
2025-09-24 01:46:50,421 - __main__ - INFO -    HMM interval: 12,000, VAE interval: 12,000
2025-09-24 01:46:50,421 - __main__ - INFO - 🚫 Model training masking: 1692/12288 timesteps masked (13.8%) due to negative rewards (invalid actions)
2025-09-24 01:46:50,788 - __main__ - INFO - 🔄 Capping HMM batch size from 822 to 128 to prevent OOM
2025-09-24 01:46:50,789 - __main__ - INFO - 🔄 HMM refresh starting at step 52,224 with replay size 128x68
2025-09-24 01:46:54,683 - __main__ - DEBUG - Initial ELBO: -20353.0085
2025-09-24 01:46:54,685 - __main__ - DEBUG - Relative tol: 0.0100
2025-09-24 01:46:54,685 - __main__ - DEBUG - Relative elbo_drop_tol: 0.0100
2025-09-24 01:46:54,685 - __main__ - DEBUG - - Init -501.3469
2025-09-24 01:46:54,685 - __main__ - DEBUG - - Trans -4.9851
2025-09-24 01:46:54,686 - __main__ - DEBUG - - Emit -8155.2382
2025-09-24 01:46:54,686 - __main__ - DEBUG - - Entropy 0.0004
2025-09-24 01:46:54,686 - __main__ - DEBUG - - Dir -25.8405
2025-09-24 01:46:54,686 - __main__ - DEBUG - - NIW -11649.7549
2025-09-24 01:46:54,686 - __main__ - DEBUG - - Beta prior -15.8432
2025-09-24 01:46:58,956 - __main__ - DEBUG - Iter 0: ELBO after FB: -20353.0085 (LL -8661.5699, Δ=0.0000)
2025-09-24 01:46:58,956 - __main__ - DEBUG - Blending stats with ρ_niw=0.0500, ρ_tr=0.0500.
2025-09-24 01:46:59,003 - __main__ - DEBUG - Iter 0: ELBO after NIW update: -15992.7916 (Emit LL -3629.9207, NIW term -11814.8555, Δ=4360.2169)
2025-09-24 01:46:59,051 - __main__ - DEBUG - Iter 0: ELBO after Dirichlet update: -15992.7794 (Trans LL -4.9817, Dir term -25.8318, Δ=0.0122)
2025-09-24 01:46:59,118 - __main__ - DEBUG - Iter 0: ELBO after β update: -15993.3758 (Init LL -501.8919, Dir term -25.8726, logp(β) -15.8539, Δ=-0.5964)
2025-09-24 01:47:03,248 - __main__ - DEBUG - Iter 1: ELBO after FB: -15993.3758 (LL -4136.7939, Δ=0.0000)
2025-09-24 01:47:03,249 - __main__ - DEBUG - Blending stats with ρ_niw=0.0500, ρ_tr=0.0500.
2025-09-24 01:47:03,296 - __main__ - DEBUG - Iter 1: ELBO after NIW update: -15993.3758 (Emit LL -3629.9207, NIW term -11814.8555, Δ=0.0000)
2025-09-24 01:47:03,343 - __main__ - DEBUG - Iter 1: ELBO after Dirichlet update: -15993.4422 (Trans LL -4.9644, Dir term -25.9562, Δ=-0.0664)
2025-09-24 01:47:03,412 - __main__ - DEBUG - Iter 1: ELBO after β update: -15994.0187 (Init LL -502.3924, Dir term -26.0222, logp(β) -15.8638, Δ=-0.5765)
2025-09-24 01:47:07,540 - __main__ - DEBUG - Iter 2: ELBO after FB: -15994.0187 (LL -4137.2772, Δ=0.0000)
2025-09-24 01:47:07,541 - __main__ - DEBUG - Blending stats with ρ_niw=0.0500, ρ_tr=0.0500.
2025-09-24 01:47:07,587 - __main__ - DEBUG - Iter 2: ELBO after NIW update: -15994.0187 (Emit LL -3629.9207, NIW term -11814.8555, Δ=0.0000)
2025-09-24 01:47:07,634 - __main__ - DEBUG - Iter 2: ELBO after Dirichlet update: -15994.2133 (Trans LL -4.9492, Dir term -26.2321, Δ=-0.1947)
2025-09-24 01:47:07,703 - __main__ - DEBUG - Iter 2: ELBO after β update: -15994.7229 (Init LL -502.8064, Dir term -26.3259, logp(β) -15.8656, Δ=-0.5095)
2025-09-24 01:47:11,819 - __main__ - DEBUG - Iter 3: ELBO after FB: -15994.7229 (LL -4137.6759, Δ=0.0000)
2025-09-24 01:47:11,820 - __main__ - DEBUG - Blending stats with ρ_niw=0.0500, ρ_tr=0.0500.
2025-09-24 01:47:11,867 - __main__ - DEBUG - Iter 3: ELBO after NIW update: -15994.7229 (Emit LL -3629.9207, NIW term -11814.8555, Δ=0.0000)
2025-09-24 01:47:11,914 - __main__ - DEBUG - Iter 3: ELBO after Dirichlet update: -15995.0321 (Trans LL -4.9361, Dir term -26.6483, Δ=-0.3092)
2025-09-24 01:47:11,984 - __main__ - DEBUG - Iter 3: ELBO after β update: -15995.2115 (Init LL -502.9143, Dir term -26.7259, logp(β) -15.8593, Δ=-0.1794)
2025-09-24 01:47:16,260 - __main__ - DEBUG - Iter 4: ELBO after FB: -15995.2115 (LL -4137.7708, Δ=0.0000)
2025-09-24 01:47:16,261 - __main__ - DEBUG - Blending stats with ρ_niw=0.0500, ρ_tr=0.0500.
2025-09-24 01:47:16,308 - __main__ - DEBUG - Iter 4: ELBO after NIW update: -15995.2115 (Emit LL -3629.9207, NIW term -11814.8555, Δ=0.0000)
2025-09-24 01:47:16,355 - __main__ - DEBUG - Iter 4: ELBO after Dirichlet update: -15995.5723 (Trans LL -4.9320, Dir term -27.0909, Δ=-0.3608)
2025-09-24 01:47:16,422 - __main__ - DEBUG - Iter 4: ELBO after β update: -15995.7509 (Init LL -502.9951, Dir term -27.1952, logp(β) -15.8529, Δ=-0.1785)
2025-09-24 01:47:16,423 - __main__ - INFO -    HMM refresh complete: ELBO=-129.2798, iters=0, max iters, states=40
2025-09-24 01:47:16,424 - __main__ - INFO -    ✅ HMM updated (next in 12,000 steps)
2025-09-24 01:47:16,424 - __main__ - INFO - 🔄 VAE refresh starting at step 52,224 with replay size 8x1536
2025-09-24 01:47:16,424 - __main__ - INFO -    Using span sampling (12288 timesteps, too large for full buffer)
2025-09-24 01:47:41,824 - __main__ - INFO -    VAE refresh complete: final_loss=2807.4392, avg_loss=2809.3050, steps=4/4, trend=improving, total_timesteps=12288, span_sampling=32_requested×4_steps, span_len=64
2025-09-24 01:47:41,826 - __main__ - INFO -    ✅ VAE updated (next in 12,000 steps)
2025-09-24 01:47:44,106 - __main__ - INFO - 📊 Episodes completed this rollout: 3
2025-09-24 01:47:44,106 - __main__ - INFO - 📈 Episode stats: avg return = 0.15, avg length = 238.0
2025-09-24 01:47:44,107 - __main__ - INFO - 🎯 Top 3 training actions: #2(9122), #1(8123), #0(7797)
2025-09-24 01:47:47,383 - __main__ - INFO - 📊 Episodes completed this rollout: 3
2025-09-24 01:47:47,383 - __main__ - INFO - 📈 Episode stats: avg return = 0.48, avg length = 167.0
2025-09-24 01:47:47,383 - __main__ - INFO - 🎯 Top 3 training actions: #2(9369), #1(8318), #0(7864)
2025-09-24 01:47:50,769 - __main__ - INFO - 📊 Episodes completed this rollout: 6
2025-09-24 01:47:50,769 - __main__ - INFO - 📈 Episode stats: avg return = -0.10, avg length = 251.7
2025-09-24 01:47:50,769 - __main__ - INFO - 🎯 Top 3 training actions: #2(9596), #1(8527), #0(7919)
2025-09-24 01:47:54,080 - __main__ - INFO - 📊 Episodes completed this rollout: 6
2025-09-24 01:47:54,080 - __main__ - INFO - 📈 Episode stats: avg return = 0.49, avg length = 188.7
2025-09-24 01:47:54,080 - __main__ - INFO - 🎯 Top 3 training actions: #2(9851), #1(8696), #0(7991)
2025-09-24 01:47:57,388 - __main__ - INFO - 📊 Episodes completed this rollout: 4
2025-09-24 01:47:57,388 - __main__ - INFO - 📈 Episode stats: avg return = 0.23, avg length = 267.0
2025-09-24 01:47:57,388 - __main__ - INFO - 🎯 Top 3 training actions: #2(10158), #1(8856), #0(8063)
2025-09-24 01:48:00,680 - __main__ - INFO - 📊 Episodes completed this rollout: 4
2025-09-24 01:48:00,681 - __main__ - INFO - 📈 Episode stats: avg return = 0.27, avg length = 235.8
2025-09-24 01:48:00,681 - __main__ - INFO - 🎯 Top 3 training actions: #2(10510), #1(8988), #0(8155)
2025-09-24 01:48:04,006 - __main__ - INFO - 📊 Episodes completed this rollout: 4
2025-09-24 01:48:04,006 - __main__ - INFO - 📈 Episode stats: avg return = -0.02, avg length = 229.8
2025-09-24 01:48:04,007 - __main__ - INFO - 🎯 Top 3 training actions: #2(10802), #1(9099), #0(8241)
2025-09-24 01:48:07,315 - __main__ - INFO - 📊 Episodes completed this rollout: 3
2025-09-24 01:48:07,316 - __main__ - INFO - 📈 Episode stats: avg return = -0.49, avg length = 300.0
2025-09-24 01:48:07,316 - __main__ - INFO - 🎯 Top 3 training actions: #2(11046), #1(9212), #7(8433)
2025-09-24 01:48:08,341 - __main__ - INFO - 🧪 Starting evaluation with 50 episodes...
2025-09-24 01:48:08,341 - __main__ - INFO -    Eval seed: 51
2025-09-24 01:48:08,341 - __main__ - INFO -    Max episode steps (eval): env default
2025-09-24 01:48:08,342 - nle.env.base - INFO - Not saving any NLE data.
2025-09-24 01:48:09,947 - __main__ - DEBUG - 🎯 Eval HMM masking: step 150 masked due to negative reward
2025-09-24 01:48:11,505 - __main__ - WARNING - ⚠️ Episode 1 terminated due to step limit.
2025-09-24 01:48:19,832 - __main__ - WARNING - ⚠️ Episode 4 terminated due to step limit.
2025-09-24 01:48:23,161 - __main__ - WARNING - ⚠️ Episode 5 terminated due to step limit.
2025-09-24 01:48:26,449 - __main__ - WARNING - ⚠️ Episode 6 terminated due to step limit.
2025-09-24 01:48:27,142 - __main__ - DEBUG - 🎯 Eval HMM masking: step 50 masked due to negative reward
2025-09-24 01:48:29,764 - __main__ - WARNING - ⚠️ Episode 7 terminated due to step limit.
2025-09-24 01:48:31,491 - __main__ - DEBUG - 🎯 Eval HMM masking: step 150 masked due to negative reward
2025-09-24 01:48:33,051 - __main__ - WARNING - ⚠️ Episode 8 terminated due to step limit.
2025-09-24 01:48:36,386 - __main__ - WARNING - ⚠️ Episode 9 terminated due to step limit.
2025-09-24 01:48:39,922 - __main__ - WARNING - ⚠️ Episode 11 terminated due to step limit.
2025-09-24 01:48:46,747 - __main__ - DEBUG - 🎯 Eval HMM masking: step 100 masked due to negative reward
2025-09-24 01:48:48,801 - __main__ - WARNING - ⚠️ Episode 15 terminated due to step limit.
2025-09-24 01:48:52,155 - __main__ - WARNING - ⚠️ Episode 16 terminated due to step limit.
2025-09-24 01:48:55,633 - __main__ - WARNING - ⚠️ Episode 17 terminated due to step limit.
2025-09-24 01:48:58,015 - __main__ - DEBUG - 🎯 Eval HMM masking: step 200 masked due to negative reward
2025-09-24 01:48:59,109 - __main__ - WARNING - ⚠️ Episode 18 terminated due to step limit.
2025-09-24 01:49:00,399 - __main__ - DEBUG - 🎯 Eval HMM masking: step 100 masked due to negative reward
2025-09-24 01:49:02,072 - __main__ - DEBUG - 🎯 Eval HMM masking: step 250 masked due to negative reward
2025-09-24 01:49:02,618 - __main__ - WARNING - ⚠️ Episode 19 terminated due to step limit.
2025-09-24 01:49:03,350 - __main__ - DEBUG - 🎯 Eval HMM masking: step 50 masked due to negative reward
2025-09-24 01:49:08,751 - __main__ - WARNING - ⚠️ Episode 21 terminated due to step limit.
2025-09-24 01:49:12,676 - __main__ - WARNING - ⚠️ Episode 23 terminated due to step limit.
2025-09-24 01:49:15,976 - __main__ - WARNING - ⚠️ Episode 24 terminated due to step limit.
2025-09-24 01:49:16,675 - __main__ - DEBUG - 🎯 Eval HMM masking: step 50 masked due to negative reward
2025-09-24 01:49:20,841 - __main__ - WARNING - ⚠️ Episode 26 terminated due to step limit.
2025-09-24 01:49:24,203 - __main__ - WARNING - ⚠️ Episode 27 terminated due to step limit.
2025-09-24 01:49:27,508 - __main__ - WARNING - ⚠️ Episode 28 terminated due to step limit.
2025-09-24 01:49:29,260 - __main__ - DEBUG - 🎯 Eval HMM masking: step 50 masked due to negative reward
2025-09-24 01:49:31,315 - __main__ - DEBUG - 🎯 Eval HMM masking: step 150 masked due to negative reward
2025-09-24 01:49:32,860 - __main__ - WARNING - ⚠️ Episode 31 terminated due to step limit.
2025-09-24 01:49:40,326 - __main__ - WARNING - ⚠️ Episode 35 terminated due to step limit.
2025-09-24 01:49:42,034 - __main__ - DEBUG - 🎯 Eval HMM masking: step 150 masked due to negative reward
2025-09-24 01:49:42,547 - __main__ - DEBUG - 🎯 Eval HMM masking: step 200 masked due to negative reward
2025-09-24 01:49:43,575 - __main__ - WARNING - ⚠️ Episode 36 terminated due to step limit.
2025-09-24 01:49:44,780 - __main__ - DEBUG - 🎯 Eval HMM masking: step 100 masked due to negative reward
2025-09-24 01:49:46,951 - __main__ - WARNING - ⚠️ Episode 37 terminated due to step limit.
2025-09-24 01:49:53,347 - __main__ - DEBUG - 🎯 Eval HMM masking: step 250 masked due to negative reward
2025-09-24 01:49:53,855 - __main__ - WARNING - ⚠️ Episode 40 terminated due to step limit.
2025-09-24 01:49:55,083 - __main__ - DEBUG - 🎯 Eval HMM masking: step 100 masked due to negative reward
2025-09-24 01:49:56,120 - __main__ - DEBUG - 🎯 Eval HMM masking: step 200 masked due to negative reward
2025-09-24 01:49:57,165 - __main__ - WARNING - ⚠️ Episode 41 terminated due to step limit.
2025-09-24 01:50:00,424 - __main__ - WARNING - ⚠️ Episode 42 terminated due to step limit.
2025-09-24 01:50:05,315 - __main__ - DEBUG - 🎯 Eval HMM masking: step 50 masked due to negative reward
2025-09-24 01:50:06,347 - __main__ - DEBUG - 🎯 Eval HMM masking: step 150 masked due to negative reward
2025-09-24 01:50:06,861 - __main__ - DEBUG - 🎯 Eval HMM masking: step 200 masked due to negative reward
2025-09-24 01:50:07,905 - __main__ - WARNING - ⚠️ Episode 45 terminated due to step limit.
2025-09-24 01:50:13,718 - __main__ - WARNING - ⚠️ Episode 47 terminated due to step limit.
2025-09-24 01:50:16,945 - __main__ - WARNING - ⚠️ Episode 48 terminated due to step limit.
2025-09-24 01:50:20,242 - __main__ - WARNING - ⚠️ Episode 49 terminated due to step limit.
2025-09-24 01:50:22,088 - __main__ - INFO - 📊 Evaluation Results (Current Round):
2025-09-24 01:50:22,088 - __main__ - INFO -    Episodes: 50
2025-09-24 01:50:22,088 - __main__ - INFO -    Time: 133.7s (2.7s/ep)
2025-09-24 01:50:22,088 - __main__ - INFO -    Average Return: 0.101 ± 0.629
2025-09-24 01:50:22,088 - __main__ - INFO -    Success Rate: 40.0%
2025-09-24 01:50:22,088 - __main__ - INFO -    Average Length: 241.6
2025-09-24 01:50:22,088 - __main__ - INFO -    Average Coverage: 82.7 positions
2025-09-24 01:50:22,088 - __main__ - INFO -    Episode Completions: 20 terminated (40.0%), 30 truncated (60.0%)
2025-09-24 01:50:22,089 - __main__ - INFO - 📈 Total Evaluation Statistics:
2025-09-24 01:50:22,089 - __main__ - INFO -    Total Episodes: 300
2025-09-24 01:50:22,089 - __main__ - INFO -    Total Average Return: 0.143 ± 0.652
2025-09-24 01:50:22,089 - __main__ - INFO -    Total Average Length: 221.9 ± 106.5
2025-09-24 01:50:22,089 - __main__ - INFO -    Total Completions: 132 terminated (44.0%), 168 truncated (56.0%)
2025-09-24 01:50:22,089 - __main__ - INFO -    Skill Entropy: 0.001
2025-09-24 01:50:22,089 - __main__ - INFO -    Used Skills: 1.0
2025-09-24 01:50:22,089 - __main__ - INFO -    Effective K: 1.00
2025-09-24 01:50:22,089 - __main__ - INFO - 🎯 Action Usage Statistics:
2025-09-24 01:50:22,089 - __main__ - INFO -    Unique actions in evaluation: 8
2025-09-24 01:50:22,089 - __main__ - INFO -    Unique actions in training: 8
2025-09-24 01:50:22,090 - __main__ - INFO -    Total unique actions: 8
2025-09-24 01:50:22,090 - __main__ - INFO -    Action coverage: 6.6%
2025-09-24 01:50:22,090 - __main__ - INFO -    Train action count: 60416
2025-09-24 01:50:22,090 - __main__ - INFO -    Eval action count: 66581
2025-09-24 01:50:22,090 - __main__ - INFO -    Train action entropy: 2.048
2025-09-24 01:50:22,090 - __main__ - INFO -    Eval action entropy: 2.048
2025-09-24 01:50:22,091 - __main__ - INFO -    Top 3 train actions: #2(11046), #1(9212), #7(8433)
2025-09-24 01:50:22,091 - __main__ - INFO -    Top 3 eval actions: #2(11909), #0(10261), #1(9737)
2025-09-24 01:50:24,348 - __main__ - INFO - 📊 Episodes completed this rollout: 3
2025-09-24 01:50:24,349 - __main__ - INFO - 📈 Episode stats: avg return = -0.58, avg length = 300.0
2025-09-24 01:50:24,349 - __main__ - INFO - 🎯 Top 3 training actions: #2(11254), #1(9343), #7(8631)
2025-09-24 01:50:27,659 - __main__ - INFO - 📊 Episodes completed this rollout: 6
2025-09-24 01:50:27,660 - __main__ - INFO - 📈 Episode stats: avg return = 0.11, avg length = 273.8
2025-09-24 01:50:27,660 - __main__ - INFO - 🎯 Top 3 training actions: #2(11547), #1(9475), #7(8761)
2025-09-24 01:50:30,922 - __main__ - INFO - 📊 Episodes completed this rollout: 2
2025-09-24 01:50:30,922 - __main__ - INFO - 📈 Episode stats: avg return = -0.57, avg length = 300.0
2025-09-24 01:50:30,923 - __main__ - INFO - 🎯 Top 3 training actions: #2(11848), #1(9642), #7(8879)
2025-09-24 01:50:34,194 - __main__ - INFO - 📊 Episodes completed this rollout: 4
2025-09-24 01:50:34,195 - __main__ - INFO - 📈 Episode stats: avg return = -0.19, avg length = 295.5
2025-09-24 01:50:34,195 - __main__ - INFO - 🎯 Top 3 training actions: #2(12083), #1(9789), #7(9057)
2025-09-24 01:50:35,193 - __main__ - INFO - 🔄 Synchronized model update at step 64,512
2025-09-24 01:50:35,193 - __main__ - INFO -    HMM interval: 12,000, VAE interval: 12,000
2025-09-24 01:50:35,193 - __main__ - INFO - 🚫 Model training masking: 1548/12288 timesteps masked (12.6%) due to negative rewards (invalid actions)
2025-09-24 01:50:35,561 - __main__ - INFO - 🔄 Capping HMM batch size from 859 to 128 to prevent OOM
2025-09-24 01:50:35,561 - __main__ - INFO - 🔄 HMM refresh starting at step 64,512 with replay size 128x128
2025-09-24 01:50:42,703 - __main__ - DEBUG - Initial ELBO: -16271.1775
2025-09-24 01:50:42,708 - __main__ - DEBUG - Relative tol: 0.0100
2025-09-24 01:50:42,708 - __main__ - DEBUG - Relative elbo_drop_tol: 0.0100
2025-09-24 01:50:42,708 - __main__ - DEBUG - - Init -501.8919
2025-09-24 01:50:42,708 - __main__ - DEBUG - - Trans -6.5402
2025-09-24 01:50:42,708 - __main__ - DEBUG - - Emit -3906.1643
2025-09-24 01:50:42,708 - __main__ - DEBUG - - Entropy 0.0007
2025-09-24 01:50:42,708 - __main__ - DEBUG - - Dir -25.8726
2025-09-24 01:50:42,708 - __main__ - DEBUG - - NIW -11814.8555
2025-09-24 01:50:42,708 - __main__ - DEBUG - - Beta prior -15.8539
2025-09-24 01:50:50,208 - __main__ - DEBUG - Iter 0: ELBO after FB: -16271.1775 (LL -4414.5956, Δ=0.0000)
2025-09-24 01:50:50,209 - __main__ - DEBUG - Blending stats with ρ_niw=0.0500, ρ_tr=0.0500.
2025-09-24 01:50:50,258 - __main__ - DEBUG - Iter 0: ELBO after NIW update: -11425.4675 (Emit LL 1253.4793, NIW term -12128.7891, Δ=4845.7100)
2025-09-24 01:50:50,307 - __main__ - DEBUG - Iter 0: ELBO after Dirichlet update: -11425.4039 (Trans LL -6.4314, Dir term -25.9177, Δ=0.0636)
2025-09-24 01:50:50,376 - __main__ - DEBUG - Iter 0: ELBO after β update: -11425.9878 (Init LL -502.4451, Dir term -25.9375, logp(β) -15.8647, Δ=-0.5838)
2025-09-24 01:50:57,897 - __main__ - DEBUG - Iter 1: ELBO after FB: -11425.9878 (LL 744.6035, Δ=-0.0000)
2025-09-24 01:50:57,898 - __main__ - DEBUG - Blending stats with ρ_niw=0.0500, ρ_tr=0.0500.
2025-09-24 01:50:57,951 - __main__ - DEBUG - Iter 1: ELBO after NIW update: -11425.9878 (Emit LL 1253.4793, NIW term -12128.7891, Δ=0.0000)
2025-09-24 01:50:58,006 - __main__ - DEBUG - Iter 1: ELBO after Dirichlet update: -11426.0540 (Trans LL -6.4087, Dir term -26.0264, Δ=-0.0662)
2025-09-24 01:50:58,079 - __main__ - DEBUG - Iter 1: ELBO after β update: -11426.6155 (Init LL -502.9319, Dir term -26.0914, logp(β) -15.8745, Δ=-0.5616)
2025-09-24 01:51:05,895 - __main__ - DEBUG - Iter 2: ELBO after FB: -11426.6155 (LL 744.1394, Δ=0.0000)
2025-09-24 01:51:05,896 - __main__ - DEBUG - Blending stats with ρ_niw=0.0500, ρ_tr=0.0500.
2025-09-24 01:51:05,945 - __main__ - DEBUG - Iter 2: ELBO after NIW update: -11426.6155 (Emit LL 1253.4793, NIW term -12128.7891, Δ=0.0000)
2025-09-24 01:51:05,994 - __main__ - DEBUG - Iter 2: ELBO after Dirichlet update: -11426.8130 (Trans LL -6.3897, Dir term -26.3079, Δ=-0.1975)
2025-09-24 01:51:06,065 - __main__ - DEBUG - Iter 2: ELBO after β update: -11427.3108 (Init LL -503.3394, Dir term -26.3965, logp(β) -15.8762, Δ=-0.4978)
2025-09-24 01:51:13,651 - __main__ - DEBUG - Iter 3: ELBO after FB: -11427.3108 (LL 743.7509, Δ=0.0000)
2025-09-24 01:51:13,652 - __main__ - DEBUG - Blending stats with ρ_niw=0.0500, ρ_tr=0.0500.
2025-09-24 01:51:13,701 - __main__ - DEBUG - Iter 3: ELBO after NIW update: -11427.3108 (Emit LL 1253.4793, NIW term -12128.7891, Δ=0.0000)
2025-09-24 01:51:13,750 - __main__ - DEBUG - Iter 3: ELBO after Dirichlet update: -11427.6259 (Trans LL -6.3734, Dir term -26.7279, Δ=-0.3151)
2025-09-24 01:51:13,820 - __main__ - DEBUG - Iter 3: ELBO after β update: -11427.8413 (Init LL -503.4497, Dir term -26.8403, logp(β) -15.8689, Δ=-0.2153)
2025-09-24 01:51:21,348 - __main__ - DEBUG - Iter 4: ELBO after FB: -11427.8413 (LL 743.6569, Δ=0.0000)
2025-09-24 01:51:21,349 - __main__ - DEBUG - Blending stats with ρ_niw=0.0500, ρ_tr=0.0500.
2025-09-24 01:51:21,401 - __main__ - DEBUG - Iter 4: ELBO after NIW update: -11427.8413 (Emit LL 1253.4793, NIW term -12128.7891, Δ=0.0000)
2025-09-24 01:51:21,450 - __main__ - DEBUG - Iter 4: ELBO after Dirichlet update: -11428.2410 (Trans LL -6.3679, Dir term -27.2454, Δ=-0.3997)
2025-09-24 01:51:21,502 - __main__ - DEBUG - Iter 4: ELBO after β update: -11428.1620 (Init LL -503.3830, Dir term -27.2335, logp(β) -15.8686, Δ=0.0790)
2025-09-24 01:51:21,504 - __main__ - INFO -    HMM refresh complete: ELBO=-3.8973, iters=0, max iters, states=40
2025-09-24 01:51:21,504 - __main__ - INFO -    ✅ HMM updated (next in 12,000 steps)
2025-09-24 01:51:21,504 - __main__ - INFO - 🔄 VAE refresh starting at step 64,512 with replay size 8x1536
2025-09-24 01:51:21,505 - __main__ - INFO -    Using span sampling (12288 timesteps, too large for full buffer)
2025-09-24 01:51:47,743 - __main__ - INFO -    VAE refresh complete: final_loss=2800.6052, avg_loss=2807.6915, steps=4/4, trend=improving, total_timesteps=12288, span_sampling=32_requested×4_steps, span_len=64
2025-09-24 01:51:47,746 - __main__ - INFO -    ✅ VAE updated (next in 12,000 steps)
2025-09-24 01:51:50,016 - __main__ - INFO - 📊 Episodes completed this rollout: 3
2025-09-24 01:51:50,017 - __main__ - INFO - 📈 Episode stats: avg return = -0.09, avg length = 278.3
2025-09-24 01:51:50,017 - __main__ - INFO - 🎯 Top 3 training actions: #2(12304), #1(9965), #7(9229)
2025-09-24 01:51:53,315 - __main__ - INFO - 📊 Episodes completed this rollout: 5
2025-09-24 01:51:53,315 - __main__ - INFO - 📈 Episode stats: avg return = 0.17, avg length = 253.2
2025-09-24 01:51:53,316 - __main__ - INFO - 🎯 Top 3 training actions: #2(12503), #1(10143), #7(9448)
2025-09-24 01:51:56,641 - __main__ - INFO - 📊 Episodes completed this rollout: 5
2025-09-24 01:51:56,641 - __main__ - INFO - 📈 Episode stats: avg return = 0.11, avg length = 235.8
2025-09-24 01:51:56,641 - __main__ - INFO - 🎯 Top 3 training actions: #2(12685), #1(10326), #7(9727)
2025-09-24 01:51:59,924 - __main__ - INFO - 📊 Episodes completed this rollout: 5
2025-09-24 01:51:59,925 - __main__ - INFO - 📈 Episode stats: avg return = 0.28, avg length = 217.0
2025-09-24 01:51:59,925 - __main__ - INFO - 🎯 Top 3 training actions: #2(12867), #1(10512), #7(9955)
2025-09-24 01:52:03,220 - __main__ - INFO - 📊 Episodes completed this rollout: 1
2025-09-24 01:52:03,220 - __main__ - INFO - 📈 Episode stats: avg return = -0.48, avg length = 300.0
2025-09-24 01:52:03,221 - __main__ - INFO - 🎯 Top 3 training actions: #2(13041), #1(10717), #7(10143)
2025-09-24 01:52:06,501 - __main__ - INFO - 📊 Episodes completed this rollout: 7
2025-09-24 01:52:06,501 - __main__ - INFO - 📈 Episode stats: avg return = 0.16, avg length = 226.6
2025-09-24 01:52:06,501 - __main__ - INFO - 🎯 Top 3 training actions: #2(13227), #1(10936), #7(10270)
2025-09-24 01:52:07,501 - __main__ - INFO - 🧪 Starting evaluation with 50 episodes...
2025-09-24 01:52:07,501 - __main__ - INFO -    Eval seed: 51
2025-09-24 01:52:07,501 - __main__ - INFO -    Max episode steps (eval): env default
2025-09-24 01:52:07,502 - nle.env.base - INFO - Not saving any NLE data.
2025-09-24 01:52:11,158 - __main__ - WARNING - ⚠️ Episode 2 terminated due to step limit.
2025-09-24 01:52:14,413 - __main__ - WARNING - ⚠️ Episode 3 terminated due to step limit.
2025-09-24 01:52:16,627 - __main__ - DEBUG - 🎯 Eval HMM masking: step 100 masked due to negative reward
2025-09-24 01:52:18,723 - __main__ - WARNING - ⚠️ Episode 5 terminated due to step limit.
2025-09-24 01:52:23,072 - __main__ - WARNING - ⚠️ Episode 8 terminated due to step limit.
2025-09-24 01:52:29,192 - __main__ - WARNING - ⚠️ Episode 11 terminated due to step limit.
2025-09-24 01:52:30,614 - __main__ - DEBUG - 🎯 Eval HMM masking: step 100 masked due to negative reward
2025-09-24 01:52:31,129 - __main__ - DEBUG - 🎯 Eval HMM masking: step 150 masked due to negative reward
2025-09-24 01:52:32,732 - __main__ - WARNING - ⚠️ Episode 13 terminated due to step limit.
2025-09-24 01:52:35,728 - __main__ - DEBUG - 🎯 Eval HMM masking: step 50 masked due to negative reward
2025-09-24 01:52:36,757 - __main__ - DEBUG - 🎯 Eval HMM masking: step 150 masked due to negative reward
2025-09-24 01:52:38,293 - __main__ - WARNING - ⚠️ Episode 17 terminated due to step limit.
2025-09-24 01:52:41,532 - __main__ - WARNING - ⚠️ Episode 18 terminated due to step limit.
2025-09-24 01:52:43,253 - __main__ - DEBUG - 🎯 Eval HMM masking: step 150 masked due to negative reward
2025-09-24 01:52:43,768 - __main__ - DEBUG - 🎯 Eval HMM masking: step 200 masked due to negative reward
2025-09-24 01:52:44,791 - __main__ - WARNING - ⚠️ Episode 19 terminated due to step limit.
2025-09-24 01:52:47,012 - __main__ - DEBUG - 🎯 Eval HMM masking: step 200 masked due to negative reward
2025-09-24 01:52:47,530 - __main__ - DEBUG - 🎯 Eval HMM masking: step 250 masked due to negative reward
2025-09-24 01:52:48,040 - __main__ - WARNING - ⚠️ Episode 20 terminated due to step limit.
2025-09-24 01:52:51,283 - __main__ - WARNING - ⚠️ Episode 21 terminated due to step limit.
2025-09-24 01:52:54,529 - __main__ - WARNING - ⚠️ Episode 22 terminated due to step limit.
2025-09-24 01:52:58,125 - __main__ - WARNING - ⚠️ Episode 24 terminated due to step limit.
2025-09-24 01:53:01,447 - __main__ - WARNING - ⚠️ Episode 25 terminated due to step limit.
2025-09-24 01:53:04,889 - __main__ - WARNING - ⚠️ Episode 26 terminated due to step limit.
2025-09-24 01:53:09,068 - __main__ - DEBUG - 🎯 Eval HMM masking: step 150 masked due to negative reward
2025-09-24 01:53:10,615 - __main__ - WARNING - ⚠️ Episode 28 terminated due to step limit.
2025-09-24 01:53:14,770 - __main__ - WARNING - ⚠️ Episode 30 terminated due to step limit.
2025-09-24 01:53:18,567 - __main__ - WARNING - ⚠️ Episode 32 terminated due to step limit.
2025-09-24 01:53:21,883 - __main__ - WARNING - ⚠️ Episode 33 terminated due to step limit.
2025-09-24 01:53:24,654 - __main__ - DEBUG - 🎯 Eval HMM masking: step 250 masked due to negative reward
2025-09-24 01:53:25,163 - __main__ - WARNING - ⚠️ Episode 34 terminated due to step limit.
2025-09-24 01:53:31,428 - __main__ - WARNING - ⚠️ Episode 38 terminated due to step limit.
2025-09-24 01:53:33,668 - __main__ - DEBUG - 🎯 Eval HMM masking: step 200 masked due to negative reward
2025-09-24 01:53:34,714 - __main__ - WARNING - ⚠️ Episode 39 terminated due to step limit.
2025-09-24 01:53:37,482 - __main__ - DEBUG - 🎯 Eval HMM masking: step 250 masked due to negative reward
2025-09-24 01:53:37,992 - __main__ - WARNING - ⚠️ Episode 40 terminated due to step limit.
2025-09-24 01:53:41,250 - __main__ - WARNING - ⚠️ Episode 41 terminated due to step limit.
2025-09-24 01:53:42,958 - __main__ - DEBUG - 🎯 Eval HMM masking: step 150 masked due to negative reward
2025-09-24 01:53:43,474 - __main__ - DEBUG - 🎯 Eval HMM masking: step 200 masked due to negative reward
2025-09-24 01:53:43,988 - __main__ - DEBUG - 🎯 Eval HMM masking: step 250 masked due to negative reward
2025-09-24 01:53:44,496 - __main__ - WARNING - ⚠️ Episode 42 terminated due to step limit.
2025-09-24 01:53:46,722 - __main__ - DEBUG - 🎯 Eval HMM masking: step 200 masked due to negative reward
2025-09-24 01:53:47,243 - __main__ - DEBUG - 🎯 Eval HMM masking: step 250 masked due to negative reward
2025-09-24 01:53:47,758 - __main__ - WARNING - ⚠️ Episode 43 terminated due to step limit.
2025-09-24 01:53:50,508 - __main__ - DEBUG - 🎯 Eval HMM masking: step 250 masked due to negative reward
2025-09-24 01:53:51,017 - __main__ - WARNING - ⚠️ Episode 44 terminated due to step limit.
2025-09-24 01:53:52,217 - __main__ - DEBUG - 🎯 Eval HMM masking: step 100 masked due to negative reward
2025-09-24 01:53:53,770 - __main__ - DEBUG - 🎯 Eval HMM masking: step 250 masked due to negative reward
2025-09-24 01:53:54,280 - __main__ - WARNING - ⚠️ Episode 45 terminated due to step limit.
2025-09-24 01:53:57,525 - __main__ - WARNING - ⚠️ Episode 46 terminated due to step limit.
2025-09-24 01:54:01,209 - __main__ - DEBUG - 🎯 Eval HMM masking: step 250 masked due to negative reward
2025-09-24 01:54:01,740 - __main__ - WARNING - ⚠️ Episode 48 terminated due to step limit.
2025-09-24 01:54:04,988 - __main__ - WARNING - ⚠️ Episode 49 terminated due to step limit.
2025-09-24 01:54:08,282 - __main__ - WARNING - ⚠️ Episode 50 terminated due to step limit.
2025-09-24 01:54:08,443 - __main__ - INFO - 📊 Evaluation Results (Current Round):
2025-09-24 01:54:08,444 - __main__ - INFO -    Episodes: 50
2025-09-24 01:54:08,444 - __main__ - INFO -    Time: 120.9s (2.4s/ep)
2025-09-24 01:54:08,444 - __main__ - INFO -    Average Return: 0.085 ± 0.661
2025-09-24 01:54:08,444 - __main__ - INFO -    Success Rate: 36.0%
2025-09-24 01:54:08,444 - __main__ - INFO -    Average Length: 221.1
2025-09-24 01:54:08,444 - __main__ - INFO -    Average Coverage: 75.9 positions
2025-09-24 01:54:08,444 - __main__ - INFO -    Episode Completions: 18 terminated (36.0%), 32 truncated (64.0%)
2025-09-24 01:54:08,444 - __main__ - INFO - 📈 Total Evaluation Statistics:
2025-09-24 01:54:08,444 - __main__ - INFO -    Total Episodes: 350
2025-09-24 01:54:08,444 - __main__ - INFO -    Total Average Return: 0.135 ± 0.654
2025-09-24 01:54:08,445 - __main__ - INFO -    Total Average Length: 221.8 ± 107.0
2025-09-24 01:54:08,445 - __main__ - INFO -    Total Completions: 150 terminated (42.9%), 200 truncated (57.1%)
2025-09-24 01:54:08,445 - __main__ - INFO -    Skill Entropy: 0.001
2025-09-24 01:54:08,445 - __main__ - INFO -    Used Skills: 1.0
2025-09-24 01:54:08,445 - __main__ - INFO -    Effective K: 1.00
2025-09-24 01:54:08,445 - __main__ - INFO - 🎯 Action Usage Statistics:
2025-09-24 01:54:08,445 - __main__ - INFO -    Unique actions in evaluation: 8
2025-09-24 01:54:08,445 - __main__ - INFO -    Unique actions in training: 8
2025-09-24 01:54:08,445 - __main__ - INFO -    Total unique actions: 8
2025-09-24 01:54:08,445 - __main__ - INFO -    Action coverage: 6.6%
2025-09-24 01:54:08,446 - __main__ - INFO -    Train action count: 70656
2025-09-24 01:54:08,446 - __main__ - INFO -    Eval action count: 77634
2025-09-24 01:54:08,446 - __main__ - INFO -    Train action entropy: 2.044
2025-09-24 01:54:08,446 - __main__ - INFO -    Eval action entropy: 2.041
2025-09-24 01:54:08,447 - __main__ - INFO -    Top 3 train actions: #2(13227), #1(10936), #7(10270)
2025-09-24 01:54:08,447 - __main__ - INFO -    Top 3 eval actions: #2(14354), #1(12207), #0(11664)
2025-09-24 01:54:10,721 - __main__ - INFO - 📊 Episodes completed this rollout: 5
2025-09-24 01:54:10,721 - __main__ - INFO - 📈 Episode stats: avg return = 0.39, avg length = 152.4
2025-09-24 01:54:10,722 - __main__ - INFO - 🎯 Top 3 training actions: #2(13441), #1(11171), #7(10401)
2025-09-24 01:54:13,989 - __main__ - INFO - 📊 Episodes completed this rollout: 3
2025-09-24 01:54:13,989 - __main__ - INFO - 📈 Episode stats: avg return = -0.11, avg length = 278.0
2025-09-24 01:54:13,989 - __main__ - INFO - 🎯 Top 3 training actions: #2(13649), #1(11420), #7(10494)
2025-09-24 01:54:17,302 - __main__ - INFO - 📊 Episodes completed this rollout: 5
2025-09-24 01:54:17,302 - __main__ - INFO - 📈 Episode stats: avg return = -0.12, avg length = 296.0
2025-09-24 01:54:17,302 - __main__ - INFO - 🎯 Top 3 training actions: #2(13794), #1(11671), #7(10603)
2025-09-24 01:54:20,581 - __main__ - INFO - 📊 Episodes completed this rollout: 5
2025-09-24 01:54:20,581 - __main__ - INFO - 📈 Episode stats: avg return = 0.64, avg length = 142.0
2025-09-24 01:54:20,581 - __main__ - INFO - 🎯 Top 3 training actions: #2(13925), #1(11931), #7(10715)
2025-09-24 01:54:23,872 - __main__ - INFO - 📊 Episodes completed this rollout: 6
2025-09-24 01:54:23,872 - __main__ - INFO - 📈 Episode stats: avg return = 0.49, avg length = 242.7
2025-09-24 01:54:23,872 - __main__ - INFO - 🎯 Top 3 training actions: #2(14038), #1(12230), #7(10826)
2025-09-24 01:54:27,140 - __main__ - INFO - 📊 Episodes completed this rollout: 2
2025-09-24 01:54:27,140 - __main__ - INFO - 📈 Episode stats: avg return = -0.40, avg length = 300.0
2025-09-24 01:54:27,140 - __main__ - INFO - 🎯 Top 3 training actions: #2(14155), #1(12536), #7(10943)
2025-09-24 01:54:28,189 - __main__ - INFO - 🔄 Synchronized model update at step 76,800
2025-09-24 01:54:28,189 - __main__ - INFO -    HMM interval: 12,000, VAE interval: 12,000
2025-09-24 01:54:28,190 - __main__ - INFO - 🚫 Model training masking: 1416/12288 timesteps masked (11.5%) due to negative rewards (invalid actions)
2025-09-24 01:54:28,558 - __main__ - INFO - 🔄 Capping HMM batch size from 812 to 128 to prevent OOM
2025-09-24 01:54:28,559 - __main__ - INFO - 🔄 HMM refresh starting at step 76,800 with replay size 128x125
2025-09-24 01:54:35,803 - __main__ - DEBUG - Initial ELBO: -10225.7744
2025-09-24 01:54:35,807 - __main__ - DEBUG - Relative tol: 0.0100
2025-09-24 01:54:35,807 - __main__ - DEBUG - Relative elbo_drop_tol: 0.0100
2025-09-24 01:54:35,807 - __main__ - DEBUG - - Init -502.4451
2025-09-24 01:54:35,808 - __main__ - DEBUG - - Trans -6.5430
2025-09-24 01:54:35,808 - __main__ - DEBUG - - Emit 2453.8043
2025-09-24 01:54:35,808 - __main__ - DEBUG - - Entropy 0.0007
2025-09-24 01:54:35,808 - __main__ - DEBUG - - Dir -25.9375
2025-09-24 01:54:35,808 - __main__ - DEBUG - - NIW -12128.7891
2025-09-24 01:54:35,808 - __main__ - DEBUG - - Beta prior -15.8647
2025-09-24 01:54:43,179 - __main__ - DEBUG - Iter 0: ELBO after FB: -10225.7744 (LL 1944.8169, Δ=0.0000)
2025-09-24 01:54:43,180 - __main__ - DEBUG - Blending stats with ρ_niw=0.0500, ρ_tr=0.0500.
2025-09-24 01:54:43,229 - __main__ - DEBUG - Iter 0: ELBO after NIW update: -6428.8650 (Emit LL 6596.3124, NIW term -12474.3877, Δ=3796.9094)
2025-09-24 01:54:43,278 - __main__ - DEBUG - Iter 0: ELBO after Dirichlet update: -6428.8224 (Trans LL -6.4351, Dir term -26.0028, Δ=0.0426)
2025-09-24 01:54:43,345 - __main__ - DEBUG - Iter 0: ELBO after β update: -6429.3697 (Init LL -502.9650, Dir term -26.0191, logp(β) -15.8758, Δ=-0.5473)
2025-09-24 01:54:51,050 - __main__ - DEBUG - Iter 1: ELBO after FB: -6429.3697 (LL 6086.9130, Δ=0.0000)
2025-09-24 01:54:51,051 - __main__ - DEBUG - Blending stats with ρ_niw=0.0500, ρ_tr=0.0500.
2025-09-24 01:54:51,102 - __main__ - DEBUG - Iter 1: ELBO after NIW update: -6429.3697 (Emit LL 6596.3124, NIW term -12474.3877, Δ=0.0000)
2025-09-24 01:54:51,154 - __main__ - DEBUG - Iter 1: ELBO after Dirichlet update: -6429.4446 (Trans LL -6.4148, Dir term -26.1143, Δ=-0.0749)
2025-09-24 01:54:51,227 - __main__ - DEBUG - Iter 1: ELBO after β update: -6430.0270 (Init LL -503.4558, Dir term -26.1964, logp(β) -15.8853, Δ=-0.5824)
2025-09-24 01:54:58,889 - __main__ - DEBUG - Iter 2: ELBO after FB: -6430.0270 (LL 6086.4425, Δ=0.0000)
2025-09-24 01:54:58,890 - __main__ - DEBUG - Blending stats with ρ_niw=0.0500, ρ_tr=0.0500.
2025-09-24 01:54:58,939 - __main__ - DEBUG - Iter 2: ELBO after NIW update: -6430.0270 (Emit LL 6596.3124, NIW term -12474.3877, Δ=0.0000)
2025-09-24 01:54:58,988 - __main__ - DEBUG - Iter 2: ELBO after Dirichlet update: -6430.2144 (Trans LL -6.3936, Dir term -26.4051, Δ=-0.1874)
2025-09-24 01:54:59,056 - __main__ - DEBUG - Iter 2: ELBO after β update: -6430.7048 (Init LL -503.8586, Dir term -26.4912, logp(β) -15.8868, Δ=-0.4904)
2025-09-24 01:55:06,568 - __main__ - DEBUG - Iter 3: ELBO after FB: -6430.7048 (LL 6086.0609, Δ=0.0000)
2025-09-24 01:55:06,569 - __main__ - DEBUG - Blending stats with ρ_niw=0.0500, ρ_tr=0.0500.
2025-09-24 01:55:06,620 - __main__ - DEBUG - Iter 3: ELBO after NIW update: -6430.7048 (Emit LL 6596.3124, NIW term -12474.3877, Δ=0.0000)
2025-09-24 01:55:06,672 - __main__ - DEBUG - Iter 3: ELBO after Dirichlet update: -6431.0161 (Trans LL -6.3780, Dir term -26.8182, Δ=-0.3113)
2025-09-24 01:55:06,736 - __main__ - DEBUG - Iter 3: ELBO after β update: -6431.1032 (Init LL -503.8823, Dir term -26.8861, logp(β) -15.8823, Δ=-0.0871)
2025-09-24 01:55:14,630 - __main__ - DEBUG - Iter 4: ELBO after FB: -6431.1032 (LL 6086.0529, Δ=0.0000)
2025-09-24 01:55:14,631 - __main__ - DEBUG - Blending stats with ρ_niw=0.0500, ρ_tr=0.0500.
2025-09-24 01:55:14,681 - __main__ - DEBUG - Iter 4: ELBO after NIW update: -6431.1032 (Emit LL 6596.3124, NIW term -12474.3877, Δ=0.0000)
2025-09-24 01:55:14,730 - __main__ - DEBUG - Iter 4: ELBO after Dirichlet update: -6431.3276 (Trans LL -6.3780, Dir term -27.1104, Δ=-0.2244)
2025-09-24 01:55:14,789 - __main__ - DEBUG - Iter 4: ELBO after β update: -6431.3449 (Init LL -503.8947, Dir term -27.1187, logp(β) -15.8790, Δ=-0.0173)
2025-09-24 01:55:14,791 - __main__ - INFO -    HMM refresh complete: ELBO=5.1671, iters=0, max iters, states=40
2025-09-24 01:55:14,791 - __main__ - INFO -    ✅ HMM updated (next in 12,000 steps)
2025-09-24 01:55:14,791 - __main__ - INFO - 🔄 VAE refresh starting at step 76,800 with replay size 8x1536
2025-09-24 01:55:14,792 - __main__ - INFO -    Using span sampling (12288 timesteps, too large for full buffer)
2025-09-24 01:55:40,183 - __main__ - INFO -    VAE refresh complete: final_loss=2793.7600, avg_loss=2794.2800, steps=4/4, trend=improving, total_timesteps=12288, span_sampling=32_requested×4_steps, span_len=64
2025-09-24 01:55:40,185 - __main__ - INFO -    ✅ VAE updated (next in 12,000 steps)
2025-09-24 01:55:42,531 - __main__ - INFO - 📊 Episodes completed this rollout: 10
2025-09-24 01:55:42,532 - __main__ - INFO - 📈 Episode stats: avg return = 0.50, avg length = 172.6
2025-09-24 01:55:42,532 - __main__ - INFO - 🎯 Top 3 training actions: #2(14283), #1(12755), #7(11090)
2025-09-24 01:55:45,756 - __main__ - INFO - 📊 Episodes completed this rollout: 1
2025-09-24 01:55:45,756 - __main__ - INFO - 📈 Episode stats: avg return = 1.00, avg length = 35.0
2025-09-24 01:55:45,757 - __main__ - INFO - 🎯 Top 3 training actions: #2(14421), #1(12932), #7(11217)
2025-09-24 01:55:49,065 - __main__ - INFO - 📊 Episodes completed this rollout: 7
2025-09-24 01:55:49,065 - __main__ - INFO - 📈 Episode stats: avg return = -0.20, avg length = 274.6
2025-09-24 01:55:49,066 - __main__ - INFO - 🎯 Top 3 training actions: #2(14554), #1(13124), #7(11358)
2025-09-24 01:55:52,307 - __main__ - INFO - 📊 Episodes completed this rollout: 1
2025-09-24 01:55:52,307 - __main__ - INFO - 📈 Episode stats: avg return = -0.26, avg length = 300.0
2025-09-24 01:55:52,307 - __main__ - INFO - 🎯 Top 3 training actions: #2(14690), #1(13309), #7(11489)
2025-09-24 01:55:53,308 - __main__ - INFO - 🧪 Starting evaluation with 50 episodes...
2025-09-24 01:55:53,308 - __main__ - INFO -    Eval seed: 51
2025-09-24 01:55:53,308 - __main__ - INFO -    Max episode steps (eval): env default
2025-09-24 01:55:53,309 - nle.env.base - INFO - Not saving any NLE data.
2025-09-24 01:55:55,440 - __main__ - DEBUG - 🎯 Eval HMM masking: step 200 masked due to negative reward
2025-09-24 01:55:56,469 - __main__ - WARNING - ⚠️ Episode 1 terminated due to step limit.
2025-09-24 01:56:01,911 - __main__ - WARNING - ⚠️ Episode 3 terminated due to step limit.
2025-09-24 01:56:05,169 - __main__ - WARNING - ⚠️ Episode 4 terminated due to step limit.
2025-09-24 01:56:13,649 - __main__ - DEBUG - 🎯 Eval HMM masking: step 50 masked due to negative reward
2025-09-24 01:56:14,199 - __main__ - DEBUG - 🎯 Eval HMM masking: step 100 masked due to negative reward
2025-09-24 01:56:16,341 - __main__ - WARNING - ⚠️ Episode 11 terminated due to step limit.
2025-09-24 01:56:19,662 - __main__ - WARNING - ⚠️ Episode 12 terminated due to step limit.
2025-09-24 01:56:26,658 - __main__ - WARNING - ⚠️ Episode 16 terminated due to step limit.
2025-09-24 01:56:31,066 - __main__ - WARNING - ⚠️ Episode 18 terminated due to step limit.
2025-09-24 01:56:35,966 - __main__ - WARNING - ⚠️ Episode 20 terminated due to step limit.
2025-09-24 01:56:39,236 - __main__ - WARNING - ⚠️ Episode 21 terminated due to step limit.
2025-09-24 01:56:42,254 - __main__ - DEBUG - 🎯 Eval HMM masking: step 200 masked due to negative reward
2025-09-24 01:56:43,298 - __main__ - WARNING - ⚠️ Episode 23 terminated due to step limit.
2025-09-24 01:56:45,037 - __main__ - DEBUG - 🎯 Eval HMM masking: step 150 masked due to negative reward
2025-09-24 01:56:46,675 - __main__ - WARNING - ⚠️ Episode 24 terminated due to step limit.
2025-09-24 01:56:50,007 - __main__ - DEBUG - 🎯 Eval HMM masking: step 50 masked due to negative reward
2025-09-24 01:56:52,714 - __main__ - WARNING - ⚠️ Episode 26 terminated due to step limit.
2025-09-24 01:56:57,056 - __main__ - DEBUG - 🎯 Eval HMM masking: step 150 masked due to negative reward
2025-09-24 01:56:58,610 - __main__ - WARNING - ⚠️ Episode 28 terminated due to step limit.
2025-09-24 01:57:01,884 - __main__ - WARNING - ⚠️ Episode 29 terminated due to step limit.
2025-09-24 01:57:06,733 - __main__ - DEBUG - 🎯 Eval HMM masking: step 150 masked due to negative reward
2025-09-24 01:57:07,763 - __main__ - DEBUG - 🎯 Eval HMM masking: step 250 masked due to negative reward
2025-09-24 01:57:08,268 - __main__ - WARNING - ⚠️ Episode 32 terminated due to step limit.
2025-09-24 01:57:12,093 - __main__ - WARNING - ⚠️ Episode 34 terminated due to step limit.
2025-09-24 01:57:21,499 - __main__ - WARNING - ⚠️ Episode 42 terminated due to step limit.
2025-09-24 01:57:24,780 - __main__ - WARNING - ⚠️ Episode 43 terminated due to step limit.
2025-09-24 01:57:28,202 - __main__ - WARNING - ⚠️ Episode 45 terminated due to step limit.
2025-09-24 01:57:30,447 - __main__ - DEBUG - 🎯 Eval HMM masking: step 200 masked due to negative reward
2025-09-24 01:57:31,481 - __main__ - WARNING - ⚠️ Episode 46 terminated due to step limit.
2025-09-24 01:57:33,570 - __main__ - DEBUG - 🎯 Eval HMM masking: step 100 masked due to negative reward
2025-09-24 01:57:35,471 - __main__ - DEBUG - 🎯 Eval HMM masking: step 150 masked due to negative reward
2025-09-24 01:57:38,048 - __main__ - DEBUG - 🎯 Eval HMM masking: step 100 masked due to negative reward
2025-09-24 01:57:39,528 - __main__ - INFO - 📊 Evaluation Results (Current Round):
2025-09-24 01:57:39,528 - __main__ - INFO -    Episodes: 50
2025-09-24 01:57:39,528 - __main__ - INFO -    Time: 106.2s (2.1s/ep)
2025-09-24 01:57:39,528 - __main__ - INFO -    Average Return: 0.386 ± 0.611
2025-09-24 01:57:39,529 - __main__ - INFO -    Success Rate: 60.0%
2025-09-24 01:57:39,529 - __main__ - INFO -    Average Length: 193.1
2025-09-24 01:57:39,529 - __main__ - INFO -    Average Coverage: 67.9 positions
2025-09-24 01:57:39,529 - __main__ - INFO -    Episode Completions: 30 terminated (60.0%), 20 truncated (40.0%)
2025-09-24 01:57:39,529 - __main__ - INFO - 📈 Total Evaluation Statistics:
2025-09-24 01:57:39,529 - __main__ - INFO -    Total Episodes: 400
2025-09-24 01:57:39,529 - __main__ - INFO -    Total Average Return: 0.166 ± 0.654
2025-09-24 01:57:39,529 - __main__ - INFO -    Total Average Length: 218.2 ± 107.5
2025-09-24 01:57:39,529 - __main__ - INFO -    Total Completions: 180 terminated (45.0%), 220 truncated (55.0%)
2025-09-24 01:57:39,529 - __main__ - INFO -    Skill Entropy: 0.001
2025-09-24 01:57:39,529 - __main__ - INFO -    Used Skills: 1.0
2025-09-24 01:57:39,530 - __main__ - INFO -    Effective K: 1.00
2025-09-24 01:57:39,530 - __main__ - INFO - 🎯 Action Usage Statistics:
2025-09-24 01:57:39,530 - __main__ - INFO -    Unique actions in evaluation: 8
2025-09-24 01:57:39,530 - __main__ - INFO -    Unique actions in training: 8
2025-09-24 01:57:39,530 - __main__ - INFO -    Total unique actions: 8
2025-09-24 01:57:39,530 - __main__ - INFO -    Action coverage: 6.6%
2025-09-24 01:57:39,530 - __main__ - INFO -    Train action count: 80896
2025-09-24 01:57:39,530 - __main__ - INFO -    Eval action count: 87289
2025-09-24 01:57:39,530 - __main__ - INFO -    Train action entropy: 2.042
2025-09-24 01:57:39,531 - __main__ - INFO -    Eval action entropy: 2.040
2025-09-24 01:57:39,531 - __main__ - INFO -    Top 3 train actions: #2(14690), #1(13309), #7(11489)
2025-09-24 01:57:39,531 - __main__ - INFO -    Top 3 eval actions: #2(15938), #1(14156), #0(12976)
2025-09-24 01:57:41,811 - __main__ - INFO - 📊 Episodes completed this rollout: 7
2025-09-24 01:57:41,811 - __main__ - INFO - 📈 Episode stats: avg return = 0.24, avg length = 232.1
2025-09-24 01:57:41,812 - __main__ - INFO - 🎯 Top 3 training actions: #2(14870), #1(13518), #7(11629)
2025-09-24 01:57:45,067 - __main__ - INFO - 📊 Episodes completed this rollout: 3
2025-09-24 01:57:45,067 - __main__ - INFO - 📈 Episode stats: avg return = 0.42, avg length = 234.7
2025-09-24 01:57:45,067 - __main__ - INFO - 🎯 Top 3 training actions: #2(15019), #1(13717), #7(11745)
2025-09-24 01:57:48,371 - __main__ - INFO - 📊 Episodes completed this rollout: 1
2025-09-24 01:57:48,371 - __main__ - INFO - 📈 Episode stats: avg return = -0.67, avg length = 300.0
2025-09-24 01:57:48,371 - __main__ - INFO - 🎯 Top 3 training actions: #2(15162), #1(13958), #7(11860)
2025-09-24 01:57:51,703 - __main__ - INFO - 📊 Episodes completed this rollout: 8
2025-09-24 01:57:51,703 - __main__ - INFO - 📈 Episode stats: avg return = -0.20, avg length = 282.5
2025-09-24 01:57:51,704 - __main__ - INFO - 🎯 Top 3 training actions: #2(15323), #1(14125), #7(11985)
2025-09-24 01:57:54,954 - __main__ - INFO - 📊 Episodes completed this rollout: 4
2025-09-24 01:57:54,955 - __main__ - INFO - 📈 Episode stats: avg return = 0.96, avg length = 91.8
2025-09-24 01:57:54,955 - __main__ - INFO - 🎯 Top 3 training actions: #2(15482), #1(14289), #7(12117)
2025-09-24 01:57:58,237 - __main__ - INFO - 📊 Episodes completed this rollout: 6
2025-09-24 01:57:58,238 - __main__ - INFO - 📈 Episode stats: avg return = 0.29, avg length = 203.2
2025-09-24 01:57:58,238 - __main__ - INFO - 🎯 Top 3 training actions: #2(15620), #1(14442), #7(12250)
2025-09-24 01:58:01,549 - __main__ - INFO - 📊 Episodes completed this rollout: 4
2025-09-24 01:58:01,549 - __main__ - INFO - 📈 Episode stats: avg return = 0.19, avg length = 252.0
2025-09-24 01:58:01,549 - __main__ - INFO - 🎯 Top 3 training actions: #2(15773), #1(14594), #7(12400)
2025-09-24 01:58:04,858 - __main__ - INFO - 📊 Episodes completed this rollout: 4
2025-09-24 01:58:04,859 - __main__ - INFO - 📈 Episode stats: avg return = -0.06, avg length = 256.2
2025-09-24 01:58:04,859 - __main__ - INFO - 🎯 Top 3 training actions: #2(15903), #1(14733), #7(12521)
2025-09-24 01:58:05,864 - __main__ - INFO - 🔄 Synchronized model update at step 89,088
2025-09-24 01:58:05,865 - __main__ - INFO -    HMM interval: 12,000, VAE interval: 12,000
2025-09-24 01:58:05,865 - __main__ - INFO - 🚫 Model training masking: 1488/12288 timesteps masked (12.1%) due to negative rewards (invalid actions)
2025-09-24 01:58:06,245 - __main__ - INFO - 🔄 Capping HMM batch size from 1062 to 128 to prevent OOM
2025-09-24 01:58:06,245 - __main__ - INFO - 🔄 HMM refresh starting at step 89,088 with replay size 128x73
2025-09-24 01:58:10,554 - __main__ - DEBUG - Initial ELBO: -8040.3542
2025-09-24 01:58:10,556 - __main__ - DEBUG - Relative tol: 0.0100
2025-09-24 01:58:10,557 - __main__ - DEBUG - Relative elbo_drop_tol: 0.0100
2025-09-24 01:58:10,557 - __main__ - DEBUG - - Init -502.9650
2025-09-24 01:58:10,557 - __main__ - DEBUG - - Trans -4.1026
2025-09-24 01:58:10,557 - __main__ - DEBUG - - Emit 4982.9956
2025-09-24 01:58:10,557 - __main__ - DEBUG - - Entropy 0.0004
2025-09-24 01:58:10,557 - __main__ - DEBUG - - Dir -26.0191
2025-09-24 01:58:10,557 - __main__ - DEBUG - - NIW -12474.3877
2025-09-24 01:58:10,557 - __main__ - DEBUG - - Beta prior -15.8758
2025-09-24 01:58:15,215 - __main__ - DEBUG - Iter 0: ELBO after FB: -8040.3542 (LL 4475.9284, Δ=0.0000)
2025-09-24 01:58:15,216 - __main__ - DEBUG - Blending stats with ρ_niw=0.0500, ρ_tr=0.0500.
2025-09-24 01:58:15,263 - __main__ - DEBUG - Iter 0: ELBO after NIW update: -6509.1142 (Emit LL 6671.4974, NIW term -12631.6494, Δ=1531.2401)
2025-09-24 01:58:15,309 - __main__ - DEBUG - Iter 0: ELBO after Dirichlet update: -6509.0998 (Trans LL -4.1362, Dir term -25.9712, Δ=0.0144)
2025-09-24 01:58:15,372 - __main__ - DEBUG - Iter 0: ELBO after β update: -6509.6635 (Init LL -503.4831, Dir term -26.0055, logp(β) -15.8872, Δ=-0.5637)
2025-09-24 01:58:20,013 - __main__ - DEBUG - Iter 1: ELBO after FB: -6509.6635 (LL 6163.8786, Δ=0.0000)
2025-09-24 01:58:20,014 - __main__ - DEBUG - Blending stats with ρ_niw=0.0500, ρ_tr=0.0500.
2025-09-24 01:58:20,062 - __main__ - DEBUG - Iter 1: ELBO after NIW update: -6509.6635 (Emit LL 6671.4974, NIW term -12631.6494, Δ=0.0000)
2025-09-24 01:58:20,109 - __main__ - DEBUG - Iter 1: ELBO after Dirichlet update: -6509.7200 (Trans LL -4.1220, Dir term -26.0761, Δ=-0.0565)
2025-09-24 01:58:20,177 - __main__ - DEBUG - Iter 1: ELBO after β update: -6510.2689 (Init LL -503.9654, Dir term -26.1337, logp(β) -15.8963, Δ=-0.5490)
2025-09-24 01:58:24,667 - __main__ - DEBUG - Iter 2: ELBO after FB: -6510.2689 (LL 6163.4104, Δ=0.0000)
2025-09-24 01:58:24,668 - __main__ - DEBUG - Blending stats with ρ_niw=0.0500, ρ_tr=0.0500.
2025-09-24 01:58:24,715 - __main__ - DEBUG - Iter 2: ELBO after NIW update: -6510.2689 (Emit LL 6671.4974, NIW term -12631.6494, Δ=0.0000)
2025-09-24 01:58:24,762 - __main__ - DEBUG - Iter 2: ELBO after Dirichlet update: -6510.4780 (Trans LL -4.1103, Dir term -26.3545, Δ=-0.2091)
2025-09-24 01:58:24,825 - __main__ - DEBUG - Iter 2: ELBO after β update: -6510.9674 (Init LL -504.3571, Dir term -26.4510, logp(β) -15.8975, Δ=-0.4894)
2025-09-24 01:58:29,202 - __main__ - DEBUG - Iter 3: ELBO after FB: -6510.9674 (LL 6163.0305, Δ=0.0000)
2025-09-24 01:58:29,203 - __main__ - DEBUG - Blending stats with ρ_niw=0.0500, ρ_tr=0.0500.
2025-09-24 01:58:29,251 - __main__ - DEBUG - Iter 3: ELBO after NIW update: -6510.9674 (Emit LL 6671.4974, NIW term -12631.6494, Δ=0.0000)
2025-09-24 01:58:29,298 - __main__ - DEBUG - Iter 3: ELBO after Dirichlet update: -6511.2932 (Trans LL -4.0997, Dir term -26.7874, Δ=-0.3259)
2025-09-24 01:58:29,361 - __main__ - DEBUG - Iter 3: ELBO after β update: -6511.4947 (Init LL -504.4734, Dir term -26.8802, logp(β) -15.8899, Δ=-0.2014)
2025-09-24 01:58:33,895 - __main__ - DEBUG - Iter 4: ELBO after FB: -6511.4947 (LL 6162.9248, Δ=0.0000)
2025-09-24 01:58:33,895 - __main__ - DEBUG - Blending stats with ρ_niw=0.0500, ρ_tr=0.0500.
2025-09-24 01:58:33,944 - __main__ - DEBUG - Iter 4: ELBO after NIW update: -6511.4947 (Emit LL 6671.4974, NIW term -12631.6494, Δ=0.0000)
2025-09-24 01:58:33,992 - __main__ - DEBUG - Iter 4: ELBO after Dirichlet update: -6511.9181 (Trans LL -4.0968, Dir term -27.3065, Δ=-0.4235)
2025-09-24 01:58:34,049 - __main__ - DEBUG - Iter 4: ELBO after β update: -6511.8478 (Init LL -504.3701, Dir term -27.3425, logp(β) -15.8868, Δ=0.0703)
2025-09-24 01:58:34,050 - __main__ - INFO -    HMM refresh complete: ELBO=83.9089, iters=0, max iters, states=40
2025-09-24 01:58:34,051 - __main__ - INFO -    ✅ HMM updated (next in 12,000 steps)
2025-09-24 01:58:34,051 - __main__ - INFO - 🔄 VAE refresh starting at step 89,088 with replay size 8x1536
2025-09-24 01:58:34,051 - __main__ - INFO -    Using span sampling (12288 timesteps, too large for full buffer)
2025-09-24 01:58:59,691 - __main__ - INFO -    VAE refresh complete: final_loss=2774.7388, avg_loss=2777.5663, steps=4/4, trend=improving, total_timesteps=12288, span_sampling=32_requested×4_steps, span_len=64
2025-09-24 01:58:59,693 - __main__ - INFO -    ✅ VAE updated (next in 12,000 steps)
2025-09-24 01:59:02,063 - __main__ - INFO - 📊 Episodes completed this rollout: 4
2025-09-24 01:59:02,063 - __main__ - INFO - 📈 Episode stats: avg return = -0.32, avg length = 300.0
2025-09-24 01:59:02,063 - __main__ - INFO - 🎯 Top 3 training actions: #2(16015), #1(14871), #7(12652)
2025-09-24 01:59:03,071 - __main__ - INFO - 🧪 Starting evaluation with 50 episodes...
2025-09-24 01:59:03,071 - __main__ - INFO -    Eval seed: 51
2025-09-24 01:59:03,071 - __main__ - INFO -    Max episode steps (eval): env default
2025-09-24 01:59:03,072 - nle.env.base - INFO - Not saving any NLE data.
2025-09-24 01:59:04,708 - __main__ - DEBUG - 🎯 Eval HMM masking: step 150 masked due to negative reward
2025-09-24 01:59:06,406 - __main__ - WARNING - ⚠️ Episode 1 terminated due to step limit.
2025-09-24 01:59:08,129 - __main__ - DEBUG - 🎯 Eval HMM masking: step 150 masked due to negative reward
2025-09-24 01:59:09,683 - __main__ - WARNING - ⚠️ Episode 2 terminated due to step limit.
2025-09-24 01:59:10,886 - __main__ - DEBUG - 🎯 Eval HMM masking: step 100 masked due to negative reward
2025-09-24 01:59:12,988 - __main__ - WARNING - ⚠️ Episode 3 terminated due to step limit.
2025-09-24 01:59:22,019 - __main__ - DEBUG - 🎯 Eval HMM masking: step 250 masked due to negative reward
2025-09-24 01:59:22,545 - __main__ - WARNING - ⚠️ Episode 6 terminated due to step limit.
2025-09-24 01:59:26,364 - __main__ - WARNING - ⚠️ Episode 8 terminated due to step limit.
2025-09-24 01:59:27,053 - __main__ - DEBUG - 🎯 Eval HMM masking: step 50 masked due to negative reward
2025-09-24 01:59:29,684 - __main__ - WARNING - ⚠️ Episode 9 terminated due to step limit.
2025-09-24 01:59:33,007 - __main__ - WARNING - ⚠️ Episode 10 terminated due to step limit.
2025-09-24 01:59:35,849 - __main__ - DEBUG - 🎯 Eval HMM masking: step 250 masked due to negative reward
2025-09-24 01:59:36,367 - __main__ - WARNING - ⚠️ Episode 11 terminated due to step limit.
2025-09-24 01:59:41,692 - __main__ - DEBUG - 🎯 Eval HMM masking: step 200 masked due to negative reward
2025-09-24 01:59:42,717 - __main__ - WARNING - ⚠️ Episode 14 terminated due to step limit.
2025-09-24 01:59:49,000 - __main__ - WARNING - ⚠️ Episode 17 terminated due to step limit.
2025-09-24 01:59:51,269 - __main__ - DEBUG - 🎯 Eval HMM masking: step 200 masked due to negative reward
2025-09-24 01:59:52,357 - __main__ - WARNING - ⚠️ Episode 18 terminated due to step limit.
2025-09-24 01:59:57,759 - __main__ - WARNING - ⚠️ Episode 20 terminated due to step limit.
2025-09-24 02:00:00,541 - __main__ - DEBUG - 🎯 Eval HMM masking: step 250 masked due to negative reward
2025-09-24 02:00:01,057 - __main__ - WARNING - ⚠️ Episode 21 terminated due to step limit.
2025-09-24 02:00:04,426 - __main__ - WARNING - ⚠️ Episode 22 terminated due to step limit.
2025-09-24 02:00:07,781 - __main__ - WARNING - ⚠️ Episode 23 terminated due to step limit.
2025-09-24 02:00:08,988 - __main__ - DEBUG - 🎯 Eval HMM masking: step 100 masked due to negative reward
2025-09-24 02:00:11,060 - __main__ - WARNING - ⚠️ Episode 24 terminated due to step limit.
2025-09-24 02:00:14,352 - __main__ - WARNING - ⚠️ Episode 25 terminated due to step limit.
2025-09-24 02:00:19,020 - __main__ - WARNING - ⚠️ Episode 27 terminated due to step limit.
2025-09-24 02:00:21,282 - __main__ - DEBUG - 🎯 Eval HMM masking: step 200 masked due to negative reward
2025-09-24 02:00:22,320 - __main__ - WARNING - ⚠️ Episode 28 terminated due to step limit.
2025-09-24 02:00:25,625 - __main__ - WARNING - ⚠️ Episode 29 terminated due to step limit.
2025-09-24 02:00:28,909 - __main__ - WARNING - ⚠️ Episode 30 terminated due to step limit.
2025-09-24 02:00:30,668 - __main__ - DEBUG - 🎯 Eval HMM masking: step 150 masked due to negative reward
2025-09-24 02:00:32,226 - __main__ - WARNING - ⚠️ Episode 32 terminated due to step limit.
2025-09-24 02:00:33,435 - __main__ - DEBUG - 🎯 Eval HMM masking: step 100 masked due to negative reward
2025-09-24 02:00:33,962 - __main__ - DEBUG - 🎯 Eval HMM masking: step 150 masked due to negative reward
2025-09-24 02:00:35,543 - __main__ - WARNING - ⚠️ Episode 33 terminated due to step limit.
2025-09-24 02:00:37,449 - __main__ - DEBUG - 🎯 Eval HMM masking: step 100 masked due to negative reward
2025-09-24 02:00:40,440 - __main__ - DEBUG - 🎯 Eval HMM masking: step 150 masked due to negative reward
2025-09-24 02:00:40,974 - __main__ - DEBUG - 🎯 Eval HMM masking: step 200 masked due to negative reward
2025-09-24 02:00:42,022 - __main__ - WARNING - ⚠️ Episode 36 terminated due to step limit.
2025-09-24 02:00:44,333 - __main__ - DEBUG - 🎯 Eval HMM masking: step 200 masked due to negative reward
2025-09-24 02:00:45,372 - __main__ - WARNING - ⚠️ Episode 37 terminated due to step limit.
2025-09-24 02:00:48,804 - __main__ - WARNING - ⚠️ Episode 38 terminated due to step limit.
2025-09-24 02:00:50,018 - __main__ - DEBUG - 🎯 Eval HMM masking: step 100 masked due to negative reward
2025-09-24 02:00:51,110 - __main__ - DEBUG - 🎯 Eval HMM masking: step 200 masked due to negative reward
2025-09-24 02:00:51,633 - __main__ - DEBUG - 🎯 Eval HMM masking: step 250 masked due to negative reward
2025-09-24 02:00:52,147 - __main__ - WARNING - ⚠️ Episode 39 terminated due to step limit.
2025-09-24 02:00:55,512 - __main__ - WARNING - ⚠️ Episode 40 terminated due to step limit.
2025-09-24 02:00:56,721 - __main__ - DEBUG - 🎯 Eval HMM masking: step 100 masked due to negative reward
2025-09-24 02:00:57,242 - __main__ - DEBUG - 🎯 Eval HMM masking: step 150 masked due to negative reward
2025-09-24 02:00:58,815 - __main__ - WARNING - ⚠️ Episode 41 terminated due to step limit.
2025-09-24 02:01:01,614 - __main__ - DEBUG - 🎯 Eval HMM masking: step 250 masked due to negative reward
2025-09-24 02:01:02,127 - __main__ - WARNING - ⚠️ Episode 42 terminated due to step limit.
2025-09-24 02:01:05,414 - __main__ - WARNING - ⚠️ Episode 43 terminated due to step limit.
2025-09-24 02:01:08,703 - __main__ - WARNING - ⚠️ Episode 44 terminated due to step limit.
2025-09-24 02:01:09,908 - __main__ - DEBUG - 🎯 Eval HMM masking: step 100 masked due to negative reward
2025-09-24 02:01:18,982 - __main__ - WARNING - ⚠️ Episode 49 terminated due to step limit.
2025-09-24 02:01:22,286 - __main__ - WARNING - ⚠️ Episode 50 terminated due to step limit.
2025-09-24 02:01:22,441 - __main__ - INFO - 📊 Evaluation Results (Current Round):
2025-09-24 02:01:22,441 - __main__ - INFO -    Episodes: 50
2025-09-24 02:01:22,441 - __main__ - INFO -    Time: 139.4s (2.8s/ep)
2025-09-24 02:01:22,441 - __main__ - INFO -    Average Return: 0.002 ± 0.597
2025-09-24 02:01:22,441 - __main__ - INFO -    Success Rate: 32.0%
2025-09-24 02:01:22,441 - __main__ - INFO -    Average Length: 251.2
2025-09-24 02:01:22,441 - __main__ - INFO -    Average Coverage: 83.3 positions
2025-09-24 02:01:22,441 - __main__ - INFO -    Episode Completions: 16 terminated (32.0%), 34 truncated (68.0%)
2025-09-24 02:01:22,441 - __main__ - INFO - 📈 Total Evaluation Statistics:
2025-09-24 02:01:22,442 - __main__ - INFO -    Total Episodes: 450
2025-09-24 02:01:22,442 - __main__ - INFO -    Total Average Return: 0.148 ± 0.650
2025-09-24 02:01:22,442 - __main__ - INFO -    Total Average Length: 221.9 ± 106.2
2025-09-24 02:01:22,442 - __main__ - INFO -    Total Completions: 196 terminated (43.6%), 254 truncated (56.4%)
2025-09-24 02:01:22,442 - __main__ - INFO -    Skill Entropy: 0.001
2025-09-24 02:01:22,442 - __main__ - INFO -    Used Skills: 1.0
2025-09-24 02:01:22,442 - __main__ - INFO -    Effective K: 1.00
2025-09-24 02:01:22,442 - __main__ - INFO - 🎯 Action Usage Statistics:
2025-09-24 02:01:22,442 - __main__ - INFO -    Unique actions in evaluation: 8
2025-09-24 02:01:22,442 - __main__ - INFO -    Unique actions in training: 8
2025-09-24 02:01:22,442 - __main__ - INFO -    Total unique actions: 8
2025-09-24 02:01:22,442 - __main__ - INFO -    Action coverage: 6.6%
2025-09-24 02:01:22,443 - __main__ - INFO -    Train action count: 90112
2025-09-24 02:01:22,443 - __main__ - INFO -    Eval action count: 99850
2025-09-24 02:01:22,443 - __main__ - INFO -    Train action entropy: 2.046
2025-09-24 02:01:22,443 - __main__ - INFO -    Eval action entropy: 2.052
2025-09-24 02:01:22,444 - __main__ - INFO -    Top 3 train actions: #2(16015), #1(14871), #7(12652)
2025-09-24 02:01:22,444 - __main__ - INFO -    Top 3 eval actions: #2(17168), #1(15775), #0(14384)
2025-09-24 02:01:24,685 - __main__ - INFO - 📊 Episodes completed this rollout: 3
2025-09-24 02:01:24,685 - __main__ - INFO - 📈 Episode stats: avg return = 0.53, avg length = 171.7
2025-09-24 02:01:24,685 - __main__ - INFO - 🎯 Top 3 training actions: #2(16124), #1(15013), #7(12769)
2025-09-24 02:01:28,069 - __main__ - INFO - 📊 Episodes completed this rollout: 5
2025-09-24 02:01:28,069 - __main__ - INFO - 📈 Episode stats: avg return = -0.11, avg length = 255.4
2025-09-24 02:01:28,070 - __main__ - INFO - 🎯 Top 3 training actions: #2(16208), #1(15140), #7(12868)
2025-09-24 02:01:31,331 - __main__ - INFO - 📊 Episodes completed this rollout: 5
2025-09-24 02:01:31,331 - __main__ - INFO - 📈 Episode stats: avg return = 0.37, avg length = 222.0
2025-09-24 02:01:31,331 - __main__ - INFO - 🎯 Top 3 training actions: #2(16301), #1(15293), #7(12978)
2025-09-24 02:01:34,614 - __main__ - INFO - 📊 Episodes completed this rollout: 6
2025-09-24 02:01:34,614 - __main__ - INFO - 📈 Episode stats: avg return = 0.34, avg length = 189.3
2025-09-24 02:01:34,614 - __main__ - INFO - 🎯 Top 3 training actions: #2(16392), #1(15414), #7(13125)
2025-09-24 02:01:37,868 - __main__ - INFO - 📊 Episodes completed this rollout: 6
2025-09-24 02:01:37,868 - __main__ - INFO - 📈 Episode stats: avg return = 0.42, avg length = 195.7
2025-09-24 02:01:37,869 - __main__ - INFO - 🎯 Top 3 training actions: #2(16488), #1(15562), #7(13232)
2025-09-24 02:01:41,126 - __main__ - INFO - 📊 Episodes completed this rollout: 3
2025-09-24 02:01:41,127 - __main__ - INFO - 📈 Episode stats: avg return = 0.74, avg length = 184.3
2025-09-24 02:01:41,127 - __main__ - INFO - 🎯 Top 3 training actions: #2(16581), #1(15723), #7(13367)
2025-09-24 02:01:44,395 - __main__ - INFO - 📊 Episodes completed this rollout: 6
2025-09-24 02:01:44,395 - __main__ - INFO - 📈 Episode stats: avg return = 0.25, avg length = 242.3
2025-09-24 02:01:44,395 - __main__ - INFO - 🎯 Top 3 training actions: #2(16713), #1(15912), #7(13481)
2025-09-24 02:01:47,648 - __main__ - INFO - 📊 Episodes completed this rollout: 4
2025-09-24 02:01:47,648 - __main__ - INFO - 📈 Episode stats: avg return = -0.10, avg length = 244.5
2025-09-24 02:01:47,648 - __main__ - INFO - 🎯 Top 3 training actions: #2(16846), #1(16080), #7(13600)
2025-09-24 02:01:50,884 - __main__ - INFO - 📊 Episodes completed this rollout: 3
2025-09-24 02:01:50,884 - __main__ - INFO - 📈 Episode stats: avg return = 0.49, avg length = 212.0
2025-09-24 02:01:50,885 - __main__ - INFO - 🎯 Top 3 training actions: #2(16953), #1(16248), #7(13728)
2025-09-24 02:01:54,171 - __main__ - INFO - 📊 Episodes completed this rollout: 6
2025-09-24 02:01:54,171 - __main__ - INFO - 📈 Episode stats: avg return = 0.08, avg length = 209.0
2025-09-24 02:01:54,171 - __main__ - INFO - 🎯 Top 3 training actions: #2(17085), #1(16411), #7(13831)
2025-09-24 02:01:55,177 - __main__ - INFO - 🧪 Starting evaluation with 50 episodes...
2025-09-24 02:01:55,177 - __main__ - INFO -    Eval seed: 51
2025-09-24 02:01:55,177 - __main__ - INFO -    Max episode steps (eval): env default
2025-09-24 02:01:55,178 - nle.env.base - INFO - Not saving any NLE data.
2025-09-24 02:01:56,780 - __main__ - DEBUG - 🎯 Eval HMM masking: step 150 masked due to negative reward
2025-09-24 02:01:58,412 - __main__ - WARNING - ⚠️ Episode 1 terminated due to step limit.
2025-09-24 02:02:04,096 - __main__ - WARNING - ⚠️ Episode 3 terminated due to step limit.
2025-09-24 02:02:14,049 - __main__ - WARNING - ⚠️ Episode 7 terminated due to step limit.
2025-09-24 02:02:15,773 - __main__ - DEBUG - 🎯 Eval HMM masking: step 150 masked due to negative reward
2025-09-24 02:02:17,327 - __main__ - WARNING - ⚠️ Episode 8 terminated due to step limit.
2025-09-24 02:02:18,537 - __main__ - DEBUG - 🎯 Eval HMM masking: step 100 masked due to negative reward
2025-09-24 02:02:20,616 - __main__ - WARNING - ⚠️ Episode 9 terminated due to step limit.
2025-09-24 02:02:24,152 - __main__ - DEBUG - 🎯 Eval HMM masking: step 50 masked due to negative reward
2025-09-24 02:02:24,681 - __main__ - DEBUG - 🎯 Eval HMM masking: step 100 masked due to negative reward
2025-09-24 02:02:29,169 - __main__ - WARNING - ⚠️ Episode 12 terminated due to step limit.
2025-09-24 02:02:35,310 - __main__ - WARNING - ⚠️ Episode 14 terminated due to step limit.
2025-09-24 02:02:36,014 - __main__ - DEBUG - 🎯 Eval HMM masking: step 50 masked due to negative reward
2025-09-24 02:02:38,111 - __main__ - DEBUG - 🎯 Eval HMM masking: step 100 masked due to negative reward
2025-09-24 02:02:40,179 - __main__ - WARNING - ⚠️ Episode 16 terminated due to step limit.
2025-09-24 02:02:42,949 - __main__ - DEBUG - 🎯 Eval HMM masking: step 250 masked due to negative reward
2025-09-24 02:02:43,588 - __main__ - WARNING - ⚠️ Episode 17 terminated due to step limit.
2025-09-24 02:02:46,893 - __main__ - WARNING - ⚠️ Episode 18 terminated due to step limit.
2025-09-24 02:02:47,578 - __main__ - DEBUG - 🎯 Eval HMM masking: step 50 masked due to negative reward
2025-09-24 02:02:48,616 - __main__ - DEBUG - 🎯 Eval HMM masking: step 150 masked due to negative reward
2025-09-24 02:02:50,086 - __main__ - DEBUG - 🎯 Eval HMM masking: step 100 masked due to negative reward
2025-09-24 02:02:53,796 - __main__ - WARNING - ⚠️ Episode 21 terminated due to step limit.
2025-09-24 02:02:55,000 - __main__ - DEBUG - 🎯 Eval HMM masking: step 100 masked due to negative reward
2025-09-24 02:02:57,062 - __main__ - WARNING - ⚠️ Episode 22 terminated due to step limit.
2025-09-24 02:02:59,817 - __main__ - DEBUG - 🎯 Eval HMM masking: step 250 masked due to negative reward
2025-09-24 02:03:00,340 - __main__ - WARNING - ⚠️ Episode 23 terminated due to step limit.
2025-09-24 02:03:03,607 - __main__ - WARNING - ⚠️ Episode 24 terminated due to step limit.
2025-09-24 02:03:06,850 - __main__ - WARNING - ⚠️ Episode 25 terminated due to step limit.
2025-09-24 02:03:09,658 - __main__ - DEBUG - 🎯 Eval HMM masking: step 250 masked due to negative reward
2025-09-24 02:03:10,170 - __main__ - WARNING - ⚠️ Episode 26 terminated due to step limit.
2025-09-24 02:03:13,423 - __main__ - WARNING - ⚠️ Episode 27 terminated due to step limit.
2025-09-24 02:03:17,394 - __main__ - DEBUG - 🎯 Eval HMM masking: step 150 masked due to negative reward
2025-09-24 02:03:18,960 - __main__ - WARNING - ⚠️ Episode 30 terminated due to step limit.
2025-09-24 02:03:22,252 - __main__ - WARNING - ⚠️ Episode 31 terminated due to step limit.
2025-09-24 02:03:27,247 - __main__ - WARNING - ⚠️ Episode 33 terminated due to step limit.
2025-09-24 02:03:31,632 - __main__ - DEBUG - 🎯 Eval HMM masking: step 250 masked due to negative reward
2025-09-24 02:03:32,169 - __main__ - WARNING - ⚠️ Episode 35 terminated due to step limit.
2025-09-24 02:03:35,654 - __main__ - WARNING - ⚠️ Episode 37 terminated due to step limit.
2025-09-24 02:03:37,470 - __main__ - DEBUG - 🎯 Eval HMM masking: step 150 masked due to negative reward
2025-09-24 02:03:39,114 - __main__ - WARNING - ⚠️ Episode 38 terminated due to step limit.
2025-09-24 02:03:41,486 - __main__ - DEBUG - 🎯 Eval HMM masking: step 200 masked due to negative reward
2025-09-24 02:03:42,584 - __main__ - WARNING - ⚠️ Episode 39 terminated due to step limit.
2025-09-24 02:03:44,965 - __main__ - DEBUG - 🎯 Eval HMM masking: step 200 masked due to negative reward
2025-09-24 02:03:48,485 - __main__ - DEBUG - 🎯 Eval HMM masking: step 200 masked due to negative reward
2025-09-24 02:03:49,571 - __main__ - WARNING - ⚠️ Episode 42 terminated due to step limit.
2025-09-24 02:03:53,058 - __main__ - WARNING - ⚠️ Episode 43 terminated due to step limit.
2025-09-24 02:03:56,545 - __main__ - WARNING - ⚠️ Episode 44 terminated due to step limit.
2025-09-24 02:03:59,998 - __main__ - WARNING - ⚠️ Episode 45 terminated due to step limit.
2025-09-24 02:04:02,762 - __main__ - DEBUG - 🎯 Eval HMM masking: step 100 masked due to negative reward
2025-09-24 02:04:04,944 - __main__ - WARNING - ⚠️ Episode 47 terminated due to step limit.
2025-09-24 02:04:06,663 - __main__ - DEBUG - 🎯 Eval HMM masking: step 150 masked due to negative reward
2025-09-24 02:04:07,707 - __main__ - DEBUG - 🎯 Eval HMM masking: step 250 masked due to negative reward
2025-09-24 02:04:08,220 - __main__ - WARNING - ⚠️ Episode 48 terminated due to step limit.
2025-09-24 02:04:11,477 - __main__ - WARNING - ⚠️ Episode 49 terminated due to step limit.
2025-09-24 02:04:14,733 - __main__ - WARNING - ⚠️ Episode 50 terminated due to step limit.
2025-09-24 02:04:14,891 - __main__ - INFO - 📊 Evaluation Results (Current Round):
2025-09-24 02:04:14,891 - __main__ - INFO -    Episodes: 50
2025-09-24 02:04:14,891 - __main__ - INFO -    Time: 139.7s (2.8s/ep)
2025-09-24 02:04:14,891 - __main__ - INFO -    Average Return: 0.069 ± 0.575
2025-09-24 02:04:14,892 - __main__ - INFO -    Success Rate: 36.0%
2025-09-24 02:04:14,892 - __main__ - INFO -    Average Length: 251.2
2025-09-24 02:04:14,892 - __main__ - INFO -    Average Coverage: 84.8 positions
2025-09-24 02:04:14,892 - __main__ - INFO -    Episode Completions: 18 terminated (36.0%), 32 truncated (64.0%)
2025-09-24 02:04:14,892 - __main__ - INFO - 📈 Total Evaluation Statistics:
2025-09-24 02:04:14,892 - __main__ - INFO -    Total Episodes: 500
2025-09-24 02:04:14,892 - __main__ - INFO -    Total Average Return: 0.140 ± 0.643
2025-09-24 02:04:14,892 - __main__ - INFO -    Total Average Length: 224.8 ± 104.5
2025-09-24 02:04:14,892 - __main__ - INFO -    Total Completions: 214 terminated (42.8%), 286 truncated (57.2%)
2025-09-24 02:04:14,892 - __main__ - INFO -    Skill Entropy: 0.001
2025-09-24 02:04:14,892 - __main__ - INFO -    Used Skills: 1.0
2025-09-24 02:04:14,893 - __main__ - INFO -    Effective K: 1.00
2025-09-24 02:04:14,893 - __main__ - INFO - 🎯 Action Usage Statistics:
2025-09-24 02:04:14,893 - __main__ - INFO -    Unique actions in evaluation: 8
2025-09-24 02:04:14,893 - __main__ - INFO -    Unique actions in training: 8
2025-09-24 02:04:14,893 - __main__ - INFO -    Total unique actions: 8
2025-09-24 02:04:14,893 - __main__ - INFO -    Action coverage: 6.6%
2025-09-24 02:04:14,893 - __main__ - INFO -    Train action count: 100352
2025-09-24 02:04:14,893 - __main__ - INFO -    Eval action count: 112408
2025-09-24 02:04:14,893 - __main__ - INFO -    Train action entropy: 2.053
2025-09-24 02:04:14,894 - __main__ - INFO -    Eval action entropy: 2.056
2025-09-24 02:04:14,894 - __main__ - INFO -    Top 3 train actions: #2(17085), #1(16411), #7(13831)
2025-09-24 02:04:14,894 - __main__ - INFO -    Top 3 eval actions: #2(18676), #1(17711), #0(16036)
2025-09-24 02:04:17,151 - __main__ - INFO - 📊 Episodes completed this rollout: 5
2025-09-24 02:04:17,152 - __main__ - INFO - 📈 Episode stats: avg return = 0.41, avg length = 217.6
2025-09-24 02:04:17,152 - __main__ - INFO - 🎯 Top 3 training actions: #2(17220), #1(16581), #7(13956)
2025-09-24 02:04:18,164 - __main__ - INFO - 🔄 Synchronized model update at step 101,376
2025-09-24 02:04:18,165 - __main__ - INFO -    HMM interval: 12,000, VAE interval: 12,000
2025-09-24 02:04:18,165 - __main__ - INFO - 🚫 Model training masking: 1020/12288 timesteps masked (8.3%) due to negative rewards (invalid actions)
2025-09-24 02:04:18,536 - __main__ - INFO - 🔄 Capping HMM batch size from 716 to 128 to prevent OOM
2025-09-24 02:04:18,537 - __main__ - INFO - 🔄 HMM refresh starting at step 101,376 with replay size 128x127
2025-09-24 02:04:25,840 - __main__ - DEBUG - Initial ELBO: -5428.5156
2025-09-24 02:04:25,844 - __main__ - DEBUG - Relative tol: 0.0100
2025-09-24 02:04:25,845 - __main__ - DEBUG - Relative elbo_drop_tol: 0.0100
2025-09-24 02:04:25,845 - __main__ - DEBUG - - Init -503.4831
2025-09-24 02:04:25,845 - __main__ - DEBUG - - Trans -4.5588
2025-09-24 02:04:25,845 - __main__ - DEBUG - - Emit 7753.0676
2025-09-24 02:04:25,845 - __main__ - DEBUG - - Entropy 0.0007
2025-09-24 02:04:25,845 - __main__ - DEBUG - - Dir -26.0055
2025-09-24 02:04:25,845 - __main__ - DEBUG - - NIW -12631.6494
2025-09-24 02:04:25,845 - __main__ - DEBUG - - Beta prior -15.8872
2025-09-24 02:04:33,362 - __main__ - DEBUG - Iter 0: ELBO after FB: -5428.5156 (LL 7245.0264, Δ=0.0000)
2025-09-24 02:04:33,363 - __main__ - DEBUG - Blending stats with ρ_niw=0.0500, ρ_tr=0.0500.
2025-09-24 02:04:33,414 - __main__ - DEBUG - Iter 0: ELBO after NIW update: -3558.3285 (Emit LL 9831.6678, NIW term -12840.0625, Δ=1870.1871)
2025-09-24 02:04:33,476 - __main__ - DEBUG - Iter 0: ELBO after Dirichlet update: -3558.2784 (Trans LL -4.5744, Dir term -25.9398, Δ=0.0501)
2025-09-24 02:04:33,545 - __main__ - DEBUG - Iter 0: ELBO after β update: -3558.8378 (Init LL -504.0009, Dir term -25.9699, logp(β) -15.8987, Δ=-0.5594)
2025-09-24 02:04:41,335 - __main__ - DEBUG - Iter 1: ELBO after FB: -3558.8378 (LL 9323.0933, Δ=0.0000)
2025-09-24 02:04:41,336 - __main__ - DEBUG - Blending stats with ρ_niw=0.0500, ρ_tr=0.0500.
2025-09-24 02:04:41,386 - __main__ - DEBUG - Iter 1: ELBO after NIW update: -3558.8378 (Emit LL 9831.6678, NIW term -12840.0625, Δ=0.0000)
2025-09-24 02:04:41,435 - __main__ - DEBUG - Iter 1: ELBO after Dirichlet update: -3558.9201 (Trans LL -4.5595, Dir term -26.0671, Δ=-0.0823)
2025-09-24 02:04:41,505 - __main__ - DEBUG - Iter 1: ELBO after β update: -3559.4586 (Init LL -504.4717, Dir term -26.1262, logp(β) -15.9072, Δ=-0.5385)
2025-09-24 02:04:49,129 - __main__ - DEBUG - Iter 2: ELBO after FB: -3559.4586 (LL 9322.6374, Δ=0.0000)
2025-09-24 02:04:49,130 - __main__ - DEBUG - Blending stats with ρ_niw=0.0500, ρ_tr=0.0500.
2025-09-24 02:04:49,182 - __main__ - DEBUG - Iter 2: ELBO after NIW update: -3559.4586 (Emit LL 9831.6678, NIW term -12840.0625, Δ=0.0000)
2025-09-24 02:04:49,233 - __main__ - DEBUG - Iter 2: ELBO after Dirichlet update: -3559.6618 (Trans LL -4.5465, Dir term -26.3424, Δ=-0.2032)
2025-09-24 02:04:49,304 - __main__ - DEBUG - Iter 2: ELBO after β update: -3560.1309 (Init LL -504.8468, Dir term -26.4357, logp(β) -15.9080, Δ=-0.4692)
2025-09-24 02:04:56,793 - __main__ - DEBUG - Iter 3: ELBO after FB: -3560.1309 (LL 9322.2753, Δ=0.0000)
2025-09-24 02:04:56,794 - __main__ - DEBUG - Blending stats with ρ_niw=0.0500, ρ_tr=0.0500.
2025-09-24 02:04:56,844 - __main__ - DEBUG - Iter 3: ELBO after NIW update: -3560.1309 (Emit LL 9831.6678, NIW term -12840.0625, Δ=0.0000)
2025-09-24 02:04:56,899 - __main__ - DEBUG - Iter 3: ELBO after Dirichlet update: -3560.4641 (Trans LL -4.5355, Dir term -26.7799, Δ=-0.3332)
2025-09-24 02:04:56,981 - __main__ - DEBUG - Iter 3: ELBO after β update: -3560.6636 (Init LL -504.9608, Dir term -26.8729, logp(β) -15.9004, Δ=-0.1995)
2025-09-24 02:05:04,759 - __main__ - DEBUG - Iter 4: ELBO after FB: -3560.6636 (LL 9322.1723, Δ=0.0000)
2025-09-24 02:05:04,760 - __main__ - DEBUG - Blending stats with ρ_niw=0.0500, ρ_tr=0.0500.
2025-09-24 02:05:04,810 - __main__ - DEBUG - Iter 4: ELBO after NIW update: -3560.6636 (Emit LL 9831.6678, NIW term -12840.0625, Δ=0.0000)
2025-09-24 02:05:04,859 - __main__ - DEBUG - Iter 4: ELBO after Dirichlet update: -3561.0843 (Trans LL -4.5323, Dir term -27.2968, Δ=-0.4207)
2025-09-24 02:05:04,913 - __main__ - DEBUG - Iter 4: ELBO after β update: -3560.9972 (Init LL -504.8817, Dir term -27.2896, logp(β) -15.8997, Δ=0.0870)
2025-09-24 02:05:04,915 - __main__ - INFO -    HMM refresh complete: ELBO=9.0092, iters=0, max iters, states=40
2025-09-24 02:05:04,915 - __main__ - INFO -    ✅ HMM updated (next in 12,000 steps)
2025-09-24 02:05:04,915 - __main__ - INFO - 🔄 VAE refresh starting at step 101,376 with replay size 8x1536
2025-09-24 02:05:04,916 - __main__ - INFO -    Using span sampling (12288 timesteps, too large for full buffer)
2025-09-24 02:05:31,292 - __main__ - INFO -    VAE refresh complete: final_loss=2769.0417, avg_loss=2776.1277, steps=4/4, trend=improving, total_timesteps=12288, span_sampling=32_requested×4_steps, span_len=64
2025-09-24 02:05:31,294 - __main__ - INFO -    ✅ VAE updated (next in 12,000 steps)
2025-09-24 02:05:33,527 - __main__ - INFO - 📊 Episodes completed this rollout: 2
2025-09-24 02:05:33,528 - __main__ - INFO - 📈 Episode stats: avg return = -0.25, avg length = 300.0
2025-09-24 02:05:33,528 - __main__ - INFO - 🎯 Top 3 training actions: #2(17355), #1(16745), #7(14073)
2025-09-24 02:05:36,806 - __main__ - INFO - 📊 Episodes completed this rollout: 6
2025-09-24 02:05:36,807 - __main__ - INFO - 📈 Episode stats: avg return = 0.28, avg length = 209.0
2025-09-24 02:05:36,807 - __main__ - INFO - 🎯 Top 3 training actions: #2(17480), #1(16912), #7(14179)
2025-09-24 02:05:40,136 - __main__ - INFO - 📊 Episodes completed this rollout: 7
2025-09-24 02:05:40,136 - __main__ - INFO - 📈 Episode stats: avg return = 0.58, avg length = 118.6
2025-09-24 02:05:40,137 - __main__ - INFO - 🎯 Top 3 training actions: #2(17606), #1(17060), #7(14324)
2025-09-24 02:05:43,417 - __main__ - INFO - 📊 Episodes completed this rollout: 5
2025-09-24 02:05:43,418 - __main__ - INFO - 📈 Episode stats: avg return = -0.44, avg length = 300.0
2025-09-24 02:05:43,418 - __main__ - INFO - 🎯 Top 3 training actions: #2(17745), #1(17203), #7(14442)
2025-09-24 02:05:46,669 - __main__ - INFO - 📊 Episodes completed this rollout: 3
2025-09-24 02:05:46,669 - __main__ - INFO - 📈 Episode stats: avg return = -0.25, avg length = 300.0
2025-09-24 02:05:46,669 - __main__ - INFO - 🎯 Top 3 training actions: #2(17863), #1(17328), #7(14575)
2025-09-24 02:05:49,916 - __main__ - INFO - 📊 Episodes completed this rollout: 4
2025-09-24 02:05:49,916 - __main__ - INFO - 📈 Episode stats: avg return = 0.26, avg length = 271.2
2025-09-24 02:05:49,916 - __main__ - INFO - 🎯 Top 3 training actions: #2(17977), #1(17448), #7(14705)
2025-09-24 02:05:53,159 - __main__ - INFO - 📊 Episodes completed this rollout: 3
2025-09-24 02:05:53,159 - __main__ - INFO - 📈 Episode stats: avg return = 0.52, avg length = 227.3
2025-09-24 02:05:53,159 - __main__ - INFO - 🎯 Top 3 training actions: #2(18086), #1(17555), #7(14836)
2025-09-24 02:05:56,446 - __main__ - INFO - 📊 Episodes completed this rollout: 7
2025-09-24 02:05:56,446 - __main__ - INFO - 📈 Episode stats: avg return = 0.25, avg length = 212.3
2025-09-24 02:05:56,446 - __main__ - INFO - 🎯 Top 3 training actions: #2(18215), #1(17692), #7(14975)
2025-09-24 02:05:59,698 - __main__ - INFO - 📊 Episodes completed this rollout: 5
2025-09-24 02:05:59,698 - __main__ - INFO - 📈 Episode stats: avg return = 0.47, avg length = 172.4
2025-09-24 02:05:59,698 - __main__ - INFO - 🎯 Top 3 training actions: #2(18349), #1(17814), #7(15112)
2025-09-24 02:06:00,695 - __main__ - INFO - 🧪 Starting evaluation with 50 episodes...
2025-09-24 02:06:00,695 - __main__ - INFO -    Eval seed: 51
2025-09-24 02:06:00,695 - __main__ - INFO -    Max episode steps (eval): env default
2025-09-24 02:06:00,696 - nle.env.base - INFO - Not saving any NLE data.
2025-09-24 02:06:02,856 - __main__ - DEBUG - 🎯 Eval HMM masking: step 200 masked due to negative reward
2025-09-24 02:06:03,905 - __main__ - WARNING - ⚠️ Episode 1 terminated due to step limit.
2025-09-24 02:06:07,714 - __main__ - WARNING - ⚠️ Episode 3 terminated due to step limit.
2025-09-24 02:06:10,979 - __main__ - WARNING - ⚠️ Episode 4 terminated due to step limit.
2025-09-24 02:06:16,907 - __main__ - DEBUG - 🎯 Eval HMM masking: step 150 masked due to negative reward
2025-09-24 02:06:18,444 - __main__ - WARNING - ⚠️ Episode 8 terminated due to step limit.
2025-09-24 02:06:24,271 - __main__ - DEBUG - 🎯 Eval HMM masking: step 150 masked due to negative reward
2025-09-24 02:06:25,812 - __main__ - WARNING - ⚠️ Episode 11 terminated due to step limit.
2025-09-24 02:06:29,803 - __main__ - WARNING - ⚠️ Episode 13 terminated due to step limit.
2025-09-24 02:06:33,051 - __main__ - WARNING - ⚠️ Episode 14 terminated due to step limit.
2025-09-24 02:06:33,737 - __main__ - DEBUG - 🎯 Eval HMM masking: step 50 masked due to negative reward
2025-09-24 02:06:34,772 - __main__ - DEBUG - 🎯 Eval HMM masking: step 150 masked due to negative reward
2025-09-24 02:06:36,345 - __main__ - WARNING - ⚠️ Episode 15 terminated due to step limit.
2025-09-24 02:06:40,166 - __main__ - DEBUG - 🎯 Eval HMM masking: step 150 masked due to negative reward
2025-09-24 02:06:40,739 - __main__ - DEBUG - 🎯 Eval HMM masking: step 200 masked due to negative reward
2025-09-24 02:06:42,854 - __main__ - DEBUG - 🎯 Eval HMM masking: step 150 masked due to negative reward
2025-09-24 02:06:44,384 - __main__ - WARNING - ⚠️ Episode 19 terminated due to step limit.
2025-09-24 02:06:47,553 - __main__ - DEBUG - 🎯 Eval HMM masking: step 100 masked due to negative reward
2025-09-24 02:06:49,600 - __main__ - WARNING - ⚠️ Episode 22 terminated due to step limit.
2025-09-24 02:06:52,883 - __main__ - WARNING - ⚠️ Episode 23 terminated due to step limit.
2025-09-24 02:06:54,597 - __main__ - DEBUG - 🎯 Eval HMM masking: step 150 masked due to negative reward
2025-09-24 02:06:56,146 - __main__ - WARNING - ⚠️ Episode 24 terminated due to step limit.
2025-09-24 02:06:59,419 - __main__ - WARNING - ⚠️ Episode 25 terminated due to step limit.
2025-09-24 02:07:03,299 - __main__ - WARNING - ⚠️ Episode 27 terminated due to step limit.
2025-09-24 02:07:05,628 - __main__ - DEBUG - 🎯 Eval HMM masking: step 200 masked due to negative reward
2025-09-24 02:07:06,666 - __main__ - WARNING - ⚠️ Episode 28 terminated due to step limit.
2025-09-24 02:07:10,179 - __main__ - WARNING - ⚠️ Episode 30 terminated due to step limit.
2025-09-24 02:07:13,559 - __main__ - WARNING - ⚠️ Episode 31 terminated due to step limit.
2025-09-24 02:07:14,827 - __main__ - DEBUG - 🎯 Eval HMM masking: step 100 masked due to negative reward
2025-09-24 02:07:17,004 - __main__ - WARNING - ⚠️ Episode 32 terminated due to step limit.
2025-09-24 02:07:22,781 - __main__ - DEBUG - 🎯 Eval HMM masking: step 200 masked due to negative reward
2025-09-24 02:07:23,869 - __main__ - WARNING - ⚠️ Episode 35 terminated due to step limit.
2025-09-24 02:07:28,144 - __main__ - DEBUG - 🎯 Eval HMM masking: step 250 masked due to negative reward
2025-09-24 02:07:28,679 - __main__ - WARNING - ⚠️ Episode 38 terminated due to step limit.
2025-09-24 02:07:29,936 - __main__ - DEBUG - 🎯 Eval HMM masking: step 100 masked due to negative reward
2025-09-24 02:07:31,020 - __main__ - DEBUG - 🎯 Eval HMM masking: step 200 masked due to negative reward
2025-09-24 02:07:32,092 - __main__ - WARNING - ⚠️ Episode 39 terminated due to step limit.
2025-09-24 02:07:35,516 - __main__ - WARNING - ⚠️ Episode 40 terminated due to step limit.
2025-09-24 02:07:40,122 - __main__ - WARNING - ⚠️ Episode 42 terminated due to step limit.
2025-09-24 02:07:41,349 - __main__ - DEBUG - 🎯 Eval HMM masking: step 100 masked due to negative reward
2025-09-24 02:07:43,443 - __main__ - WARNING - ⚠️ Episode 43 terminated due to step limit.
2025-09-24 02:07:44,143 - __main__ - DEBUG - 🎯 Eval HMM masking: step 50 masked due to negative reward
2025-09-24 02:07:44,670 - __main__ - DEBUG - 🎯 Eval HMM masking: step 100 masked due to negative reward
2025-09-24 02:07:48,188 - __main__ - DEBUG - 🎯 Eval HMM masking: step 100 masked due to negative reward
2025-09-24 02:07:52,449 - __main__ - WARNING - ⚠️ Episode 47 terminated due to step limit.
2025-09-24 02:07:55,905 - __main__ - WARNING - ⚠️ Episode 48 terminated due to step limit.
2025-09-24 02:07:56,630 - __main__ - DEBUG - 🎯 Eval HMM masking: step 50 masked due to negative reward
2025-09-24 02:07:58,271 - __main__ - DEBUG - 🎯 Eval HMM masking: step 200 masked due to negative reward
2025-09-24 02:07:59,360 - __main__ - WARNING - ⚠️ Episode 49 terminated due to step limit.
2025-09-24 02:08:02,808 - __main__ - WARNING - ⚠️ Episode 50 terminated due to step limit.
2025-09-24 02:08:02,974 - __main__ - INFO - 📊 Evaluation Results (Current Round):
2025-09-24 02:08:02,974 - __main__ - INFO -    Episodes: 50
2025-09-24 02:08:02,974 - __main__ - INFO -    Time: 122.3s (2.4s/ep)
2025-09-24 02:08:02,975 - __main__ - INFO -    Average Return: 0.170 ± 0.630
2025-09-24 02:08:02,975 - __main__ - INFO -    Success Rate: 44.0%
2025-09-24 02:08:02,975 - __main__ - INFO -    Average Length: 220.0
2025-09-24 02:08:02,975 - __main__ - INFO -    Average Coverage: 78.1 positions
2025-09-24 02:08:02,975 - __main__ - INFO -    Episode Completions: 22 terminated (44.0%), 28 truncated (56.0%)
2025-09-24 02:08:02,975 - __main__ - INFO - 📈 Total Evaluation Statistics:
2025-09-24 02:08:02,975 - __main__ - INFO -    Total Episodes: 550
2025-09-24 02:08:02,975 - __main__ - INFO -    Total Average Return: 0.143 ± 0.642
2025-09-24 02:08:02,975 - __main__ - INFO -    Total Average Length: 224.4 ± 104.5
2025-09-24 02:08:02,975 - __main__ - INFO -    Total Completions: 236 terminated (42.9%), 314 truncated (57.1%)
2025-09-24 02:08:02,976 - __main__ - INFO -    Skill Entropy: 0.001
2025-09-24 02:08:02,976 - __main__ - INFO -    Used Skills: 1.0
2025-09-24 02:08:02,976 - __main__ - INFO -    Effective K: 1.00
2025-09-24 02:08:02,976 - __main__ - INFO - 🎯 Action Usage Statistics:
2025-09-24 02:08:02,976 - __main__ - INFO -    Unique actions in evaluation: 8
2025-09-24 02:08:02,976 - __main__ - INFO -    Unique actions in training: 8
2025-09-24 02:08:02,976 - __main__ - INFO -    Total unique actions: 8
2025-09-24 02:08:02,976 - __main__ - INFO -    Action coverage: 6.6%
2025-09-24 02:08:02,976 - __main__ - INFO -    Train action count: 110592
2025-09-24 02:08:02,976 - __main__ - INFO -    Eval action count: 123407
2025-09-24 02:08:02,977 - __main__ - INFO -    Train action entropy: 2.056
2025-09-24 02:08:02,977 - __main__ - INFO -    Eval action entropy: 2.057
2025-09-24 02:08:02,977 - __main__ - INFO -    Top 3 train actions: #2(18349), #1(17814), #7(15112)
2025-09-24 02:08:02,977 - __main__ - INFO -    Top 3 eval actions: #2(20310), #1(19115), #0(17614)
2025-09-24 02:08:05,307 - __main__ - INFO - 📊 Episodes completed this rollout: 2
2025-09-24 02:08:05,307 - __main__ - INFO - 📈 Episode stats: avg return = 0.31, avg length = 259.0
2025-09-24 02:08:05,307 - __main__ - INFO - 🎯 Top 3 training actions: #2(18498), #1(17942), #7(15257)
2025-09-24 02:08:08,692 - __main__ - INFO - 📊 Episodes completed this rollout: 5
2025-09-24 02:08:08,693 - __main__ - INFO - 📈 Episode stats: avg return = -0.35, avg length = 300.0
2025-09-24 02:08:08,693 - __main__ - INFO - 🎯 Top 3 training actions: #2(18654), #1(18062), #7(15390)
2025-09-24 02:08:11,998 - __main__ - INFO - 📊 Episodes completed this rollout: 5
2025-09-24 02:08:11,998 - __main__ - INFO - 📈 Episode stats: avg return = 0.39, avg length = 210.8
2025-09-24 02:08:11,999 - __main__ - INFO - 🎯 Top 3 training actions: #2(18803), #1(18200), #7(15519)
2025-09-24 02:08:13,035 - __main__ - INFO - 🔄 Synchronized model update at step 113,664
2025-09-24 02:08:13,035 - __main__ - INFO -    HMM interval: 12,000, VAE interval: 12,000
2025-09-24 02:08:13,036 - __main__ - INFO - 🚫 Model training masking: 1404/12288 timesteps masked (11.4%) due to negative rewards (invalid actions)
2025-09-24 02:08:13,421 - __main__ - INFO - 🔄 Capping HMM batch size from 979 to 128 to prevent OOM
2025-09-24 02:08:13,422 - __main__ - INFO - 🔄 HMM refresh starting at step 113,664 with replay size 128x83
2025-09-24 02:08:18,369 - __main__ - DEBUG - Initial ELBO: -1692.3823
2025-09-24 02:08:18,372 - __main__ - DEBUG - Relative tol: 0.0100
2025-09-24 02:08:18,372 - __main__ - DEBUG - Relative elbo_drop_tol: 0.0100
2025-09-24 02:08:18,372 - __main__ - DEBUG - - Init -504.0009
2025-09-24 02:08:18,372 - __main__ - DEBUG - - Trans -5.1500
2025-09-24 02:08:18,372 - __main__ - DEBUG - - Emit 11698.6991
2025-09-24 02:08:18,372 - __main__ - DEBUG - - Entropy 0.0005
2025-09-24 02:08:18,372 - __main__ - DEBUG - - Dir -25.9699
2025-09-24 02:08:18,372 - __main__ - DEBUG - - NIW -12840.0625
2025-09-24 02:08:18,372 - __main__ - DEBUG - - Beta prior -15.8987
2025-09-24 02:08:23,731 - __main__ - DEBUG - Iter 0: ELBO after FB: -1692.3823 (LL 11189.5488, Δ=0.0000)
2025-09-24 02:08:23,731 - __main__ - DEBUG - Blending stats with ρ_niw=0.0500, ρ_tr=0.0500.
2025-09-24 02:08:23,780 - __main__ - DEBUG - Iter 0: ELBO after NIW update: 589.4638 (Emit LL 14259.8528, NIW term -13119.3701, Δ=2281.8461)
2025-09-24 02:08:23,828 - __main__ - DEBUG - Iter 0: ELBO after Dirichlet update: 589.4841 (Trans LL -5.1368, Dir term -25.9627, Δ=0.0204)
2025-09-24 02:08:23,896 - __main__ - DEBUG - Iter 0: ELBO after β update: 588.9347 (Init LL -504.5201, Dir term -25.9811, logp(β) -15.9105, Δ=-0.5494)
2025-09-24 02:08:29,234 - __main__ - DEBUG - Iter 1: ELBO after FB: 588.9347 (LL 13750.1964, Δ=0.0000)
2025-09-24 02:08:29,234 - __main__ - DEBUG - Blending stats with ρ_niw=0.0500, ρ_tr=0.0500.
2025-09-24 02:08:29,286 - __main__ - DEBUG - Iter 1: ELBO after NIW update: 588.9347 (Emit LL 14259.8528, NIW term -13119.3701, Δ=0.0000)
2025-09-24 02:08:29,335 - __main__ - DEBUG - Iter 1: ELBO after Dirichlet update: 588.8727 (Trans LL -5.1208, Dir term -26.0592, Δ=-0.0620)
2025-09-24 02:08:29,405 - __main__ - DEBUG - Iter 1: ELBO after β update: 588.3421 (Init LL -504.9779, Dir term -26.1242, logp(β) -15.9181, Δ=-0.5306)
2025-09-24 02:08:34,732 - __main__ - DEBUG - Iter 2: ELBO after FB: 588.3421 (LL 13749.7546, Δ=0.0000)
2025-09-24 02:08:34,733 - __main__ - DEBUG - Blending stats with ρ_niw=0.0500, ρ_tr=0.0500.
2025-09-24 02:08:34,784 - __main__ - DEBUG - Iter 2: ELBO after NIW update: 588.3421 (Emit LL 14259.8528, NIW term -13119.3701, Δ=0.0000)
2025-09-24 02:08:34,833 - __main__ - DEBUG - Iter 2: ELBO after Dirichlet update: 588.1152 (Trans LL -5.1062, Dir term -26.3658, Δ=-0.2269)
2025-09-24 02:08:34,903 - __main__ - DEBUG - Iter 2: ELBO after β update: 587.6677 (Init LL -505.3297, Dir term -26.4613, logp(β) -15.9183, Δ=-0.4475)
2025-09-24 02:08:39,868 - __main__ - DEBUG - Iter 3: ELBO after FB: 587.6677 (LL 13749.4174, Δ=0.0000)
2025-09-24 02:08:39,869 - __main__ - DEBUG - Blending stats with ρ_niw=0.0500, ρ_tr=0.0500.
2025-09-24 02:08:39,920 - __main__ - DEBUG - Iter 3: ELBO after NIW update: 587.6677 (Emit LL 14259.8528, NIW term -13119.3701, Δ=0.0000)
2025-09-24 02:08:39,971 - __main__ - DEBUG - Iter 3: ELBO after Dirichlet update: 587.3448 (Trans LL -5.0953, Dir term -26.7952, Δ=-0.3229)
2025-09-24 02:08:40,032 - __main__ - DEBUG - Iter 3: ELBO after β update: 587.3861 (Init LL -505.2754, Dir term -26.8109, logp(β) -15.9156, Δ=0.0413)
2025-09-24 02:08:45,304 - __main__ - DEBUG - Iter 4: ELBO after FB: 587.3861 (LL 13749.4826, Δ=0.0000)
2025-09-24 02:08:45,305 - __main__ - DEBUG - Blending stats with ρ_niw=0.0500, ρ_tr=0.0500.
2025-09-24 02:08:45,356 - __main__ - DEBUG - Iter 4: ELBO after NIW update: 587.3861 (Emit LL 14259.8528, NIW term -13119.3701, Δ=0.0000)
2025-09-24 02:08:45,407 - __main__ - DEBUG - Iter 4: ELBO after Dirichlet update: 587.2122 (Trans LL -5.0974, Dir term -26.9825, Δ=-0.1739)
2025-09-24 02:08:45,469 - __main__ - DEBUG - Iter 4: ELBO after β update: 587.0672 (Init LL -505.3803, Dir term -27.0261, logp(β) -15.9121, Δ=-0.1451)
2025-09-24 02:08:45,470 - __main__ - INFO -    HMM refresh complete: ELBO=300.1345, iters=0, max iters, states=40
2025-09-24 02:08:45,471 - __main__ - INFO -    ✅ HMM updated (next in 12,000 steps)
2025-09-24 02:08:45,471 - __main__ - INFO - 🔄 VAE refresh starting at step 113,664 with replay size 8x1536
2025-09-24 02:08:45,472 - __main__ - INFO -    Using span sampling (12288 timesteps, too large for full buffer)
2025-09-24 02:09:11,351 - __main__ - INFO -    VAE refresh complete: final_loss=2772.2676, avg_loss=2772.7318, steps=4/4, trend=improving, total_timesteps=12288, span_sampling=32_requested×4_steps, span_len=64
2025-09-24 02:09:11,353 - __main__ - INFO -    ✅ VAE updated (next in 12,000 steps)
2025-09-24 02:09:13,632 - __main__ - INFO - 📊 Episodes completed this rollout: 4
2025-09-24 02:09:13,632 - __main__ - INFO - 📈 Episode stats: avg return = -0.04, avg length = 284.5
2025-09-24 02:09:13,632 - __main__ - INFO - 🎯 Top 3 training actions: #2(18962), #1(18340), #7(15648)
2025-09-24 02:09:16,925 - __main__ - INFO - 📊 Episodes completed this rollout: 3
2025-09-24 02:09:16,926 - __main__ - INFO - 📈 Episode stats: avg return = 0.02, avg length = 209.3
2025-09-24 02:09:16,926 - __main__ - INFO - 🎯 Top 3 training actions: #2(19118), #1(18481), #7(15760)
2025-09-24 02:09:20,323 - __main__ - INFO - 📊 Episodes completed this rollout: 7
2025-09-24 02:09:20,323 - __main__ - INFO - 📈 Episode stats: avg return = 0.23, avg length = 214.4
2025-09-24 02:09:20,323 - __main__ - INFO - 🎯 Top 3 training actions: #2(19238), #1(18626), #7(15885)
2025-09-24 02:09:23,615 - __main__ - INFO - 📊 Episodes completed this rollout: 3
2025-09-24 02:09:23,615 - __main__ - INFO - 📈 Episode stats: avg return = 0.08, avg length = 223.7
2025-09-24 02:09:23,615 - __main__ - INFO - 🎯 Top 3 training actions: #2(19380), #1(18749), #7(16019)
2025-09-24 02:09:26,925 - __main__ - INFO - 📊 Episodes completed this rollout: 5
2025-09-24 02:09:26,926 - __main__ - INFO - 📈 Episode stats: avg return = 0.43, avg length = 214.6
2025-09-24 02:09:26,926 - __main__ - INFO - 🎯 Top 3 training actions: #2(19510), #1(18887), #7(16144)
2025-09-24 02:09:30,231 - __main__ - INFO - 📊 Episodes completed this rollout: 6
2025-09-24 02:09:30,231 - __main__ - INFO - 📈 Episode stats: avg return = 0.32, avg length = 194.5
2025-09-24 02:09:30,231 - __main__ - INFO - 🎯 Top 3 training actions: #2(19640), #1(19008), #7(16292)
2025-09-24 02:09:33,542 - __main__ - INFO - 📊 Episodes completed this rollout: 6
2025-09-24 02:09:33,543 - __main__ - INFO - 📈 Episode stats: avg return = 0.37, avg length = 178.5
2025-09-24 02:09:33,543 - __main__ - INFO - 🎯 Top 3 training actions: #2(19773), #1(19142), #7(16420)
2025-09-24 02:09:34,575 - __main__ - INFO - 🧪 Starting evaluation with 50 episodes...
2025-09-24 02:09:34,575 - __main__ - INFO -    Eval seed: 51
2025-09-24 02:09:34,575 - __main__ - INFO -    Max episode steps (eval): env default
2025-09-24 02:09:34,576 - nle.env.base - INFO - Not saving any NLE data.
2025-09-24 02:09:36,782 - __main__ - DEBUG - 🎯 Eval HMM masking: step 150 masked due to negative reward
2025-09-24 02:09:37,822 - __main__ - DEBUG - 🎯 Eval HMM masking: step 250 masked due to negative reward
2025-09-24 02:09:38,337 - __main__ - WARNING - ⚠️ Episode 2 terminated due to step limit.
2025-09-24 02:09:41,611 - __main__ - WARNING - ⚠️ Episode 3 terminated due to step limit.
2025-09-24 02:09:44,525 - __main__ - DEBUG - 🎯 Eval HMM masking: step 50 masked due to negative reward
2025-09-24 02:09:46,299 - __main__ - DEBUG - 🎯 Eval HMM masking: step 150 masked due to negative reward
2025-09-24 02:09:46,841 - __main__ - DEBUG - 🎯 Eval HMM masking: step 200 masked due to negative reward
2025-09-24 02:09:47,872 - __main__ - WARNING - ⚠️ Episode 7 terminated due to step limit.
2025-09-24 02:09:48,754 - __main__ - DEBUG - 🎯 Eval HMM masking: step 50 masked due to negative reward
2025-09-24 02:09:49,336 - __main__ - DEBUG - 🎯 Eval HMM masking: step 100 masked due to negative reward
2025-09-24 02:09:53,379 - __main__ - DEBUG - 🎯 Eval HMM masking: step 100 masked due to negative reward
2025-09-24 02:09:55,434 - __main__ - WARNING - ⚠️ Episode 11 terminated due to step limit.
2025-09-24 02:09:58,684 - __main__ - WARNING - ⚠️ Episode 12 terminated due to step limit.
2025-09-24 02:10:01,944 - __main__ - WARNING - ⚠️ Episode 13 terminated due to step limit.
2025-09-24 02:10:04,757 - __main__ - DEBUG - 🎯 Eval HMM masking: step 50 masked due to negative reward
2025-09-24 02:10:09,972 - __main__ - WARNING - ⚠️ Episode 16 terminated due to step limit.
2025-09-24 02:10:13,551 - __main__ - WARNING - ⚠️ Episode 18 terminated due to step limit.
2025-09-24 02:10:19,349 - __main__ - WARNING - ⚠️ Episode 20 terminated due to step limit.
2025-09-24 02:10:22,631 - __main__ - WARNING - ⚠️ Episode 21 terminated due to step limit.
2025-09-24 02:10:25,940 - __main__ - WARNING - ⚠️ Episode 22 terminated due to step limit.
2025-09-24 02:10:30,250 - __main__ - WARNING - ⚠️ Episode 24 terminated due to step limit.
2025-09-24 02:10:31,451 - __main__ - DEBUG - 🎯 Eval HMM masking: step 100 masked due to negative reward
2025-09-24 02:10:33,514 - __main__ - WARNING - ⚠️ Episode 25 terminated due to step limit.
2025-09-24 02:10:36,784 - __main__ - WARNING - ⚠️ Episode 26 terminated due to step limit.
2025-09-24 02:10:37,472 - __main__ - DEBUG - 🎯 Eval HMM masking: step 50 masked due to negative reward
2025-09-24 02:10:39,549 - __main__ - DEBUG - 🎯 Eval HMM masking: step 250 masked due to negative reward
2025-09-24 02:10:40,060 - __main__ - WARNING - ⚠️ Episode 27 terminated due to step limit.
2025-09-24 02:10:43,935 - __main__ - DEBUG - 🎯 Eval HMM masking: step 50 masked due to negative reward
2025-09-24 02:10:48,750 - __main__ - WARNING - ⚠️ Episode 32 terminated due to step limit.
2025-09-24 02:10:49,439 - __main__ - DEBUG - 🎯 Eval HMM masking: step 50 masked due to negative reward
2025-09-24 02:10:51,003 - __main__ - DEBUG - 🎯 Eval HMM masking: step 200 masked due to negative reward
2025-09-24 02:10:52,055 - __main__ - WARNING - ⚠️ Episode 33 terminated due to step limit.
2025-09-24 02:10:55,343 - __main__ - WARNING - ⚠️ Episode 34 terminated due to step limit.
2025-09-24 02:10:56,032 - __main__ - DEBUG - 🎯 Eval HMM masking: step 50 masked due to negative reward
2025-09-24 02:11:00,974 - __main__ - WARNING - ⚠️ Episode 37 terminated due to step limit.
2025-09-24 02:11:03,989 - __main__ - DEBUG - 🎯 Eval HMM masking: step 200 masked due to negative reward
2025-09-24 02:11:05,018 - __main__ - WARNING - ⚠️ Episode 39 terminated due to step limit.
2025-09-24 02:11:06,739 - __main__ - DEBUG - 🎯 Eval HMM masking: step 150 masked due to negative reward
2025-09-24 02:11:08,288 - __main__ - WARNING - ⚠️ Episode 40 terminated due to step limit.
2025-09-24 02:11:10,529 - __main__ - DEBUG - 🎯 Eval HMM masking: step 200 masked due to negative reward
2025-09-24 02:11:11,048 - __main__ - DEBUG - 🎯 Eval HMM masking: step 250 masked due to negative reward
2025-09-24 02:11:11,556 - __main__ - WARNING - ⚠️ Episode 41 terminated due to step limit.
2025-09-24 02:11:12,755 - __main__ - DEBUG - 🎯 Eval HMM masking: step 100 masked due to negative reward
2025-09-24 02:11:18,851 - __main__ - WARNING - ⚠️ Episode 45 terminated due to step limit.
2025-09-24 02:11:19,534 - __main__ - DEBUG - 🎯 Eval HMM masking: step 50 masked due to negative reward
2025-09-24 02:11:23,656 - __main__ - DEBUG - 🎯 Eval HMM masking: step 150 masked due to negative reward
2025-09-24 02:11:25,210 - __main__ - WARNING - ⚠️ Episode 48 terminated due to step limit.
2025-09-24 02:11:28,498 - __main__ - WARNING - ⚠️ Episode 49 terminated due to step limit.
2025-09-24 02:11:30,238 - __main__ - DEBUG - 🎯 Eval HMM masking: step 150 masked due to negative reward
2025-09-24 02:11:30,764 - __main__ - DEBUG - 🎯 Eval HMM masking: step 200 masked due to negative reward
2025-09-24 02:11:31,450 - __main__ - INFO - 📊 Evaluation Results (Current Round):
2025-09-24 02:11:31,451 - __main__ - INFO -    Episodes: 50
2025-09-24 02:11:31,451 - __main__ - INFO -    Time: 116.9s (2.3s/ep)
2025-09-24 02:11:31,451 - __main__ - INFO -    Average Return: 0.241 ± 0.625
2025-09-24 02:11:31,451 - __main__ - INFO -    Success Rate: 50.0%
2025-09-24 02:11:31,451 - __main__ - INFO -    Average Length: 213.8
2025-09-24 02:11:31,451 - __main__ - INFO -    Average Coverage: 77.3 positions
2025-09-24 02:11:31,451 - __main__ - INFO -    Episode Completions: 25 terminated (50.0%), 25 truncated (50.0%)
2025-09-24 02:11:31,451 - __main__ - INFO - 📈 Total Evaluation Statistics:
2025-09-24 02:11:31,451 - __main__ - INFO -    Total Episodes: 600
2025-09-24 02:11:31,451 - __main__ - INFO -    Total Average Return: 0.151 ± 0.641
2025-09-24 02:11:31,452 - __main__ - INFO -    Total Average Length: 223.5 ± 104.7
2025-09-24 02:11:31,452 - __main__ - INFO -    Total Completions: 261 terminated (43.5%), 339 truncated (56.5%)
2025-09-24 02:11:31,452 - __main__ - INFO -    Skill Entropy: 0.001
2025-09-24 02:11:31,452 - __main__ - INFO -    Used Skills: 1.0
2025-09-24 02:11:31,452 - __main__ - INFO -    Effective K: 1.00
2025-09-24 02:11:31,452 - __main__ - INFO - 🎯 Action Usage Statistics:
2025-09-24 02:11:31,452 - __main__ - INFO -    Unique actions in evaluation: 8
2025-09-24 02:11:31,452 - __main__ - INFO -    Unique actions in training: 8
2025-09-24 02:11:31,452 - __main__ - INFO -    Total unique actions: 8
2025-09-24 02:11:31,452 - __main__ - INFO -    Action coverage: 6.6%
2025-09-24 02:11:31,452 - __main__ - INFO -    Train action count: 120832
2025-09-24 02:11:31,453 - __main__ - INFO -    Eval action count: 134095
2025-09-24 02:11:31,453 - __main__ - INFO -    Train action entropy: 2.058
2025-09-24 02:11:31,453 - __main__ - INFO -    Eval action entropy: 2.060
2025-09-24 02:11:31,453 - __main__ - INFO -    Top 3 train actions: #2(19773), #1(19142), #7(16420)
2025-09-24 02:11:31,454 - __main__ - INFO -    Top 3 eval actions: #2(21648), #1(20499), #0(19027)
2025-09-24 02:11:33,726 - __main__ - INFO - 📊 Episodes completed this rollout: 3
2025-09-24 02:11:33,727 - __main__ - INFO - 📈 Episode stats: avg return = 0.47, avg length = 208.3
2025-09-24 02:11:33,727 - __main__ - INFO - 🎯 Top 3 training actions: #2(19908), #1(19272), #7(16549)
2025-09-24 02:11:37,007 - __main__ - INFO - 📊 Episodes completed this rollout: 5
2025-09-24 02:11:37,007 - __main__ - INFO - 📈 Episode stats: avg return = 0.01, avg length = 262.4
2025-09-24 02:11:37,007 - __main__ - INFO - 🎯 Top 3 training actions: #2(20037), #1(19410), #7(16659)
2025-09-24 02:11:40,279 - __main__ - INFO - 📊 Episodes completed this rollout: 4
2025-09-24 02:11:40,279 - __main__ - INFO - 📈 Episode stats: avg return = 0.23, avg length = 236.0
2025-09-24 02:11:40,279 - __main__ - INFO - 🎯 Top 3 training actions: #2(20167), #1(19562), #7(16784)
2025-09-24 02:11:43,521 - __main__ - INFO - 📊 Episodes completed this rollout: 3
2025-09-24 02:11:43,521 - __main__ - INFO - 📈 Episode stats: avg return = 0.50, avg length = 208.7
2025-09-24 02:11:43,521 - __main__ - INFO - 🎯 Top 3 training actions: #2(20306), #1(19692), #7(16913)
2025-09-24 02:11:46,817 - __main__ - INFO - 📊 Episodes completed this rollout: 6
2025-09-24 02:11:46,817 - __main__ - INFO - 📈 Episode stats: avg return = 0.04, avg length = 241.3
2025-09-24 02:11:46,817 - __main__ - INFO - 🎯 Top 3 training actions: #2(20447), #1(19843), #7(17047)
2025-09-24 02:11:47,838 - __main__ - INFO - 🔄 Synchronized model update at step 125,952
2025-09-24 02:11:47,838 - __main__ - INFO -    HMM interval: 12,000, VAE interval: 12,000
2025-09-24 02:11:47,839 - __main__ - INFO - 🚫 Model training masking: 1524/12288 timesteps masked (12.4%) due to negative rewards (invalid actions)
2025-09-24 02:11:48,221 - __main__ - INFO - 🔄 Capping HMM batch size from 1016 to 128 to prevent OOM
2025-09-24 02:11:48,222 - __main__ - INFO - 🔄 HMM refresh starting at step 125,952 with replay size 128x111
2025-09-24 02:11:54,894 - __main__ - DEBUG - Initial ELBO: -2991.0211
2025-09-24 02:11:54,898 - __main__ - DEBUG - Relative tol: 0.0100
2025-09-24 02:11:54,898 - __main__ - DEBUG - Relative elbo_drop_tol: 0.0100
2025-09-24 02:11:54,898 - __main__ - DEBUG - - Init -504.5201
2025-09-24 02:11:54,898 - __main__ - DEBUG - - Trans -3.7167
2025-09-24 02:11:54,899 - __main__ - DEBUG - - Emit 10678.4767
2025-09-24 02:11:54,899 - __main__ - DEBUG - - Entropy 0.0006
2025-09-24 02:11:54,899 - __main__ - DEBUG - - Dir -25.9811
2025-09-24 02:11:54,899 - __main__ - DEBUG - - NIW -13119.3701
2025-09-24 02:11:54,899 - __main__ - DEBUG - - Beta prior -15.9105
2025-09-24 02:12:01,921 - __main__ - DEBUG - Iter 0: ELBO after FB: -2991.0211 (LL 10170.2406, Δ=0.0000)
2025-09-24 02:12:01,922 - __main__ - DEBUG - Blending stats with ρ_niw=0.0500, ρ_tr=0.0500.
2025-09-24 02:12:01,972 - __main__ - DEBUG - Iter 0: ELBO after NIW update: -1696.6891 (Emit LL 12124.0489, NIW term -13270.6104, Δ=1294.3320)
2025-09-24 02:12:02,021 - __main__ - DEBUG - Iter 0: ELBO after Dirichlet update: -1696.6689 (Trans LL -3.7615, Dir term -25.9161, Δ=0.0202)
2025-09-24 02:12:02,091 - __main__ - DEBUG - Iter 0: ELBO after β update: -1697.2322 (Init LL -505.0407, Dir term -25.9468, logp(β) -15.9224, Δ=-0.5633)
2025-09-24 02:12:08,958 - __main__ - DEBUG - Iter 1: ELBO after FB: -1697.2322 (LL 11615.2473, Δ=0.0000)
2025-09-24 02:12:08,959 - __main__ - DEBUG - Blending stats with ρ_niw=0.0500, ρ_tr=0.0500.
2025-09-24 02:12:09,008 - __main__ - DEBUG - Iter 1: ELBO after NIW update: -1697.2322 (Emit LL 12124.0489, NIW term -13270.6104, Δ=0.0000)
2025-09-24 02:12:09,058 - __main__ - DEBUG - Iter 1: ELBO after Dirichlet update: -1697.3035 (Trans LL -3.7499, Dir term -26.0297, Δ=-0.0713)
2025-09-24 02:12:09,125 - __main__ - DEBUG - Iter 1: ELBO after β update: -1697.8071 (Init LL -505.4818, Dir term -26.0857, logp(β) -15.9289, Δ=-0.5036)
2025-09-24 02:12:15,675 - __main__ - DEBUG - Iter 2: ELBO after FB: -1697.8071 (LL 11614.8178, Δ=0.0000)
2025-09-24 02:12:15,675 - __main__ - DEBUG - Blending stats with ρ_niw=0.0500, ρ_tr=0.0500.
2025-09-24 02:12:15,725 - __main__ - DEBUG - Iter 2: ELBO after NIW update: -1697.8071 (Emit LL 12124.0489, NIW term -13270.6104, Δ=0.0000)
2025-09-24 02:12:15,774 - __main__ - DEBUG - Iter 2: ELBO after Dirichlet update: -1698.0253 (Trans LL -3.7394, Dir term -26.3145, Δ=-0.2182)
2025-09-24 02:12:15,845 - __main__ - DEBUG - Iter 2: ELBO after β update: -1698.4488 (Init LL -505.8089, Dir term -26.4113, logp(β) -15.9284, Δ=-0.4235)
2025-09-24 02:12:22,415 - __main__ - DEBUG - Iter 3: ELBO after FB: -1698.4488 (LL 11614.5013, Δ=0.0000)
2025-09-24 02:12:22,416 - __main__ - DEBUG - Blending stats with ρ_niw=0.0500, ρ_tr=0.0500.
2025-09-24 02:12:22,465 - __main__ - DEBUG - Iter 3: ELBO after NIW update: -1698.4488 (Emit LL 12124.0489, NIW term -13270.6104, Δ=0.0000)
2025-09-24 02:12:22,516 - __main__ - DEBUG - Iter 3: ELBO after Dirichlet update: -1698.7770 (Trans LL -3.7320, Dir term -26.7469, Δ=-0.3282)
2025-09-24 02:12:22,587 - __main__ - DEBUG - Iter 3: ELBO after β update: -1698.9624 (Init LL -505.9214, Dir term -26.8265, logp(β) -15.9217, Δ=-0.1853)
2025-09-24 02:12:29,187 - __main__ - DEBUG - Iter 4: ELBO after FB: -1698.9624 (LL 11614.3962, Δ=0.0000)
2025-09-24 02:12:29,188 - __main__ - DEBUG - Blending stats with ρ_niw=0.0500, ρ_tr=0.0500.
2025-09-24 02:12:29,238 - __main__ - DEBUG - Iter 4: ELBO after NIW update: -1698.9624 (Emit LL 12124.0489, NIW term -13270.6104, Δ=0.0000)
2025-09-24 02:12:29,287 - __main__ - DEBUG - Iter 4: ELBO after Dirichlet update: -1699.3955 (Trans LL -3.7298, Dir term -27.2618, Δ=-0.4332)
2025-09-24 02:12:29,343 - __main__ - DEBUG - Iter 4: ELBO after β update: -1699.3161 (Init LL -505.8150, Dir term -27.2905, logp(β) -15.9199, Δ=0.0795)
2025-09-24 02:12:29,345 - __main__ - INFO -    HMM refresh complete: ELBO=5.5016, iters=0, max iters, states=40
2025-09-24 02:12:29,345 - __main__ - INFO -    ✅ HMM updated (next in 12,000 steps)
2025-09-24 02:12:29,345 - __main__ - INFO - 🔄 VAE refresh starting at step 125,952 with replay size 8x1536
2025-09-24 02:12:29,346 - __main__ - INFO -    Using span sampling (12288 timesteps, too large for full buffer)
2025-09-24 02:12:54,540 - __main__ - INFO -    VAE refresh complete: final_loss=2755.4280, avg_loss=2758.4088, steps=4/4, trend=improving, total_timesteps=12288, span_sampling=32_requested×4_steps, span_len=64
2025-09-24 02:12:54,542 - __main__ - INFO -    ✅ VAE updated (next in 12,000 steps)
2025-09-24 02:12:56,824 - __main__ - INFO - 📊 Episodes completed this rollout: 3
2025-09-24 02:12:56,825 - __main__ - INFO - 📈 Episode stats: avg return = 0.10, avg length = 256.0
2025-09-24 02:12:56,825 - __main__ - INFO - 🎯 Top 3 training actions: #2(20576), #1(19978), #7(17186)
2025-09-24 02:13:00,221 - __main__ - INFO - 📊 Episodes completed this rollout: 8
2025-09-24 02:13:00,222 - __main__ - INFO - 📈 Episode stats: avg return = 0.22, avg length = 214.2
2025-09-24 02:13:00,222 - __main__ - INFO - 🎯 Top 3 training actions: #2(20688), #1(20111), #7(17342)
2025-09-24 02:13:03,502 - __main__ - INFO - 📊 Episodes completed this rollout: 2
2025-09-24 02:13:03,503 - __main__ - INFO - 📈 Episode stats: avg return = 0.23, avg length = 199.0
2025-09-24 02:13:03,503 - __main__ - INFO - 🎯 Top 3 training actions: #2(20822), #1(20256), #7(17479)
2025-09-24 02:13:06,828 - __main__ - INFO - 📊 Episodes completed this rollout: 6
2025-09-24 02:13:06,828 - __main__ - INFO - 📈 Episode stats: avg return = 0.42, avg length = 194.5
2025-09-24 02:13:06,829 - __main__ - INFO - 🎯 Top 3 training actions: #2(20943), #1(20398), #7(17592)
2025-09-24 02:13:07,851 - __main__ - INFO - 🧪 Starting evaluation with 50 episodes...
2025-09-24 02:13:07,851 - __main__ - INFO -    Eval seed: 51
2025-09-24 02:13:07,852 - __main__ - INFO -    Max episode steps (eval): env default
2025-09-24 02:13:07,852 - nle.env.base - INFO - Not saving any NLE data.
2025-09-24 02:13:09,472 - __main__ - DEBUG - 🎯 Eval HMM masking: step 150 masked due to negative reward
2025-09-24 02:13:13,048 - __main__ - WARNING - ⚠️ Episode 2 terminated due to step limit.
2025-09-24 02:13:16,369 - __main__ - WARNING - ⚠️ Episode 3 terminated due to step limit.
2025-09-24 02:13:21,027 - __main__ - WARNING - ⚠️ Episode 5 terminated due to step limit.
2025-09-24 02:13:24,318 - __main__ - WARNING - ⚠️ Episode 6 terminated due to step limit.
2025-09-24 02:13:26,562 - __main__ - DEBUG - 🎯 Eval HMM masking: step 200 masked due to negative reward
2025-09-24 02:13:27,089 - __main__ - DEBUG - 🎯 Eval HMM masking: step 250 masked due to negative reward
2025-09-24 02:13:27,602 - __main__ - WARNING - ⚠️ Episode 7 terminated due to step limit.
2025-09-24 02:13:30,939 - __main__ - WARNING - ⚠️ Episode 9 terminated due to step limit.
2025-09-24 02:13:33,206 - __main__ - DEBUG - 🎯 Eval HMM masking: step 200 masked due to negative reward
2025-09-24 02:13:34,481 - __main__ - DEBUG - 🎯 Eval HMM masking: step 50 masked due to negative reward
2025-09-24 02:13:37,086 - __main__ - WARNING - ⚠️ Episode 12 terminated due to step limit.
2025-09-24 02:13:41,999 - __main__ - WARNING - ⚠️ Episode 14 terminated due to step limit.
2025-09-24 02:13:43,730 - __main__ - DEBUG - 🎯 Eval HMM masking: step 150 masked due to negative reward
2025-09-24 02:13:45,282 - __main__ - WARNING - ⚠️ Episode 15 terminated due to step limit.
2025-09-24 02:13:47,062 - __main__ - DEBUG - 🎯 Eval HMM masking: step 150 masked due to negative reward
2025-09-24 02:13:48,644 - __main__ - WARNING - ⚠️ Episode 16 terminated due to step limit.
2025-09-24 02:13:49,693 - __main__ - DEBUG - 🎯 Eval HMM masking: step 50 masked due to negative reward
2025-09-24 02:13:50,219 - __main__ - DEBUG - 🎯 Eval HMM masking: step 100 masked due to negative reward
2025-09-24 02:13:52,298 - __main__ - WARNING - ⚠️ Episode 18 terminated due to step limit.
2025-09-24 02:13:54,680 - __main__ - DEBUG - 🎯 Eval HMM masking: step 200 masked due to negative reward
2025-09-24 02:13:55,717 - __main__ - WARNING - ⚠️ Episode 20 terminated due to step limit.
2025-09-24 02:14:03,669 - __main__ - DEBUG - 🎯 Eval HMM masking: step 150 masked due to negative reward
2025-09-24 02:14:05,228 - __main__ - WARNING - ⚠️ Episode 24 terminated due to step limit.
2025-09-24 02:14:06,957 - __main__ - DEBUG - 🎯 Eval HMM masking: step 150 masked due to negative reward
2025-09-24 02:14:11,287 - __main__ - WARNING - ⚠️ Episode 27 terminated due to step limit.
2025-09-24 02:14:14,597 - __main__ - WARNING - ⚠️ Episode 28 terminated due to step limit.
2025-09-24 02:14:17,877 - __main__ - WARNING - ⚠️ Episode 29 terminated due to step limit.
2025-09-24 02:14:22,336 - __main__ - WARNING - ⚠️ Episode 31 terminated due to step limit.
2025-09-24 02:14:24,634 - __main__ - DEBUG - 🎯 Eval HMM masking: step 100 masked due to negative reward
2025-09-24 02:14:26,962 - __main__ - DEBUG - 🎯 Eval HMM masking: step 50 masked due to negative reward
2025-09-24 02:14:29,542 - __main__ - WARNING - ⚠️ Episode 34 terminated due to step limit.
2025-09-24 02:14:32,845 - __main__ - WARNING - ⚠️ Episode 35 terminated due to step limit.
2025-09-24 02:14:36,123 - __main__ - WARNING - ⚠️ Episode 36 terminated due to step limit.
2025-09-24 02:14:37,364 - __main__ - DEBUG - 🎯 Eval HMM masking: step 50 masked due to negative reward
2025-09-24 02:14:38,914 - __main__ - DEBUG - 🎯 Eval HMM masking: step 200 masked due to negative reward
2025-09-24 02:14:39,941 - __main__ - WARNING - ⚠️ Episode 38 terminated due to step limit.
2025-09-24 02:14:43,254 - __main__ - WARNING - ⚠️ Episode 39 terminated due to step limit.
2025-09-24 02:14:44,981 - __main__ - DEBUG - 🎯 Eval HMM masking: step 150 masked due to negative reward
2025-09-24 02:14:46,530 - __main__ - WARNING - ⚠️ Episode 40 terminated due to step limit.
2025-09-24 02:14:52,485 - __main__ - DEBUG - 🎯 Eval HMM masking: step 150 masked due to negative reward
2025-09-24 02:14:53,942 - __main__ - DEBUG - 🎯 Eval HMM masking: step 50 masked due to negative reward
2025-09-24 02:14:56,521 - __main__ - WARNING - ⚠️ Episode 45 terminated due to step limit.
2025-09-24 02:14:59,802 - __main__ - WARNING - ⚠️ Episode 46 terminated due to step limit.
2025-09-24 02:15:06,413 - __main__ - WARNING - ⚠️ Episode 49 terminated due to step limit.
2025-09-24 02:15:07,419 - __main__ - INFO - 📊 Evaluation Results (Current Round):
2025-09-24 02:15:07,419 - __main__ - INFO -    Episodes: 50
2025-09-24 02:15:07,419 - __main__ - INFO -    Time: 119.6s (2.4s/ep)
2025-09-24 02:15:07,419 - __main__ - INFO -    Average Return: 0.229 ± 0.621
2025-09-24 02:15:07,419 - __main__ - INFO -    Success Rate: 48.0%
2025-09-24 02:15:07,419 - __main__ - INFO -    Average Length: 217.3
2025-09-24 02:15:07,419 - __main__ - INFO -    Average Coverage: 77.5 positions
2025-09-24 02:15:07,420 - __main__ - INFO -    Episode Completions: 24 terminated (48.0%), 26 truncated (52.0%)
2025-09-24 02:15:07,420 - __main__ - INFO - 📈 Total Evaluation Statistics:
2025-09-24 02:15:07,420 - __main__ - INFO -    Total Episodes: 650
2025-09-24 02:15:07,420 - __main__ - INFO -    Total Average Return: 0.157 ± 0.640
2025-09-24 02:15:07,420 - __main__ - INFO -    Total Average Length: 223.0 ± 104.8
2025-09-24 02:15:07,420 - __main__ - INFO -    Total Completions: 285 terminated (43.8%), 365 truncated (56.2%)
2025-09-24 02:15:07,420 - __main__ - INFO -    Skill Entropy: 0.001
2025-09-24 02:15:07,420 - __main__ - INFO -    Used Skills: 1.0
2025-09-24 02:15:07,420 - __main__ - INFO -    Effective K: 1.00
2025-09-24 02:15:07,420 - __main__ - INFO - 🎯 Action Usage Statistics:
2025-09-24 02:15:07,420 - __main__ - INFO -    Unique actions in evaluation: 8
2025-09-24 02:15:07,420 - __main__ - INFO -    Unique actions in training: 8
2025-09-24 02:15:07,421 - __main__ - INFO -    Total unique actions: 8
2025-09-24 02:15:07,421 - __main__ - INFO -    Action coverage: 6.6%
2025-09-24 02:15:07,421 - __main__ - INFO -    Train action count: 130048
2025-09-24 02:15:07,421 - __main__ - INFO -    Eval action count: 144962
2025-09-24 02:15:07,421 - __main__ - INFO -    Train action entropy: 2.061
2025-09-24 02:15:07,421 - __main__ - INFO -    Eval action entropy: 2.062
2025-09-24 02:15:07,422 - __main__ - INFO -    Top 3 train actions: #2(20943), #1(20398), #7(17592)
2025-09-24 02:15:07,422 - __main__ - INFO -    Top 3 eval actions: #2(22988), #1(21903), #0(20409)
2025-09-24 02:15:09,707 - __main__ - INFO - 📊 Episodes completed this rollout: 3
2025-09-24 02:15:09,707 - __main__ - INFO - 📈 Episode stats: avg return = -0.31, avg length = 300.0
2025-09-24 02:15:09,707 - __main__ - INFO - 🎯 Top 3 training actions: #2(21067), #1(20531), #7(17739)
2025-09-24 02:15:13,033 - __main__ - INFO - 📊 Episodes completed this rollout: 5
2025-09-24 02:15:13,033 - __main__ - INFO - 📈 Episode stats: avg return = -0.03, avg length = 249.2
2025-09-24 02:15:13,033 - __main__ - INFO - 🎯 Top 3 training actions: #2(21188), #1(20660), #7(17858)
2025-09-24 02:15:16,339 - __main__ - INFO - 📊 Episodes completed this rollout: 4
2025-09-24 02:15:16,339 - __main__ - INFO - 📈 Episode stats: avg return = 0.04, avg length = 263.2
2025-09-24 02:15:16,339 - __main__ - INFO - 🎯 Top 3 training actions: #2(21326), #1(20812), #7(17989)
2025-09-24 02:15:19,611 - __main__ - INFO - 📊 Episodes completed this rollout: 1
2025-09-24 02:15:19,611 - __main__ - INFO - 📈 Episode stats: avg return = -0.32, avg length = 300.0
2025-09-24 02:15:19,612 - __main__ - INFO - 🎯 Top 3 training actions: #2(21463), #1(20958), #7(18119)
2025-09-24 02:15:22,970 - __main__ - INFO - 📊 Episodes completed this rollout: 10
2025-09-24 02:15:22,971 - __main__ - INFO - 📈 Episode stats: avg return = 0.36, avg length = 195.4
2025-09-24 02:15:22,971 - __main__ - INFO - 🎯 Top 3 training actions: #2(21607), #1(21112), #7(18230)
2025-09-24 02:15:26,256 - __main__ - INFO - 📊 Episodes completed this rollout: 2
2025-09-24 02:15:26,256 - __main__ - INFO - 📈 Episode stats: avg return = 0.08, avg length = 225.0
2025-09-24 02:15:26,257 - __main__ - INFO - 🎯 Top 3 training actions: #2(21734), #1(21275), #7(18365)
2025-09-24 02:15:29,600 - __main__ - INFO - 📊 Episodes completed this rollout: 7
2025-09-24 02:15:29,600 - __main__ - INFO - 📈 Episode stats: avg return = -0.07, avg length = 245.3
2025-09-24 02:15:29,600 - __main__ - INFO - 🎯 Top 3 training actions: #2(21883), #1(21433), #7(18495)
2025-09-24 02:15:32,908 - __main__ - INFO - 📊 Episodes completed this rollout: 4
2025-09-24 02:15:32,909 - __main__ - INFO - 📈 Episode stats: avg return = 0.61, avg length = 124.2
2025-09-24 02:15:32,909 - __main__ - INFO - 🎯 Top 3 training actions: #2(22054), #1(21576), #7(18593)
2025-09-24 02:15:33,933 - __main__ - INFO - 🔄 Synchronized model update at step 138,240
2025-09-24 02:15:33,933 - __main__ - INFO -    HMM interval: 12,000, VAE interval: 12,000
2025-09-24 02:15:33,934 - __main__ - INFO - 🚫 Model training masking: 1320/12288 timesteps masked (10.7%) due to negative rewards (invalid actions)
2025-09-24 02:15:34,317 - __main__ - INFO - 🔄 Capping HMM batch size from 944 to 128 to prevent OOM
2025-09-24 02:15:34,317 - __main__ - INFO - 🔄 HMM refresh starting at step 138,240 with replay size 128x99
2025-09-24 02:15:39,949 - __main__ - DEBUG - Initial ELBO: -1655.4851
2025-09-24 02:15:39,952 - __main__ - DEBUG - Relative tol: 0.0100
2025-09-24 02:15:39,953 - __main__ - DEBUG - Relative elbo_drop_tol: 0.0100
2025-09-24 02:15:39,953 - __main__ - DEBUG - - Init -505.0407
2025-09-24 02:15:39,953 - __main__ - DEBUG - - Trans -3.9518
2025-09-24 02:15:39,953 - __main__ - DEBUG - - Emit 12165.9865
2025-09-24 02:15:39,953 - __main__ - DEBUG - - Entropy 0.0006
2025-09-24 02:15:39,953 - __main__ - DEBUG - - Dir -25.9468
2025-09-24 02:15:39,953 - __main__ - DEBUG - - NIW -13270.6104
2025-09-24 02:15:39,953 - __main__ - DEBUG - - Beta prior -15.9224
2025-09-24 02:15:46,174 - __main__ - DEBUG - Iter 0: ELBO after FB: -1655.4851 (LL 11656.9945, Δ=0.0000)
2025-09-24 02:15:46,175 - __main__ - DEBUG - Blending stats with ρ_niw=0.0500, ρ_tr=0.0500.
2025-09-24 02:15:46,226 - __main__ - DEBUG - Iter 0: ELBO after NIW update: 42.0767 (Emit LL 14042.6127, NIW term -13449.6748, Δ=1697.5618)
2025-09-24 02:15:46,278 - __main__ - DEBUG - Iter 0: ELBO after Dirichlet update: 42.1240 (Trans LL -3.9906, Dir term -25.8607, Δ=0.0473)
2025-09-24 02:15:46,351 - __main__ - DEBUG - Iter 0: ELBO after β update: 41.5640 (Init LL -505.5608, Dir term -25.8885, logp(β) -15.9345, Δ=-0.5600)
2025-09-24 02:15:52,617 - __main__ - DEBUG - Iter 1: ELBO after FB: 41.5640 (LL 13533.0618, Δ=0.0000)
2025-09-24 02:15:52,618 - __main__ - DEBUG - Blending stats with ρ_niw=0.0500, ρ_tr=0.0500.
2025-09-24 02:15:52,667 - __main__ - DEBUG - Iter 1: ELBO after NIW update: 41.5640 (Emit LL 14042.6127, NIW term -13449.6748, Δ=0.0000)
2025-09-24 02:15:52,715 - __main__ - DEBUG - Iter 1: ELBO after Dirichlet update: 41.4787 (Trans LL -3.9779, Dir term -25.9866, Δ=-0.0853)
2025-09-24 02:15:52,786 - __main__ - DEBUG - Iter 1: ELBO after β update: 40.9738 (Init LL -506.0025, Dir term -26.0439, logp(β) -15.9403, Δ=-0.5048)
2025-09-24 02:15:52,787 - __main__ - DEBUG - Early stopping: ELBO drop 0.5902 > tolerance, reverting to best parameters
2025-09-24 02:15:52,788 - __main__ - INFO -    HMM refresh complete: ELBO=362.6073, iters=0, max iters, states=40
2025-09-24 02:15:52,788 - __main__ - INFO -    ✅ HMM updated (next in 12,000 steps)
2025-09-24 02:15:52,788 - __main__ - INFO - 🔄 VAE refresh starting at step 138,240 with replay size 8x1536
2025-09-24 02:15:52,789 - __main__ - INFO -    Using span sampling (12288 timesteps, too large for full buffer)
2025-09-24 02:16:19,019 - __main__ - INFO -    VAE refresh complete: final_loss=2733.8650, avg_loss=2739.4102, steps=4/4, trend=improving, total_timesteps=12288, span_sampling=32_requested×4_steps, span_len=64
2025-09-24 02:16:19,021 - __main__ - INFO -    ✅ VAE updated (next in 12,000 steps)
2025-09-24 02:16:21,332 - __main__ - INFO - 📊 Episodes completed this rollout: 6
2025-09-24 02:16:21,332 - __main__ - INFO - 📈 Episode stats: avg return = 0.12, avg length = 249.2
2025-09-24 02:16:21,332 - __main__ - INFO - 🎯 Top 3 training actions: #2(22215), #1(21725), #7(18690)
2025-09-24 02:16:24,610 - __main__ - INFO - 📊 Episodes completed this rollout: 4
2025-09-24 02:16:24,611 - __main__ - INFO - 📈 Episode stats: avg return = 0.31, avg length = 182.8
2025-09-24 02:16:24,611 - __main__ - INFO - 🎯 Top 3 training actions: #2(22381), #1(21873), #0(18833)
2025-09-24 02:16:25,644 - __main__ - INFO - 🧪 Starting evaluation with 50 episodes...
2025-09-24 02:16:25,644 - __main__ - INFO -    Eval seed: 51
2025-09-24 02:16:25,645 - __main__ - INFO -    Max episode steps (eval): env default
2025-09-24 02:16:25,645 - nle.env.base - INFO - Not saving any NLE data.
2025-09-24 02:16:29,421 - __main__ - DEBUG - 🎯 Eval HMM masking: step 50 masked due to negative reward
2025-09-24 02:16:32,013 - __main__ - WARNING - ⚠️ Episode 2 terminated due to step limit.
2025-09-24 02:16:35,451 - __main__ - WARNING - ⚠️ Episode 4 terminated due to step limit.
2025-09-24 02:16:36,165 - __main__ - DEBUG - 🎯 Eval HMM masking: step 50 masked due to negative reward
2025-09-24 02:16:39,582 - __main__ - WARNING - ⚠️ Episode 6 terminated due to step limit.
2025-09-24 02:16:43,382 - __main__ - DEBUG - 🎯 Eval HMM masking: step 150 masked due to negative reward
2025-09-24 02:16:44,933 - __main__ - WARNING - ⚠️ Episode 9 terminated due to step limit.
2025-09-24 02:16:46,150 - __main__ - DEBUG - 🎯 Eval HMM masking: step 100 masked due to negative reward
2025-09-24 02:16:48,656 - __main__ - DEBUG - 🎯 Eval HMM masking: step 50 masked due to negative reward
2025-09-24 02:16:51,926 - __main__ - WARNING - ⚠️ Episode 14 terminated due to step limit.
2025-09-24 02:16:55,221 - __main__ - WARNING - ⚠️ Episode 15 terminated due to step limit.
2025-09-24 02:16:55,907 - __main__ - DEBUG - 🎯 Eval HMM masking: step 50 masked due to negative reward
2025-09-24 02:16:58,513 - __main__ - WARNING - ⚠️ Episode 16 terminated due to step limit.
2025-09-24 02:17:01,276 - __main__ - DEBUG - 🎯 Eval HMM masking: step 250 masked due to negative reward
2025-09-24 02:17:01,787 - __main__ - WARNING - ⚠️ Episode 17 terminated due to step limit.
2025-09-24 02:17:06,045 - __main__ - WARNING - ⚠️ Episode 20 terminated due to step limit.
2025-09-24 02:17:12,277 - __main__ - WARNING - ⚠️ Episode 22 terminated due to step limit.
2025-09-24 02:17:15,599 - __main__ - WARNING - ⚠️ Episode 23 terminated due to step limit.
2025-09-24 02:17:16,327 - __main__ - DEBUG - 🎯 Eval HMM masking: step 50 masked due to negative reward
2025-09-24 02:17:18,922 - __main__ - WARNING - ⚠️ Episode 24 terminated due to step limit.
2025-09-24 02:17:20,132 - __main__ - DEBUG - 🎯 Eval HMM masking: step 100 masked due to negative reward
2025-09-24 02:17:26,778 - __main__ - DEBUG - 🎯 Eval HMM masking: step 200 masked due to negative reward
2025-09-24 02:17:27,809 - __main__ - WARNING - ⚠️ Episode 29 terminated due to step limit.
2025-09-24 02:17:30,108 - __main__ - DEBUG - 🎯 Eval HMM masking: step 200 masked due to negative reward
2025-09-24 02:17:31,170 - __main__ - WARNING - ⚠️ Episode 30 terminated due to step limit.
2025-09-24 02:17:34,556 - __main__ - WARNING - ⚠️ Episode 31 terminated due to step limit.
2025-09-24 02:17:38,873 - __main__ - WARNING - ⚠️ Episode 33 terminated due to step limit.
2025-09-24 02:17:41,386 - __main__ - DEBUG - 🎯 Eval HMM masking: step 50 masked due to negative reward
2025-09-24 02:17:44,013 - __main__ - WARNING - ⚠️ Episode 36 terminated due to step limit.
2025-09-24 02:17:45,872 - __main__ - DEBUG - 🎯 Eval HMM masking: step 50 masked due to negative reward
2025-09-24 02:17:48,053 - __main__ - DEBUG - 🎯 Eval HMM masking: step 250 masked due to negative reward
2025-09-24 02:17:48,572 - __main__ - WARNING - ⚠️ Episode 39 terminated due to step limit.
2025-09-24 02:17:51,880 - __main__ - WARNING - ⚠️ Episode 40 terminated due to step limit.
2025-09-24 02:17:55,164 - __main__ - WARNING - ⚠️ Episode 41 terminated due to step limit.
2025-09-24 02:17:57,416 - __main__ - DEBUG - 🎯 Eval HMM masking: step 200 masked due to negative reward
2025-09-24 02:17:58,463 - __main__ - WARNING - ⚠️ Episode 42 terminated due to step limit.
2025-09-24 02:18:02,522 - __main__ - DEBUG - 🎯 Eval HMM masking: step 250 masked due to negative reward
2025-09-24 02:18:03,035 - __main__ - WARNING - ⚠️ Episode 44 terminated due to step limit.
2025-09-24 02:18:04,784 - __main__ - DEBUG - 🎯 Eval HMM masking: step 150 masked due to negative reward
2025-09-24 02:18:09,328 - __main__ - WARNING - ⚠️ Episode 47 terminated due to step limit.
2025-09-24 02:18:12,911 - __main__ - DEBUG - 🎯 Eval HMM masking: step 200 masked due to negative reward
2025-09-24 02:18:13,987 - __main__ - WARNING - ⚠️ Episode 49 terminated due to step limit.
2025-09-24 02:18:14,533 - __main__ - INFO - 📊 Evaluation Results (Current Round):
2025-09-24 02:18:14,534 - __main__ - INFO -    Episodes: 50
2025-09-24 02:18:14,534 - __main__ - INFO -    Time: 108.9s (2.2s/ep)
2025-09-24 02:18:14,534 - __main__ - INFO -    Average Return: 0.296 ± 0.619
2025-09-24 02:18:14,534 - __main__ - INFO -    Success Rate: 52.0%
2025-09-24 02:18:14,534 - __main__ - INFO -    Average Length: 196.9
2025-09-24 02:18:14,534 - __main__ - INFO -    Average Coverage: 69.8 positions
2025-09-24 02:18:14,534 - __main__ - INFO -    Episode Completions: 26 terminated (52.0%), 24 truncated (48.0%)
2025-09-24 02:18:14,534 - __main__ - INFO - 📈 Total Evaluation Statistics:
2025-09-24 02:18:14,534 - __main__ - INFO -    Total Episodes: 700
2025-09-24 02:18:14,534 - __main__ - INFO -    Total Average Return: 0.167 ± 0.640
2025-09-24 02:18:14,535 - __main__ - INFO -    Total Average Length: 221.2 ± 105.7
2025-09-24 02:18:14,535 - __main__ - INFO -    Total Completions: 311 terminated (44.4%), 389 truncated (55.6%)
2025-09-24 02:18:14,535 - __main__ - INFO -    Skill Entropy: 0.001
2025-09-24 02:18:14,535 - __main__ - INFO -    Used Skills: 1.0
2025-09-24 02:18:14,535 - __main__ - INFO -    Effective K: 1.00
2025-09-24 02:18:14,535 - __main__ - INFO - 🎯 Action Usage Statistics:
2025-09-24 02:18:14,535 - __main__ - INFO -    Unique actions in evaluation: 8
2025-09-24 02:18:14,535 - __main__ - INFO -    Unique actions in training: 8
2025-09-24 02:18:14,535 - __main__ - INFO -    Total unique actions: 8
2025-09-24 02:18:14,535 - __main__ - INFO -    Action coverage: 6.6%
2025-09-24 02:18:14,535 - __main__ - INFO -    Train action count: 140288
2025-09-24 02:18:14,535 - __main__ - INFO -    Eval action count: 154807
2025-09-24 02:18:14,536 - __main__ - INFO -    Train action entropy: 2.062
2025-09-24 02:18:14,536 - __main__ - INFO -    Eval action entropy: 2.064
2025-09-24 02:18:14,536 - __main__ - INFO -    Top 3 train actions: #2(22381), #1(21873), #0(18833)
2025-09-24 02:18:14,536 - __main__ - INFO -    Top 3 eval actions: #2(24419), #1(23036), #0(21955)
2025-09-24 02:18:16,821 - __main__ - INFO - 📊 Episodes completed this rollout: 7
2025-09-24 02:18:16,821 - __main__ - INFO - 📈 Episode stats: avg return = 0.84, avg length = 152.6
2025-09-24 02:18:16,821 - __main__ - INFO - 🎯 Top 3 training actions: #2(22539), #1(21987), #0(18991)
2025-09-24 02:18:20,172 - __main__ - INFO - 📊 Episodes completed this rollout: 3
2025-09-24 02:18:20,172 - __main__ - INFO - 📈 Episode stats: avg return = 0.07, avg length = 246.0
2025-09-24 02:18:20,172 - __main__ - INFO - 🎯 Top 3 training actions: #2(22667), #1(22083), #0(19186)
2025-09-24 02:18:23,515 - __main__ - INFO - 📊 Episodes completed this rollout: 7
2025-09-24 02:18:23,516 - __main__ - INFO - 📈 Episode stats: avg return = 0.35, avg length = 169.7
2025-09-24 02:18:23,516 - __main__ - INFO - 🎯 Top 3 training actions: #2(22771), #1(22186), #0(19359)
2025-09-24 02:18:26,856 - __main__ - INFO - 📊 Episodes completed this rollout: 4
2025-09-24 02:18:26,856 - __main__ - INFO - 📈 Episode stats: avg return = -0.06, avg length = 243.5
2025-09-24 02:18:26,857 - __main__ - INFO - 🎯 Top 3 training actions: #2(22876), #1(22261), #0(19491)
2025-09-24 02:18:30,149 - __main__ - INFO - 📊 Episodes completed this rollout: 4
2025-09-24 02:18:30,149 - __main__ - INFO - 📈 Episode stats: avg return = 0.04, avg length = 253.0
2025-09-24 02:18:30,149 - __main__ - INFO - 🎯 Top 3 training actions: #2(22978), #1(22344), #0(19612)
2025-09-24 02:18:33,469 - __main__ - INFO - 📊 Episodes completed this rollout: 6
2025-09-24 02:18:33,469 - __main__ - INFO - 📈 Episode stats: avg return = 0.09, avg length = 228.7
2025-09-24 02:18:33,470 - __main__ - INFO - 🎯 Top 3 training actions: #2(23070), #1(22438), #0(19729)
2025-09-24 02:18:36,764 - __main__ - INFO - 📊 Episodes completed this rollout: 4
2025-09-24 02:18:36,765 - __main__ - INFO - 📈 Episode stats: avg return = 0.27, avg length = 204.5
2025-09-24 02:18:36,765 - __main__ - INFO - 🎯 Top 3 training actions: #2(23182), #1(22554), #0(19832)
2025-09-24 02:18:40,027 - __main__ - INFO - 📊 Episodes completed this rollout: 4
2025-09-24 02:18:40,027 - __main__ - INFO - 📈 Episode stats: avg return = 0.23, avg length = 209.5
2025-09-24 02:18:40,028 - __main__ - INFO - 🎯 Top 3 training actions: #2(23288), #1(22670), #0(19932)
2025-09-24 02:18:43,332 - __main__ - INFO - 📊 Episodes completed this rollout: 5
2025-09-24 02:18:43,332 - __main__ - INFO - 📈 Episode stats: avg return = -0.14, avg length = 270.4
2025-09-24 02:18:43,332 - __main__ - INFO - 🎯 Top 3 training actions: #2(23407), #1(22780), #0(20045)
2025-09-24 02:18:46,645 - __main__ - INFO - 📊 Episodes completed this rollout: 4
2025-09-24 02:18:46,646 - __main__ - INFO - 📈 Episode stats: avg return = -0.04, avg length = 250.0
2025-09-24 02:18:46,646 - __main__ - INFO - 🎯 Top 3 training actions: #2(23525), #1(22899), #0(20138)
2025-09-24 02:18:47,649 - __main__ - INFO - 🔄 Synchronized model update at step 150,528
2025-09-24 02:18:47,650 - __main__ - INFO -    HMM interval: 12,000, VAE interval: 12,000
2025-09-24 02:18:47,650 - __main__ - INFO - 🚫 Model training masking: 1308/12288 timesteps masked (10.6%) due to negative rewards (invalid actions)
2025-09-24 02:18:48,013 - __main__ - INFO - 🔄 Capping HMM batch size from 739 to 128 to prevent OOM
2025-09-24 02:18:48,014 - __main__ - INFO - 🔄 HMM refresh starting at step 150,528 with replay size 128x106
2025-09-24 02:18:54,279 - __main__ - DEBUG - Initial ELBO: 7337.9772
2025-09-24 02:18:54,283 - __main__ - DEBUG - Relative tol: 0.0100
2025-09-24 02:18:54,283 - __main__ - DEBUG - Relative elbo_drop_tol: 0.0100
2025-09-24 02:18:54,283 - __main__ - DEBUG - - Init -505.5608
2025-09-24 02:18:54,283 - __main__ - DEBUG - - Trans -6.4200
2025-09-24 02:18:54,283 - __main__ - DEBUG - - Emit 21341.4552
2025-09-24 02:18:54,283 - __main__ - DEBUG - - Entropy 0.0006
2025-09-24 02:18:54,283 - __main__ - DEBUG - - Dir -25.8885
2025-09-24 02:18:54,283 - __main__ - DEBUG - - NIW -13449.6748
2025-09-24 02:18:54,283 - __main__ - DEBUG - - Beta prior -15.9345
2025-09-24 02:19:00,904 - __main__ - DEBUG - Iter 0: ELBO after FB: 7337.9772 (LL 20829.4750, Δ=0.0000)
2025-09-24 02:19:00,905 - __main__ - DEBUG - Blending stats with ρ_niw=0.0500, ρ_tr=0.0500.
2025-09-24 02:19:00,957 - __main__ - DEBUG - Iter 0: ELBO after NIW update: 11303.7376 (Emit LL 25751.2908, NIW term -13893.7500, Δ=3965.7605)
2025-09-24 02:19:01,009 - __main__ - DEBUG - Iter 0: ELBO after Dirichlet update: 11303.7783 (Trans LL -6.3219, Dir term -25.9460, Δ=0.0406)
2025-09-24 02:19:01,081 - __main__ - DEBUG - Iter 0: ELBO after β update: 11303.2456 (Init LL -506.0681, Dir term -25.9591, logp(β) -15.9468, Δ=-0.5327)
2025-09-24 02:19:07,709 - __main__ - DEBUG - Iter 1: ELBO after FB: 11303.2456 (LL 25238.9015, Δ=0.0000)
2025-09-24 02:19:07,710 - __main__ - DEBUG - Blending stats with ρ_niw=0.0500, ρ_tr=0.0500.
2025-09-24 02:19:07,762 - __main__ - DEBUG - Iter 1: ELBO after NIW update: 11303.2456 (Emit LL 25751.2908, NIW term -13893.7500, Δ=0.0000)
2025-09-24 02:19:07,811 - __main__ - DEBUG - Iter 1: ELBO after Dirichlet update: 11303.1564 (Trans LL -6.3013, Dir term -26.0687, Δ=-0.0892)
2025-09-24 02:19:07,881 - __main__ - DEBUG - Iter 1: ELBO after β update: 11302.6417 (Init LL -506.5109, Dir term -26.1356, logp(β) -15.9518, Δ=-0.5147)
2025-09-24 02:19:14,519 - __main__ - DEBUG - Iter 2: ELBO after FB: 11302.6417 (LL 25238.4792, Δ=0.0000)
2025-09-24 02:19:14,520 - __main__ - DEBUG - Blending stats with ρ_niw=0.0500, ρ_tr=0.0500.
2025-09-24 02:19:14,572 - __main__ - DEBUG - Iter 2: ELBO after NIW update: 11302.6417 (Emit LL 25751.2908, NIW term -13893.7500, Δ=0.0000)
2025-09-24 02:19:14,624 - __main__ - DEBUG - Iter 2: ELBO after Dirichlet update: 11302.4412 (Trans LL -6.2853, Dir term -26.3522, Δ=-0.2005)
2025-09-24 02:19:14,694 - __main__ - DEBUG - Iter 2: ELBO after β update: 11302.1109 (Init LL -506.7503, Dir term -26.4456, logp(β) -15.9494, Δ=-0.3303)
2025-09-24 02:19:21,052 - __main__ - DEBUG - Iter 3: ELBO after FB: 11302.1109 (LL 25238.2558, Δ=0.0000)
2025-09-24 02:19:21,053 - __main__ - DEBUG - Blending stats with ρ_niw=0.0500, ρ_tr=0.0500.
2025-09-24 02:19:21,104 - __main__ - DEBUG - Iter 3: ELBO after NIW update: 11302.1109 (Emit LL 25751.2908, NIW term -13893.7500, Δ=0.0000)
2025-09-24 02:19:21,156 - __main__ - DEBUG - Iter 3: ELBO after Dirichlet update: 11301.7798 (Trans LL -6.2755, Dir term -26.7865, Δ=-0.3311)
2025-09-24 02:19:21,221 - __main__ - DEBUG - Iter 3: ELBO after β update: 11301.7637 (Init LL -506.7379, Dir term -26.8190, logp(β) -15.9453, Δ=-0.0161)
2025-09-24 02:19:27,750 - __main__ - DEBUG - Iter 4: ELBO after FB: 11301.7637 (LL 25238.2780, Δ=0.0000)
2025-09-24 02:19:27,751 - __main__ - DEBUG - Blending stats with ρ_niw=0.0500, ρ_tr=0.0500.
2025-09-24 02:19:27,799 - __main__ - DEBUG - Iter 4: ELBO after NIW update: 11301.7637 (Emit LL 25751.2908, NIW term -13893.7500, Δ=0.0000)
2025-09-24 02:19:27,850 - __main__ - DEBUG - Iter 4: ELBO after Dirichlet update: 11301.4916 (Trans LL -6.2764, Dir term -27.0902, Δ=-0.2721)
2025-09-24 02:19:27,911 - __main__ - DEBUG - Iter 4: ELBO after β update: 11301.3903 (Init LL -506.7935, Dir term -27.1383, logp(β) -15.9429, Δ=-0.1012)
2025-09-24 02:19:27,913 - __main__ - INFO -    HMM refresh complete: ELBO=332.9664, iters=0, max iters, states=40
2025-09-24 02:19:27,913 - __main__ - INFO -    ✅ HMM updated (next in 12,000 steps)
2025-09-24 02:19:27,913 - __main__ - INFO - 🔄 VAE refresh starting at step 150,528 with replay size 8x1536
2025-09-24 02:19:27,914 - __main__ - INFO -    Using span sampling (12288 timesteps, too large for full buffer)
2025-09-24 02:19:53,953 - __main__ - INFO -    VAE refresh complete: final_loss=2723.7739, avg_loss=2730.7314, steps=4/4, trend=improving, total_timesteps=12288, span_sampling=32_requested×4_steps, span_len=64
2025-09-24 02:19:53,955 - __main__ - INFO -    ✅ VAE updated (next in 12,000 steps)
2025-09-24 02:19:53,959 - __main__ - INFO - 🧪 Starting evaluation with 50 episodes...
2025-09-24 02:19:53,959 - __main__ - INFO -    Eval seed: 51
2025-09-24 02:19:53,959 - __main__ - INFO -    Max episode steps (eval): env default
2025-09-24 02:19:53,960 - nle.env.base - INFO - Not saving any NLE data.
2025-09-24 02:19:57,106 - __main__ - WARNING - ⚠️ Episode 1 terminated due to step limit.
2025-09-24 02:19:59,880 - __main__ - DEBUG - 🎯 Eval HMM masking: step 250 masked due to negative reward
2025-09-24 02:20:00,394 - __main__ - WARNING - ⚠️ Episode 2 terminated due to step limit.
2025-09-24 02:20:06,481 - __main__ - DEBUG - 🎯 Eval HMM masking: step 250 masked due to negative reward
2025-09-24 02:20:06,996 - __main__ - WARNING - ⚠️ Episode 8 terminated due to step limit.
2025-09-24 02:20:10,913 - __main__ - WARNING - ⚠️ Episode 10 terminated due to step limit.
2025-09-24 02:20:14,644 - __main__ - DEBUG - 🎯 Eval HMM masking: step 150 masked due to negative reward
2025-09-24 02:20:15,690 - __main__ - DEBUG - 🎯 Eval HMM masking: step 250 masked due to negative reward
2025-09-24 02:20:16,205 - __main__ - WARNING - ⚠️ Episode 12 terminated due to step limit.
2025-09-24 02:20:17,977 - __main__ - DEBUG - 🎯 Eval HMM masking: step 150 masked due to negative reward
2025-09-24 02:20:22,091 - __main__ - WARNING - ⚠️ Episode 14 terminated due to step limit.
2025-09-24 02:20:25,379 - __main__ - WARNING - ⚠️ Episode 15 terminated due to step limit.
2025-09-24 02:20:28,707 - __main__ - WARNING - ⚠️ Episode 16 terminated due to step limit.
2025-09-24 02:20:32,005 - __main__ - WARNING - ⚠️ Episode 17 terminated due to step limit.
2025-09-24 02:20:35,331 - __main__ - WARNING - ⚠️ Episode 18 terminated due to step limit.
2025-09-24 02:20:37,586 - __main__ - DEBUG - 🎯 Eval HMM masking: step 200 masked due to negative reward
2025-09-24 02:20:39,043 - __main__ - DEBUG - 🎯 Eval HMM masking: step 50 masked due to negative reward
2025-09-24 02:20:41,641 - __main__ - WARNING - ⚠️ Episode 22 terminated due to step limit.
2025-09-24 02:20:47,061 - __main__ - DEBUG - 🎯 Eval HMM masking: step 250 masked due to negative reward
2025-09-24 02:20:50,558 - __main__ - WARNING - ⚠️ Episode 25 terminated due to step limit.
2025-09-24 02:20:53,843 - __main__ - WARNING - ⚠️ Episode 26 terminated due to step limit.
2025-09-24 02:20:58,853 - __main__ - WARNING - ⚠️ Episode 29 terminated due to step limit.
2025-09-24 02:21:05,862 - __main__ - WARNING - ⚠️ Episode 33 terminated due to step limit.
2025-09-24 02:21:08,109 - __main__ - DEBUG - 🎯 Eval HMM masking: step 200 masked due to negative reward
2025-09-24 02:21:09,141 - __main__ - WARNING - ⚠️ Episode 34 terminated due to step limit.
2025-09-24 02:21:10,350 - __main__ - DEBUG - 🎯 Eval HMM masking: step 100 masked due to negative reward
2025-09-24 02:21:12,425 - __main__ - WARNING - ⚠️ Episode 35 terminated due to step limit.
2025-09-24 02:21:13,632 - __main__ - DEBUG - 🎯 Eval HMM masking: step 100 masked due to negative reward
2025-09-24 02:21:15,716 - __main__ - WARNING - ⚠️ Episode 36 terminated due to step limit.
2025-09-24 02:21:19,003 - __main__ - WARNING - ⚠️ Episode 37 terminated due to step limit.
2025-09-24 02:21:20,777 - __main__ - DEBUG - 🎯 Eval HMM masking: step 150 masked due to negative reward
2025-09-24 02:21:24,060 - __main__ - DEBUG - 🎯 Eval HMM masking: step 150 masked due to negative reward
2025-09-24 02:21:25,105 - __main__ - DEBUG - 🎯 Eval HMM masking: step 250 masked due to negative reward
2025-09-24 02:21:25,617 - __main__ - WARNING - ⚠️ Episode 39 terminated due to step limit.
2025-09-24 02:21:26,825 - __main__ - DEBUG - 🎯 Eval HMM masking: step 100 masked due to negative reward
2025-09-24 02:21:30,546 - __main__ - DEBUG - 🎯 Eval HMM masking: step 200 masked due to negative reward
2025-09-24 02:21:31,578 - __main__ - WARNING - ⚠️ Episode 42 terminated due to step limit.
2025-09-24 02:21:34,843 - __main__ - WARNING - ⚠️ Episode 43 terminated due to step limit.
2025-09-24 02:21:36,048 - __main__ - DEBUG - 🎯 Eval HMM masking: step 100 masked due to negative reward
2025-09-24 02:21:44,045 - __main__ - DEBUG - 🎯 Eval HMM masking: step 200 masked due to negative reward
2025-09-24 02:21:45,080 - __main__ - WARNING - ⚠️ Episode 48 terminated due to step limit.
2025-09-24 02:21:45,766 - __main__ - DEBUG - 🎯 Eval HMM masking: step 50 masked due to negative reward
2025-09-24 02:21:46,284 - __main__ - DEBUG - 🎯 Eval HMM masking: step 100 masked due to negative reward
2025-09-24 02:21:48,351 - __main__ - WARNING - ⚠️ Episode 49 terminated due to step limit.
2025-09-24 02:21:51,119 - __main__ - DEBUG - 🎯 Eval HMM masking: step 250 masked due to negative reward
2025-09-24 02:21:51,631 - __main__ - WARNING - ⚠️ Episode 50 terminated due to step limit.
2025-09-24 02:21:51,791 - __main__ - INFO - 📊 Evaluation Results (Current Round):
2025-09-24 02:21:51,791 - __main__ - INFO -    Episodes: 50
2025-09-24 02:21:51,791 - __main__ - INFO -    Time: 117.8s (2.4s/ep)
2025-09-24 02:21:51,791 - __main__ - INFO -    Average Return: 0.271 ± 0.611
2025-09-24 02:21:51,791 - __main__ - INFO -    Success Rate: 50.0%
2025-09-24 02:21:51,791 - __main__ - INFO -    Average Length: 214.6
2025-09-24 02:21:51,791 - __main__ - INFO -    Average Coverage: 76.4 positions
2025-09-24 02:21:51,791 - __main__ - INFO -    Episode Completions: 25 terminated (50.0%), 25 truncated (50.0%)
2025-09-24 02:21:51,791 - __main__ - INFO - 📈 Total Evaluation Statistics:
2025-09-24 02:21:51,791 - __main__ - INFO -    Total Episodes: 750
2025-09-24 02:21:51,792 - __main__ - INFO -    Total Average Return: 0.174 ± 0.638
2025-09-24 02:21:51,792 - __main__ - INFO -    Total Average Length: 220.7 ± 106.2
2025-09-24 02:21:51,792 - __main__ - INFO -    Total Completions: 336 terminated (44.8%), 414 truncated (55.2%)
2025-09-24 02:21:51,792 - __main__ - INFO -    Skill Entropy: 0.001
2025-09-24 02:21:51,792 - __main__ - INFO -    Used Skills: 1.0
2025-09-24 02:21:51,792 - __main__ - INFO -    Effective K: 1.00
2025-09-24 02:21:51,792 - __main__ - INFO - 🎯 Action Usage Statistics:
2025-09-24 02:21:51,792 - __main__ - INFO -    Unique actions in evaluation: 8
2025-09-24 02:21:51,792 - __main__ - INFO -    Unique actions in training: 8
2025-09-24 02:21:51,793 - __main__ - INFO -    Total unique actions: 8
2025-09-24 02:21:51,793 - __main__ - INFO -    Action coverage: 6.6%
2025-09-24 02:21:51,793 - __main__ - INFO -    Train action count: 150528
2025-09-24 02:21:51,793 - __main__ - INFO -    Eval action count: 165536
2025-09-24 02:21:51,793 - __main__ - INFO -    Train action entropy: 2.066
2025-09-24 02:21:51,794 - __main__ - INFO -    Eval action entropy: 2.067
2025-09-24 02:21:51,794 - __main__ - INFO -    Top 3 train actions: #2(23525), #1(22899), #0(20138)
2025-09-24 02:21:51,794 - __main__ - INFO -    Top 3 eval actions: #2(25531), #1(24228), #0(23201)
2025-09-24 02:21:54,089 - __main__ - INFO - 📊 Episodes completed this rollout: 2
2025-09-24 02:21:54,089 - __main__ - INFO - 📈 Episode stats: avg return = 0.74, avg length = 235.0
2025-09-24 02:21:54,089 - __main__ - INFO - 🎯 Top 3 training actions: #2(23641), #1(23011), #0(20249)
2025-09-24 02:21:57,398 - __main__ - INFO - 📊 Episodes completed this rollout: 5
2025-09-24 02:21:57,398 - __main__ - INFO - 📈 Episode stats: avg return = 0.40, avg length = 255.6
2025-09-24 02:21:57,398 - __main__ - INFO - 🎯 Top 3 training actions: #2(23747), #1(23101), #0(20387)
2025-09-24 02:22:00,693 - __main__ - INFO - 📊 Episodes completed this rollout: 7
2025-09-24 02:22:00,693 - __main__ - INFO - 📈 Episode stats: avg return = 0.40, avg length = 172.6
2025-09-24 02:22:00,693 - __main__ - INFO - 🎯 Top 3 training actions: #2(23844), #1(23227), #0(20497)
2025-09-24 02:22:03,977 - __main__ - INFO - 📊 Episodes completed this rollout: 3
2025-09-24 02:22:03,978 - __main__ - INFO - 📈 Episode stats: avg return = -0.32, avg length = 300.0
2025-09-24 02:22:03,978 - __main__ - INFO - 🎯 Top 3 training actions: #2(23926), #1(23306), #0(20608)
2025-09-24 02:22:07,292 - __main__ - INFO - 📊 Episodes completed this rollout: 7
2025-09-24 02:22:07,293 - __main__ - INFO - 📈 Episode stats: avg return = 0.24, avg length = 210.7
2025-09-24 02:22:07,293 - __main__ - INFO - 🎯 Top 3 training actions: #2(24032), #1(23413), #0(20731)
2025-09-24 02:22:10,559 - __main__ - INFO - 📊 Episodes completed this rollout: 4
2025-09-24 02:22:10,559 - __main__ - INFO - 📈 Episode stats: avg return = 0.13, avg length = 202.0
2025-09-24 02:22:10,560 - __main__ - INFO - 🎯 Top 3 training actions: #2(24130), #1(23530), #0(20838)
2025-09-24 02:22:13,883 - __main__ - INFO - 📊 Episodes completed this rollout: 2
2025-09-24 02:22:13,883 - __main__ - INFO - 📈 Episode stats: avg return = -0.40, avg length = 300.0
2025-09-24 02:22:13,883 - __main__ - INFO - 🎯 Top 3 training actions: #2(24251), #1(23657), #0(20952)
2025-09-24 02:22:17,241 - __main__ - INFO - 📊 Episodes completed this rollout: 4
2025-09-24 02:22:17,241 - __main__ - INFO - 📈 Episode stats: avg return = -0.01, avg length = 268.2
2025-09-24 02:22:17,241 - __main__ - INFO - 🎯 Top 3 training actions: #2(24382), #1(23774), #0(21071)
2025-09-24 02:22:20,604 - __main__ - INFO - 📊 Episodes completed this rollout: 9
2025-09-24 02:22:20,605 - __main__ - INFO - 📈 Episode stats: avg return = 0.47, avg length = 170.7
2025-09-24 02:22:20,605 - __main__ - INFO - 🎯 Top 3 training actions: #2(24516), #1(23915), #0(21199)
2025-09-24 02:22:23,964 - __main__ - INFO - 📊 Episodes completed this rollout: 2
2025-09-24 02:22:23,964 - __main__ - INFO - 📈 Episode stats: avg return = -0.30, avg length = 300.0
2025-09-24 02:22:23,964 - __main__ - INFO - 🎯 Top 3 training actions: #2(24663), #1(24058), #0(21322)
2025-09-24 02:22:24,968 - __main__ - INFO - 🧪 Starting evaluation with 50 episodes...
2025-09-24 02:22:24,968 - __main__ - INFO -    Eval seed: 51
2025-09-24 02:22:24,968 - __main__ - INFO -    Max episode steps (eval): env default
2025-09-24 02:22:24,969 - nle.env.base - INFO - Not saving any NLE data.
2025-09-24 02:22:26,567 - __main__ - DEBUG - 🎯 Eval HMM masking: step 150 masked due to negative reward
2025-09-24 02:22:27,085 - __main__ - DEBUG - 🎯 Eval HMM masking: step 200 masked due to negative reward
2025-09-24 02:22:28,116 - __main__ - WARNING - ⚠️ Episode 1 terminated due to step limit.
2025-09-24 02:22:31,374 - __main__ - WARNING - ⚠️ Episode 2 terminated due to step limit.
2025-09-24 02:22:37,457 - __main__ - WARNING - ⚠️ Episode 5 terminated due to step limit.
2025-09-24 02:22:38,137 - __main__ - DEBUG - 🎯 Eval HMM masking: step 50 masked due to negative reward
2025-09-24 02:22:40,725 - __main__ - WARNING - ⚠️ Episode 6 terminated due to step limit.
2025-09-24 02:22:44,003 - __main__ - WARNING - ⚠️ Episode 7 terminated due to step limit.
2025-09-24 02:22:45,221 - __main__ - DEBUG - 🎯 Eval HMM masking: step 100 masked due to negative reward
2025-09-24 02:22:47,277 - __main__ - WARNING - ⚠️ Episode 8 terminated due to step limit.
2025-09-24 02:22:49,379 - __main__ - DEBUG - 🎯 Eval HMM masking: step 150 masked due to negative reward
2025-09-24 02:22:50,919 - __main__ - WARNING - ⚠️ Episode 10 terminated due to step limit.
2025-09-24 02:22:57,201 - __main__ - WARNING - ⚠️ Episode 13 terminated due to step limit.
2025-09-24 02:23:00,507 - __main__ - WARNING - ⚠️ Episode 14 terminated due to step limit.
2025-09-24 02:23:04,418 - __main__ - WARNING - ⚠️ Episode 16 terminated due to step limit.
2025-09-24 02:23:12,511 - __main__ - WARNING - ⚠️ Episode 19 terminated due to step limit.
2025-09-24 02:23:15,260 - __main__ - DEBUG - 🎯 Eval HMM masking: step 250 masked due to negative reward
2025-09-24 02:23:15,769 - __main__ - WARNING - ⚠️ Episode 20 terminated due to step limit.
2025-09-24 02:23:18,554 - __main__ - DEBUG - 🎯 Eval HMM masking: step 150 masked due to negative reward
2025-09-24 02:23:19,615 - __main__ - DEBUG - 🎯 Eval HMM masking: step 250 masked due to negative reward
2025-09-24 02:23:20,154 - __main__ - WARNING - ⚠️ Episode 22 terminated due to step limit.
2025-09-24 02:23:20,846 - __main__ - DEBUG - 🎯 Eval HMM masking: step 50 masked due to negative reward
2025-09-24 02:23:23,618 - __main__ - WARNING - ⚠️ Episode 23 terminated due to step limit.
2025-09-24 02:23:26,998 - __main__ - WARNING - ⚠️ Episode 24 terminated due to step limit.
2025-09-24 02:23:30,277 - __main__ - WARNING - ⚠️ Episode 25 terminated due to step limit.
2025-09-24 02:23:34,289 - __main__ - WARNING - ⚠️ Episode 27 terminated due to step limit.
2025-09-24 02:23:37,578 - __main__ - WARNING - ⚠️ Episode 28 terminated due to step limit.
2025-09-24 02:23:40,468 - __main__ - DEBUG - 🎯 Eval HMM masking: step 200 masked due to negative reward
2025-09-24 02:23:41,495 - __main__ - WARNING - ⚠️ Episode 30 terminated due to step limit.
2025-09-24 02:23:46,361 - __main__ - WARNING - ⚠️ Episode 33 terminated due to step limit.
2025-09-24 02:23:49,658 - __main__ - WARNING - ⚠️ Episode 34 terminated due to step limit.
2025-09-24 02:23:52,919 - __main__ - WARNING - ⚠️ Episode 35 terminated due to step limit.
2025-09-24 02:23:53,927 - __main__ - DEBUG - 🎯 Eval HMM masking: step 50 masked due to negative reward
2025-09-24 02:23:55,490 - __main__ - DEBUG - 🎯 Eval HMM masking: step 200 masked due to negative reward
2025-09-24 02:23:56,525 - __main__ - WARNING - ⚠️ Episode 37 terminated due to step limit.
2025-09-24 02:24:01,363 - __main__ - DEBUG - 🎯 Eval HMM masking: step 100 masked due to negative reward
2025-09-24 02:24:02,429 - __main__ - DEBUG - 🎯 Eval HMM masking: step 200 masked due to negative reward
2025-09-24 02:24:03,460 - __main__ - WARNING - ⚠️ Episode 40 terminated due to step limit.
2025-09-24 02:24:06,826 - __main__ - WARNING - ⚠️ Episode 41 terminated due to step limit.
2025-09-24 02:24:10,094 - __main__ - WARNING - ⚠️ Episode 42 terminated due to step limit.
2025-09-24 02:24:15,648 - __main__ - WARNING - ⚠️ Episode 44 terminated due to step limit.
2025-09-24 02:24:18,975 - __main__ - DEBUG - 🎯 Eval HMM masking: step 50 masked due to negative reward
2025-09-24 02:24:22,674 - __main__ - DEBUG - 🎯 Eval HMM masking: step 100 masked due to negative reward
2025-09-24 02:24:26,402 - __main__ - WARNING - ⚠️ Episode 50 terminated due to step limit.
2025-09-24 02:24:26,558 - __main__ - INFO - 📊 Evaluation Results (Current Round):
2025-09-24 02:24:26,558 - __main__ - INFO -    Episodes: 50
2025-09-24 02:24:26,558 - __main__ - INFO -    Time: 121.6s (2.4s/ep)
2025-09-24 02:24:26,558 - __main__ - INFO -    Average Return: 0.183 ± 0.616
2025-09-24 02:24:26,558 - __main__ - INFO -    Success Rate: 44.0%
2025-09-24 02:24:26,558 - __main__ - INFO -    Average Length: 220.2
2025-09-24 02:24:26,558 - __main__ - INFO -    Average Coverage: 76.1 positions
2025-09-24 02:24:26,559 - __main__ - INFO -    Episode Completions: 22 terminated (44.0%), 28 truncated (56.0%)
2025-09-24 02:24:26,559 - __main__ - INFO - 📈 Total Evaluation Statistics:
2025-09-24 02:24:26,559 - __main__ - INFO -    Total Episodes: 800
2025-09-24 02:24:26,559 - __main__ - INFO -    Total Average Return: 0.174 ± 0.637
2025-09-24 02:24:26,559 - __main__ - INFO -    Total Average Length: 220.7 ± 106.2
2025-09-24 02:24:26,559 - __main__ - INFO -    Total Completions: 358 terminated (44.8%), 442 truncated (55.2%)
2025-09-24 02:24:26,559 - __main__ - INFO -    Skill Entropy: 0.001
2025-09-24 02:24:26,559 - __main__ - INFO -    Used Skills: 1.0
2025-09-24 02:24:26,559 - __main__ - INFO -    Effective K: 1.00
2025-09-24 02:24:26,559 - __main__ - INFO - 🎯 Action Usage Statistics:
2025-09-24 02:24:26,559 - __main__ - INFO -    Unique actions in evaluation: 8
2025-09-24 02:24:26,560 - __main__ - INFO -    Unique actions in training: 8
2025-09-24 02:24:26,560 - __main__ - INFO -    Total unique actions: 8
2025-09-24 02:24:26,560 - __main__ - INFO -    Action coverage: 6.6%
2025-09-24 02:24:26,560 - __main__ - INFO -    Train action count: 160768
2025-09-24 02:24:26,560 - __main__ - INFO -    Eval action count: 176546
2025-09-24 02:24:26,560 - __main__ - INFO -    Train action entropy: 2.069
2025-09-24 02:24:26,561 - __main__ - INFO -    Eval action entropy: 2.068
2025-09-24 02:24:26,561 - __main__ - INFO -    Top 3 train actions: #2(24663), #1(24058), #0(21322)
2025-09-24 02:24:26,561 - __main__ - INFO -    Top 3 eval actions: #2(27059), #1(25816), #0(24710)
2025-09-24 02:24:28,872 - __main__ - INFO - 📊 Episodes completed this rollout: 10
2025-09-24 02:24:28,872 - __main__ - INFO - 📈 Episode stats: avg return = 0.63, avg length = 143.1
2025-09-24 02:24:28,872 - __main__ - INFO - 🎯 Top 3 training actions: #2(24817), #1(24197), #0(21466)
2025-09-24 02:24:32,192 - __main__ - INFO - 📊 Episodes completed this rollout: 4
2025-09-24 02:24:32,192 - __main__ - INFO - 📈 Episode stats: avg return = 0.35, avg length = 182.5
2025-09-24 02:24:32,193 - __main__ - INFO - 🎯 Top 3 training actions: #2(24948), #1(24344), #0(21645)
2025-09-24 02:24:33,232 - __main__ - INFO - 🔄 Synchronized model update at step 162,816
2025-09-24 02:24:33,232 - __main__ - INFO -    HMM interval: 12,000, VAE interval: 12,000
2025-09-24 02:24:33,233 - __main__ - INFO - 🚫 Model training masking: 756/12288 timesteps masked (6.2%) due to negative rewards (invalid actions)
2025-09-24 02:24:33,588 - __main__ - INFO - 🔄 Capping HMM batch size from 486 to 128 to prevent OOM
2025-09-24 02:24:33,589 - __main__ - INFO - 🔄 HMM refresh starting at step 162,816 with replay size 128x1536
2025-09-24 02:26:02,802 - __main__ - DEBUG - Initial ELBO: 25731.5874
2025-09-24 02:26:02,803 - __main__ - DEBUG - Relative tol: 0.0100
2025-09-24 02:26:02,803 - __main__ - DEBUG - Relative elbo_drop_tol: 0.0100
2025-09-24 02:26:02,803 - __main__ - DEBUG - - Init -506.0681
2025-09-24 02:26:02,803 - __main__ - DEBUG - - Trans -9.8494
2025-09-24 02:26:02,803 - __main__ - DEBUG - - Emit 40183.1519
2025-09-24 02:26:02,803 - __main__ - DEBUG - - Entropy 0.0089
2025-09-24 02:26:02,803 - __main__ - DEBUG - - Dir -25.9591
2025-09-24 02:26:02,803 - __main__ - DEBUG - - NIW -13893.7500
2025-09-24 02:26:02,803 - __main__ - DEBUG - - Beta prior -15.9468
2025-09-24 02:27:31,015 - __main__ - DEBUG - Iter 0: ELBO after FB: 25731.5874 (LL 39667.2433, Δ=0.0000)
2025-09-24 02:27:31,022 - __main__ - DEBUG - Blending stats with ρ_niw=0.0500, ρ_tr=0.0500.
2025-09-24 02:27:31,107 - __main__ - DEBUG - Iter 0: ELBO after NIW update: 32889.8406 (Emit LL 48182.0886, NIW term -14734.4336, Δ=7158.2531)
2025-09-24 02:27:31,191 - __main__ - DEBUG - Iter 0: ELBO after Dirichlet update: 32890.0777 (Trans LL -9.3768, Dir term -26.1945, Δ=0.2371)
2025-09-24 02:27:31,297 - __main__ - DEBUG - Iter 0: ELBO after β update: 32889.5822 (Init LL -506.5365, Dir term -26.2090, logp(β) -15.9594, Δ=-0.4955)
2025-09-24 02:29:00,780 - __main__ - DEBUG - Iter 1: ELBO after FB: 32889.5822 (LL 47666.1842, Δ=0.0000)
2025-09-24 02:29:00,780 - __main__ - DEBUG - Blending stats with ρ_niw=0.0500, ρ_tr=0.0500.
2025-09-24 02:29:00,864 - __main__ - DEBUG - Iter 1: ELBO after NIW update: 32889.5822 (Emit LL 48182.0886, NIW term -14734.4336, Δ=0.0000)
2025-09-24 02:29:00,948 - __main__ - DEBUG - Iter 1: ELBO after Dirichlet update: 32889.5347 (Trans LL -9.3490, Dir term -26.2843, Δ=-0.0475)
2025-09-24 02:29:01,052 - __main__ - DEBUG - Iter 1: ELBO after β update: 32888.9990 (Init LL -506.9873, Dir term -26.3647, logp(β) -15.9639, Δ=-0.5357)
2025-09-24 02:30:32,383 - __main__ - DEBUG - Iter 2: ELBO after FB: 32888.9990 (LL 47665.7612, Δ=0.0000)
2025-09-24 02:30:32,384 - __main__ - DEBUG - Blending stats with ρ_niw=0.0500, ρ_tr=0.0500.
2025-09-24 02:30:32,468 - __main__ - DEBUG - Iter 2: ELBO after NIW update: 32888.9990 (Emit LL 48182.0886, NIW term -14734.4336, Δ=0.0000)
2025-09-24 02:30:32,552 - __main__ - DEBUG - Iter 2: ELBO after Dirichlet update: 32888.7925 (Trans LL -9.3240, Dir term -26.5962, Δ=-0.2065)
2025-09-24 02:30:32,657 - __main__ - DEBUG - Iter 2: ELBO after β update: 32888.5210 (Init LL -507.1823, Dir term -26.6767, logp(β) -15.9599, Δ=-0.2715)
2025-09-24 02:32:03,086 - __main__ - DEBUG - Iter 3: ELBO after FB: 32888.5210 (LL 47665.5913, Δ=0.0000)
2025-09-24 02:32:03,086 - __main__ - DEBUG - Blending stats with ρ_niw=0.0500, ρ_tr=0.0500.
2025-09-24 02:32:03,170 - __main__ - DEBUG - Iter 3: ELBO after NIW update: 32888.5210 (Emit LL 48182.0886, NIW term -14734.4336, Δ=0.0000)
2025-09-24 02:32:03,254 - __main__ - DEBUG - Iter 3: ELBO after Dirichlet update: 32888.1839 (Trans LL -9.3115, Dir term -27.0264, Δ=-0.3372)
2025-09-24 02:32:03,350 - __main__ - DEBUG - Iter 3: ELBO after β update: 32888.1847 (Init LL -507.1474, Dir term -27.0639, logp(β) -15.9565, Δ=0.0008)
2025-09-24 02:33:34,321 - __main__ - DEBUG - Iter 4: ELBO after FB: 32888.1847 (LL 47665.6387, Δ=0.0000)
2025-09-24 02:33:34,322 - __main__ - DEBUG - Blending stats with ρ_niw=0.0500, ρ_tr=0.0500.
2025-09-24 02:33:34,406 - __main__ - DEBUG - Iter 4: ELBO after NIW update: 32888.1847 (Emit LL 48182.0886, NIW term -14734.4336, Δ=0.0000)
2025-09-24 02:33:34,491 - __main__ - DEBUG - Iter 4: ELBO after Dirichlet update: 32887.9463 (Trans LL -9.3143, Dir term -27.2995, Δ=-0.2383)
2025-09-24 02:33:34,580 - __main__ - DEBUG - Iter 4: ELBO after β update: 32887.8554 (Init LL -507.2209, Dir term -27.3180, logp(β) -15.9554, Δ=-0.0910)
2025-09-24 02:33:34,582 - __main__ - INFO -    HMM refresh complete: ELBO=7.4074, iters=0, max iters, states=40
2025-09-24 02:33:34,582 - __main__ - INFO -    ✅ HMM updated (next in 12,000 steps)
2025-09-24 02:33:34,582 - __main__ - INFO - 🔄 VAE refresh starting at step 162,816 with replay size 8x1536
2025-09-24 02:33:34,583 - __main__ - INFO -    Using span sampling (12288 timesteps, too large for full buffer)
2025-09-24 02:34:02,487 - __main__ - INFO -    VAE refresh complete: final_loss=2709.9148, avg_loss=2716.6063, steps=4/4, trend=improving, total_timesteps=12288, span_sampling=32_requested×4_steps, span_len=64
2025-09-24 02:34:02,489 - __main__ - INFO -    ✅ VAE updated (next in 12,000 steps)
2025-09-24 02:34:04,795 - __main__ - INFO - 📊 Episodes completed this rollout: 3
2025-09-24 02:34:04,795 - __main__ - INFO - 📈 Episode stats: avg return = 0.18, avg length = 272.3
2025-09-24 02:34:04,796 - __main__ - INFO - 🎯 Top 3 training actions: #2(25077), #1(24486), #0(21796)
2025-09-24 02:34:08,150 - __main__ - INFO - 📊 Episodes completed this rollout: 6
2025-09-24 02:34:08,150 - __main__ - INFO - 📈 Episode stats: avg return = -0.14, avg length = 259.3
2025-09-24 02:34:08,150 - __main__ - INFO - 🎯 Top 3 training actions: #2(25203), #1(24619), #0(21931)
2025-09-24 02:34:11,566 - __main__ - INFO - 📊 Episodes completed this rollout: 1
2025-09-24 02:34:11,567 - __main__ - INFO - 📈 Episode stats: avg return = 0.81, avg length = 166.0
2025-09-24 02:34:11,567 - __main__ - INFO - 🎯 Top 3 training actions: #2(25349), #1(24763), #0(22062)
2025-09-24 02:34:14,921 - __main__ - INFO - 📊 Episodes completed this rollout: 7
2025-09-24 02:34:14,921 - __main__ - INFO - 📈 Episode stats: avg return = 0.12, avg length = 229.9
2025-09-24 02:34:14,922 - __main__ - INFO - 🎯 Top 3 training actions: #2(25497), #1(24882), #0(22184)
2025-09-24 02:34:18,188 - __main__ - INFO - 📊 Episodes completed this rollout: 3
2025-09-24 02:34:18,188 - __main__ - INFO - 📈 Episode stats: avg return = 0.06, avg length = 258.7
2025-09-24 02:34:18,189 - __main__ - INFO - 🎯 Top 3 training actions: #2(25638), #1(25002), #0(22301)
2025-09-24 02:34:21,470 - __main__ - INFO - 📊 Episodes completed this rollout: 5
2025-09-24 02:34:21,470 - __main__ - INFO - 📈 Episode stats: avg return = 0.23, avg length = 268.4
2025-09-24 02:34:21,471 - __main__ - INFO - 🎯 Top 3 training actions: #2(25783), #1(25110), #0(22428)
2025-09-24 02:34:24,750 - __main__ - INFO - 📊 Episodes completed this rollout: 5
2025-09-24 02:34:24,750 - __main__ - INFO - 📈 Episode stats: avg return = 0.42, avg length = 182.2
2025-09-24 02:34:24,750 - __main__ - INFO - 🎯 Top 3 training actions: #2(25910), #1(25253), #0(22548)
2025-09-24 02:34:28,047 - __main__ - INFO - 📊 Episodes completed this rollout: 3
2025-09-24 02:34:28,047 - __main__ - INFO - 📈 Episode stats: avg return = 0.52, avg length = 153.0
2025-09-24 02:34:28,047 - __main__ - INFO - 🎯 Top 3 training actions: #2(26091), #1(25383), #0(22632)
2025-09-24 02:34:29,062 - __main__ - INFO - 🧪 Starting evaluation with 50 episodes...
2025-09-24 02:34:29,062 - __main__ - INFO -    Eval seed: 51
2025-09-24 02:34:29,062 - __main__ - INFO -    Max episode steps (eval): env default
2025-09-24 02:34:29,063 - nle.env.base - INFO - Not saving any NLE data.
2025-09-24 02:34:31,496 - __main__ - DEBUG - 🎯 Eval HMM masking: step 200 masked due to negative reward
2025-09-24 02:34:32,530 - __main__ - WARNING - ⚠️ Episode 2 terminated due to step limit.
2025-09-24 02:34:34,777 - __main__ - DEBUG - 🎯 Eval HMM masking: step 200 masked due to negative reward
2025-09-24 02:34:36,382 - __main__ - DEBUG - 🎯 Eval HMM masking: step 100 masked due to negative reward
2025-09-24 02:34:38,448 - __main__ - WARNING - ⚠️ Episode 4 terminated due to step limit.
2025-09-24 02:34:42,518 - __main__ - WARNING - ⚠️ Episode 7 terminated due to step limit.
2025-09-24 02:34:45,797 - __main__ - WARNING - ⚠️ Episode 8 terminated due to step limit.
2025-09-24 02:34:48,046 - __main__ - DEBUG - 🎯 Eval HMM masking: step 200 masked due to negative reward
2025-09-24 02:34:49,082 - __main__ - WARNING - ⚠️ Episode 9 terminated due to step limit.
2025-09-24 02:34:49,776 - __main__ - DEBUG - 🎯 Eval HMM masking: step 50 masked due to negative reward
2025-09-24 02:34:52,433 - __main__ - DEBUG - 🎯 Eval HMM masking: step 250 masked due to negative reward
2025-09-24 02:34:52,941 - __main__ - WARNING - ⚠️ Episode 11 terminated due to step limit.
2025-09-24 02:34:53,633 - __main__ - DEBUG - 🎯 Eval HMM masking: step 50 masked due to negative reward
2025-09-24 02:34:56,251 - __main__ - WARNING - ⚠️ Episode 12 terminated due to step limit.
2025-09-24 02:34:59,690 - __main__ - WARNING - ⚠️ Episode 13 terminated due to step limit.
2025-09-24 02:35:04,564 - __main__ - DEBUG - 🎯 Eval HMM masking: step 150 masked due to negative reward
2025-09-24 02:35:06,115 - __main__ - WARNING - ⚠️ Episode 16 terminated due to step limit.
2025-09-24 02:35:08,056 - __main__ - DEBUG - 🎯 Eval HMM masking: step 150 masked due to negative reward
2025-09-24 02:35:09,676 - __main__ - WARNING - ⚠️ Episode 18 terminated due to step limit.
2025-09-24 02:35:12,942 - __main__ - WARNING - ⚠️ Episode 19 terminated due to step limit.
2025-09-24 02:35:16,275 - __main__ - WARNING - ⚠️ Episode 20 terminated due to step limit.
2025-09-24 02:35:18,516 - __main__ - DEBUG - 🎯 Eval HMM masking: step 200 masked due to negative reward
2025-09-24 02:35:19,548 - __main__ - WARNING - ⚠️ Episode 21 terminated due to step limit.
2025-09-24 02:35:25,742 - __main__ - WARNING - ⚠️ Episode 24 terminated due to step limit.
2025-09-24 02:35:29,028 - __main__ - WARNING - ⚠️ Episode 25 terminated due to step limit.
2025-09-24 02:35:32,088 - __main__ - DEBUG - 🎯 Eval HMM masking: step 150 masked due to negative reward
2025-09-24 02:35:33,656 - __main__ - WARNING - ⚠️ Episode 27 terminated due to step limit.
2025-09-24 02:35:36,956 - __main__ - WARNING - ⚠️ Episode 28 terminated due to step limit.
2025-09-24 02:35:38,166 - __main__ - DEBUG - 🎯 Eval HMM masking: step 100 masked due to negative reward
2025-09-24 02:35:42,258 - __main__ - WARNING - ⚠️ Episode 30 terminated due to step limit.
2025-09-24 02:35:47,730 - __main__ - DEBUG - 🎯 Eval HMM masking: step 200 masked due to negative reward
2025-09-24 02:35:48,761 - __main__ - WARNING - ⚠️ Episode 32 terminated due to step limit.
2025-09-24 02:35:51,027 - __main__ - DEBUG - 🎯 Eval HMM masking: step 200 masked due to negative reward
2025-09-24 02:35:52,073 - __main__ - WARNING - ⚠️ Episode 33 terminated due to step limit.
2025-09-24 02:35:54,840 - __main__ - DEBUG - 🎯 Eval HMM masking: step 250 masked due to negative reward
2025-09-24 02:35:55,358 - __main__ - WARNING - ⚠️ Episode 34 terminated due to step limit.
2025-09-24 02:35:58,655 - __main__ - WARNING - ⚠️ Episode 35 terminated due to step limit.
2025-09-24 02:36:01,996 - __main__ - WARNING - ⚠️ Episode 36 terminated due to step limit.
2025-09-24 02:36:04,312 - __main__ - DEBUG - 🎯 Eval HMM masking: step 200 masked due to negative reward
2025-09-24 02:36:05,373 - __main__ - WARNING - ⚠️ Episode 38 terminated due to step limit.
2025-09-24 02:36:06,114 - __main__ - DEBUG - 🎯 Eval HMM masking: step 50 masked due to negative reward
2025-09-24 02:36:08,724 - __main__ - WARNING - ⚠️ Episode 40 terminated due to step limit.
2025-09-24 02:36:10,978 - __main__ - DEBUG - 🎯 Eval HMM masking: step 200 masked due to negative reward
2025-09-24 02:36:12,017 - __main__ - WARNING - ⚠️ Episode 41 terminated due to step limit.
2025-09-24 02:36:15,423 - __main__ - WARNING - ⚠️ Episode 43 terminated due to step limit.
2025-09-24 02:36:16,115 - __main__ - DEBUG - 🎯 Eval HMM masking: step 50 masked due to negative reward
2025-09-24 02:36:18,716 - __main__ - WARNING - ⚠️ Episode 44 terminated due to step limit.
2025-09-24 02:36:22,004 - __main__ - WARNING - ⚠️ Episode 45 terminated due to step limit.
2025-09-24 02:36:23,736 - __main__ - DEBUG - 🎯 Eval HMM masking: step 150 masked due to negative reward
2025-09-24 02:36:24,778 - __main__ - DEBUG - 🎯 Eval HMM masking: step 250 masked due to negative reward
2025-09-24 02:36:28,469 - __main__ - DEBUG - 🎯 Eval HMM masking: step 150 masked due to negative reward
2025-09-24 02:36:30,021 - __main__ - WARNING - ⚠️ Episode 49 terminated due to step limit.
2025-09-24 02:36:31,271 - __main__ - DEBUG - 🎯 Eval HMM masking: step 100 masked due to negative reward
2025-09-24 02:36:33,431 - __main__ - WARNING - ⚠️ Episode 50 terminated due to step limit.
2025-09-24 02:36:33,598 - __main__ - INFO - 📊 Evaluation Results (Current Round):
2025-09-24 02:36:33,598 - __main__ - INFO -    Episodes: 50
2025-09-24 02:36:33,598 - __main__ - INFO -    Time: 124.5s (2.5s/ep)
2025-09-24 02:36:33,598 - __main__ - INFO -    Average Return: 0.142 ± 0.607
2025-09-24 02:36:33,598 - __main__ - INFO -    Success Rate: 38.0%
2025-09-24 02:36:33,598 - __main__ - INFO -    Average Length: 226.3
2025-09-24 02:36:33,598 - __main__ - INFO -    Average Coverage: 77.8 positions
2025-09-24 02:36:33,598 - __main__ - INFO -    Episode Completions: 19 terminated (38.0%), 31 truncated (62.0%)
2025-09-24 02:36:33,598 - __main__ - INFO - 📈 Total Evaluation Statistics:
2025-09-24 02:36:33,598 - __main__ - INFO -    Total Episodes: 850
2025-09-24 02:36:33,598 - __main__ - INFO -    Total Average Return: 0.173 ± 0.635
2025-09-24 02:36:33,599 - __main__ - INFO -    Total Average Length: 221.0 ± 106.6
2025-09-24 02:36:33,599 - __main__ - INFO -    Total Completions: 377 terminated (44.4%), 473 truncated (55.6%)
2025-09-24 02:36:33,599 - __main__ - INFO -    Skill Entropy: 0.001
2025-09-24 02:36:33,599 - __main__ - INFO -    Used Skills: 1.0
2025-09-24 02:36:33,599 - __main__ - INFO -    Effective K: 1.00
2025-09-24 02:36:33,599 - __main__ - INFO - 🎯 Action Usage Statistics:
2025-09-24 02:36:33,599 - __main__ - INFO -    Unique actions in evaluation: 8
2025-09-24 02:36:33,599 - __main__ - INFO -    Unique actions in training: 8
2025-09-24 02:36:33,599 - __main__ - INFO -    Total unique actions: 8
2025-09-24 02:36:33,599 - __main__ - INFO -    Action coverage: 6.6%
2025-09-24 02:36:33,599 - __main__ - INFO -    Train action count: 171008
2025-09-24 02:36:33,600 - __main__ - INFO -    Eval action count: 187863
2025-09-24 02:36:33,600 - __main__ - INFO -    Train action entropy: 2.069
2025-09-24 02:36:33,600 - __main__ - INFO -    Eval action entropy: 2.069
2025-09-24 02:36:33,600 - __main__ - INFO -    Top 3 train actions: #2(26091), #1(25383), #0(22632)
2025-09-24 02:36:33,601 - __main__ - INFO -    Top 3 eval actions: #2(29222), #1(27029), #0(25505)
2025-09-24 02:36:36,035 - __main__ - INFO - 📊 Episodes completed this rollout: 7
2025-09-24 02:36:36,036 - __main__ - INFO - 📈 Episode stats: avg return = -0.17, avg length = 269.6
2025-09-24 02:36:36,036 - __main__ - INFO - 🎯 Top 3 training actions: #2(26296), #1(25498), #0(22699)
2025-09-24 02:36:39,450 - __main__ - INFO - 📊 Episodes completed this rollout: 2
2025-09-24 02:36:39,451 - __main__ - INFO - 📈 Episode stats: avg return = 0.84, avg length = 142.0
2025-09-24 02:36:39,451 - __main__ - INFO - 🎯 Top 3 training actions: #2(26477), #1(25593), #0(22753)
2025-09-24 02:36:42,875 - __main__ - INFO - 📊 Episodes completed this rollout: 5
2025-09-24 02:36:42,876 - __main__ - INFO - 📈 Episode stats: avg return = -0.16, avg length = 246.4
2025-09-24 02:36:42,876 - __main__ - INFO - 🎯 Top 3 training actions: #2(26638), #1(25666), #0(22803)
2025-09-24 02:36:46,286 - __main__ - INFO - 📊 Episodes completed this rollout: 6
2025-09-24 02:36:46,287 - __main__ - INFO - 📈 Episode stats: avg return = -0.03, avg length = 235.5
2025-09-24 02:36:46,287 - __main__ - INFO - 🎯 Top 3 training actions: #2(26805), #1(25746), #0(22865)
2025-09-24 02:36:47,316 - __main__ - INFO - 🔄 Synchronized model update at step 175,104
2025-09-24 02:36:47,316 - __main__ - INFO -    HMM interval: 12,000, VAE interval: 12,000
2025-09-24 02:36:47,317 - __main__ - INFO - 🚫 Model training masking: 2160/12288 timesteps masked (17.6%) due to negative rewards (invalid actions)
2025-09-24 02:36:47,702 - __main__ - INFO - 🔄 Capping HMM batch size from 1196 to 128 to prevent OOM
2025-09-24 02:36:47,703 - __main__ - INFO - 🔄 HMM refresh starting at step 175,104 with replay size 128x68
2025-09-24 02:36:51,516 - __main__ - DEBUG - Initial ELBO: -680.6869
2025-09-24 02:36:51,518 - __main__ - DEBUG - Relative tol: 0.0100
2025-09-24 02:36:51,518 - __main__ - DEBUG - Relative elbo_drop_tol: 0.0100
2025-09-24 02:36:51,518 - __main__ - DEBUG - - Init -506.5365
2025-09-24 02:36:51,518 - __main__ - DEBUG - - Trans -2.4801
2025-09-24 02:36:51,518 - __main__ - DEBUG - - Emit 14604.9314
2025-09-24 02:36:51,518 - __main__ - DEBUG - - Entropy 0.0004
2025-09-24 02:36:51,518 - __main__ - DEBUG - - Dir -26.2090
2025-09-24 02:36:51,518 - __main__ - DEBUG - - NIW -14734.4336
2025-09-24 02:36:51,519 - __main__ - DEBUG - - Beta prior -15.9594
2025-09-24 02:36:55,648 - __main__ - DEBUG - Iter 0: ELBO after FB: -680.6869 (LL 14095.9151, Δ=0.0000)
2025-09-24 02:36:55,648 - __main__ - DEBUG - Blending stats with ρ_niw=0.0500, ρ_tr=0.0500.
2025-09-24 02:36:55,696 - __main__ - DEBUG - Iter 0: ELBO after NIW update: -329.1345 (Emit LL 15001.2933, NIW term -14779.2432, Δ=351.5524)
2025-09-24 02:36:55,743 - __main__ - DEBUG - Iter 0: ELBO after Dirichlet update: -329.0579 (Trans LL -2.5426, Dir term -26.0699, Δ=0.0766)
2025-09-24 02:36:55,811 - __main__ - DEBUG - Iter 0: ELBO after β update: -329.5919 (Init LL -507.0099, Dir term -26.1179, logp(β) -15.9720, Δ=-0.5340)
2025-09-24 02:37:00,245 - __main__ - DEBUG - Iter 1: ELBO after FB: -329.5919 (LL 14491.7411, Δ=0.0000)
2025-09-24 02:37:00,246 - __main__ - DEBUG - Blending stats with ρ_niw=0.0500, ρ_tr=0.0500.
2025-09-24 02:37:00,296 - __main__ - DEBUG - Iter 1: ELBO after NIW update: -329.5919 (Emit LL 15001.2933, NIW term -14779.2432, Δ=0.0000)
2025-09-24 02:37:00,346 - __main__ - DEBUG - Iter 1: ELBO after Dirichlet update: -329.6529 (Trans LL -2.5349, Dir term -26.1866, Δ=-0.0610)
2025-09-24 02:37:00,418 - __main__ - DEBUG - Iter 1: ELBO after β update: -330.1653 (Init LL -507.4589, Dir term -26.2456, logp(β) -15.9763, Δ=-0.5123)
2025-09-24 02:37:04,809 - __main__ - DEBUG - Iter 2: ELBO after FB: -330.1653 (LL 14491.2999, Δ=0.0000)
2025-09-24 02:37:04,809 - __main__ - DEBUG - Blending stats with ρ_niw=0.0500, ρ_tr=0.0500.
2025-09-24 02:37:04,856 - __main__ - DEBUG - Iter 2: ELBO after NIW update: -330.1653 (Emit LL 15001.2933, NIW term -14779.2432, Δ=0.0000)
2025-09-24 02:37:04,903 - __main__ - DEBUG - Iter 2: ELBO after Dirichlet update: -330.3932 (Trans LL -2.5283, Dir term -26.4801, Δ=-0.2279)
2025-09-24 02:37:04,972 - __main__ - DEBUG - Iter 2: ELBO after β update: -330.6139 (Init LL -507.6107, Dir term -26.5545, logp(β) -15.9709, Δ=-0.2207)
2025-09-24 02:37:09,085 - __main__ - DEBUG - Iter 3: ELBO after FB: -330.6139 (LL 14491.1547, Δ=0.0000)
2025-09-24 02:37:09,085 - __main__ - DEBUG - Blending stats with ρ_niw=0.0500, ρ_tr=0.0500.
2025-09-24 02:37:09,132 - __main__ - DEBUG - Iter 3: ELBO after NIW update: -330.6139 (Emit LL 15001.2933, NIW term -14779.2432, Δ=0.0000)
2025-09-24 02:37:09,178 - __main__ - DEBUG - Iter 3: ELBO after Dirichlet update: -330.9613 (Trans LL -2.5261, Dir term -26.9041, Δ=-0.3474)
2025-09-24 02:37:09,230 - __main__ - DEBUG - Iter 3: ELBO after β update: -330.8854 (Init LL -507.5295, Dir term -26.9100, logp(β) -15.9702, Δ=0.0759)
2025-09-24 02:37:13,352 - __main__ - DEBUG - Iter 4: ELBO after FB: -330.8854 (LL 14491.2381, Δ=0.0000)
2025-09-24 02:37:13,353 - __main__ - DEBUG - Blending stats with ρ_niw=0.0500, ρ_tr=0.0500.
2025-09-24 02:37:13,399 - __main__ - DEBUG - Iter 4: ELBO after NIW update: -330.8854 (Emit LL 15001.2933, NIW term -14779.2432, Δ=0.0000)
2025-09-24 02:37:13,446 - __main__ - DEBUG - Iter 4: ELBO after Dirichlet update: -330.9788 (Trans LL -2.5272, Dir term -27.0023, Δ=-0.0934)
2025-09-24 02:37:13,503 - __main__ - DEBUG - Iter 4: ELBO after β update: -331.1649 (Init LL -507.6823, Dir term -27.0382, logp(β) -15.9678, Δ=-0.1862)
2025-09-24 02:37:13,505 - __main__ - INFO -    HMM refresh complete: ELBO=62.6940, iters=0, max iters, states=40
2025-09-24 02:37:13,505 - __main__ - INFO -    ✅ HMM updated (next in 12,000 steps)
2025-09-24 02:37:13,505 - __main__ - INFO - 🔄 VAE refresh starting at step 175,104 with replay size 8x1536
2025-09-24 02:37:13,506 - __main__ - INFO -    Using span sampling (12288 timesteps, too large for full buffer)
2025-09-24 02:37:37,540 - __main__ - INFO -    VAE refresh complete: final_loss=2713.0293, avg_loss=2716.5212, steps=4/4, trend=improving, total_timesteps=12288, span_sampling=32_requested×4_steps, span_len=64
2025-09-24 02:37:37,542 - __main__ - INFO -    ✅ VAE updated (next in 12,000 steps)
2025-09-24 02:37:39,816 - __main__ - INFO - 📊 Episodes completed this rollout: 7
2025-09-24 02:37:39,817 - __main__ - INFO - 📈 Episode stats: avg return = 0.46, avg length = 179.3
2025-09-24 02:37:39,817 - __main__ - INFO - 🎯 Top 3 training actions: #2(27051), #1(25857), #0(22933)
2025-09-24 02:37:43,160 - __main__ - INFO - 📊 Episodes completed this rollout: 2
2025-09-24 02:37:43,160 - __main__ - INFO - 📈 Episode stats: avg return = 0.37, avg length = 186.5
2025-09-24 02:37:43,160 - __main__ - INFO - 🎯 Top 3 training actions: #2(27252), #1(25968), #0(23009)
2025-09-24 02:37:46,501 - __main__ - INFO - 📊 Episodes completed this rollout: 5
2025-09-24 02:37:46,501 - __main__ - INFO - 📈 Episode stats: avg return = 0.39, avg length = 207.8
2025-09-24 02:37:46,501 - __main__ - INFO - 🎯 Top 3 training actions: #2(27431), #1(26081), #0(23122)
2025-09-24 02:37:49,881 - __main__ - INFO - 📊 Episodes completed this rollout: 5
2025-09-24 02:37:49,881 - __main__ - INFO - 📈 Episode stats: avg return = -0.07, avg length = 279.0
2025-09-24 02:37:49,882 - __main__ - INFO - 🎯 Top 3 training actions: #2(27575), #1(26213), #0(23242)
2025-09-24 02:37:53,202 - __main__ - INFO - 📊 Episodes completed this rollout: 8
2025-09-24 02:37:53,203 - __main__ - INFO - 📈 Episode stats: avg return = 0.55, avg length = 162.0
2025-09-24 02:37:53,203 - __main__ - INFO - 🎯 Top 3 training actions: #2(27710), #1(26346), #0(23355)
2025-09-24 02:37:54,207 - __main__ - INFO - 🧪 Starting evaluation with 50 episodes...
2025-09-24 02:37:54,208 - __main__ - INFO -    Eval seed: 51
2025-09-24 02:37:54,208 - __main__ - INFO -    Max episode steps (eval): env default
2025-09-24 02:37:54,208 - nle.env.base - INFO - Not saving any NLE data.
2025-09-24 02:37:56,306 - __main__ - DEBUG - 🎯 Eval HMM masking: step 200 masked due to negative reward
2025-09-24 02:37:57,328 - __main__ - WARNING - ⚠️ Episode 1 terminated due to step limit.
2025-09-24 02:38:02,863 - __main__ - WARNING - ⚠️ Episode 3 terminated due to step limit.
2025-09-24 02:38:06,353 - __main__ - WARNING - ⚠️ Episode 5 terminated due to step limit.
2025-09-24 02:38:13,208 - __main__ - WARNING - ⚠️ Episode 9 terminated due to step limit.
2025-09-24 02:38:14,401 - __main__ - DEBUG - 🎯 Eval HMM masking: step 100 masked due to negative reward
2025-09-24 02:38:16,481 - __main__ - WARNING - ⚠️ Episode 10 terminated due to step limit.
2025-09-24 02:38:18,711 - __main__ - DEBUG - 🎯 Eval HMM masking: step 50 masked due to negative reward
2025-09-24 02:38:19,743 - __main__ - DEBUG - 🎯 Eval HMM masking: step 150 masked due to negative reward
2025-09-24 02:38:20,255 - __main__ - DEBUG - 🎯 Eval HMM masking: step 200 masked due to negative reward
2025-09-24 02:38:21,286 - __main__ - WARNING - ⚠️ Episode 12 terminated due to step limit.
2025-09-24 02:38:22,992 - __main__ - DEBUG - 🎯 Eval HMM masking: step 150 masked due to negative reward
2025-09-24 02:38:24,528 - __main__ - WARNING - ⚠️ Episode 13 terminated due to step limit.
2025-09-24 02:38:30,138 - __main__ - WARNING - ⚠️ Episode 15 terminated due to step limit.
2025-09-24 02:38:32,379 - __main__ - DEBUG - 🎯 Eval HMM masking: step 200 masked due to negative reward
2025-09-24 02:38:32,892 - __main__ - DEBUG - 🎯 Eval HMM masking: step 250 masked due to negative reward
2025-09-24 02:38:33,399 - __main__ - WARNING - ⚠️ Episode 16 terminated due to step limit.
2025-09-24 02:38:37,760 - __main__ - DEBUG - 🎯 Eval HMM masking: step 100 masked due to negative reward
2025-09-24 02:38:39,807 - __main__ - WARNING - ⚠️ Episode 18 terminated due to step limit.
2025-09-24 02:38:40,496 - __main__ - DEBUG - 🎯 Eval HMM masking: step 50 masked due to negative reward
2025-09-24 02:38:42,071 - __main__ - DEBUG - 🎯 Eval HMM masking: step 200 masked due to negative reward
2025-09-24 02:38:44,575 - __main__ - DEBUG - 🎯 Eval HMM masking: step 50 masked due to negative reward
2025-09-24 02:38:47,143 - __main__ - WARNING - ⚠️ Episode 21 terminated due to step limit.
2025-09-24 02:38:48,340 - __main__ - DEBUG - 🎯 Eval HMM masking: step 100 masked due to negative reward
2025-09-24 02:38:50,413 - __main__ - WARNING - ⚠️ Episode 22 terminated due to step limit.
2025-09-24 02:38:52,638 - __main__ - DEBUG - 🎯 Eval HMM masking: step 200 masked due to negative reward
2025-09-24 02:38:53,681 - __main__ - WARNING - ⚠️ Episode 23 terminated due to step limit.
2025-09-24 02:38:56,928 - __main__ - WARNING - ⚠️ Episode 24 terminated due to step limit.
2025-09-24 02:39:00,316 - __main__ - WARNING - ⚠️ Episode 26 terminated due to step limit.
2025-09-24 02:39:01,520 - __main__ - DEBUG - 🎯 Eval HMM masking: step 100 masked due to negative reward
2025-09-24 02:39:03,637 - __main__ - DEBUG - 🎯 Eval HMM masking: step 150 masked due to negative reward
2025-09-24 02:39:09,900 - __main__ - WARNING - ⚠️ Episode 31 terminated due to step limit.
2025-09-24 02:39:16,435 - __main__ - DEBUG - 🎯 Eval HMM masking: step 100 masked due to negative reward
2025-09-24 02:39:18,486 - __main__ - WARNING - ⚠️ Episode 35 terminated due to step limit.
2025-09-24 02:39:21,450 - __main__ - DEBUG - 🎯 Eval HMM masking: step 200 masked due to negative reward
2025-09-24 02:39:22,494 - __main__ - WARNING - ⚠️ Episode 37 terminated due to step limit.
2025-09-24 02:39:23,188 - __main__ - DEBUG - 🎯 Eval HMM masking: step 50 masked due to negative reward
2025-09-24 02:39:23,719 - __main__ - DEBUG - 🎯 Eval HMM masking: step 100 masked due to negative reward
2025-09-24 02:39:26,349 - __main__ - DEBUG - 🎯 Eval HMM masking: step 50 masked due to negative reward
2025-09-24 02:39:26,872 - __main__ - DEBUG - 🎯 Eval HMM masking: step 100 masked due to negative reward
2025-09-24 02:39:28,974 - __main__ - WARNING - ⚠️ Episode 39 terminated due to step limit.
2025-09-24 02:39:30,596 - __main__ - DEBUG - 🎯 Eval HMM masking: step 50 masked due to negative reward
2025-09-24 02:39:33,189 - __main__ - WARNING - ⚠️ Episode 41 terminated due to step limit.
2025-09-24 02:39:36,431 - __main__ - WARNING - ⚠️ Episode 42 terminated due to step limit.
2025-09-24 02:39:40,366 - __main__ - DEBUG - 🎯 Eval HMM masking: step 100 masked due to negative reward
2025-09-24 02:39:42,464 - __main__ - WARNING - ⚠️ Episode 44 terminated due to step limit.
2025-09-24 02:39:46,325 - __main__ - WARNING - ⚠️ Episode 46 terminated due to step limit.
2025-09-24 02:39:47,525 - __main__ - DEBUG - 🎯 Eval HMM masking: step 100 masked due to negative reward
2025-09-24 02:39:49,949 - __main__ - DEBUG - 🎯 Eval HMM masking: step 150 masked due to negative reward
2025-09-24 02:39:51,561 - __main__ - WARNING - ⚠️ Episode 48 terminated due to step limit.
2025-09-24 02:39:52,824 - __main__ - DEBUG - 🎯 Eval HMM masking: step 100 masked due to negative reward
2025-09-24 02:39:55,009 - __main__ - WARNING - ⚠️ Episode 49 terminated due to step limit.
2025-09-24 02:39:56,111 - __main__ - INFO - 📊 Evaluation Results (Current Round):
2025-09-24 02:39:56,111 - __main__ - INFO -    Episodes: 50
2025-09-24 02:39:56,111 - __main__ - INFO -    Time: 121.9s (2.4s/ep)
2025-09-24 02:39:56,112 - __main__ - INFO -    Average Return: 0.237 ± 0.593
2025-09-24 02:39:56,112 - __main__ - INFO -    Success Rate: 50.0%
2025-09-24 02:39:56,112 - __main__ - INFO -    Average Length: 222.9
2025-09-24 02:39:56,112 - __main__ - INFO -    Average Coverage: 77.9 positions
2025-09-24 02:39:56,112 - __main__ - INFO -    Episode Completions: 25 terminated (50.0%), 25 truncated (50.0%)
2025-09-24 02:39:56,112 - __main__ - INFO - 📈 Total Evaluation Statistics:
2025-09-24 02:39:56,112 - __main__ - INFO -    Total Episodes: 900
2025-09-24 02:39:56,112 - __main__ - INFO -    Total Average Return: 0.176 ± 0.633
2025-09-24 02:39:56,112 - __main__ - INFO -    Total Average Length: 221.1 ± 106.1
2025-09-24 02:39:56,112 - __main__ - INFO -    Total Completions: 402 terminated (44.7%), 498 truncated (55.3%)
2025-09-24 02:39:56,113 - __main__ - INFO -    Skill Entropy: 0.001
2025-09-24 02:39:56,113 - __main__ - INFO -    Used Skills: 1.0
2025-09-24 02:39:56,113 - __main__ - INFO -    Effective K: 1.00
2025-09-24 02:39:56,113 - __main__ - INFO - 🎯 Action Usage Statistics:
2025-09-24 02:39:56,113 - __main__ - INFO -    Unique actions in evaluation: 8
2025-09-24 02:39:56,113 - __main__ - INFO -    Unique actions in training: 8
2025-09-24 02:39:56,113 - __main__ - INFO -    Total unique actions: 8
2025-09-24 02:39:56,113 - __main__ - INFO -    Action coverage: 6.6%
2025-09-24 02:39:56,113 - __main__ - INFO -    Train action count: 180224
2025-09-24 02:39:56,113 - __main__ - INFO -    Eval action count: 199009
2025-09-24 02:39:56,114 - __main__ - INFO -    Train action entropy: 2.070
2025-09-24 02:39:56,114 - __main__ - INFO -    Eval action entropy: 2.069
2025-09-24 02:39:56,114 - __main__ - INFO -    Top 3 train actions: #2(27710), #1(26346), #0(23355)
2025-09-24 02:39:56,115 - __main__ - INFO -    Top 3 eval actions: #2(30702), #1(28464), #0(26688)
2025-09-24 02:39:58,414 - __main__ - INFO - 📊 Episodes completed this rollout: 3
2025-09-24 02:39:58,414 - __main__ - INFO - 📈 Episode stats: avg return = 0.52, avg length = 108.0
2025-09-24 02:39:58,414 - __main__ - INFO - 🎯 Top 3 training actions: #2(27847), #1(26472), #0(23466)
2025-09-24 02:40:01,684 - __main__ - INFO - 📊 Episodes completed this rollout: 4
2025-09-24 02:40:01,684 - __main__ - INFO - 📈 Episode stats: avg return = 0.27, avg length = 264.5
2025-09-24 02:40:01,685 - __main__ - INFO - 🎯 Top 3 training actions: #2(27983), #1(26633), #0(23575)
2025-09-24 02:40:04,975 - __main__ - INFO - 📊 Episodes completed this rollout: 4
2025-09-24 02:40:04,975 - __main__ - INFO - 📈 Episode stats: avg return = -0.34, avg length = 300.0
2025-09-24 02:40:04,975 - __main__ - INFO - 🎯 Top 3 training actions: #2(28111), #1(26782), #0(23664)
2025-09-24 02:40:08,231 - __main__ - INFO - 📊 Episodes completed this rollout: 6
2025-09-24 02:40:08,231 - __main__ - INFO - 📈 Episode stats: avg return = 0.32, avg length = 202.2
2025-09-24 02:40:08,231 - __main__ - INFO - 🎯 Top 3 training actions: #2(28228), #1(26913), #0(23771)
2025-09-24 02:40:11,481 - __main__ - INFO - 📊 Episodes completed this rollout: 7
2025-09-24 02:40:11,481 - __main__ - INFO - 📈 Episode stats: avg return = 0.33, avg length = 158.3
2025-09-24 02:40:11,481 - __main__ - INFO - 🎯 Top 3 training actions: #2(28371), #1(27052), #0(23881)
2025-09-24 02:40:14,777 - __main__ - INFO - 📊 Episodes completed this rollout: 2
2025-09-24 02:40:14,778 - __main__ - INFO - 📈 Episode stats: avg return = -0.39, avg length = 300.0
2025-09-24 02:40:14,778 - __main__ - INFO - 🎯 Top 3 training actions: #2(28503), #1(27197), #0(24000)
2025-09-24 02:40:18,118 - __main__ - INFO - 📊 Episodes completed this rollout: 7
2025-09-24 02:40:18,118 - __main__ - INFO - 📈 Episode stats: avg return = 0.04, avg length = 229.6
2025-09-24 02:40:18,118 - __main__ - INFO - 🎯 Top 3 training actions: #2(28658), #1(27347), #0(24115)
2025-09-24 02:40:19,122 - __main__ - INFO - 🔄 Synchronized model update at step 187,392
2025-09-24 02:40:19,122 - __main__ - INFO -    HMM interval: 12,000, VAE interval: 12,000
2025-09-24 02:40:19,123 - __main__ - INFO - 🚫 Model training masking: 828/12288 timesteps masked (6.7%) due to negative rewards (invalid actions)
2025-09-24 02:40:19,492 - __main__ - INFO - 🔄 Capping HMM batch size from 666 to 128 to prevent OOM
2025-09-24 02:40:19,492 - __main__ - INFO - 🔄 HMM refresh starting at step 187,392 with replay size 128x128
2025-09-24 02:40:26,854 - __main__ - DEBUG - Initial ELBO: 21012.6197
2025-09-24 02:40:26,859 - __main__ - DEBUG - Relative tol: 0.0100
2025-09-24 02:40:26,859 - __main__ - DEBUG - Relative elbo_drop_tol: 0.0100
2025-09-24 02:40:26,860 - __main__ - DEBUG - - Init -507.0099
2025-09-24 02:40:26,860 - __main__ - DEBUG - - Trans -6.6649
2025-09-24 02:40:26,860 - __main__ - DEBUG - - Emit 36347.6268
2025-09-24 02:40:26,860 - __main__ - DEBUG - - Entropy 0.0007
2025-09-24 02:40:26,860 - __main__ - DEBUG - - Dir -26.1179
2025-09-24 02:40:26,860 - __main__ - DEBUG - - NIW -14779.2432
2025-09-24 02:40:26,860 - __main__ - DEBUG - - Beta prior -15.9720
2025-09-24 02:40:34,574 - __main__ - DEBUG - Iter 0: ELBO after FB: 21012.6197 (LL 35833.9528, Δ=0.0000)
2025-09-24 02:40:34,575 - __main__ - DEBUG - Blending stats with ρ_niw=0.0500, ρ_tr=0.0500.
2025-09-24 02:40:34,627 - __main__ - DEBUG - Iter 0: ELBO after NIW update: 23737.3265 (Emit LL 39610.2838, NIW term -15317.1934, Δ=2724.7068)
2025-09-24 02:40:34,678 - __main__ - DEBUG - Iter 0: ELBO after Dirichlet update: 23737.4072 (Trans LL -6.5463, Dir term -26.1557, Δ=0.0807)
2025-09-24 02:40:34,750 - __main__ - DEBUG - Iter 0: ELBO after β update: 23736.9190 (Init LL -507.4612, Dir term -26.1799, logp(β) -15.9847, Δ=-0.4882)
2025-09-24 02:40:42,445 - __main__ - DEBUG - Iter 1: ELBO after FB: 23736.9190 (LL 39096.2770, Δ=0.0000)
2025-09-24 02:40:42,446 - __main__ - DEBUG - Blending stats with ρ_niw=0.0500, ρ_tr=0.0500.
2025-09-24 02:40:42,499 - __main__ - DEBUG - Iter 1: ELBO after NIW update: 23736.9190 (Emit LL 39610.2838, NIW term -15317.1934, Δ=0.0000)
2025-09-24 02:40:42,551 - __main__ - DEBUG - Iter 1: ELBO after Dirichlet update: 23736.8400 (Trans LL -6.5290, Dir term -26.2763, Δ=-0.0790)
2025-09-24 02:40:42,620 - __main__ - DEBUG - Iter 1: ELBO after β update: 23736.3207 (Init LL -507.9200, Dir term -26.3330, logp(β) -15.9886, Δ=-0.5193)
2025-09-24 02:40:50,353 - __main__ - DEBUG - Iter 2: ELBO after FB: 23736.3207 (LL 39095.8356, Δ=0.0000)
2025-09-24 02:40:50,354 - __main__ - DEBUG - Blending stats with ρ_niw=0.0500, ρ_tr=0.0500.
2025-09-24 02:40:50,406 - __main__ - DEBUG - Iter 2: ELBO after NIW update: 23736.3207 (Emit LL 39610.2838, NIW term -15317.1934, Δ=0.0000)
2025-09-24 02:40:50,457 - __main__ - DEBUG - Iter 2: ELBO after Dirichlet update: 23736.1014 (Trans LL -6.5107, Dir term -26.5705, Δ=-0.2193)
2025-09-24 02:40:50,531 - __main__ - DEBUG - Iter 2: ELBO after β update: 23735.8828 (Init LL -508.0723, Dir term -26.6422, logp(β) -15.9832, Δ=-0.2186)
2025-09-24 02:40:58,268 - __main__ - DEBUG - Iter 3: ELBO after FB: 23735.8828 (LL 39095.7016, Δ=0.0000)
2025-09-24 02:40:58,269 - __main__ - DEBUG - Blending stats with ρ_niw=0.0500, ρ_tr=0.0500.
2025-09-24 02:40:58,318 - __main__ - DEBUG - Iter 3: ELBO after NIW update: 23735.8828 (Emit LL 39610.2838, NIW term -15317.1934, Δ=0.0000)
2025-09-24 02:40:58,368 - __main__ - DEBUG - Iter 3: ELBO after Dirichlet update: 23735.5444 (Trans LL -6.5039, Dir term -26.9873, Δ=-0.3383)
2025-09-24 02:40:58,429 - __main__ - DEBUG - Iter 3: ELBO after β update: 23735.4751 (Init LL -508.0878, Dir term -27.0460, logp(β) -15.9784, Δ=-0.0694)
2025-09-24 02:41:06,280 - __main__ - DEBUG - Iter 4: ELBO after FB: 23735.4751 (LL 39095.6928, Δ=0.0000)
2025-09-24 02:41:06,281 - __main__ - DEBUG - Blending stats with ρ_niw=0.0500, ρ_tr=0.0500.
2025-09-24 02:41:06,333 - __main__ - DEBUG - Iter 4: ELBO after NIW update: 23735.4751 (Emit LL 39610.2838, NIW term -15317.1934, Δ=0.0000)
2025-09-24 02:41:06,384 - __main__ - DEBUG - Iter 4: ELBO after Dirichlet update: 23735.0843 (Trans LL -6.5039, Dir term -27.4367, Δ=-0.3908)
2025-09-24 02:41:06,439 - __main__ - DEBUG - Iter 4: ELBO after β update: 23735.1158 (Init LL -508.0462, Dir term -27.4462, logp(β) -15.9790, Δ=0.0316)
2025-09-24 02:41:06,440 - __main__ - INFO -    HMM refresh complete: ELBO=125.7409, iters=0, max iters, states=40
2025-09-24 02:41:06,441 - __main__ - INFO -    ✅ HMM updated (next in 12,000 steps)
2025-09-24 02:41:06,441 - __main__ - INFO - 🔄 VAE refresh starting at step 187,392 with replay size 8x1536
2025-09-24 02:41:06,441 - __main__ - INFO -    Using span sampling (12288 timesteps, too large for full buffer)
2025-09-24 02:41:33,752 - __main__ - INFO -    VAE refresh complete: final_loss=2680.1436, avg_loss=2685.4386, steps=4/4, trend=improving, total_timesteps=12288, span_sampling=32_requested×4_steps, span_len=64
2025-09-24 02:41:33,755 - __main__ - INFO -    ✅ VAE updated (next in 12,000 steps)
2025-09-24 02:41:36,022 - __main__ - INFO - 📊 Episodes completed this rollout: 3
2025-09-24 02:41:36,023 - __main__ - INFO - 📈 Episode stats: avg return = 0.22, avg length = 203.0
2025-09-24 02:41:36,023 - __main__ - INFO - 🎯 Top 3 training actions: #2(28809), #1(27499), #0(24218)
2025-09-24 02:41:39,284 - __main__ - INFO - 📊 Episodes completed this rollout: 4
2025-09-24 02:41:39,284 - __main__ - INFO - 📈 Episode stats: avg return = 0.80, avg length = 157.2
2025-09-24 02:41:39,285 - __main__ - INFO - 🎯 Top 3 training actions: #2(28938), #1(27653), #0(24330)
2025-09-24 02:41:42,591 - __main__ - INFO - 📊 Episodes completed this rollout: 5
2025-09-24 02:41:42,591 - __main__ - INFO - 📈 Episode stats: avg return = -0.26, avg length = 300.0
2025-09-24 02:41:42,591 - __main__ - INFO - 🎯 Top 3 training actions: #2(29068), #1(27818), #0(24437)
2025-09-24 02:41:43,598 - __main__ - INFO - 🧪 Starting evaluation with 50 episodes...
2025-09-24 02:41:43,598 - __main__ - INFO -    Eval seed: 51
2025-09-24 02:41:43,598 - __main__ - INFO -    Max episode steps (eval): env default
2025-09-24 02:41:43,599 - nle.env.base - INFO - Not saving any NLE data.
2025-09-24 02:41:46,066 - __main__ - DEBUG - 🎯 Eval HMM masking: step 150 masked due to negative reward
2025-09-24 02:41:47,634 - __main__ - WARNING - ⚠️ Episode 2 terminated due to step limit.
2025-09-24 02:41:53,284 - __main__ - WARNING - ⚠️ Episode 4 terminated due to step limit.
2025-09-24 02:41:56,085 - __main__ - DEBUG - 🎯 Eval HMM masking: step 250 masked due to negative reward
2025-09-24 02:41:56,594 - __main__ - WARNING - ⚠️ Episode 5 terminated due to step limit.
2025-09-24 02:42:00,496 - __main__ - WARNING - ⚠️ Episode 7 terminated due to step limit.
2025-09-24 02:42:06,866 - __main__ - DEBUG - 🎯 Eval HMM masking: step 100 masked due to negative reward
2025-09-24 02:42:11,805 - __main__ - WARNING - ⚠️ Episode 11 terminated due to step limit.
2025-09-24 02:42:12,495 - __main__ - DEBUG - 🎯 Eval HMM masking: step 50 masked due to negative reward
2025-09-24 02:42:15,077 - __main__ - WARNING - ⚠️ Episode 12 terminated due to step limit.
2025-09-24 02:42:21,854 - __main__ - DEBUG - 🎯 Eval HMM masking: step 200 masked due to negative reward
2025-09-24 02:42:22,375 - __main__ - DEBUG - 🎯 Eval HMM masking: step 250 masked due to negative reward
2025-09-24 02:42:22,886 - __main__ - WARNING - ⚠️ Episode 15 terminated due to step limit.
2025-09-24 02:42:25,674 - __main__ - DEBUG - 🎯 Eval HMM masking: step 250 masked due to negative reward
2025-09-24 02:42:26,185 - __main__ - WARNING - ⚠️ Episode 16 terminated due to step limit.
2025-09-24 02:42:29,445 - __main__ - WARNING - ⚠️ Episode 17 terminated due to step limit.
2025-09-24 02:42:31,173 - __main__ - DEBUG - 🎯 Eval HMM masking: step 150 masked due to negative reward
2025-09-24 02:42:32,721 - __main__ - WARNING - ⚠️ Episode 18 terminated due to step limit.
2025-09-24 02:42:35,990 - __main__ - WARNING - ⚠️ Episode 19 terminated due to step limit.
2025-09-24 02:42:39,276 - __main__ - WARNING - ⚠️ Episode 20 terminated due to step limit.
2025-09-24 02:42:40,999 - __main__ - DEBUG - 🎯 Eval HMM masking: step 150 masked due to negative reward
2025-09-24 02:42:42,541 - __main__ - WARNING - ⚠️ Episode 21 terminated due to step limit.
2025-09-24 02:42:48,557 - __main__ - WARNING - ⚠️ Episode 23 terminated due to step limit.
2025-09-24 02:42:51,878 - __main__ - WARNING - ⚠️ Episode 24 terminated due to step limit.
2025-09-24 02:42:56,321 - __main__ - WARNING - ⚠️ Episode 26 terminated due to step limit.
2025-09-24 02:42:57,120 - __main__ - DEBUG - 🎯 Eval HMM masking: step 50 masked due to negative reward
2025-09-24 02:42:57,634 - __main__ - DEBUG - 🎯 Eval HMM masking: step 100 masked due to negative reward
2025-09-24 02:43:01,017 - __main__ - WARNING - ⚠️ Episode 29 terminated due to step limit.
2025-09-24 02:43:04,262 - __main__ - WARNING - ⚠️ Episode 30 terminated due to step limit.
2025-09-24 02:43:05,458 - __main__ - DEBUG - 🎯 Eval HMM masking: step 100 masked due to negative reward
2025-09-24 02:43:06,085 - __main__ - DEBUG - 🎯 Eval HMM masking: step 50 masked due to negative reward
2025-09-24 02:43:09,840 - __main__ - DEBUG - 🎯 Eval HMM masking: step 200 masked due to negative reward
2025-09-24 02:43:10,886 - __main__ - WARNING - ⚠️ Episode 33 terminated due to step limit.
2025-09-24 02:43:12,613 - __main__ - DEBUG - 🎯 Eval HMM masking: step 150 masked due to negative reward
2025-09-24 02:43:13,133 - __main__ - DEBUG - 🎯 Eval HMM masking: step 200 masked due to negative reward
2025-09-24 02:43:14,166 - __main__ - WARNING - ⚠️ Episode 34 terminated due to step limit.
2025-09-24 02:43:15,884 - __main__ - DEBUG - 🎯 Eval HMM masking: step 150 masked due to negative reward
2025-09-24 02:43:17,442 - __main__ - WARNING - ⚠️ Episode 35 terminated due to step limit.
2025-09-24 02:43:20,776 - __main__ - WARNING - ⚠️ Episode 36 terminated due to step limit.
2025-09-24 02:43:24,051 - __main__ - WARNING - ⚠️ Episode 37 terminated due to step limit.
2025-09-24 02:43:27,292 - __main__ - WARNING - ⚠️ Episode 38 terminated due to step limit.
2025-09-24 02:43:28,503 - __main__ - DEBUG - 🎯 Eval HMM masking: step 100 masked due to negative reward
2025-09-24 02:43:30,582 - __main__ - WARNING - ⚠️ Episode 39 terminated due to step limit.
2025-09-24 02:43:40,404 - __main__ - WARNING - ⚠️ Episode 43 terminated due to step limit.
2025-09-24 02:43:44,695 - __main__ - WARNING - ⚠️ Episode 46 terminated due to step limit.
2025-09-24 02:43:45,377 - __main__ - DEBUG - 🎯 Eval HMM masking: step 50 masked due to negative reward
2025-09-24 02:43:47,955 - __main__ - WARNING - ⚠️ Episode 47 terminated due to step limit.
2025-09-24 02:43:51,262 - __main__ - WARNING - ⚠️ Episode 48 terminated due to step limit.
2025-09-24 02:43:53,094 - __main__ - DEBUG - 🎯 Eval HMM masking: step 100 masked due to negative reward
2025-09-24 02:43:55,143 - __main__ - WARNING - ⚠️ Episode 50 terminated due to step limit.
2025-09-24 02:43:55,311 - __main__ - INFO - 📊 Evaluation Results (Current Round):
2025-09-24 02:43:55,311 - __main__ - INFO -    Episodes: 50
2025-09-24 02:43:55,311 - __main__ - INFO -    Time: 131.7s (2.6s/ep)
2025-09-24 02:43:55,311 - __main__ - INFO -    Average Return: 0.119 ± 0.578
2025-09-24 02:43:55,311 - __main__ - INFO -    Success Rate: 40.0%
2025-09-24 02:43:55,311 - __main__ - INFO -    Average Length: 240.9
2025-09-24 02:43:55,311 - __main__ - INFO -    Average Coverage: 82.3 positions
2025-09-24 02:43:55,311 - __main__ - INFO -    Episode Completions: 20 terminated (40.0%), 30 truncated (60.0%)
2025-09-24 02:43:55,312 - __main__ - INFO - 📈 Total Evaluation Statistics:
2025-09-24 02:43:55,312 - __main__ - INFO -    Total Episodes: 950
2025-09-24 02:43:55,312 - __main__ - INFO -    Total Average Return: 0.173 ± 0.631
2025-09-24 02:43:55,312 - __main__ - INFO -    Total Average Length: 222.2 ± 105.5
2025-09-24 02:43:55,312 - __main__ - INFO -    Total Completions: 422 terminated (44.4%), 528 truncated (55.6%)
2025-09-24 02:43:55,312 - __main__ - INFO -    Skill Entropy: 0.001
2025-09-24 02:43:55,312 - __main__ - INFO -    Used Skills: 1.0
2025-09-24 02:43:55,312 - __main__ - INFO -    Effective K: 1.00
2025-09-24 02:43:55,312 - __main__ - INFO - 🎯 Action Usage Statistics:
2025-09-24 02:43:55,312 - __main__ - INFO -    Unique actions in evaluation: 8
2025-09-24 02:43:55,313 - __main__ - INFO -    Unique actions in training: 8
2025-09-24 02:43:55,313 - __main__ - INFO -    Total unique actions: 8
2025-09-24 02:43:55,313 - __main__ - INFO -    Action coverage: 6.6%
2025-09-24 02:43:55,313 - __main__ - INFO -    Train action count: 190464
2025-09-24 02:43:55,313 - __main__ - INFO -    Eval action count: 211055
2025-09-24 02:43:55,313 - __main__ - INFO -    Train action entropy: 2.070
2025-09-24 02:43:55,314 - __main__ - INFO -    Eval action entropy: 2.070
2025-09-24 02:43:55,314 - __main__ - INFO -    Top 3 train actions: #2(29068), #1(27818), #0(24437)
2025-09-24 02:43:55,314 - __main__ - INFO -    Top 3 eval actions: #2(32430), #1(30102), #0(28035)
2025-09-24 02:43:57,678 - __main__ - INFO - 📊 Episodes completed this rollout: 5
2025-09-24 02:43:57,678 - __main__ - INFO - 📈 Episode stats: avg return = 0.47, avg length = 196.2
2025-09-24 02:43:57,678 - __main__ - INFO - 🎯 Top 3 training actions: #2(29219), #1(27954), #0(24556)
2025-09-24 02:44:01,020 - __main__ - INFO - 📊 Episodes completed this rollout: 6
2025-09-24 02:44:01,020 - __main__ - INFO - 📈 Episode stats: avg return = 0.13, avg length = 232.8
2025-09-24 02:44:01,020 - __main__ - INFO - 🎯 Top 3 training actions: #2(29357), #1(28120), #3(24689)
2025-09-24 02:44:07,618 - __main__ - INFO - 📊 Episodes completed this rollout: 10
2025-09-24 02:44:07,618 - __main__ - INFO - 📈 Episode stats: avg return = 0.16, avg length = 213.8
2025-09-24 02:44:07,618 - __main__ - INFO - 🎯 Top 3 training actions: #2(29645), #1(28427), #3(25009)
2025-09-24 02:44:10,882 - __main__ - INFO - 📊 Episodes completed this rollout: 3
2025-09-24 02:44:10,883 - __main__ - INFO - 📈 Episode stats: avg return = 0.48, avg length = 176.3
2025-09-24 02:44:10,883 - __main__ - INFO - 🎯 Top 3 training actions: #2(29796), #1(28569), #3(25185)
2025-09-24 02:44:14,178 - __main__ - INFO - 📊 Episodes completed this rollout: 5
2025-09-24 02:44:14,178 - __main__ - INFO - 📈 Episode stats: avg return = 0.36, avg length = 201.0
2025-09-24 02:44:14,179 - __main__ - INFO - 🎯 Top 3 training actions: #2(29966), #1(28699), #3(25397)
2025-09-24 02:44:17,493 - __main__ - INFO - 📊 Episodes completed this rollout: 5
2025-09-24 02:44:17,493 - __main__ - INFO - 📈 Episode stats: avg return = -0.25, avg length = 247.2
2025-09-24 02:44:17,493 - __main__ - INFO - 🎯 Top 3 training actions: #2(30145), #1(28837), #3(25583)
2025-09-24 02:44:20,758 - __main__ - INFO - 📊 Episodes completed this rollout: 2
2025-09-24 02:44:20,758 - __main__ - INFO - 📈 Episode stats: avg return = 0.86, avg length = 193.0
2025-09-24 02:44:20,758 - __main__ - INFO - 🎯 Top 3 training actions: #2(30352), #1(28959), #3(25801)
2025-09-24 02:44:24,099 - __main__ - INFO - 📊 Episodes completed this rollout: 6
2025-09-24 02:44:24,100 - __main__ - INFO - 📈 Episode stats: avg return = -0.36, avg length = 300.0
2025-09-24 02:44:24,100 - __main__ - INFO - 🎯 Top 3 training actions: #2(30565), #1(29090), #3(26038)
2025-09-24 02:44:25,110 - __main__ - INFO - 🔄 Synchronized model update at step 199,680
2025-09-24 02:44:25,110 - __main__ - INFO -    HMM interval: 12,000, VAE interval: 12,000
2025-09-24 02:44:25,111 - __main__ - INFO - 🚫 Model training masking: 1428/12288 timesteps masked (11.6%) due to negative rewards (invalid actions)
2025-09-24 02:44:25,480 - __main__ - INFO - 🔄 Capping HMM batch size from 908 to 128 to prevent OOM
2025-09-24 02:44:25,481 - __main__ - INFO - 🔄 HMM refresh starting at step 199,680 with replay size 128x66
2025-09-24 02:44:29,246 - __main__ - DEBUG - Initial ELBO: 6163.7369
2025-09-24 02:44:29,250 - __main__ - DEBUG - Relative tol: 0.0100
2025-09-24 02:44:29,250 - __main__ - DEBUG - Relative elbo_drop_tol: 0.0100
2025-09-24 02:44:29,250 - __main__ - DEBUG - - Init -507.4612
2025-09-24 02:44:29,250 - __main__ - DEBUG - - Trans -3.4303
2025-09-24 02:44:29,250 - __main__ - DEBUG - - Emit 22033.9860
2025-09-24 02:44:29,250 - __main__ - DEBUG - - Entropy 0.0004
2025-09-24 02:44:29,250 - __main__ - DEBUG - - Dir -26.1799
2025-09-24 02:44:29,250 - __main__ - DEBUG - - NIW -15317.1934
2025-09-24 02:44:29,250 - __main__ - DEBUG - - Beta prior -15.9847
2025-09-24 02:44:33,400 - __main__ - DEBUG - Iter 0: ELBO after FB: 6163.7369 (LL 21523.0949, Δ=0.0000)
2025-09-24 02:44:33,400 - __main__ - DEBUG - Blending stats with ρ_niw=0.0500, ρ_tr=0.0500.
2025-09-24 02:44:33,449 - __main__ - DEBUG - Iter 0: ELBO after NIW update: 6731.7303 (Emit LL 22762.6913, NIW term -15477.9053, Δ=567.9933)
2025-09-24 02:44:33,498 - __main__ - DEBUG - Iter 0: ELBO after Dirichlet update: 6731.7650 (Trans LL -3.4823, Dir term -26.0932, Δ=0.0347)
2025-09-24 02:44:33,569 - __main__ - DEBUG - Iter 0: ELBO after β update: 6731.2920 (Init LL -507.9125, Dir term -26.1021, logp(β) -15.9975, Δ=-0.4729)
2025-09-24 02:44:37,795 - __main__ - DEBUG - Iter 1: ELBO after FB: 6731.2920 (LL 22251.2969, Δ=0.0000)
2025-09-24 02:44:37,796 - __main__ - DEBUG - Blending stats with ρ_niw=0.0500, ρ_tr=0.0500.
2025-09-24 02:44:37,843 - __main__ - DEBUG - Iter 1: ELBO after NIW update: 6731.2920 (Emit LL 22762.6913, NIW term -15477.9053, Δ=0.0000)
2025-09-24 02:44:37,889 - __main__ - DEBUG - Iter 1: ELBO after Dirichlet update: 6731.2248 (Trans LL -3.4732, Dir term -26.1785, Δ=-0.0673)
2025-09-24 02:44:37,958 - __main__ - DEBUG - Iter 1: ELBO after β update: 6730.6879 (Init LL -508.3679, Dir term -26.2563, logp(β) -16.0011, Δ=-0.5369)
2025-09-24 02:44:42,002 - __main__ - DEBUG - Iter 2: ELBO after FB: 6730.6879 (LL 22250.8505, Δ=0.0000)
2025-09-24 02:44:42,003 - __main__ - DEBUG - Blending stats with ρ_niw=0.0500, ρ_tr=0.0500.
2025-09-24 02:44:42,050 - __main__ - DEBUG - Iter 2: ELBO after NIW update: 6730.6879 (Emit LL 22762.6913, NIW term -15477.9053, Δ=0.0000)
2025-09-24 02:44:42,096 - __main__ - DEBUG - Iter 2: ELBO after Dirichlet update: 6730.4518 (Trans LL -3.4636, Dir term -26.5019, Δ=-0.2361)
2025-09-24 02:44:42,163 - __main__ - DEBUG - Iter 2: ELBO after β update: 6730.2604 (Init LL -508.5090, Dir term -26.5571, logp(β) -15.9963, Δ=-0.1914)
2025-09-24 02:44:46,188 - __main__ - DEBUG - Iter 3: ELBO after FB: 6730.2604 (LL 22250.7190, Δ=0.0000)
2025-09-24 02:44:46,188 - __main__ - DEBUG - Blending stats with ρ_niw=0.0500, ρ_tr=0.0500.
2025-09-24 02:44:46,235 - __main__ - DEBUG - Iter 3: ELBO after NIW update: 6730.2604 (Emit LL 22762.6913, NIW term -15477.9053, Δ=0.0000)
2025-09-24 02:44:46,282 - __main__ - DEBUG - Iter 3: ELBO after Dirichlet update: 6729.9339 (Trans LL -3.4606, Dir term -26.8866, Δ=-0.3264)
2025-09-24 02:44:46,342 - __main__ - DEBUG - Iter 3: ELBO after β update: 6729.8948 (Init LL -508.4913, Dir term -26.9476, logp(β) -15.9922, Δ=-0.0392)
2025-09-24 02:44:50,395 - __main__ - DEBUG - Iter 4: ELBO after FB: 6729.8948 (LL 22250.7398, Δ=0.0000)
2025-09-24 02:44:50,395 - __main__ - DEBUG - Blending stats with ρ_niw=0.0500, ρ_tr=0.0500.
2025-09-24 02:44:50,442 - __main__ - DEBUG - Iter 4: ELBO after NIW update: 6729.8948 (Emit LL 22762.6913, NIW term -15477.9053, Δ=0.0000)
2025-09-24 02:44:50,489 - __main__ - DEBUG - Iter 4: ELBO after Dirichlet update: 6729.6132 (Trans LL -3.4611, Dir term -27.2286, Δ=-0.2816)
2025-09-24 02:44:50,543 - __main__ - DEBUG - Iter 4: ELBO after β update: 6729.5751 (Init LL -508.5098, Dir term -27.2499, logp(β) -15.9905, Δ=-0.0382)
2025-09-24 02:44:50,545 - __main__ - INFO -    HMM refresh complete: ELBO=168.6903, iters=0, max iters, states=40
2025-09-24 02:44:50,545 - __main__ - INFO -    ✅ HMM updated (next in 12,000 steps)
2025-09-24 02:44:50,545 - __main__ - INFO - 🔄 VAE refresh starting at step 199,680 with replay size 8x1536
2025-09-24 02:44:50,546 - __main__ - INFO -    Using span sampling (12288 timesteps, too large for full buffer)
2025-09-24 02:45:16,031 - __main__ - INFO -    VAE refresh complete: final_loss=2663.4976, avg_loss=2669.2814, steps=4/4, trend=improving, total_timesteps=12288, span_sampling=32_requested×4_steps, span_len=64
2025-09-24 02:45:16,033 - __main__ - INFO -    ✅ VAE updated (next in 12,000 steps)
2025-09-24 02:45:16,037 - __main__ - INFO - ⏱️  Training completed in 4585.82 seconds
2025-09-24 02:45:16,037 - __main__ - INFO - 💾 Saving final PPO checkpoint...
2025-09-24 02:45:16,045 - __main__ - INFO - 💾 Final checkpoint saved: checkpoints/ablation_baseline_rnd_MiniHack_Room_Random_15x15_v0_20250924-012847/ppo_policy.pth
2025-09-24 02:45:16,050 - __main__ - INFO - 📊 Collected 286 training log entries
2025-09-24 02:45:16,050 - __main__ - INFO - ☁️  Uploading all model components to HuggingFace...
2025-09-24 02:45:16,389 - __main__ - INFO - 📦 Created/verified repository: CatkinChen/nethack-ppo-ablation-baseline_rnd
2025-09-24 02:45:16,389 - __main__ - INFO - 📤 Uploading PPO policy checkpoint...
2025-09-24 02:45:19,411 - __main__ - INFO - 📤 Uploading VAE model...
2025-09-24 02:45:22,560 - __main__ - INFO - ✅ VAE model uploaded successfully
2025-09-24 02:45:22,561 - __main__ - INFO - 📤 Uploading HMM model...
2025-09-24 02:45:25,079 - __main__ - INFO - ✅ HMM model uploaded successfully
2025-09-24 02:45:25,079 - __main__ - INFO - 📝 Creating model card...
2025-09-24 02:45:26,101 - __main__ - INFO - ✅ Model card uploaded successfully
2025-09-24 02:45:26,102 - __main__ - INFO - 📄 Uploading training configuration...
2025-09-24 02:45:26,820 - __main__ - INFO - ✅ Training configuration uploaded successfully
2025-09-24 02:45:26,820 - __main__ - INFO - 🎉 All model components uploaded to: https://huggingface.co/CatkinChen/nethack-ppo-ablation-baseline_rnd
2025-09-24 02:45:26,820 - __main__ - INFO - 📈 Uploading training artifacts...
2025-09-24 02:45:30,374 - __main__ - INFO - ✅ Training artifacts uploaded successfully
2025-09-24 02:45:31,504 - __main__ - INFO - 🎉 Training completed successfully!
