2025-09-23 09:53:21,961 - __main__ - INFO - ================================================================================
2025-09-23 09:53:21,961 - __main__ - INFO - Starting Online PPO Training with Pretrained Models
2025-09-23 09:53:21,961 - __main__ - INFO - Environment: MiniHack-Room-Random-15x15-v0
2025-09-23 09:53:21,961 - __main__ - INFO - VAE Repository: CatkinChen/nethack-vae-hmm
2025-09-23 09:53:21,961 - __main__ - INFO - HMM Repository: CatkinChen/nethack-hmm
2025-09-23 09:53:21,961 - __main__ - INFO - Total Timesteps: 195
2025-09-23 09:53:21,961 - __main__ - INFO - ================================================================================
2025-09-23 09:53:21,961 - __main__ - INFO - 🔧 Using device: cuda
2025-09-23 09:53:21,962 - __main__ - INFO - 🆕 Fresh training mode: Loading models from separate repos
2025-09-23 09:53:21,962 - __main__ - INFO - 🎨 Loading pretrained VAE model...
2025-09-23 09:53:22,509 - __main__ - INFO - 🧠 Loading pretrained HMM model...
2025-09-23 09:53:22,946 - __main__ - INFO - ✅ VAE model loaded successfully
2025-09-23 09:53:22,946 - __main__ - INFO -    - Latent dimension: 96
2025-09-23 09:53:22,946 - __main__ - INFO -    - Skills: 40
2025-09-23 09:53:22,946 - __main__ - INFO - ✅ HMM model loaded successfully
2025-09-23 09:53:22,946 - __main__ - INFO -    🏷️  HMM Round: 4
2025-09-23 09:53:22,946 - __main__ - INFO -    📅 Created: 2025-09-15T21:41:06.331217
2025-09-23 09:53:22,946 - __main__ - INFO - 🎮 Creating environment: MiniHack-Room-Random-15x15-v0
2025-09-23 09:53:22,947 - nle.env.base - INFO - Not saving any NLE data.
2025-09-23 09:53:22,964 - __main__ - INFO -    - Observation space: Dict('blstats': Box(-2147483648, 2147483647, (27,), int64), 'chars': Box(0, 255, (21, 79), uint8), 'chars_crop': Box(0, 255, (9, 9), uint8), 'colors': Box(0, 15, (21, 79), uint8), 'colors_crop': Box(0, 15, (9, 9), uint8), 'glyphs': Box(0, 5976, (21, 79), int16), 'glyphs_crop': Box(0, 5976, (9, 9), int16), 'message': Box(0, 255, (256,), uint8), 'specials': Box(0, 255, (21, 79), uint8), 'specials_crop': Box(0, 255, (9, 9), uint8))
2025-09-23 09:53:22,964 - __main__ - INFO -    - Action space: Discrete(8)
2025-09-23 09:53:22,992 - __main__ - INFO - 🔄 HMM posterior set as prior for online updates with tempered weight 0.2
2025-09-23 09:53:22,992 - __main__ - INFO - 🔄 Using provided VAE config
2025-09-23 09:53:22,992 - __main__ - INFO -    - VAE prior mode set to 'hmm' for online training
2025-09-23 09:53:24,217 - __main__ - INFO - 📊 W&B initialized with run name: ablation_baseline_rnd_MiniHack_Room_Random_15x15_v0_20250923-095321
2025-09-23 09:53:24,217 - __main__ - INFO - 🚀 Initializing PPO trainer...
2025-09-23 09:53:24,219 - nle.env.base - INFO - Not saving any NLE data.
2025-09-23 09:53:24,236 - nle.env.base - INFO - Not saving any NLE data.
2025-09-23 09:53:24,250 - nle.env.base - INFO - Not saving any NLE data.
2025-09-23 09:53:24,266 - nle.env.base - INFO - Not saving any NLE data.
2025-09-23 09:53:24,279 - nle.env.base - INFO - Not saving any NLE data.
2025-09-23 09:53:24,293 - nle.env.base - INFO - Not saving any NLE data.
2025-09-23 09:53:24,306 - nle.env.base - INFO - Not saving any NLE data.
2025-09-23 09:53:24,320 - nle.env.base - INFO - Not saving any NLE data.
2025-09-23 09:53:25,331 - __main__ - INFO - ✅ PPO trainer initialized successfully
2025-09-23 09:53:25,332 - __main__ - INFO - 🆕 Starting fresh PPO training (no checkpoint loading)
2025-09-23 09:53:25,332 - __main__ - INFO - 🏋️  Starting PPO training...
2025-09-23 09:53:25,779 - __main__ - INFO - 🎮 Action Mapping Debug (step 0, timestep 0):
2025-09-23 09:53:25,780 - __main__ - INFO -    Global actions sampled: [7 1 2 0 7 1 3 4]
2025-09-23 09:53:25,780 - __main__ - INFO -    Local actions mapped:   [7 1 2 0 7 1 3 4]
2025-09-23 09:53:25,780 - __main__ - INFO -    Available env actions:  (<CompassDirection.N: 107>, <CompassDirection.E: 108>, <CompassDirection.S: 106>, <CompassDirection.W: 104>, <CompassDirection.NE: 117>, <CompassDirection.SE: 110>, <CompassDirection.SW: 98>, <CompassDirection.NW: 121>)
2025-09-23 09:53:25,780 - __main__ - INFO -    Action mapping:         ['local_0->global_0(107)', 'local_1->global_1(108)', 'local_2->global_2(106)', 'local_3->global_3(104)', 'local_4->global_4(117)', 'local_5->global_5(110)', 'local_6->global_6(98)', 'local_7->global_7(121)']
2025-09-23 09:53:25,781 - __main__ - INFO -    Valid global indices:   [0 1 2 3 4 5 6 7] (total: 8)
2025-09-23 09:53:25,781 - __main__ - INFO -    Global->Local mapping:  ['env0:g7->l7', 'env1:g1->l1', 'env2:g2->l2', 'env3:g0->l0', 'env4:g7->l7', 'env5:g1->l1', 'env6:g3->l3', 'env7:g4->l4']
2025-09-23 09:53:25,787 - __main__ - INFO - 🚫 Negative Reward Masking (step 0, timestep 0):
2025-09-23 09:53:25,787 - __main__ - INFO -    Environments masked due to prev negative rewards: 0/8
2025-09-23 09:53:25,787 - __main__ - INFO -    Environments with current negative rewards: 1/8
2025-09-23 09:53:25,788 - __main__ - INFO -    Rewards: [ 0.    0.    0.    0.   -0.01  0.    0.    0.  ]
2025-09-23 09:53:27,933 - __main__ - INFO - 📊 Episodes completed this rollout: 2
2025-09-23 09:53:27,934 - __main__ - INFO - 📈 Episode stats: avg return = 0.93, avg length = 54.5
2025-09-23 09:53:27,952 - __main__ - INFO - 🎯 Top 3 training actions: #7(172), #6(147), #0(133)
2025-09-23 09:53:31,224 - __main__ - INFO - 📊 Episodes completed this rollout: 1
2025-09-23 09:53:31,225 - __main__ - INFO - 📈 Episode stats: avg return = 0.62, avg length = 251.0
2025-09-23 09:53:31,225 - __main__ - INFO - 🎯 Top 3 training actions: #6(309), #7(283), #1(279)
2025-09-23 09:53:34,474 - __main__ - INFO - 📊 Episodes completed this rollout: 8
2025-09-23 09:53:34,474 - __main__ - INFO - 📈 Episode stats: avg return = -0.19, avg length = 266.4
2025-09-23 09:53:34,475 - __main__ - INFO - 🎯 Top 3 training actions: #6(452), #2(451), #7(435)
2025-09-23 09:53:37,635 - __main__ - INFO - 📊 Episodes completed this rollout: 4
2025-09-23 09:53:37,635 - __main__ - INFO - 📈 Episode stats: avg return = 0.90, avg length = 114.5
2025-09-23 09:53:37,635 - __main__ - INFO - 🎯 Top 3 training actions: #6(626), #7(613), #2(585)
2025-09-23 09:53:40,808 - __main__ - INFO - 📊 Episodes completed this rollout: 6
2025-09-23 09:53:40,809 - __main__ - INFO - 📈 Episode stats: avg return = 0.15, avg length = 237.0
2025-09-23 09:53:40,809 - __main__ - INFO - 🎯 Top 3 training actions: #7(800), #6(754), #2(704)
2025-09-23 09:53:41,793 - __main__ - INFO - 🔄 Synchronized model update at step 5,120
2025-09-23 09:53:41,793 - __main__ - INFO -    HMM interval: 5,120, VAE interval: 5,120
2025-09-23 09:53:41,794 - __main__ - INFO - 🚫 Model training masking: 505/5120 timesteps masked (9.9%) due to negative rewards (invalid actions)
2025-09-23 09:53:41,939 - __main__ - INFO - 🔄 Capping HMM batch size from 317 to 128 to prevent OOM
2025-09-23 09:53:41,939 - __main__ - INFO - 🔄 HMM refresh starting at step 5,120 with replay size 128x94
2025-09-23 09:53:47,278 - __main__ - DEBUG - Initial ELBO: -454643.6620
2025-09-23 09:53:47,278 - __main__ - DEBUG - Relative tol: 0.0100
2025-09-23 09:53:47,278 - __main__ - DEBUG - Relative elbo_drop_tol: 0.0100
2025-09-23 09:53:47,278 - __main__ - DEBUG - - Init -540.0985
2025-09-23 09:53:47,279 - __main__ - DEBUG - - Trans -3519.0781
2025-09-23 09:53:47,279 - __main__ - DEBUG - - Emit -450576.6213
2025-09-23 09:53:47,279 - __main__ - DEBUG - - Entropy 7.9164
2025-09-23 09:53:47,279 - __main__ - DEBUG - - Dir 0.0000
2025-09-23 09:53:47,279 - __main__ - DEBUG - - NIW 0.0003
2025-09-23 09:53:47,279 - __main__ - DEBUG - - Beta prior -15.7809
2025-09-23 09:53:53,055 - __main__ - DEBUG - Iter 0: ELBO after FB: -454643.6620 (LL -454627.8814, Δ=0.0000)
2025-09-23 09:53:53,056 - __main__ - DEBUG - First pass after reset, using full stats.
2025-09-23 09:53:53,105 - __main__ - DEBUG - Iter 0: ELBO after NIW update: -104677.8064 (Emit LL -74391.8240, NIW term -26218.9414, Δ=349965.8556)
2025-09-23 09:53:53,155 - __main__ - DEBUG - Iter 0: ELBO after Dirichlet update: -101553.3611 (Trans LL -140.8712, Dir term -253.7616, Δ=3124.4453)
2025-09-23 09:53:53,231 - __main__ - DEBUG - Iter 0: ELBO after β update: -101554.0434 (Init LL -540.6946, Dir term -253.8377, logp(β) -15.7910, Δ=-0.6823)
2025-09-23 09:53:58,981 - __main__ - DEBUG - Iter 1: ELBO after FB: -72578.0491 (LL -46089.4789, Δ=28975.9943)
2025-09-23 09:53:58,981 - __main__ - DEBUG - First pass after reset, using full stats.
2025-09-23 09:53:59,031 - __main__ - DEBUG - Iter 1: ELBO after NIW update: -41824.3407 (Emit LL -28107.0768, NIW term -12922.4648, Δ=30753.7083)
2025-09-23 09:53:59,081 - __main__ - DEBUG - Iter 1: ELBO after Dirichlet update: -41588.7961 (Trans LL -9.4980, Dir term -36.4604, Δ=235.5447)
2025-09-23 09:53:59,148 - __main__ - DEBUG - Iter 1: ELBO after β update: -41589.6868 (Init LL -498.3253, Dir term -36.5299, logp(β) -15.7994, Δ=-0.8907)
2025-09-23 09:54:04,946 - __main__ - DEBUG - Iter 2: ELBO after FB: -39127.9611 (LL -26153.1670, Δ=2461.7256)
2025-09-23 09:54:04,946 - __main__ - DEBUG - First pass after reset, using full stats.
2025-09-23 09:54:04,996 - __main__ - DEBUG - Iter 2: ELBO after NIW update: -37964.0339 (Emit LL -25462.2685, NIW term -11946.2832, Δ=1163.9272)
2025-09-23 09:54:05,046 - __main__ - DEBUG - Iter 2: ELBO after Dirichlet update: -37954.1803 (Trans LL -4.8672, Dir term -26.8579, Δ=9.8536)
2025-09-23 09:54:05,114 - __main__ - DEBUG - Iter 2: ELBO after β update: -37955.0216 (Init LL -498.8597, Dir term -26.9398, logp(β) -15.8036, Δ=-0.8413)
2025-09-23 09:54:10,877 - __main__ - DEBUG - Iter 3: ELBO after FB: -37955.0216 (LL -25965.9950, Δ=0.0000)
2025-09-23 09:54:10,877 - __main__ - DEBUG - First pass after reset, using full stats.
2025-09-23 09:54:10,927 - __main__ - DEBUG - Iter 3: ELBO after NIW update: -37955.0216 (Emit LL -25462.2685, NIW term -11946.2832, Δ=0.0000)
2025-09-23 09:54:10,977 - __main__ - DEBUG - Iter 3: ELBO after Dirichlet update: -37955.3270 (Trans LL -4.8423, Dir term -27.2701, Δ=-0.3054)
2025-09-23 09:54:11,046 - __main__ - DEBUG - Iter 3: ELBO after β update: -37955.9296 (Init LL -499.3300, Dir term -27.4036, logp(β) -15.8025, Δ=-0.6026)
2025-09-23 09:54:16,789 - __main__ - DEBUG - Iter 4: ELBO after FB: -37955.9296 (LL -25966.4403, Δ=0.0000)
2025-09-23 09:54:16,789 - __main__ - DEBUG - First pass after reset, using full stats.
2025-09-23 09:54:16,841 - __main__ - DEBUG - Iter 4: ELBO after NIW update: -37955.9296 (Emit LL -25462.2685, NIW term -11946.2832, Δ=0.0000)
2025-09-23 09:54:16,891 - __main__ - DEBUG - Iter 4: ELBO after Dirichlet update: -37956.3394 (Trans LL -4.8282, Dir term -27.8274, Δ=-0.4098)
2025-09-23 09:54:16,958 - __main__ - DEBUG - Iter 4: ELBO after β update: -37956.5579 (Init LL -499.4440, Dir term -27.9399, logp(β) -15.7946, Δ=-0.2185)
2025-09-23 09:54:16,961 - __main__ - INFO -    HMM refresh complete: ELBO=-135.3985, iters=0, max iters, states=40
2025-09-23 09:54:16,961 - __main__ - INFO -    ✅ HMM updated (next in 6,144 steps)
2025-09-23 09:54:16,961 - __main__ - INFO - 🔄 VAE refresh starting at step 5,120 with replay size 8x640
2025-09-23 09:54:16,962 - __main__ - INFO -    Using span sampling (5120 timesteps, too large for full buffer)
2025-09-23 09:54:40,485 - __main__ - INFO -    VAE refresh complete: final_loss=2881.9006, avg_loss=2892.4174, steps=4/4, trend=improving, total_timesteps=5120, span_sampling=32_requested×4_steps, span_len=64
2025-09-23 09:54:40,487 - __main__ - INFO -    ✅ VAE updated (next in 6,144 steps)
2025-09-23 09:54:42,676 - __main__ - INFO - 📊 Episodes completed this rollout: 3
2025-09-23 09:54:42,676 - __main__ - INFO - 📈 Episode stats: avg return = 0.75, avg length = 162.3
2025-09-23 09:54:42,676 - __main__ - INFO - 🎯 Top 3 training actions: #7(957), #6(850), #2(825)
2025-09-23 09:54:45,865 - __main__ - INFO - 📊 Episodes completed this rollout: 5
2025-09-23 09:54:45,866 - __main__ - INFO - 📈 Episode stats: avg return = 0.10, avg length = 226.6
2025-09-23 09:54:45,866 - __main__ - INFO - 🎯 Top 3 training actions: #7(1057), #2(965), #6(958)
2025-09-23 09:54:49,083 - __main__ - INFO - 📊 Episodes completed this rollout: 8
2025-09-23 09:54:49,084 - __main__ - INFO - 📈 Episode stats: avg return = 0.62, avg length = 143.6
2025-09-23 09:54:49,084 - __main__ - INFO - 🎯 Top 3 training actions: #7(1209), #2(1122), #6(1096)
2025-09-23 09:54:52,274 - __main__ - INFO - 📊 Episodes completed this rollout: 3
2025-09-23 09:54:52,275 - __main__ - INFO - 📈 Episode stats: avg return = -0.00, avg length = 241.7
2025-09-23 09:54:52,275 - __main__ - INFO - 🎯 Top 3 training actions: #7(1346), #6(1264), #2(1256)
2025-09-23 09:54:55,523 - __main__ - INFO - 📊 Episodes completed this rollout: 4
2025-09-23 09:54:55,523 - __main__ - INFO - 📈 Episode stats: avg return = -0.46, avg length = 300.0
2025-09-23 09:54:55,524 - __main__ - INFO - 🎯 Top 3 training actions: #7(1475), #6(1394), #1(1391)
2025-09-23 09:54:56,523 - __main__ - INFO - 🧪 Starting evaluation with 50 episodes...
2025-09-23 09:54:56,523 - __main__ - INFO -    Eval seed: 51
2025-09-23 09:54:56,523 - __main__ - INFO -    Max episode steps (eval): env default
2025-09-23 09:54:56,525 - nle.env.base - INFO - Not saving any NLE data.
2025-09-23 09:54:58,137 - __main__ - DEBUG - 🎯 Eval HMM masking: step 150 masked due to negative reward
2025-09-23 09:54:58,664 - __main__ - DEBUG - 🎯 Eval HMM masking: step 200 masked due to negative reward
2025-09-23 09:54:59,713 - __main__ - WARNING - ⚠️ Episode 1 terminated due to step limit.
2025-09-23 09:55:03,051 - __main__ - WARNING - ⚠️ Episode 2 terminated due to step limit.
2025-09-23 09:55:09,230 - __main__ - WARNING - ⚠️ Episode 6 terminated due to step limit.
2025-09-23 09:55:10,979 - __main__ - DEBUG - 🎯 Eval HMM masking: step 150 masked due to negative reward
2025-09-23 09:55:12,542 - __main__ - WARNING - ⚠️ Episode 7 terminated due to step limit.
2025-09-23 09:55:15,353 - __main__ - DEBUG - 🎯 Eval HMM masking: step 250 masked due to negative reward
2025-09-23 09:55:15,870 - __main__ - WARNING - ⚠️ Episode 8 terminated due to step limit.
2025-09-23 09:55:17,619 - __main__ - DEBUG - 🎯 Eval HMM masking: step 150 masked due to negative reward
2025-09-23 09:55:19,184 - __main__ - WARNING - ⚠️ Episode 9 terminated due to step limit.
2025-09-23 09:55:22,511 - __main__ - WARNING - ⚠️ Episode 10 terminated due to step limit.
2025-09-23 09:55:25,994 - __main__ - WARNING - ⚠️ Episode 12 terminated due to step limit.
2025-09-23 09:55:26,697 - __main__ - DEBUG - 🎯 Eval HMM masking: step 50 masked due to negative reward
2025-09-23 09:55:27,224 - __main__ - DEBUG - 🎯 Eval HMM masking: step 100 masked due to negative reward
2025-09-23 09:55:28,276 - __main__ - DEBUG - 🎯 Eval HMM masking: step 200 masked due to negative reward
2025-09-23 09:55:29,315 - __main__ - WARNING - ⚠️ Episode 13 terminated due to step limit.
2025-09-23 09:55:33,562 - __main__ - WARNING - ⚠️ Episode 15 terminated due to step limit.
2025-09-23 09:55:40,119 - __main__ - WARNING - ⚠️ Episode 17 terminated due to step limit.
2025-09-23 09:55:41,344 - __main__ - DEBUG - 🎯 Eval HMM masking: step 100 masked due to negative reward
2025-09-23 09:55:43,446 - __main__ - WARNING - ⚠️ Episode 18 terminated due to step limit.
2025-09-23 09:55:45,275 - __main__ - DEBUG - 🎯 Eval HMM masking: step 100 masked due to negative reward
2025-09-23 09:55:46,321 - __main__ - DEBUG - 🎯 Eval HMM masking: step 200 masked due to negative reward
2025-09-23 09:55:51,414 - __main__ - WARNING - ⚠️ Episode 22 terminated due to step limit.
2025-09-23 09:55:54,735 - __main__ - WARNING - ⚠️ Episode 23 terminated due to step limit.
2025-09-23 09:55:58,065 - __main__ - WARNING - ⚠️ Episode 24 terminated due to step limit.
2025-09-23 09:56:01,529 - __main__ - DEBUG - 🎯 Eval HMM masking: step 100 masked due to negative reward
2025-09-23 09:56:03,621 - __main__ - WARNING - ⚠️ Episode 26 terminated due to step limit.
2025-09-23 09:56:06,428 - __main__ - DEBUG - 🎯 Eval HMM masking: step 250 masked due to negative reward
2025-09-23 09:56:06,949 - __main__ - WARNING - ⚠️ Episode 28 terminated due to step limit.
2025-09-23 09:56:12,182 - __main__ - DEBUG - 🎯 Eval HMM masking: step 50 masked due to negative reward
2025-09-23 09:56:14,852 - __main__ - WARNING - ⚠️ Episode 32 terminated due to step limit.
2025-09-23 09:56:16,389 - __main__ - DEBUG - 🎯 Eval HMM masking: step 100 masked due to negative reward
2025-09-23 09:56:18,529 - __main__ - WARNING - ⚠️ Episode 34 terminated due to step limit.
2025-09-23 09:56:21,918 - __main__ - WARNING - ⚠️ Episode 35 terminated due to step limit.
2025-09-23 09:56:27,364 - __main__ - WARNING - ⚠️ Episode 37 terminated due to step limit.
2025-09-23 09:56:30,758 - __main__ - WARNING - ⚠️ Episode 38 terminated due to step limit.
2025-09-23 09:56:34,909 - __main__ - WARNING - ⚠️ Episode 42 terminated due to step limit.
2025-09-23 09:56:38,852 - __main__ - WARNING - ⚠️ Episode 44 terminated due to step limit.
2025-09-23 09:56:40,640 - __main__ - DEBUG - 🎯 Eval HMM masking: step 150 masked due to negative reward
2025-09-23 09:56:42,238 - __main__ - WARNING - ⚠️ Episode 45 terminated due to step limit.
2025-09-23 09:56:45,640 - __main__ - WARNING - ⚠️ Episode 46 terminated due to step limit.
2025-09-23 09:56:49,098 - __main__ - WARNING - ⚠️ Episode 48 terminated due to step limit.
2025-09-23 09:56:51,859 - __main__ - INFO - 📊 Evaluation Results (Current Round):
2025-09-23 09:56:51,860 - __main__ - INFO -    Episodes: 50
2025-09-23 09:56:51,860 - __main__ - INFO -    Time: 115.3s (2.3s/ep)
2025-09-23 09:56:51,860 - __main__ - INFO -    Average Return: 0.225 ± 0.653
2025-09-23 09:56:51,860 - __main__ - INFO -    Success Rate: 46.0%
2025-09-23 09:56:51,860 - __main__ - INFO -    Average Length: 206.8
2025-09-23 09:56:51,860 - __main__ - INFO -    Average Coverage: 72.6 positions
2025-09-23 09:56:51,860 - __main__ - INFO -    Episode Completions: 23 terminated (46.0%), 27 truncated (54.0%)
2025-09-23 09:56:51,860 - __main__ - INFO - 📈 Total Evaluation Statistics:
2025-09-23 09:56:51,860 - __main__ - INFO -    Total Episodes: 50
2025-09-23 09:56:51,861 - __main__ - INFO -    Total Average Return: 0.225 ± 0.653
2025-09-23 09:56:51,861 - __main__ - INFO -    Total Average Length: 206.8 ± 118.6
2025-09-23 09:56:51,861 - __main__ - INFO -    Total Completions: 23 terminated (46.0%), 27 truncated (54.0%)
2025-09-23 09:56:51,861 - __main__ - INFO -    Skill Entropy: 0.000
2025-09-23 09:56:51,861 - __main__ - INFO -    Used Skills: 1.0
2025-09-23 09:56:51,861 - __main__ - INFO -    Effective K: 1.00
2025-09-23 09:56:51,861 - __main__ - INFO - 🎯 Action Usage Statistics:
2025-09-23 09:56:51,861 - __main__ - INFO -    Unique actions in evaluation: 8
2025-09-23 09:56:51,861 - __main__ - INFO -    Unique actions in training: 8
2025-09-23 09:56:51,862 - __main__ - INFO -    Total unique actions: 8
2025-09-23 09:56:51,862 - __main__ - INFO -    Action coverage: 6.6%
2025-09-23 09:56:51,862 - __main__ - INFO -    Train action count: 10240
2025-09-23 09:56:51,862 - __main__ - INFO -    Eval action count: 10341
2025-09-23 09:56:51,862 - __main__ - INFO -    Train action entropy: 2.074
2025-09-23 09:56:51,863 - __main__ - INFO -    Eval action entropy: 2.046
2025-09-23 09:56:51,863 - __main__ - INFO -    Top 3 train actions: #7(1475), #6(1394), #1(1391)
2025-09-23 09:56:51,863 - __main__ - INFO -    Top 3 eval actions: #1(1951), #7(1467), #2(1374)
2025-09-23 09:56:54,137 - __main__ - INFO - 📊 Episodes completed this rollout: 5
2025-09-23 09:56:54,137 - __main__ - INFO - 📈 Episode stats: avg return = -0.14, avg length = 245.4
2025-09-23 09:56:54,137 - __main__ - INFO - 🎯 Top 3 training actions: #7(1622), #1(1596), #2(1510)
2025-09-23 09:56:55,135 - __main__ - INFO - 🔄 Synchronized model update at step 11,264
2025-09-23 09:56:55,135 - __main__ - INFO -    HMM interval: 6,144, VAE interval: 6,144
2025-09-23 09:56:55,136 - __main__ - INFO - 🚫 Model training masking: 798/6144 timesteps masked (13.0%) due to negative rewards (invalid actions)
2025-09-23 09:56:55,317 - __main__ - INFO - 🔄 Capping HMM batch size from 481 to 128 to prevent OOM
2025-09-23 09:56:55,317 - __main__ - INFO - 🔄 HMM refresh starting at step 11,264 with replay size 128x70
2025-09-23 09:56:59,406 - __main__ - DEBUG - Initial ELBO: -28914.9289
2025-09-23 09:56:59,407 - __main__ - DEBUG - Relative tol: 0.0100
2025-09-23 09:56:59,407 - __main__ - DEBUG - Relative elbo_drop_tol: 0.0100
2025-09-23 09:56:59,407 - __main__ - DEBUG - - Init -498.8597
2025-09-23 09:56:59,407 - __main__ - DEBUG - - Trans -3.7539
2025-09-23 09:56:59,407 - __main__ - DEBUG - - Emit -16423.2891
2025-09-23 09:56:59,407 - __main__ - DEBUG - - Entropy 0.0004
2025-09-23 09:56:59,407 - __main__ - DEBUG - - Dir -26.9398
2025-09-23 09:56:59,407 - __main__ - DEBUG - - NIW -11946.2832
2025-09-23 09:56:59,408 - __main__ - DEBUG - - Beta prior -15.8036
2025-09-23 09:57:03,883 - __main__ - DEBUG - Iter 0: ELBO after FB: -28914.9289 (LL -16925.9023, Δ=0.0000)
2025-09-23 09:57:03,884 - __main__ - DEBUG - Blending stats with ρ_niw=0.0500, ρ_tr=0.0500.
2025-09-23 09:57:03,932 - __main__ - DEBUG - Iter 0: ELBO after NIW update: -28437.2202 (Emit LL -15964.8938, NIW term -11926.9697, Δ=477.7087)
2025-09-23 09:57:03,980 - __main__ - DEBUG - Iter 0: ELBO after Dirichlet update: -28436.7805 (Trans LL -3.8122, Dir term -26.4418, Δ=0.4396)
2025-09-23 09:57:04,046 - __main__ - DEBUG - Iter 0: ELBO after β update: -28437.3973 (Init LL -499.4348, Dir term -26.4738, logp(β) -15.8133, Δ=-0.6167)
2025-09-23 09:57:08,536 - __main__ - DEBUG - Iter 1: ELBO after FB: -28437.3973 (LL -16468.1404, Δ=0.0000)
2025-09-23 09:57:08,537 - __main__ - DEBUG - Blending stats with ρ_niw=0.0500, ρ_tr=0.0500.
2025-09-23 09:57:08,585 - __main__ - DEBUG - Iter 1: ELBO after NIW update: -28437.3973 (Emit LL -15964.8938, NIW term -11926.9697, Δ=0.0000)
2025-09-23 09:57:08,632 - __main__ - DEBUG - Iter 1: ELBO after Dirichlet update: -28437.4654 (Trans LL -3.7984, Dir term -26.5558, Δ=-0.0681)
2025-09-23 09:57:08,698 - __main__ - DEBUG - Iter 1: ELBO after β update: -28438.0394 (Init LL -499.9291, Dir term -26.6258, logp(β) -15.8230, Δ=-0.5741)
2025-09-23 09:57:13,183 - __main__ - DEBUG - Iter 2: ELBO after FB: -28438.0394 (LL -16468.6209, Δ=0.0000)
2025-09-23 09:57:13,183 - __main__ - DEBUG - Blending stats with ρ_niw=0.0500, ρ_tr=0.0500.
2025-09-23 09:57:13,232 - __main__ - DEBUG - Iter 2: ELBO after NIW update: -28438.0394 (Emit LL -15964.8938, NIW term -11926.9697, Δ=0.0000)
2025-09-23 09:57:13,280 - __main__ - DEBUG - Iter 2: ELBO after Dirichlet update: -28438.2586 (Trans LL -3.7857, Dir term -26.8577, Δ=-0.2192)
2025-09-23 09:57:13,345 - __main__ - DEBUG - Iter 2: ELBO after β update: -28438.7774 (Init LL -500.3454, Dir term -26.9576, logp(β) -15.8257, Δ=-0.5188)
2025-09-23 09:57:17,827 - __main__ - DEBUG - Iter 3: ELBO after FB: -28438.7774 (LL -16469.0245, Δ=0.0000)
2025-09-23 09:57:17,828 - __main__ - DEBUG - Blending stats with ρ_niw=0.0500, ρ_tr=0.0500.
2025-09-23 09:57:17,876 - __main__ - DEBUG - Iter 3: ELBO after NIW update: -28438.7774 (Emit LL -15964.8938, NIW term -11926.9697, Δ=0.0000)
2025-09-23 09:57:17,924 - __main__ - DEBUG - Iter 3: ELBO after Dirichlet update: -28439.0624 (Trans LL -3.7755, Dir term -27.2528, Δ=-0.2850)
2025-09-23 09:57:17,991 - __main__ - DEBUG - Iter 3: ELBO after β update: -28439.4382 (Init LL -500.6146, Dir term -27.3616, logp(β) -15.8234, Δ=-0.3758)
2025-09-23 09:57:22,464 - __main__ - DEBUG - Iter 4: ELBO after FB: -28439.4382 (LL -16469.2835, Δ=0.0000)
2025-09-23 09:57:22,465 - __main__ - DEBUG - Blending stats with ρ_niw=0.0500, ρ_tr=0.0500.
2025-09-23 09:57:22,514 - __main__ - DEBUG - Iter 4: ELBO after NIW update: -28439.4382 (Emit LL -15964.8938, NIW term -11926.9697, Δ=0.0000)
2025-09-23 09:57:22,563 - __main__ - DEBUG - Iter 4: ELBO after Dirichlet update: -28439.8502 (Trans LL -3.7695, Dir term -27.7796, Δ=-0.4120)
2025-09-23 09:57:22,620 - __main__ - DEBUG - Iter 4: ELBO after β update: -28439.8226 (Init LL -500.5461, Dir term -27.8243, logp(β) -15.8196, Δ=0.0276)
2025-09-23 09:57:22,622 - __main__ - INFO -    HMM refresh complete: ELBO=-430.4528, iters=0, max iters, states=40
2025-09-23 09:57:22,622 - __main__ - INFO -    ✅ HMM updated (next in 7,372 steps)
2025-09-23 09:57:22,622 - __main__ - INFO - 🔄 VAE refresh starting at step 11,264 with replay size 8x768
2025-09-23 09:57:22,623 - __main__ - INFO -    Using span sampling (6144 timesteps, too large for full buffer)
2025-09-23 09:57:45,110 - __main__ - INFO -    VAE refresh complete: final_loss=2857.7544, avg_loss=2865.0630, steps=4/4, trend=improving, total_timesteps=6144, span_sampling=32_requested×4_steps, span_len=64
2025-09-23 09:57:45,111 - __main__ - INFO -    ✅ VAE updated (next in 7,372 steps)
2025-09-23 09:57:47,354 - __main__ - INFO - 📊 Episodes completed this rollout: 6
2025-09-23 09:57:47,354 - __main__ - INFO - 📈 Episode stats: avg return = 0.28, avg length = 207.8
2025-09-23 09:57:47,354 - __main__ - INFO - 🎯 Top 3 training actions: #1(1782), #7(1720), #2(1679)
2025-09-23 09:57:50,552 - __main__ - INFO - 📊 Episodes completed this rollout: 2
2025-09-23 09:57:50,553 - __main__ - INFO - 📈 Episode stats: avg return = 0.85, avg length = 159.0
2025-09-23 09:57:50,553 - __main__ - INFO - 🎯 Top 3 training actions: #1(2011), #2(1843), #7(1813)
2025-09-23 09:57:53,768 - __main__ - INFO - 📊 Episodes completed this rollout: 5
2025-09-23 09:57:53,769 - __main__ - INFO - 📈 Episode stats: avg return = 0.31, avg length = 220.8
2025-09-23 09:57:53,769 - __main__ - INFO - 🎯 Top 3 training actions: #1(2153), #2(2024), #7(1909)
2025-09-23 09:57:57,000 - __main__ - INFO - 📊 Episodes completed this rollout: 5
2025-09-23 09:57:57,000 - __main__ - INFO - 📈 Episode stats: avg return = -0.10, avg length = 240.8
2025-09-23 09:57:57,001 - __main__ - INFO - 🎯 Top 3 training actions: #1(2300), #2(2205), #7(2050)
2025-09-23 09:58:00,267 - __main__ - INFO - 📊 Episodes completed this rollout: 4
2025-09-23 09:58:00,267 - __main__ - INFO - 📈 Episode stats: avg return = -0.50, avg length = 300.0
2025-09-23 09:58:00,268 - __main__ - INFO - 🎯 Top 3 training actions: #1(2428), #2(2387), #7(2148)
2025-09-23 09:58:03,479 - __main__ - INFO - 📊 Episodes completed this rollout: 6
2025-09-23 09:58:03,480 - __main__ - INFO - 📈 Episode stats: avg return = 0.24, avg length = 206.0
2025-09-23 09:58:03,480 - __main__ - INFO - 🎯 Top 3 training actions: #2(2581), #1(2524), #7(2270)
2025-09-23 09:58:06,687 - __main__ - INFO - 📊 Episodes completed this rollout: 5
2025-09-23 09:58:06,687 - __main__ - INFO - 📈 Episode stats: avg return = 0.33, avg length = 210.4
2025-09-23 09:58:06,688 - __main__ - INFO - 🎯 Top 3 training actions: #2(2787), #1(2617), #7(2431)
2025-09-23 09:58:09,888 - __main__ - INFO - 📊 Episodes completed this rollout: 5
2025-09-23 09:58:09,888 - __main__ - INFO - 📈 Episode stats: avg return = 0.37, avg length = 193.0
2025-09-23 09:58:09,889 - __main__ - INFO - 🎯 Top 3 training actions: #2(3012), #1(2717), #7(2595)
2025-09-23 09:58:10,884 - __main__ - INFO - 🔄 Synchronized model update at step 19,456
2025-09-23 09:58:10,885 - __main__ - INFO -    HMM interval: 7,372, VAE interval: 7,372
2025-09-23 09:58:10,885 - __main__ - INFO - 🚫 Model training masking: 1240/8192 timesteps masked (15.1%) due to negative rewards (invalid actions)
2025-09-23 09:58:11,128 - __main__ - INFO - 🔄 Capping HMM batch size from 695 to 128 to prevent OOM
2025-09-23 09:58:11,128 - __main__ - INFO - 🔄 HMM refresh starting at step 19,456 with replay size 128x63
2025-09-23 09:58:14,812 - __main__ - DEBUG - Initial ELBO: -27642.8948
2025-09-23 09:58:14,814 - __main__ - DEBUG - Relative tol: 0.0100
2025-09-23 09:58:14,815 - __main__ - DEBUG - Relative elbo_drop_tol: 0.0100
2025-09-23 09:58:14,815 - __main__ - DEBUG - - Init -499.4348
2025-09-23 09:58:14,815 - __main__ - DEBUG - - Trans -3.6248
2025-09-23 09:58:14,815 - __main__ - DEBUG - - Emit -15170.5787
2025-09-23 09:58:14,815 - __main__ - DEBUG - - Entropy 0.0004
2025-09-23 09:58:14,815 - __main__ - DEBUG - - Dir -26.4738
2025-09-23 09:58:14,815 - __main__ - DEBUG - - NIW -11926.9697
2025-09-23 09:58:14,815 - __main__ - DEBUG - - Beta prior -15.8133
2025-09-23 09:58:18,875 - __main__ - DEBUG - Iter 0: ELBO after FB: -27642.8948 (LL -15673.6379, Δ=0.0000)
2025-09-23 09:58:18,876 - __main__ - DEBUG - Blending stats with ρ_niw=0.0500, ρ_tr=0.0500.
2025-09-23 09:58:18,924 - __main__ - DEBUG - Iter 0: ELBO after NIW update: -25594.3515 (Emit LL -13135.3372, NIW term -11913.6680, Δ=2048.5433)
2025-09-23 09:58:18,971 - __main__ - DEBUG - Iter 0: ELBO after Dirichlet update: -25594.3122 (Trans LL -3.6722, Dir term -26.3871, Δ=0.0393)
2025-09-23 09:58:19,037 - __main__ - DEBUG - Iter 0: ELBO after β update: -25594.9229 (Init LL -500.0102, Dir term -26.4125, logp(β) -15.8232, Δ=-0.6107)
2025-09-23 09:58:23,153 - __main__ - DEBUG - Iter 1: ELBO after FB: -25594.9229 (LL -13639.0193, Δ=0.0000)
2025-09-23 09:58:23,153 - __main__ - DEBUG - Blending stats with ρ_niw=0.0500, ρ_tr=0.0500.
2025-09-23 09:58:23,201 - __main__ - DEBUG - Iter 1: ELBO after NIW update: -25594.9229 (Emit LL -13135.3372, NIW term -11913.6680, Δ=0.0000)
2025-09-23 09:58:23,248 - __main__ - DEBUG - Iter 1: ELBO after Dirichlet update: -25595.0040 (Trans LL -3.6585, Dir term -26.5074, Δ=-0.0812)
2025-09-23 09:58:23,313 - __main__ - DEBUG - Iter 1: ELBO after β update: -25595.5789 (Init LL -500.5035, Dir term -26.5791, logp(β) -15.8330, Δ=-0.5749)
2025-09-23 09:58:27,402 - __main__ - DEBUG - Iter 2: ELBO after FB: -25595.5789 (LL -13639.4989, Δ=0.0000)
2025-09-23 09:58:27,402 - __main__ - DEBUG - Blending stats with ρ_niw=0.0500, ρ_tr=0.0500.
2025-09-23 09:58:27,449 - __main__ - DEBUG - Iter 2: ELBO after NIW update: -25595.5789 (Emit LL -13135.3372, NIW term -11913.6680, Δ=0.0000)
2025-09-23 09:58:27,496 - __main__ - DEBUG - Iter 2: ELBO after Dirichlet update: -25595.7825 (Trans LL -3.6471, Dir term -26.7941, Δ=-0.2036)
2025-09-23 09:58:27,567 - __main__ - DEBUG - Iter 2: ELBO after β update: -25596.2950 (Init LL -500.9193, Dir term -26.8884, logp(β) -15.8355, Δ=-0.5125)
2025-09-23 09:58:31,654 - __main__ - DEBUG - Iter 3: ELBO after FB: -25596.2950 (LL -13639.9032, Δ=0.0000)
2025-09-23 09:58:31,655 - __main__ - DEBUG - Blending stats with ρ_niw=0.0500, ρ_tr=0.0500.
2025-09-23 09:58:31,703 - __main__ - DEBUG - Iter 3: ELBO after NIW update: -25596.2950 (Emit LL -13135.3372, NIW term -11913.6680, Δ=0.0000)
2025-09-23 09:58:31,750 - __main__ - DEBUG - Iter 3: ELBO after Dirichlet update: -25596.5919 (Trans LL -3.6373, Dir term -27.1950, Δ=-0.2969)
2025-09-23 09:58:31,816 - __main__ - DEBUG - Iter 3: ELBO after β update: -25596.9327 (Init LL -501.1425, Dir term -27.3162, logp(β) -15.8319, Δ=-0.3408)
2025-09-23 09:58:35,883 - __main__ - DEBUG - Iter 4: ELBO after FB: -25596.9327 (LL -13640.1167, Δ=0.0000)
2025-09-23 09:58:35,883 - __main__ - DEBUG - Blending stats with ρ_niw=0.0500, ρ_tr=0.0500.
2025-09-23 09:58:35,931 - __main__ - DEBUG - Iter 4: ELBO after NIW update: -25596.9327 (Emit LL -13135.3372, NIW term -11913.6680, Δ=0.0000)
2025-09-23 09:58:35,979 - __main__ - DEBUG - Iter 4: ELBO after Dirichlet update: -25597.3140 (Trans LL -3.6316, Dir term -27.7032, Δ=-0.3812)
2025-09-23 09:58:36,035 - __main__ - DEBUG - Iter 4: ELBO after β update: -25597.2305 (Init LL -501.0418, Dir term -27.7236, logp(β) -15.8286, Δ=0.0835)
2025-09-23 09:58:36,037 - __main__ - INFO -    HMM refresh complete: ELBO=-44.2096, iters=0, max iters, states=40
2025-09-23 09:58:36,037 - __main__ - INFO -    ✅ HMM updated (next in 8,846 steps)
2025-09-23 09:58:36,038 - __main__ - INFO - 🔄 VAE refresh starting at step 19,456 with replay size 8x1024
2025-09-23 09:58:36,039 - __main__ - INFO -    Using span sampling (8192 timesteps, too large for full buffer)
2025-09-23 09:58:58,161 - __main__ - INFO -    VAE refresh complete: final_loss=2844.6248, avg_loss=2844.4378, steps=4/4, trend=improving, total_timesteps=8192, span_sampling=32_requested×4_steps, span_len=64
2025-09-23 09:58:58,162 - __main__ - INFO -    ✅ VAE updated (next in 8,846 steps)
2025-09-23 09:59:00,379 - __main__ - INFO - 📊 Episodes completed this rollout: 2
2025-09-23 09:59:00,380 - __main__ - INFO - 📈 Episode stats: avg return = 0.13, avg length = 258.5
2025-09-23 09:59:00,380 - __main__ - INFO - 🎯 Top 3 training actions: #2(3270), #1(2825), #7(2786)
2025-09-23 09:59:01,372 - __main__ - INFO - 🧪 Starting evaluation with 50 episodes...
2025-09-23 09:59:01,373 - __main__ - INFO -    Eval seed: 51
2025-09-23 09:59:01,373 - __main__ - INFO -    Max episode steps (eval): env default
2025-09-23 09:59:01,374 - nle.env.base - INFO - Not saving any NLE data.
2025-09-23 09:59:02,449 - __main__ - DEBUG - 🎯 Eval HMM masking: step 100 masked due to negative reward
2025-09-23 09:59:04,544 - __main__ - WARNING - ⚠️ Episode 1 terminated due to step limit.
2025-09-23 09:59:07,860 - __main__ - WARNING - ⚠️ Episode 2 terminated due to step limit.
2025-09-23 09:59:11,278 - __main__ - WARNING - ⚠️ Episode 3 terminated due to step limit.
2025-09-23 09:59:14,949 - __main__ - WARNING - ⚠️ Episode 5 terminated due to step limit.
2025-09-23 09:59:16,710 - __main__ - DEBUG - 🎯 Eval HMM masking: step 150 masked due to negative reward
2025-09-23 09:59:17,239 - __main__ - DEBUG - 🎯 Eval HMM masking: step 200 masked due to negative reward
2025-09-23 09:59:18,301 - __main__ - WARNING - ⚠️ Episode 6 terminated due to step limit.
2025-09-23 09:59:21,647 - __main__ - WARNING - ⚠️ Episode 7 terminated due to step limit.
2025-09-23 09:59:24,987 - __main__ - WARNING - ⚠️ Episode 8 terminated due to step limit.
2025-09-23 09:59:30,316 - __main__ - WARNING - ⚠️ Episode 11 terminated due to step limit.
2025-09-23 09:59:33,631 - __main__ - WARNING - ⚠️ Episode 12 terminated due to step limit.
2025-09-23 09:59:36,422 - __main__ - DEBUG - 🎯 Eval HMM masking: step 250 masked due to negative reward
2025-09-23 09:59:36,939 - __main__ - WARNING - ⚠️ Episode 13 terminated due to step limit.
2025-09-23 09:59:40,231 - __main__ - WARNING - ⚠️ Episode 14 terminated due to step limit.
2025-09-23 09:59:40,933 - __main__ - DEBUG - 🎯 Eval HMM masking: step 50 masked due to negative reward
2025-09-23 09:59:43,022 - __main__ - DEBUG - 🎯 Eval HMM masking: step 250 masked due to negative reward
2025-09-23 09:59:43,540 - __main__ - WARNING - ⚠️ Episode 15 terminated due to step limit.
2025-09-23 09:59:46,831 - __main__ - WARNING - ⚠️ Episode 16 terminated due to step limit.
2025-09-23 09:59:51,020 - __main__ - WARNING - ⚠️ Episode 18 terminated due to step limit.
2025-09-23 09:59:54,314 - __main__ - WARNING - ⚠️ Episode 19 terminated due to step limit.
2025-09-23 09:59:55,537 - __main__ - DEBUG - 🎯 Eval HMM masking: step 100 masked due to negative reward
2025-09-23 09:59:59,338 - __main__ - WARNING - ⚠️ Episode 21 terminated due to step limit.
2025-09-23 10:00:00,546 - __main__ - DEBUG - 🎯 Eval HMM masking: step 100 masked due to negative reward
2025-09-23 10:00:02,100 - __main__ - DEBUG - 🎯 Eval HMM masking: step 250 masked due to negative reward
2025-09-23 10:00:02,604 - __main__ - WARNING - ⚠️ Episode 22 terminated due to step limit.
2025-09-23 10:00:05,907 - __main__ - WARNING - ⚠️ Episode 24 terminated due to step limit.
2025-09-23 10:00:08,156 - __main__ - DEBUG - 🎯 Eval HMM masking: step 200 masked due to negative reward
2025-09-23 10:00:09,191 - __main__ - WARNING - ⚠️ Episode 25 terminated due to step limit.
2025-09-23 10:00:12,227 - __main__ - DEBUG - 🎯 Eval HMM masking: step 150 masked due to negative reward
2025-09-23 10:00:12,750 - __main__ - DEBUG - 🎯 Eval HMM masking: step 200 masked due to negative reward
2025-09-23 10:00:13,784 - __main__ - WARNING - ⚠️ Episode 27 terminated due to step limit.
2025-09-23 10:00:17,118 - __main__ - WARNING - ⚠️ Episode 29 terminated due to step limit.
2025-09-23 10:00:17,815 - __main__ - DEBUG - 🎯 Eval HMM masking: step 50 masked due to negative reward
2025-09-23 10:00:18,339 - __main__ - DEBUG - 🎯 Eval HMM masking: step 100 masked due to negative reward
2025-09-23 10:00:20,414 - __main__ - WARNING - ⚠️ Episode 30 terminated due to step limit.
2025-09-23 10:00:22,400 - __main__ - DEBUG - 🎯 Eval HMM masking: step 150 masked due to negative reward
2025-09-23 10:00:23,953 - __main__ - WARNING - ⚠️ Episode 32 terminated due to step limit.
2025-09-23 10:00:24,715 - __main__ - DEBUG - 🎯 Eval HMM masking: step 50 masked due to negative reward
2025-09-23 10:00:26,285 - __main__ - DEBUG - 🎯 Eval HMM masking: step 200 masked due to negative reward
2025-09-23 10:00:27,320 - __main__ - WARNING - ⚠️ Episode 34 terminated due to step limit.
2025-09-23 10:00:30,624 - __main__ - WARNING - ⚠️ Episode 35 terminated due to step limit.
2025-09-23 10:00:31,324 - __main__ - DEBUG - 🎯 Eval HMM masking: step 50 masked due to negative reward
2025-09-23 10:00:34,807 - __main__ - WARNING - ⚠️ Episode 37 terminated due to step limit.
2025-09-23 10:00:38,099 - __main__ - WARNING - ⚠️ Episode 38 terminated due to step limit.
2025-09-23 10:00:39,487 - __main__ - DEBUG - 🎯 Eval HMM masking: step 100 masked due to negative reward
2025-09-23 10:00:41,558 - __main__ - WARNING - ⚠️ Episode 40 terminated due to step limit.
2025-09-23 10:00:45,801 - __main__ - WARNING - ⚠️ Episode 42 terminated due to step limit.
2025-09-23 10:00:47,019 - __main__ - DEBUG - 🎯 Eval HMM masking: step 100 masked due to negative reward
2025-09-23 10:00:48,584 - __main__ - DEBUG - 🎯 Eval HMM masking: step 250 masked due to negative reward
2025-09-23 10:00:49,098 - __main__ - WARNING - ⚠️ Episode 43 terminated due to step limit.
2025-09-23 10:00:54,416 - __main__ - DEBUG - 🎯 Eval HMM masking: step 150 masked due to negative reward
2025-09-23 10:00:55,978 - __main__ - WARNING - ⚠️ Episode 47 terminated due to step limit.
2025-09-23 10:01:00,182 - __main__ - WARNING - ⚠️ Episode 49 terminated due to step limit.
2025-09-23 10:01:01,914 - __main__ - DEBUG - 🎯 Eval HMM masking: step 150 masked due to negative reward
2025-09-23 10:01:03,467 - __main__ - WARNING - ⚠️ Episode 50 terminated due to step limit.
2025-09-23 10:01:03,632 - __main__ - INFO - 📊 Evaluation Results (Current Round):
2025-09-23 10:01:03,633 - __main__ - INFO -    Episodes: 50
2025-09-23 10:01:03,633 - __main__ - INFO -    Time: 122.3s (2.4s/ep)
2025-09-23 10:01:03,633 - __main__ - INFO -    Average Return: 0.015 ± 0.662
2025-09-23 10:01:03,633 - __main__ - INFO -    Success Rate: 34.0%
2025-09-23 10:01:03,633 - __main__ - INFO -    Average Length: 221.7
2025-09-23 10:01:03,633 - __main__ - INFO -    Average Coverage: 68.4 positions
2025-09-23 10:01:03,633 - __main__ - INFO -    Episode Completions: 17 terminated (34.0%), 33 truncated (66.0%)
2025-09-23 10:01:03,633 - __main__ - INFO - 📈 Total Evaluation Statistics:
2025-09-23 10:01:03,634 - __main__ - INFO -    Total Episodes: 100
2025-09-23 10:01:03,634 - __main__ - INFO -    Total Average Return: 0.120 ± 0.666
2025-09-23 10:01:03,634 - __main__ - INFO -    Total Average Length: 214.3 ± 117.8
2025-09-23 10:01:03,634 - __main__ - INFO -    Total Completions: 40 terminated (40.0%), 60 truncated (60.0%)
2025-09-23 10:01:03,634 - __main__ - INFO -    Skill Entropy: 0.001
2025-09-23 10:01:03,634 - __main__ - INFO -    Used Skills: 1.0
2025-09-23 10:01:03,635 - __main__ - INFO -    Effective K: 1.00
2025-09-23 10:01:03,635 - __main__ - INFO - 🎯 Action Usage Statistics:
2025-09-23 10:01:03,635 - __main__ - INFO -    Unique actions in evaluation: 8
2025-09-23 10:01:03,635 - __main__ - INFO -    Unique actions in training: 8
2025-09-23 10:01:03,635 - __main__ - INFO -    Total unique actions: 8
2025-09-23 10:01:03,635 - __main__ - INFO -    Action coverage: 6.6%
2025-09-23 10:01:03,635 - __main__ - INFO -    Train action count: 20480
2025-09-23 10:01:03,635 - __main__ - INFO -    Eval action count: 21426
2025-09-23 10:01:03,636 - __main__ - INFO -    Train action entropy: 2.065
2025-09-23 10:01:03,636 - __main__ - INFO -    Eval action entropy: 1.999
2025-09-23 10:01:03,636 - __main__ - INFO -    Top 3 train actions: #2(3270), #1(2825), #7(2786)
2025-09-23 10:01:03,637 - __main__ - INFO -    Top 3 eval actions: #2(4811), #7(3437), #1(2926)
2025-09-23 10:01:05,817 - __main__ - INFO - 📊 Episodes completed this rollout: 4
2025-09-23 10:01:05,817 - __main__ - INFO - 📈 Episode stats: avg return = -0.53, avg length = 300.0
2025-09-23 10:01:05,818 - __main__ - INFO - 🎯 Top 3 training actions: #2(3580), #7(2980), #1(2913)
2025-09-23 10:01:09,001 - __main__ - INFO - 📊 Episodes completed this rollout: 5
2025-09-23 10:01:09,001 - __main__ - INFO - 📈 Episode stats: avg return = 0.08, avg length = 229.2
2025-09-23 10:01:09,002 - __main__ - INFO - 🎯 Top 3 training actions: #2(3891), #7(3091), #1(3033)
2025-09-23 10:01:12,172 - __main__ - INFO - 📊 Episodes completed this rollout: 3
2025-09-23 10:01:12,173 - __main__ - INFO - 📈 Episode stats: avg return = -0.07, avg length = 262.0
2025-09-23 10:01:12,173 - __main__ - INFO - 🎯 Top 3 training actions: #2(4229), #7(3220), #4(3187)
2025-09-23 10:01:15,379 - __main__ - INFO - 📊 Episodes completed this rollout: 4
2025-09-23 10:01:15,379 - __main__ - INFO - 📈 Episode stats: avg return = -0.37, avg length = 300.0
2025-09-23 10:01:15,380 - __main__ - INFO - 🎯 Top 3 training actions: #2(4542), #7(3388), #4(3358)
2025-09-23 10:01:18,538 - __main__ - INFO - 📊 Episodes completed this rollout: 2
2025-09-23 10:01:18,538 - __main__ - INFO - 📈 Episode stats: avg return = -0.39, avg length = 300.0
2025-09-23 10:01:18,538 - __main__ - INFO - 🎯 Top 3 training actions: #2(4946), #7(3548), #4(3477)
2025-09-23 10:01:21,719 - __main__ - INFO - 📊 Episodes completed this rollout: 5
2025-09-23 10:01:21,720 - __main__ - INFO - 📈 Episode stats: avg return = -0.18, avg length = 297.8
2025-09-23 10:01:21,720 - __main__ - INFO - 🎯 Top 3 training actions: #2(5302), #7(3686), #4(3604)
2025-09-23 10:01:24,918 - __main__ - INFO - 📊 Episodes completed this rollout: 6
2025-09-23 10:01:24,918 - __main__ - INFO - 📈 Episode stats: avg return = 0.32, avg length = 196.7
2025-09-23 10:01:24,919 - __main__ - INFO - 🎯 Top 3 training actions: #2(5632), #7(3853), #4(3705)
2025-09-23 10:01:28,099 - __main__ - INFO - 📊 Episodes completed this rollout: 3
2025-09-23 10:01:28,100 - __main__ - INFO - 📈 Episode stats: avg return = -0.27, avg length = 300.0
2025-09-23 10:01:28,100 - __main__ - INFO - 🎯 Top 3 training actions: #2(5909), #7(4021), #4(3801)
2025-09-23 10:01:29,091 - __main__ - INFO - 🔄 Synchronized model update at step 28,672
2025-09-23 10:01:29,091 - __main__ - INFO -    HMM interval: 8,846, VAE interval: 8,846
2025-09-23 10:01:29,092 - __main__ - INFO - 🚫 Model training masking: 1098/9216 timesteps masked (11.9%) due to negative rewards (invalid actions)
2025-09-23 10:01:29,363 - __main__ - INFO - 🔄 Capping HMM batch size from 707 to 128 to prevent OOM
2025-09-23 10:01:29,363 - __main__ - INFO - 🔄 HMM refresh starting at step 28,672 with replay size 128x128
2025-09-23 10:01:36,688 - __main__ - DEBUG - Initial ELBO: -27886.5871
2025-09-23 10:01:36,688 - __main__ - DEBUG - Relative tol: 0.0100
2025-09-23 10:01:36,689 - __main__ - DEBUG - Relative elbo_drop_tol: 0.0100
2025-09-23 10:01:36,689 - __main__ - DEBUG - - Init -500.0102
2025-09-23 10:01:36,689 - __main__ - DEBUG - - Trans -4.2419
2025-09-23 10:01:36,689 - __main__ - DEBUG - - Emit -15426.4322
2025-09-23 10:01:36,689 - __main__ - DEBUG - - Entropy 0.0007
2025-09-23 10:01:36,689 - __main__ - DEBUG - - Dir -26.4125
2025-09-23 10:01:36,689 - __main__ - DEBUG - - NIW -11913.6680
2025-09-23 10:01:36,689 - __main__ - DEBUG - - Beta prior -15.8232
2025-09-23 10:01:44,404 - __main__ - DEBUG - Iter 0: ELBO after FB: -27886.5871 (LL -15930.6835, Δ=0.0000)
2025-09-23 10:01:44,405 - __main__ - DEBUG - Blending stats with ρ_niw=0.0500, ρ_tr=0.0500.
2025-09-23 10:01:44,456 - __main__ - DEBUG - Iter 0: ELBO after NIW update: -23531.0059 (Emit LL -11016.2943, NIW term -11968.2246, Δ=4355.5812)
2025-09-23 10:01:44,506 - __main__ - DEBUG - Iter 0: ELBO after Dirichlet update: -23530.9774 (Trans LL -4.2703, Dir term -26.3555, Δ=0.0285)
2025-09-23 10:01:44,574 - __main__ - DEBUG - Iter 0: ELBO after β update: -23531.5701 (Init LL -500.5641, Dir term -26.3842, logp(β) -15.8333, Δ=-0.5927)
2025-09-23 10:01:52,328 - __main__ - DEBUG - Iter 1: ELBO after FB: -23531.5701 (LL -11521.1279, Δ=0.0000)
2025-09-23 10:01:52,329 - __main__ - DEBUG - Blending stats with ρ_niw=0.0500, ρ_tr=0.0500.
2025-09-23 10:01:52,380 - __main__ - DEBUG - Iter 1: ELBO after NIW update: -23531.5701 (Emit LL -11016.2943, NIW term -11968.2246, Δ=0.0000)
2025-09-23 10:01:52,431 - __main__ - DEBUG - Iter 1: ELBO after Dirichlet update: -23531.6491 (Trans LL -4.2557, Dir term -26.4778, Δ=-0.0790)
2025-09-23 10:01:52,500 - __main__ - DEBUG - Iter 1: ELBO after β update: -23532.2181 (Init LL -501.0639, Dir term -26.5371, logp(β) -15.8432, Δ=-0.5690)
2025-09-23 10:02:00,264 - __main__ - DEBUG - Iter 2: ELBO after FB: -23532.2181 (LL -11521.6132, Δ=0.0000)
2025-09-23 10:02:00,265 - __main__ - DEBUG - Blending stats with ρ_niw=0.0500, ρ_tr=0.0500.
2025-09-23 10:02:00,315 - __main__ - DEBUG - Iter 2: ELBO after NIW update: -23532.2181 (Emit LL -11016.2943, NIW term -11968.2246, Δ=0.0000)
2025-09-23 10:02:00,366 - __main__ - DEBUG - Iter 2: ELBO after Dirichlet update: -23532.4066 (Trans LL -4.2419, Dir term -26.7395, Δ=-0.1885)
2025-09-23 10:02:00,435 - __main__ - DEBUG - Iter 2: ELBO after β update: -23532.9325 (Init LL -501.4815, Dir term -26.8454, logp(β) -15.8455, Δ=-0.5259)
2025-09-23 10:02:08,251 - __main__ - DEBUG - Iter 3: ELBO after FB: -23532.9325 (LL -11522.0170, Δ=0.0000)
2025-09-23 10:02:08,252 - __main__ - DEBUG - Blending stats with ρ_niw=0.0500, ρ_tr=0.0500.
2025-09-23 10:02:08,303 - __main__ - DEBUG - Iter 3: ELBO after NIW update: -23532.9325 (Emit LL -11016.2943, NIW term -11968.2246, Δ=0.0000)
2025-09-23 10:02:08,355 - __main__ - DEBUG - Iter 3: ELBO after Dirichlet update: -23533.2330 (Trans LL -4.2300, Dir term -27.1578, Δ=-0.3005)
2025-09-23 10:02:08,421 - __main__ - DEBUG - Iter 3: ELBO after β update: -23533.4889 (Init LL -501.6534, Dir term -27.2472, logp(β) -15.8402, Δ=-0.2558)
2025-09-23 10:02:16,154 - __main__ - DEBUG - Iter 4: ELBO after FB: -23533.4889 (LL -11522.1769, Δ=0.0000)
2025-09-23 10:02:16,155 - __main__ - DEBUG - Blending stats with ρ_niw=0.0500, ρ_tr=0.0500.
2025-09-23 10:02:16,205 - __main__ - DEBUG - Iter 4: ELBO after NIW update: -23533.4889 (Emit LL -11016.2943, NIW term -11968.2246, Δ=0.0000)
2025-09-23 10:02:16,256 - __main__ - DEBUG - Iter 4: ELBO after Dirichlet update: -23533.9011 (Trans LL -4.2260, Dir term -27.6634, Δ=-0.4122)
2025-09-23 10:02:16,320 - __main__ - DEBUG - Iter 4: ELBO after β update: -23533.9927 (Init LL -501.6771, Dir term -27.7358, logp(β) -15.8357, Δ=-0.0916)
2025-09-23 10:02:16,322 - __main__ - INFO -    HMM refresh complete: ELBO=-41.2621, iters=0, max iters, states=40
2025-09-23 10:02:16,322 - __main__ - INFO -    ✅ HMM updated (next in 10,615 steps)
2025-09-23 10:02:16,322 - __main__ - INFO - 🔄 VAE refresh starting at step 28,672 with replay size 8x1152
2025-09-23 10:02:16,323 - __main__ - INFO -    Using span sampling (9216 timesteps, too large for full buffer)
2025-09-23 10:02:39,350 - __main__ - INFO -    VAE refresh complete: final_loss=2833.9373, avg_loss=2835.8690, steps=4/4, trend=improving, total_timesteps=9216, span_sampling=32_requested×4_steps, span_len=64
2025-09-23 10:02:39,352 - __main__ - INFO -    ✅ VAE updated (next in 10,615 steps)
2025-09-23 10:02:41,573 - __main__ - INFO - 📊 Episodes completed this rollout: 4
2025-09-23 10:02:41,573 - __main__ - INFO - 📈 Episode stats: avg return = -0.06, avg length = 235.2
2025-09-23 10:02:41,574 - __main__ - INFO - 🎯 Top 3 training actions: #2(6238), #7(4159), #1(3909)
2025-09-23 10:02:44,782 - __main__ - INFO - 📊 Episodes completed this rollout: 7
2025-09-23 10:02:44,782 - __main__ - INFO - 📈 Episode stats: avg return = 0.38, avg length = 187.1
2025-09-23 10:02:44,783 - __main__ - INFO - 🎯 Top 3 training actions: #2(6537), #7(4305), #1(4115)
2025-09-23 10:02:45,772 - __main__ - INFO - 🧪 Starting evaluation with 50 episodes...
2025-09-23 10:02:45,772 - __main__ - INFO -    Eval seed: 51
2025-09-23 10:02:45,772 - __main__ - INFO -    Max episode steps (eval): env default
2025-09-23 10:02:45,774 - nle.env.base - INFO - Not saving any NLE data.
2025-09-23 10:02:47,392 - __main__ - DEBUG - 🎯 Eval HMM masking: step 150 masked due to negative reward
2025-09-23 10:02:48,963 - __main__ - WARNING - ⚠️ Episode 1 terminated due to step limit.
2025-09-23 10:02:51,247 - __main__ - DEBUG - 🎯 Eval HMM masking: step 200 masked due to negative reward
2025-09-23 10:02:52,295 - __main__ - WARNING - ⚠️ Episode 2 terminated due to step limit.
2025-09-23 10:02:55,617 - __main__ - WARNING - ⚠️ Episode 3 terminated due to step limit.
2025-09-23 10:02:58,430 - __main__ - DEBUG - 🎯 Eval HMM masking: step 200 masked due to negative reward
2025-09-23 10:02:59,472 - __main__ - WARNING - ⚠️ Episode 5 terminated due to step limit.
2025-09-23 10:03:02,798 - __main__ - WARNING - ⚠️ Episode 6 terminated due to step limit.
2025-09-23 10:03:06,143 - __main__ - DEBUG - 🎯 Eval HMM masking: step 200 masked due to negative reward
2025-09-23 10:03:07,190 - __main__ - WARNING - ⚠️ Episode 8 terminated due to step limit.
2025-09-23 10:03:10,510 - __main__ - WARNING - ⚠️ Episode 9 terminated due to step limit.
2025-09-23 10:03:13,565 - __main__ - DEBUG - 🎯 Eval HMM masking: step 100 masked due to negative reward
2025-09-23 10:03:15,146 - __main__ - DEBUG - 🎯 Eval HMM masking: step 250 masked due to negative reward
2025-09-23 10:03:18,818 - __main__ - WARNING - ⚠️ Episode 12 terminated due to step limit.
2025-09-23 10:03:22,143 - __main__ - WARNING - ⚠️ Episode 13 terminated due to step limit.
2025-09-23 10:03:23,948 - __main__ - DEBUG - 🎯 Eval HMM masking: step 150 masked due to negative reward
2025-09-23 10:03:25,526 - __main__ - WARNING - ⚠️ Episode 15 terminated due to step limit.
2025-09-23 10:03:29,093 - __main__ - DEBUG - 🎯 Eval HMM masking: step 50 masked due to negative reward
2025-09-23 10:03:31,704 - __main__ - WARNING - ⚠️ Episode 17 terminated due to step limit.
2025-09-23 10:03:32,414 - __main__ - DEBUG - 🎯 Eval HMM masking: step 50 masked due to negative reward
2025-09-23 10:03:35,105 - __main__ - WARNING - ⚠️ Episode 18 terminated due to step limit.
2025-09-23 10:03:38,495 - __main__ - WARNING - ⚠️ Episode 19 terminated due to step limit.
2025-09-23 10:03:41,899 - __main__ - WARNING - ⚠️ Episode 20 terminated due to step limit.
2025-09-23 10:03:44,766 - __main__ - DEBUG - 🎯 Eval HMM masking: step 250 masked due to negative reward
2025-09-23 10:03:45,295 - __main__ - WARNING - ⚠️ Episode 21 terminated due to step limit.
2025-09-23 10:03:50,530 - __main__ - DEBUG - 🎯 Eval HMM masking: step 250 masked due to negative reward
2025-09-23 10:03:51,060 - __main__ - WARNING - ⚠️ Episode 23 terminated due to step limit.
2025-09-23 10:03:54,452 - __main__ - WARNING - ⚠️ Episode 24 terminated due to step limit.
2025-09-23 10:03:56,234 - __main__ - DEBUG - 🎯 Eval HMM masking: step 150 masked due to negative reward
2025-09-23 10:03:57,827 - __main__ - WARNING - ⚠️ Episode 25 terminated due to step limit.
2025-09-23 10:04:01,254 - __main__ - WARNING - ⚠️ Episode 27 terminated due to step limit.
2025-09-23 10:04:04,630 - __main__ - WARNING - ⚠️ Episode 28 terminated due to step limit.
2025-09-23 10:04:06,959 - __main__ - DEBUG - 🎯 Eval HMM masking: step 200 masked due to negative reward
2025-09-23 10:04:08,028 - __main__ - WARNING - ⚠️ Episode 29 terminated due to step limit.
2025-09-23 10:04:11,796 - __main__ - WARNING - ⚠️ Episode 31 terminated due to step limit.
2025-09-23 10:04:15,162 - __main__ - WARNING - ⚠️ Episode 32 terminated due to step limit.
2025-09-23 10:04:17,496 - __main__ - DEBUG - 🎯 Eval HMM masking: step 200 masked due to negative reward
2025-09-23 10:04:18,549 - __main__ - WARNING - ⚠️ Episode 33 terminated due to step limit.
2025-09-23 10:04:21,922 - __main__ - DEBUG - 🎯 Eval HMM masking: step 200 masked due to negative reward
2025-09-23 10:04:22,957 - __main__ - WARNING - ⚠️ Episode 35 terminated due to step limit.
2025-09-23 10:04:26,280 - __main__ - WARNING - ⚠️ Episode 36 terminated due to step limit.
2025-09-23 10:04:29,604 - __main__ - WARNING - ⚠️ Episode 37 terminated due to step limit.
2025-09-23 10:04:31,878 - __main__ - DEBUG - 🎯 Eval HMM masking: step 200 masked due to negative reward
2025-09-23 10:04:32,925 - __main__ - WARNING - ⚠️ Episode 38 terminated due to step limit.
2025-09-23 10:04:36,241 - __main__ - WARNING - ⚠️ Episode 39 terminated due to step limit.
2025-09-23 10:04:39,551 - __main__ - WARNING - ⚠️ Episode 40 terminated due to step limit.
2025-09-23 10:04:42,498 - __main__ - DEBUG - 🎯 Eval HMM masking: step 100 masked due to negative reward
2025-09-23 10:04:44,627 - __main__ - WARNING - ⚠️ Episode 42 terminated due to step limit.
2025-09-23 10:04:47,427 - __main__ - DEBUG - 🎯 Eval HMM masking: step 250 masked due to negative reward
2025-09-23 10:04:47,945 - __main__ - WARNING - ⚠️ Episode 43 terminated due to step limit.
2025-09-23 10:04:49,171 - __main__ - DEBUG - 🎯 Eval HMM masking: step 100 masked due to negative reward
2025-09-23 10:04:51,246 - __main__ - WARNING - ⚠️ Episode 44 terminated due to step limit.
2025-09-23 10:04:52,996 - __main__ - DEBUG - 🎯 Eval HMM masking: step 150 masked due to negative reward
2025-09-23 10:04:54,563 - __main__ - WARNING - ⚠️ Episode 45 terminated due to step limit.
2025-09-23 10:04:56,313 - __main__ - DEBUG - 🎯 Eval HMM masking: step 150 masked due to negative reward
2025-09-23 10:04:56,840 - __main__ - DEBUG - 🎯 Eval HMM masking: step 200 masked due to negative reward
2025-09-23 10:04:57,367 - __main__ - DEBUG - 🎯 Eval HMM masking: step 250 masked due to negative reward
2025-09-23 10:04:57,881 - __main__ - WARNING - ⚠️ Episode 46 terminated due to step limit.
2025-09-23 10:04:58,588 - __main__ - DEBUG - 🎯 Eval HMM masking: step 50 masked due to negative reward
2025-09-23 10:05:00,689 - __main__ - DEBUG - 🎯 Eval HMM masking: step 250 masked due to negative reward
2025-09-23 10:05:01,207 - __main__ - WARNING - ⚠️ Episode 47 terminated due to step limit.
2025-09-23 10:05:02,431 - __main__ - DEBUG - 🎯 Eval HMM masking: step 100 masked due to negative reward
2025-09-23 10:05:04,514 - __main__ - WARNING - ⚠️ Episode 48 terminated due to step limit.
2025-09-23 10:05:07,818 - __main__ - WARNING - ⚠️ Episode 49 terminated due to step limit.
2025-09-23 10:05:10,614 - __main__ - DEBUG - 🎯 Eval HMM masking: step 250 masked due to negative reward
2025-09-23 10:05:11,130 - __main__ - WARNING - ⚠️ Episode 50 terminated due to step limit.
2025-09-23 10:05:11,506 - __main__ - INFO - 📊 Evaluation Results (Current Round):
2025-09-23 10:05:11,506 - __main__ - INFO -    Episodes: 50
2025-09-23 10:05:11,506 - __main__ - INFO -    Time: 145.7s (2.9s/ep)
2025-09-23 10:05:11,506 - __main__ - INFO -    Average Return: -0.147 ± 0.568
2025-09-23 10:05:11,506 - __main__ - INFO -    Success Rate: 22.0%
2025-09-23 10:05:11,507 - __main__ - INFO -    Average Length: 261.2
2025-09-23 10:05:11,507 - __main__ - INFO -    Average Coverage: 74.7 positions
2025-09-23 10:05:11,507 - __main__ - INFO -    Episode Completions: 11 terminated (22.0%), 39 truncated (78.0%)
2025-09-23 10:05:11,507 - __main__ - INFO - 📈 Total Evaluation Statistics:
2025-09-23 10:05:11,507 - __main__ - INFO -    Total Episodes: 150
2025-09-23 10:05:11,507 - __main__ - INFO -    Total Average Return: 0.031 ± 0.647
2025-09-23 10:05:11,507 - __main__ - INFO -    Total Average Length: 229.9 ± 110.3
2025-09-23 10:05:11,507 - __main__ - INFO -    Total Completions: 51 terminated (34.0%), 99 truncated (66.0%)
2025-09-23 10:05:11,507 - __main__ - INFO -    Skill Entropy: 0.001
2025-09-23 10:05:11,508 - __main__ - INFO -    Used Skills: 1.0
2025-09-23 10:05:11,508 - __main__ - INFO -    Effective K: 1.00
2025-09-23 10:05:11,508 - __main__ - INFO - 🎯 Action Usage Statistics:
2025-09-23 10:05:11,508 - __main__ - INFO -    Unique actions in evaluation: 8
2025-09-23 10:05:11,508 - __main__ - INFO -    Unique actions in training: 8
2025-09-23 10:05:11,508 - __main__ - INFO -    Total unique actions: 8
2025-09-23 10:05:11,509 - __main__ - INFO -    Action coverage: 6.6%
2025-09-23 10:05:11,509 - __main__ - INFO -    Train action count: 30720
2025-09-23 10:05:11,509 - __main__ - INFO -    Eval action count: 34485
2025-09-23 10:05:11,509 - __main__ - INFO -    Train action entropy: 2.030
2025-09-23 10:05:11,510 - __main__ - INFO -    Eval action entropy: 1.981
2025-09-23 10:05:11,510 - __main__ - INFO -    Top 3 train actions: #2(6537), #7(4305), #1(4115)
2025-09-23 10:05:11,510 - __main__ - INFO -    Top 3 eval actions: #2(8010), #7(5321), #1(5175)
2025-09-23 10:05:13,704 - __main__ - INFO - 📊 Episodes completed this rollout: 3
2025-09-23 10:05:13,705 - __main__ - INFO - 📈 Episode stats: avg return = 0.50, avg length = 159.0
2025-09-23 10:05:13,705 - __main__ - INFO - 🎯 Top 3 training actions: #2(6784), #7(4448), #1(4302)
2025-09-23 10:05:16,905 - __main__ - INFO - 📊 Episodes completed this rollout: 4
2025-09-23 10:05:16,906 - __main__ - INFO - 📈 Episode stats: avg return = -0.38, avg length = 300.0
2025-09-23 10:05:16,906 - __main__ - INFO - 🎯 Top 3 training actions: #2(6980), #7(4577), #1(4546)
2025-09-23 10:05:20,092 - __main__ - INFO - 📊 Episodes completed this rollout: 7
2025-09-23 10:05:20,093 - __main__ - INFO - 📈 Episode stats: avg return = 0.12, avg length = 194.9
2025-09-23 10:05:20,093 - __main__ - INFO - 🎯 Top 3 training actions: #2(7233), #7(4749), #1(4707)
2025-09-23 10:05:23,294 - __main__ - INFO - 📊 Episodes completed this rollout: 4
2025-09-23 10:05:23,294 - __main__ - INFO - 📈 Episode stats: avg return = 0.28, avg length = 177.5
2025-09-23 10:05:23,294 - __main__ - INFO - 🎯 Top 3 training actions: #2(7547), #7(4934), #1(4845)
2025-09-23 10:05:26,477 - __main__ - INFO - 📊 Episodes completed this rollout: 4
2025-09-23 10:05:26,478 - __main__ - INFO - 📈 Episode stats: avg return = 0.14, avg length = 222.5
2025-09-23 10:05:26,478 - __main__ - INFO - 🎯 Top 3 training actions: #2(7832), #7(5118), #1(5021)
2025-09-23 10:05:29,704 - __main__ - INFO - 📊 Episodes completed this rollout: 4
2025-09-23 10:05:29,704 - __main__ - INFO - 📈 Episode stats: avg return = -0.44, avg length = 300.0
2025-09-23 10:05:29,705 - __main__ - INFO - 🎯 Top 3 training actions: #2(8042), #7(5255), #1(5197)
2025-09-23 10:05:32,932 - __main__ - INFO - 📊 Episodes completed this rollout: 3
2025-09-23 10:05:32,932 - __main__ - INFO - 📈 Episode stats: avg return = -0.23, avg length = 300.0
2025-09-23 10:05:32,933 - __main__ - INFO - 🎯 Top 3 training actions: #2(8286), #7(5384), #1(5374)
2025-09-23 10:05:36,165 - __main__ - INFO - 📊 Episodes completed this rollout: 7
2025-09-23 10:05:36,165 - __main__ - INFO - 📈 Episode stats: avg return = 0.31, avg length = 193.4
2025-09-23 10:05:36,165 - __main__ - INFO - 🎯 Top 3 training actions: #2(8577), #7(5547), #1(5501)
2025-09-23 10:05:39,348 - __main__ - INFO - 📊 Episodes completed this rollout: 5
2025-09-23 10:05:39,348 - __main__ - INFO - 📈 Episode stats: avg return = 0.43, avg length = 159.2
2025-09-23 10:05:39,348 - __main__ - INFO - 🎯 Top 3 training actions: #2(8772), #7(5719), #1(5648)
2025-09-23 10:05:40,340 - __main__ - INFO - 🔄 Synchronized model update at step 39,936
2025-09-23 10:05:40,341 - __main__ - INFO -    HMM interval: 10,615, VAE interval: 10,615
2025-09-23 10:05:40,341 - __main__ - INFO - 🚫 Model training masking: 1331/11264 timesteps masked (11.8%) due to negative rewards (invalid actions)
2025-09-23 10:05:40,673 - __main__ - INFO - 🔄 Capping HMM batch size from 822 to 128 to prevent OOM
2025-09-23 10:05:40,674 - __main__ - INFO - 🔄 HMM refresh starting at step 39,936 with replay size 128x74
2025-09-23 10:05:44,922 - __main__ - DEBUG - Initial ELBO: -23357.9488
2025-09-23 10:05:44,924 - __main__ - DEBUG - Relative tol: 0.0100
2025-09-23 10:05:44,925 - __main__ - DEBUG - Relative elbo_drop_tol: 0.0100
2025-09-23 10:05:44,925 - __main__ - DEBUG - - Init -500.5641
2025-09-23 10:05:44,925 - __main__ - DEBUG - - Trans -4.1654
2025-09-23 10:05:44,925 - __main__ - DEBUG - - Emit -10842.7776
2025-09-23 10:05:44,925 - __main__ - DEBUG - - Entropy 0.0004
2025-09-23 10:05:44,925 - __main__ - DEBUG - - Dir -26.3842
2025-09-23 10:05:44,925 - __main__ - DEBUG - - NIW -11968.2246
2025-09-23 10:05:44,925 - __main__ - DEBUG - - Beta prior -15.8333
2025-09-23 10:05:49,529 - __main__ - DEBUG - Iter 0: ELBO after FB: -23357.9488 (LL -11347.5067, Δ=0.0000)
2025-09-23 10:05:49,530 - __main__ - DEBUG - Blending stats with ρ_niw=0.0500, ρ_tr=0.0500.
2025-09-23 10:05:49,578 - __main__ - DEBUG - Iter 0: ELBO after NIW update: -19247.6698 (Emit LL -6642.7915, NIW term -12057.9316, Δ=4110.2791)
2025-09-23 10:05:49,625 - __main__ - DEBUG - Iter 0: ELBO after Dirichlet update: -19247.6329 (Trans LL -4.1970, Dir term -26.3158, Δ=0.0369)
2025-09-23 10:05:49,691 - __main__ - DEBUG - Iter 0: ELBO after β update: -19248.2016 (Init LL -501.1067, Dir term -26.3315, logp(β) -15.8437, Δ=-0.5687)
2025-09-23 10:05:54,318 - __main__ - DEBUG - Iter 1: ELBO after FB: -19248.2016 (LL -7148.0947, Δ=0.0000)
2025-09-23 10:05:54,319 - __main__ - DEBUG - Blending stats with ρ_niw=0.0500, ρ_tr=0.0500.
2025-09-23 10:05:54,367 - __main__ - DEBUG - Iter 1: ELBO after NIW update: -19248.2016 (Emit LL -6642.7915, NIW term -12057.9316, Δ=0.0000)
2025-09-23 10:05:54,414 - __main__ - DEBUG - Iter 1: ELBO after Dirichlet update: -19248.2755 (Trans LL -4.1822, Dir term -26.4202, Δ=-0.0739)
2025-09-23 10:05:54,480 - __main__ - DEBUG - Iter 1: ELBO after β update: -19248.8692 (Init LL -501.6099, Dir term -26.5006, logp(β) -15.8537, Δ=-0.5937)
2025-09-23 10:05:59,097 - __main__ - DEBUG - Iter 2: ELBO after FB: -19248.8692 (LL -7148.5832, Δ=0.0000)
2025-09-23 10:05:59,097 - __main__ - DEBUG - Blending stats with ρ_niw=0.0500, ρ_tr=0.0500.
2025-09-23 10:05:59,145 - __main__ - DEBUG - Iter 2: ELBO after NIW update: -19248.8692 (Emit LL -6642.7915, NIW term -12057.9316, Δ=0.0000)
2025-09-23 10:05:59,193 - __main__ - DEBUG - Iter 2: ELBO after Dirichlet update: -19249.0859 (Trans LL -4.1693, Dir term -26.7303, Δ=-0.2167)
2025-09-23 10:05:59,259 - __main__ - DEBUG - Iter 2: ELBO after β update: -19249.5943 (Init LL -502.0269, Dir term -26.8198, logp(β) -15.8556, Δ=-0.5084)
2025-09-23 10:06:03,885 - __main__ - DEBUG - Iter 3: ELBO after FB: -19249.5943 (LL -7148.9873, Δ=0.0000)
2025-09-23 10:06:03,886 - __main__ - DEBUG - Blending stats with ρ_niw=0.0500, ρ_tr=0.0500.
2025-09-23 10:06:03,934 - __main__ - DEBUG - Iter 3: ELBO after NIW update: -19249.5943 (Emit LL -6642.7915, NIW term -12057.9316, Δ=0.0000)
2025-09-23 10:06:03,982 - __main__ - DEBUG - Iter 3: ELBO after Dirichlet update: -19249.9089 (Trans LL -4.1577, Dir term -27.1460, Δ=-0.3147)
2025-09-23 10:06:04,045 - __main__ - DEBUG - Iter 3: ELBO after β update: -19250.1043 (Init LL -502.1388, Dir term -27.2341, logp(β) -15.8510, Δ=-0.1954)
2025-09-23 10:06:08,690 - __main__ - DEBUG - Iter 4: ELBO after FB: -19250.1043 (LL -7149.0876, Δ=0.0000)
2025-09-23 10:06:08,691 - __main__ - DEBUG - Blending stats with ρ_niw=0.0500, ρ_tr=0.0500.
2025-09-23 10:06:08,739 - __main__ - DEBUG - Iter 4: ELBO after NIW update: -19250.1043 (Emit LL -6642.7915, NIW term -12057.9316, Δ=0.0000)
2025-09-23 10:06:08,786 - __main__ - DEBUG - Iter 4: ELBO after Dirichlet update: -19250.4000 (Trans LL -4.1545, Dir term -27.5330, Δ=-0.2957)
2025-09-23 10:06:08,849 - __main__ - DEBUG - Iter 4: ELBO after β update: -19250.5241 (Init LL -502.2061, Dir term -27.5960, logp(β) -15.8449, Δ=-0.1241)
2025-09-23 10:06:08,850 - __main__ - INFO -    HMM refresh complete: ELBO=-13.3182, iters=0, max iters, states=40
2025-09-23 10:06:08,851 - __main__ - INFO -    ✅ HMM updated (next in 12,000 steps)
2025-09-23 10:06:08,851 - __main__ - INFO - 🔄 VAE refresh starting at step 39,936 with replay size 8x1408
2025-09-23 10:06:08,851 - __main__ - INFO -    Using span sampling (11264 timesteps, too large for full buffer)
2025-09-23 10:06:31,281 - __main__ - INFO -    VAE refresh complete: final_loss=2833.0581, avg_loss=2831.9738, steps=4/4, trend=stable, total_timesteps=11264, span_sampling=32_requested×4_steps, span_len=64
2025-09-23 10:06:31,283 - __main__ - INFO -    ✅ VAE updated (next in 12,000 steps)
2025-09-23 10:06:33,511 - __main__ - INFO - 📊 Episodes completed this rollout: 5
2025-09-23 10:06:33,511 - __main__ - INFO - 📈 Episode stats: avg return = 0.09, avg length = 235.2
2025-09-23 10:06:33,512 - __main__ - INFO - 🎯 Top 3 training actions: #2(9042), #7(5880), #1(5811)
2025-09-23 10:06:34,517 - __main__ - INFO - 🧪 Starting evaluation with 50 episodes...
2025-09-23 10:06:34,517 - __main__ - INFO -    Eval seed: 51
2025-09-23 10:06:34,517 - __main__ - INFO -    Max episode steps (eval): env default
2025-09-23 10:06:34,518 - nle.env.base - INFO - Not saving any NLE data.
2025-09-23 10:06:35,071 - __main__ - DEBUG - 🎯 Eval HMM masking: step 50 masked due to negative reward
2025-09-23 10:06:35,593 - __main__ - DEBUG - 🎯 Eval HMM masking: step 100 masked due to negative reward
2025-09-23 10:06:37,676 - __main__ - WARNING - ⚠️ Episode 1 terminated due to step limit.
2025-09-23 10:06:42,296 - __main__ - DEBUG - 🎯 Eval HMM masking: step 200 masked due to negative reward
2025-09-23 10:06:43,337 - __main__ - WARNING - ⚠️ Episode 3 terminated due to step limit.
2025-09-23 10:06:46,661 - __main__ - WARNING - ⚠️ Episode 4 terminated due to step limit.
2025-09-23 10:06:49,990 - __main__ - WARNING - ⚠️ Episode 5 terminated due to step limit.
2025-09-23 10:06:53,332 - __main__ - WARNING - ⚠️ Episode 7 terminated due to step limit.
2025-09-23 10:06:55,072 - __main__ - DEBUG - 🎯 Eval HMM masking: step 150 masked due to negative reward
2025-09-23 10:06:55,591 - __main__ - DEBUG - 🎯 Eval HMM masking: step 200 masked due to negative reward
2025-09-23 10:06:56,624 - __main__ - WARNING - ⚠️ Episode 8 terminated due to step limit.
2025-09-23 10:06:57,323 - __main__ - DEBUG - 🎯 Eval HMM masking: step 50 masked due to negative reward
2025-09-23 10:06:57,849 - __main__ - DEBUG - 🎯 Eval HMM masking: step 100 masked due to negative reward
2025-09-23 10:06:59,930 - __main__ - WARNING - ⚠️ Episode 9 terminated due to step limit.
2025-09-23 10:07:04,643 - __main__ - WARNING - ⚠️ Episode 11 terminated due to step limit.
2025-09-23 10:07:07,931 - __main__ - WARNING - ⚠️ Episode 12 terminated due to step limit.
2025-09-23 10:07:11,230 - __main__ - WARNING - ⚠️ Episode 13 terminated due to step limit.
2025-09-23 10:07:12,968 - __main__ - DEBUG - 🎯 Eval HMM masking: step 150 masked due to negative reward
2025-09-23 10:07:14,524 - __main__ - WARNING - ⚠️ Episode 14 terminated due to step limit.
2025-09-23 10:07:16,770 - __main__ - DEBUG - 🎯 Eval HMM masking: step 200 masked due to negative reward
2025-09-23 10:07:17,803 - __main__ - WARNING - ⚠️ Episode 15 terminated due to step limit.
2025-09-23 10:07:19,025 - __main__ - DEBUG - 🎯 Eval HMM masking: step 100 masked due to negative reward
2025-09-23 10:07:21,101 - __main__ - WARNING - ⚠️ Episode 16 terminated due to step limit.
2025-09-23 10:07:22,325 - __main__ - DEBUG - 🎯 Eval HMM masking: step 100 masked due to negative reward
2025-09-23 10:07:25,974 - __main__ - DEBUG - 🎯 Eval HMM masking: step 200 masked due to negative reward
2025-09-23 10:07:27,000 - __main__ - WARNING - ⚠️ Episode 18 terminated due to step limit.
2025-09-23 10:07:29,258 - __main__ - DEBUG - 🎯 Eval HMM masking: step 200 masked due to negative reward
2025-09-23 10:07:30,292 - __main__ - WARNING - ⚠️ Episode 19 terminated due to step limit.
2025-09-23 10:07:31,504 - __main__ - DEBUG - 🎯 Eval HMM masking: step 100 masked due to negative reward
2025-09-23 10:07:33,559 - __main__ - WARNING - ⚠️ Episode 20 terminated due to step limit.
2025-09-23 10:07:36,496 - __main__ - DEBUG - 🎯 Eval HMM masking: step 200 masked due to negative reward
2025-09-23 10:07:37,549 - __main__ - WARNING - ⚠️ Episode 22 terminated due to step limit.
2025-09-23 10:07:38,244 - __main__ - DEBUG - 🎯 Eval HMM masking: step 50 masked due to negative reward
2025-09-23 10:07:40,841 - __main__ - WARNING - ⚠️ Episode 23 terminated due to step limit.
2025-09-23 10:07:42,584 - __main__ - DEBUG - 🎯 Eval HMM masking: step 150 masked due to negative reward
2025-09-23 10:07:43,109 - __main__ - DEBUG - 🎯 Eval HMM masking: step 200 masked due to negative reward
2025-09-23 10:07:44,144 - __main__ - WARNING - ⚠️ Episode 24 terminated due to step limit.
2025-09-23 10:07:47,440 - __main__ - WARNING - ⚠️ Episode 25 terminated due to step limit.
2025-09-23 10:07:48,568 - __main__ - DEBUG - 🎯 Eval HMM masking: step 50 masked due to negative reward
2025-09-23 10:07:51,714 - __main__ - DEBUG - 🎯 Eval HMM masking: step 200 masked due to negative reward
2025-09-23 10:07:54,394 - __main__ - DEBUG - 🎯 Eval HMM masking: step 150 masked due to negative reward
2025-09-23 10:07:55,941 - __main__ - WARNING - ⚠️ Episode 29 terminated due to step limit.
2025-09-23 10:07:59,322 - __main__ - DEBUG - 🎯 Eval HMM masking: step 250 masked due to negative reward
2025-09-23 10:07:59,829 - __main__ - WARNING - ⚠️ Episode 31 terminated due to step limit.
2025-09-23 10:08:02,620 - __main__ - DEBUG - 🎯 Eval HMM masking: step 250 masked due to negative reward
2025-09-23 10:08:03,135 - __main__ - WARNING - ⚠️ Episode 32 terminated due to step limit.
2025-09-23 10:08:06,406 - __main__ - WARNING - ⚠️ Episode 33 terminated due to step limit.
2025-09-23 10:08:09,605 - __main__ - DEBUG - 🎯 Eval HMM masking: step 50 masked due to negative reward
2025-09-23 10:08:12,207 - __main__ - WARNING - ⚠️ Episode 36 terminated due to step limit.
2025-09-23 10:08:14,149 - __main__ - DEBUG - 🎯 Eval HMM masking: step 100 masked due to negative reward
2025-09-23 10:08:16,582 - __main__ - DEBUG - 🎯 Eval HMM masking: step 150 masked due to negative reward
2025-09-23 10:08:18,149 - __main__ - WARNING - ⚠️ Episode 42 terminated due to step limit.
2025-09-23 10:08:25,885 - __main__ - WARNING - ⚠️ Episode 46 terminated due to step limit.
2025-09-23 10:08:27,617 - __main__ - DEBUG - 🎯 Eval HMM masking: step 150 masked due to negative reward
2025-09-23 10:08:31,609 - __main__ - WARNING - ⚠️ Episode 48 terminated due to step limit.
2025-09-23 10:08:32,308 - __main__ - DEBUG - 🎯 Eval HMM masking: step 50 masked due to negative reward
2025-09-23 10:08:34,903 - __main__ - WARNING - ⚠️ Episode 49 terminated due to step limit.
2025-09-23 10:08:36,222 - __main__ - INFO - 📊 Evaluation Results (Current Round):
2025-09-23 10:08:36,222 - __main__ - INFO -    Episodes: 50
2025-09-23 10:08:36,223 - __main__ - INFO -    Time: 121.7s (2.4s/ep)
2025-09-23 10:08:36,223 - __main__ - INFO -    Average Return: 0.095 ± 0.660
2025-09-23 10:08:36,223 - __main__ - INFO -    Success Rate: 42.0%
2025-09-23 10:08:36,223 - __main__ - INFO -    Average Length: 221.5
2025-09-23 10:08:36,223 - __main__ - INFO -    Average Coverage: 66.7 positions
2025-09-23 10:08:36,223 - __main__ - INFO -    Episode Completions: 21 terminated (42.0%), 29 truncated (58.0%)
2025-09-23 10:08:36,223 - __main__ - INFO - 📈 Total Evaluation Statistics:
2025-09-23 10:08:36,223 - __main__ - INFO -    Total Episodes: 200
2025-09-23 10:08:36,224 - __main__ - INFO -    Total Average Return: 0.047 ± 0.651
2025-09-23 10:08:36,224 - __main__ - INFO -    Total Average Length: 227.8 ± 110.1
2025-09-23 10:08:36,224 - __main__ - INFO -    Total Completions: 72 terminated (36.0%), 128 truncated (64.0%)
2025-09-23 10:08:36,224 - __main__ - INFO -    Skill Entropy: 0.001
2025-09-23 10:08:36,224 - __main__ - INFO -    Used Skills: 1.0
2025-09-23 10:08:36,224 - __main__ - INFO -    Effective K: 1.00
2025-09-23 10:08:36,225 - __main__ - INFO - 🎯 Action Usage Statistics:
2025-09-23 10:08:36,225 - __main__ - INFO -    Unique actions in evaluation: 8
2025-09-23 10:08:36,225 - __main__ - INFO -    Unique actions in training: 8
2025-09-23 10:08:36,225 - __main__ - INFO -    Total unique actions: 8
2025-09-23 10:08:36,225 - __main__ - INFO -    Action coverage: 6.6%
2025-09-23 10:08:36,225 - __main__ - INFO -    Train action count: 40960
2025-09-23 10:08:36,225 - __main__ - INFO -    Eval action count: 45562
2025-09-23 10:08:36,226 - __main__ - INFO -    Train action entropy: 2.016
2025-09-23 10:08:36,226 - __main__ - INFO -    Eval action entropy: 1.975
2025-09-23 10:08:36,226 - __main__ - INFO -    Top 3 train actions: #2(9042), #7(5880), #1(5811)
2025-09-23 10:08:36,226 - __main__ - INFO -    Top 3 eval actions: #2(11112), #1(7087), #7(6728)
2025-09-23 10:08:38,411 - __main__ - INFO - 📊 Episodes completed this rollout: 3
2025-09-23 10:08:38,412 - __main__ - INFO - 📈 Episode stats: avg return = 0.09, avg length = 240.0
2025-09-23 10:08:38,412 - __main__ - INFO - 🎯 Top 3 training actions: #2(9327), #7(6021), #1(5991)
2025-09-23 10:08:41,592 - __main__ - INFO - 📊 Episodes completed this rollout: 6
2025-09-23 10:08:41,592 - __main__ - INFO - 📈 Episode stats: avg return = 0.08, avg length = 235.0
2025-09-23 10:08:41,593 - __main__ - INFO - 🎯 Top 3 training actions: #2(9563), #7(6164), #1(6147)
2025-09-23 10:08:44,754 - __main__ - INFO - 📊 Episodes completed this rollout: 4
2025-09-23 10:08:44,754 - __main__ - INFO - 📈 Episode stats: avg return = 0.32, avg length = 206.5
2025-09-23 10:08:44,754 - __main__ - INFO - 🎯 Top 3 training actions: #2(9737), #1(6319), #7(6317)
2025-09-23 10:08:47,939 - __main__ - INFO - 📊 Episodes completed this rollout: 5
2025-09-23 10:08:47,940 - __main__ - INFO - 📈 Episode stats: avg return = -0.12, avg length = 242.0
2025-09-23 10:08:47,940 - __main__ - INFO - 🎯 Top 3 training actions: #2(9918), #1(6481), #7(6463)
2025-09-23 10:08:51,115 - __main__ - INFO - 📊 Episodes completed this rollout: 4
2025-09-23 10:08:51,116 - __main__ - INFO - 📈 Episode stats: avg return = 0.54, avg length = 166.5
2025-09-23 10:08:51,116 - __main__ - INFO - 🎯 Top 3 training actions: #2(10117), #1(6642), #7(6581)
2025-09-23 10:08:54,318 - __main__ - INFO - 📊 Episodes completed this rollout: 9
2025-09-23 10:08:54,318 - __main__ - INFO - 📈 Episode stats: avg return = 0.56, avg length = 159.2
2025-09-23 10:08:54,318 - __main__ - INFO - 🎯 Top 3 training actions: #2(10384), #1(6798), #7(6681)
2025-09-23 10:08:57,480 - __main__ - INFO - 📊 Episodes completed this rollout: 1
2025-09-23 10:08:57,481 - __main__ - INFO - 📈 Episode stats: avg return = -0.23, avg length = 300.0
2025-09-23 10:08:57,481 - __main__ - INFO - 🎯 Top 3 training actions: #2(10668), #1(7019), #7(6773)
2025-09-23 10:09:00,697 - __main__ - INFO - 📊 Episodes completed this rollout: 6
2025-09-23 10:09:00,698 - __main__ - INFO - 📈 Episode stats: avg return = -0.35, avg length = 266.0
2025-09-23 10:09:00,698 - __main__ - INFO - 🎯 Top 3 training actions: #2(10898), #1(7189), #7(6878)
2025-09-23 10:09:03,867 - __main__ - INFO - 📊 Episodes completed this rollout: 4
2025-09-23 10:09:03,867 - __main__ - INFO - 📈 Episode stats: avg return = -0.13, avg length = 262.5
2025-09-23 10:09:03,868 - __main__ - INFO - 🎯 Top 3 training actions: #2(11083), #1(7316), #7(7021)
2025-09-23 10:09:04,866 - __main__ - INFO - 🧪 Starting evaluation with 50 episodes...
2025-09-23 10:09:04,866 - __main__ - INFO -    Eval seed: 51
2025-09-23 10:09:04,866 - __main__ - INFO -    Max episode steps (eval): env default
2025-09-23 10:09:04,867 - nle.env.base - INFO - Not saving any NLE data.
2025-09-23 10:09:08,120 - __main__ - DEBUG - 🎯 Eval HMM masking: step 250 masked due to negative reward
2025-09-23 10:09:08,634 - __main__ - WARNING - ⚠️ Episode 2 terminated due to step limit.
2025-09-23 10:09:11,898 - __main__ - DEBUG - 🎯 Eval HMM masking: step 150 masked due to negative reward
2025-09-23 10:09:12,939 - __main__ - DEBUG - 🎯 Eval HMM masking: step 250 masked due to negative reward
2025-09-23 10:09:13,453 - __main__ - WARNING - ⚠️ Episode 4 terminated due to step limit.
2025-09-23 10:09:16,743 - __main__ - WARNING - ⚠️ Episode 5 terminated due to step limit.
2025-09-23 10:09:17,439 - __main__ - DEBUG - 🎯 Eval HMM masking: step 50 masked due to negative reward
2025-09-23 10:09:20,020 - __main__ - WARNING - ⚠️ Episode 6 terminated due to step limit.
2025-09-23 10:09:23,311 - __main__ - WARNING - ⚠️ Episode 7 terminated due to step limit.
2025-09-23 10:09:26,606 - __main__ - WARNING - ⚠️ Episode 8 terminated due to step limit.
2025-09-23 10:09:28,350 - __main__ - DEBUG - 🎯 Eval HMM masking: step 150 masked due to negative reward
2025-09-23 10:09:29,909 - __main__ - WARNING - ⚠️ Episode 9 terminated due to step limit.
2025-09-23 10:09:33,175 - __main__ - WARNING - ⚠️ Episode 10 terminated due to step limit.
2025-09-23 10:09:36,466 - __main__ - WARNING - ⚠️ Episode 11 terminated due to step limit.
2025-09-23 10:09:39,239 - __main__ - DEBUG - 🎯 Eval HMM masking: step 250 masked due to negative reward
2025-09-23 10:09:39,752 - __main__ - WARNING - ⚠️ Episode 12 terminated due to step limit.
2025-09-23 10:09:42,152 - __main__ - DEBUG - 🎯 Eval HMM masking: step 150 masked due to negative reward
2025-09-23 10:09:43,695 - __main__ - WARNING - ⚠️ Episode 14 terminated due to step limit.
2025-09-23 10:09:46,981 - __main__ - WARNING - ⚠️ Episode 15 terminated due to step limit.
2025-09-23 10:09:47,679 - __main__ - DEBUG - 🎯 Eval HMM masking: step 50 masked due to negative reward
2025-09-23 10:09:50,277 - __main__ - WARNING - ⚠️ Episode 16 terminated due to step limit.
2025-09-23 10:09:53,588 - __main__ - WARNING - ⚠️ Episode 17 terminated due to step limit.
2025-09-23 10:09:56,899 - __main__ - WARNING - ⚠️ Episode 18 terminated due to step limit.
2025-09-23 10:09:57,600 - __main__ - DEBUG - 🎯 Eval HMM masking: step 50 masked due to negative reward
2025-09-23 10:09:59,697 - __main__ - DEBUG - 🎯 Eval HMM masking: step 250 masked due to negative reward
2025-09-23 10:10:00,205 - __main__ - WARNING - ⚠️ Episode 19 terminated due to step limit.
2025-09-23 10:10:03,511 - __main__ - WARNING - ⚠️ Episode 20 terminated due to step limit.
2025-09-23 10:10:06,799 - __main__ - WARNING - ⚠️ Episode 21 terminated due to step limit.
2025-09-23 10:10:13,128 - __main__ - WARNING - ⚠️ Episode 23 terminated due to step limit.
2025-09-23 10:10:14,343 - __main__ - DEBUG - 🎯 Eval HMM masking: step 100 masked due to negative reward
2025-09-23 10:10:18,178 - __main__ - DEBUG - 🎯 Eval HMM masking: step 150 masked due to negative reward
2025-09-23 10:10:19,740 - __main__ - WARNING - ⚠️ Episode 26 terminated due to step limit.
2025-09-23 10:10:24,712 - __main__ - DEBUG - 🎯 Eval HMM masking: step 150 masked due to negative reward
2025-09-23 10:10:25,233 - __main__ - DEBUG - 🎯 Eval HMM masking: step 200 masked due to negative reward
2025-09-23 10:10:26,274 - __main__ - WARNING - ⚠️ Episode 28 terminated due to step limit.
2025-09-23 10:10:27,915 - __main__ - DEBUG - 🎯 Eval HMM masking: step 50 masked due to negative reward
2025-09-23 10:10:28,436 - __main__ - DEBUG - 🎯 Eval HMM masking: step 100 masked due to negative reward
2025-09-23 10:10:30,487 - __main__ - WARNING - ⚠️ Episode 32 terminated due to step limit.
2025-09-23 10:10:35,488 - __main__ - WARNING - ⚠️ Episode 34 terminated due to step limit.
2025-09-23 10:10:37,765 - __main__ - DEBUG - 🎯 Eval HMM masking: step 200 masked due to negative reward
2025-09-23 10:10:38,807 - __main__ - WARNING - ⚠️ Episode 35 terminated due to step limit.
2025-09-23 10:10:39,511 - __main__ - DEBUG - 🎯 Eval HMM masking: step 50 masked due to negative reward
2025-09-23 10:10:41,082 - __main__ - DEBUG - 🎯 Eval HMM masking: step 200 masked due to negative reward
2025-09-23 10:10:42,121 - __main__ - WARNING - ⚠️ Episode 36 terminated due to step limit.
2025-09-23 10:10:44,922 - __main__ - DEBUG - 🎯 Eval HMM masking: step 250 masked due to negative reward
2025-09-23 10:10:45,438 - __main__ - WARNING - ⚠️ Episode 37 terminated due to step limit.
2025-09-23 10:10:47,713 - __main__ - DEBUG - 🎯 Eval HMM masking: step 200 masked due to negative reward
2025-09-23 10:10:48,551 - __main__ - DEBUG - 🎯 Eval HMM masking: step 50 masked due to negative reward
2025-09-23 10:10:51,154 - __main__ - WARNING - ⚠️ Episode 39 terminated due to step limit.
2025-09-23 10:10:56,507 - __main__ - WARNING - ⚠️ Episode 41 terminated due to step limit.
2025-09-23 10:10:59,808 - __main__ - WARNING - ⚠️ Episode 42 terminated due to step limit.
2025-09-23 10:11:02,059 - __main__ - DEBUG - 🎯 Eval HMM masking: step 200 masked due to negative reward
2025-09-23 10:11:03,090 - __main__ - WARNING - ⚠️ Episode 43 terminated due to step limit.
2025-09-23 10:11:03,788 - __main__ - DEBUG - 🎯 Eval HMM masking: step 50 masked due to negative reward
2025-09-23 10:11:04,311 - __main__ - DEBUG - 🎯 Eval HMM masking: step 100 masked due to negative reward
2025-09-23 10:11:06,395 - __main__ - WARNING - ⚠️ Episode 44 terminated due to step limit.
2025-09-23 10:11:11,286 - __main__ - WARNING - ⚠️ Episode 47 terminated due to step limit.
2025-09-23 10:11:12,507 - __main__ - DEBUG - 🎯 Eval HMM masking: step 100 masked due to negative reward
2025-09-23 10:11:14,596 - __main__ - WARNING - ⚠️ Episode 48 terminated due to step limit.
2025-09-23 10:11:15,821 - __main__ - DEBUG - 🎯 Eval HMM masking: step 100 masked due to negative reward
2025-09-23 10:11:17,392 - __main__ - DEBUG - 🎯 Eval HMM masking: step 250 masked due to negative reward
2025-09-23 10:11:17,910 - __main__ - WARNING - ⚠️ Episode 49 terminated due to step limit.
2025-09-23 10:11:20,181 - __main__ - DEBUG - 🎯 Eval HMM masking: step 200 masked due to negative reward
2025-09-23 10:11:20,713 - __main__ - DEBUG - 🎯 Eval HMM masking: step 250 masked due to negative reward
2025-09-23 10:11:21,233 - __main__ - WARNING - ⚠️ Episode 50 terminated due to step limit.
2025-09-23 10:11:21,399 - __main__ - INFO - 📊 Evaluation Results (Current Round):
2025-09-23 10:11:21,399 - __main__ - INFO -    Episodes: 50
2025-09-23 10:11:21,399 - __main__ - INFO -    Time: 136.5s (2.7s/ep)
2025-09-23 10:11:21,400 - __main__ - INFO -    Average Return: -0.030 ± 0.608
2025-09-23 10:11:21,400 - __main__ - INFO -    Success Rate: 30.0%
2025-09-23 10:11:21,400 - __main__ - INFO -    Average Length: 248.4
2025-09-23 10:11:21,400 - __main__ - INFO -    Average Coverage: 75.3 positions
2025-09-23 10:11:21,400 - __main__ - INFO -    Episode Completions: 15 terminated (30.0%), 35 truncated (70.0%)
2025-09-23 10:11:21,400 - __main__ - INFO - 📈 Total Evaluation Statistics:
2025-09-23 10:11:21,400 - __main__ - INFO -    Total Episodes: 250
2025-09-23 10:11:21,400 - __main__ - INFO -    Total Average Return: 0.032 ± 0.643
2025-09-23 10:11:21,400 - __main__ - INFO -    Total Average Length: 231.9 ± 107.0
2025-09-23 10:11:21,401 - __main__ - INFO -    Total Completions: 87 terminated (34.8%), 163 truncated (65.2%)
2025-09-23 10:11:21,401 - __main__ - INFO -    Skill Entropy: 0.001
2025-09-23 10:11:21,401 - __main__ - INFO -    Used Skills: 1.0
2025-09-23 10:11:21,401 - __main__ - INFO -    Effective K: 1.00
2025-09-23 10:11:21,401 - __main__ - INFO - 🎯 Action Usage Statistics:
2025-09-23 10:11:21,401 - __main__ - INFO -    Unique actions in evaluation: 8
2025-09-23 10:11:21,402 - __main__ - INFO -    Unique actions in training: 8
2025-09-23 10:11:21,402 - __main__ - INFO -    Total unique actions: 8
2025-09-23 10:11:21,402 - __main__ - INFO -    Action coverage: 6.6%
2025-09-23 10:11:21,402 - __main__ - INFO -    Train action count: 50176
2025-09-23 10:11:21,402 - __main__ - INFO -    Eval action count: 57984
2025-09-23 10:11:21,402 - __main__ - INFO -    Train action entropy: 2.011
2025-09-23 10:11:21,403 - __main__ - INFO -    Eval action entropy: 1.976
2025-09-23 10:11:21,403 - __main__ - INFO -    Top 3 train actions: #2(11083), #1(7316), #7(7021)
2025-09-23 10:11:21,403 - __main__ - INFO -    Top 3 eval actions: #2(14031), #1(8634), #7(8548)
2025-09-23 10:11:23,595 - __main__ - INFO - 📊 Episodes completed this rollout: 6
2025-09-23 10:11:23,595 - __main__ - INFO - 📈 Episode stats: avg return = 0.49, avg length = 158.8
2025-09-23 10:11:23,595 - __main__ - INFO - 🎯 Top 3 training actions: #2(11338), #1(7456), #7(7174)
2025-09-23 10:11:26,787 - __main__ - INFO - 📊 Episodes completed this rollout: 5
2025-09-23 10:11:26,787 - __main__ - INFO - 📈 Episode stats: avg return = 0.17, avg length = 265.4
2025-09-23 10:11:26,788 - __main__ - INFO - 🎯 Top 3 training actions: #2(11607), #1(7594), #7(7289)
2025-09-23 10:11:27,786 - __main__ - INFO - 🔄 Synchronized model update at step 52,224
2025-09-23 10:11:27,787 - __main__ - INFO -    HMM interval: 12,000, VAE interval: 12,000
2025-09-23 10:11:27,787 - __main__ - INFO - 🚫 Model training masking: 924/12288 timesteps masked (7.5%) due to negative rewards (invalid actions)
2025-09-23 10:11:28,139 - __main__ - INFO - 🔄 Capping HMM batch size from 676 to 128 to prevent OOM
2025-09-23 10:11:28,140 - __main__ - INFO - 🔄 HMM refresh starting at step 52,224 with replay size 128x128
2025-09-23 10:11:35,517 - __main__ - DEBUG - Initial ELBO: -22701.3398
2025-09-23 10:11:35,522 - __main__ - DEBUG - Relative tol: 0.0100
2025-09-23 10:11:35,522 - __main__ - DEBUG - Relative elbo_drop_tol: 0.0100
2025-09-23 10:11:35,522 - __main__ - DEBUG - - Init -501.1067
2025-09-23 10:11:35,522 - __main__ - DEBUG - - Trans -6.8003
2025-09-23 10:11:35,522 - __main__ - DEBUG - - Emit -10093.3267
2025-09-23 10:11:35,522 - __main__ - DEBUG - - Entropy 0.0007
2025-09-23 10:11:35,522 - __main__ - DEBUG - - Dir -26.3315
2025-09-23 10:11:35,523 - __main__ - DEBUG - - NIW -12057.9316
2025-09-23 10:11:35,523 - __main__ - DEBUG - - Beta prior -15.8437
2025-09-23 10:11:43,277 - __main__ - DEBUG - Iter 0: ELBO after FB: -22701.3398 (LL -10601.2329, Δ=0.0000)
2025-09-23 10:11:43,278 - __main__ - DEBUG - Blending stats with ρ_niw=0.0500, ρ_tr=0.0500.
2025-09-23 10:11:43,329 - __main__ - DEBUG - Iter 0: ELBO after NIW update: -15049.5132 (Emit LL -2126.1974, NIW term -12373.2344, Δ=7651.8265)
2025-09-23 10:11:43,379 - __main__ - DEBUG - Iter 0: ELBO after Dirichlet update: -15049.4767 (Trans LL -6.6709, Dir term -26.4244, Δ=0.0365)
2025-09-23 10:11:43,448 - __main__ - DEBUG - Iter 0: ELBO after β update: -15050.0802 (Init LL -501.6586, Dir term -26.4653, logp(β) -15.8544, Δ=-0.6035)
2025-09-23 10:11:51,147 - __main__ - DEBUG - Iter 1: ELBO after FB: -15050.0802 (LL -2634.5262, Δ=0.0000)
2025-09-23 10:11:51,148 - __main__ - DEBUG - Blending stats with ρ_niw=0.0500, ρ_tr=0.0500.
2025-09-23 10:11:51,199 - __main__ - DEBUG - Iter 1: ELBO after NIW update: -15050.0802 (Emit LL -2126.1974, NIW term -12373.2344, Δ=0.0000)
2025-09-23 10:11:51,249 - __main__ - DEBUG - Iter 1: ELBO after Dirichlet update: -15050.1434 (Trans LL -6.6469, Dir term -26.5524, Δ=-0.0631)
2025-09-23 10:11:51,317 - __main__ - DEBUG - Iter 1: ELBO after β update: -15050.7113 (Init LL -502.1496, Dir term -26.6194, logp(β) -15.8643, Δ=-0.5679)
2025-09-23 10:11:59,044 - __main__ - DEBUG - Iter 2: ELBO after FB: -15050.7113 (LL -2634.9932, Δ=0.0000)
2025-09-23 10:11:59,045 - __main__ - DEBUG - Blending stats with ρ_niw=0.0500, ρ_tr=0.0500.
2025-09-23 10:11:59,096 - __main__ - DEBUG - Iter 2: ELBO after NIW update: -15050.7113 (Emit LL -2126.1974, NIW term -12373.2344, Δ=0.0000)
2025-09-23 10:11:59,147 - __main__ - DEBUG - Iter 2: ELBO after Dirichlet update: -15050.8943 (Trans LL -6.6260, Dir term -26.8234, Δ=-0.1831)
2025-09-23 10:11:59,216 - __main__ - DEBUG - Iter 2: ELBO after β update: -15051.4186 (Init LL -502.5617, Dir term -26.9338, logp(β) -15.8660, Δ=-0.5242)
2025-09-23 10:12:07,004 - __main__ - DEBUG - Iter 3: ELBO after FB: -15051.4186 (LL -2635.3844, Δ=0.0000)
2025-09-23 10:12:07,005 - __main__ - DEBUG - Blending stats with ρ_niw=0.0500, ρ_tr=0.0500.
2025-09-23 10:12:07,053 - __main__ - DEBUG - Iter 3: ELBO after NIW update: -15051.4186 (Emit LL -2126.1974, NIW term -12373.2344, Δ=0.0000)
2025-09-23 10:12:07,104 - __main__ - DEBUG - Iter 3: ELBO after Dirichlet update: -15051.7325 (Trans LL -6.6083, Dir term -27.2654, Δ=-0.3139)
2025-09-23 10:12:07,171 - __main__ - DEBUG - Iter 3: ELBO after β update: -15051.9086 (Init LL -502.6750, Dir term -27.3352, logp(β) -15.8592, Δ=-0.1762)
2025-09-23 10:12:14,969 - __main__ - DEBUG - Iter 4: ELBO after FB: -15051.9086 (LL -2635.4799, Δ=0.0000)
2025-09-23 10:12:14,970 - __main__ - DEBUG - Blending stats with ρ_niw=0.0500, ρ_tr=0.0500.
2025-09-23 10:12:15,021 - __main__ - DEBUG - Iter 4: ELBO after NIW update: -15051.9086 (Emit LL -2126.1974, NIW term -12373.2344, Δ=0.0000)
2025-09-23 10:12:15,070 - __main__ - DEBUG - Iter 4: ELBO after Dirichlet update: -15052.2898 (Trans LL -6.6051, Dir term -27.7195, Δ=-0.3811)
2025-09-23 10:12:15,126 - __main__ - DEBUG - Iter 4: ELBO after β update: -15052.2543 (Init LL -502.5982, Dir term -27.7633, logp(β) -15.8566, Δ=0.0355)
2025-09-23 10:12:15,128 - __main__ - INFO -    HMM refresh complete: ELBO=-6.0252, iters=0, max iters, states=40
2025-09-23 10:12:15,129 - __main__ - INFO -    ✅ HMM updated (next in 12,000 steps)
2025-09-23 10:12:15,129 - __main__ - INFO - 🔄 VAE refresh starting at step 52,224 with replay size 8x1536
2025-09-23 10:12:15,130 - __main__ - INFO -    Using span sampling (12288 timesteps, too large for full buffer)
2025-09-23 10:12:39,422 - __main__ - INFO -    VAE refresh complete: final_loss=2819.3123, avg_loss=2817.6848, steps=4/4, trend=stable, total_timesteps=12288, span_sampling=32_requested×4_steps, span_len=64
2025-09-23 10:12:39,424 - __main__ - INFO -    ✅ VAE updated (next in 12,000 steps)
2025-09-23 10:12:41,607 - __main__ - INFO - 📊 Episodes completed this rollout: 3
2025-09-23 10:12:41,607 - __main__ - INFO - 📈 Episode stats: avg return = 0.50, avg length = 188.3
2025-09-23 10:12:41,608 - __main__ - INFO - 🎯 Top 3 training actions: #2(11842), #1(7735), #3(7464)
2025-09-23 10:12:44,822 - __main__ - INFO - 📊 Episodes completed this rollout: 6
2025-09-23 10:12:44,823 - __main__ - INFO - 📈 Episode stats: avg return = 0.23, avg length = 223.5
2025-09-23 10:12:44,823 - __main__ - INFO - 🎯 Top 3 training actions: #2(12040), #1(7860), #3(7638)
2025-09-23 10:12:48,022 - __main__ - INFO - 📊 Episodes completed this rollout: 4
2025-09-23 10:12:48,022 - __main__ - INFO - 📈 Episode stats: avg return = 0.34, avg length = 170.5
2025-09-23 10:12:48,022 - __main__ - INFO - 🎯 Top 3 training actions: #2(12259), #1(8002), #3(7798)
2025-09-23 10:12:51,282 - __main__ - INFO - 📊 Episodes completed this rollout: 4
2025-09-23 10:12:51,282 - __main__ - INFO - 📈 Episode stats: avg return = -0.11, avg length = 285.2
2025-09-23 10:12:51,283 - __main__ - INFO - 🎯 Top 3 training actions: #2(12411), #1(8149), #3(8050)
2025-09-23 10:12:54,494 - __main__ - INFO - 📊 Episodes completed this rollout: 5
2025-09-23 10:12:54,495 - __main__ - INFO - 📈 Episode stats: avg return = 0.11, avg length = 207.2
2025-09-23 10:12:54,495 - __main__ - INFO - 🎯 Top 3 training actions: #2(12561), #3(8317), #1(8309)
2025-09-23 10:12:57,697 - __main__ - INFO - 📊 Episodes completed this rollout: 4
2025-09-23 10:12:57,697 - __main__ - INFO - 📈 Episode stats: avg return = -0.07, avg length = 268.5
2025-09-23 10:12:57,698 - __main__ - INFO - 🎯 Top 3 training actions: #2(12722), #3(8540), #1(8499)
2025-09-23 10:13:00,901 - __main__ - INFO - 📊 Episodes completed this rollout: 5
2025-09-23 10:13:00,902 - __main__ - INFO - 📈 Episode stats: avg return = 0.18, avg length = 210.4
2025-09-23 10:13:00,902 - __main__ - INFO - 🎯 Top 3 training actions: #2(12904), #3(8717), #1(8713)
2025-09-23 10:13:04,111 - __main__ - INFO - 📊 Episodes completed this rollout: 6
2025-09-23 10:13:04,112 - __main__ - INFO - 📈 Episode stats: avg return = 0.16, avg length = 198.7
2025-09-23 10:13:04,112 - __main__ - INFO - 🎯 Top 3 training actions: #2(13067), #1(8980), #3(8897)
2025-09-23 10:13:05,104 - __main__ - INFO - 🧪 Starting evaluation with 50 episodes...
2025-09-23 10:13:05,104 - __main__ - INFO -    Eval seed: 51
2025-09-23 10:13:05,104 - __main__ - INFO -    Max episode steps (eval): env default
2025-09-23 10:13:05,106 - nle.env.base - INFO - Not saving any NLE data.
2025-09-23 10:13:06,725 - __main__ - DEBUG - 🎯 Eval HMM masking: step 150 masked due to negative reward
2025-09-23 10:13:10,287 - __main__ - WARNING - ⚠️ Episode 2 terminated due to step limit.
2025-09-23 10:13:13,638 - __main__ - WARNING - ⚠️ Episode 3 terminated due to step limit.
2025-09-23 10:13:17,010 - __main__ - WARNING - ⚠️ Episode 4 terminated due to step limit.
2025-09-23 10:13:17,734 - __main__ - DEBUG - 🎯 Eval HMM masking: step 50 masked due to negative reward
2025-09-23 10:13:20,362 - __main__ - WARNING - ⚠️ Episode 5 terminated due to step limit.
2025-09-23 10:13:21,071 - __main__ - DEBUG - 🎯 Eval HMM masking: step 50 masked due to negative reward
2025-09-23 10:13:25,378 - __main__ - WARNING - ⚠️ Episode 7 terminated due to step limit.
2025-09-23 10:13:28,721 - __main__ - WARNING - ⚠️ Episode 8 terminated due to step limit.
2025-09-23 10:13:32,070 - __main__ - WARNING - ⚠️ Episode 9 terminated due to step limit.
2025-09-23 10:13:32,781 - __main__ - DEBUG - 🎯 Eval HMM masking: step 50 masked due to negative reward
2025-09-23 10:13:35,429 - __main__ - WARNING - ⚠️ Episode 10 terminated due to step limit.
2025-09-23 10:13:40,816 - __main__ - WARNING - ⚠️ Episode 13 terminated due to step limit.
2025-09-23 10:13:45,162 - __main__ - WARNING - ⚠️ Episode 16 terminated due to step limit.
2025-09-23 10:13:45,872 - __main__ - DEBUG - 🎯 Eval HMM masking: step 50 masked due to negative reward
2025-09-23 10:13:50,140 - __main__ - DEBUG - 🎯 Eval HMM masking: step 250 masked due to negative reward
2025-09-23 10:13:50,657 - __main__ - WARNING - ⚠️ Episode 19 terminated due to step limit.
2025-09-23 10:13:53,960 - __main__ - WARNING - ⚠️ Episode 20 terminated due to step limit.
2025-09-23 10:13:54,668 - __main__ - DEBUG - 🎯 Eval HMM masking: step 50 masked due to negative reward
2025-09-23 10:13:55,715 - __main__ - DEBUG - 🎯 Eval HMM masking: step 150 masked due to negative reward
2025-09-23 10:13:57,280 - __main__ - WARNING - ⚠️ Episode 21 terminated due to step limit.
2025-09-23 10:13:57,978 - __main__ - DEBUG - 🎯 Eval HMM masking: step 50 masked due to negative reward
2025-09-23 10:14:00,577 - __main__ - WARNING - ⚠️ Episode 22 terminated due to step limit.
2025-09-23 10:14:04,248 - __main__ - DEBUG - 🎯 Eval HMM masking: step 100 masked due to negative reward
2025-09-23 10:14:06,338 - __main__ - WARNING - ⚠️ Episode 26 terminated due to step limit.
2025-09-23 10:14:09,675 - __main__ - WARNING - ⚠️ Episode 27 terminated due to step limit.
2025-09-23 10:14:10,376 - __main__ - DEBUG - 🎯 Eval HMM masking: step 50 masked due to negative reward
2025-09-23 10:14:12,966 - __main__ - DEBUG - 🎯 Eval HMM masking: step 50 masked due to negative reward
2025-09-23 10:14:15,574 - __main__ - WARNING - ⚠️ Episode 29 terminated due to step limit.
2025-09-23 10:14:18,966 - __main__ - DEBUG - 🎯 Eval HMM masking: step 250 masked due to negative reward
2025-09-23 10:14:19,487 - __main__ - WARNING - ⚠️ Episode 31 terminated due to step limit.
2025-09-23 10:14:23,427 - __main__ - WARNING - ⚠️ Episode 33 terminated due to step limit.
2025-09-23 10:14:26,776 - __main__ - WARNING - ⚠️ Episode 34 terminated due to step limit.
2025-09-23 10:14:30,111 - __main__ - WARNING - ⚠️ Episode 35 terminated due to step limit.
2025-09-23 10:14:31,864 - __main__ - DEBUG - 🎯 Eval HMM masking: step 150 masked due to negative reward
2025-09-23 10:14:33,432 - __main__ - WARNING - ⚠️ Episode 36 terminated due to step limit.
2025-09-23 10:14:34,681 - __main__ - DEBUG - 🎯 Eval HMM masking: step 100 masked due to negative reward
2025-09-23 10:14:38,885 - __main__ - DEBUG - 🎯 Eval HMM masking: step 200 masked due to negative reward
2025-09-23 10:14:39,935 - __main__ - WARNING - ⚠️ Episode 38 terminated due to step limit.
2025-09-23 10:14:43,271 - __main__ - WARNING - ⚠️ Episode 39 terminated due to step limit.
2025-09-23 10:14:44,633 - __main__ - DEBUG - 🎯 Eval HMM masking: step 100 masked due to negative reward
2025-09-23 10:14:45,162 - __main__ - DEBUG - 🎯 Eval HMM masking: step 150 masked due to negative reward
2025-09-23 10:14:46,742 - __main__ - WARNING - ⚠️ Episode 41 terminated due to step limit.
2025-09-23 10:14:47,955 - __main__ - DEBUG - 🎯 Eval HMM masking: step 100 masked due to negative reward
2025-09-23 10:14:50,047 - __main__ - WARNING - ⚠️ Episode 42 terminated due to step limit.
2025-09-23 10:14:51,807 - __main__ - DEBUG - 🎯 Eval HMM masking: step 150 masked due to negative reward
2025-09-23 10:14:53,389 - __main__ - WARNING - ⚠️ Episode 43 terminated due to step limit.
2025-09-23 10:14:56,476 - __main__ - DEBUG - 🎯 Eval HMM masking: step 250 masked due to negative reward
2025-09-23 10:14:56,999 - __main__ - WARNING - ⚠️ Episode 45 terminated due to step limit.
2025-09-23 10:14:59,661 - __main__ - DEBUG - 🎯 Eval HMM masking: step 50 masked due to negative reward
2025-09-23 10:15:00,710 - __main__ - DEBUG - 🎯 Eval HMM masking: step 150 masked due to negative reward
2025-09-23 10:15:01,239 - __main__ - DEBUG - 🎯 Eval HMM masking: step 200 masked due to negative reward
2025-09-23 10:15:05,432 - __main__ - WARNING - ⚠️ Episode 49 terminated due to step limit.
2025-09-23 10:15:08,770 - __main__ - WARNING - ⚠️ Episode 50 terminated due to step limit.
2025-09-23 10:15:08,937 - __main__ - INFO - 📊 Evaluation Results (Current Round):
2025-09-23 10:15:08,937 - __main__ - INFO -    Episodes: 50
2025-09-23 10:15:08,937 - __main__ - INFO -    Time: 123.8s (2.5s/ep)
2025-09-23 10:15:08,938 - __main__ - INFO -    Average Return: 0.120 ± 0.653
2025-09-23 10:15:08,938 - __main__ - INFO -    Success Rate: 40.0%
2025-09-23 10:15:08,938 - __main__ - INFO -    Average Length: 222.6
2025-09-23 10:15:08,938 - __main__ - INFO -    Average Coverage: 71.9 positions
2025-09-23 10:15:08,938 - __main__ - INFO -    Episode Completions: 20 terminated (40.0%), 30 truncated (60.0%)
2025-09-23 10:15:08,938 - __main__ - INFO - 📈 Total Evaluation Statistics:
2025-09-23 10:15:08,938 - __main__ - INFO -    Total Episodes: 300
2025-09-23 10:15:08,938 - __main__ - INFO -    Total Average Return: 0.046 ± 0.646
2025-09-23 10:15:08,938 - __main__ - INFO -    Total Average Length: 230.4 ± 107.5
2025-09-23 10:15:08,939 - __main__ - INFO -    Total Completions: 107 terminated (35.7%), 193 truncated (64.3%)
2025-09-23 10:15:08,939 - __main__ - INFO -    Skill Entropy: 0.001
2025-09-23 10:15:08,939 - __main__ - INFO -    Used Skills: 1.0
2025-09-23 10:15:08,939 - __main__ - INFO -    Effective K: 1.00
2025-09-23 10:15:08,939 - __main__ - INFO - 🎯 Action Usage Statistics:
2025-09-23 10:15:08,939 - __main__ - INFO -    Unique actions in evaluation: 8
2025-09-23 10:15:08,940 - __main__ - INFO -    Unique actions in training: 8
2025-09-23 10:15:08,940 - __main__ - INFO -    Total unique actions: 8
2025-09-23 10:15:08,940 - __main__ - INFO -    Action coverage: 6.6%
2025-09-23 10:15:08,940 - __main__ - INFO -    Train action count: 60416
2025-09-23 10:15:08,940 - __main__ - INFO -    Eval action count: 69114
2025-09-23 10:15:08,940 - __main__ - INFO -    Train action entropy: 2.013
2025-09-23 10:15:08,941 - __main__ - INFO -    Eval action entropy: 1.991
2025-09-23 10:15:08,941 - __main__ - INFO -    Top 3 train actions: #2(13067), #1(8980), #3(8897)
2025-09-23 10:15:08,941 - __main__ - INFO -    Top 3 eval actions: #2(15606), #1(11136), #3(10367)
2025-09-23 10:15:11,124 - __main__ - INFO - 📊 Episodes completed this rollout: 3
2025-09-23 10:15:11,124 - __main__ - INFO - 📈 Episode stats: avg return = 0.15, avg length = 287.0
2025-09-23 10:15:11,125 - __main__ - INFO - 🎯 Top 3 training actions: #2(13212), #1(9228), #3(9092)
2025-09-23 10:15:14,324 - __main__ - INFO - 📊 Episodes completed this rollout: 5
2025-09-23 10:15:14,325 - __main__ - INFO - 📈 Episode stats: avg return = 0.13, avg length = 217.6
2025-09-23 10:15:14,325 - __main__ - INFO - 🎯 Top 3 training actions: #2(13340), #1(9417), #3(9340)
2025-09-23 10:15:17,471 - __main__ - INFO - 📊 Episodes completed this rollout: 2
2025-09-23 10:15:17,471 - __main__ - INFO - 📈 Episode stats: avg return = 0.29, avg length = 236.0
2025-09-23 10:15:17,471 - __main__ - INFO - 🎯 Top 3 training actions: #2(13434), #1(9672), #3(9619)
2025-09-23 10:15:20,664 - __main__ - INFO - 📊 Episodes completed this rollout: 7
2025-09-23 10:15:20,664 - __main__ - INFO - 📈 Episode stats: avg return = 0.20, avg length = 219.6
2025-09-23 10:15:20,664 - __main__ - INFO - 🎯 Top 3 training actions: #2(13554), #1(9926), #3(9879)
2025-09-23 10:15:21,652 - __main__ - INFO - 🔄 Synchronized model update at step 64,512
2025-09-23 10:15:21,652 - __main__ - INFO -    HMM interval: 12,000, VAE interval: 12,000
2025-09-23 10:15:21,653 - __main__ - INFO - 🚫 Model training masking: 780/12288 timesteps masked (6.3%) due to negative rewards (invalid actions)
2025-09-23 10:15:22,008 - __main__ - INFO - 🔄 Capping HMM batch size from 632 to 128 to prevent OOM
2025-09-23 10:15:22,008 - __main__ - INFO - 🔄 HMM refresh starting at step 64,512 with replay size 128x100
2025-09-23 10:15:27,853 - __main__ - DEBUG - Initial ELBO: -14790.1733
2025-09-23 10:15:27,857 - __main__ - DEBUG - Relative tol: 0.0100
2025-09-23 10:15:27,857 - __main__ - DEBUG - Relative elbo_drop_tol: 0.0100
2025-09-23 10:15:27,857 - __main__ - DEBUG - - Init -501.6586
2025-09-23 10:15:27,857 - __main__ - DEBUG - - Trans -7.6857
2025-09-23 10:15:27,857 - __main__ - DEBUG - - Emit -1865.2755
2025-09-23 10:15:27,857 - __main__ - DEBUG - - Entropy 0.0006
2025-09-23 10:15:27,857 - __main__ - DEBUG - - Dir -26.4653
2025-09-23 10:15:27,857 - __main__ - DEBUG - - NIW -12373.2344
2025-09-23 10:15:27,857 - __main__ - DEBUG - - Beta prior -15.8544
2025-09-23 10:15:34,053 - __main__ - DEBUG - Iter 0: ELBO after FB: -14790.1733 (LL -2374.6193, Δ=0.0000)
2025-09-23 10:15:34,053 - __main__ - DEBUG - Blending stats with ρ_niw=0.0500, ρ_tr=0.0500.
2025-09-23 10:15:34,104 - __main__ - DEBUG - Iter 0: ELBO after NIW update: -7617.6086 (Emit LL 5733.8986, NIW term -12799.8438, Δ=7172.5647)
2025-09-23 10:15:34,154 - __main__ - DEBUG - Iter 0: ELBO after Dirichlet update: -7617.4947 (Trans LL -7.4729, Dir term -26.5643, Δ=0.1138)
2025-09-23 10:15:34,223 - __main__ - DEBUG - Iter 0: ELBO after β update: -7618.0425 (Init LL -502.1742, Dir term -26.5856, logp(β) -15.8653, Δ=-0.5478)
2025-09-23 10:15:40,447 - __main__ - DEBUG - Iter 1: ELBO after FB: -7618.0425 (LL 5224.2521, Δ=0.0000)
2025-09-23 10:15:40,448 - __main__ - DEBUG - Blending stats with ρ_niw=0.0500, ρ_tr=0.0500.
2025-09-23 10:15:40,499 - __main__ - DEBUG - Iter 1: ELBO after NIW update: -7618.0425 (Emit LL 5733.8986, NIW term -12799.8438, Δ=0.0000)
2025-09-23 10:15:40,550 - __main__ - DEBUG - Iter 1: ELBO after Dirichlet update: -7618.1195 (Trans LL -7.4476, Dir term -26.6879, Δ=-0.0770)
2025-09-23 10:15:40,618 - __main__ - DEBUG - Iter 1: ELBO after β update: -7618.6832 (Init LL -502.6699, Dir term -26.7460, logp(β) -15.8750, Δ=-0.5636)
2025-09-23 10:15:46,851 - __main__ - DEBUG - Iter 2: ELBO after FB: -7618.6832 (LL 5223.7816, Δ=0.0000)
2025-09-23 10:15:46,851 - __main__ - DEBUG - Blending stats with ρ_niw=0.0500, ρ_tr=0.0500.
2025-09-23 10:15:46,902 - __main__ - DEBUG - Iter 2: ELBO after NIW update: -7618.6832 (Emit LL 5733.8986, NIW term -12799.8438, Δ=0.0000)
2025-09-23 10:15:46,952 - __main__ - DEBUG - Iter 2: ELBO after Dirichlet update: -7618.8801 (Trans LL -7.4247, Dir term -26.9658, Δ=-0.1969)
2025-09-23 10:15:47,020 - __main__ - DEBUG - Iter 2: ELBO after β update: -7619.3970 (Init LL -503.0804, Dir term -27.0705, logp(β) -15.8767, Δ=-0.5168)
2025-09-23 10:15:53,157 - __main__ - DEBUG - Iter 3: ELBO after FB: -7619.3970 (LL 5223.3940, Δ=0.0000)
2025-09-23 10:15:53,158 - __main__ - DEBUG - Blending stats with ρ_niw=0.0500, ρ_tr=0.0500.
2025-09-23 10:15:53,209 - __main__ - DEBUG - Iter 3: ELBO after NIW update: -7619.3970 (Emit LL 5733.8986, NIW term -12799.8438, Δ=0.0000)
2025-09-23 10:15:53,259 - __main__ - DEBUG - Iter 3: ELBO after Dirichlet update: -7619.6967 (Trans LL -7.4055, Dir term -27.3895, Δ=-0.2998)
2025-09-23 10:15:53,326 - __main__ - DEBUG - Iter 3: ELBO after β update: -7619.8965 (Init LL -503.1986, Dir term -27.4785, logp(β) -15.8694, Δ=-0.1998)
2025-09-23 10:15:59,520 - __main__ - DEBUG - Iter 4: ELBO after FB: -7619.8965 (LL 5223.2950, Δ=0.0000)
2025-09-23 10:15:59,521 - __main__ - DEBUG - Blending stats with ρ_niw=0.0500, ρ_tr=0.0500.
2025-09-23 10:15:59,571 - __main__ - DEBUG - Iter 4: ELBO after NIW update: -7619.8965 (Emit LL 5733.8986, NIW term -12799.8438, Δ=0.0000)
2025-09-23 10:15:59,622 - __main__ - DEBUG - Iter 4: ELBO after Dirichlet update: -7620.2814 (Trans LL -7.3995, Dir term -27.8693, Δ=-0.3848)
2025-09-23 10:15:59,686 - __main__ - DEBUG - Iter 4: ELBO after β update: -7620.3469 (Init LL -503.1932, Dir term -27.9454, logp(β) -15.8642, Δ=-0.0656)
2025-09-23 10:15:59,688 - __main__ - INFO -    HMM refresh complete: ELBO=32.5389, iters=0, max iters, states=40
2025-09-23 10:15:59,688 - __main__ - INFO -    ✅ HMM updated (next in 12,000 steps)
2025-09-23 10:15:59,688 - __main__ - INFO - 🔄 VAE refresh starting at step 64,512 with replay size 8x1536
2025-09-23 10:15:59,689 - __main__ - INFO -    Using span sampling (12288 timesteps, too large for full buffer)
2025-09-23 10:16:23,947 - __main__ - INFO -    VAE refresh complete: final_loss=2810.9597, avg_loss=2814.1978, steps=4/4, trend=improving, total_timesteps=12288, span_sampling=32_requested×4_steps, span_len=64
2025-09-23 10:16:23,949 - __main__ - INFO -    ✅ VAE updated (next in 12,000 steps)
2025-09-23 10:16:26,114 - __main__ - INFO - 📊 Episodes completed this rollout: 2
2025-09-23 10:16:26,114 - __main__ - INFO - 📈 Episode stats: avg return = 0.38, avg length = 296.0
2025-09-23 10:16:26,114 - __main__ - INFO - 🎯 Top 3 training actions: #2(13687), #1(10198), #3(10098)
2025-09-23 10:16:29,319 - __main__ - INFO - 📊 Episodes completed this rollout: 6
2025-09-23 10:16:29,319 - __main__ - INFO - 📈 Episode stats: avg return = -0.13, avg length = 275.7
2025-09-23 10:16:29,320 - __main__ - INFO - 🎯 Top 3 training actions: #2(13867), #1(10419), #3(10329)
2025-09-23 10:16:32,482 - __main__ - INFO - 📊 Episodes completed this rollout: 2
2025-09-23 10:16:32,483 - __main__ - INFO - 📈 Episode stats: avg return = -0.18, avg length = 300.0
2025-09-23 10:16:32,483 - __main__ - INFO - 🎯 Top 3 training actions: #2(14048), #1(10607), #3(10590)
2025-09-23 10:16:35,699 - __main__ - INFO - 📊 Episodes completed this rollout: 4
2025-09-23 10:16:35,699 - __main__ - INFO - 📈 Episode stats: avg return = -0.31, avg length = 300.0
2025-09-23 10:16:35,700 - __main__ - INFO - 🎯 Top 3 training actions: #2(14238), #1(10794), #3(10790)
2025-09-23 10:16:38,857 - __main__ - INFO - 📊 Episodes completed this rollout: 3
2025-09-23 10:16:38,857 - __main__ - INFO - 📈 Episode stats: avg return = -0.30, avg length = 300.0
2025-09-23 10:16:38,858 - __main__ - INFO - 🎯 Top 3 training actions: #2(14418), #1(11022), #3(10927)
2025-09-23 10:16:42,018 - __main__ - INFO - 📊 Episodes completed this rollout: 3
2025-09-23 10:16:42,018 - __main__ - INFO - 📈 Episode stats: avg return = 0.12, avg length = 239.3
2025-09-23 10:16:42,019 - __main__ - INFO - 🎯 Top 3 training actions: #2(14578), #1(11269), #3(11107)
2025-09-23 10:16:43,010 - __main__ - INFO - 🧪 Starting evaluation with 50 episodes...
2025-09-23 10:16:43,010 - __main__ - INFO -    Eval seed: 51
2025-09-23 10:16:43,010 - __main__ - INFO -    Max episode steps (eval): env default
2025-09-23 10:16:43,011 - nle.env.base - INFO - Not saving any NLE data.
2025-09-23 10:16:44,610 - __main__ - DEBUG - 🎯 Eval HMM masking: step 150 masked due to negative reward
2025-09-23 10:16:46,171 - __main__ - WARNING - ⚠️ Episode 1 terminated due to step limit.
2025-09-23 10:16:48,453 - __main__ - DEBUG - 🎯 Eval HMM masking: step 200 masked due to negative reward
2025-09-23 10:16:49,495 - __main__ - WARNING - ⚠️ Episode 2 terminated due to step limit.
2025-09-23 10:16:52,095 - __main__ - DEBUG - 🎯 Eval HMM masking: step 150 masked due to negative reward
2025-09-23 10:16:53,642 - __main__ - WARNING - ⚠️ Episode 4 terminated due to step limit.
2025-09-23 10:16:54,850 - __main__ - DEBUG - 🎯 Eval HMM masking: step 100 masked due to negative reward
2025-09-23 10:16:56,914 - __main__ - WARNING - ⚠️ Episode 5 terminated due to step limit.
2025-09-23 10:17:00,216 - __main__ - WARNING - ⚠️ Episode 6 terminated due to step limit.
2025-09-23 10:17:00,920 - __main__ - DEBUG - 🎯 Eval HMM masking: step 50 masked due to negative reward
2025-09-23 10:17:05,808 - __main__ - DEBUG - 🎯 Eval HMM masking: step 50 masked due to negative reward
2025-09-23 10:17:07,374 - __main__ - DEBUG - 🎯 Eval HMM masking: step 200 masked due to negative reward
2025-09-23 10:17:08,410 - __main__ - WARNING - ⚠️ Episode 10 terminated due to step limit.
2025-09-23 10:17:09,114 - __main__ - DEBUG - 🎯 Eval HMM masking: step 50 masked due to negative reward
2025-09-23 10:17:10,700 - __main__ - DEBUG - 🎯 Eval HMM masking: step 200 masked due to negative reward
2025-09-23 10:17:11,750 - __main__ - WARNING - ⚠️ Episode 11 terminated due to step limit.
2025-09-23 10:17:12,454 - __main__ - DEBUG - 🎯 Eval HMM masking: step 50 masked due to negative reward
2025-09-23 10:17:15,057 - __main__ - WARNING - ⚠️ Episode 12 terminated due to step limit.
2025-09-23 10:17:18,350 - __main__ - WARNING - ⚠️ Episode 13 terminated due to step limit.
2025-09-23 10:17:21,649 - __main__ - WARNING - ⚠️ Episode 14 terminated due to step limit.
2025-09-23 10:17:24,947 - __main__ - WARNING - ⚠️ Episode 15 terminated due to step limit.
2025-09-23 10:17:25,641 - __main__ - DEBUG - 🎯 Eval HMM masking: step 50 masked due to negative reward
2025-09-23 10:17:27,827 - __main__ - DEBUG - 🎯 Eval HMM masking: step 150 masked due to negative reward
2025-09-23 10:17:28,349 - __main__ - DEBUG - 🎯 Eval HMM masking: step 200 masked due to negative reward
2025-09-23 10:17:28,870 - __main__ - DEBUG - 🎯 Eval HMM masking: step 250 masked due to negative reward
2025-09-23 10:17:29,386 - __main__ - WARNING - ⚠️ Episode 17 terminated due to step limit.
2025-09-23 10:17:34,044 - __main__ - WARNING - ⚠️ Episode 21 terminated due to step limit.
2025-09-23 10:17:35,277 - __main__ - DEBUG - 🎯 Eval HMM masking: step 100 masked due to negative reward
2025-09-23 10:17:37,362 - __main__ - WARNING - ⚠️ Episode 22 terminated due to step limit.
2025-09-23 10:17:38,596 - __main__ - DEBUG - 🎯 Eval HMM masking: step 100 masked due to negative reward
2025-09-23 10:17:45,306 - __main__ - WARNING - ⚠️ Episode 25 terminated due to step limit.
2025-09-23 10:17:48,649 - __main__ - WARNING - ⚠️ Episode 26 terminated due to step limit.
2025-09-23 10:17:51,447 - __main__ - DEBUG - 🎯 Eval HMM masking: step 250 masked due to negative reward
2025-09-23 10:17:51,963 - __main__ - WARNING - ⚠️ Episode 27 terminated due to step limit.
2025-09-23 10:17:58,161 - __main__ - WARNING - ⚠️ Episode 29 terminated due to step limit.
2025-09-23 10:18:01,455 - __main__ - WARNING - ⚠️ Episode 30 terminated due to step limit.
2025-09-23 10:18:03,717 - __main__ - DEBUG - 🎯 Eval HMM masking: step 200 masked due to negative reward
2025-09-23 10:18:04,754 - __main__ - WARNING - ⚠️ Episode 31 terminated due to step limit.
2025-09-23 10:18:09,572 - __main__ - WARNING - ⚠️ Episode 33 terminated due to step limit.
2025-09-23 10:18:12,878 - __main__ - WARNING - ⚠️ Episode 34 terminated due to step limit.
2025-09-23 10:18:17,602 - __main__ - WARNING - ⚠️ Episode 36 terminated due to step limit.
2025-09-23 10:18:20,904 - __main__ - WARNING - ⚠️ Episode 37 terminated due to step limit.
2025-09-23 10:18:23,846 - __main__ - DEBUG - 🎯 Eval HMM masking: step 250 masked due to negative reward
2025-09-23 10:18:24,366 - __main__ - WARNING - ⚠️ Episode 39 terminated due to step limit.
2025-09-23 10:18:27,644 - __main__ - WARNING - ⚠️ Episode 40 terminated due to step limit.
2025-09-23 10:18:28,341 - __main__ - DEBUG - 🎯 Eval HMM masking: step 50 masked due to negative reward
2025-09-23 10:18:28,862 - __main__ - DEBUG - 🎯 Eval HMM masking: step 100 masked due to negative reward
2025-09-23 10:18:30,943 - __main__ - WARNING - ⚠️ Episode 41 terminated due to step limit.
2025-09-23 10:18:31,643 - __main__ - DEBUG - 🎯 Eval HMM masking: step 50 masked due to negative reward
2025-09-23 10:18:34,274 - __main__ - WARNING - ⚠️ Episode 42 terminated due to step limit.
2025-09-23 10:18:37,613 - __main__ - WARNING - ⚠️ Episode 43 terminated due to step limit.
2025-09-23 10:18:40,928 - __main__ - WARNING - ⚠️ Episode 44 terminated due to step limit.
2025-09-23 10:18:44,251 - __main__ - WARNING - ⚠️ Episode 45 terminated due to step limit.
2025-09-23 10:18:45,991 - __main__ - DEBUG - 🎯 Eval HMM masking: step 150 masked due to negative reward
2025-09-23 10:18:47,557 - __main__ - WARNING - ⚠️ Episode 46 terminated due to step limit.
2025-09-23 10:18:50,868 - __main__ - WARNING - ⚠️ Episode 47 terminated due to step limit.
2025-09-23 10:18:54,188 - __main__ - WARNING - ⚠️ Episode 48 terminated due to step limit.
2025-09-23 10:18:54,888 - __main__ - DEBUG - 🎯 Eval HMM masking: step 50 masked due to negative reward
2025-09-23 10:18:57,485 - __main__ - WARNING - ⚠️ Episode 49 terminated due to step limit.
2025-09-23 10:18:57,714 - __main__ - INFO - 📊 Evaluation Results (Current Round):
2025-09-23 10:18:57,714 - __main__ - INFO -    Episodes: 50
2025-09-23 10:18:57,714 - __main__ - INFO -    Time: 134.7s (2.7s/ep)
2025-09-23 10:18:57,714 - __main__ - INFO -    Average Return: -0.020 ± 0.584
2025-09-23 10:18:57,714 - __main__ - INFO -    Success Rate: 30.0%
2025-09-23 10:18:57,714 - __main__ - INFO -    Average Length: 244.3
2025-09-23 10:18:57,714 - __main__ - INFO -    Average Coverage: 73.1 positions
2025-09-23 10:18:57,715 - __main__ - INFO -    Episode Completions: 15 terminated (30.0%), 35 truncated (70.0%)
2025-09-23 10:18:57,715 - __main__ - INFO - 📈 Total Evaluation Statistics:
2025-09-23 10:18:57,715 - __main__ - INFO -    Total Episodes: 350
2025-09-23 10:18:57,715 - __main__ - INFO -    Total Average Return: 0.037 ± 0.638
2025-09-23 10:18:57,715 - __main__ - INFO -    Total Average Length: 232.4 ± 106.2
2025-09-23 10:18:57,715 - __main__ - INFO -    Total Completions: 122 terminated (34.9%), 228 truncated (65.1%)
2025-09-23 10:18:57,716 - __main__ - INFO -    Skill Entropy: 0.001
2025-09-23 10:18:57,716 - __main__ - INFO -    Used Skills: 1.0
2025-09-23 10:18:57,716 - __main__ - INFO -    Effective K: 1.00
2025-09-23 10:18:57,716 - __main__ - INFO - 🎯 Action Usage Statistics:
2025-09-23 10:18:57,716 - __main__ - INFO -    Unique actions in evaluation: 8
2025-09-23 10:18:57,716 - __main__ - INFO -    Unique actions in training: 8
2025-09-23 10:18:57,716 - __main__ - INFO -    Total unique actions: 8
2025-09-23 10:18:57,716 - __main__ - INFO -    Action coverage: 6.6%
2025-09-23 10:18:57,716 - __main__ - INFO -    Train action count: 70656
2025-09-23 10:18:57,717 - __main__ - INFO -    Eval action count: 81327
2025-09-23 10:18:57,717 - __main__ - INFO -    Train action entropy: 2.013
2025-09-23 10:18:57,717 - __main__ - INFO -    Eval action entropy: 1.989
2025-09-23 10:18:57,717 - __main__ - INFO -    Top 3 train actions: #2(14578), #1(11269), #3(11107)
2025-09-23 10:18:57,718 - __main__ - INFO -    Top 3 eval actions: #2(17566), #1(14477), #3(12419)
2025-09-23 10:18:59,956 - __main__ - INFO - 📊 Episodes completed this rollout: 7
2025-09-23 10:18:59,956 - __main__ - INFO - 📈 Episode stats: avg return = 0.04, avg length = 217.3
2025-09-23 10:18:59,957 - __main__ - INFO - 🎯 Top 3 training actions: #2(14748), #1(11544), #3(11243)
2025-09-23 10:19:03,123 - __main__ - INFO - 📊 Episodes completed this rollout: 5
2025-09-23 10:19:03,123 - __main__ - INFO - 📈 Episode stats: avg return = 0.40, avg length = 194.6
2025-09-23 10:19:03,123 - __main__ - INFO - 🎯 Top 3 training actions: #2(14917), #1(11857), #3(11431)
2025-09-23 10:19:06,331 - __main__ - INFO - 📊 Episodes completed this rollout: 4
2025-09-23 10:19:06,331 - __main__ - INFO - 📈 Episode stats: avg return = -0.03, avg length = 262.0
2025-09-23 10:19:06,332 - __main__ - INFO - 🎯 Top 3 training actions: #2(15133), #1(12157), #3(11614)
2025-09-23 10:19:09,524 - __main__ - INFO - 📊 Episodes completed this rollout: 6
2025-09-23 10:19:09,524 - __main__ - INFO - 📈 Episode stats: avg return = 0.29, avg length = 175.5
2025-09-23 10:19:09,525 - __main__ - INFO - 🎯 Top 3 training actions: #2(15323), #1(12390), #3(11850)
2025-09-23 10:19:12,696 - __main__ - INFO - 📊 Episodes completed this rollout: 3
2025-09-23 10:19:12,697 - __main__ - INFO - 📈 Episode stats: avg return = 0.46, avg length = 270.7
2025-09-23 10:19:12,697 - __main__ - INFO - 🎯 Top 3 training actions: #2(15474), #1(12606), #3(12099)
2025-09-23 10:19:15,864 - __main__ - INFO - 📊 Episodes completed this rollout: 4
2025-09-23 10:19:15,865 - __main__ - INFO - 📈 Episode stats: avg return = 0.28, avg length = 180.2
2025-09-23 10:19:15,865 - __main__ - INFO - 🎯 Top 3 training actions: #2(15600), #1(12796), #3(12394)
2025-09-23 10:19:16,853 - __main__ - INFO - 🔄 Synchronized model update at step 76,800
2025-09-23 10:19:16,853 - __main__ - INFO -    HMM interval: 12,000, VAE interval: 12,000
2025-09-23 10:19:16,854 - __main__ - INFO - 🚫 Model training masking: 948/12288 timesteps masked (7.7%) due to negative rewards (invalid actions)
2025-09-23 10:19:17,203 - __main__ - INFO - 🔄 Capping HMM batch size from 632 to 128 to prevent OOM
2025-09-23 10:19:17,204 - __main__ - INFO - 🔄 HMM refresh starting at step 76,800 with replay size 128x121
2025-09-23 10:19:24,193 - __main__ - DEBUG - Initial ELBO: -7668.2770
2025-09-23 10:19:24,198 - __main__ - DEBUG - Relative tol: 0.0100
2025-09-23 10:19:24,198 - __main__ - DEBUG - Relative elbo_drop_tol: 0.0100
2025-09-23 10:19:24,198 - __main__ - DEBUG - - Init -502.1742
2025-09-23 10:19:24,198 - __main__ - DEBUG - - Trans -5.6802
2025-09-23 10:19:24,198 - __main__ - DEBUG - - Emit 5681.8713
2025-09-23 10:19:24,198 - __main__ - DEBUG - - Entropy 0.0007
2025-09-23 10:19:24,198 - __main__ - DEBUG - - Dir -26.5856
2025-09-23 10:19:24,199 - __main__ - DEBUG - - NIW -12799.8438
2025-09-23 10:19:24,199 - __main__ - DEBUG - - Beta prior -15.8653
2025-09-23 10:19:31,563 - __main__ - DEBUG - Iter 0: ELBO after FB: -7668.2770 (LL 5174.0176, Δ=0.0000)
2025-09-23 10:19:31,563 - __main__ - DEBUG - Blending stats with ρ_niw=0.0500, ρ_tr=0.0500.
2025-09-23 10:19:31,614 - __main__ - DEBUG - Iter 0: ELBO after NIW update: -4224.7931 (Emit LL 9422.4256, NIW term -13096.9141, Δ=3443.4840)
2025-09-23 10:19:31,665 - __main__ - DEBUG - Iter 0: ELBO after Dirichlet update: -4224.7731 (Trans LL -5.6345, Dir term -26.6113, Δ=0.0200)
2025-09-23 10:19:31,734 - __main__ - DEBUG - Iter 0: ELBO after β update: -4225.3146 (Init LL -502.6880, Dir term -26.6280, logp(β) -15.8764, Δ=-0.5415)
2025-09-23 10:19:39,081 - __main__ - DEBUG - Iter 1: ELBO after FB: -4225.3146 (LL 8914.1038, Δ=0.0000)
2025-09-23 10:19:39,082 - __main__ - DEBUG - Blending stats with ρ_niw=0.0500, ρ_tr=0.0500.
2025-09-23 10:19:39,133 - __main__ - DEBUG - Iter 1: ELBO after NIW update: -4225.3146 (Emit LL 9422.4256, NIW term -13096.9141, Δ=0.0000)
2025-09-23 10:19:39,187 - __main__ - DEBUG - Iter 1: ELBO after Dirichlet update: -4225.3859 (Trans LL -5.6171, Dir term -26.7167, Δ=-0.0713)
2025-09-23 10:19:39,255 - __main__ - DEBUG - Iter 1: ELBO after β update: -4225.9498 (Init LL -503.1744, Dir term -26.7846, logp(β) -15.8859, Δ=-0.5639)
2025-09-23 10:19:46,605 - __main__ - DEBUG - Iter 2: ELBO after FB: -4225.9498 (LL 8913.6347, Δ=0.0000)
2025-09-23 10:19:46,606 - __main__ - DEBUG - Blending stats with ρ_niw=0.0500, ρ_tr=0.0500.
2025-09-23 10:19:46,656 - __main__ - DEBUG - Iter 2: ELBO after NIW update: -4225.9498 (Emit LL 9422.4256, NIW term -13096.9141, Δ=0.0000)
2025-09-23 10:19:46,707 - __main__ - DEBUG - Iter 2: ELBO after Dirichlet update: -4226.1496 (Trans LL -5.5988, Dir term -27.0026, Δ=-0.1998)
2025-09-23 10:19:46,775 - __main__ - DEBUG - Iter 2: ELBO after β update: -4226.6640 (Init LL -503.5773, Dir term -27.1127, logp(β) -15.8874, Δ=-0.5144)
2025-09-23 10:19:54,122 - __main__ - DEBUG - Iter 3: ELBO after FB: -4226.6640 (LL 8913.2501, Δ=0.0000)
2025-09-23 10:19:54,122 - __main__ - DEBUG - Blending stats with ρ_niw=0.0500, ρ_tr=0.0500.
2025-09-23 10:19:54,174 - __main__ - DEBUG - Iter 3: ELBO after NIW update: -4226.6640 (Emit LL 9422.4256, NIW term -13096.9141, Δ=0.0000)
2025-09-23 10:19:54,225 - __main__ - DEBUG - Iter 3: ELBO after Dirichlet update: -4226.9725 (Trans LL -5.5851, Dir term -27.4349, Δ=-0.3084)
2025-09-23 10:19:54,293 - __main__ - DEBUG - Iter 3: ELBO after β update: -4227.1601 (Init LL -503.6932, Dir term -27.5141, logp(β) -15.8799, Δ=-0.1876)
2025-09-23 10:20:01,621 - __main__ - DEBUG - Iter 4: ELBO after FB: -4227.1601 (LL 8913.1480, Δ=0.0000)
2025-09-23 10:20:01,622 - __main__ - DEBUG - Blending stats with ρ_niw=0.0500, ρ_tr=0.0500.
2025-09-23 10:20:01,673 - __main__ - DEBUG - Iter 4: ELBO after NIW update: -4227.1601 (Emit LL 9422.4256, NIW term -13096.9141, Δ=0.0000)
2025-09-23 10:20:01,723 - __main__ - DEBUG - Iter 4: ELBO after Dirichlet update: -4227.5711 (Trans LL -5.5815, Dir term -27.9288, Δ=-0.4110)
2025-09-23 10:20:01,776 - __main__ - DEBUG - Iter 4: ELBO after β update: -4227.5104 (Init LL -503.6139, Dir term -27.9481, logp(β) -15.8792, Δ=0.0607)
2025-09-23 10:20:01,778 - __main__ - INFO -    HMM refresh complete: ELBO=183.9578, iters=0, max iters, states=40
2025-09-23 10:20:01,778 - __main__ - INFO -    ✅ HMM updated (next in 12,000 steps)
2025-09-23 10:20:01,778 - __main__ - INFO - 🔄 VAE refresh starting at step 76,800 with replay size 8x1536
2025-09-23 10:20:01,779 - __main__ - INFO -    Using span sampling (12288 timesteps, too large for full buffer)
2025-09-23 10:20:25,983 - __main__ - INFO -    VAE refresh complete: final_loss=2791.7334, avg_loss=2798.2405, steps=4/4, trend=improving, total_timesteps=12288, span_sampling=32_requested×4_steps, span_len=64
2025-09-23 10:20:25,985 - __main__ - INFO -    ✅ VAE updated (next in 12,000 steps)
2025-09-23 10:20:28,249 - __main__ - INFO - 📊 Episodes completed this rollout: 10
2025-09-23 10:20:28,250 - __main__ - INFO - 📈 Episode stats: avg return = 0.28, avg length = 186.9
2025-09-23 10:20:28,250 - __main__ - INFO - 🎯 Top 3 training actions: #2(15725), #1(12982), #3(12636)
2025-09-23 10:20:31,409 - __main__ - INFO - 📊 Episodes completed this rollout: 2
2025-09-23 10:20:31,409 - __main__ - INFO - 📈 Episode stats: avg return = 0.30, avg length = 182.5
2025-09-23 10:20:31,410 - __main__ - INFO - 🎯 Top 3 training actions: #2(15885), #1(13178), #3(12815)
2025-09-23 10:20:34,615 - __main__ - INFO - 📊 Episodes completed this rollout: 5
2025-09-23 10:20:34,615 - __main__ - INFO - 📈 Episode stats: avg return = -0.21, avg length = 274.0
2025-09-23 10:20:34,616 - __main__ - INFO - 🎯 Top 3 training actions: #2(16026), #1(13406), #3(12988)
2025-09-23 10:20:37,808 - __main__ - INFO - 📊 Episodes completed this rollout: 3
2025-09-23 10:20:37,808 - __main__ - INFO - 📈 Episode stats: avg return = -0.03, avg length = 248.3
2025-09-23 10:20:37,808 - __main__ - INFO - 🎯 Top 3 training actions: #2(16157), #1(13609), #3(13220)
2025-09-23 10:20:38,802 - __main__ - INFO - 🧪 Starting evaluation with 50 episodes...
2025-09-23 10:20:38,802 - __main__ - INFO -    Eval seed: 51
2025-09-23 10:20:38,802 - __main__ - INFO -    Max episode steps (eval): env default
2025-09-23 10:20:38,804 - nle.env.base - INFO - Not saving any NLE data.
2025-09-23 10:20:39,893 - __main__ - DEBUG - 🎯 Eval HMM masking: step 100 masked due to negative reward
2025-09-23 10:20:40,434 - __main__ - DEBUG - 🎯 Eval HMM masking: step 150 masked due to negative reward
2025-09-23 10:20:41,000 - __main__ - DEBUG - 🎯 Eval HMM masking: step 200 masked due to negative reward
2025-09-23 10:20:42,059 - __main__ - WARNING - ⚠️ Episode 1 terminated due to step limit.
2025-09-23 10:20:43,101 - __main__ - DEBUG - 🎯 Eval HMM masking: step 50 masked due to negative reward
2025-09-23 10:20:46,572 - __main__ - DEBUG - 🎯 Eval HMM masking: step 250 masked due to negative reward
2025-09-23 10:20:47,091 - __main__ - WARNING - ⚠️ Episode 4 terminated due to step limit.
2025-09-23 10:20:48,863 - __main__ - DEBUG - 🎯 Eval HMM masking: step 150 masked due to negative reward
2025-09-23 10:20:50,445 - __main__ - WARNING - ⚠️ Episode 5 terminated due to step limit.
2025-09-23 10:20:53,971 - __main__ - WARNING - ⚠️ Episode 7 terminated due to step limit.
2025-09-23 10:20:57,014 - __main__ - DEBUG - 🎯 Eval HMM masking: step 250 masked due to negative reward
2025-09-23 10:20:57,537 - __main__ - WARNING - ⚠️ Episode 9 terminated due to step limit.
2025-09-23 10:20:58,785 - __main__ - DEBUG - 🎯 Eval HMM masking: step 100 masked due to negative reward
2025-09-23 10:21:02,354 - __main__ - WARNING - ⚠️ Episode 11 terminated due to step limit.
2025-09-23 10:21:04,115 - __main__ - DEBUG - 🎯 Eval HMM masking: step 150 masked due to negative reward
2025-09-23 10:21:05,700 - __main__ - WARNING - ⚠️ Episode 12 terminated due to step limit.
2025-09-23 10:21:09,019 - __main__ - WARNING - ⚠️ Episode 13 terminated due to step limit.
2025-09-23 10:21:10,297 - __main__ - DEBUG - 🎯 Eval HMM masking: step 100 masked due to negative reward
2025-09-23 10:21:12,413 - __main__ - WARNING - ⚠️ Episode 14 terminated due to step limit.
2025-09-23 10:21:14,203 - __main__ - DEBUG - 🎯 Eval HMM masking: step 150 masked due to negative reward
2025-09-23 10:21:15,782 - __main__ - WARNING - ⚠️ Episode 15 terminated due to step limit.
2025-09-23 10:21:16,481 - __main__ - DEBUG - 🎯 Eval HMM masking: step 50 masked due to negative reward
2025-09-23 10:21:17,011 - __main__ - DEBUG - 🎯 Eval HMM masking: step 100 masked due to negative reward
2025-09-23 10:21:18,066 - __main__ - DEBUG - 🎯 Eval HMM masking: step 200 masked due to negative reward
2025-09-23 10:21:18,595 - __main__ - DEBUG - 🎯 Eval HMM masking: step 250 masked due to negative reward
2025-09-23 10:21:19,115 - __main__ - WARNING - ⚠️ Episode 16 terminated due to step limit.
2025-09-23 10:21:21,953 - __main__ - DEBUG - 🎯 Eval HMM masking: step 250 masked due to negative reward
2025-09-23 10:21:22,473 - __main__ - WARNING - ⚠️ Episode 18 terminated due to step limit.
2025-09-23 10:21:24,918 - __main__ - DEBUG - 🎯 Eval HMM masking: step 100 masked due to negative reward
2025-09-23 10:21:27,017 - __main__ - WARNING - ⚠️ Episode 20 terminated due to step limit.
2025-09-23 10:21:28,249 - __main__ - DEBUG - 🎯 Eval HMM masking: step 100 masked due to negative reward
2025-09-23 10:21:28,778 - __main__ - DEBUG - 🎯 Eval HMM masking: step 150 masked due to negative reward
2025-09-23 10:21:30,357 - __main__ - WARNING - ⚠️ Episode 21 terminated due to step limit.
2025-09-23 10:21:33,172 - __main__ - DEBUG - 🎯 Eval HMM masking: step 250 masked due to negative reward
2025-09-23 10:21:33,695 - __main__ - WARNING - ⚠️ Episode 22 terminated due to step limit.
2025-09-23 10:21:34,402 - __main__ - DEBUG - 🎯 Eval HMM masking: step 50 masked due to negative reward
2025-09-23 10:21:37,020 - __main__ - WARNING - ⚠️ Episode 23 terminated due to step limit.
2025-09-23 10:21:38,784 - __main__ - DEBUG - 🎯 Eval HMM masking: step 150 masked due to negative reward
2025-09-23 10:21:40,369 - __main__ - WARNING - ⚠️ Episode 24 terminated due to step limit.
2025-09-23 10:21:43,746 - __main__ - WARNING - ⚠️ Episode 25 terminated due to step limit.
2025-09-23 10:21:46,181 - __main__ - DEBUG - 🎯 Eval HMM masking: step 150 masked due to negative reward
2025-09-23 10:21:47,764 - __main__ - WARNING - ⚠️ Episode 27 terminated due to step limit.
2025-09-23 10:21:51,123 - __main__ - WARNING - ⚠️ Episode 28 terminated due to step limit.
2025-09-23 10:21:52,894 - __main__ - DEBUG - 🎯 Eval HMM masking: step 150 masked due to negative reward
2025-09-23 10:21:56,556 - __main__ - DEBUG - 🎯 Eval HMM masking: step 200 masked due to negative reward
2025-09-23 10:21:57,612 - __main__ - WARNING - ⚠️ Episode 30 terminated due to step limit.
2025-09-23 10:22:03,123 - __main__ - DEBUG - 🎯 Eval HMM masking: step 100 masked due to negative reward
2025-09-23 10:22:06,884 - __main__ - WARNING - ⚠️ Episode 35 terminated due to step limit.
2025-09-23 10:22:08,113 - __main__ - DEBUG - 🎯 Eval HMM masking: step 100 masked due to negative reward
2025-09-23 10:22:08,645 - __main__ - DEBUG - 🎯 Eval HMM masking: step 150 masked due to negative reward
2025-09-23 10:22:09,707 - __main__ - DEBUG - 🎯 Eval HMM masking: step 250 masked due to negative reward
2025-09-23 10:22:10,232 - __main__ - WARNING - ⚠️ Episode 36 terminated due to step limit.
2025-09-23 10:22:11,569 - __main__ - DEBUG - 🎯 Eval HMM masking: step 100 masked due to negative reward
2025-09-23 10:22:13,640 - __main__ - WARNING - ⚠️ Episode 39 terminated due to step limit.
2025-09-23 10:22:15,397 - __main__ - DEBUG - 🎯 Eval HMM masking: step 150 masked due to negative reward
2025-09-23 10:22:15,927 - __main__ - DEBUG - 🎯 Eval HMM masking: step 200 masked due to negative reward
2025-09-23 10:22:16,981 - __main__ - WARNING - ⚠️ Episode 40 terminated due to step limit.
2025-09-23 10:22:18,748 - __main__ - DEBUG - 🎯 Eval HMM masking: step 150 masked due to negative reward
2025-09-23 10:22:20,331 - __main__ - WARNING - ⚠️ Episode 41 terminated due to step limit.
2025-09-23 10:22:24,244 - __main__ - DEBUG - 🎯 Eval HMM masking: step 200 masked due to negative reward
2025-09-23 10:22:25,298 - __main__ - WARNING - ⚠️ Episode 43 terminated due to step limit.
2025-09-23 10:22:27,070 - __main__ - DEBUG - 🎯 Eval HMM masking: step 150 masked due to negative reward
2025-09-23 10:22:28,137 - __main__ - DEBUG - 🎯 Eval HMM masking: step 250 masked due to negative reward
2025-09-23 10:22:28,658 - __main__ - WARNING - ⚠️ Episode 44 terminated due to step limit.
2025-09-23 10:22:32,993 - __main__ - WARNING - ⚠️ Episode 46 terminated due to step limit.
2025-09-23 10:22:34,231 - __main__ - DEBUG - 🎯 Eval HMM masking: step 100 masked due to negative reward
2025-09-23 10:22:36,340 - __main__ - WARNING - ⚠️ Episode 47 terminated due to step limit.
2025-09-23 10:22:37,573 - __main__ - DEBUG - 🎯 Eval HMM masking: step 100 masked due to negative reward
2025-09-23 10:22:39,675 - __main__ - WARNING - ⚠️ Episode 48 terminated due to step limit.
2025-09-23 10:22:40,913 - __main__ - DEBUG - 🎯 Eval HMM masking: step 100 masked due to negative reward
2025-09-23 10:22:41,971 - __main__ - DEBUG - 🎯 Eval HMM masking: step 200 masked due to negative reward
2025-09-23 10:22:43,020 - __main__ - WARNING - ⚠️ Episode 49 terminated due to step limit.
2025-09-23 10:22:44,208 - __main__ - INFO - 📊 Evaluation Results (Current Round):
2025-09-23 10:22:44,208 - __main__ - INFO -    Episodes: 50
2025-09-23 10:22:44,208 - __main__ - INFO -    Time: 125.4s (2.5s/ep)
2025-09-23 10:22:44,209 - __main__ - INFO -    Average Return: -0.014 ± 0.699
2025-09-23 10:22:44,209 - __main__ - INFO -    Success Rate: 36.0%
2025-09-23 10:22:44,209 - __main__ - INFO -    Average Length: 224.5
2025-09-23 10:22:44,209 - __main__ - INFO -    Average Coverage: 64.3 positions
2025-09-23 10:22:44,209 - __main__ - INFO -    Episode Completions: 18 terminated (36.0%), 32 truncated (64.0%)
2025-09-23 10:22:44,209 - __main__ - INFO - 📈 Total Evaluation Statistics:
2025-09-23 10:22:44,209 - __main__ - INFO -    Total Episodes: 400
2025-09-23 10:22:44,209 - __main__ - INFO -    Total Average Return: 0.031 ± 0.646
2025-09-23 10:22:44,210 - __main__ - INFO -    Total Average Length: 231.4 ± 106.8
2025-09-23 10:22:44,210 - __main__ - INFO -    Total Completions: 140 terminated (35.0%), 260 truncated (65.0%)
2025-09-23 10:22:44,210 - __main__ - INFO -    Skill Entropy: 0.001
2025-09-23 10:22:44,210 - __main__ - INFO -    Used Skills: 1.0
2025-09-23 10:22:44,210 - __main__ - INFO -    Effective K: 1.00
2025-09-23 10:22:44,210 - __main__ - INFO - 🎯 Action Usage Statistics:
2025-09-23 10:22:44,211 - __main__ - INFO -    Unique actions in evaluation: 8
2025-09-23 10:22:44,211 - __main__ - INFO -    Unique actions in training: 8
2025-09-23 10:22:44,211 - __main__ - INFO -    Total unique actions: 8
2025-09-23 10:22:44,211 - __main__ - INFO -    Action coverage: 6.6%
2025-09-23 10:22:44,211 - __main__ - INFO -    Train action count: 80896
2025-09-23 10:22:44,211 - __main__ - INFO -    Eval action count: 92554
2025-09-23 10:22:44,211 - __main__ - INFO -    Train action entropy: 2.012
2025-09-23 10:22:44,212 - __main__ - INFO -    Eval action entropy: 1.998
2025-09-23 10:22:44,212 - __main__ - INFO -    Top 3 train actions: #2(16157), #1(13609), #3(13220)
2025-09-23 10:22:44,212 - __main__ - INFO -    Top 3 eval actions: #2(18953), #1(16431), #3(15230)
2025-09-23 10:22:46,470 - __main__ - INFO - 📊 Episodes completed this rollout: 9
2025-09-23 10:22:46,470 - __main__ - INFO - 📈 Episode stats: avg return = 0.52, avg length = 180.6
2025-09-23 10:22:46,471 - __main__ - INFO - 🎯 Top 3 training actions: #2(16290), #1(13783), #3(13451)
2025-09-23 10:22:49,681 - __main__ - INFO - 📊 Episodes completed this rollout: 2
2025-09-23 10:22:49,681 - __main__ - INFO - 📈 Episode stats: avg return = 0.16, avg length = 225.5
2025-09-23 10:22:49,681 - __main__ - INFO - 🎯 Top 3 training actions: #2(16404), #1(13963), #3(13676)
2025-09-23 10:22:52,877 - __main__ - INFO - 📊 Episodes completed this rollout: 4
2025-09-23 10:22:52,877 - __main__ - INFO - 📈 Episode stats: avg return = 0.51, avg length = 222.0
2025-09-23 10:22:52,877 - __main__ - INFO - 🎯 Top 3 training actions: #2(16513), #1(14168), #3(13851)
2025-09-23 10:22:56,157 - __main__ - INFO - 📊 Episodes completed this rollout: 7
2025-09-23 10:22:56,157 - __main__ - INFO - 📈 Episode stats: avg return = 0.13, avg length = 214.9
2025-09-23 10:22:56,158 - __main__ - INFO - 🎯 Top 3 training actions: #2(16627), #1(14331), #3(14020)
2025-09-23 10:22:59,460 - __main__ - INFO - 📊 Episodes completed this rollout: 5
2025-09-23 10:22:59,460 - __main__ - INFO - 📈 Episode stats: avg return = 0.45, avg length = 157.4
2025-09-23 10:22:59,460 - __main__ - INFO - 🎯 Top 3 training actions: #2(16718), #1(14542), #3(14176)
2025-09-23 10:23:02,700 - __main__ - INFO - 📊 Episodes completed this rollout: 6
2025-09-23 10:23:02,701 - __main__ - INFO - 📈 Episode stats: avg return = 0.24, avg length = 211.8
2025-09-23 10:23:02,701 - __main__ - INFO - 🎯 Top 3 training actions: #2(16812), #1(14762), #3(14346)
2025-09-23 10:23:05,905 - __main__ - INFO - 📊 Episodes completed this rollout: 2
2025-09-23 10:23:05,905 - __main__ - INFO - 📈 Episode stats: avg return = -0.42, avg length = 300.0
2025-09-23 10:23:05,905 - __main__ - INFO - 🎯 Top 3 training actions: #2(16919), #1(15004), #3(14531)
2025-09-23 10:23:09,142 - __main__ - INFO - 📊 Episodes completed this rollout: 6
2025-09-23 10:23:09,142 - __main__ - INFO - 📈 Episode stats: avg return = -0.10, avg length = 252.8
2025-09-23 10:23:09,143 - __main__ - INFO - 🎯 Top 3 training actions: #2(16992), #1(15259), #3(14799)
2025-09-23 10:23:10,155 - __main__ - INFO - 🔄 Synchronized model update at step 89,088
2025-09-23 10:23:10,155 - __main__ - INFO -    HMM interval: 12,000, VAE interval: 12,000
2025-09-23 10:23:10,156 - __main__ - INFO - 🚫 Model training masking: 1524/12288 timesteps masked (12.4%) due to negative rewards (invalid actions)
2025-09-23 10:23:10,521 - __main__ - INFO - 🔄 Capping HMM batch size from 967 to 128 to prevent OOM
2025-09-23 10:23:10,522 - __main__ - INFO - 🔄 HMM refresh starting at step 89,088 with replay size 128x109
2025-09-23 10:23:16,841 - __main__ - DEBUG - Initial ELBO: -6616.4950
2025-09-23 10:23:16,846 - __main__ - DEBUG - Relative tol: 0.0100
2025-09-23 10:23:16,846 - __main__ - DEBUG - Relative elbo_drop_tol: 0.0100
2025-09-23 10:23:16,846 - __main__ - DEBUG - - Init -502.6880
2025-09-23 10:23:16,847 - __main__ - DEBUG - - Trans -3.7005
2025-09-23 10:23:16,847 - __main__ - DEBUG - - Emit 7029.3113
2025-09-23 10:23:16,847 - __main__ - DEBUG - - Entropy 0.0006
2025-09-23 10:23:16,847 - __main__ - DEBUG - - Dir -26.6280
2025-09-23 10:23:16,847 - __main__ - DEBUG - - NIW -13096.9141
2025-09-23 10:23:16,847 - __main__ - DEBUG - - Beta prior -15.8764
2025-09-23 10:23:23,571 - __main__ - DEBUG - Iter 0: ELBO after FB: -6616.4950 (LL 6522.9234, Δ=0.0000)
2025-09-23 10:23:23,573 - __main__ - DEBUG - Blending stats with ρ_niw=0.0500, ρ_tr=0.0500.
2025-09-23 10:23:23,624 - __main__ - DEBUG - Iter 0: ELBO after NIW update: -5165.2873 (Emit LL 8619.6166, NIW term -13236.0117, Δ=1451.2077)
2025-09-23 10:23:23,675 - __main__ - DEBUG - Iter 0: ELBO after Dirichlet update: -5165.2534 (Trans LL -3.7467, Dir term -26.5479, Δ=0.0339)
2025-09-23 10:23:23,744 - __main__ - DEBUG - Iter 0: ELBO after β update: -5165.8073 (Init LL -503.2037, Dir term -26.5746, logp(β) -15.8877, Δ=-0.5538)
2025-09-23 10:23:30,531 - __main__ - DEBUG - Iter 1: ELBO after FB: -5165.8073 (LL 8112.6668, Δ=0.0000)
2025-09-23 10:23:30,532 - __main__ - DEBUG - Blending stats with ρ_niw=0.0500, ρ_tr=0.0500.
2025-09-23 10:23:30,583 - __main__ - DEBUG - Iter 1: ELBO after NIW update: -5165.8073 (Emit LL 8619.6166, NIW term -13236.0117, Δ=0.0000)
2025-09-23 10:23:30,634 - __main__ - DEBUG - Iter 1: ELBO after Dirichlet update: -5165.8747 (Trans LL -3.7347, Dir term -26.6541, Δ=-0.0675)
2025-09-23 10:23:30,702 - __main__ - DEBUG - Iter 1: ELBO after β update: -5166.4287 (Init LL -503.6816, Dir term -26.7211, logp(β) -15.8968, Δ=-0.5540)
2025-09-23 10:23:37,446 - __main__ - DEBUG - Iter 2: ELBO after FB: -5166.4287 (LL 8112.2009, Δ=0.0000)
2025-09-23 10:23:37,447 - __main__ - DEBUG - Blending stats with ρ_niw=0.0500, ρ_tr=0.0500.
2025-09-23 10:23:37,498 - __main__ - DEBUG - Iter 2: ELBO after NIW update: -5166.4287 (Emit LL 8619.6166, NIW term -13236.0117, Δ=0.0000)
2025-09-23 10:23:37,550 - __main__ - DEBUG - Iter 2: ELBO after Dirichlet update: -5166.6329 (Trans LL -3.7233, Dir term -26.9366, Δ=-0.2042)
2025-09-23 10:23:37,618 - __main__ - DEBUG - Iter 2: ELBO after β update: -5167.1224 (Init LL -504.0731, Dir term -27.0334, logp(β) -15.8980, Δ=-0.4895)
2025-09-23 10:23:44,366 - __main__ - DEBUG - Iter 3: ELBO after FB: -5167.1224 (LL 8111.8208, Δ=0.0000)
2025-09-23 10:23:44,367 - __main__ - DEBUG - Blending stats with ρ_niw=0.0500, ρ_tr=0.0500.
2025-09-23 10:23:44,417 - __main__ - DEBUG - Iter 3: ELBO after NIW update: -5167.1224 (Emit LL 8619.6166, NIW term -13236.0117, Δ=0.0000)
2025-09-23 10:23:44,467 - __main__ - DEBUG - Iter 3: ELBO after Dirichlet update: -5167.4452 (Trans LL -3.7137, Dir term -27.3659, Δ=-0.3228)
2025-09-23 10:23:44,535 - __main__ - DEBUG - Iter 3: ELBO after β update: -5167.6285 (Init LL -504.1859, Dir term -27.4439, logp(β) -15.8904, Δ=-0.1833)
2025-09-23 10:23:51,241 - __main__ - DEBUG - Iter 4: ELBO after FB: -5167.6285 (LL 8111.7176, Δ=0.0000)
2025-09-23 10:23:51,242 - __main__ - DEBUG - Blending stats with ρ_niw=0.0500, ρ_tr=0.0500.
2025-09-23 10:23:51,292 - __main__ - DEBUG - Iter 4: ELBO after NIW update: -5167.6285 (Emit LL 8619.6166, NIW term -13236.0117, Δ=0.0000)
2025-09-23 10:23:51,343 - __main__ - DEBUG - Iter 4: ELBO after Dirichlet update: -5168.0361 (Trans LL -3.7113, Dir term -27.8540, Δ=-0.4076)
2025-09-23 10:23:51,403 - __main__ - DEBUG - Iter 4: ELBO after β update: -5168.0059 (Init LL -504.1054, Dir term -27.9081, logp(β) -15.8866, Δ=0.0302)
2025-09-23 10:23:51,405 - __main__ - INFO -    HMM refresh complete: ELBO=8.0794, iters=0, max iters, states=40
2025-09-23 10:23:51,406 - __main__ - INFO -    ✅ HMM updated (next in 12,000 steps)
2025-09-23 10:23:51,406 - __main__ - INFO - 🔄 VAE refresh starting at step 89,088 with replay size 8x1536
2025-09-23 10:23:51,407 - __main__ - INFO -    Using span sampling (12288 timesteps, too large for full buffer)
2025-09-23 10:24:14,191 - __main__ - INFO -    VAE refresh complete: final_loss=2772.4434, avg_loss=2775.0159, steps=4/4, trend=improving, total_timesteps=12288, span_sampling=32_requested×4_steps, span_len=64
2025-09-23 10:24:14,192 - __main__ - INFO -    ✅ VAE updated (next in 12,000 steps)
2025-09-23 10:24:16,392 - __main__ - INFO - 📊 Episodes completed this rollout: 4
2025-09-23 10:24:16,392 - __main__ - INFO - 📈 Episode stats: avg return = 0.20, avg length = 190.8
2025-09-23 10:24:16,393 - __main__ - INFO - 🎯 Top 3 training actions: #2(17055), #1(15497), #3(15045)
2025-09-23 10:24:17,396 - __main__ - INFO - 🧪 Starting evaluation with 50 episodes...
2025-09-23 10:24:17,396 - __main__ - INFO -    Eval seed: 51
2025-09-23 10:24:17,396 - __main__ - INFO -    Max episode steps (eval): env default
2025-09-23 10:24:17,398 - nle.env.base - INFO - Not saving any NLE data.
2025-09-23 10:24:18,502 - __main__ - DEBUG - 🎯 Eval HMM masking: step 100 masked due to negative reward
2025-09-23 10:24:19,554 - __main__ - DEBUG - 🎯 Eval HMM masking: step 200 masked due to negative reward
2025-09-23 10:24:20,591 - __main__ - WARNING - ⚠️ Episode 1 terminated due to step limit.
2025-09-23 10:24:24,984 - __main__ - DEBUG - 🎯 Eval HMM masking: step 250 masked due to negative reward
2025-09-23 10:24:25,504 - __main__ - WARNING - ⚠️ Episode 3 terminated due to step limit.
2025-09-23 10:24:28,837 - __main__ - WARNING - ⚠️ Episode 4 terminated due to step limit.
2025-09-23 10:24:30,597 - __main__ - DEBUG - 🎯 Eval HMM masking: step 150 masked due to negative reward
2025-09-23 10:24:32,172 - __main__ - WARNING - ⚠️ Episode 5 terminated due to step limit.
2025-09-23 10:24:33,402 - __main__ - DEBUG - 🎯 Eval HMM masking: step 100 masked due to negative reward
2025-09-23 10:24:41,098 - __main__ - WARNING - ⚠️ Episode 8 terminated due to step limit.
2025-09-23 10:24:44,434 - __main__ - WARNING - ⚠️ Episode 9 terminated due to step limit.
2025-09-23 10:24:47,774 - __main__ - WARNING - ⚠️ Episode 10 terminated due to step limit.
2025-09-23 10:24:52,093 - __main__ - WARNING - ⚠️ Episode 13 terminated due to step limit.
2025-09-23 10:24:55,436 - __main__ - WARNING - ⚠️ Episode 14 terminated due to step limit.
2025-09-23 10:25:00,798 - __main__ - WARNING - ⚠️ Episode 16 terminated due to step limit.
2025-09-23 10:25:02,398 - __main__ - DEBUG - 🎯 Eval HMM masking: step 100 masked due to negative reward
2025-09-23 10:25:04,585 - __main__ - DEBUG - 🎯 Eval HMM masking: step 100 masked due to negative reward
2025-09-23 10:25:05,112 - __main__ - DEBUG - 🎯 Eval HMM masking: step 150 masked due to negative reward
2025-09-23 10:25:07,753 - __main__ - DEBUG - 🎯 Eval HMM masking: step 100 masked due to negative reward
2025-09-23 10:25:08,816 - __main__ - DEBUG - 🎯 Eval HMM masking: step 200 masked due to negative reward
2025-09-23 10:25:09,870 - __main__ - WARNING - ⚠️ Episode 20 terminated due to step limit.
2025-09-23 10:25:12,159 - __main__ - DEBUG - 🎯 Eval HMM masking: step 200 masked due to negative reward
2025-09-23 10:25:13,211 - __main__ - WARNING - ⚠️ Episode 21 terminated due to step limit.
2025-09-23 10:25:25,213 - __main__ - WARNING - ⚠️ Episode 27 terminated due to step limit.
2025-09-23 10:25:26,980 - __main__ - DEBUG - 🎯 Eval HMM masking: step 150 masked due to negative reward
2025-09-23 10:25:28,566 - __main__ - WARNING - ⚠️ Episode 28 terminated due to step limit.
2025-09-23 10:25:31,925 - __main__ - WARNING - ⚠️ Episode 29 terminated due to step limit.
2025-09-23 10:25:35,590 - __main__ - WARNING - ⚠️ Episode 32 terminated due to step limit.
2025-09-23 10:25:36,298 - __main__ - DEBUG - 🎯 Eval HMM masking: step 50 masked due to negative reward
2025-09-23 10:25:38,429 - __main__ - DEBUG - 🎯 Eval HMM masking: step 250 masked due to negative reward
2025-09-23 10:25:38,953 - __main__ - WARNING - ⚠️ Episode 33 terminated due to step limit.
2025-09-23 10:25:42,309 - __main__ - WARNING - ⚠️ Episode 34 terminated due to step limit.
2025-09-23 10:25:46,398 - __main__ - DEBUG - 🎯 Eval HMM masking: step 150 masked due to negative reward
2025-09-23 10:25:46,929 - __main__ - DEBUG - 🎯 Eval HMM masking: step 200 masked due to negative reward
2025-09-23 10:25:47,975 - __main__ - WARNING - ⚠️ Episode 37 terminated due to step limit.
2025-09-23 10:25:50,879 - __main__ - DEBUG - 🎯 Eval HMM masking: step 150 masked due to negative reward
2025-09-23 10:25:52,455 - __main__ - WARNING - ⚠️ Episode 39 terminated due to step limit.
2025-09-23 10:25:55,405 - __main__ - DEBUG - 🎯 Eval HMM masking: step 100 masked due to negative reward
2025-09-23 10:25:55,929 - __main__ - DEBUG - 🎯 Eval HMM masking: step 150 masked due to negative reward
2025-09-23 10:25:57,489 - __main__ - WARNING - ⚠️ Episode 41 terminated due to step limit.
2025-09-23 10:25:59,409 - __main__ - DEBUG - 🎯 Eval HMM masking: step 50 masked due to negative reward
2025-09-23 10:26:00,806 - __main__ - DEBUG - 🎯 Eval HMM masking: step 50 masked due to negative reward
2025-09-23 10:26:05,731 - __main__ - DEBUG - 🎯 Eval HMM masking: step 150 masked due to negative reward
2025-09-23 10:26:07,297 - __main__ - WARNING - ⚠️ Episode 46 terminated due to step limit.
2025-09-23 10:26:10,608 - __main__ - WARNING - ⚠️ Episode 47 terminated due to step limit.
2025-09-23 10:26:13,918 - __main__ - DEBUG - 🎯 Eval HMM masking: step 250 masked due to negative reward
2025-09-23 10:26:14,439 - __main__ - WARNING - ⚠️ Episode 49 terminated due to step limit.
2025-09-23 10:26:17,779 - __main__ - WARNING - ⚠️ Episode 50 terminated due to step limit.
2025-09-23 10:26:17,943 - __main__ - INFO - 📊 Evaluation Results (Current Round):
2025-09-23 10:26:17,943 - __main__ - INFO -    Episodes: 50
2025-09-23 10:26:17,943 - __main__ - INFO -    Time: 120.5s (2.4s/ep)
2025-09-23 10:26:17,943 - __main__ - INFO -    Average Return: 0.251 ± 0.642
2025-09-23 10:26:17,943 - __main__ - INFO -    Success Rate: 50.0%
2025-09-23 10:26:17,943 - __main__ - INFO -    Average Length: 216.6
2025-09-23 10:26:17,944 - __main__ - INFO -    Average Coverage: 67.4 positions
2025-09-23 10:26:17,944 - __main__ - INFO -    Episode Completions: 25 terminated (50.0%), 25 truncated (50.0%)
2025-09-23 10:26:17,944 - __main__ - INFO - 📈 Total Evaluation Statistics:
2025-09-23 10:26:17,944 - __main__ - INFO -    Total Episodes: 450
2025-09-23 10:26:17,944 - __main__ - INFO -    Total Average Return: 0.055 ± 0.649
2025-09-23 10:26:17,944 - __main__ - INFO -    Total Average Length: 229.7 ± 106.8
2025-09-23 10:26:17,944 - __main__ - INFO -    Total Completions: 165 terminated (36.7%), 285 truncated (63.3%)
2025-09-23 10:26:17,944 - __main__ - INFO -    Skill Entropy: 0.001
2025-09-23 10:26:17,945 - __main__ - INFO -    Used Skills: 1.0
2025-09-23 10:26:17,945 - __main__ - INFO -    Effective K: 1.00
2025-09-23 10:26:17,945 - __main__ - INFO - 🎯 Action Usage Statistics:
2025-09-23 10:26:17,945 - __main__ - INFO -    Unique actions in evaluation: 8
2025-09-23 10:26:17,945 - __main__ - INFO -    Unique actions in training: 8
2025-09-23 10:26:17,945 - __main__ - INFO -    Total unique actions: 8
2025-09-23 10:26:17,945 - __main__ - INFO -    Action coverage: 6.6%
2025-09-23 10:26:17,946 - __main__ - INFO -    Train action count: 90112
2025-09-23 10:26:17,946 - __main__ - INFO -    Eval action count: 103385
2025-09-23 10:26:17,946 - __main__ - INFO -    Train action entropy: 2.019
2025-09-23 10:26:17,946 - __main__ - INFO -    Eval action entropy: 2.001
2025-09-23 10:26:17,947 - __main__ - INFO -    Top 3 train actions: #2(17055), #1(15497), #3(15045)
2025-09-23 10:26:17,947 - __main__ - INFO -    Top 3 eval actions: #2(19854), #1(18692), #3(18265)
2025-09-23 10:26:20,149 - __main__ - INFO - 📊 Episodes completed this rollout: 4
2025-09-23 10:26:20,149 - __main__ - INFO - 📈 Episode stats: avg return = 0.26, avg length = 228.5
2025-09-23 10:26:20,149 - __main__ - INFO - 🎯 Top 3 training actions: #2(17148), #1(15702), #3(15303)
2025-09-23 10:26:23,344 - __main__ - INFO - 📊 Episodes completed this rollout: 5
2025-09-23 10:26:23,345 - __main__ - INFO - 📈 Episode stats: avg return = -0.17, avg length = 271.4
2025-09-23 10:26:23,345 - __main__ - INFO - 🎯 Top 3 training actions: #2(17236), #1(15883), #3(15600)
2025-09-23 10:26:26,513 - __main__ - INFO - 📊 Episodes completed this rollout: 6
2025-09-23 10:26:26,514 - __main__ - INFO - 📈 Episode stats: avg return = 0.28, avg length = 180.5
2025-09-23 10:26:26,514 - __main__ - INFO - 🎯 Top 3 training actions: #2(17358), #1(16057), #3(15851)
2025-09-23 10:26:29,875 - __main__ - INFO - 📊 Episodes completed this rollout: 4
2025-09-23 10:26:29,875 - __main__ - INFO - 📈 Episode stats: avg return = 0.32, avg length = 180.5
2025-09-23 10:26:29,875 - __main__ - INFO - 🎯 Top 3 training actions: #2(17482), #1(16223), #3(16058)
2025-09-23 10:26:33,090 - __main__ - INFO - 📊 Episodes completed this rollout: 4
2025-09-23 10:26:33,090 - __main__ - INFO - 📈 Episode stats: avg return = -0.01, avg length = 266.5
2025-09-23 10:26:33,090 - __main__ - INFO - 🎯 Top 3 training actions: #2(17620), #1(16390), #3(16255)
2025-09-23 10:26:36,286 - __main__ - INFO - 📊 Episodes completed this rollout: 2
2025-09-23 10:26:36,286 - __main__ - INFO - 📈 Episode stats: avg return = -0.27, avg length = 300.0
2025-09-23 10:26:36,286 - __main__ - INFO - 🎯 Top 3 training actions: #2(17738), #1(16554), #3(16435)
2025-09-23 10:26:39,485 - __main__ - INFO - 📊 Episodes completed this rollout: 3
2025-09-23 10:26:39,485 - __main__ - INFO - 📈 Episode stats: avg return = 0.10, avg length = 277.0
2025-09-23 10:26:39,486 - __main__ - INFO - 🎯 Top 3 training actions: #2(17873), #1(16729), #3(16574)
2025-09-23 10:26:42,702 - __main__ - INFO - 📊 Episodes completed this rollout: 7
2025-09-23 10:26:42,702 - __main__ - INFO - 📈 Episode stats: avg return = 0.01, avg length = 239.0
2025-09-23 10:26:42,703 - __main__ - INFO - 🎯 Top 3 training actions: #2(17991), #1(16912), #3(16709)
2025-09-23 10:26:45,894 - __main__ - INFO - 📊 Episodes completed this rollout: 4
2025-09-23 10:26:45,895 - __main__ - INFO - 📈 Episode stats: avg return = -0.06, avg length = 271.8
2025-09-23 10:26:45,895 - __main__ - INFO - 🎯 Top 3 training actions: #2(18090), #1(17055), #3(16877)
2025-09-23 10:26:49,055 - __main__ - INFO - 📊 Episodes completed this rollout: 3
2025-09-23 10:26:49,055 - __main__ - INFO - 📈 Episode stats: avg return = 0.37, avg length = 231.3
2025-09-23 10:26:49,055 - __main__ - INFO - 🎯 Top 3 training actions: #2(18202), #1(17235), #3(17006)
2025-09-23 10:26:50,051 - __main__ - INFO - 🧪 Starting evaluation with 50 episodes...
2025-09-23 10:26:50,051 - __main__ - INFO -    Eval seed: 51
2025-09-23 10:26:50,051 - __main__ - INFO -    Max episode steps (eval): env default
2025-09-23 10:26:50,052 - nle.env.base - INFO - Not saving any NLE data.
2025-09-23 10:26:52,184 - __main__ - DEBUG - 🎯 Eval HMM masking: step 200 masked due to negative reward
2025-09-23 10:26:53,232 - __main__ - WARNING - ⚠️ Episode 1 terminated due to step limit.
2025-09-23 10:26:56,554 - __main__ - WARNING - ⚠️ Episode 2 terminated due to step limit.
2025-09-23 10:26:59,298 - __main__ - DEBUG - 🎯 Eval HMM masking: step 100 masked due to negative reward
2025-09-23 10:27:03,893 - __main__ - WARNING - ⚠️ Episode 5 terminated due to step limit.
2025-09-23 10:27:07,910 - __main__ - WARNING - ⚠️ Episode 7 terminated due to step limit.
2025-09-23 10:27:13,379 - __main__ - WARNING - ⚠️ Episode 12 terminated due to step limit.
2025-09-23 10:27:15,076 - __main__ - DEBUG - 🎯 Eval HMM masking: step 100 masked due to negative reward
2025-09-23 10:27:15,602 - __main__ - DEBUG - 🎯 Eval HMM masking: step 150 masked due to negative reward
2025-09-23 10:27:17,163 - __main__ - WARNING - ⚠️ Episode 14 terminated due to step limit.
2025-09-23 10:27:22,574 - __main__ - DEBUG - 🎯 Eval HMM masking: step 250 masked due to negative reward
2025-09-23 10:27:23,095 - __main__ - WARNING - ⚠️ Episode 16 terminated due to step limit.
2025-09-23 10:27:26,447 - __main__ - WARNING - ⚠️ Episode 17 terminated due to step limit.
2025-09-23 10:27:29,768 - __main__ - WARNING - ⚠️ Episode 18 terminated due to step limit.
2025-09-23 10:27:30,990 - __main__ - DEBUG - 🎯 Eval HMM masking: step 100 masked due to negative reward
2025-09-23 10:27:35,551 - __main__ - DEBUG - 🎯 Eval HMM masking: step 250 masked due to negative reward
2025-09-23 10:27:39,110 - __main__ - WARNING - ⚠️ Episode 21 terminated due to step limit.
2025-09-23 10:27:42,798 - __main__ - WARNING - ⚠️ Episode 23 terminated due to step limit.
2025-09-23 10:27:45,096 - __main__ - DEBUG - 🎯 Eval HMM masking: step 200 masked due to negative reward
2025-09-23 10:27:46,142 - __main__ - WARNING - ⚠️ Episode 24 terminated due to step limit.
2025-09-23 10:27:49,461 - __main__ - WARNING - ⚠️ Episode 25 terminated due to step limit.
2025-09-23 10:27:53,378 - __main__ - WARNING - ⚠️ Episode 27 terminated due to step limit.
2025-09-23 10:27:56,733 - __main__ - WARNING - ⚠️ Episode 28 terminated due to step limit.
2025-09-23 10:27:58,492 - __main__ - DEBUG - 🎯 Eval HMM masking: step 150 masked due to negative reward
2025-09-23 10:28:06,510 - __main__ - WARNING - ⚠️ Episode 32 terminated due to step limit.
2025-09-23 10:28:08,374 - __main__ - DEBUG - 🎯 Eval HMM masking: step 100 masked due to negative reward
2025-09-23 10:28:12,603 - __main__ - WARNING - ⚠️ Episode 37 terminated due to step limit.
2025-09-23 10:28:13,310 - __main__ - DEBUG - 🎯 Eval HMM masking: step 50 masked due to negative reward
2025-09-23 10:28:16,941 - __main__ - WARNING - ⚠️ Episode 39 terminated due to step limit.
2025-09-23 10:28:19,243 - __main__ - DEBUG - 🎯 Eval HMM masking: step 200 masked due to negative reward
2025-09-23 10:28:19,770 - __main__ - DEBUG - 🎯 Eval HMM masking: step 250 masked due to negative reward
2025-09-23 10:28:20,287 - __main__ - WARNING - ⚠️ Episode 40 terminated due to step limit.
2025-09-23 10:28:23,607 - __main__ - WARNING - ⚠️ Episode 41 terminated due to step limit.
2025-09-23 10:28:28,324 - __main__ - WARNING - ⚠️ Episode 43 terminated due to step limit.
2025-09-23 10:28:33,033 - __main__ - WARNING - ⚠️ Episode 46 terminated due to step limit.
2025-09-23 10:28:36,473 - __main__ - WARNING - ⚠️ Episode 48 terminated due to step limit.
2025-09-23 10:28:37,704 - __main__ - DEBUG - 🎯 Eval HMM masking: step 50 masked due to negative reward
2025-09-23 10:28:39,804 - __main__ - DEBUG - 🎯 Eval HMM masking: step 250 masked due to negative reward
2025-09-23 10:28:40,321 - __main__ - WARNING - ⚠️ Episode 50 terminated due to step limit.
2025-09-23 10:28:40,490 - __main__ - INFO - 📊 Evaluation Results (Current Round):
2025-09-23 10:28:40,490 - __main__ - INFO -    Episodes: 50
2025-09-23 10:28:40,490 - __main__ - INFO -    Time: 110.4s (2.2s/ep)
2025-09-23 10:28:40,490 - __main__ - INFO -    Average Return: 0.318 ± 0.634
2025-09-23 10:28:40,490 - __main__ - INFO -    Success Rate: 52.0%
2025-09-23 10:28:40,490 - __main__ - INFO -    Average Length: 198.7
2025-09-23 10:28:40,490 - __main__ - INFO -    Average Coverage: 73.2 positions
2025-09-23 10:28:40,490 - __main__ - INFO -    Episode Completions: 26 terminated (52.0%), 24 truncated (48.0%)
2025-09-23 10:28:40,491 - __main__ - INFO - 📈 Total Evaluation Statistics:
2025-09-23 10:28:40,491 - __main__ - INFO -    Total Episodes: 500
2025-09-23 10:28:40,491 - __main__ - INFO -    Total Average Return: 0.081 ± 0.652
2025-09-23 10:28:40,491 - __main__ - INFO -    Total Average Length: 226.6 ± 108.2
2025-09-23 10:28:40,491 - __main__ - INFO -    Total Completions: 191 terminated (38.2%), 309 truncated (61.8%)
2025-09-23 10:28:40,492 - __main__ - INFO -    Skill Entropy: 0.000
2025-09-23 10:28:40,492 - __main__ - INFO -    Used Skills: 1.0
2025-09-23 10:28:40,492 - __main__ - INFO -    Effective K: 1.00
2025-09-23 10:28:40,492 - __main__ - INFO - 🎯 Action Usage Statistics:
2025-09-23 10:28:40,492 - __main__ - INFO -    Unique actions in evaluation: 8
2025-09-23 10:28:40,492 - __main__ - INFO -    Unique actions in training: 8
2025-09-23 10:28:40,492 - __main__ - INFO -    Total unique actions: 8
2025-09-23 10:28:40,492 - __main__ - INFO -    Action coverage: 6.6%
2025-09-23 10:28:40,492 - __main__ - INFO -    Train action count: 100352
2025-09-23 10:28:40,493 - __main__ - INFO -    Eval action count: 113322
2025-09-23 10:28:40,493 - __main__ - INFO -    Train action entropy: 2.025
2025-09-23 10:28:40,493 - __main__ - INFO -    Eval action entropy: 2.012
2025-09-23 10:28:40,494 - __main__ - INFO -    Top 3 train actions: #2(18202), #1(17235), #3(17006)
2025-09-23 10:28:40,494 - __main__ - INFO -    Top 3 eval actions: #2(20929), #1(20469), #3(19560)
2025-09-23 10:28:42,724 - __main__ - INFO - 📊 Episodes completed this rollout: 6
2025-09-23 10:28:42,725 - __main__ - INFO - 📈 Episode stats: avg return = 0.36, avg length = 236.5
2025-09-23 10:28:42,725 - __main__ - INFO - 🎯 Top 3 training actions: #2(18321), #1(17410), #3(17143)
2025-09-23 10:28:43,718 - __main__ - INFO - 🔄 Synchronized model update at step 101,376
2025-09-23 10:28:43,718 - __main__ - INFO -    HMM interval: 12,000, VAE interval: 12,000
2025-09-23 10:28:43,719 - __main__ - INFO - 🚫 Model training masking: 1176/12288 timesteps masked (9.6%) due to negative rewards (invalid actions)
2025-09-23 10:28:44,079 - __main__ - INFO - 🔄 Capping HMM batch size from 812 to 128 to prevent OOM
2025-09-23 10:28:44,080 - __main__ - INFO - 🔄 HMM refresh starting at step 101,376 with replay size 128x1536
2025-09-23 10:30:12,196 - __main__ - DEBUG - Initial ELBO: -3158.7261
2025-09-23 10:30:12,197 - __main__ - DEBUG - Relative tol: 0.0100
2025-09-23 10:30:12,197 - __main__ - DEBUG - Relative elbo_drop_tol: 0.0100
2025-09-23 10:30:12,197 - __main__ - DEBUG - - Init -503.2037
2025-09-23 10:30:12,197 - __main__ - DEBUG - - Trans -4.5800
2025-09-23 10:30:12,197 - __main__ - DEBUG - - Emit 10627.5228
2025-09-23 10:30:12,197 - __main__ - DEBUG - - Entropy 0.0089
2025-09-23 10:30:12,197 - __main__ - DEBUG - - Dir -26.5746
2025-09-23 10:30:12,198 - __main__ - DEBUG - - NIW -13236.0117
2025-09-23 10:30:12,198 - __main__ - DEBUG - - Beta prior -15.8877
2025-09-23 10:31:40,251 - __main__ - DEBUG - Iter 0: ELBO after FB: -3158.7261 (LL 10119.7480, Δ=0.0000)
2025-09-23 10:31:40,259 - __main__ - DEBUG - Blending stats with ρ_niw=0.0500, ρ_tr=0.0500.
2025-09-23 10:31:40,344 - __main__ - DEBUG - Iter 0: ELBO after NIW update: -797.1226 (Emit LL 13223.5364, NIW term -13470.4219, Δ=2361.6035)
2025-09-23 10:31:40,429 - __main__ - DEBUG - Iter 0: ELBO after Dirichlet update: -797.0948 (Trans LL -4.5946, Dir term -26.5321, Δ=0.0278)
2025-09-23 10:31:40,533 - __main__ - DEBUG - Iter 0: ELBO after β update: -797.6464 (Init LL -503.7212, Dir term -26.5547, logp(β) -15.8993, Δ=-0.5516)
2025-09-23 10:33:09,388 - __main__ - DEBUG - Iter 1: ELBO after FB: -797.6464 (LL 12715.2295, Δ=0.0000)
2025-09-23 10:33:09,389 - __main__ - DEBUG - Blending stats with ρ_niw=0.0500, ρ_tr=0.0500.
2025-09-23 10:33:09,476 - __main__ - DEBUG - Iter 1: ELBO after NIW update: -797.6464 (Emit LL 13223.5364, NIW term -13470.4219, Δ=0.0000)
2025-09-23 10:33:09,562 - __main__ - DEBUG - Iter 1: ELBO after Dirichlet update: -797.7073 (Trans LL -4.5792, Dir term -26.6310, Δ=-0.0609)
2025-09-23 10:33:09,667 - __main__ - DEBUG - Iter 1: ELBO after β update: -798.2523 (Init LL -504.1891, Dir term -26.6996, logp(β) -15.9077, Δ=-0.5450)
2025-09-23 10:34:39,295 - __main__ - DEBUG - Iter 2: ELBO after FB: -798.2523 (LL 12714.7770, Δ=0.0000)
2025-09-23 10:34:39,295 - __main__ - DEBUG - Blending stats with ρ_niw=0.0500, ρ_tr=0.0500.
2025-09-23 10:34:39,381 - __main__ - DEBUG - Iter 2: ELBO after NIW update: -798.2523 (Emit LL 13223.5364, NIW term -13470.4219, Δ=0.0000)
2025-09-23 10:34:39,467 - __main__ - DEBUG - Iter 2: ELBO after Dirichlet update: -798.4653 (Trans LL -4.5660, Dir term -26.9258, Δ=-0.2130)
2025-09-23 10:34:39,571 - __main__ - DEBUG - Iter 2: ELBO after β update: -798.9506 (Init LL -504.5631, Dir term -27.0364, logp(β) -15.9085, Δ=-0.4853)
2025-09-23 10:36:08,814 - __main__ - DEBUG - Iter 3: ELBO after FB: -798.9506 (LL 12714.4162, Δ=0.0000)
2025-09-23 10:36:08,815 - __main__ - DEBUG - Blending stats with ρ_niw=0.0500, ρ_tr=0.0500.
2025-09-23 10:36:08,900 - __main__ - DEBUG - Iter 3: ELBO after NIW update: -798.9506 (Emit LL 13223.5364, NIW term -13470.4219, Δ=0.0000)
2025-09-23 10:36:08,986 - __main__ - DEBUG - Iter 3: ELBO after Dirichlet update: -799.2700 (Trans LL -4.5558, Dir term -27.3660, Δ=-0.3193)
2025-09-23 10:36:09,090 - __main__ - DEBUG - Iter 3: ELBO after β update: -799.4473 (Init LL -504.6701, Dir term -27.4440, logp(β) -15.9010, Δ=-0.1774)
2025-09-23 10:37:38,005 - __main__ - DEBUG - Iter 4: ELBO after FB: -799.4473 (LL 12714.3195, Δ=0.0000)
2025-09-23 10:37:38,006 - __main__ - DEBUG - Blending stats with ρ_niw=0.0500, ρ_tr=0.0500.
2025-09-23 10:37:38,091 - __main__ - DEBUG - Iter 4: ELBO after NIW update: -799.4473 (Emit LL 13223.5364, NIW term -13470.4219, Δ=0.0000)
2025-09-23 10:37:38,176 - __main__ - DEBUG - Iter 4: ELBO after Dirichlet update: -799.8838 (Trans LL -4.5521, Dir term -27.8841, Δ=-0.4365)
2025-09-23 10:37:38,267 - __main__ - DEBUG - Iter 4: ELBO after β update: -799.7787 (Init LL -504.5515, Dir term -27.8990, logp(β) -15.8995, Δ=0.1051)
2025-09-23 10:37:38,269 - __main__ - INFO -    HMM refresh complete: ELBO=-0.2985, iters=0, max iters, states=40
2025-09-23 10:37:38,270 - __main__ - INFO -    ✅ HMM updated (next in 12,000 steps)
2025-09-23 10:37:38,270 - __main__ - INFO - 🔄 VAE refresh starting at step 101,376 with replay size 8x1536
2025-09-23 10:37:38,271 - __main__ - INFO -    Using span sampling (12288 timesteps, too large for full buffer)
2025-09-23 10:38:01,558 - __main__ - INFO -    VAE refresh complete: final_loss=2793.0769, avg_loss=2790.7524, steps=4/4, trend=improving, total_timesteps=12288, span_sampling=32_requested×4_steps, span_len=64
2025-09-23 10:38:01,559 - __main__ - INFO -    ✅ VAE updated (next in 12,000 steps)
2025-09-23 10:38:03,750 - __main__ - INFO - 📊 Episodes completed this rollout: 3
2025-09-23 10:38:03,751 - __main__ - INFO - 📈 Episode stats: avg return = 0.02, avg length = 220.7
2025-09-23 10:38:03,751 - __main__ - INFO - 🎯 Top 3 training actions: #2(18424), #1(17581), #3(17275)
2025-09-23 10:38:06,957 - __main__ - INFO - 📊 Episodes completed this rollout: 7
2025-09-23 10:38:06,958 - __main__ - INFO - 📈 Episode stats: avg return = 0.23, avg length = 218.9
2025-09-23 10:38:06,958 - __main__ - INFO - 🎯 Top 3 training actions: #2(18523), #1(17743), #3(17422)
2025-09-23 10:38:10,144 - __main__ - INFO - 📊 Episodes completed this rollout: 5
2025-09-23 10:38:10,144 - __main__ - INFO - 📈 Episode stats: avg return = 0.61, avg length = 156.0
2025-09-23 10:38:10,144 - __main__ - INFO - 🎯 Top 3 training actions: #2(18623), #1(17907), #3(17554)
2025-09-23 10:38:13,324 - __main__ - INFO - 📊 Episodes completed this rollout: 5
2025-09-23 10:38:13,325 - __main__ - INFO - 📈 Episode stats: avg return = 0.63, avg length = 179.2
2025-09-23 10:38:13,325 - __main__ - INFO - 🎯 Top 3 training actions: #2(18728), #1(18095), #3(17674)
2025-09-23 10:38:16,528 - __main__ - INFO - 📊 Episodes completed this rollout: 4
2025-09-23 10:38:16,529 - __main__ - INFO - 📈 Episode stats: avg return = -0.08, avg length = 250.5
2025-09-23 10:38:16,529 - __main__ - INFO - 🎯 Top 3 training actions: #2(18838), #1(18263), #3(17829)
2025-09-23 10:38:19,730 - __main__ - INFO - 📊 Episodes completed this rollout: 4
2025-09-23 10:38:19,730 - __main__ - INFO - 📈 Episode stats: avg return = -0.07, avg length = 229.0
2025-09-23 10:38:19,730 - __main__ - INFO - 🎯 Top 3 training actions: #2(18928), #1(18459), #3(18011)
2025-09-23 10:38:22,938 - __main__ - INFO - 📊 Episodes completed this rollout: 4
2025-09-23 10:38:22,938 - __main__ - INFO - 📈 Episode stats: avg return = -0.02, avg length = 283.8
2025-09-23 10:38:22,939 - __main__ - INFO - 🎯 Top 3 training actions: #2(19043), #1(18639), #3(18155)
2025-09-23 10:38:26,147 - __main__ - INFO - 📊 Episodes completed this rollout: 7
2025-09-23 10:38:26,147 - __main__ - INFO - 📈 Episode stats: avg return = 0.44, avg length = 152.7
2025-09-23 10:38:26,147 - __main__ - INFO - 🎯 Top 3 training actions: #2(19164), #1(18791), #3(18303)
2025-09-23 10:38:29,355 - __main__ - INFO - 📊 Episodes completed this rollout: 4
2025-09-23 10:38:29,355 - __main__ - INFO - 📈 Episode stats: avg return = -0.32, avg length = 300.0
2025-09-23 10:38:29,355 - __main__ - INFO - 🎯 Top 3 training actions: #2(19278), #1(18955), #3(18462)
2025-09-23 10:38:30,344 - __main__ - INFO - 🧪 Starting evaluation with 50 episodes...
2025-09-23 10:38:30,345 - __main__ - INFO -    Eval seed: 51
2025-09-23 10:38:30,345 - __main__ - INFO -    Max episode steps (eval): env default
2025-09-23 10:38:30,346 - nle.env.base - INFO - Not saving any NLE data.
2025-09-23 10:38:32,478 - __main__ - DEBUG - 🎯 Eval HMM masking: step 200 masked due to negative reward
2025-09-23 10:38:33,510 - __main__ - WARNING - ⚠️ Episode 1 terminated due to step limit.
2025-09-23 10:38:36,797 - __main__ - WARNING - ⚠️ Episode 2 terminated due to step limit.
2025-09-23 10:38:39,127 - __main__ - DEBUG - 🎯 Eval HMM masking: step 200 masked due to negative reward
2025-09-23 10:38:40,161 - __main__ - WARNING - ⚠️ Episode 4 terminated due to step limit.
2025-09-23 10:38:43,434 - __main__ - WARNING - ⚠️ Episode 5 terminated due to step limit.
2025-09-23 10:38:46,693 - __main__ - WARNING - ⚠️ Episode 6 terminated due to step limit.
2025-09-23 10:38:48,938 - __main__ - DEBUG - 🎯 Eval HMM masking: step 200 masked due to negative reward
2025-09-23 10:38:49,963 - __main__ - WARNING - ⚠️ Episode 7 terminated due to step limit.
2025-09-23 10:38:53,244 - __main__ - WARNING - ⚠️ Episode 8 terminated due to step limit.
2025-09-23 10:38:54,983 - __main__ - DEBUG - 🎯 Eval HMM masking: step 150 masked due to negative reward
2025-09-23 10:38:56,531 - __main__ - WARNING - ⚠️ Episode 9 terminated due to step limit.
2025-09-23 10:38:59,814 - __main__ - WARNING - ⚠️ Episode 10 terminated due to step limit.
2025-09-23 10:39:03,115 - __main__ - WARNING - ⚠️ Episode 11 terminated due to step limit.
2025-09-23 10:39:03,818 - __main__ - DEBUG - 🎯 Eval HMM masking: step 50 masked due to negative reward
2025-09-23 10:39:05,383 - __main__ - DEBUG - 🎯 Eval HMM masking: step 200 masked due to negative reward
2025-09-23 10:39:05,900 - __main__ - DEBUG - 🎯 Eval HMM masking: step 250 masked due to negative reward
2025-09-23 10:39:06,412 - __main__ - WARNING - ⚠️ Episode 12 terminated due to step limit.
2025-09-23 10:39:08,118 - __main__ - DEBUG - 🎯 Eval HMM masking: step 150 masked due to negative reward
2025-09-23 10:39:10,742 - __main__ - DEBUG - 🎯 Eval HMM masking: step 150 masked due to negative reward
2025-09-23 10:39:12,286 - __main__ - WARNING - ⚠️ Episode 14 terminated due to step limit.
2025-09-23 10:39:15,572 - __main__ - WARNING - ⚠️ Episode 15 terminated due to step limit.
2025-09-23 10:39:17,294 - __main__ - DEBUG - 🎯 Eval HMM masking: step 150 masked due to negative reward
2025-09-23 10:39:20,663 - __main__ - DEBUG - 🎯 Eval HMM masking: step 200 masked due to negative reward
2025-09-23 10:39:24,560 - __main__ - WARNING - ⚠️ Episode 19 terminated due to step limit.
2025-09-23 10:39:29,255 - __main__ - WARNING - ⚠️ Episode 21 terminated due to step limit.
2025-09-23 10:39:31,509 - __main__ - DEBUG - 🎯 Eval HMM masking: step 200 masked due to negative reward
2025-09-23 10:39:32,542 - __main__ - WARNING - ⚠️ Episode 22 terminated due to step limit.
2025-09-23 10:39:36,460 - __main__ - DEBUG - 🎯 Eval HMM masking: step 150 masked due to negative reward
2025-09-23 10:39:38,014 - __main__ - WARNING - ⚠️ Episode 26 terminated due to step limit.
2025-09-23 10:39:41,290 - __main__ - WARNING - ⚠️ Episode 27 terminated due to step limit.
2025-09-23 10:39:45,107 - __main__ - WARNING - ⚠️ Episode 29 terminated due to step limit.
2025-09-23 10:39:46,327 - __main__ - DEBUG - 🎯 Eval HMM masking: step 100 masked due to negative reward
2025-09-23 10:39:46,847 - __main__ - DEBUG - 🎯 Eval HMM masking: step 150 masked due to negative reward
2025-09-23 10:39:48,388 - __main__ - WARNING - ⚠️ Episode 30 terminated due to step limit.
2025-09-23 10:39:51,657 - __main__ - WARNING - ⚠️ Episode 31 terminated due to step limit.
2025-09-23 10:39:52,873 - __main__ - DEBUG - 🎯 Eval HMM masking: step 100 masked due to negative reward
2025-09-23 10:39:56,533 - __main__ - DEBUG - 🎯 Eval HMM masking: step 50 masked due to negative reward
2025-09-23 10:39:57,571 - __main__ - DEBUG - 🎯 Eval HMM masking: step 150 masked due to negative reward
2025-09-23 10:39:58,614 - __main__ - DEBUG - 🎯 Eval HMM masking: step 250 masked due to negative reward
2025-09-23 10:39:59,128 - __main__ - WARNING - ⚠️ Episode 34 terminated due to step limit.
2025-09-23 10:40:02,411 - __main__ - WARNING - ⚠️ Episode 35 terminated due to step limit.
2025-09-23 10:40:05,137 - __main__ - DEBUG - 🎯 Eval HMM masking: step 50 masked due to negative reward
2025-09-23 10:40:08,916 - __main__ - DEBUG - 🎯 Eval HMM masking: step 100 masked due to negative reward
2025-09-23 10:40:12,708 - __main__ - WARNING - ⚠️ Episode 39 terminated due to step limit.
2025-09-23 10:40:15,995 - __main__ - WARNING - ⚠️ Episode 40 terminated due to step limit.
2025-09-23 10:40:16,696 - __main__ - DEBUG - 🎯 Eval HMM masking: step 50 masked due to negative reward
2025-09-23 10:40:18,257 - __main__ - DEBUG - 🎯 Eval HMM masking: step 200 masked due to negative reward
2025-09-23 10:40:19,282 - __main__ - WARNING - ⚠️ Episode 41 terminated due to step limit.
2025-09-23 10:40:22,570 - __main__ - WARNING - ⚠️ Episode 42 terminated due to step limit.
2025-09-23 10:40:26,297 - __main__ - DEBUG - 🎯 Eval HMM masking: step 150 masked due to negative reward
2025-09-23 10:40:26,815 - __main__ - DEBUG - 🎯 Eval HMM masking: step 200 masked due to negative reward
2025-09-23 10:40:28,848 - __main__ - DEBUG - 🎯 Eval HMM masking: step 100 masked due to negative reward
2025-09-23 10:40:30,917 - __main__ - WARNING - ⚠️ Episode 46 terminated due to step limit.
2025-09-23 10:40:37,012 - __main__ - WARNING - ⚠️ Episode 49 terminated due to step limit.
2025-09-23 10:40:38,304 - __main__ - INFO - 📊 Evaluation Results (Current Round):
2025-09-23 10:40:38,304 - __main__ - INFO -    Episodes: 50
2025-09-23 10:40:38,304 - __main__ - INFO -    Time: 128.0s (2.6s/ep)
2025-09-23 10:40:38,305 - __main__ - INFO -    Average Return: 0.147 ± 0.595
2025-09-23 10:40:38,305 - __main__ - INFO -    Success Rate: 42.0%
2025-09-23 10:40:38,305 - __main__ - INFO -    Average Length: 234.0
2025-09-23 10:40:38,305 - __main__ - INFO -    Average Coverage: 80.2 positions
2025-09-23 10:40:38,305 - __main__ - INFO -    Episode Completions: 21 terminated (42.0%), 29 truncated (58.0%)
2025-09-23 10:40:38,305 - __main__ - INFO - 📈 Total Evaluation Statistics:
2025-09-23 10:40:38,305 - __main__ - INFO -    Total Episodes: 550
2025-09-23 10:40:38,305 - __main__ - INFO -    Total Average Return: 0.087 ± 0.648
2025-09-23 10:40:38,305 - __main__ - INFO -    Total Average Length: 227.3 ± 107.4
2025-09-23 10:40:38,306 - __main__ - INFO -    Total Completions: 212 terminated (38.5%), 338 truncated (61.5%)
2025-09-23 10:40:38,306 - __main__ - INFO -    Skill Entropy: 0.001
2025-09-23 10:40:38,306 - __main__ - INFO -    Used Skills: 1.0
2025-09-23 10:40:38,306 - __main__ - INFO -    Effective K: 1.00
2025-09-23 10:40:38,306 - __main__ - INFO - 🎯 Action Usage Statistics:
2025-09-23 10:40:38,306 - __main__ - INFO -    Unique actions in evaluation: 8
2025-09-23 10:40:38,306 - __main__ - INFO -    Unique actions in training: 8
2025-09-23 10:40:38,307 - __main__ - INFO -    Total unique actions: 8
2025-09-23 10:40:38,307 - __main__ - INFO -    Action coverage: 6.6%
2025-09-23 10:40:38,307 - __main__ - INFO -    Train action count: 110592
2025-09-23 10:40:38,307 - __main__ - INFO -    Eval action count: 125020
2025-09-23 10:40:38,307 - __main__ - INFO -    Train action entropy: 2.033
2025-09-23 10:40:38,308 - __main__ - INFO -    Eval action entropy: 2.022
2025-09-23 10:40:38,308 - __main__ - INFO -    Top 3 train actions: #2(19278), #1(18955), #3(18462)
2025-09-23 10:40:38,308 - __main__ - INFO -    Top 3 eval actions: #1(22381), #2(22269), #3(21182)
2025-09-23 10:40:40,494 - __main__ - INFO - 📊 Episodes completed this rollout: 2
2025-09-23 10:40:40,495 - __main__ - INFO - 📈 Episode stats: avg return = -0.17, avg length = 300.0
2025-09-23 10:40:40,495 - __main__ - INFO - 🎯 Top 3 training actions: #2(19405), #1(19112), #3(18606)
2025-09-23 10:40:43,686 - __main__ - INFO - 📊 Episodes completed this rollout: 9
2025-09-23 10:40:43,687 - __main__ - INFO - 📈 Episode stats: avg return = 0.67, avg length = 186.3
2025-09-23 10:40:43,687 - __main__ - INFO - 🎯 Top 3 training actions: #2(19508), #1(19279), #3(18741)
2025-09-23 10:40:46,862 - __main__ - INFO - 📊 Episodes completed this rollout: 2
2025-09-23 10:40:46,862 - __main__ - INFO - 📈 Episode stats: avg return = -0.25, avg length = 300.0
2025-09-23 10:40:46,863 - __main__ - INFO - 🎯 Top 3 training actions: #2(19624), #1(19464), #3(18882)
2025-09-23 10:40:47,853 - __main__ - INFO - 🔄 Synchronized model update at step 113,664
2025-09-23 10:40:47,853 - __main__ - INFO -    HMM interval: 12,000, VAE interval: 12,000
2025-09-23 10:40:47,854 - __main__ - INFO - 🚫 Model training masking: 984/12288 timesteps masked (8.0%) due to negative rewards (invalid actions)
2025-09-23 10:40:48,204 - __main__ - INFO - 🔄 Capping HMM batch size from 631 to 128 to prevent OOM
2025-09-23 10:40:48,204 - __main__ - INFO - 🔄 HMM refresh starting at step 113,664 with replay size 128x107
2025-09-23 10:40:54,356 - __main__ - DEBUG - Initial ELBO: 4377.8077
2025-09-23 10:40:54,362 - __main__ - DEBUG - Relative tol: 0.0100
2025-09-23 10:40:54,362 - __main__ - DEBUG - Relative elbo_drop_tol: 0.0100
2025-09-23 10:40:54,362 - __main__ - DEBUG - - Init -503.7212
2025-09-23 10:40:54,362 - __main__ - DEBUG - - Trans -6.2695
2025-09-23 10:40:54,362 - __main__ - DEBUG - - Emit 18400.6736
2025-09-23 10:40:54,362 - __main__ - DEBUG - - Entropy 0.0006
2025-09-23 10:40:54,363 - __main__ - DEBUG - - Dir -26.5547
2025-09-23 10:40:54,363 - __main__ - DEBUG - - NIW -13470.4219
2025-09-23 10:40:54,363 - __main__ - DEBUG - - Beta prior -15.8993
2025-09-23 10:41:00,976 - __main__ - DEBUG - Iter 0: ELBO after FB: 4377.8077 (LL 17890.6835, Δ=0.0000)
2025-09-23 10:41:00,977 - __main__ - DEBUG - Blending stats with ρ_niw=0.0500, ρ_tr=0.0500.
2025-09-23 10:41:01,026 - __main__ - DEBUG - Iter 0: ELBO after NIW update: 8268.9697 (Emit LL 22709.7565, NIW term -13888.3428, Δ=3891.1620)
2025-09-23 10:41:01,077 - __main__ - DEBUG - Iter 0: ELBO after Dirichlet update: 8269.0013 (Trans LL -6.1824, Dir term -26.6102, Δ=0.0316)
2025-09-23 10:41:01,143 - __main__ - DEBUG - Iter 0: ELBO after β update: 8268.4418 (Init LL -504.2343, Dir term -26.6448, logp(β) -15.9110, Δ=-0.5595)
2025-09-23 10:41:07,738 - __main__ - DEBUG - Iter 1: ELBO after FB: 8268.4418 (LL 22199.3404, Δ=0.0000)
2025-09-23 10:41:07,739 - __main__ - DEBUG - Blending stats with ρ_niw=0.0500, ρ_tr=0.0500.
2025-09-23 10:41:07,790 - __main__ - DEBUG - Iter 1: ELBO after NIW update: 8268.4418 (Emit LL 22709.7565, NIW term -13888.3428, Δ=0.0000)
2025-09-23 10:41:07,840 - __main__ - DEBUG - Iter 1: ELBO after Dirichlet update: 8268.3815 (Trans LL -6.1624, Dir term -26.7251, Δ=-0.0603)
2025-09-23 10:41:07,908 - __main__ - DEBUG - Iter 1: ELBO after β update: 8267.8658 (Init LL -504.6913, Dir term -26.7761, logp(β) -15.9187, Δ=-0.5157)
2025-09-23 10:41:14,433 - __main__ - DEBUG - Iter 2: ELBO after FB: 8267.8658 (LL 22198.9034, Δ=0.0000)
2025-09-23 10:41:14,434 - __main__ - DEBUG - Blending stats with ρ_niw=0.0500, ρ_tr=0.0500.
2025-09-23 10:41:14,492 - __main__ - DEBUG - Iter 2: ELBO after NIW update: 8267.8658 (Emit LL 22709.7565, NIW term -13888.3428, Δ=0.0000)
2025-09-23 10:41:14,542 - __main__ - DEBUG - Iter 2: ELBO after Dirichlet update: 8267.6695 (Trans LL -6.1463, Dir term -26.9884, Δ=-0.1963)
2025-09-23 10:41:14,611 - __main__ - DEBUG - Iter 2: ELBO after β update: 8267.2216 (Init LL -505.0414, Dir term -27.0862, logp(β) -15.9188, Δ=-0.4479)
2025-09-23 10:41:21,176 - __main__ - DEBUG - Iter 3: ELBO after FB: 8267.2216 (LL 22198.5693, Δ=0.0000)
2025-09-23 10:41:21,176 - __main__ - DEBUG - Blending stats with ρ_niw=0.0500, ρ_tr=0.0500.
2025-09-23 10:41:21,227 - __main__ - DEBUG - Iter 3: ELBO after NIW update: 8267.2216 (Emit LL 22709.7565, NIW term -13888.3428, Δ=0.0000)
2025-09-23 10:41:21,278 - __main__ - DEBUG - Iter 3: ELBO after Dirichlet update: 8266.8915 (Trans LL -6.1323, Dir term -27.4303, Δ=-0.3301)
2025-09-23 10:41:21,333 - __main__ - DEBUG - Iter 3: ELBO after β update: 8266.9880 (Init LL -504.9423, Dir term -27.4341, logp(β) -15.9176, Δ=0.0966)
2025-09-23 10:41:27,899 - __main__ - DEBUG - Iter 4: ELBO after FB: 8266.9880 (LL 22198.6825, Δ=0.0000)
2025-09-23 10:41:27,900 - __main__ - DEBUG - Blending stats with ρ_niw=0.0500, ρ_tr=0.0500.
2025-09-23 10:41:27,950 - __main__ - DEBUG - Iter 4: ELBO after NIW update: 8266.9880 (Emit LL 22709.7565, NIW term -13888.3428, Δ=0.0000)
2025-09-23 10:41:28,001 - __main__ - DEBUG - Iter 4: ELBO after Dirichlet update: 8266.9167 (Trans LL -6.1363, Dir term -27.5015, Δ=-0.0714)
2025-09-23 10:41:28,064 - __main__ - DEBUG - Iter 4: ELBO after β update: 8266.6892 (Init LL -505.0934, Dir term -27.5832, logp(β) -15.9121, Δ=-0.2274)
2025-09-23 10:41:28,066 - __main__ - INFO -    HMM refresh complete: ELBO=5.8617, iters=0, max iters, states=40
2025-09-23 10:41:28,066 - __main__ - INFO -    ✅ HMM updated (next in 12,000 steps)
2025-09-23 10:41:28,067 - __main__ - INFO - 🔄 VAE refresh starting at step 113,664 with replay size 8x1536
2025-09-23 10:41:28,068 - __main__ - INFO -    Using span sampling (12288 timesteps, too large for full buffer)
2025-09-23 10:41:51,695 - __main__ - INFO -    VAE refresh complete: final_loss=2766.3843, avg_loss=2772.2814, steps=4/4, trend=improving, total_timesteps=12288, span_sampling=32_requested×4_steps, span_len=64
2025-09-23 10:41:51,696 - __main__ - INFO -    ✅ VAE updated (next in 12,000 steps)
2025-09-23 10:41:53,903 - __main__ - INFO - 📊 Episodes completed this rollout: 4
2025-09-23 10:41:53,903 - __main__ - INFO - 📈 Episode stats: avg return = 0.33, avg length = 204.5
2025-09-23 10:41:53,904 - __main__ - INFO - 🎯 Top 3 training actions: #2(19749), #1(19618), #3(19043)
2025-09-23 10:41:57,086 - __main__ - INFO - 📊 Episodes completed this rollout: 5
2025-09-23 10:41:57,087 - __main__ - INFO - 📈 Episode stats: avg return = -0.01, avg length = 249.0
2025-09-23 10:41:57,087 - __main__ - INFO - 🎯 Top 3 training actions: #2(19878), #1(19776), #3(19221)
2025-09-23 10:42:00,258 - __main__ - INFO - 📊 Episodes completed this rollout: 2
2025-09-23 10:42:00,258 - __main__ - INFO - 📈 Episode stats: avg return = -0.20, avg length = 300.0
2025-09-23 10:42:00,259 - __main__ - INFO - 🎯 Top 3 training actions: #2(19982), #1(19941), #3(19410)
2025-09-23 10:42:03,486 - __main__ - INFO - 📊 Episodes completed this rollout: 8
2025-09-23 10:42:03,487 - __main__ - INFO - 📈 Episode stats: avg return = 0.32, avg length = 213.4
2025-09-23 10:42:03,487 - __main__ - INFO - 🎯 Top 3 training actions: #2(20094), #1(20088), #3(19579)
2025-09-23 10:42:06,666 - __main__ - INFO - 📊 Episodes completed this rollout: 1
2025-09-23 10:42:06,666 - __main__ - INFO - 📈 Episode stats: avg return = 0.71, avg length = 268.0
2025-09-23 10:42:06,666 - __main__ - INFO - 🎯 Top 3 training actions: #1(20274), #2(20207), #3(19735)
2025-09-23 10:42:09,889 - __main__ - INFO - 📊 Episodes completed this rollout: 7
2025-09-23 10:42:09,889 - __main__ - INFO - 📈 Episode stats: avg return = -0.15, avg length = 281.6
2025-09-23 10:42:09,890 - __main__ - INFO - 🎯 Top 3 training actions: #1(20450), #2(20325), #3(19895)
2025-09-23 10:42:13,053 - __main__ - INFO - 📊 Episodes completed this rollout: 3
2025-09-23 10:42:13,054 - __main__ - INFO - 📈 Episode stats: avg return = 0.36, avg length = 168.0
2025-09-23 10:42:13,054 - __main__ - INFO - 🎯 Top 3 training actions: #1(20595), #2(20440), #3(20079)
2025-09-23 10:42:14,046 - __main__ - INFO - 🧪 Starting evaluation with 50 episodes...
2025-09-23 10:42:14,046 - __main__ - INFO -    Eval seed: 51
2025-09-23 10:42:14,046 - __main__ - INFO -    Max episode steps (eval): env default
2025-09-23 10:42:14,047 - nle.env.base - INFO - Not saving any NLE data.
2025-09-23 10:42:15,642 - __main__ - DEBUG - 🎯 Eval HMM masking: step 150 masked due to negative reward
2025-09-23 10:42:16,159 - __main__ - DEBUG - 🎯 Eval HMM masking: step 200 masked due to negative reward
2025-09-23 10:42:17,186 - __main__ - WARNING - ⚠️ Episode 1 terminated due to step limit.
2025-09-23 10:42:19,166 - __main__ - DEBUG - 🎯 Eval HMM masking: step 150 masked due to negative reward
2025-09-23 10:42:20,725 - __main__ - WARNING - ⚠️ Episode 3 terminated due to step limit.
2025-09-23 10:42:29,531 - __main__ - DEBUG - 🎯 Eval HMM masking: step 200 masked due to negative reward
2025-09-23 10:42:30,564 - __main__ - WARNING - ⚠️ Episode 8 terminated due to step limit.
2025-09-23 10:42:33,887 - __main__ - WARNING - ⚠️ Episode 9 terminated due to step limit.
2025-09-23 10:42:34,589 - __main__ - DEBUG - 🎯 Eval HMM masking: step 50 masked due to negative reward
2025-09-23 10:42:35,117 - __main__ - DEBUG - 🎯 Eval HMM masking: step 100 masked due to negative reward
2025-09-23 10:42:37,209 - __main__ - WARNING - ⚠️ Episode 10 terminated due to step limit.
2025-09-23 10:42:37,915 - __main__ - DEBUG - 🎯 Eval HMM masking: step 50 masked due to negative reward
2025-09-23 10:42:39,864 - __main__ - DEBUG - 🎯 Eval HMM masking: step 100 masked due to negative reward
2025-09-23 10:42:40,387 - __main__ - DEBUG - 🎯 Eval HMM masking: step 150 masked due to negative reward
2025-09-23 10:42:41,433 - __main__ - DEBUG - 🎯 Eval HMM masking: step 250 masked due to negative reward
2025-09-23 10:42:41,947 - __main__ - WARNING - ⚠️ Episode 12 terminated due to step limit.
2025-09-23 10:42:45,275 - __main__ - WARNING - ⚠️ Episode 13 terminated due to step limit.
2025-09-23 10:42:48,572 - __main__ - WARNING - ⚠️ Episode 14 terminated due to step limit.
2025-09-23 10:42:53,653 - __main__ - WARNING - ⚠️ Episode 16 terminated due to step limit.
2025-09-23 10:42:56,935 - __main__ - WARNING - ⚠️ Episode 17 terminated due to step limit.
2025-09-23 10:42:59,711 - __main__ - DEBUG - 🎯 Eval HMM masking: step 250 masked due to negative reward
2025-09-23 10:43:00,225 - __main__ - WARNING - ⚠️ Episode 18 terminated due to step limit.
2025-09-23 10:43:12,795 - __main__ - WARNING - ⚠️ Episode 24 terminated due to step limit.
2025-09-23 10:43:16,744 - __main__ - WARNING - ⚠️ Episode 26 terminated due to step limit.
2025-09-23 10:43:20,067 - __main__ - WARNING - ⚠️ Episode 27 terminated due to step limit.
2025-09-23 10:43:23,402 - __main__ - WARNING - ⚠️ Episode 28 terminated due to step limit.
2025-09-23 10:43:25,677 - __main__ - DEBUG - 🎯 Eval HMM masking: step 200 masked due to negative reward
2025-09-23 10:43:26,712 - __main__ - WARNING - ⚠️ Episode 29 terminated due to step limit.
2025-09-23 10:43:29,540 - __main__ - DEBUG - 🎯 Eval HMM masking: step 250 masked due to negative reward
2025-09-23 10:43:30,059 - __main__ - WARNING - ⚠️ Episode 30 terminated due to step limit.
2025-09-23 10:43:33,365 - __main__ - WARNING - ⚠️ Episode 31 terminated due to step limit.
2025-09-23 10:43:36,688 - __main__ - WARNING - ⚠️ Episode 32 terminated due to step limit.
2025-09-23 10:43:40,873 - __main__ - WARNING - ⚠️ Episode 35 terminated due to step limit.
2025-09-23 10:43:41,580 - __main__ - DEBUG - 🎯 Eval HMM masking: step 50 masked due to negative reward
2025-09-23 10:43:43,162 - __main__ - DEBUG - 🎯 Eval HMM masking: step 200 masked due to negative reward
2025-09-23 10:43:44,227 - __main__ - WARNING - ⚠️ Episode 36 terminated due to step limit.
2025-09-23 10:43:45,459 - __main__ - DEBUG - 🎯 Eval HMM masking: step 100 masked due to negative reward
2025-09-23 10:43:47,553 - __main__ - WARNING - ⚠️ Episode 37 terminated due to step limit.
2025-09-23 10:43:50,865 - __main__ - WARNING - ⚠️ Episode 38 terminated due to step limit.
2025-09-23 10:43:52,096 - __main__ - DEBUG - 🎯 Eval HMM masking: step 100 masked due to negative reward
2025-09-23 10:43:53,152 - __main__ - DEBUG - 🎯 Eval HMM masking: step 200 masked due to negative reward
2025-09-23 10:43:54,193 - __main__ - WARNING - ⚠️ Episode 39 terminated due to step limit.
2025-09-23 10:43:56,445 - __main__ - DEBUG - 🎯 Eval HMM masking: step 200 masked due to negative reward
2025-09-23 10:43:57,487 - __main__ - WARNING - ⚠️ Episode 40 terminated due to step limit.
2025-09-23 10:43:59,888 - __main__ - DEBUG - 🎯 Eval HMM masking: step 50 masked due to negative reward
2025-09-23 10:44:01,493 - __main__ - DEBUG - 🎯 Eval HMM masking: step 200 masked due to negative reward
2025-09-23 10:44:05,825 - __main__ - WARNING - ⚠️ Episode 43 terminated due to step limit.
2025-09-23 10:44:09,132 - __main__ - WARNING - ⚠️ Episode 44 terminated due to step limit.
2025-09-23 10:44:10,362 - __main__ - DEBUG - 🎯 Eval HMM masking: step 100 masked due to negative reward
2025-09-23 10:44:10,887 - __main__ - DEBUG - 🎯 Eval HMM masking: step 150 masked due to negative reward
2025-09-23 10:44:11,411 - __main__ - DEBUG - 🎯 Eval HMM masking: step 200 masked due to negative reward
2025-09-23 10:44:12,449 - __main__ - WARNING - ⚠️ Episode 45 terminated due to step limit.
2025-09-23 10:44:13,673 - __main__ - DEBUG - 🎯 Eval HMM masking: step 100 masked due to negative reward
2025-09-23 10:44:15,768 - __main__ - WARNING - ⚠️ Episode 46 terminated due to step limit.
2025-09-23 10:44:19,069 - __main__ - WARNING - ⚠️ Episode 47 terminated due to step limit.
2025-09-23 10:44:20,608 - __main__ - DEBUG - 🎯 Eval HMM masking: step 100 masked due to negative reward
2025-09-23 10:44:24,518 - __main__ - WARNING - ⚠️ Episode 50 terminated due to step limit.
2025-09-23 10:44:24,686 - __main__ - INFO - 📊 Evaluation Results (Current Round):
2025-09-23 10:44:24,686 - __main__ - INFO -    Episodes: 50
2025-09-23 10:44:24,686 - __main__ - INFO -    Time: 130.6s (2.6s/ep)
2025-09-23 10:44:24,687 - __main__ - INFO -    Average Return: 0.115 ± 0.581
2025-09-23 10:44:24,687 - __main__ - INFO -    Success Rate: 38.0%
2025-09-23 10:44:24,687 - __main__ - INFO -    Average Length: 236.6
2025-09-23 10:44:24,687 - __main__ - INFO -    Average Coverage: 78.5 positions
2025-09-23 10:44:24,687 - __main__ - INFO -    Episode Completions: 19 terminated (38.0%), 31 truncated (62.0%)
2025-09-23 10:44:24,687 - __main__ - INFO - 📈 Total Evaluation Statistics:
2025-09-23 10:44:24,687 - __main__ - INFO -    Total Episodes: 600
2025-09-23 10:44:24,687 - __main__ - INFO -    Total Average Return: 0.090 ± 0.642
2025-09-23 10:44:24,688 - __main__ - INFO -    Total Average Length: 228.1 ± 106.8
2025-09-23 10:44:24,688 - __main__ - INFO -    Total Completions: 231 terminated (38.5%), 369 truncated (61.5%)
2025-09-23 10:44:24,688 - __main__ - INFO -    Skill Entropy: 0.001
2025-09-23 10:44:24,688 - __main__ - INFO -    Used Skills: 1.0
2025-09-23 10:44:24,688 - __main__ - INFO -    Effective K: 1.00
2025-09-23 10:44:24,688 - __main__ - INFO - 🎯 Action Usage Statistics:
2025-09-23 10:44:24,688 - __main__ - INFO -    Unique actions in evaluation: 8
2025-09-23 10:44:24,688 - __main__ - INFO -    Unique actions in training: 8
2025-09-23 10:44:24,688 - __main__ - INFO -    Total unique actions: 8
2025-09-23 10:44:24,688 - __main__ - INFO -    Action coverage: 6.6%
2025-09-23 10:44:24,689 - __main__ - INFO -    Train action count: 120832
2025-09-23 10:44:24,689 - __main__ - INFO -    Eval action count: 136849
2025-09-23 10:44:24,689 - __main__ - INFO -    Train action entropy: 2.038
2025-09-23 10:44:24,690 - __main__ - INFO -    Eval action entropy: 2.029
2025-09-23 10:44:24,690 - __main__ - INFO -    Top 3 train actions: #1(20595), #2(20440), #3(20079)
2025-09-23 10:44:24,690 - __main__ - INFO -    Top 3 eval actions: #1(24231), #2(23610), #3(23021)
2025-09-23 10:44:26,943 - __main__ - INFO - 📊 Episodes completed this rollout: 4
2025-09-23 10:44:26,944 - __main__ - INFO - 📈 Episode stats: avg return = 0.01, avg length = 296.8
2025-09-23 10:44:26,944 - __main__ - INFO - 🎯 Top 3 training actions: #1(20746), #2(20569), #3(20234)
2025-09-23 10:44:30,188 - __main__ - INFO - 📊 Episodes completed this rollout: 5
2025-09-23 10:44:30,188 - __main__ - INFO - 📈 Episode stats: avg return = 0.17, avg length = 232.8
2025-09-23 10:44:30,189 - __main__ - INFO - 🎯 Top 3 training actions: #1(20905), #2(20695), #3(20383)
2025-09-23 10:44:33,357 - __main__ - INFO - 📊 Episodes completed this rollout: 5
2025-09-23 10:44:33,357 - __main__ - INFO - 📈 Episode stats: avg return = 0.59, avg length = 149.2
2025-09-23 10:44:33,358 - __main__ - INFO - 🎯 Top 3 training actions: #1(21077), #2(20817), #3(20518)
2025-09-23 10:44:36,550 - __main__ - INFO - 📊 Episodes completed this rollout: 6
2025-09-23 10:44:36,550 - __main__ - INFO - 📈 Episode stats: avg return = 0.07, avg length = 228.3
2025-09-23 10:44:36,550 - __main__ - INFO - 🎯 Top 3 training actions: #1(21217), #2(20917), #3(20684)
2025-09-23 10:44:39,704 - __main__ - INFO - 📊 Episodes completed this rollout: 2
2025-09-23 10:44:39,705 - __main__ - INFO - 📈 Episode stats: avg return = 0.25, avg length = 196.0
2025-09-23 10:44:39,705 - __main__ - INFO - 🎯 Top 3 training actions: #1(21367), #2(21060), #3(20843)
2025-09-23 10:44:40,701 - __main__ - INFO - 🔄 Synchronized model update at step 125,952
2025-09-23 10:44:40,701 - __main__ - INFO -    HMM interval: 12,000, VAE interval: 12,000
2025-09-23 10:44:40,702 - __main__ - INFO - 🚫 Model training masking: 1320/12288 timesteps masked (10.7%) due to negative rewards (invalid actions)
2025-09-23 10:44:41,050 - __main__ - INFO - 🔄 Capping HMM batch size from 740 to 128 to prevent OOM
2025-09-23 10:44:41,051 - __main__ - INFO - 🔄 HMM refresh starting at step 125,952 with replay size 128x94
2025-09-23 10:44:46,496 - __main__ - DEBUG - Initial ELBO: 4294.2812
2025-09-23 10:44:46,498 - __main__ - DEBUG - Relative tol: 0.0100
2025-09-23 10:44:46,498 - __main__ - DEBUG - Relative elbo_drop_tol: 0.0100
2025-09-23 10:44:46,499 - __main__ - DEBUG - - Init -504.2343
2025-09-23 10:44:46,499 - __main__ - DEBUG - - Trans -4.8841
2025-09-23 10:44:46,499 - __main__ - DEBUG - - Emit 18734.2977
2025-09-23 10:44:46,499 - __main__ - DEBUG - - Entropy 0.0005
2025-09-23 10:44:46,499 - __main__ - DEBUG - - Dir -26.6448
2025-09-23 10:44:46,499 - __main__ - DEBUG - - NIW -13888.3428
2025-09-23 10:44:46,499 - __main__ - DEBUG - - Beta prior -15.9110
2025-09-23 10:44:52,353 - __main__ - DEBUG - Iter 0: ELBO after FB: 4294.2812 (LL 18225.1798, Δ=0.0000)
2025-09-23 10:44:52,354 - __main__ - DEBUG - Blending stats with ρ_niw=0.0500, ρ_tr=0.0500.
2025-09-23 10:44:52,405 - __main__ - DEBUG - Iter 0: ELBO after NIW update: 6490.5780 (Emit LL 21223.8913, NIW term -14181.6396, Δ=2196.2968)
2025-09-23 10:44:52,455 - __main__ - DEBUG - Iter 0: ELBO after Dirichlet update: 6490.6123 (Trans LL -4.8857, Dir term -26.6089, Δ=0.0343)
2025-09-23 10:44:52,522 - __main__ - DEBUG - Iter 0: ELBO after β update: 6490.0710 (Init LL -504.7400, Dir term -26.6326, logp(β) -15.9230, Δ=-0.5413)
2025-09-23 10:44:58,380 - __main__ - DEBUG - Iter 1: ELBO after FB: 6490.0710 (LL 20714.2662, Δ=0.0000)
2025-09-23 10:44:58,380 - __main__ - DEBUG - Blending stats with ρ_niw=0.0500, ρ_tr=0.0500.
2025-09-23 10:44:58,430 - __main__ - DEBUG - Iter 1: ELBO after NIW update: 6490.0710 (Emit LL 21223.8913, NIW term -14181.6396, Δ=0.0000)
2025-09-23 10:44:58,481 - __main__ - DEBUG - Iter 1: ELBO after Dirichlet update: 6489.9862 (Trans LL -4.8698, Dir term -26.7332, Δ=-0.0848)
2025-09-23 10:44:58,548 - __main__ - DEBUG - Iter 1: ELBO after β update: 6489.4737 (Init LL -505.1817, Dir term -26.7974, logp(β) -15.9295, Δ=-0.5125)
2025-09-23 10:45:04,381 - __main__ - DEBUG - Iter 2: ELBO after FB: 6489.4737 (LL 20713.8403, Δ=0.0000)
2025-09-23 10:45:04,382 - __main__ - DEBUG - Blending stats with ρ_niw=0.0500, ρ_tr=0.0500.
2025-09-23 10:45:04,431 - __main__ - DEBUG - Iter 2: ELBO after NIW update: 6489.4737 (Emit LL 21223.8913, NIW term -14181.6396, Δ=0.0000)
2025-09-23 10:45:04,480 - __main__ - DEBUG - Iter 2: ELBO after Dirichlet update: 6489.2723 (Trans LL -4.8572, Dir term -27.0115, Δ=-0.2014)
2025-09-23 10:45:04,547 - __main__ - DEBUG - Iter 2: ELBO after β update: 6488.8611 (Init LL -505.5078, Dir term -27.0972, logp(β) -15.9290, Δ=-0.4112)
2025-09-23 10:45:10,340 - __main__ - DEBUG - Iter 3: ELBO after FB: 6488.8611 (LL 20713.5269, Δ=0.0000)
2025-09-23 10:45:10,341 - __main__ - DEBUG - Blending stats with ρ_niw=0.0500, ρ_tr=0.0500.
2025-09-23 10:45:10,390 - __main__ - DEBUG - Iter 3: ELBO after NIW update: 6488.8611 (Emit LL 21223.8913, NIW term -14181.6396, Δ=0.0000)
2025-09-23 10:45:10,439 - __main__ - DEBUG - Iter 3: ELBO after Dirichlet update: 6488.5250 (Trans LL -4.8469, Dir term -27.4435, Δ=-0.3361)
2025-09-23 10:45:10,502 - __main__ - DEBUG - Iter 3: ELBO after β update: 6488.3540 (Init LL -505.5963, Dir term -27.5322, logp(β) -15.9230, Δ=-0.1710)
2025-09-23 10:45:16,259 - __main__ - DEBUG - Iter 4: ELBO after FB: 6488.3540 (LL 20713.4487, Δ=0.0000)
2025-09-23 10:45:16,260 - __main__ - DEBUG - Blending stats with ρ_niw=0.0500, ρ_tr=0.0500.
2025-09-23 10:45:16,310 - __main__ - DEBUG - Iter 4: ELBO after NIW update: 6488.3540 (Emit LL 21223.8913, NIW term -14181.6396, Δ=0.0000)
2025-09-23 10:45:16,359 - __main__ - DEBUG - Iter 4: ELBO after Dirichlet update: 6487.9665 (Trans LL -4.8445, Dir term -27.9220, Δ=-0.3875)
2025-09-23 10:45:16,420 - __main__ - DEBUG - Iter 4: ELBO after β update: 6487.9186 (Init LL -505.5971, Dir term -27.9731, logp(β) -15.9188, Δ=-0.0479)
2025-09-23 10:45:16,422 - __main__ - INFO -    HMM refresh complete: ELBO=19.5802, iters=0, max iters, states=40
2025-09-23 10:45:16,422 - __main__ - INFO -    ✅ HMM updated (next in 12,000 steps)
2025-09-23 10:45:16,423 - __main__ - INFO - 🔄 VAE refresh starting at step 125,952 with replay size 8x1536
2025-09-23 10:45:16,423 - __main__ - INFO -    Using span sampling (12288 timesteps, too large for full buffer)
2025-09-23 10:45:39,565 - __main__ - INFO -    VAE refresh complete: final_loss=2762.1562, avg_loss=2763.0684, steps=4/4, trend=improving, total_timesteps=12288, span_sampling=32_requested×4_steps, span_len=64
2025-09-23 10:45:39,567 - __main__ - INFO -    ✅ VAE updated (next in 12,000 steps)
2025-09-23 10:45:41,771 - __main__ - INFO - 📊 Episodes completed this rollout: 5
2025-09-23 10:45:41,771 - __main__ - INFO - 📈 Episode stats: avg return = 0.33, avg length = 257.6
2025-09-23 10:45:41,772 - __main__ - INFO - 🎯 Top 3 training actions: #1(21509), #2(21170), #3(21021)
2025-09-23 10:45:44,969 - __main__ - INFO - 📊 Episodes completed this rollout: 5
2025-09-23 10:45:44,969 - __main__ - INFO - 📈 Episode stats: avg return = 0.24, avg length = 209.0
2025-09-23 10:45:44,970 - __main__ - INFO - 🎯 Top 3 training actions: #1(21654), #2(21292), #3(21215)
2025-09-23 10:45:48,178 - __main__ - INFO - 📊 Episodes completed this rollout: 5
2025-09-23 10:45:48,178 - __main__ - INFO - 📈 Episode stats: avg return = -0.08, avg length = 277.8
2025-09-23 10:45:48,179 - __main__ - INFO - 🎯 Top 3 training actions: #1(21790), #2(21419), #3(21379)
2025-09-23 10:45:51,341 - __main__ - INFO - 📊 Episodes completed this rollout: 4
2025-09-23 10:45:51,342 - __main__ - INFO - 📈 Episode stats: avg return = 0.64, avg length = 121.5
2025-09-23 10:45:51,342 - __main__ - INFO - 🎯 Top 3 training actions: #1(21932), #3(21554), #2(21539)
2025-09-23 10:45:52,336 - __main__ - INFO - 🧪 Starting evaluation with 50 episodes...
2025-09-23 10:45:52,336 - __main__ - INFO -    Eval seed: 51
2025-09-23 10:45:52,336 - __main__ - INFO -    Max episode steps (eval): env default
2025-09-23 10:45:52,337 - nle.env.base - INFO - Not saving any NLE data.
2025-09-23 10:45:53,950 - __main__ - DEBUG - 🎯 Eval HMM masking: step 150 masked due to negative reward
2025-09-23 10:45:55,523 - __main__ - WARNING - ⚠️ Episode 1 terminated due to step limit.
2025-09-23 10:45:58,872 - __main__ - WARNING - ⚠️ Episode 2 terminated due to step limit.
2025-09-23 10:46:04,256 - __main__ - WARNING - ⚠️ Episode 4 terminated due to step limit.
2025-09-23 10:46:05,099 - __main__ - DEBUG - 🎯 Eval HMM masking: step 50 masked due to negative reward
2025-09-23 10:46:07,724 - __main__ - WARNING - ⚠️ Episode 6 terminated due to step limit.
2025-09-23 10:46:11,044 - __main__ - WARNING - ⚠️ Episode 7 terminated due to step limit.
2025-09-23 10:46:14,340 - __main__ - WARNING - ⚠️ Episode 8 terminated due to step limit.
2025-09-23 10:46:16,083 - __main__ - DEBUG - 🎯 Eval HMM masking: step 150 masked due to negative reward
2025-09-23 10:46:17,133 - __main__ - DEBUG - 🎯 Eval HMM masking: step 250 masked due to negative reward
2025-09-23 10:46:22,274 - __main__ - WARNING - ⚠️ Episode 11 terminated due to step limit.
2025-09-23 10:46:28,759 - __main__ - DEBUG - 🎯 Eval HMM masking: step 250 masked due to negative reward
2025-09-23 10:46:29,270 - __main__ - WARNING - ⚠️ Episode 14 terminated due to step limit.
2025-09-23 10:46:31,021 - __main__ - DEBUG - 🎯 Eval HMM masking: step 100 masked due to negative reward
2025-09-23 10:46:33,120 - __main__ - WARNING - ⚠️ Episode 16 terminated due to step limit.
2025-09-23 10:46:34,902 - __main__ - DEBUG - 🎯 Eval HMM masking: step 50 masked due to negative reward
2025-09-23 10:46:41,033 - __main__ - DEBUG - 🎯 Eval HMM masking: step 150 masked due to negative reward
2025-09-23 10:46:42,081 - __main__ - DEBUG - 🎯 Eval HMM masking: step 250 masked due to negative reward
2025-09-23 10:46:42,599 - __main__ - WARNING - ⚠️ Episode 20 terminated due to step limit.
2025-09-23 10:46:45,932 - __main__ - WARNING - ⚠️ Episode 21 terminated due to step limit.
2025-09-23 10:46:48,203 - __main__ - DEBUG - 🎯 Eval HMM masking: step 200 masked due to negative reward
2025-09-23 10:46:49,244 - __main__ - WARNING - ⚠️ Episode 22 terminated due to step limit.
2025-09-23 10:46:52,557 - __main__ - WARNING - ⚠️ Episode 23 terminated due to step limit.
2025-09-23 10:46:58,925 - __main__ - WARNING - ⚠️ Episode 27 terminated due to step limit.
2025-09-23 10:47:01,191 - __main__ - DEBUG - 🎯 Eval HMM masking: step 200 masked due to negative reward
2025-09-23 10:47:06,363 - __main__ - WARNING - ⚠️ Episode 30 terminated due to step limit.
2025-09-23 10:47:09,155 - __main__ - DEBUG - 🎯 Eval HMM masking: step 250 masked due to negative reward
2025-09-23 10:47:09,672 - __main__ - WARNING - ⚠️ Episode 31 terminated due to step limit.
2025-09-23 10:47:11,302 - __main__ - DEBUG - 🎯 Eval HMM masking: step 50 masked due to negative reward
2025-09-23 10:47:13,916 - __main__ - WARNING - ⚠️ Episode 33 terminated due to step limit.
2025-09-23 10:47:15,144 - __main__ - DEBUG - 🎯 Eval HMM masking: step 100 masked due to negative reward
2025-09-23 10:47:17,225 - __main__ - WARNING - ⚠️ Episode 34 terminated due to step limit.
2025-09-23 10:47:21,316 - __main__ - DEBUG - 🎯 Eval HMM masking: step 200 masked due to negative reward
2025-09-23 10:47:22,374 - __main__ - WARNING - ⚠️ Episode 36 terminated due to step limit.
2025-09-23 10:47:23,081 - __main__ - DEBUG - 🎯 Eval HMM masking: step 50 masked due to negative reward
2025-09-23 10:47:24,144 - __main__ - DEBUG - 🎯 Eval HMM masking: step 150 masked due to negative reward
2025-09-23 10:47:24,673 - __main__ - DEBUG - 🎯 Eval HMM masking: step 200 masked due to negative reward
2025-09-23 10:47:28,245 - __main__ - DEBUG - 🎯 Eval HMM masking: step 50 masked due to negative reward
2025-09-23 10:47:31,792 - __main__ - DEBUG - 🎯 Eval HMM masking: step 50 masked due to negative reward
2025-09-23 10:47:34,395 - __main__ - WARNING - ⚠️ Episode 42 terminated due to step limit.
2025-09-23 10:47:35,094 - __main__ - DEBUG - 🎯 Eval HMM masking: step 50 masked due to negative reward
2025-09-23 10:47:37,703 - __main__ - WARNING - ⚠️ Episode 43 terminated due to step limit.
2025-09-23 10:47:39,984 - __main__ - DEBUG - 🎯 Eval HMM masking: step 200 masked due to negative reward
2025-09-23 10:47:41,028 - __main__ - WARNING - ⚠️ Episode 44 terminated due to step limit.
2025-09-23 10:47:42,259 - __main__ - DEBUG - 🎯 Eval HMM masking: step 100 masked due to negative reward
2025-09-23 10:47:44,351 - __main__ - WARNING - ⚠️ Episode 45 terminated due to step limit.
2025-09-23 10:47:48,751 - __main__ - WARNING - ⚠️ Episode 47 terminated due to step limit.
2025-09-23 10:47:49,989 - __main__ - DEBUG - 🎯 Eval HMM masking: step 100 masked due to negative reward
2025-09-23 10:47:52,112 - __main__ - WARNING - ⚠️ Episode 48 terminated due to step limit.
2025-09-23 10:47:55,561 - __main__ - INFO - 📊 Evaluation Results (Current Round):
2025-09-23 10:47:55,561 - __main__ - INFO -    Episodes: 50
2025-09-23 10:47:55,561 - __main__ - INFO -    Time: 123.2s (2.5s/ep)
2025-09-23 10:47:55,561 - __main__ - INFO -    Average Return: 0.255 ± 0.625
2025-09-23 10:47:55,561 - __main__ - INFO -    Success Rate: 50.0%
2025-09-23 10:47:55,562 - __main__ - INFO -    Average Length: 222.4
2025-09-23 10:47:55,562 - __main__ - INFO -    Average Coverage: 79.3 positions
2025-09-23 10:47:55,562 - __main__ - INFO -    Episode Completions: 25 terminated (50.0%), 25 truncated (50.0%)
2025-09-23 10:47:55,562 - __main__ - INFO - 📈 Total Evaluation Statistics:
2025-09-23 10:47:55,562 - __main__ - INFO -    Total Episodes: 650
2025-09-23 10:47:55,562 - __main__ - INFO -    Total Average Return: 0.102 ± 0.643
2025-09-23 10:47:55,562 - __main__ - INFO -    Total Average Length: 227.6 ± 106.0
2025-09-23 10:47:55,562 - __main__ - INFO -    Total Completions: 256 terminated (39.4%), 394 truncated (60.6%)
2025-09-23 10:47:55,562 - __main__ - INFO -    Skill Entropy: 0.000
2025-09-23 10:47:55,563 - __main__ - INFO -    Used Skills: 1.0
2025-09-23 10:47:55,563 - __main__ - INFO -    Effective K: 1.00
2025-09-23 10:47:55,563 - __main__ - INFO - 🎯 Action Usage Statistics:
2025-09-23 10:47:55,563 - __main__ - INFO -    Unique actions in evaluation: 8
2025-09-23 10:47:55,563 - __main__ - INFO -    Unique actions in training: 8
2025-09-23 10:47:55,563 - __main__ - INFO -    Total unique actions: 8
2025-09-23 10:47:55,564 - __main__ - INFO -    Action coverage: 6.6%
2025-09-23 10:47:55,564 - __main__ - INFO -    Train action count: 130048
2025-09-23 10:47:55,564 - __main__ - INFO -    Eval action count: 147969
2025-09-23 10:47:55,564 - __main__ - INFO -    Train action entropy: 2.042
2025-09-23 10:47:55,564 - __main__ - INFO -    Eval action entropy: 2.032
2025-09-23 10:47:55,565 - __main__ - INFO -    Top 3 train actions: #1(21932), #3(21554), #2(21539)
2025-09-23 10:47:55,565 - __main__ - INFO -    Top 3 eval actions: #1(25895), #2(25254), #3(24714)
2025-09-23 10:47:57,797 - __main__ - INFO - 📊 Episodes completed this rollout: 6
2025-09-23 10:47:57,797 - __main__ - INFO - 📈 Episode stats: avg return = 0.02, avg length = 256.3
2025-09-23 10:47:57,798 - __main__ - INFO - 🎯 Top 3 training actions: #1(22089), #3(21707), #2(21673)
2025-09-23 10:48:00,994 - __main__ - INFO - 📊 Episodes completed this rollout: 2
2025-09-23 10:48:00,995 - __main__ - INFO - 📈 Episode stats: avg return = 0.30, avg length = 209.0
2025-09-23 10:48:00,997 - __main__ - INFO - 🎯 Top 3 training actions: #1(22232), #3(21843), #2(21837)
2025-09-23 10:48:04,216 - __main__ - INFO - 📊 Episodes completed this rollout: 5
2025-09-23 10:48:04,217 - __main__ - INFO - 📈 Episode stats: avg return = 0.14, avg length = 204.0
2025-09-23 10:48:04,217 - __main__ - INFO - 🎯 Top 3 training actions: #1(22395), #2(22007), #3(21974)
2025-09-23 10:48:07,459 - __main__ - INFO - 📊 Episodes completed this rollout: 8
2025-09-23 10:48:07,459 - __main__ - INFO - 📈 Episode stats: avg return = 0.39, avg length = 212.5
2025-09-23 10:48:07,460 - __main__ - INFO - 🎯 Top 3 training actions: #1(22535), #2(22188), #3(22095)
2025-09-23 10:48:10,652 - __main__ - INFO - 📊 Episodes completed this rollout: 5
2025-09-23 10:48:10,653 - __main__ - INFO - 📈 Episode stats: avg return = 0.63, avg length = 137.4
2025-09-23 10:48:10,653 - __main__ - INFO - 🎯 Top 3 training actions: #1(22658), #2(22379), #3(22208)
2025-09-23 10:48:13,858 - __main__ - INFO - 📊 Episodes completed this rollout: 6
2025-09-23 10:48:13,858 - __main__ - INFO - 📈 Episode stats: avg return = 0.49, avg length = 166.0
2025-09-23 10:48:13,859 - __main__ - INFO - 🎯 Top 3 training actions: #1(22794), #2(22528), #3(22324)
2025-09-23 10:48:17,079 - __main__ - INFO - 📊 Episodes completed this rollout: 6
2025-09-23 10:48:17,080 - __main__ - INFO - 📈 Episode stats: avg return = 0.23, avg length = 213.5
2025-09-23 10:48:17,080 - __main__ - INFO - 🎯 Top 3 training actions: #1(22913), #2(22714), #3(22432)
2025-09-23 10:48:20,327 - __main__ - INFO - 📊 Episodes completed this rollout: 4
2025-09-23 10:48:20,327 - __main__ - INFO - 📈 Episode stats: avg return = 0.30, avg length = 210.0
2025-09-23 10:48:20,328 - __main__ - INFO - 🎯 Top 3 training actions: #1(23019), #2(22911), #3(22532)
2025-09-23 10:48:21,325 - __main__ - INFO - 🔄 Synchronized model update at step 138,240
2025-09-23 10:48:21,325 - __main__ - INFO -    HMM interval: 12,000, VAE interval: 12,000
2025-09-23 10:48:21,326 - __main__ - INFO - 🚫 Model training masking: 1284/12288 timesteps masked (10.4%) due to negative rewards (invalid actions)
2025-09-23 10:48:21,696 - __main__ - INFO - 🔄 Capping HMM batch size from 824 to 128 to prevent OOM
2025-09-23 10:48:21,697 - __main__ - INFO - 🔄 HMM refresh starting at step 138,240 with replay size 128x100
2025-09-23 10:48:27,526 - __main__ - DEBUG - Initial ELBO: 4267.7575
2025-09-23 10:48:27,530 - __main__ - DEBUG - Relative tol: 0.0100
2025-09-23 10:48:27,530 - __main__ - DEBUG - Relative elbo_drop_tol: 0.0100
2025-09-23 10:48:27,530 - __main__ - DEBUG - - Init -504.7400
2025-09-23 10:48:27,530 - __main__ - DEBUG - - Trans -4.5087
2025-09-23 10:48:27,530 - __main__ - DEBUG - - Emit 19001.2008
2025-09-23 10:48:27,530 - __main__ - DEBUG - - Entropy 0.0006
2025-09-23 10:48:27,530 - __main__ - DEBUG - - Dir -26.6326
2025-09-23 10:48:27,531 - __main__ - DEBUG - - NIW -14181.6396
2025-09-23 10:48:27,531 - __main__ - DEBUG - - Beta prior -15.9230
2025-09-23 10:48:33,722 - __main__ - DEBUG - Iter 0: ELBO after FB: 4267.7575 (LL 18491.9527, Δ=0.0000)
2025-09-23 10:48:33,723 - __main__ - DEBUG - Blending stats with ρ_niw=0.0500, ρ_tr=0.0500.
2025-09-23 10:48:33,773 - __main__ - DEBUG - Iter 0: ELBO after NIW update: 6527.2882 (Emit LL 21516.4191, NIW term -14437.3271, Δ=2259.5308)
2025-09-23 10:48:33,823 - __main__ - DEBUG - Iter 0: ELBO after Dirichlet update: 6527.3098 (Trans LL -4.5255, Dir term -26.5942, Δ=0.0216)
2025-09-23 10:48:33,892 - __main__ - DEBUG - Iter 0: ELBO after β update: 6526.7790 (Init LL -505.2375, Dir term -26.6155, logp(β) -15.9352, Δ=-0.5309)
2025-09-23 10:48:40,043 - __main__ - DEBUG - Iter 1: ELBO after FB: 6526.7790 (LL 21006.6567, Δ=0.0000)
2025-09-23 10:48:40,044 - __main__ - DEBUG - Blending stats with ρ_niw=0.0500, ρ_tr=0.0500.
2025-09-23 10:48:40,094 - __main__ - DEBUG - Iter 1: ELBO after NIW update: 6526.7790 (Emit LL 21516.4191, NIW term -14437.3271, Δ=0.0000)
2025-09-23 10:48:40,145 - __main__ - DEBUG - Iter 1: ELBO after Dirichlet update: 6526.7107 (Trans LL -4.5116, Dir term -26.6976, Δ=-0.0683)
2025-09-23 10:48:40,212 - __main__ - DEBUG - Iter 1: ELBO after β update: 6526.2032 (Init LL -505.6814, Dir term -26.7553, logp(β) -15.9409, Δ=-0.5075)
2025-09-23 10:48:46,403 - __main__ - DEBUG - Iter 2: ELBO after FB: 6526.2032 (LL 21006.2267, Δ=0.0000)
2025-09-23 10:48:46,404 - __main__ - DEBUG - Blending stats with ρ_niw=0.0500, ρ_tr=0.0500.
2025-09-23 10:48:46,454 - __main__ - DEBUG - Iter 2: ELBO after NIW update: 6526.2032 (Emit LL 21516.4191, NIW term -14437.3271, Δ=0.0000)
2025-09-23 10:48:46,505 - __main__ - DEBUG - Iter 2: ELBO after Dirichlet update: 6526.0042 (Trans LL -4.4992, Dir term -26.9668, Δ=-0.1991)
2025-09-23 10:48:46,568 - __main__ - DEBUG - Iter 2: ELBO after β update: 6525.7134 (Init LL -505.8993, Dir term -27.0396, logp(β) -15.9409, Δ=-0.2907)
2025-09-23 10:48:52,734 - __main__ - DEBUG - Iter 3: ELBO after FB: 6525.7134 (LL 21006.0211, Δ=0.0000)
2025-09-23 10:48:52,735 - __main__ - DEBUG - Blending stats with ρ_niw=0.0500, ρ_tr=0.0500.
2025-09-23 10:48:52,786 - __main__ - DEBUG - Iter 3: ELBO after NIW update: 6525.7134 (Emit LL 21516.4191, NIW term -14437.3271, Δ=0.0000)
2025-09-23 10:48:52,841 - __main__ - DEBUG - Iter 3: ELBO after Dirichlet update: 6525.4593 (Trans LL -4.4934, Dir term -27.2996, Δ=-0.2542)
2025-09-23 10:48:52,909 - __main__ - DEBUG - Iter 3: ELBO after β update: 6525.2508 (Init LL -506.0390, Dir term -27.3746, logp(β) -15.9348, Δ=-0.2085)
2025-09-23 10:48:59,110 - __main__ - DEBUG - Iter 4: ELBO after FB: 6525.2508 (LL 21005.8873, Δ=0.0000)
2025-09-23 10:48:59,111 - __main__ - DEBUG - Blending stats with ρ_niw=0.0500, ρ_tr=0.0500.
2025-09-23 10:48:59,161 - __main__ - DEBUG - Iter 4: ELBO after NIW update: 6525.2508 (Emit LL 21516.4191, NIW term -14437.3271, Δ=0.0000)
2025-09-23 10:48:59,211 - __main__ - DEBUG - Iter 4: ELBO after Dirichlet update: 6524.8421 (Trans LL -4.4890, Dir term -27.7877, Δ=-0.4087)
2025-09-23 10:48:59,271 - __main__ - DEBUG - Iter 4: ELBO after β update: 6524.8532 (Init LL -505.9849, Dir term -27.8341, logp(β) -15.9314, Δ=0.0111)
2025-09-23 10:48:59,273 - __main__ - INFO -    HMM refresh complete: ELBO=590.4000, iters=0, max iters, states=40
2025-09-23 10:48:59,274 - __main__ - INFO -    ✅ HMM updated (next in 12,000 steps)
2025-09-23 10:48:59,274 - __main__ - INFO - 🔄 VAE refresh starting at step 138,240 with replay size 8x1536
2025-09-23 10:48:59,275 - __main__ - INFO -    Using span sampling (12288 timesteps, too large for full buffer)
2025-09-23 10:49:23,000 - __main__ - INFO -    VAE refresh complete: final_loss=2743.5068, avg_loss=2751.5567, steps=4/4, trend=improving, total_timesteps=12288, span_sampling=32_requested×4_steps, span_len=64
2025-09-23 10:49:23,001 - __main__ - INFO -    ✅ VAE updated (next in 12,000 steps)
2025-09-23 10:49:25,189 - __main__ - INFO - 📊 Episodes completed this rollout: 2
2025-09-23 10:49:25,189 - __main__ - INFO - 📈 Episode stats: avg return = -0.25, avg length = 300.0
2025-09-23 10:49:25,190 - __main__ - INFO - 🎯 Top 3 training actions: #1(23157), #2(23068), #3(22646)
2025-09-23 10:49:28,403 - __main__ - INFO - 📊 Episodes completed this rollout: 4
2025-09-23 10:49:28,404 - __main__ - INFO - 📈 Episode stats: avg return = -0.31, avg length = 300.0
2025-09-23 10:49:28,404 - __main__ - INFO - 🎯 Top 3 training actions: #1(23279), #2(23275), #3(22773)
2025-09-23 10:49:29,403 - __main__ - INFO - 🧪 Starting evaluation with 50 episodes...
2025-09-23 10:49:29,404 - __main__ - INFO -    Eval seed: 51
2025-09-23 10:49:29,404 - __main__ - INFO -    Max episode steps (eval): env default
2025-09-23 10:49:29,405 - nle.env.base - INFO - Not saving any NLE data.
2025-09-23 10:49:31,017 - __main__ - DEBUG - 🎯 Eval HMM masking: step 150 masked due to negative reward
2025-09-23 10:49:31,544 - __main__ - DEBUG - 🎯 Eval HMM masking: step 200 masked due to negative reward
2025-09-23 10:49:32,590 - __main__ - WARNING - ⚠️ Episode 1 terminated due to step limit.
2025-09-23 10:49:35,941 - __main__ - WARNING - ⚠️ Episode 2 terminated due to step limit.
2025-09-23 10:49:39,444 - __main__ - WARNING - ⚠️ Episode 4 terminated due to step limit.
2025-09-23 10:49:42,759 - __main__ - WARNING - ⚠️ Episode 5 terminated due to step limit.
2025-09-23 10:49:46,114 - __main__ - WARNING - ⚠️ Episode 6 terminated due to step limit.
2025-09-23 10:49:48,356 - __main__ - DEBUG - 🎯 Eval HMM masking: step 50 masked due to negative reward
2025-09-23 10:49:49,937 - __main__ - DEBUG - 🎯 Eval HMM masking: step 200 masked due to negative reward
2025-09-23 10:49:50,978 - __main__ - WARNING - ⚠️ Episode 8 terminated due to step limit.
2025-09-23 10:49:52,793 - __main__ - DEBUG - 🎯 Eval HMM masking: step 100 masked due to negative reward
2025-09-23 10:49:54,902 - __main__ - WARNING - ⚠️ Episode 10 terminated due to step limit.
2025-09-23 10:49:55,616 - __main__ - DEBUG - 🎯 Eval HMM masking: step 50 masked due to negative reward
2025-09-23 10:49:58,945 - __main__ - WARNING - ⚠️ Episode 12 terminated due to step limit.
2025-09-23 10:50:05,604 - __main__ - WARNING - ⚠️ Episode 16 terminated due to step limit.
2025-09-23 10:50:07,062 - __main__ - DEBUG - 🎯 Eval HMM masking: step 50 masked due to negative reward
2025-09-23 10:50:09,675 - __main__ - WARNING - ⚠️ Episode 18 terminated due to step limit.
2025-09-23 10:50:15,255 - __main__ - DEBUG - 🎯 Eval HMM masking: step 150 masked due to negative reward
2025-09-23 10:50:16,305 - __main__ - DEBUG - 🎯 Eval HMM masking: step 250 masked due to negative reward
2025-09-23 10:50:16,823 - __main__ - WARNING - ⚠️ Episode 21 terminated due to step limit.
2025-09-23 10:50:22,955 - __main__ - WARNING - ⚠️ Episode 23 terminated due to step limit.
2025-09-23 10:50:26,939 - __main__ - WARNING - ⚠️ Episode 25 terminated due to step limit.
2025-09-23 10:50:30,239 - __main__ - WARNING - ⚠️ Episode 26 terminated due to step limit.
2025-09-23 10:50:33,548 - __main__ - WARNING - ⚠️ Episode 27 terminated due to step limit.
2025-09-23 10:50:34,976 - __main__ - DEBUG - 🎯 Eval HMM masking: step 100 masked due to negative reward
2025-09-23 10:50:37,070 - __main__ - WARNING - ⚠️ Episode 29 terminated due to step limit.
2025-09-23 10:50:40,372 - __main__ - WARNING - ⚠️ Episode 30 terminated due to step limit.
2025-09-23 10:50:43,679 - __main__ - WARNING - ⚠️ Episode 31 terminated due to step limit.
2025-09-23 10:50:47,000 - __main__ - WARNING - ⚠️ Episode 32 terminated due to step limit.
2025-09-23 10:50:50,303 - __main__ - WARNING - ⚠️ Episode 33 terminated due to step limit.
2025-09-23 10:50:51,006 - __main__ - DEBUG - 🎯 Eval HMM masking: step 50 masked due to negative reward
2025-09-23 10:50:53,109 - __main__ - DEBUG - 🎯 Eval HMM masking: step 250 masked due to negative reward
2025-09-23 10:50:53,625 - __main__ - WARNING - ⚠️ Episode 34 terminated due to step limit.
2025-09-23 10:50:56,983 - __main__ - WARNING - ⚠️ Episode 35 terminated due to step limit.
2025-09-23 10:51:00,321 - __main__ - WARNING - ⚠️ Episode 36 terminated due to step limit.
2025-09-23 10:51:03,739 - __main__ - DEBUG - 🎯 Eval HMM masking: step 50 masked due to negative reward
2025-09-23 10:51:05,330 - __main__ - DEBUG - 🎯 Eval HMM masking: step 200 masked due to negative reward
2025-09-23 10:51:06,376 - __main__ - WARNING - ⚠️ Episode 38 terminated due to step limit.
2025-09-23 10:51:11,474 - __main__ - DEBUG - 🎯 Eval HMM masking: step 50 masked due to negative reward
2025-09-23 10:51:12,538 - __main__ - DEBUG - 🎯 Eval HMM masking: step 150 masked due to negative reward
2025-09-23 10:51:13,072 - __main__ - DEBUG - 🎯 Eval HMM masking: step 200 masked due to negative reward
2025-09-23 10:51:14,121 - __main__ - WARNING - ⚠️ Episode 43 terminated due to step limit.
2025-09-23 10:51:15,866 - __main__ - DEBUG - 🎯 Eval HMM masking: step 150 masked due to negative reward
2025-09-23 10:51:17,430 - __main__ - WARNING - ⚠️ Episode 44 terminated due to step limit.
2025-09-23 10:51:20,746 - __main__ - WARNING - ⚠️ Episode 45 terminated due to step limit.
2025-09-23 10:51:24,040 - __main__ - WARNING - ⚠️ Episode 46 terminated due to step limit.
2025-09-23 10:51:25,267 - __main__ - DEBUG - 🎯 Eval HMM masking: step 100 masked due to negative reward
2025-09-23 10:51:27,090 - __main__ - DEBUG - 🎯 Eval HMM masking: step 150 masked due to negative reward
2025-09-23 10:51:28,663 - __main__ - WARNING - ⚠️ Episode 48 terminated due to step limit.
2025-09-23 10:51:32,029 - __main__ - WARNING - ⚠️ Episode 49 terminated due to step limit.
2025-09-23 10:51:34,309 - __main__ - DEBUG - 🎯 Eval HMM masking: step 200 masked due to negative reward
2025-09-23 10:51:35,354 - __main__ - WARNING - ⚠️ Episode 50 terminated due to step limit.
2025-09-23 10:51:35,524 - __main__ - INFO - 📊 Evaluation Results (Current Round):
2025-09-23 10:51:35,524 - __main__ - INFO -    Episodes: 50
2025-09-23 10:51:35,524 - __main__ - INFO -    Time: 126.1s (2.5s/ep)
2025-09-23 10:51:35,524 - __main__ - INFO -    Average Return: 0.122 ± 0.614
2025-09-23 10:51:35,524 - __main__ - INFO -    Success Rate: 38.0%
2025-09-23 10:51:35,524 - __main__ - INFO -    Average Length: 227.3
2025-09-23 10:51:35,524 - __main__ - INFO -    Average Coverage: 78.4 positions
2025-09-23 10:51:35,525 - __main__ - INFO -    Episode Completions: 19 terminated (38.0%), 31 truncated (62.0%)
2025-09-23 10:51:35,525 - __main__ - INFO - 📈 Total Evaluation Statistics:
2025-09-23 10:51:35,525 - __main__ - INFO -    Total Episodes: 700
2025-09-23 10:51:35,525 - __main__ - INFO -    Total Average Return: 0.104 ± 0.641
2025-09-23 10:51:35,525 - __main__ - INFO -    Total Average Length: 227.6 ± 106.0
2025-09-23 10:51:35,525 - __main__ - INFO -    Total Completions: 275 terminated (39.3%), 425 truncated (60.7%)
2025-09-23 10:51:35,526 - __main__ - INFO -    Skill Entropy: 0.001
2025-09-23 10:51:35,526 - __main__ - INFO -    Used Skills: 1.0
2025-09-23 10:51:35,526 - __main__ - INFO -    Effective K: 1.00
2025-09-23 10:51:35,526 - __main__ - INFO - 🎯 Action Usage Statistics:
2025-09-23 10:51:35,526 - __main__ - INFO -    Unique actions in evaluation: 8
2025-09-23 10:51:35,526 - __main__ - INFO -    Unique actions in training: 8
2025-09-23 10:51:35,526 - __main__ - INFO -    Total unique actions: 8
2025-09-23 10:51:35,526 - __main__ - INFO -    Action coverage: 6.6%
2025-09-23 10:51:35,526 - __main__ - INFO -    Train action count: 140288
2025-09-23 10:51:35,527 - __main__ - INFO -    Eval action count: 159334
2025-09-23 10:51:35,527 - __main__ - INFO -    Train action entropy: 2.044
2025-09-23 10:51:35,527 - __main__ - INFO -    Eval action entropy: 2.035
2025-09-23 10:51:35,528 - __main__ - INFO -    Top 3 train actions: #1(23279), #2(23275), #3(22773)
2025-09-23 10:51:35,528 - __main__ - INFO -    Top 3 eval actions: #2(27403), #1(27367), #3(25866)
2025-09-23 10:51:37,760 - __main__ - INFO - 📊 Episodes completed this rollout: 4
2025-09-23 10:51:37,760 - __main__ - INFO - 📈 Episode stats: avg return = 0.03, avg length = 253.2
2025-09-23 10:51:37,760 - __main__ - INFO - 🎯 Top 3 training actions: #2(23455), #1(23410), #3(22875)
2025-09-23 10:51:41,023 - __main__ - INFO - 📊 Episodes completed this rollout: 4
2025-09-23 10:51:41,024 - __main__ - INFO - 📈 Episode stats: avg return = -0.37, avg length = 300.0
2025-09-23 10:51:41,024 - __main__ - INFO - 🎯 Top 3 training actions: #2(23627), #1(23562), #3(22975)
2025-09-23 10:51:44,241 - __main__ - INFO - 📊 Episodes completed this rollout: 8
2025-09-23 10:51:44,242 - __main__ - INFO - 📈 Episode stats: avg return = 0.66, avg length = 141.0
2025-09-23 10:51:44,242 - __main__ - INFO - 🎯 Top 3 training actions: #2(23804), #1(23733), #3(23094)
2025-09-23 10:51:47,445 - __main__ - INFO - 📊 Episodes completed this rollout: 3
2025-09-23 10:51:47,445 - __main__ - INFO - 📈 Episode stats: avg return = -0.00, avg length = 287.7
2025-09-23 10:51:47,446 - __main__ - INFO - 🎯 Top 3 training actions: #2(23965), #1(23903), #3(23229)
2025-09-23 10:51:50,685 - __main__ - INFO - 📊 Episodes completed this rollout: 5
2025-09-23 10:51:50,685 - __main__ - INFO - 📈 Episode stats: avg return = 0.31, avg length = 252.2
2025-09-23 10:51:50,685 - __main__ - INFO - 🎯 Top 3 training actions: #2(24132), #1(24060), #3(23347)
2025-09-23 10:51:53,885 - __main__ - INFO - 📊 Episodes completed this rollout: 2
2025-09-23 10:51:53,885 - __main__ - INFO - 📈 Episode stats: avg return = -0.24, avg length = 300.0
2025-09-23 10:51:53,886 - __main__ - INFO - 🎯 Top 3 training actions: #2(24298), #1(24200), #3(23483)
2025-09-23 10:51:57,101 - __main__ - INFO - 📊 Episodes completed this rollout: 7
2025-09-23 10:51:57,102 - __main__ - INFO - 📈 Episode stats: avg return = 0.38, avg length = 226.3
2025-09-23 10:51:57,102 - __main__ - INFO - 🎯 Top 3 training actions: #2(24472), #1(24351), #3(23619)
2025-09-23 10:52:00,313 - __main__ - INFO - 📊 Episodes completed this rollout: 5
2025-09-23 10:52:00,313 - __main__ - INFO - 📈 Episode stats: avg return = 0.64, avg length = 173.6
2025-09-23 10:52:00,314 - __main__ - INFO - 🎯 Top 3 training actions: #2(24648), #1(24502), #3(23727)
2025-09-23 10:52:03,492 - __main__ - INFO - 📊 Episodes completed this rollout: 2
2025-09-23 10:52:03,492 - __main__ - INFO - 📈 Episode stats: avg return = 0.13, avg length = 285.0
2025-09-23 10:52:03,493 - __main__ - INFO - 🎯 Top 3 training actions: #2(24804), #1(24665), #3(23853)
2025-09-23 10:52:06,709 - __main__ - INFO - 📊 Episodes completed this rollout: 6
2025-09-23 10:52:06,709 - __main__ - INFO - 📈 Episode stats: avg return = 0.06, avg length = 238.7
2025-09-23 10:52:06,709 - __main__ - INFO - 🎯 Top 3 training actions: #2(24963), #1(24813), #3(23981)
2025-09-23 10:52:07,696 - __main__ - INFO - 🔄 Synchronized model update at step 150,528
2025-09-23 10:52:07,696 - __main__ - INFO -    HMM interval: 12,000, VAE interval: 12,000
2025-09-23 10:52:07,697 - __main__ - INFO - 🚫 Model training masking: 1824/12288 timesteps masked (14.8%) due to negative rewards (invalid actions)
2025-09-23 10:52:08,066 - __main__ - INFO - 🔄 Capping HMM batch size from 1120 to 128 to prevent OOM
2025-09-23 10:52:08,067 - __main__ - INFO - 🔄 HMM refresh starting at step 150,528 with replay size 128x63
2025-09-23 10:52:11,752 - __main__ - DEBUG - Initial ELBO: 422.8254
2025-09-23 10:52:11,754 - __main__ - DEBUG - Relative tol: 0.0100
2025-09-23 10:52:11,754 - __main__ - DEBUG - Relative elbo_drop_tol: 0.0100
2025-09-23 10:52:11,754 - __main__ - DEBUG - - Init -505.2375
2025-09-23 10:52:11,754 - __main__ - DEBUG - - Trans -3.2988
2025-09-23 10:52:11,754 - __main__ - DEBUG - - Emit 15411.2391
2025-09-23 10:52:11,755 - __main__ - DEBUG - - Entropy 0.0004
2025-09-23 10:52:11,755 - __main__ - DEBUG - - Dir -26.6155
2025-09-23 10:52:11,755 - __main__ - DEBUG - - NIW -14437.3271
2025-09-23 10:52:11,755 - __main__ - DEBUG - - Beta prior -15.9352
2025-09-23 10:52:15,808 - __main__ - DEBUG - Iter 0: ELBO after FB: 422.8254 (LL 14902.7032, Δ=0.0000)
2025-09-23 10:52:15,809 - __main__ - DEBUG - Blending stats with ρ_niw=0.0500, ρ_tr=0.0500.
2025-09-23 10:52:15,859 - __main__ - DEBUG - Iter 0: ELBO after NIW update: 1812.5435 (Emit LL 16931.2257, NIW term -14567.5957, Δ=1389.7181)
2025-09-23 10:52:15,907 - __main__ - DEBUG - Iter 0: ELBO after Dirichlet update: 1812.5809 (Trans LL -3.3541, Dir term -26.5227, Δ=0.0374)
2025-09-23 10:52:15,973 - __main__ - DEBUG - Iter 0: ELBO after β update: 1812.0524 (Init LL -505.7325, Dir term -26.5438, logp(β) -15.9475, Δ=-0.5284)
2025-09-23 10:52:20,051 - __main__ - DEBUG - Iter 1: ELBO after FB: 1812.0524 (LL 16422.1395, Δ=0.0000)
2025-09-23 10:52:20,051 - __main__ - DEBUG - Blending stats with ρ_niw=0.0500, ρ_tr=0.0500.
2025-09-23 10:52:20,099 - __main__ - DEBUG - Iter 1: ELBO after NIW update: 1812.0524 (Emit LL 16931.2257, NIW term -14567.5957, Δ=0.0000)
2025-09-23 10:52:20,147 - __main__ - DEBUG - Iter 1: ELBO after Dirichlet update: 1811.9831 (Trans LL -3.3435, Dir term -26.6238, Δ=-0.0693)
2025-09-23 10:52:20,211 - __main__ - DEBUG - Iter 1: ELBO after β update: 1811.4728 (Init LL -506.1778, Dir term -26.6838, logp(β) -15.9525, Δ=-0.5104)
2025-09-23 10:52:24,250 - __main__ - DEBUG - Iter 2: ELBO after FB: 1811.4728 (LL 16421.7048, Δ=0.0000)
2025-09-23 10:52:24,250 - __main__ - DEBUG - Blending stats with ρ_niw=0.0500, ρ_tr=0.0500.
2025-09-23 10:52:24,299 - __main__ - DEBUG - Iter 2: ELBO after NIW update: 1811.4728 (Emit LL 16931.2257, NIW term -14567.5957, Δ=0.0000)
2025-09-23 10:52:24,347 - __main__ - DEBUG - Iter 2: ELBO after Dirichlet update: 1811.2559 (Trans LL -3.3350, Dir term -26.9093, Δ=-0.2169)
2025-09-23 10:52:24,411 - __main__ - DEBUG - Iter 2: ELBO after β update: 1810.9359 (Init LL -506.4190, Dir term -26.9905, logp(β) -15.9500, Δ=-0.3200)
2025-09-23 10:52:28,464 - __main__ - DEBUG - Iter 3: ELBO after FB: 1810.9359 (LL 16421.4721, Δ=0.0000)
2025-09-23 10:52:28,464 - __main__ - DEBUG - Blending stats with ρ_niw=0.0500, ρ_tr=0.0500.
2025-09-23 10:52:28,510 - __main__ - DEBUG - Iter 3: ELBO after NIW update: 1810.9359 (Emit LL 16931.2257, NIW term -14567.5957, Δ=0.0000)
2025-09-23 10:52:28,557 - __main__ - DEBUG - Iter 3: ELBO after Dirichlet update: 1810.6060 (Trans LL -3.3297, Dir term -27.3257, Δ=-0.3299)
2025-09-23 10:52:28,623 - __main__ - DEBUG - Iter 3: ELBO after β update: 1810.3955 (Init LL -506.5233, Dir term -27.4387, logp(β) -15.9433, Δ=-0.2106)
2025-09-23 10:52:32,687 - __main__ - DEBUG - Iter 4: ELBO after FB: 1810.3955 (LL 16421.3731, Δ=0.0000)
2025-09-23 10:52:32,688 - __main__ - DEBUG - Blending stats with ρ_niw=0.0500, ρ_tr=0.0500.
2025-09-23 10:52:32,735 - __main__ - DEBUG - Iter 4: ELBO after NIW update: 1810.3955 (Emit LL 16931.2257, NIW term -14567.5957, Δ=0.0000)
2025-09-23 10:52:32,784 - __main__ - DEBUG - Iter 4: ELBO after Dirichlet update: 1809.9126 (Trans LL -3.3275, Dir term -27.9237, Δ=-0.4829)
2025-09-23 10:52:32,836 - __main__ - DEBUG - Iter 4: ELBO after β update: 1810.0185 (Init LL -506.4172, Dir term -27.9247, logp(β) -15.9424, Δ=0.1059)
2025-09-23 10:52:32,838 - __main__ - INFO -    HMM refresh complete: ELBO=157.7990, iters=0, max iters, states=40
2025-09-23 10:52:32,838 - __main__ - INFO -    ✅ HMM updated (next in 12,000 steps)
2025-09-23 10:52:32,839 - __main__ - INFO - 🔄 VAE refresh starting at step 150,528 with replay size 8x1536
2025-09-23 10:52:32,840 - __main__ - INFO -    Using span sampling (12288 timesteps, too large for full buffer)
2025-09-23 10:52:54,994 - __main__ - INFO -    VAE refresh complete: final_loss=2737.2439, avg_loss=2741.9318, steps=4/4, trend=improving, total_timesteps=12288, span_sampling=32_requested×4_steps, span_len=64
2025-09-23 10:52:54,996 - __main__ - INFO -    ✅ VAE updated (next in 12,000 steps)
2025-09-23 10:52:55,000 - __main__ - INFO - 🧪 Starting evaluation with 50 episodes...
2025-09-23 10:52:55,000 - __main__ - INFO -    Eval seed: 51
2025-09-23 10:52:55,000 - __main__ - INFO -    Max episode steps (eval): env default
2025-09-23 10:52:55,001 - nle.env.base - INFO - Not saving any NLE data.
2025-09-23 10:52:56,621 - __main__ - DEBUG - 🎯 Eval HMM masking: step 150 masked due to negative reward
2025-09-23 10:52:57,152 - __main__ - DEBUG - 🎯 Eval HMM masking: step 200 masked due to negative reward
2025-09-23 10:52:58,209 - __main__ - WARNING - ⚠️ Episode 1 terminated due to step limit.
2025-09-23 10:53:00,733 - __main__ - DEBUG - 🎯 Eval HMM masking: step 200 masked due to negative reward
2025-09-23 10:53:06,258 - __main__ - WARNING - ⚠️ Episode 7 terminated due to step limit.
2025-09-23 10:53:09,613 - __main__ - WARNING - ⚠️ Episode 8 terminated due to step limit.
2025-09-23 10:53:14,751 - __main__ - WARNING - ⚠️ Episode 10 terminated due to step limit.
2025-09-23 10:53:15,991 - __main__ - DEBUG - 🎯 Eval HMM masking: step 100 masked due to negative reward
2025-09-23 10:53:18,104 - __main__ - WARNING - ⚠️ Episode 11 terminated due to step limit.
2025-09-23 10:53:24,051 - __main__ - WARNING - ⚠️ Episode 13 terminated due to step limit.
2025-09-23 10:53:26,372 - __main__ - DEBUG - 🎯 Eval HMM masking: step 200 masked due to negative reward
2025-09-23 10:53:27,418 - __main__ - WARNING - ⚠️ Episode 15 terminated due to step limit.
2025-09-23 10:53:30,768 - __main__ - WARNING - ⚠️ Episode 16 terminated due to step limit.
2025-09-23 10:53:34,102 - __main__ - WARNING - ⚠️ Episode 17 terminated due to step limit.
2025-09-23 10:53:40,612 - __main__ - WARNING - ⚠️ Episode 19 terminated due to step limit.
2025-09-23 10:53:44,779 - __main__ - WARNING - ⚠️ Episode 21 terminated due to step limit.
2025-09-23 10:53:50,492 - __main__ - WARNING - ⚠️ Episode 25 terminated due to step limit.
2025-09-23 10:53:53,818 - __main__ - WARNING - ⚠️ Episode 26 terminated due to step limit.
2025-09-23 10:53:57,878 - __main__ - WARNING - ⚠️ Episode 28 terminated due to step limit.
2025-09-23 10:54:00,434 - __main__ - DEBUG - 🎯 Eval HMM masking: step 150 masked due to negative reward
2025-09-23 10:54:02,020 - __main__ - WARNING - ⚠️ Episode 30 terminated due to step limit.
2025-09-23 10:54:03,773 - __main__ - DEBUG - 🎯 Eval HMM masking: step 150 masked due to negative reward
2025-09-23 10:54:05,345 - __main__ - WARNING - ⚠️ Episode 31 terminated due to step limit.
2025-09-23 10:54:09,835 - __main__ - DEBUG - 🎯 Eval HMM masking: step 50 masked due to negative reward
2025-09-23 10:54:12,456 - __main__ - WARNING - ⚠️ Episode 34 terminated due to step limit.
2025-09-23 10:54:16,128 - __main__ - DEBUG - 🎯 Eval HMM masking: step 50 masked due to negative reward
2025-09-23 10:54:20,864 - __main__ - WARNING - ⚠️ Episode 43 terminated due to step limit.
2025-09-23 10:54:23,692 - __main__ - DEBUG - 🎯 Eval HMM masking: step 250 masked due to negative reward
2025-09-23 10:54:24,214 - __main__ - WARNING - ⚠️ Episode 44 terminated due to step limit.
2025-09-23 10:54:24,925 - __main__ - DEBUG - 🎯 Eval HMM masking: step 50 masked due to negative reward
2025-09-23 10:54:27,313 - __main__ - DEBUG - 🎯 Eval HMM masking: step 100 masked due to negative reward
2025-09-23 10:54:29,402 - __main__ - WARNING - ⚠️ Episode 46 terminated due to step limit.
2025-09-23 10:54:30,505 - __main__ - DEBUG - 🎯 Eval HMM masking: step 50 masked due to negative reward
2025-09-23 10:54:32,322 - __main__ - DEBUG - 🎯 Eval HMM masking: step 50 masked due to negative reward
2025-09-23 10:54:35,830 - __main__ - INFO - 📊 Evaluation Results (Current Round):
2025-09-23 10:54:35,830 - __main__ - INFO -    Episodes: 50
2025-09-23 10:54:35,830 - __main__ - INFO -    Time: 100.8s (2.0s/ep)
2025-09-23 10:54:35,830 - __main__ - INFO -    Average Return: 0.422 ± 0.591
2025-09-23 10:54:35,830 - __main__ - INFO -    Success Rate: 60.0%
2025-09-23 10:54:35,831 - __main__ - INFO -    Average Length: 180.8
2025-09-23 10:54:35,831 - __main__ - INFO -    Average Coverage: 70.1 positions
2025-09-23 10:54:35,831 - __main__ - INFO -    Episode Completions: 30 terminated (60.0%), 20 truncated (40.0%)
2025-09-23 10:54:35,831 - __main__ - INFO - 📈 Total Evaluation Statistics:
2025-09-23 10:54:35,831 - __main__ - INFO -    Total Episodes: 750
2025-09-23 10:54:35,831 - __main__ - INFO -    Total Average Return: 0.125 ± 0.642
2025-09-23 10:54:35,831 - __main__ - INFO -    Total Average Length: 224.5 ± 107.5
2025-09-23 10:54:35,831 - __main__ - INFO -    Total Completions: 305 terminated (40.7%), 445 truncated (59.3%)
2025-09-23 10:54:35,832 - __main__ - INFO -    Skill Entropy: 0.000
2025-09-23 10:54:35,832 - __main__ - INFO -    Used Skills: 1.0
2025-09-23 10:54:35,832 - __main__ - INFO -    Effective K: 1.00
2025-09-23 10:54:35,832 - __main__ - INFO - 🎯 Action Usage Statistics:
2025-09-23 10:54:35,832 - __main__ - INFO -    Unique actions in evaluation: 8
2025-09-23 10:54:35,832 - __main__ - INFO -    Unique actions in training: 8
2025-09-23 10:54:35,833 - __main__ - INFO -    Total unique actions: 8
2025-09-23 10:54:35,833 - __main__ - INFO -    Action coverage: 6.6%
2025-09-23 10:54:35,833 - __main__ - INFO -    Train action count: 150528
2025-09-23 10:54:35,833 - __main__ - INFO -    Eval action count: 168374
2025-09-23 10:54:35,833 - __main__ - INFO -    Train action entropy: 2.047
2025-09-23 10:54:35,834 - __main__ - INFO -    Eval action entropy: 2.038
2025-09-23 10:54:35,834 - __main__ - INFO -    Top 3 train actions: #2(24963), #1(24813), #3(23981)
2025-09-23 10:54:35,834 - __main__ - INFO -    Top 3 eval actions: #2(28776), #1(28618), #3(26961)
2025-09-23 10:54:38,062 - __main__ - INFO - 📊 Episodes completed this rollout: 5
2025-09-23 10:54:38,062 - __main__ - INFO - 📈 Episode stats: avg return = 0.38, avg length = 173.2
2025-09-23 10:54:38,062 - __main__ - INFO - 🎯 Top 3 training actions: #2(25120), #1(24950), #3(24103)
2025-09-23 10:54:41,302 - __main__ - INFO - 📊 Episodes completed this rollout: 6
2025-09-23 10:54:41,302 - __main__ - INFO - 📈 Episode stats: avg return = 0.11, avg length = 242.7
2025-09-23 10:54:41,303 - __main__ - INFO - 🎯 Top 3 training actions: #2(25262), #1(25095), #3(24230)
2025-09-23 10:54:44,505 - __main__ - INFO - 📊 Episodes completed this rollout: 3
2025-09-23 10:54:44,505 - __main__ - INFO - 📈 Episode stats: avg return = 0.03, avg length = 222.0
2025-09-23 10:54:44,506 - __main__ - INFO - 🎯 Top 3 training actions: #2(25427), #1(25240), #3(24357)
2025-09-23 10:54:47,694 - __main__ - INFO - 📊 Episodes completed this rollout: 4
2025-09-23 10:54:47,694 - __main__ - INFO - 📈 Episode stats: avg return = 0.59, avg length = 171.2
2025-09-23 10:54:47,695 - __main__ - INFO - 🎯 Top 3 training actions: #2(25611), #1(25372), #3(24462)
2025-09-23 10:54:50,935 - __main__ - INFO - 📊 Episodes completed this rollout: 6
2025-09-23 10:54:50,936 - __main__ - INFO - 📈 Episode stats: avg return = -0.05, avg length = 258.7
2025-09-23 10:54:50,936 - __main__ - INFO - 🎯 Top 3 training actions: #2(25798), #1(25484), #3(24565)
2025-09-23 10:54:54,163 - __main__ - INFO - 📊 Episodes completed this rollout: 3
2025-09-23 10:54:54,164 - __main__ - INFO - 📈 Episode stats: avg return = -0.30, avg length = 300.0
2025-09-23 10:54:54,164 - __main__ - INFO - 🎯 Top 3 training actions: #2(25993), #1(25586), #3(24669)
2025-09-23 10:54:57,337 - __main__ - INFO - 📊 Episodes completed this rollout: 4
2025-09-23 10:54:57,337 - __main__ - INFO - 📈 Episode stats: avg return = 0.62, avg length = 124.8
2025-09-23 10:54:57,337 - __main__ - INFO - 🎯 Top 3 training actions: #2(26200), #1(25668), #3(24754)
2025-09-23 10:55:00,566 - __main__ - INFO - 📊 Episodes completed this rollout: 6
2025-09-23 10:55:00,566 - __main__ - INFO - 📈 Episode stats: avg return = -0.10, avg length = 275.3
2025-09-23 10:55:00,567 - __main__ - INFO - 🎯 Top 3 training actions: #2(26391), #1(25726), #3(24858)
2025-09-23 10:55:03,759 - __main__ - INFO - 📊 Episodes completed this rollout: 2
2025-09-23 10:55:03,759 - __main__ - INFO - 📈 Episode stats: avg return = 0.34, avg length = 177.0
2025-09-23 10:55:03,759 - __main__ - INFO - 🎯 Top 3 training actions: #2(26536), #1(25781), #3(24958)
2025-09-23 10:55:06,997 - __main__ - INFO - 📊 Episodes completed this rollout: 6
2025-09-23 10:55:06,997 - __main__ - INFO - 📈 Episode stats: avg return = -0.49, avg length = 300.0
2025-09-23 10:55:06,998 - __main__ - INFO - 🎯 Top 3 training actions: #2(26697), #1(25845), #3(25043)
2025-09-23 10:55:07,998 - __main__ - INFO - 🧪 Starting evaluation with 50 episodes...
2025-09-23 10:55:07,998 - __main__ - INFO -    Eval seed: 51
2025-09-23 10:55:07,998 - __main__ - INFO -    Max episode steps (eval): env default
2025-09-23 10:55:07,999 - nle.env.base - INFO - Not saving any NLE data.
2025-09-23 10:55:09,083 - __main__ - DEBUG - 🎯 Eval HMM masking: step 100 masked due to negative reward
2025-09-23 10:55:11,193 - __main__ - WARNING - ⚠️ Episode 1 terminated due to step limit.
2025-09-23 10:55:12,957 - __main__ - DEBUG - 🎯 Eval HMM masking: step 150 masked due to negative reward
2025-09-23 10:55:14,017 - __main__ - DEBUG - 🎯 Eval HMM masking: step 250 masked due to negative reward
2025-09-23 10:55:14,542 - __main__ - WARNING - ⚠️ Episode 2 terminated due to step limit.
2025-09-23 10:55:17,888 - __main__ - WARNING - ⚠️ Episode 3 terminated due to step limit.
2025-09-23 10:55:21,239 - __main__ - WARNING - ⚠️ Episode 4 terminated due to step limit.
2025-09-23 10:55:24,600 - __main__ - WARNING - ⚠️ Episode 5 terminated due to step limit.
2025-09-23 10:55:27,935 - __main__ - WARNING - ⚠️ Episode 6 terminated due to step limit.
2025-09-23 10:55:31,887 - __main__ - WARNING - ⚠️ Episode 9 terminated due to step limit.
2025-09-23 10:55:33,120 - __main__ - DEBUG - 🎯 Eval HMM masking: step 100 masked due to negative reward
2025-09-23 10:55:35,225 - __main__ - WARNING - ⚠️ Episode 10 terminated due to step limit.
2025-09-23 10:55:40,277 - __main__ - WARNING - ⚠️ Episode 12 terminated due to step limit.
2025-09-23 10:55:41,107 - __main__ - DEBUG - 🎯 Eval HMM masking: step 50 masked due to negative reward
2025-09-23 10:55:43,747 - __main__ - WARNING - ⚠️ Episode 14 terminated due to step limit.
2025-09-23 10:55:47,087 - __main__ - WARNING - ⚠️ Episode 15 terminated due to step limit.
2025-09-23 10:55:48,319 - __main__ - DEBUG - 🎯 Eval HMM masking: step 100 masked due to negative reward
2025-09-23 10:55:50,419 - __main__ - WARNING - ⚠️ Episode 16 terminated due to step limit.
2025-09-23 10:55:54,801 - __main__ - WARNING - ⚠️ Episode 18 terminated due to step limit.
2025-09-23 10:55:56,574 - __main__ - DEBUG - 🎯 Eval HMM masking: step 150 masked due to negative reward
2025-09-23 10:55:58,176 - __main__ - DEBUG - 🎯 Eval HMM masking: step 50 masked due to negative reward
2025-09-23 10:56:01,790 - __main__ - DEBUG - 🎯 Eval HMM masking: step 150 masked due to negative reward
2025-09-23 10:56:02,316 - __main__ - DEBUG - 🎯 Eval HMM masking: step 200 masked due to negative reward
2025-09-23 10:56:04,218 - __main__ - DEBUG - 🎯 Eval HMM masking: step 100 masked due to negative reward
2025-09-23 10:56:06,324 - __main__ - WARNING - ⚠️ Episode 22 terminated due to step limit.
2025-09-23 10:56:12,660 - __main__ - WARNING - ⚠️ Episode 24 terminated due to step limit.
2025-09-23 10:56:13,899 - __main__ - DEBUG - 🎯 Eval HMM masking: step 100 masked due to negative reward
2025-09-23 10:56:17,522 - __main__ - WARNING - ⚠️ Episode 26 terminated due to step limit.
2025-09-23 10:56:19,810 - __main__ - DEBUG - 🎯 Eval HMM masking: step 200 masked due to negative reward
2025-09-23 10:56:20,860 - __main__ - WARNING - ⚠️ Episode 27 terminated due to step limit.
2025-09-23 10:56:22,094 - __main__ - DEBUG - 🎯 Eval HMM masking: step 100 masked due to negative reward
2025-09-23 10:56:23,158 - __main__ - DEBUG - 🎯 Eval HMM masking: step 200 masked due to negative reward
2025-09-23 10:56:24,212 - __main__ - WARNING - ⚠️ Episode 28 terminated due to step limit.
2025-09-23 10:56:25,389 - __main__ - DEBUG - 🎯 Eval HMM masking: step 50 masked due to negative reward
2025-09-23 10:56:31,829 - __main__ - WARNING - ⚠️ Episode 33 terminated due to step limit.
2025-09-23 10:56:35,176 - __main__ - WARNING - ⚠️ Episode 34 terminated due to step limit.
2025-09-23 10:56:38,524 - __main__ - WARNING - ⚠️ Episode 35 terminated due to step limit.
2025-09-23 10:56:39,231 - __main__ - DEBUG - 🎯 Eval HMM masking: step 50 masked due to negative reward
2025-09-23 10:56:40,828 - __main__ - DEBUG - 🎯 Eval HMM masking: step 200 masked due to negative reward
2025-09-23 10:56:41,878 - __main__ - WARNING - ⚠️ Episode 36 terminated due to step limit.
2025-09-23 10:56:44,488 - __main__ - DEBUG - 🎯 Eval HMM masking: step 150 masked due to negative reward
2025-09-23 10:56:49,417 - __main__ - DEBUG - 🎯 Eval HMM masking: step 50 masked due to negative reward
2025-09-23 10:56:53,314 - __main__ - DEBUG - 🎯 Eval HMM masking: step 250 masked due to negative reward
2025-09-23 10:56:53,833 - __main__ - WARNING - ⚠️ Episode 42 terminated due to step limit.
2025-09-23 10:56:57,173 - __main__ - WARNING - ⚠️ Episode 43 terminated due to step limit.
2025-09-23 10:56:59,469 - __main__ - DEBUG - 🎯 Eval HMM masking: step 200 masked due to negative reward
2025-09-23 10:57:00,520 - __main__ - WARNING - ⚠️ Episode 44 terminated due to step limit.
2025-09-23 10:57:01,230 - __main__ - DEBUG - 🎯 Eval HMM masking: step 50 masked due to negative reward
2025-09-23 10:57:03,863 - __main__ - DEBUG - 🎯 Eval HMM masking: step 100 masked due to negative reward
2025-09-23 10:57:07,989 - __main__ - DEBUG - 🎯 Eval HMM masking: step 50 masked due to negative reward
2025-09-23 10:57:10,611 - __main__ - WARNING - ⚠️ Episode 49 terminated due to step limit.
2025-09-23 10:57:13,960 - __main__ - WARNING - ⚠️ Episode 50 terminated due to step limit.
2025-09-23 10:57:14,129 - __main__ - INFO - 📊 Evaluation Results (Current Round):
2025-09-23 10:57:14,129 - __main__ - INFO -    Episodes: 50
2025-09-23 10:57:14,129 - __main__ - INFO -    Time: 126.1s (2.5s/ep)
2025-09-23 10:57:14,129 - __main__ - INFO -    Average Return: 0.129 ± 0.617
2025-09-23 10:57:14,130 - __main__ - INFO -    Success Rate: 46.0%
2025-09-23 10:57:14,130 - __main__ - INFO -    Average Length: 226.2
2025-09-23 10:57:14,130 - __main__ - INFO -    Average Coverage: 70.7 positions
2025-09-23 10:57:14,130 - __main__ - INFO -    Episode Completions: 23 terminated (46.0%), 27 truncated (54.0%)
2025-09-23 10:57:14,130 - __main__ - INFO - 📈 Total Evaluation Statistics:
2025-09-23 10:57:14,130 - __main__ - INFO -    Total Episodes: 800
2025-09-23 10:57:14,130 - __main__ - INFO -    Total Average Return: 0.125 ± 0.641
2025-09-23 10:57:14,130 - __main__ - INFO -    Total Average Length: 224.6 ± 106.9
2025-09-23 10:57:14,131 - __main__ - INFO -    Total Completions: 328 terminated (41.0%), 472 truncated (59.0%)
2025-09-23 10:57:14,131 - __main__ - INFO -    Skill Entropy: 0.001
2025-09-23 10:57:14,131 - __main__ - INFO -    Used Skills: 1.0
2025-09-23 10:57:14,131 - __main__ - INFO -    Effective K: 1.00
2025-09-23 10:57:14,131 - __main__ - INFO - 🎯 Action Usage Statistics:
2025-09-23 10:57:14,131 - __main__ - INFO -    Unique actions in evaluation: 8
2025-09-23 10:57:14,132 - __main__ - INFO -    Unique actions in training: 8
2025-09-23 10:57:14,132 - __main__ - INFO -    Total unique actions: 8
2025-09-23 10:57:14,132 - __main__ - INFO -    Action coverage: 6.6%
2025-09-23 10:57:14,132 - __main__ - INFO -    Train action count: 160768
2025-09-23 10:57:14,132 - __main__ - INFO -    Eval action count: 179685
2025-09-23 10:57:14,132 - __main__ - INFO -    Train action entropy: 2.050
2025-09-23 10:57:14,133 - __main__ - INFO -    Eval action entropy: 2.046
2025-09-23 10:57:14,133 - __main__ - INFO -    Top 3 train actions: #2(26697), #1(25845), #3(25043)
2025-09-23 10:57:14,133 - __main__ - INFO -    Top 3 eval actions: #2(30767), #1(29430), #3(27946)
2025-09-23 10:57:16,308 - __main__ - INFO - 📊 Episodes completed this rollout: 1
2025-09-23 10:57:16,309 - __main__ - INFO - 📈 Episode stats: avg return = 0.72, avg length = 248.0
2025-09-23 10:57:16,309 - __main__ - INFO - 🎯 Top 3 training actions: #2(26884), #1(25918), #3(25123)
2025-09-23 10:57:19,570 - __main__ - INFO - 📊 Episodes completed this rollout: 10
2025-09-23 10:57:19,570 - __main__ - INFO - 📈 Episode stats: avg return = 0.09, avg length = 224.3
2025-09-23 10:57:19,571 - __main__ - INFO - 🎯 Top 3 training actions: #2(27057), #1(26010), #3(25226)
2025-09-23 10:57:20,570 - __main__ - INFO - 🔄 Synchronized model update at step 162,816
2025-09-23 10:57:20,570 - __main__ - INFO -    HMM interval: 12,000, VAE interval: 12,000
2025-09-23 10:57:20,571 - __main__ - INFO - 🚫 Model training masking: 1536/12288 timesteps masked (12.5%) due to negative rewards (invalid actions)
2025-09-23 10:57:20,950 - __main__ - INFO - 🔄 Capping HMM batch size from 1051 to 128 to prevent OOM
2025-09-23 10:57:20,951 - __main__ - INFO - 🔄 HMM refresh starting at step 162,816 with replay size 128x118
2025-09-23 10:57:27,801 - __main__ - DEBUG - Initial ELBO: 3266.2629
2025-09-23 10:57:27,805 - __main__ - DEBUG - Relative tol: 0.0100
2025-09-23 10:57:27,805 - __main__ - DEBUG - Relative elbo_drop_tol: 0.0100
2025-09-23 10:57:27,805 - __main__ - DEBUG - - Init -505.7325
2025-09-23 10:57:27,806 - __main__ - DEBUG - - Trans -3.7809
2025-09-23 10:57:27,806 - __main__ - DEBUG - - Emit 18385.8627
2025-09-23 10:57:27,806 - __main__ - DEBUG - - Entropy 0.0007
2025-09-23 10:57:27,806 - __main__ - DEBUG - - Dir -26.5438
2025-09-23 10:57:27,806 - __main__ - DEBUG - - NIW -14567.5957
2025-09-23 10:57:27,806 - __main__ - DEBUG - - Beta prior -15.9475
2025-09-23 10:57:35,046 - __main__ - DEBUG - Iter 0: ELBO after FB: 3266.2629 (LL 17876.3500, Δ=0.0000)
2025-09-23 10:57:35,047 - __main__ - DEBUG - Blending stats with ρ_niw=0.0500, ρ_tr=0.0500.
2025-09-23 10:57:35,098 - __main__ - DEBUG - Iter 0: ELBO after NIW update: 5062.5388 (Emit LL 20370.6776, NIW term -14756.1348, Δ=1796.2759)
2025-09-23 10:57:35,149 - __main__ - DEBUG - Iter 0: ELBO after Dirichlet update: 5062.5791 (Trans LL -3.8247, Dir term -26.4598, Δ=0.0403)
2025-09-23 10:57:35,217 - __main__ - DEBUG - Iter 0: ELBO after β update: 5062.0471 (Init LL -506.2220, Dir term -26.4897, logp(β) -15.9600, Δ=-0.5319)
2025-09-23 10:57:42,461 - __main__ - DEBUG - Iter 1: ELBO after FB: 5062.0471 (LL 19860.6316, Δ=0.0000)
2025-09-23 10:57:42,462 - __main__ - DEBUG - Blending stats with ρ_niw=0.0500, ρ_tr=0.0500.
2025-09-23 10:57:42,513 - __main__ - DEBUG - Iter 1: ELBO after NIW update: 5062.0471 (Emit LL 20370.6776, NIW term -14756.1348, Δ=0.0000)
2025-09-23 10:57:42,584 - __main__ - DEBUG - Iter 1: ELBO after Dirichlet update: 5061.9727 (Trans LL -3.8127, Dir term -26.5761, Δ=-0.0744)
2025-09-23 10:57:42,652 - __main__ - DEBUG - Iter 1: ELBO after β update: 5061.4555 (Init LL -506.6686, Dir term -26.6421, logp(β) -15.9645, Δ=-0.5172)
2025-09-23 10:57:49,890 - __main__ - DEBUG - Iter 2: ELBO after FB: 5061.4555 (LL 19860.1970, Δ=0.0000)
2025-09-23 10:57:49,891 - __main__ - DEBUG - Blending stats with ρ_niw=0.0500, ρ_tr=0.0500.
2025-09-23 10:57:49,941 - __main__ - DEBUG - Iter 2: ELBO after NIW update: 5061.4555 (Emit LL 20370.6776, NIW term -14756.1348, Δ=0.0000)
2025-09-23 10:57:49,992 - __main__ - DEBUG - Iter 2: ELBO after Dirichlet update: 5061.2505 (Trans LL -3.8025, Dir term -26.8574, Δ=-0.2051)
2025-09-23 10:57:50,060 - __main__ - DEBUG - Iter 2: ELBO after β update: 5060.9878 (Init LL -506.8621, Dir term -26.9306, logp(β) -15.9605, Δ=-0.2626)
2025-09-23 10:57:57,304 - __main__ - DEBUG - Iter 3: ELBO after FB: 5060.9878 (LL 19860.0137, Δ=0.0000)
2025-09-23 10:57:57,305 - __main__ - DEBUG - Blending stats with ρ_niw=0.0500, ρ_tr=0.0500.
2025-09-23 10:57:57,356 - __main__ - DEBUG - Iter 3: ELBO after NIW update: 5060.9878 (Emit LL 20370.6776, NIW term -14756.1348, Δ=0.0000)
2025-09-23 10:57:57,406 - __main__ - DEBUG - Iter 3: ELBO after Dirichlet update: 5060.6340 (Trans LL -3.7983, Dir term -27.2886, Δ=-0.3538)
2025-09-23 10:57:57,468 - __main__ - DEBUG - Iter 3: ELBO after β update: 5060.6055 (Init LL -506.8489, Dir term -27.3343, logp(β) -15.9564, Δ=-0.0285)
2025-09-23 10:58:04,687 - __main__ - DEBUG - Iter 4: ELBO after FB: 5060.6055 (LL 19860.0310, Δ=0.0000)
2025-09-23 10:58:04,688 - __main__ - DEBUG - Blending stats with ρ_niw=0.0500, ρ_tr=0.0500.
2025-09-23 10:58:04,739 - __main__ - DEBUG - Iter 4: ELBO after NIW update: 5060.6055 (Emit LL 20370.6776, NIW term -14756.1348, Δ=0.0000)
2025-09-23 10:58:04,790 - __main__ - DEBUG - Iter 4: ELBO after Dirichlet update: 5060.3206 (Trans LL -3.7983, Dir term -27.6192, Δ=-0.2849)
2025-09-23 10:58:04,843 - __main__ - DEBUG - Iter 4: ELBO after β update: 5060.2268 (Init LL -506.9314, Dir term -27.6302, logp(β) -15.9568, Δ=-0.0938)
2025-09-23 10:58:04,846 - __main__ - INFO -    HMM refresh complete: ELBO=9.8620, iters=0, max iters, states=40
2025-09-23 10:58:04,846 - __main__ - INFO -    ✅ HMM updated (next in 12,000 steps)
2025-09-23 10:58:04,846 - __main__ - INFO - 🔄 VAE refresh starting at step 162,816 with replay size 8x1536
2025-09-23 10:58:04,847 - __main__ - INFO -    Using span sampling (12288 timesteps, too large for full buffer)
2025-09-23 10:58:27,893 - __main__ - INFO -    VAE refresh complete: final_loss=2721.2678, avg_loss=2726.5817, steps=4/4, trend=improving, total_timesteps=12288, span_sampling=32_requested×4_steps, span_len=64
2025-09-23 10:58:27,895 - __main__ - INFO -    ✅ VAE updated (next in 12,000 steps)
2025-09-23 10:58:30,079 - __main__ - INFO - 📊 Episodes completed this rollout: 1
2025-09-23 10:58:30,079 - __main__ - INFO - 📈 Episode stats: avg return = 0.98, avg length = 13.0
2025-09-23 10:58:30,079 - __main__ - INFO - 🎯 Top 3 training actions: #2(27226), #1(26103), #3(25349)
2025-09-23 10:58:33,288 - __main__ - INFO - 📊 Episodes completed this rollout: 5
2025-09-23 10:58:33,288 - __main__ - INFO - 📈 Episode stats: avg return = 0.36, avg length = 209.2
2025-09-23 10:58:33,288 - __main__ - INFO - 🎯 Top 3 training actions: #2(27418), #1(26211), #3(25441)
2025-09-23 10:58:36,681 - __main__ - INFO - 📊 Episodes completed this rollout: 5
2025-09-23 10:58:36,682 - __main__ - INFO - 📈 Episode stats: avg return = 0.14, avg length = 250.0
2025-09-23 10:58:36,682 - __main__ - INFO - 🎯 Top 3 training actions: #2(27628), #1(26304), #3(25536)
2025-09-23 10:58:39,905 - __main__ - INFO - 📊 Episodes completed this rollout: 5
2025-09-23 10:58:39,905 - __main__ - INFO - 📈 Episode stats: avg return = 0.05, avg length = 233.8
2025-09-23 10:58:39,905 - __main__ - INFO - 🎯 Top 3 training actions: #2(27804), #1(26396), #3(25646)
2025-09-23 10:58:43,107 - __main__ - INFO - 📊 Episodes completed this rollout: 4
2025-09-23 10:58:43,108 - __main__ - INFO - 📈 Episode stats: avg return = 0.18, avg length = 247.0
2025-09-23 10:58:43,108 - __main__ - INFO - 🎯 Top 3 training actions: #2(27977), #1(26478), #3(25752)
2025-09-23 10:58:46,283 - __main__ - INFO - 📊 Episodes completed this rollout: 4
2025-09-23 10:58:46,283 - __main__ - INFO - 📈 Episode stats: avg return = 0.53, avg length = 168.8
2025-09-23 10:58:46,284 - __main__ - INFO - 🎯 Top 3 training actions: #2(28139), #1(26572), #3(25864)
2025-09-23 10:58:49,505 - __main__ - INFO - 📊 Episodes completed this rollout: 6
2025-09-23 10:58:49,506 - __main__ - INFO - 📈 Episode stats: avg return = 0.26, avg length = 239.2
2025-09-23 10:58:49,506 - __main__ - INFO - 🎯 Top 3 training actions: #2(28310), #1(26666), #3(25971)
2025-09-23 10:58:52,724 - __main__ - INFO - 📊 Episodes completed this rollout: 5
2025-09-23 10:58:52,725 - __main__ - INFO - 📈 Episode stats: avg return = 0.20, avg length = 213.4
2025-09-23 10:58:52,725 - __main__ - INFO - 🎯 Top 3 training actions: #2(28495), #1(26742), #3(26126)
2025-09-23 10:58:53,726 - __main__ - INFO - 🧪 Starting evaluation with 50 episodes...
2025-09-23 10:58:53,726 - __main__ - INFO -    Eval seed: 51
2025-09-23 10:58:53,726 - __main__ - INFO -    Max episode steps (eval): env default
2025-09-23 10:58:53,727 - nle.env.base - INFO - Not saving any NLE data.
2025-09-23 10:58:55,885 - __main__ - DEBUG - 🎯 Eval HMM masking: step 200 masked due to negative reward
2025-09-23 10:58:56,947 - __main__ - WARNING - ⚠️ Episode 1 terminated due to step limit.
2025-09-23 10:58:59,886 - __main__ - DEBUG - 🎯 Eval HMM masking: step 250 masked due to negative reward
2025-09-23 10:59:00,407 - __main__ - WARNING - ⚠️ Episode 3 terminated due to step limit.
2025-09-23 10:59:03,770 - __main__ - WARNING - ⚠️ Episode 4 terminated due to step limit.
2025-09-23 10:59:07,117 - __main__ - WARNING - ⚠️ Episode 5 terminated due to step limit.
2025-09-23 10:59:11,639 - __main__ - DEBUG - 🎯 Eval HMM masking: step 250 masked due to negative reward
2025-09-23 10:59:12,157 - __main__ - WARNING - ⚠️ Episode 8 terminated due to step limit.
2025-09-23 10:59:15,518 - __main__ - WARNING - ⚠️ Episode 9 terminated due to step limit.
2025-09-23 10:59:16,224 - __main__ - DEBUG - 🎯 Eval HMM masking: step 50 masked due to negative reward
2025-09-23 10:59:23,684 - __main__ - WARNING - ⚠️ Episode 12 terminated due to step limit.
2025-09-23 10:59:27,809 - __main__ - WARNING - ⚠️ Episode 14 terminated due to step limit.
2025-09-23 10:59:34,105 - __main__ - WARNING - ⚠️ Episode 17 terminated due to step limit.
2025-09-23 10:59:38,719 - __main__ - WARNING - ⚠️ Episode 19 terminated due to step limit.
2025-09-23 10:59:40,436 - __main__ - DEBUG - 🎯 Eval HMM masking: step 50 masked due to negative reward
2025-09-23 10:59:43,083 - __main__ - WARNING - ⚠️ Episode 21 terminated due to step limit.
2025-09-23 10:59:45,388 - __main__ - DEBUG - 🎯 Eval HMM masking: step 200 masked due to negative reward
2025-09-23 10:59:51,369 - __main__ - WARNING - ⚠️ Episode 24 terminated due to step limit.
2025-09-23 10:59:53,666 - __main__ - DEBUG - 🎯 Eval HMM masking: step 200 masked due to negative reward
2025-09-23 10:59:54,201 - __main__ - DEBUG - 🎯 Eval HMM masking: step 250 masked due to negative reward
2025-09-23 10:59:54,727 - __main__ - WARNING - ⚠️ Episode 25 terminated due to step limit.
2025-09-23 10:59:55,438 - __main__ - DEBUG - 🎯 Eval HMM masking: step 50 masked due to negative reward
2025-09-23 10:59:56,502 - __main__ - DEBUG - 🎯 Eval HMM masking: step 150 masked due to negative reward
2025-09-23 10:59:57,898 - __main__ - DEBUG - 🎯 Eval HMM masking: step 50 masked due to negative reward
2025-09-23 11:00:00,546 - __main__ - WARNING - ⚠️ Episode 27 terminated due to step limit.
2025-09-23 11:00:03,942 - __main__ - WARNING - ⚠️ Episode 28 terminated due to step limit.
2025-09-23 11:00:06,796 - __main__ - DEBUG - 🎯 Eval HMM masking: step 250 masked due to negative reward
2025-09-23 11:00:07,319 - __main__ - WARNING - ⚠️ Episode 29 terminated due to step limit.
2025-09-23 11:00:12,967 - __main__ - WARNING - ⚠️ Episode 31 terminated due to step limit.
2025-09-23 11:00:16,342 - __main__ - WARNING - ⚠️ Episode 32 terminated due to step limit.
2025-09-23 11:00:17,572 - __main__ - DEBUG - 🎯 Eval HMM masking: step 100 masked due to negative reward
2025-09-23 11:00:21,580 - __main__ - WARNING - ⚠️ Episode 35 terminated due to step limit.
2025-09-23 11:00:24,935 - __main__ - WARNING - ⚠️ Episode 36 terminated due to step limit.
2025-09-23 11:00:28,281 - __main__ - DEBUG - 🎯 Eval HMM masking: step 100 masked due to negative reward
2025-09-23 11:00:31,861 - __main__ - DEBUG - 🎯 Eval HMM masking: step 100 masked due to negative reward
2025-09-23 11:00:34,017 - __main__ - WARNING - ⚠️ Episode 40 terminated due to step limit.
2025-09-23 11:00:37,784 - __main__ - WARNING - ⚠️ Episode 42 terminated due to step limit.
2025-09-23 11:00:47,441 - __main__ - DEBUG - 🎯 Eval HMM masking: step 150 masked due to negative reward
2025-09-23 11:00:48,969 - __main__ - DEBUG - 🎯 Eval HMM masking: step 100 masked due to negative reward
2025-09-23 11:00:50,034 - __main__ - DEBUG - 🎯 Eval HMM masking: step 200 masked due to negative reward
2025-09-23 11:00:51,090 - __main__ - WARNING - ⚠️ Episode 47 terminated due to step limit.
2025-09-23 11:00:54,424 - __main__ - WARNING - ⚠️ Episode 48 terminated due to step limit.
2025-09-23 11:00:56,702 - __main__ - DEBUG - 🎯 Eval HMM masking: step 200 masked due to negative reward
2025-09-23 11:00:57,755 - __main__ - WARNING - ⚠️ Episode 49 terminated due to step limit.
2025-09-23 11:00:58,029 - __main__ - INFO - 📊 Evaluation Results (Current Round):
2025-09-23 11:00:58,030 - __main__ - INFO -    Episodes: 50
2025-09-23 11:00:58,030 - __main__ - INFO -    Time: 124.3s (2.5s/ep)
2025-09-23 11:00:58,030 - __main__ - INFO -    Average Return: 0.236 ± 0.617
2025-09-23 11:00:58,030 - __main__ - INFO -    Success Rate: 50.0%
2025-09-23 11:00:58,030 - __main__ - INFO -    Average Length: 222.0
2025-09-23 11:00:58,030 - __main__ - INFO -    Average Coverage: 80.5 positions
2025-09-23 11:00:58,030 - __main__ - INFO -    Episode Completions: 25 terminated (50.0%), 25 truncated (50.0%)
2025-09-23 11:00:58,030 - __main__ - INFO - 📈 Total Evaluation Statistics:
2025-09-23 11:00:58,030 - __main__ - INFO -    Total Episodes: 850
2025-09-23 11:00:58,031 - __main__ - INFO -    Total Average Return: 0.132 ± 0.640
2025-09-23 11:00:58,031 - __main__ - INFO -    Total Average Length: 224.5 ± 106.5
2025-09-23 11:00:58,031 - __main__ - INFO -    Total Completions: 353 terminated (41.5%), 497 truncated (58.5%)
2025-09-23 11:00:58,031 - __main__ - INFO -    Skill Entropy: 0.001
2025-09-23 11:00:58,032 - __main__ - INFO -    Used Skills: 1.0
2025-09-23 11:00:58,032 - __main__ - INFO -    Effective K: 1.00
2025-09-23 11:00:58,032 - __main__ - INFO - 🎯 Action Usage Statistics:
2025-09-23 11:00:58,032 - __main__ - INFO -    Unique actions in evaluation: 8
2025-09-23 11:00:58,032 - __main__ - INFO -    Unique actions in training: 8
2025-09-23 11:00:58,032 - __main__ - INFO -    Total unique actions: 8
2025-09-23 11:00:58,032 - __main__ - INFO -    Action coverage: 6.6%
2025-09-23 11:00:58,032 - __main__ - INFO -    Train action count: 171008
2025-09-23 11:00:58,033 - __main__ - INFO -    Eval action count: 190785
2025-09-23 11:00:58,033 - __main__ - INFO -    Train action entropy: 2.054
2025-09-23 11:00:58,033 - __main__ - INFO -    Eval action entropy: 2.049
2025-09-23 11:00:58,034 - __main__ - INFO -    Top 3 train actions: #2(28495), #1(26742), #3(26126)
2025-09-23 11:00:58,034 - __main__ - INFO -    Top 3 eval actions: #2(32700), #1(30396), #3(29402)
2025-09-23 11:01:00,255 - __main__ - INFO - 📊 Episodes completed this rollout: 2
2025-09-23 11:01:00,256 - __main__ - INFO - 📈 Episode stats: avg return = -0.25, avg length = 300.0
2025-09-23 11:01:00,256 - __main__ - INFO - 🎯 Top 3 training actions: #2(28678), #1(26829), #3(26244)
2025-09-23 11:01:03,471 - __main__ - INFO - 📊 Episodes completed this rollout: 7
2025-09-23 11:01:03,471 - __main__ - INFO - 📈 Episode stats: avg return = 0.53, avg length = 145.9
2025-09-23 11:01:03,472 - __main__ - INFO - 🎯 Top 3 training actions: #2(28827), #1(26921), #3(26371)
2025-09-23 11:01:06,702 - __main__ - INFO - 📊 Episodes completed this rollout: 5
2025-09-23 11:01:06,702 - __main__ - INFO - 📈 Episode stats: avg return = -0.08, avg length = 280.8
2025-09-23 11:01:06,703 - __main__ - INFO - 🎯 Top 3 training actions: #2(28975), #1(27043), #3(26522)
2025-09-23 11:01:09,916 - __main__ - INFO - 📊 Episodes completed this rollout: 4
2025-09-23 11:01:09,917 - __main__ - INFO - 📈 Episode stats: avg return = 0.53, avg length = 186.8
2025-09-23 11:01:09,917 - __main__ - INFO - 🎯 Top 3 training actions: #2(29119), #1(27168), #3(26678)
2025-09-23 11:01:10,907 - __main__ - INFO - 🔄 Synchronized model update at step 175,104
2025-09-23 11:01:10,908 - __main__ - INFO -    HMM interval: 12,000, VAE interval: 12,000
2025-09-23 11:01:10,908 - __main__ - INFO - 🚫 Model training masking: 1284/12288 timesteps masked (10.4%) due to negative rewards (invalid actions)
2025-09-23 11:01:11,269 - __main__ - INFO - 🔄 Capping HMM batch size from 884 to 128 to prevent OOM
2025-09-23 11:01:11,270 - __main__ - INFO - 🔄 HMM refresh starting at step 175,104 with replay size 128x90
2025-09-23 11:01:16,525 - __main__ - DEBUG - Initial ELBO: 12338.6069
2025-09-23 11:01:16,529 - __main__ - DEBUG - Relative tol: 0.0100
2025-09-23 11:01:16,529 - __main__ - DEBUG - Relative elbo_drop_tol: 0.0100
2025-09-23 11:01:16,530 - __main__ - DEBUG - - Init -506.2220
2025-09-23 11:01:16,530 - __main__ - DEBUG - - Trans -5.2841
2025-09-23 11:01:16,530 - __main__ - DEBUG - - Emit 27648.6969
2025-09-23 11:01:16,530 - __main__ - DEBUG - - Entropy 0.0005
2025-09-23 11:01:16,530 - __main__ - DEBUG - - Dir -26.4897
2025-09-23 11:01:16,530 - __main__ - DEBUG - - NIW -14756.1348
2025-09-23 11:01:16,530 - __main__ - DEBUG - - Beta prior -15.9600
2025-09-23 11:01:22,075 - __main__ - DEBUG - Iter 0: ELBO after FB: 12338.6069 (LL 27137.1913, Δ=0.0000)
2025-09-23 11:01:22,076 - __main__ - DEBUG - Blending stats with ρ_niw=0.0500, ρ_tr=0.0500.
2025-09-23 11:01:22,126 - __main__ - DEBUG - Iter 0: ELBO after NIW update: 15124.9189 (Emit LL 30804.9601, NIW term -15126.0859, Δ=2786.3120)
2025-09-23 11:01:22,176 - __main__ - DEBUG - Iter 0: ELBO after Dirichlet update: 15124.9465 (Trans LL -5.2633, Dir term -26.4829, Δ=0.0276)
2025-09-23 11:01:22,246 - __main__ - DEBUG - Iter 0: ELBO after β update: 15124.4331 (Init LL -506.6973, Dir term -26.5083, logp(β) -15.9726, Δ=-0.5134)
2025-09-23 11:01:27,833 - __main__ - DEBUG - Iter 1: ELBO after FB: 15124.4331 (LL 30293.0000, Δ=0.0000)
2025-09-23 11:01:27,834 - __main__ - DEBUG - Blending stats with ρ_niw=0.0500, ρ_tr=0.0500.
2025-09-23 11:01:27,884 - __main__ - DEBUG - Iter 1: ELBO after NIW update: 15124.4331 (Emit LL 30804.9601, NIW term -15126.0859, Δ=0.0000)
2025-09-23 11:01:27,934 - __main__ - DEBUG - Iter 1: ELBO after Dirichlet update: 15124.3560 (Trans LL -5.2476, Dir term -26.6012, Δ=-0.0771)
2025-09-23 11:01:28,003 - __main__ - DEBUG - Iter 1: ELBO after β update: 15123.8421 (Init LL -507.1474, Dir term -26.6605, logp(β) -15.9769, Δ=-0.5139)
2025-09-23 11:01:33,599 - __main__ - DEBUG - Iter 2: ELBO after FB: 15123.8421 (LL 30292.5655, Δ=0.0000)
2025-09-23 11:01:33,600 - __main__ - DEBUG - Blending stats with ρ_niw=0.0500, ρ_tr=0.0500.
2025-09-23 11:01:33,650 - __main__ - DEBUG - Iter 2: ELBO after NIW update: 15123.8421 (Emit LL 30804.9601, NIW term -15126.0859, Δ=0.0000)
2025-09-23 11:01:33,700 - __main__ - DEBUG - Iter 2: ELBO after Dirichlet update: 15123.6198 (Trans LL -5.2335, Dir term -26.8970, Δ=-0.2223)
2025-09-23 11:01:33,768 - __main__ - DEBUG - Iter 2: ELBO after β update: 15123.4065 (Init LL -507.2994, Dir term -26.9638, logp(β) -15.9715, Δ=-0.2133)
2025-09-23 11:01:39,345 - __main__ - DEBUG - Iter 3: ELBO after FB: 15123.4065 (LL 30292.4277, Δ=0.0000)
2025-09-23 11:01:39,346 - __main__ - DEBUG - Blending stats with ρ_niw=0.0500, ρ_tr=0.0500.
2025-09-23 11:01:39,396 - __main__ - DEBUG - Iter 3: ELBO after NIW update: 15123.4065 (Emit LL 30804.9601, NIW term -15126.0859, Δ=0.0000)
2025-09-23 11:01:39,445 - __main__ - DEBUG - Iter 3: ELBO after Dirichlet update: 15123.0764 (Trans LL -5.2285, Dir term -27.2989, Δ=-0.3301)
2025-09-23 11:01:39,502 - __main__ - DEBUG - Iter 3: ELBO after β update: 15123.1242 (Init LL -507.2271, Dir term -27.3246, logp(β) -15.9702, Δ=0.0478)
2025-09-23 11:01:45,090 - __main__ - DEBUG - Iter 4: ELBO after FB: 15123.1242 (LL 30292.5049, Δ=0.0000)
2025-09-23 11:01:45,091 - __main__ - DEBUG - Blending stats with ρ_niw=0.0500, ρ_tr=0.0500.
2025-09-23 11:01:45,142 - __main__ - DEBUG - Iter 4: ELBO after NIW update: 15123.1242 (Emit LL 30804.9601, NIW term -15126.0859, Δ=0.0000)
2025-09-23 11:01:45,193 - __main__ - DEBUG - Iter 4: ELBO after Dirichlet update: 15122.9684 (Trans LL -5.2310, Dir term -27.4779, Δ=-0.1558)
2025-09-23 11:01:45,251 - __main__ - DEBUG - Iter 4: ELBO after β update: 15122.7685 (Init LL -507.3814, Dir term -27.5258, logp(β) -15.9679, Δ=-0.1999)
2025-09-23 11:01:45,254 - __main__ - INFO -    HMM refresh complete: ELBO=425.4832, iters=0, max iters, states=40
2025-09-23 11:01:45,254 - __main__ - INFO -    ✅ HMM updated (next in 12,000 steps)
2025-09-23 11:01:45,255 - __main__ - INFO - 🔄 VAE refresh starting at step 175,104 with replay size 8x1536
2025-09-23 11:01:45,255 - __main__ - INFO -    Using span sampling (12288 timesteps, too large for full buffer)
2025-09-23 11:02:08,563 - __main__ - INFO -    VAE refresh complete: final_loss=2713.0518, avg_loss=2719.1353, steps=4/4, trend=improving, total_timesteps=12288, span_sampling=32_requested×4_steps, span_len=64
2025-09-23 11:02:08,564 - __main__ - INFO -    ✅ VAE updated (next in 12,000 steps)
2025-09-23 11:02:10,779 - __main__ - INFO - 📊 Episodes completed this rollout: 5
2025-09-23 11:02:10,779 - __main__ - INFO - 📈 Episode stats: avg return = 0.18, avg length = 226.2
2025-09-23 11:02:10,779 - __main__ - INFO - 🎯 Top 3 training actions: #2(29271), #1(27280), #3(26831)
2025-09-23 11:02:13,976 - __main__ - INFO - 📊 Episodes completed this rollout: 4
2025-09-23 11:02:13,977 - __main__ - INFO - 📈 Episode stats: avg return = 0.00, avg length = 267.8
2025-09-23 11:02:13,977 - __main__ - INFO - 🎯 Top 3 training actions: #2(29391), #1(27393), #3(27005)
2025-09-23 11:02:17,186 - __main__ - INFO - 📊 Episodes completed this rollout: 3
2025-09-23 11:02:17,186 - __main__ - INFO - 📈 Episode stats: avg return = -0.40, avg length = 300.0
2025-09-23 11:02:17,187 - __main__ - INFO - 🎯 Top 3 training actions: #2(29533), #1(27496), #3(27192)
2025-09-23 11:02:20,387 - __main__ - INFO - 📊 Episodes completed this rollout: 6
2025-09-23 11:02:20,387 - __main__ - INFO - 📈 Episode stats: avg return = 0.24, avg length = 199.7
2025-09-23 11:02:20,387 - __main__ - INFO - 🎯 Top 3 training actions: #2(29703), #1(27578), #3(27352)
2025-09-23 11:02:23,601 - __main__ - INFO - 📊 Episodes completed this rollout: 3
2025-09-23 11:02:23,601 - __main__ - INFO - 📈 Episode stats: avg return = -0.45, avg length = 300.0
2025-09-23 11:02:23,602 - __main__ - INFO - 🎯 Top 3 training actions: #2(29874), #1(27676), #3(27508)
2025-09-23 11:02:24,605 - __main__ - INFO - 🧪 Starting evaluation with 50 episodes...
2025-09-23 11:02:24,605 - __main__ - INFO -    Eval seed: 51
2025-09-23 11:02:24,605 - __main__ - INFO -    Max episode steps (eval): env default
2025-09-23 11:02:24,606 - nle.env.base - INFO - Not saving any NLE data.
2025-09-23 11:02:26,209 - __main__ - DEBUG - 🎯 Eval HMM masking: step 150 masked due to negative reward
2025-09-23 11:02:27,788 - __main__ - WARNING - ⚠️ Episode 1 terminated due to step limit.
2025-09-23 11:02:31,590 - __main__ - WARNING - ⚠️ Episode 3 terminated due to step limit.
2025-09-23 11:02:33,719 - __main__ - DEBUG - 🎯 Eval HMM masking: step 150 masked due to negative reward
2025-09-23 11:02:35,300 - __main__ - WARNING - ⚠️ Episode 5 terminated due to step limit.
2025-09-23 11:02:38,645 - __main__ - WARNING - ⚠️ Episode 6 terminated due to step limit.
2025-09-23 11:02:39,775 - __main__ - DEBUG - 🎯 Eval HMM masking: step 50 masked due to negative reward
2025-09-23 11:02:40,295 - __main__ - DEBUG - 🎯 Eval HMM masking: step 100 masked due to negative reward
2025-09-23 11:02:42,406 - __main__ - WARNING - ⚠️ Episode 8 terminated due to step limit.
2025-09-23 11:02:45,245 - __main__ - DEBUG - 🎯 Eval HMM masking: step 250 masked due to negative reward
2025-09-23 11:02:45,773 - __main__ - WARNING - ⚠️ Episode 9 terminated due to step limit.
2025-09-23 11:02:49,263 - __main__ - DEBUG - 🎯 Eval HMM masking: step 50 masked due to negative reward
2025-09-23 11:02:50,654 - __main__ - DEBUG - 🎯 Eval HMM masking: step 50 masked due to negative reward
2025-09-23 11:02:53,661 - __main__ - DEBUG - 🎯 Eval HMM masking: step 150 masked due to negative reward
2025-09-23 11:02:55,241 - __main__ - WARNING - ⚠️ Episode 16 terminated due to step limit.
2025-09-23 11:02:57,004 - __main__ - DEBUG - 🎯 Eval HMM masking: step 150 masked due to negative reward
2025-09-23 11:02:58,579 - __main__ - WARNING - ⚠️ Episode 17 terminated due to step limit.
2025-09-23 11:03:00,885 - __main__ - DEBUG - 🎯 Eval HMM masking: step 200 masked due to negative reward
2025-09-23 11:03:01,949 - __main__ - WARNING - ⚠️ Episode 18 terminated due to step limit.
2025-09-23 11:03:03,186 - __main__ - DEBUG - 🎯 Eval HMM masking: step 100 masked due to negative reward
2025-09-23 11:03:04,738 - __main__ - DEBUG - 🎯 Eval HMM masking: step 100 masked due to negative reward
2025-09-23 11:03:05,346 - __main__ - DEBUG - 🎯 Eval HMM masking: step 50 masked due to negative reward
2025-09-23 11:03:07,956 - __main__ - WARNING - ⚠️ Episode 21 terminated due to step limit.
2025-09-23 11:03:11,284 - __main__ - WARNING - ⚠️ Episode 22 terminated due to step limit.
2025-09-23 11:03:14,634 - __main__ - WARNING - ⚠️ Episode 23 terminated due to step limit.
2025-09-23 11:03:17,970 - __main__ - WARNING - ⚠️ Episode 24 terminated due to step limit.
2025-09-23 11:03:21,327 - __main__ - WARNING - ⚠️ Episode 25 terminated due to step limit.
2025-09-23 11:03:23,097 - __main__ - DEBUG - 🎯 Eval HMM masking: step 150 masked due to negative reward
2025-09-23 11:03:24,708 - __main__ - WARNING - ⚠️ Episode 26 terminated due to step limit.
2025-09-23 11:03:27,012 - __main__ - DEBUG - 🎯 Eval HMM masking: step 200 masked due to negative reward
2025-09-23 11:03:28,068 - __main__ - WARNING - ⚠️ Episode 27 terminated due to step limit.
2025-09-23 11:03:28,776 - __main__ - DEBUG - 🎯 Eval HMM masking: step 50 masked due to negative reward
2025-09-23 11:03:30,895 - __main__ - DEBUG - 🎯 Eval HMM masking: step 250 masked due to negative reward
2025-09-23 11:03:31,416 - __main__ - WARNING - ⚠️ Episode 28 terminated due to step limit.
2025-09-23 11:03:35,331 - __main__ - DEBUG - 🎯 Eval HMM masking: step 50 masked due to negative reward
2025-09-23 11:03:40,801 - __main__ - WARNING - ⚠️ Episode 31 terminated due to step limit.
2025-09-23 11:03:43,074 - __main__ - DEBUG - 🎯 Eval HMM masking: step 200 masked due to negative reward
2025-09-23 11:03:44,117 - __main__ - WARNING - ⚠️ Episode 32 terminated due to step limit.
2025-09-23 11:03:44,821 - __main__ - DEBUG - 🎯 Eval HMM masking: step 50 masked due to negative reward
2025-09-23 11:03:48,687 - __main__ - DEBUG - 🎯 Eval HMM masking: step 50 masked due to negative reward
2025-09-23 11:03:51,305 - __main__ - WARNING - ⚠️ Episode 35 terminated due to step limit.
2025-09-23 11:03:52,531 - __main__ - DEBUG - 🎯 Eval HMM masking: step 100 masked due to negative reward
2025-09-23 11:03:54,111 - __main__ - DEBUG - 🎯 Eval HMM masking: step 250 masked due to negative reward
2025-09-23 11:03:54,631 - __main__ - WARNING - ⚠️ Episode 36 terminated due to step limit.
2025-09-23 11:03:55,858 - __main__ - DEBUG - 🎯 Eval HMM masking: step 100 masked due to negative reward
2025-09-23 11:03:56,916 - __main__ - DEBUG - 🎯 Eval HMM masking: step 200 masked due to negative reward
2025-09-23 11:03:57,959 - __main__ - WARNING - ⚠️ Episode 37 terminated due to step limit.
2025-09-23 11:04:02,090 - __main__ - DEBUG - 🎯 Eval HMM masking: step 250 masked due to negative reward
2025-09-23 11:04:02,610 - __main__ - WARNING - ⚠️ Episode 39 terminated due to step limit.
2025-09-23 11:04:03,311 - __main__ - DEBUG - 🎯 Eval HMM masking: step 50 masked due to negative reward
2025-09-23 11:04:05,940 - __main__ - WARNING - ⚠️ Episode 40 terminated due to step limit.
2025-09-23 11:04:09,249 - __main__ - WARNING - ⚠️ Episode 41 terminated due to step limit.
2025-09-23 11:04:12,051 - __main__ - DEBUG - 🎯 Eval HMM masking: step 250 masked due to negative reward
2025-09-23 11:04:12,567 - __main__ - WARNING - ⚠️ Episode 42 terminated due to step limit.
2025-09-23 11:04:15,883 - __main__ - WARNING - ⚠️ Episode 43 terminated due to step limit.
2025-09-23 11:04:17,110 - __main__ - DEBUG - 🎯 Eval HMM masking: step 100 masked due to negative reward
2025-09-23 11:04:19,492 - __main__ - DEBUG - 🎯 Eval HMM masking: step 200 masked due to negative reward
2025-09-23 11:04:26,138 - __main__ - WARNING - ⚠️ Episode 48 terminated due to step limit.
2025-09-23 11:04:26,833 - __main__ - DEBUG - 🎯 Eval HMM masking: step 50 masked due to negative reward
2025-09-23 11:04:29,428 - __main__ - WARNING - ⚠️ Episode 49 terminated due to step limit.
2025-09-23 11:04:31,711 - __main__ - DEBUG - 🎯 Eval HMM masking: step 200 masked due to negative reward
2025-09-23 11:04:32,750 - __main__ - WARNING - ⚠️ Episode 50 terminated due to step limit.
2025-09-23 11:04:32,915 - __main__ - INFO - 📊 Evaluation Results (Current Round):
2025-09-23 11:04:32,915 - __main__ - INFO -    Episodes: 50
2025-09-23 11:04:32,915 - __main__ - INFO -    Time: 128.3s (2.6s/ep)
2025-09-23 11:04:32,915 - __main__ - INFO -    Average Return: 0.107 ± 0.629
2025-09-23 11:04:32,915 - __main__ - INFO -    Success Rate: 40.0%
2025-09-23 11:04:32,915 - __main__ - INFO -    Average Length: 230.8
2025-09-23 11:04:32,915 - __main__ - INFO -    Average Coverage: 76.7 positions
2025-09-23 11:04:32,916 - __main__ - INFO -    Episode Completions: 20 terminated (40.0%), 30 truncated (60.0%)
2025-09-23 11:04:32,916 - __main__ - INFO - 📈 Total Evaluation Statistics:
2025-09-23 11:04:32,916 - __main__ - INFO -    Total Episodes: 900
2025-09-23 11:04:32,916 - __main__ - INFO -    Total Average Return: 0.130 ± 0.639
2025-09-23 11:04:32,916 - __main__ - INFO -    Total Average Length: 224.8 ± 106.3
2025-09-23 11:04:32,916 - __main__ - INFO -    Total Completions: 373 terminated (41.4%), 527 truncated (58.6%)
2025-09-23 11:04:32,916 - __main__ - INFO -    Skill Entropy: 0.001
2025-09-23 11:04:32,916 - __main__ - INFO -    Used Skills: 1.0
2025-09-23 11:04:32,917 - __main__ - INFO -    Effective K: 1.00
2025-09-23 11:04:32,917 - __main__ - INFO - 🎯 Action Usage Statistics:
2025-09-23 11:04:32,917 - __main__ - INFO -    Unique actions in evaluation: 8
2025-09-23 11:04:32,917 - __main__ - INFO -    Unique actions in training: 8
2025-09-23 11:04:32,917 - __main__ - INFO -    Total unique actions: 8
2025-09-23 11:04:32,917 - __main__ - INFO -    Action coverage: 6.6%
2025-09-23 11:04:32,917 - __main__ - INFO -    Train action count: 180224
2025-09-23 11:04:32,918 - __main__ - INFO -    Eval action count: 202324
2025-09-23 11:04:32,918 - __main__ - INFO -    Train action entropy: 2.056
2025-09-23 11:04:32,918 - __main__ - INFO -    Eval action entropy: 2.051
2025-09-23 11:04:32,919 - __main__ - INFO -    Top 3 train actions: #2(29874), #1(27676), #3(27508)
2025-09-23 11:04:32,919 - __main__ - INFO -    Top 3 eval actions: #2(34710), #1(31635), #3(31006)
2025-09-23 11:04:35,127 - __main__ - INFO - 📊 Episodes completed this rollout: 3
2025-09-23 11:04:35,128 - __main__ - INFO - 📈 Episode stats: avg return = -0.45, avg length = 300.0
2025-09-23 11:04:35,128 - __main__ - INFO - 🎯 Top 3 training actions: #2(30055), #1(27791), #3(27629)
2025-09-23 11:04:38,373 - __main__ - INFO - 📊 Episodes completed this rollout: 7
2025-09-23 11:04:38,373 - __main__ - INFO - 📈 Episode stats: avg return = 0.17, avg length = 196.4
2025-09-23 11:04:38,373 - __main__ - INFO - 🎯 Top 3 training actions: #2(30222), #1(27923), #3(27765)
2025-09-23 11:04:41,540 - __main__ - INFO - 📊 Episodes completed this rollout: 4
2025-09-23 11:04:41,541 - __main__ - INFO - 📈 Episode stats: avg return = 0.32, avg length = 152.0
2025-09-23 11:04:41,541 - __main__ - INFO - 🎯 Top 3 training actions: #2(30373), #1(28076), #3(27900)
2025-09-23 11:04:44,724 - __main__ - INFO - 📊 Episodes completed this rollout: 7
2025-09-23 11:04:44,724 - __main__ - INFO - 📈 Episode stats: avg return = 0.35, avg length = 197.7
2025-09-23 11:04:44,725 - __main__ - INFO - 🎯 Top 3 training actions: #2(30549), #1(28210), #3(28052)
2025-09-23 11:04:47,910 - __main__ - INFO - 📊 Episodes completed this rollout: 4
2025-09-23 11:04:47,910 - __main__ - INFO - 📈 Episode stats: avg return = 0.01, avg length = 233.8
2025-09-23 11:04:47,911 - __main__ - INFO - 🎯 Top 3 training actions: #2(30740), #1(28359), #3(28207)
2025-09-23 11:04:51,108 - __main__ - INFO - 📊 Episodes completed this rollout: 6
2025-09-23 11:04:51,108 - __main__ - INFO - 📈 Episode stats: avg return = 0.51, avg length = 147.2
2025-09-23 11:04:51,109 - __main__ - INFO - 🎯 Top 3 training actions: #2(30952), #1(28480), #3(28397)
2025-09-23 11:04:54,319 - __main__ - INFO - 📊 Episodes completed this rollout: 6
2025-09-23 11:04:54,319 - __main__ - INFO - 📈 Episode stats: avg return = 0.02, avg length = 232.0
2025-09-23 11:04:54,319 - __main__ - INFO - 🎯 Top 3 training actions: #2(31246), #1(28612), #3(28572)
2025-09-23 11:04:55,311 - __main__ - INFO - 🔄 Synchronized model update at step 187,392
2025-09-23 11:04:55,312 - __main__ - INFO -    HMM interval: 12,000, VAE interval: 12,000
2025-09-23 11:04:55,312 - __main__ - INFO - 🚫 Model training masking: 1836/12288 timesteps masked (14.9%) due to negative rewards (invalid actions)
2025-09-23 11:04:55,680 - __main__ - INFO - 🔄 Capping HMM batch size from 1184 to 128 to prevent OOM
2025-09-23 11:04:55,681 - __main__ - INFO - 🔄 HMM refresh starting at step 187,392 with replay size 128x69
2025-09-23 11:04:59,711 - __main__ - DEBUG - Initial ELBO: 2834.7248
2025-09-23 11:04:59,713 - __main__ - DEBUG - Relative tol: 0.0100
2025-09-23 11:04:59,714 - __main__ - DEBUG - Relative elbo_drop_tol: 0.0100
2025-09-23 11:04:59,714 - __main__ - DEBUG - - Init -506.6973
2025-09-23 11:04:59,714 - __main__ - DEBUG - - Trans -2.9921
2025-09-23 11:04:59,714 - __main__ - DEBUG - - Emit 18512.9805
2025-09-23 11:04:59,714 - __main__ - DEBUG - - Entropy 0.0004
2025-09-23 11:04:59,714 - __main__ - DEBUG - - Dir -26.5083
2025-09-23 11:04:59,714 - __main__ - DEBUG - - NIW -15126.0859
2025-09-23 11:04:59,714 - __main__ - DEBUG - - Beta prior -15.9726
2025-09-23 11:05:04,077 - __main__ - DEBUG - Iter 0: ELBO after FB: 2834.7248 (LL 18003.2916, Δ=0.0000)
2025-09-23 11:05:04,077 - __main__ - DEBUG - Blending stats with ρ_niw=0.0500, ρ_tr=0.0500.
2025-09-23 11:05:04,125 - __main__ - DEBUG - Iter 0: ELBO after NIW update: 3573.1163 (Emit LL 19362.7530, NIW term -15237.4668, Δ=738.3915)
2025-09-23 11:05:04,172 - __main__ - DEBUG - Iter 0: ELBO after Dirichlet update: 3573.1839 (Trans LL -3.0509, Dir term -26.3819, Δ=0.0676)
2025-09-23 11:05:04,237 - __main__ - DEBUG - Iter 0: ELBO after β update: 3572.6642 (Init LL -507.1726, Dir term -26.4135, logp(β) -15.9853, Δ=-0.5196)
2025-09-23 11:05:08,618 - __main__ - DEBUG - Iter 1: ELBO after FB: 3572.6642 (LL 18852.5298, Δ=0.0000)
2025-09-23 11:05:08,619 - __main__ - DEBUG - Blending stats with ρ_niw=0.0500, ρ_tr=0.0500.
2025-09-23 11:05:08,666 - __main__ - DEBUG - Iter 1: ELBO after NIW update: 3572.6642 (Emit LL 19362.7530, NIW term -15237.4668, Δ=0.0000)
2025-09-23 11:05:08,713 - __main__ - DEBUG - Iter 1: ELBO after Dirichlet update: 3572.5804 (Trans LL -3.0420, Dir term -26.5063, Δ=-0.0838)
2025-09-23 11:05:08,777 - __main__ - DEBUG - Iter 1: ELBO after β update: 3572.0785 (Init LL -507.6213, Dir term -26.5556, logp(β) -15.9892, Δ=-0.5020)
2025-09-23 11:05:13,146 - __main__ - DEBUG - Iter 2: ELBO after FB: 3572.0785 (LL 18852.0901, Δ=0.0000)
2025-09-23 11:05:13,147 - __main__ - DEBUG - Blending stats with ρ_niw=0.0500, ρ_tr=0.0500.
2025-09-23 11:05:13,201 - __main__ - DEBUG - Iter 2: ELBO after NIW update: 3572.0785 (Emit LL 19362.7530, NIW term -15237.4668, Δ=0.0000)
2025-09-23 11:05:13,249 - __main__ - DEBUG - Iter 2: ELBO after Dirichlet update: 3571.8570 (Trans LL -3.0340, Dir term -26.7851, Δ=-0.2215)
2025-09-23 11:05:13,314 - __main__ - DEBUG - Iter 2: ELBO after β update: 3571.6386 (Init LL -507.7733, Dir term -26.8569, logp(β) -15.9838, Δ=-0.2184)
2025-09-23 11:05:17,686 - __main__ - DEBUG - Iter 3: ELBO after FB: 3571.6386 (LL 18851.9460, Δ=0.0000)
2025-09-23 11:05:17,686 - __main__ - DEBUG - Blending stats with ρ_niw=0.0500, ρ_tr=0.0500.
2025-09-23 11:05:17,753 - __main__ - DEBUG - Iter 3: ELBO after NIW update: 3571.6386 (Emit LL 19362.7530, NIW term -15237.4668, Δ=0.0000)
2025-09-23 11:05:17,801 - __main__ - DEBUG - Iter 3: ELBO after Dirichlet update: 3571.2645 (Trans LL -3.0312, Dir term -27.2337, Δ=-0.3740)
2025-09-23 11:05:17,854 - __main__ - DEBUG - Iter 3: ELBO after β update: 3571.3282 (Init LL -507.6758, Dir term -27.2697, logp(β) -15.9818, Δ=0.0636)
2025-09-23 11:05:22,251 - __main__ - DEBUG - Iter 4: ELBO after FB: 3571.3282 (LL 18852.0464, Δ=0.0000)
2025-09-23 11:05:22,251 - __main__ - DEBUG - Blending stats with ρ_niw=0.0500, ρ_tr=0.0500.
2025-09-23 11:05:22,298 - __main__ - DEBUG - Iter 4: ELBO after NIW update: 3571.3282 (Emit LL 19362.7530, NIW term -15237.4668, Δ=0.0000)
2025-09-23 11:05:22,343 - __main__ - DEBUG - Iter 4: ELBO after Dirichlet update: 3571.2085 (Trans LL -3.0330, Dir term -27.3875, Δ=-0.1196)
2025-09-23 11:05:22,397 - __main__ - DEBUG - Iter 4: ELBO after β update: 3571.0831 (Init LL -507.7929, Dir term -27.3978, logp(β) -15.9797, Δ=-0.1255)
2025-09-23 11:05:22,398 - __main__ - INFO -    HMM refresh complete: ELBO=81.7660, iters=0, max iters, states=40
2025-09-23 11:05:22,399 - __main__ - INFO -    ✅ HMM updated (next in 12,000 steps)
2025-09-23 11:05:22,399 - __main__ - INFO - 🔄 VAE refresh starting at step 187,392 with replay size 8x1536
2025-09-23 11:05:22,400 - __main__ - INFO -    Using span sampling (12288 timesteps, too large for full buffer)
2025-09-23 11:05:44,405 - __main__ - INFO -    VAE refresh complete: final_loss=2683.1804, avg_loss=2691.2955, steps=4/4, trend=improving, total_timesteps=12288, span_sampling=32_requested×4_steps, span_len=64
2025-09-23 11:05:44,407 - __main__ - INFO -    ✅ VAE updated (next in 12,000 steps)
2025-09-23 11:05:46,623 - __main__ - INFO - 📊 Episodes completed this rollout: 4
2025-09-23 11:05:46,624 - __main__ - INFO - 📈 Episode stats: avg return = 0.21, avg length = 217.5
2025-09-23 11:05:46,624 - __main__ - INFO - 🎯 Top 3 training actions: #2(31568), #1(28733), #3(28722)
2025-09-23 11:05:49,819 - __main__ - INFO - 📊 Episodes completed this rollout: 3
2025-09-23 11:05:49,819 - __main__ - INFO - 📈 Episode stats: avg return = 0.10, avg length = 213.0
2025-09-23 11:05:49,819 - __main__ - INFO - 🎯 Top 3 training actions: #2(31802), #3(28879), #1(28852)
2025-09-23 11:05:53,047 - __main__ - INFO - 📊 Episodes completed this rollout: 5
2025-09-23 11:05:53,048 - __main__ - INFO - 📈 Episode stats: avg return = -0.07, avg length = 291.8
2025-09-23 11:05:53,048 - __main__ - INFO - 🎯 Top 3 training actions: #2(32055), #3(29018), #1(28963)
2025-09-23 11:05:54,047 - __main__ - INFO - 🧪 Starting evaluation with 50 episodes...
2025-09-23 11:05:54,048 - __main__ - INFO -    Eval seed: 51
2025-09-23 11:05:54,048 - __main__ - INFO -    Max episode steps (eval): env default
2025-09-23 11:05:54,049 - nle.env.base - INFO - Not saving any NLE data.
2025-09-23 11:05:56,199 - __main__ - DEBUG - 🎯 Eval HMM masking: step 200 masked due to negative reward
2025-09-23 11:05:57,254 - __main__ - WARNING - ⚠️ Episode 1 terminated due to step limit.
2025-09-23 11:06:01,618 - __main__ - WARNING - ⚠️ Episode 3 terminated due to step limit.
2025-09-23 11:06:04,993 - __main__ - WARNING - ⚠️ Episode 4 terminated due to step limit.
2025-09-23 11:06:08,963 - __main__ - WARNING - ⚠️ Episode 6 terminated due to step limit.
2025-09-23 11:06:12,292 - __main__ - WARNING - ⚠️ Episode 7 terminated due to step limit.
2025-09-23 11:06:17,657 - __main__ - DEBUG - 🎯 Eval HMM masking: step 150 masked due to negative reward
2025-09-23 11:06:19,240 - __main__ - WARNING - ⚠️ Episode 11 terminated due to step limit.
2025-09-23 11:06:23,681 - __main__ - WARNING - ⚠️ Episode 13 terminated due to step limit.
2025-09-23 11:06:27,006 - __main__ - WARNING - ⚠️ Episode 14 terminated due to step limit.
2025-09-23 11:06:28,451 - __main__ - DEBUG - 🎯 Eval HMM masking: step 50 masked due to negative reward
2025-09-23 11:06:31,076 - __main__ - WARNING - ⚠️ Episode 16 terminated due to step limit.
2025-09-23 11:06:34,428 - __main__ - WARNING - ⚠️ Episode 17 terminated due to step limit.
2025-09-23 11:06:37,760 - __main__ - WARNING - ⚠️ Episode 18 terminated due to step limit.
2025-09-23 11:06:41,095 - __main__ - WARNING - ⚠️ Episode 19 terminated due to step limit.
2025-09-23 11:06:44,422 - __main__ - WARNING - ⚠️ Episode 20 terminated due to step limit.
2025-09-23 11:06:45,131 - __main__ - DEBUG - 🎯 Eval HMM masking: step 50 masked due to negative reward
2025-09-23 11:06:47,766 - __main__ - WARNING - ⚠️ Episode 21 terminated due to step limit.
2025-09-23 11:06:53,225 - __main__ - WARNING - ⚠️ Episode 24 terminated due to step limit.
2025-09-23 11:06:56,569 - __main__ - WARNING - ⚠️ Episode 25 terminated due to step limit.
2025-09-23 11:06:59,918 - __main__ - WARNING - ⚠️ Episode 26 terminated due to step limit.
2025-09-23 11:07:00,630 - __main__ - DEBUG - 🎯 Eval HMM masking: step 50 masked due to negative reward
2025-09-23 11:07:03,254 - __main__ - WARNING - ⚠️ Episode 27 terminated due to step limit.
2025-09-23 11:07:04,661 - __main__ - DEBUG - 🎯 Eval HMM masking: step 100 masked due to negative reward
2025-09-23 11:07:06,811 - __main__ - WARNING - ⚠️ Episode 29 terminated due to step limit.
2025-09-23 11:07:20,668 - __main__ - DEBUG - 🎯 Eval HMM masking: step 250 masked due to negative reward
2025-09-23 11:07:21,187 - __main__ - WARNING - ⚠️ Episode 38 terminated due to step limit.
2025-09-23 11:07:24,543 - __main__ - WARNING - ⚠️ Episode 39 terminated due to step limit.
2025-09-23 11:07:27,880 - __main__ - WARNING - ⚠️ Episode 40 terminated due to step limit.
2025-09-23 11:07:31,215 - __main__ - WARNING - ⚠️ Episode 41 terminated due to step limit.
2025-09-23 11:07:32,988 - __main__ - DEBUG - 🎯 Eval HMM masking: step 150 masked due to negative reward
2025-09-23 11:07:34,572 - __main__ - WARNING - ⚠️ Episode 42 terminated due to step limit.
2025-09-23 11:07:37,909 - __main__ - WARNING - ⚠️ Episode 43 terminated due to step limit.
2025-09-23 11:07:41,262 - __main__ - WARNING - ⚠️ Episode 44 terminated due to step limit.
2025-09-23 11:07:43,556 - __main__ - DEBUG - 🎯 Eval HMM masking: step 200 masked due to negative reward
2025-09-23 11:07:44,605 - __main__ - WARNING - ⚠️ Episode 45 terminated due to step limit.
2025-09-23 11:07:48,067 - __main__ - DEBUG - 🎯 Eval HMM masking: step 100 masked due to negative reward
2025-09-23 11:07:51,228 - __main__ - DEBUG - 🎯 Eval HMM masking: step 250 masked due to negative reward
2025-09-23 11:07:51,749 - __main__ - WARNING - ⚠️ Episode 49 terminated due to step limit.
2025-09-23 11:07:55,089 - __main__ - WARNING - ⚠️ Episode 50 terminated due to step limit.
2025-09-23 11:07:55,254 - __main__ - INFO - 📊 Evaluation Results (Current Round):
2025-09-23 11:07:55,254 - __main__ - INFO -    Episodes: 50
2025-09-23 11:07:55,254 - __main__ - INFO -    Time: 121.2s (2.4s/ep)
2025-09-23 11:07:55,254 - __main__ - INFO -    Average Return: 0.203 ± 0.616
2025-09-23 11:07:55,255 - __main__ - INFO -    Success Rate: 42.0%
2025-09-23 11:07:55,255 - __main__ - INFO -    Average Length: 217.5
2025-09-23 11:07:55,255 - __main__ - INFO -    Average Coverage: 74.9 positions
2025-09-23 11:07:55,255 - __main__ - INFO -    Episode Completions: 21 terminated (42.0%), 29 truncated (58.0%)
2025-09-23 11:07:55,255 - __main__ - INFO - 📈 Total Evaluation Statistics:
2025-09-23 11:07:55,255 - __main__ - INFO -    Total Episodes: 950
2025-09-23 11:07:55,256 - __main__ - INFO -    Total Average Return: 0.134 ± 0.638
2025-09-23 11:07:55,256 - __main__ - INFO -    Total Average Length: 224.4 ± 106.3
2025-09-23 11:07:55,256 - __main__ - INFO -    Total Completions: 394 terminated (41.5%), 556 truncated (58.5%)
2025-09-23 11:07:55,256 - __main__ - INFO -    Skill Entropy: 0.001
2025-09-23 11:07:55,256 - __main__ - INFO -    Used Skills: 1.0
2025-09-23 11:07:55,256 - __main__ - INFO -    Effective K: 1.00
2025-09-23 11:07:55,256 - __main__ - INFO - 🎯 Action Usage Statistics:
2025-09-23 11:07:55,256 - __main__ - INFO -    Unique actions in evaluation: 8
2025-09-23 11:07:55,257 - __main__ - INFO -    Unique actions in training: 8
2025-09-23 11:07:55,257 - __main__ - INFO -    Total unique actions: 8
2025-09-23 11:07:55,257 - __main__ - INFO -    Action coverage: 6.6%
2025-09-23 11:07:55,257 - __main__ - INFO -    Train action count: 190464
2025-09-23 11:07:55,257 - __main__ - INFO -    Eval action count: 213201
2025-09-23 11:07:55,258 - __main__ - INFO -    Train action entropy: 2.055
2025-09-23 11:07:55,258 - __main__ - INFO -    Eval action entropy: 2.051
2025-09-23 11:07:55,259 - __main__ - INFO -    Top 3 train actions: #2(32055), #3(29018), #1(28963)
2025-09-23 11:07:55,259 - __main__ - INFO -    Top 3 eval actions: #2(37350), #1(32539), #3(32375)
2025-09-23 11:07:57,477 - __main__ - INFO - 📊 Episodes completed this rollout: 3
2025-09-23 11:07:57,477 - __main__ - INFO - 📈 Episode stats: avg return = 0.14, avg length = 258.3
2025-09-23 11:07:57,478 - __main__ - INFO - 🎯 Top 3 training actions: #2(32290), #3(29134), #1(29053)
2025-09-23 11:08:00,685 - __main__ - INFO - 📊 Episodes completed this rollout: 4
2025-09-23 11:08:00,686 - __main__ - INFO - 📈 Episode stats: avg return = -0.00, avg length = 292.8
2025-09-23 11:08:00,686 - __main__ - INFO - 🎯 Top 3 training actions: #2(32529), #3(29263), #1(29132)
2025-09-23 11:08:03,872 - __main__ - INFO - 📊 Episodes completed this rollout: 3
2025-09-23 11:08:03,872 - __main__ - INFO - 📈 Episode stats: avg return = 0.15, avg length = 214.0
2025-09-23 11:08:03,873 - __main__ - INFO - 🎯 Top 3 training actions: #2(32803), #3(29366), #1(29198)
2025-09-23 11:08:07,101 - __main__ - INFO - 📊 Episodes completed this rollout: 7
2025-09-23 11:08:07,102 - __main__ - INFO - 📈 Episode stats: avg return = 0.05, avg length = 239.9
2025-09-23 11:08:07,102 - __main__ - INFO - 🎯 Top 3 training actions: #2(33098), #3(29467), #1(29273)
2025-09-23 11:08:10,321 - __main__ - INFO - 📊 Episodes completed this rollout: 4
2025-09-23 11:08:10,321 - __main__ - INFO - 📈 Episode stats: avg return = 0.32, avg length = 215.5
2025-09-23 11:08:10,321 - __main__ - INFO - 🎯 Top 3 training actions: #2(33326), #3(29569), #1(29350)
2025-09-23 11:08:13,505 - __main__ - INFO - 📊 Episodes completed this rollout: 6
2025-09-23 11:08:13,505 - __main__ - INFO - 📈 Episode stats: avg return = 0.65, avg length = 192.5
2025-09-23 11:08:13,506 - __main__ - INFO - 🎯 Top 3 training actions: #2(33516), #3(29672), #1(29451)
2025-09-23 11:08:16,722 - __main__ - INFO - 📊 Episodes completed this rollout: 7
2025-09-23 11:08:16,722 - __main__ - INFO - 📈 Episode stats: avg return = 0.49, avg length = 163.7
2025-09-23 11:08:16,723 - __main__ - INFO - 🎯 Top 3 training actions: #2(33687), #3(29782), #1(29570)
2025-09-23 11:08:19,918 - __main__ - INFO - 📊 Episodes completed this rollout: 3
2025-09-23 11:08:19,918 - __main__ - INFO - 📈 Episode stats: avg return = 0.07, avg length = 226.7
2025-09-23 11:08:19,919 - __main__ - INFO - 🎯 Top 3 training actions: #2(33839), #3(29896), #1(29689)
2025-09-23 11:08:23,115 - __main__ - INFO - 📊 Episodes completed this rollout: 5
2025-09-23 11:08:23,116 - __main__ - INFO - 📈 Episode stats: avg return = 0.35, avg length = 230.6
2025-09-23 11:08:23,116 - __main__ - INFO - 🎯 Top 3 training actions: #2(34002), #3(30011), #1(29783)
2025-09-23 11:08:24,115 - __main__ - INFO - 🔄 Synchronized model update at step 199,680
2025-09-23 11:08:24,115 - __main__ - INFO -    HMM interval: 12,000, VAE interval: 12,000
2025-09-23 11:08:24,116 - __main__ - INFO - 🚫 Model training masking: 1596/12288 timesteps masked (13.0%) due to negative rewards (invalid actions)
2025-09-23 11:08:24,497 - __main__ - INFO - 🔄 Capping HMM batch size from 1003 to 128 to prevent OOM
2025-09-23 11:08:24,498 - __main__ - INFO - 🔄 HMM refresh starting at step 199,680 with replay size 128x50
2025-09-23 11:08:27,471 - __main__ - DEBUG - Initial ELBO: 7163.7316
2025-09-23 11:08:27,472 - __main__ - DEBUG - Relative tol: 0.0100
2025-09-23 11:08:27,472 - __main__ - DEBUG - Relative elbo_drop_tol: 0.0100
2025-09-23 11:08:27,473 - __main__ - DEBUG - - Init -507.1726
2025-09-23 11:08:27,473 - __main__ - DEBUG - - Trans -3.6469
2025-09-23 11:08:27,473 - __main__ - DEBUG - - Emit 22954.4164
2025-09-23 11:08:27,473 - __main__ - DEBUG - - Entropy 0.0003
2025-09-23 11:08:27,473 - __main__ - DEBUG - - Dir -26.4135
2025-09-23 11:08:27,473 - __main__ - DEBUG - - NIW -15237.4668
2025-09-23 11:08:27,473 - __main__ - DEBUG - - Beta prior -15.9853
2025-09-23 11:08:30,826 - __main__ - DEBUG - Iter 0: ELBO after FB: 7163.7316 (LL 22443.5972, Δ=0.0000)
2025-09-23 11:08:30,827 - __main__ - DEBUG - Blending stats with ρ_niw=0.0500, ρ_tr=0.0500.
2025-09-23 11:08:30,875 - __main__ - DEBUG - Iter 0: ELBO after NIW update: 8126.3690 (Emit LL 24109.0929, NIW term -15429.5059, Δ=962.6374)
2025-09-23 11:08:30,922 - __main__ - DEBUG - Iter 0: ELBO after Dirichlet update: 8126.4006 (Trans LL -3.6942, Dir term -26.3346, Δ=0.0316)
2025-09-23 11:08:30,987 - __main__ - DEBUG - Iter 0: ELBO after β update: 8125.8940 (Init LL -507.6429, Dir term -26.3582, logp(β) -15.9980, Δ=-0.5066)
2025-09-23 11:08:34,357 - __main__ - DEBUG - Iter 1: ELBO after FB: 8125.8940 (LL 23597.7560, Δ=0.0000)
2025-09-23 11:08:34,358 - __main__ - DEBUG - Blending stats with ρ_niw=0.0500, ρ_tr=0.0500.
2025-09-23 11:08:34,406 - __main__ - DEBUG - Iter 1: ELBO after NIW update: 8125.8940 (Emit LL 24109.0929, NIW term -15429.5059, Δ=0.0000)
2025-09-23 11:08:34,453 - __main__ - DEBUG - Iter 1: ELBO after Dirichlet update: 8125.8155 (Trans LL -3.6841, Dir term -26.4468, Δ=-0.0785)
2025-09-23 11:08:34,519 - __main__ - DEBUG - Iter 1: ELBO after β update: 8125.3091 (Init LL -508.0901, Dir term -26.5024, logp(β) -16.0017, Δ=-0.5064)
2025-09-23 11:08:37,872 - __main__ - DEBUG - Iter 2: ELBO after FB: 8125.3091 (LL 23597.3189, Δ=0.0000)
2025-09-23 11:08:37,873 - __main__ - DEBUG - Blending stats with ρ_niw=0.0500, ρ_tr=0.0500.
2025-09-23 11:08:37,920 - __main__ - DEBUG - Iter 2: ELBO after NIW update: 8125.3091 (Emit LL 24109.0929, NIW term -15429.5059, Δ=0.0000)
2025-09-23 11:08:37,968 - __main__ - DEBUG - Iter 2: ELBO after Dirichlet update: 8125.0975 (Trans LL -3.6734, Dir term -26.7246, Δ=-0.2116)
2025-09-23 11:08:38,033 - __main__ - DEBUG - Iter 2: ELBO after β update: 8124.8763 (Init LL -508.2431, Dir term -26.7981, logp(β) -15.9963, Δ=-0.2211)
2025-09-23 11:08:41,359 - __main__ - DEBUG - Iter 3: ELBO after FB: 8124.8763 (LL 23597.1766, Δ=0.0000)
2025-09-23 11:08:41,360 - __main__ - DEBUG - Blending stats with ρ_niw=0.0500, ρ_tr=0.0500.
2025-09-23 11:08:41,407 - __main__ - DEBUG - Iter 3: ELBO after NIW update: 8124.8763 (Emit LL 24109.0929, NIW term -15429.5059, Δ=0.0000)
2025-09-23 11:08:41,455 - __main__ - DEBUG - Iter 3: ELBO after Dirichlet update: 8124.5068 (Trans LL -3.6700, Dir term -27.1710, Δ=-0.3695)
2025-09-23 11:08:41,506 - __main__ - DEBUG - Iter 3: ELBO after β update: 8124.5817 (Init LL -508.1646, Dir term -27.1753, logp(β) -15.9957, Δ=0.0748)
2025-09-23 11:08:44,817 - __main__ - DEBUG - Iter 4: ELBO after FB: 8124.5817 (LL 23597.2586, Δ=0.0000)
2025-09-23 11:08:44,817 - __main__ - DEBUG - Blending stats with ρ_niw=0.0500, ρ_tr=0.0500.
2025-09-23 11:08:44,869 - __main__ - DEBUG - Iter 4: ELBO after NIW update: 8124.5817 (Emit LL 24109.0929, NIW term -15429.5059, Δ=0.0000)
2025-09-23 11:08:44,917 - __main__ - DEBUG - Iter 4: ELBO after Dirichlet update: 8124.5316 (Trans LL -3.6717, Dir term -27.2237, Δ=-0.0501)
2025-09-23 11:08:44,978 - __main__ - DEBUG - Iter 4: ELBO after β update: 8124.3580 (Init LL -508.2834, Dir term -27.2834, logp(β) -15.9908, Δ=-0.1736)
2025-09-23 11:08:44,980 - __main__ - INFO -    HMM refresh complete: ELBO=729.1714, iters=0, max iters, states=40
2025-09-23 11:08:44,980 - __main__ - INFO -    ✅ HMM updated (next in 12,000 steps)
2025-09-23 11:08:44,980 - __main__ - INFO - 🔄 VAE refresh starting at step 199,680 with replay size 8x1536
2025-09-23 11:08:44,981 - __main__ - INFO -    Using span sampling (12288 timesteps, too large for full buffer)
2025-09-23 11:09:08,279 - __main__ - INFO -    VAE refresh complete: final_loss=2679.2046, avg_loss=2687.2446, steps=4/4, trend=improving, total_timesteps=12288, span_sampling=32_requested×4_steps, span_len=64
2025-09-23 11:09:08,281 - __main__ - INFO -    ✅ VAE updated (next in 12,000 steps)
2025-09-23 11:09:08,285 - __main__ - INFO - ⏱️  Training completed in 4542.95 seconds
2025-09-23 11:09:08,285 - __main__ - INFO - 💾 Saving final PPO checkpoint...
2025-09-23 11:09:08,295 - __main__ - INFO - 💾 Final checkpoint saved: checkpoints/ablation_baseline_rnd_MiniHack_Room_Random_15x15_v0_20250923-095321/ppo_policy.pth
2025-09-23 11:09:08,300 - __main__ - INFO - 📊 Collected 286 training log entries
2025-09-23 11:09:08,300 - __main__ - INFO - ☁️  Uploading all model components to HuggingFace...
2025-09-23 11:09:08,703 - __main__ - INFO - 📦 Created/verified repository: CatkinChen/nethack-ppo-ablation-baseline_rnd
2025-09-23 11:09:08,703 - __main__ - INFO - 📤 Uploading PPO policy checkpoint...
2025-09-23 11:09:12,426 - __main__ - INFO - 📤 Uploading VAE model...
2025-09-23 11:09:16,340 - __main__ - INFO - ✅ VAE model uploaded successfully
2025-09-23 11:09:16,341 - __main__ - INFO - 📤 Uploading HMM model...
2025-09-23 11:09:19,584 - __main__ - INFO - ✅ HMM model uploaded successfully
2025-09-23 11:09:19,584 - __main__ - INFO - 📝 Creating model card...
2025-09-23 11:09:20,439 - __main__ - INFO - ✅ Model card uploaded successfully
2025-09-23 11:09:20,439 - __main__ - INFO - 📄 Uploading training configuration...
2025-09-23 11:09:21,141 - __main__ - INFO - ✅ Training configuration uploaded successfully
2025-09-23 11:09:21,141 - __main__ - INFO - 🎉 All model components uploaded to: https://huggingface.co/CatkinChen/nethack-ppo-ablation-baseline_rnd
2025-09-23 11:09:21,141 - __main__ - INFO - 📈 Uploading training artifacts...
2025-09-23 11:09:25,579 - __main__ - INFO - ✅ Training artifacts uploaded successfully
2025-09-23 11:09:27,059 - __main__ - INFO - 🎉 Training completed successfully!
