2025-09-28 03:14:31,797 - __main__ - INFO - ================================================================================
2025-09-28 03:14:31,797 - __main__ - INFO - Starting Online PPO Training with Pretrained Models
2025-09-28 03:14:31,797 - __main__ - INFO - Environment: MiniHack-River-Narrow-v0
2025-09-28 03:14:31,797 - __main__ - INFO - VAE Repository: None
2025-09-28 03:14:31,797 - __main__ - INFO - VAE Revision: v2.0
2025-09-28 03:14:31,797 - __main__ - INFO - HMM Repository: None
2025-09-28 03:14:31,797 - __main__ - INFO - HMM Revision: v2.0
2025-09-28 03:14:31,797 - __main__ - INFO - Total Timesteps: 195
2025-09-28 03:14:31,797 - __main__ - INFO - ================================================================================
2025-09-28 03:14:31,797 - __main__ - INFO - 🔧 Using device: cuda
2025-09-28 03:14:31,797 - __main__ - INFO - 🔄 Resume mode: Loading all models from unified repo: CatkinChen/nethack-ppo-ablation-baseline_curiosity_dyn_only
2025-09-28 03:14:31,797 - __main__ - INFO - 🎨 Loading VAE from unified repo...
2025-09-28 03:14:34,255 - __main__ - INFO - ✅ VAE loaded from vae_model.pth
2025-09-28 03:14:34,255 - __main__ - INFO - 🧠 Loading HMM from unified repo...
2025-09-28 03:14:35,478 - __main__ - INFO - ✅ HMM loaded from hmm_model.pt
2025-09-28 03:14:35,479 - __main__ - INFO - ✅ VAE model loaded successfully
2025-09-28 03:14:35,479 - __main__ - INFO -    - Latent dimension: 96
2025-09-28 03:14:35,479 - __main__ - INFO -    - Skills: 40
2025-09-28 03:14:35,479 - __main__ - INFO - ✅ HMM model loaded successfully
2025-09-28 03:14:35,479 - __main__ - INFO -    🏷️  HMM Round: None
2025-09-28 03:14:35,479 - __main__ - INFO -    📅 Created: 2025-09-26T02:32:02.657401
2025-09-28 03:14:35,479 - __main__ - INFO - 🎮 Creating environment: MiniHack-River-Narrow-v0
2025-09-28 03:14:35,479 - nle.env.base - INFO - Not saving any NLE data.
2025-09-28 03:14:35,497 - __main__ - INFO -    - Observation space: Dict('blstats': Box(-2147483648, 2147483647, (27,), int64), 'chars': Box(0, 255, (21, 79), uint8), 'chars_crop': Box(0, 255, (9, 9), uint8), 'colors': Box(0, 15, (21, 79), uint8), 'colors_crop': Box(0, 15, (9, 9), uint8), 'glyphs': Box(0, 5976, (21, 79), int16), 'glyphs_crop': Box(0, 5976, (9, 9), int16), 'message': Box(0, 255, (256,), uint8), 'specials': Box(0, 255, (21, 79), uint8), 'specials_crop': Box(0, 255, (9, 9), uint8))
2025-09-28 03:14:35,497 - __main__ - INFO -    - Action space: Discrete(8)
2025-09-28 03:14:35,524 - __main__ - INFO - 🔄 HMM posterior set as prior for online updates with tempered weight 0.2
2025-09-28 03:14:35,524 - __main__ - INFO - 🔄 Using provided VAE config
2025-09-28 03:14:35,524 - __main__ - INFO -    - VAE prior mode set to 'hmm' for online training
2025-09-28 03:14:36,777 - __main__ - INFO - 📊 W&B initialized with run name: ablation_baseline_curiosity_dyn_only_MiniHack_River_Narrow_v0_20250928-031431
2025-09-28 03:14:36,777 - __main__ - INFO - 🚀 Initializing PPO trainer...
2025-09-28 03:14:36,778 - nle.env.base - INFO - Not saving any NLE data.
2025-09-28 03:14:36,793 - nle.env.base - INFO - Not saving any NLE data.
2025-09-28 03:14:36,808 - nle.env.base - INFO - Not saving any NLE data.
2025-09-28 03:14:36,821 - nle.env.base - INFO - Not saving any NLE data.
2025-09-28 03:14:36,835 - nle.env.base - INFO - Not saving any NLE data.
2025-09-28 03:14:36,848 - nle.env.base - INFO - Not saving any NLE data.
2025-09-28 03:14:36,862 - nle.env.base - INFO - Not saving any NLE data.
2025-09-28 03:14:36,875 - nle.env.base - INFO - Not saving any NLE data.
2025-09-28 03:14:37,805 - __main__ - INFO - ✅ PPO trainer initialized successfully
2025-09-28 03:14:37,805 - __main__ - INFO - 🔄 Loading existing PPO checkpoint for continuation...
2025-09-28 03:14:37,805 - __main__ - INFO - 📥 Loading PPO checkpoint from HuggingFace: CatkinChen/nethack-ppo-ablation-baseline_curiosity_dyn_only
2025-09-28 03:14:39,893 - __main__ - INFO - ✅ PPO checkpoint loaded from HuggingFace
2025-09-28 03:14:39,894 - __main__ - INFO - ✅ Actor-critic model state restored
2025-09-28 03:14:39,894 - __main__ - INFO - ✅ Optimizer state restored
2025-09-28 03:14:39,895 - __main__ - INFO - ✅ Training resumed from step 199,680
2025-09-28 03:14:39,895 - __main__ - INFO - 🔄 Global step counter reset to 0 as requested
2025-09-28 03:14:39,895 - __main__ - INFO - ℹ️  Loaded training configuration from checkpoint
2025-09-28 03:14:39,895 - __main__ - WARNING - ⚠️  Environment changed: None → MiniHack-River-Narrow-v0
2025-09-28 03:14:39,895 - __main__ - INFO - 🎯 PPO checkpoint restoration completed successfully
2025-09-28 03:14:39,895 - __main__ - INFO - 🏋️  Starting PPO training...
2025-09-28 03:14:40,302 - __main__ - INFO - 🎮 Action Mapping Debug (step 0, timestep 0):
2025-09-28 03:14:40,303 - __main__ - INFO -    Global actions sampled: [7 1 1 0 7 1 3 3]
2025-09-28 03:14:40,303 - __main__ - INFO -    Local actions mapped:   [7 1 1 0 7 1 3 3]
2025-09-28 03:14:40,303 - __main__ - INFO -    Available env actions:  (<CompassDirection.N: 107>, <CompassDirection.E: 108>, <CompassDirection.S: 106>, <CompassDirection.W: 104>, <CompassDirection.NE: 117>, <CompassDirection.SE: 110>, <CompassDirection.SW: 98>, <CompassDirection.NW: 121>)
2025-09-28 03:14:40,303 - __main__ - INFO -    Action mapping:         ['local_0->global_0(107)', 'local_1->global_1(108)', 'local_2->global_2(106)', 'local_3->global_3(104)', 'local_4->global_4(117)', 'local_5->global_5(110)', 'local_6->global_6(98)', 'local_7->global_7(121)']
2025-09-28 03:14:40,304 - __main__ - INFO -    Valid global indices:   [0 1 2 3 4 5 6 7] (total: 8)
2025-09-28 03:14:40,304 - __main__ - INFO -    Global->Local mapping:  ['env0:g7->l7', 'env1:g1->l1', 'env2:g1->l1', 'env3:g0->l0', 'env4:g7->l7', 'env5:g1->l1', 'env6:g3->l3', 'env7:g3->l3']
2025-09-28 03:14:48,883 - __main__ - INFO - 📊 Episodes completed this rollout: 8
2025-09-28 03:14:48,883 - __main__ - INFO - 📈 Episode stats: avg return = -0.40, avg length = 350.0
2025-09-28 03:14:48,907 - __main__ - INFO - 🎯 Top 3 training actions: #1(703), #3(670), #0(519)
2025-09-28 03:14:55,104 - __main__ - INFO - 📊 Episodes completed this rollout: 2
2025-09-28 03:14:55,105 - __main__ - INFO - 📈 Episode stats: avg return = 0.81, avg length = 215.5
2025-09-28 03:14:55,105 - __main__ - INFO - 🎯 Top 3 training actions: #1(1307), #3(1096), #0(826)
2025-09-28 03:14:56,090 - __main__ - INFO - 🔄 Synchronized model update at step 5,120
2025-09-28 03:14:56,090 - __main__ - INFO -    HMM interval: 5,120, VAE interval: 5,120
2025-09-28 03:14:56,091 - __main__ - INFO - 🚫 Model training masking: 475/5120 timesteps masked (9.3%) due to negative rewards (invalid actions)
2025-09-28 03:14:56,227 - __main__ - INFO - 🔄 Capping HMM batch size from 353 to 128 to prevent OOM
2025-09-28 03:14:56,228 - __main__ - INFO - 🔄 HMM refresh starting at step 5,120 with replay size 128x95
2025-09-28 03:15:01,235 - __main__ - DEBUG - Initial ELBO: -8646.5528
2025-09-28 03:15:01,235 - __main__ - DEBUG - Relative tol: 0.0100
2025-09-28 03:15:01,236 - __main__ - DEBUG - Relative elbo_drop_tol: 0.0100
2025-09-28 03:15:01,236 - __main__ - DEBUG - - Init -507.8593
2025-09-28 03:15:01,236 - __main__ - DEBUG - - Trans -28.2654
2025-09-28 03:15:01,236 - __main__ - DEBUG - - Emit -8102.9997
2025-09-28 03:15:01,236 - __main__ - DEBUG - - Entropy 0.0005
2025-09-28 03:15:01,236 - __main__ - DEBUG - - Dir 8.5683
2025-09-28 03:15:01,236 - __main__ - DEBUG - - NIW 0.0003
2025-09-28 03:15:01,236 - __main__ - DEBUG - - Beta prior -15.9976
2025-09-28 03:15:06,657 - __main__ - DEBUG - Iter 0: ELBO after FB: -8646.5528 (LL -8639.1238, Δ=0.0000)
2025-09-28 03:15:06,658 - __main__ - DEBUG - First pass after reset, using full stats.
2025-09-28 03:15:06,706 - __main__ - DEBUG - Iter 0: ELBO after NIW update: 45174.4505 (Emit LL 64672.5233, NIW term -18954.5195, Δ=53821.0032)
2025-09-28 03:15:06,752 - __main__ - DEBUG - Iter 0: ELBO after Dirichlet update: 45184.6243 (Trans LL -4.2968, Dir term -5.2264, Δ=10.1738)
2025-09-28 03:15:06,824 - __main__ - DEBUG - Iter 0: ELBO after β update: 19151131.8487 (Init LL -507.8182, Dir term 19105942.0000, logp(β) -16.0407, Δ=19105947.2244)
2025-09-28 03:15:12,141 - __main__ - DEBUG - Iter 1: ELBO after FB: 19151131.8487 (LL 64160.4089, Δ=0.0000)
2025-09-28 03:15:12,141 - __main__ - DEBUG - First pass after reset, using full stats.
2025-09-28 03:15:12,187 - __main__ - DEBUG - Iter 1: ELBO after NIW update: 19151131.8487 (Emit LL 64672.5233, NIW term -18954.5195, Δ=0.0000)
2025-09-28 03:15:12,232 - __main__ - DEBUG - Iter 1: ELBO after Dirichlet update: 17019957.8479 (Trans LL -4.2976, Dir term 16974768.0000, Δ=-2131174.0008)
2025-09-28 03:15:12,294 - __main__ - DEBUG - Iter 1: ELBO after β update: 36293413.8577 (Init LL -507.7655, Dir term 36248224.0000, logp(β) -16.0835, Δ=19273456.0098)
2025-09-28 03:15:17,530 - __main__ - DEBUG - Iter 2: ELBO after FB: 36293413.8577 (LL 64160.4608, Δ=0.0000)
2025-09-28 03:15:17,530 - __main__ - DEBUG - First pass after reset, using full stats.
2025-09-28 03:15:17,575 - __main__ - DEBUG - Iter 2: ELBO after NIW update: 36293413.8577 (Emit LL 64672.5233, NIW term -18954.5195, Δ=0.0000)
2025-09-28 03:15:17,620 - __main__ - DEBUG - Iter 2: ELBO after Dirichlet update: 33313579.8569 (Trans LL -4.2984, Dir term 33268390.0000, Δ=-2979834.0008)
2025-09-28 03:15:17,682 - __main__ - DEBUG - Iter 2: ELBO after β update: 52928281.8651 (Init LL -507.7160, Dir term 52883092.0000, logp(β) -16.1248, Δ=19614702.0082)
2025-09-28 03:15:22,917 - __main__ - DEBUG - Iter 3: ELBO after FB: 52928281.8651 (LL 64160.5094, Δ=0.0000)
2025-09-28 03:15:22,917 - __main__ - DEBUG - First pass after reset, using full stats.
2025-09-28 03:15:22,962 - __main__ - DEBUG - Iter 3: ELBO after NIW update: 52928281.8651 (Emit LL 64672.5233, NIW term -18954.5195, Δ=0.0000)
2025-09-28 03:15:23,007 - __main__ - DEBUG - Iter 3: ELBO after Dirichlet update: 49891969.8643 (Trans LL -4.2992, Dir term 49846780.0000, Δ=-3036312.0008)
2025-09-28 03:15:23,068 - __main__ - DEBUG - Iter 3: ELBO after β update: 69748069.8690 (Init LL -507.6697, Dir term 69702880.0000, logp(β) -16.1663, Δ=19856100.0048)
2025-09-28 03:15:28,310 - __main__ - DEBUG - Iter 4: ELBO after FB: 69748069.8690 (LL 64160.5549, Δ=0.0000)
2025-09-28 03:15:28,311 - __main__ - DEBUG - First pass after reset, using full stats.
2025-09-28 03:15:28,356 - __main__ - DEBUG - Iter 4: ELBO after NIW update: 69748069.8690 (Emit LL 64672.5233, NIW term -18954.5195, Δ=0.0000)
2025-09-28 03:15:28,400 - __main__ - DEBUG - Iter 4: ELBO after Dirichlet update: 65690205.8682 (Trans LL -4.3000, Dir term 65645016.0000, Δ=-4057864.0008)
2025-09-28 03:15:28,462 - __main__ - DEBUG - Iter 4: ELBO after β update: 85667685.8810 (Init LL -507.6267, Dir term 85622496.0000, logp(β) -16.1966, Δ=19977480.0128)
2025-09-28 03:15:28,464 - __main__ - INFO -    HMM refresh complete: ELBO=1037.8107, iters=0, max iters, states=40
2025-09-28 03:15:28,464 - __main__ - INFO -    ✅ HMM updated (next in 6,144 steps)
2025-09-28 03:15:28,464 - __main__ - INFO - 🔄 VAE refresh starting at step 5,120 with replay size 8x640
2025-09-28 03:15:28,465 - __main__ - INFO -    Using span sampling (5120 timesteps, too large for full buffer)
2025-09-28 03:15:48,999 - __main__ - INFO -    VAE refresh complete: final_loss=2870.9028, avg_loss=2858.1634, steps=4/4, trend=improving, total_timesteps=5120, span_sampling=32_requested×4_steps, span_len=64
2025-09-28 03:15:49,001 - __main__ - INFO -    ✅ VAE updated (next in 6,144 steps)
2025-09-28 03:15:51,169 - __main__ - INFO - 📊 Episodes completed this rollout: 7
2025-09-28 03:15:51,169 - __main__ - INFO - 📈 Episode stats: avg return = 0.00, avg length = 309.6
2025-09-28 03:15:51,169 - __main__ - INFO - 🎯 Top 3 training actions: #1(1592), #3(1236), #0(1037)
2025-09-28 03:15:54,279 - __main__ - INFO - 📊 Episodes completed this rollout: 2
2025-09-28 03:15:54,279 - __main__ - INFO - 📈 Episode stats: avg return = 0.81, avg length = 234.5
2025-09-28 03:15:54,280 - __main__ - INFO - 🎯 Top 3 training actions: #1(1929), #3(1439), #0(1200)
2025-09-28 03:15:57,399 - __main__ - INFO - 📊 Episodes completed this rollout: 5
2025-09-28 03:15:57,399 - __main__ - INFO - 📈 Episode stats: avg return = 0.54, avg length = 264.8
2025-09-28 03:15:57,400 - __main__ - INFO - 🎯 Top 3 training actions: #1(2258), #3(1577), #0(1353)
2025-09-28 03:16:00,531 - __main__ - INFO - 📊 Episodes completed this rollout: 6
2025-09-28 03:16:00,532 - __main__ - INFO - 📈 Episode stats: avg return = 0.40, avg length = 215.8
2025-09-28 03:16:00,532 - __main__ - INFO - 🎯 Top 3 training actions: #1(2620), #3(1738), #0(1515)
2025-09-28 03:16:03,693 - __main__ - INFO - 📊 Episodes completed this rollout: 1
2025-09-28 03:16:03,693 - __main__ - INFO - 📈 Episode stats: avg return = 0.98, avg length = 46.0
2025-09-28 03:16:03,694 - __main__ - INFO - 🎯 Top 3 training actions: #1(2995), #3(1866), #0(1694)
2025-09-28 03:16:04,693 - __main__ - INFO - 🧪 Starting evaluation with 50 episodes...
2025-09-28 03:16:04,693 - __main__ - INFO -    Eval seed: 51
2025-09-28 03:16:04,693 - __main__ - INFO -    Max episode steps (eval): env default
2025-09-28 03:16:04,695 - nle.env.base - INFO - Not saving any NLE data.
2025-09-28 03:16:08,375 - __main__ - WARNING - ⚠️ Episode 1 terminated due to step limit.
2025-09-28 03:16:09,608 - __main__ - DEBUG - 🎯 Eval HMM masking: step 100 masked due to negative reward
2025-09-28 03:16:12,218 - __main__ - WARNING - ⚠️ Episode 2 terminated due to step limit.
2025-09-28 03:16:16,072 - __main__ - WARNING - ⚠️ Episode 3 terminated due to step limit.
2025-09-28 03:16:18,931 - __main__ - DEBUG - 🎯 Eval HMM masking: step 150 masked due to negative reward
2025-09-28 03:16:21,003 - __main__ - WARNING - ⚠️ Episode 5 terminated due to step limit.
2025-09-28 03:16:24,813 - __main__ - WARNING - ⚠️ Episode 6 terminated due to step limit.
2025-09-28 03:16:25,513 - __main__ - DEBUG - 🎯 Eval HMM masking: step 50 masked due to negative reward
2025-09-28 03:16:27,212 - __main__ - DEBUG - 🎯 Eval HMM masking: step 150 masked due to negative reward
2025-09-28 03:16:27,726 - __main__ - DEBUG - 🎯 Eval HMM masking: step 200 masked due to negative reward
2025-09-28 03:16:34,082 - __main__ - WARNING - ⚠️ Episode 11 terminated due to step limit.
2025-09-28 03:16:37,931 - __main__ - WARNING - ⚠️ Episode 12 terminated due to step limit.
2025-09-28 03:16:41,777 - __main__ - WARNING - ⚠️ Episode 13 terminated due to step limit.
2025-09-28 03:16:45,316 - __main__ - DEBUG - 🎯 Eval HMM masking: step 150 masked due to negative reward
2025-09-28 03:16:45,840 - __main__ - DEBUG - 🎯 Eval HMM masking: step 200 masked due to negative reward
2025-09-28 03:16:47,412 - __main__ - WARNING - ⚠️ Episode 15 terminated due to step limit.
2025-09-28 03:16:52,168 - __main__ - WARNING - ⚠️ Episode 17 terminated due to step limit.
2025-09-28 03:16:53,884 - __main__ - DEBUG - 🎯 Eval HMM masking: step 150 masked due to negative reward
2025-09-28 03:16:54,489 - __main__ - DEBUG - 🎯 Eval HMM masking: step 50 masked due to negative reward
2025-09-28 03:16:54,999 - __main__ - DEBUG - 🎯 Eval HMM masking: step 100 masked due to negative reward
2025-09-28 03:16:56,104 - __main__ - DEBUG - 🎯 Eval HMM masking: step 50 masked due to negative reward
2025-09-28 03:17:00,607 - __main__ - WARNING - ⚠️ Episode 21 terminated due to step limit.
2025-09-28 03:17:04,403 - __main__ - WARNING - ⚠️ Episode 22 terminated due to step limit.
2025-09-28 03:17:07,164 - __main__ - DEBUG - 🎯 Eval HMM masking: step 250 masked due to negative reward
2025-09-28 03:17:08,186 - __main__ - WARNING - ⚠️ Episode 23 terminated due to step limit.
2025-09-28 03:17:09,922 - __main__ - DEBUG - 🎯 Eval HMM masking: step 150 masked due to negative reward
2025-09-28 03:17:14,538 - __main__ - WARNING - ⚠️ Episode 25 terminated due to step limit.
2025-09-28 03:17:18,332 - __main__ - WARNING - ⚠️ Episode 26 terminated due to step limit.
2025-09-28 03:17:21,089 - __main__ - DEBUG - 🎯 Eval HMM masking: step 250 masked due to negative reward
2025-09-28 03:17:28,301 - __main__ - WARNING - ⚠️ Episode 29 terminated due to step limit.
2025-09-28 03:17:32,153 - __main__ - WARNING - ⚠️ Episode 30 terminated due to step limit.
2025-09-28 03:17:33,908 - __main__ - DEBUG - 🎯 Eval HMM masking: step 150 masked due to negative reward
2025-09-28 03:17:35,990 - __main__ - WARNING - ⚠️ Episode 31 terminated due to step limit.
2025-09-28 03:17:39,826 - __main__ - WARNING - ⚠️ Episode 32 terminated due to step limit.
2025-09-28 03:17:40,535 - __main__ - DEBUG - 🎯 Eval HMM masking: step 50 masked due to negative reward
2025-09-28 03:17:43,653 - __main__ - WARNING - ⚠️ Episode 33 terminated due to step limit.
2025-09-28 03:17:47,452 - __main__ - WARNING - ⚠️ Episode 34 terminated due to step limit.
2025-09-28 03:17:51,238 - __main__ - WARNING - ⚠️ Episode 35 terminated due to step limit.
2025-09-28 03:17:55,031 - __main__ - WARNING - ⚠️ Episode 36 terminated due to step limit.
2025-09-28 03:17:56,784 - __main__ - DEBUG - 🎯 Eval HMM masking: step 150 masked due to negative reward
2025-09-28 03:18:02,665 - __main__ - DEBUG - 🎯 Eval HMM masking: step 250 masked due to negative reward
2025-09-28 03:18:03,714 - __main__ - WARNING - ⚠️ Episode 39 terminated due to step limit.
2025-09-28 03:18:07,512 - __main__ - WARNING - ⚠️ Episode 40 terminated due to step limit.
2025-09-28 03:18:11,321 - __main__ - WARNING - ⚠️ Episode 41 terminated due to step limit.
2025-09-28 03:18:13,321 - __main__ - DEBUG - 🎯 Eval HMM masking: step 100 masked due to negative reward
2025-09-28 03:18:14,215 - __main__ - DEBUG - 🎯 Eval HMM masking: step 50 masked due to negative reward
2025-09-28 03:18:16,075 - __main__ - DEBUG - 🎯 Eval HMM masking: step 150 masked due to negative reward
2025-09-28 03:18:18,153 - __main__ - WARNING - ⚠️ Episode 45 terminated due to step limit.
2025-09-28 03:18:21,958 - __main__ - WARNING - ⚠️ Episode 46 terminated due to step limit.
2025-09-28 03:18:25,728 - __main__ - WARNING - ⚠️ Episode 47 terminated due to step limit.
2025-09-28 03:18:29,506 - __main__ - DEBUG - 🎯 Eval HMM masking: step 200 masked due to negative reward
2025-09-28 03:18:31,049 - __main__ - WARNING - ⚠️ Episode 49 terminated due to step limit.
2025-09-28 03:18:32,246 - __main__ - DEBUG - 🎯 Eval HMM masking: step 100 masked due to negative reward
2025-09-28 03:18:34,774 - __main__ - WARNING - ⚠️ Episode 50 terminated due to step limit.
2025-09-28 03:18:34,952 - __main__ - INFO - 📊 Evaluation Results (Current Round):
2025-09-28 03:18:34,952 - __main__ - INFO -    Episodes: 50
2025-09-28 03:18:34,952 - __main__ - INFO -    Time: 150.3s (3.0s/ep)
2025-09-28 03:18:34,952 - __main__ - INFO -    Average Return: 0.174 ± 0.462
2025-09-28 03:18:34,952 - __main__ - INFO -    Success Rate: 38.0%
2025-09-28 03:18:34,952 - __main__ - INFO -    Average Length: 276.3
2025-09-28 03:18:34,952 - __main__ - INFO -    Average Coverage: 40.0 positions
2025-09-28 03:18:34,953 - __main__ - INFO -    Episode Completions: 19 terminated (38.0%), 31 truncated (62.0%)
2025-09-28 03:18:34,953 - __main__ - INFO - 📈 Total Evaluation Statistics:
2025-09-28 03:18:34,953 - __main__ - INFO -    Total Episodes: 50
2025-09-28 03:18:34,953 - __main__ - INFO -    Total Average Return: 0.174 ± 0.462
2025-09-28 03:18:34,953 - __main__ - INFO -    Total Average Length: 276.3 ± 104.7
2025-09-28 03:18:34,953 - __main__ - INFO -    Total Completions: 19 terminated (38.0%), 31 truncated (62.0%)
2025-09-28 03:18:34,953 - __main__ - INFO -    Skill Entropy: 0.000
2025-09-28 03:18:34,954 - __main__ - INFO -    Used Skills: 2.0
2025-09-28 03:18:34,954 - __main__ - INFO -    Effective K: 1.03
2025-09-28 03:18:34,954 - __main__ - INFO - 🎯 Action Usage Statistics:
2025-09-28 03:18:34,954 - __main__ - INFO -    Unique actions in evaluation: 8
2025-09-28 03:18:34,954 - __main__ - INFO -    Unique actions in training: 8
2025-09-28 03:18:34,954 - __main__ - INFO -    Total unique actions: 8
2025-09-28 03:18:34,954 - __main__ - INFO -    Action coverage: 6.6%
2025-09-28 03:18:34,954 - __main__ - INFO -    Train action count: 10240
2025-09-28 03:18:34,955 - __main__ - INFO -    Eval action count: 13814
2025-09-28 03:18:34,955 - __main__ - INFO -    Train action entropy: 1.873
2025-09-28 03:18:34,955 - __main__ - INFO -    Eval action entropy: 1.611
2025-09-28 03:18:34,956 - __main__ - INFO -    Top 3 train actions: #1(2995), #3(1866), #0(1694)
2025-09-28 03:18:34,956 - __main__ - INFO -    Top 3 eval actions: #1(6655), #3(1801), #0(1591)
2025-09-28 03:18:37,141 - __main__ - INFO - 📊 Episodes completed this rollout: 4
2025-09-28 03:18:37,142 - __main__ - INFO - 📈 Episode stats: avg return = -0.10, avg length = 302.5
2025-09-28 03:18:37,142 - __main__ - INFO - 🎯 Top 3 training actions: #1(3505), #3(1983), #0(1802)
2025-09-28 03:18:38,132 - __main__ - INFO - 🔄 Synchronized model update at step 11,264
2025-09-28 03:18:38,133 - __main__ - INFO -    HMM interval: 6,144, VAE interval: 6,144
2025-09-28 03:18:38,133 - __main__ - INFO - 🚫 Model training masking: 618/6144 timesteps masked (10.1%) due to negative rewards (invalid actions)
2025-09-28 03:18:38,295 - __main__ - INFO - 🔄 Capping HMM batch size from 421 to 128 to prevent OOM
2025-09-28 03:18:38,295 - __main__ - INFO - 🔄 HMM refresh starting at step 11,264 with replay size 128x58
2025-09-28 03:18:41,372 - __main__ - DEBUG - Initial ELBO: 85662504.0417
2025-09-28 03:18:41,373 - __main__ - DEBUG - Relative tol: 0.0100
2025-09-28 03:18:41,373 - __main__ - DEBUG - Relative elbo_drop_tol: 0.0100
2025-09-28 03:18:41,373 - __main__ - DEBUG - - Init -507.6267
2025-09-28 03:18:41,373 - __main__ - DEBUG - - Trans -4.7173
2025-09-28 03:18:41,373 - __main__ - DEBUG - - Emit 59491.1015
2025-09-28 03:18:41,373 - __main__ - DEBUG - - Entropy 0.0003
2025-09-28 03:18:41,373 - __main__ - DEBUG - - Dir 85622496.0000
2025-09-28 03:18:41,373 - __main__ - DEBUG - - NIW -18954.5195
2025-09-28 03:18:41,373 - __main__ - DEBUG - - Beta prior -16.1966
2025-09-28 03:18:44,765 - __main__ - DEBUG - Iter 0: ELBO after FB: 85662504.0417 (LL 58978.7578, Δ=0.0000)
2025-09-28 03:18:44,766 - __main__ - DEBUG - Blending stats with ρ_niw=0.0500, ρ_tr=0.0500.
2025-09-28 03:18:44,809 - __main__ - DEBUG - Iter 0: ELBO after NIW update: 85665818.4671 (Emit LL 62723.2867, NIW term -18872.2793, Δ=3314.4254)
2025-09-28 03:18:44,852 - __main__ - DEBUG - Iter 0: ELBO after Dirichlet update: 43311.5750 (Trans LL -4.7182, Dir term -10.8912, Δ=-85622506.8921)
2025-09-28 03:18:44,911 - __main__ - DEBUG - Iter 0: ELBO after β update: 23631414.4755 (Init LL -507.5869, Dir term 23588092.0000, logp(β) -16.2270, Δ=23588102.9005)
2025-09-28 03:18:48,321 - __main__ - DEBUG - Iter 1: ELBO after FB: 23631414.4755 (LL 62210.9819, Δ=0.0000)
2025-09-28 03:18:48,322 - __main__ - DEBUG - Blending stats with ρ_niw=0.0500, ρ_tr=0.0500.
2025-09-28 03:18:48,365 - __main__ - DEBUG - Iter 1: ELBO after NIW update: 23631414.4755 (Emit LL 62723.2867, NIW term -18872.2793, Δ=0.0000)
2025-09-28 03:18:48,408 - __main__ - DEBUG - Iter 1: ELBO after Dirichlet update: 22176218.4747 (Trans LL -4.7191, Dir term 22132896.0000, Δ=-1455196.0009)
2025-09-28 03:18:48,467 - __main__ - DEBUG - Iter 1: ELBO after β update: 45196206.4805 (Init LL -507.5504, Dir term 45152884.0000, logp(β) -16.2578, Δ=23019988.0058)
2025-09-28 03:18:51,876 - __main__ - DEBUG - Iter 2: ELBO after FB: 45196206.4805 (LL 62211.0176, Δ=0.0000)
2025-09-28 03:18:51,877 - __main__ - DEBUG - Blending stats with ρ_niw=0.0500, ρ_tr=0.0500.
2025-09-28 03:18:51,920 - __main__ - DEBUG - Iter 2: ELBO after NIW update: 45196206.4805 (Emit LL 62723.2867, NIW term -18872.2793, Δ=0.0000)
2025-09-28 03:18:51,963 - __main__ - DEBUG - Iter 2: ELBO after Dirichlet update: 41769742.4796 (Trans LL -4.7200, Dir term 41726420.0000, Δ=-3426464.0009)
2025-09-28 03:18:52,022 - __main__ - DEBUG - Iter 2: ELBO after β update: 64123562.4819 (Init LL -507.5172, Dir term 64080240.0000, logp(β) -16.2887, Δ=22353820.0023)
2025-09-28 03:18:55,407 - __main__ - DEBUG - Iter 3: ELBO after FB: 64123562.4819 (LL 62211.0499, Δ=0.0000)
2025-09-28 03:18:55,407 - __main__ - DEBUG - Blending stats with ρ_niw=0.0500, ρ_tr=0.0500.
2025-09-28 03:18:55,451 - __main__ - DEBUG - Iter 3: ELBO after NIW update: 64123562.4819 (Emit LL 62723.2867, NIW term -18872.2793, Δ=0.0000)
2025-09-28 03:18:55,494 - __main__ - DEBUG - Iter 3: ELBO after Dirichlet update: 60984322.4819 (Trans LL -4.7200, Dir term 60941000.0000, Δ=-3139240.0000)
2025-09-28 03:18:55,553 - __main__ - DEBUG - Iter 3: ELBO after β update: 82947794.4807 (Init LL -507.4872, Dir term 82904472.0000, logp(β) -16.3199, Δ=21963471.9988)
2025-09-28 03:18:58,966 - __main__ - DEBUG - Iter 4: ELBO after FB: 82947794.4807 (LL 62211.0799, Δ=0.0000)
2025-09-28 03:18:58,966 - __main__ - DEBUG - Blending stats with ρ_niw=0.0500, ρ_tr=0.0500.
2025-09-28 03:18:59,010 - __main__ - DEBUG - Iter 4: ELBO after NIW update: 82947794.4807 (Emit LL 62723.2867, NIW term -18872.2793, Δ=0.0000)
2025-09-28 03:18:59,053 - __main__ - DEBUG - Iter 4: ELBO after Dirichlet update: 77197994.4807 (Trans LL -4.7200, Dir term 77154672.0000, Δ=-5749800.0000)
2025-09-28 03:18:59,112 - __main__ - DEBUG - Iter 4: ELBO after β update: 98586914.4760 (Init LL -507.4604, Dir term 98543592.0000, logp(β) -16.3514, Δ=21388919.9953)
2025-09-28 03:18:59,114 - __main__ - INFO -    HMM refresh complete: ELBO=377.2027, iters=0, max iters, states=40
2025-09-28 03:18:59,115 - __main__ - INFO -    ✅ HMM updated (next in 7,372 steps)
2025-09-28 03:18:59,115 - __main__ - INFO - 🔄 VAE refresh starting at step 11,264 with replay size 8x768
2025-09-28 03:18:59,116 - __main__ - INFO -    Using span sampling (6144 timesteps, too large for full buffer)
2025-09-28 03:19:18,887 - __main__ - INFO -    VAE refresh complete: final_loss=2966.4441, avg_loss=2987.5321, steps=4/4, trend=improving, total_timesteps=6144, span_sampling=32_requested×4_steps, span_len=64
2025-09-28 03:19:18,889 - __main__ - INFO -    ✅ VAE updated (next in 7,372 steps)
2025-09-28 03:19:21,087 - __main__ - INFO - 📊 Episodes completed this rollout: 4
2025-09-28 03:19:21,088 - __main__ - INFO - 📈 Episode stats: avg return = -0.27, avg length = 350.0
2025-09-28 03:19:21,088 - __main__ - INFO - 🎯 Top 3 training actions: #1(3963), #3(2154), #0(1879)
2025-09-28 03:19:24,220 - __main__ - INFO - 📊 Episodes completed this rollout: 3
2025-09-28 03:19:24,221 - __main__ - INFO - 📈 Episode stats: avg return = 0.41, avg length = 222.3
2025-09-28 03:19:24,221 - __main__ - INFO - 🎯 Top 3 training actions: #1(4481), #3(2298), #0(1970)
2025-09-28 03:19:27,435 - __main__ - INFO - 📊 Episodes completed this rollout: 8
2025-09-28 03:19:27,435 - __main__ - INFO - 📈 Episode stats: avg return = 0.44, avg length = 205.4
2025-09-28 03:19:27,436 - __main__ - INFO - 🎯 Top 3 training actions: #1(4928), #3(2474), #0(2122)
2025-09-28 03:19:30,596 - __main__ - INFO - 📊 Episodes completed this rollout: 5
2025-09-28 03:19:30,597 - __main__ - INFO - 📈 Episode stats: avg return = 0.58, avg length = 204.4
2025-09-28 03:19:30,597 - __main__ - INFO - 🎯 Top 3 training actions: #1(5429), #3(2604), #0(2301)
2025-09-28 03:19:33,749 - __main__ - INFO - 📊 Episodes completed this rollout: 4
2025-09-28 03:19:33,749 - __main__ - INFO - 📈 Episode stats: avg return = 0.53, avg length = 155.0
2025-09-28 03:19:33,750 - __main__ - INFO - 🎯 Top 3 training actions: #1(5838), #3(2796), #0(2458)
2025-09-28 03:19:36,919 - __main__ - INFO - 📊 Episodes completed this rollout: 4
2025-09-28 03:19:36,919 - __main__ - INFO - 📈 Episode stats: avg return = 0.09, avg length = 291.5
2025-09-28 03:19:36,919 - __main__ - INFO - 🎯 Top 3 training actions: #1(6236), #3(3016), #0(2588)
2025-09-28 03:19:40,075 - __main__ - INFO - 📊 Episodes completed this rollout: 2
2025-09-28 03:19:40,075 - __main__ - INFO - 📈 Episode stats: avg return = -0.17, avg length = 350.0
2025-09-28 03:19:40,075 - __main__ - INFO - 🎯 Top 3 training actions: #1(6625), #3(3263), #0(2710)
2025-09-28 03:19:43,224 - __main__ - INFO - 📊 Episodes completed this rollout: 5
2025-09-28 03:19:43,225 - __main__ - INFO - 📈 Episode stats: avg return = 0.39, avg length = 241.8
2025-09-28 03:19:43,225 - __main__ - INFO - 🎯 Top 3 training actions: #1(6977), #3(3542), #0(2832)
2025-09-28 03:19:44,220 - __main__ - INFO - 🔄 Synchronized model update at step 19,456
2025-09-28 03:19:44,220 - __main__ - INFO -    HMM interval: 7,372, VAE interval: 7,372
2025-09-28 03:19:44,221 - __main__ - INFO - 🚫 Model training masking: 536/8192 timesteps masked (6.5%) due to negative rewards (invalid actions)
2025-09-28 03:19:44,436 - __main__ - INFO - 🔄 Capping HMM batch size from 455 to 128 to prevent OOM
2025-09-28 03:19:44,436 - __main__ - INFO - 🔄 HMM refresh starting at step 19,456 with replay size 128x76
2025-09-28 03:19:48,456 - __main__ - DEBUG - Initial ELBO: 98583189.5442
2025-09-28 03:19:48,458 - __main__ - DEBUG - Relative tol: 0.0100
2025-09-28 03:19:48,458 - __main__ - DEBUG - Relative elbo_drop_tol: 0.0100
2025-09-28 03:19:48,458 - __main__ - DEBUG - - Init -507.4604
2025-09-28 03:19:48,459 - __main__ - DEBUG - - Trans -5.2724
2025-09-28 03:19:48,459 - __main__ - DEBUG - - Emit 58998.9072
2025-09-28 03:19:48,459 - __main__ - DEBUG - - Entropy 0.0004
2025-09-28 03:19:48,459 - __main__ - DEBUG - - Dir 98543592.0000
2025-09-28 03:19:48,459 - __main__ - DEBUG - - NIW -18872.2793
2025-09-28 03:19:48,459 - __main__ - DEBUG - - Beta prior -16.3514
2025-09-28 03:19:52,852 - __main__ - DEBUG - Iter 0: ELBO after FB: 98583189.5442 (LL 58486.1748, Δ=0.0000)
2025-09-28 03:19:52,852 - __main__ - DEBUG - Blending stats with ρ_niw=0.0500, ρ_tr=0.0500.
2025-09-28 03:19:52,896 - __main__ - DEBUG - Iter 0: ELBO after NIW update: 98589678.9429 (Emit LL 65461.5424, NIW term -18845.5156, Δ=6489.3988)
2025-09-28 03:19:52,940 - __main__ - DEBUG - Iter 0: ELBO after Dirichlet update: 46084.9514 (Trans LL -5.2507, Dir term -2.0132, Δ=-98543593.9915)
2025-09-28 03:19:53,001 - __main__ - DEBUG - Iter 0: ELBO after β update: 22863746.9564 (Init LL -507.4370, Dir term 22817660.0000, logp(β) -16.3830, Δ=22817662.0049)
2025-09-28 03:19:57,381 - __main__ - DEBUG - Iter 1: ELBO after FB: 22863746.9564 (LL 64948.8551, Δ=0.0000)
2025-09-28 03:19:57,381 - __main__ - DEBUG - Blending stats with ρ_niw=0.0500, ρ_tr=0.0500.
2025-09-28 03:19:57,425 - __main__ - DEBUG - Iter 1: ELBO after NIW update: 22863746.9564 (Emit LL 65461.5424, NIW term -18845.5156, Δ=0.0000)
2025-09-28 03:19:57,469 - __main__ - DEBUG - Iter 1: ELBO after Dirichlet update: 23039760.9554 (Trans LL -5.2517, Dir term 22993674.0000, Δ=176013.9990)
2025-09-28 03:19:57,529 - __main__ - DEBUG - Iter 1: ELBO after β update: 45704386.9435 (Init LL -507.4170, Dir term 45658300.0000, logp(β) -16.4150, Δ=22664625.9881)
2025-09-28 03:20:01,899 - __main__ - DEBUG - Iter 2: ELBO after FB: 45704386.9435 (LL 64948.8741, Δ=0.0000)
2025-09-28 03:20:01,899 - __main__ - DEBUG - Blending stats with ρ_niw=0.0500, ρ_tr=0.0500.
2025-09-28 03:20:01,943 - __main__ - DEBUG - Iter 2: ELBO after NIW update: 45704386.9435 (Emit LL 65461.5424, NIW term -18845.5156, Δ=0.0000)
2025-09-28 03:20:01,987 - __main__ - DEBUG - Iter 2: ELBO after Dirichlet update: 45142426.9435 (Trans LL -5.2517, Dir term 45096340.0000, Δ=-561960.0000)
2025-09-28 03:20:02,047 - __main__ - DEBUG - Iter 2: ELBO after β update: 67600990.9281 (Init LL -507.4002, Dir term 67554904.0000, logp(β) -16.4472, Δ=22458563.9846)
2025-09-28 03:20:06,427 - __main__ - DEBUG - Iter 3: ELBO after FB: 67600990.9281 (LL 64948.8909, Δ=0.0000)
2025-09-28 03:20:06,428 - __main__ - DEBUG - Blending stats with ρ_niw=0.0500, ρ_tr=0.0500.
2025-09-28 03:20:06,471 - __main__ - DEBUG - Iter 3: ELBO after NIW update: 67600990.9281 (Emit LL 65461.5424, NIW term -18845.5156, Δ=0.0000)
2025-09-28 03:20:06,515 - __main__ - DEBUG - Iter 3: ELBO after Dirichlet update: 64254538.9281 (Trans LL -5.2517, Dir term 64208452.0000, Δ=-3346452.0000)
2025-09-28 03:20:06,575 - __main__ - DEBUG - Iter 3: ELBO after β update: 86289382.9091 (Init LL -507.3868, Dir term 86243296.0000, logp(β) -16.4796, Δ=22034843.9810)
2025-09-28 03:20:10,949 - __main__ - DEBUG - Iter 4: ELBO after FB: 86289382.9091 (LL 64948.9043, Δ=0.0000)
2025-09-28 03:20:10,950 - __main__ - DEBUG - Blending stats with ρ_niw=0.0500, ρ_tr=0.0500.
2025-09-28 03:20:10,993 - __main__ - DEBUG - Iter 4: ELBO after NIW update: 86289382.9091 (Emit LL 65461.5424, NIW term -18845.5156, Δ=0.0000)
2025-09-28 03:20:11,037 - __main__ - DEBUG - Iter 4: ELBO after Dirichlet update: 84502678.9081 (Trans LL -5.2527, Dir term 84456592.0000, Δ=-1786704.0010)
2025-09-28 03:20:11,097 - __main__ - DEBUG - Iter 4: ELBO after β update: 106321078.8856 (Init LL -507.3767, Dir term 106274992.0000, logp(β) -16.5123, Δ=21818399.9774)
2025-09-28 03:20:11,099 - __main__ - INFO -    HMM refresh complete: ELBO=27.5592, iters=0, max iters, states=40
2025-09-28 03:20:11,099 - __main__ - INFO -    ✅ HMM updated (next in 8,846 steps)
2025-09-28 03:20:11,100 - __main__ - INFO - 🔄 VAE refresh starting at step 19,456 with replay size 8x1024
2025-09-28 03:20:11,100 - __main__ - INFO -    Using span sampling (8192 timesteps, too large for full buffer)
2025-09-28 03:20:31,919 - __main__ - INFO -    VAE refresh complete: final_loss=2848.3120, avg_loss=2878.1806, steps=4/4, trend=improving, total_timesteps=8192, span_sampling=32_requested×4_steps, span_len=64
2025-09-28 03:20:31,920 - __main__ - INFO -    ✅ VAE updated (next in 8,846 steps)
2025-09-28 03:20:34,070 - __main__ - INFO - 📊 Episodes completed this rollout: 3
2025-09-28 03:20:34,071 - __main__ - INFO - 📈 Episode stats: avg return = -0.26, avg length = 350.0
2025-09-28 03:20:34,071 - __main__ - INFO - 🎯 Top 3 training actions: #1(7321), #3(3821), #0(2966)
2025-09-28 03:20:35,067 - __main__ - INFO - 🧪 Starting evaluation with 50 episodes...
2025-09-28 03:20:35,068 - __main__ - INFO -    Eval seed: 51
2025-09-28 03:20:35,068 - __main__ - INFO -    Max episode steps (eval): env default
2025-09-28 03:20:35,069 - nle.env.base - INFO - Not saving any NLE data.
2025-09-28 03:20:45,096 - __main__ - WARNING - ⚠️ Episode 3 terminated due to step limit.
2025-09-28 03:20:47,350 - __main__ - DEBUG - 🎯 Eval HMM masking: step 200 masked due to negative reward
2025-09-28 03:20:48,888 - __main__ - WARNING - ⚠️ Episode 4 terminated due to step limit.
2025-09-28 03:20:52,695 - __main__ - WARNING - ⚠️ Episode 5 terminated due to step limit.
2025-09-28 03:20:56,512 - __main__ - WARNING - ⚠️ Episode 6 terminated due to step limit.
2025-09-28 03:21:03,422 - __main__ - WARNING - ⚠️ Episode 8 terminated due to step limit.
2025-09-28 03:21:05,161 - __main__ - DEBUG - 🎯 Eval HMM masking: step 150 masked due to negative reward
2025-09-28 03:21:11,259 - __main__ - WARNING - ⚠️ Episode 11 terminated due to step limit.
2025-09-28 03:21:12,474 - __main__ - DEBUG - 🎯 Eval HMM masking: step 100 masked due to negative reward
2025-09-28 03:21:15,061 - __main__ - WARNING - ⚠️ Episode 12 terminated due to step limit.
2025-09-28 03:21:16,275 - __main__ - DEBUG - 🎯 Eval HMM masking: step 100 masked due to negative reward
2025-09-28 03:21:18,058 - __main__ - DEBUG - 🎯 Eval HMM masking: step 50 masked due to negative reward
2025-09-28 03:21:21,136 - __main__ - WARNING - ⚠️ Episode 14 terminated due to step limit.
2025-09-28 03:21:22,864 - __main__ - DEBUG - 🎯 Eval HMM masking: step 150 masked due to negative reward
2025-09-28 03:21:24,925 - __main__ - WARNING - ⚠️ Episode 15 terminated due to step limit.
2025-09-28 03:21:31,117 - __main__ - WARNING - ⚠️ Episode 17 terminated due to step limit.
2025-09-28 03:21:34,924 - __main__ - WARNING - ⚠️ Episode 18 terminated due to step limit.
2025-09-28 03:21:38,700 - __main__ - WARNING - ⚠️ Episode 19 terminated due to step limit.
2025-09-28 03:21:42,491 - __main__ - WARNING - ⚠️ Episode 20 terminated due to step limit.
2025-09-28 03:21:43,717 - __main__ - DEBUG - 🎯 Eval HMM masking: step 100 masked due to negative reward
2025-09-28 03:21:46,296 - __main__ - WARNING - ⚠️ Episode 21 terminated due to step limit.
2025-09-28 03:21:50,114 - __main__ - WARNING - ⚠️ Episode 22 terminated due to step limit.
2025-09-28 03:21:53,909 - __main__ - WARNING - ⚠️ Episode 23 terminated due to step limit.
2025-09-28 03:21:57,692 - __main__ - WARNING - ⚠️ Episode 24 terminated due to step limit.
2025-09-28 03:22:02,886 - __main__ - WARNING - ⚠️ Episode 26 terminated due to step limit.
2025-09-28 03:22:05,612 - __main__ - DEBUG - 🎯 Eval HMM masking: step 250 masked due to negative reward
2025-09-28 03:22:06,637 - __main__ - WARNING - ⚠️ Episode 27 terminated due to step limit.
2025-09-28 03:22:10,387 - __main__ - WARNING - ⚠️ Episode 28 terminated due to step limit.
2025-09-28 03:22:12,615 - __main__ - DEBUG - 🎯 Eval HMM masking: step 200 masked due to negative reward
2025-09-28 03:22:14,138 - __main__ - WARNING - ⚠️ Episode 29 terminated due to step limit.
2025-09-28 03:22:17,891 - __main__ - WARNING - ⚠️ Episode 30 terminated due to step limit.
2025-09-28 03:22:21,141 - __main__ - DEBUG - 🎯 Eval HMM masking: step 300 masked due to negative reward
2025-09-28 03:22:21,643 - __main__ - WARNING - ⚠️ Episode 31 terminated due to step limit.
2025-09-28 03:22:23,880 - __main__ - DEBUG - 🎯 Eval HMM masking: step 200 masked due to negative reward
2025-09-28 03:22:25,399 - __main__ - WARNING - ⚠️ Episode 32 terminated due to step limit.
2025-09-28 03:22:27,941 - __main__ - DEBUG - 🎯 Eval HMM masking: step 100 masked due to negative reward
2025-09-28 03:22:31,637 - __main__ - WARNING - ⚠️ Episode 35 terminated due to step limit.
2025-09-28 03:22:35,371 - __main__ - WARNING - ⚠️ Episode 36 terminated due to step limit.
2025-09-28 03:22:39,888 - __main__ - DEBUG - 🎯 Eval HMM masking: step 150 masked due to negative reward
2025-09-28 03:22:43,646 - __main__ - WARNING - ⚠️ Episode 39 terminated due to step limit.
2025-09-28 03:22:53,968 - __main__ - DEBUG - 🎯 Eval HMM masking: step 150 masked due to negative reward
2025-09-28 03:22:56,010 - __main__ - WARNING - ⚠️ Episode 44 terminated due to step limit.
2025-09-28 03:22:58,753 - __main__ - DEBUG - 🎯 Eval HMM masking: step 250 masked due to negative reward
2025-09-28 03:23:02,013 - __main__ - DEBUG - 🎯 Eval HMM masking: step 300 masked due to negative reward
2025-09-28 03:23:02,510 - __main__ - WARNING - ⚠️ Episode 46 terminated due to step limit.
2025-09-28 03:23:06,249 - __main__ - WARNING - ⚠️ Episode 47 terminated due to step limit.
2025-09-28 03:23:09,996 - __main__ - WARNING - ⚠️ Episode 48 terminated due to step limit.
2025-09-28 03:23:12,748 - __main__ - DEBUG - 🎯 Eval HMM masking: step 250 masked due to negative reward
2025-09-28 03:23:13,766 - __main__ - WARNING - ⚠️ Episode 49 terminated due to step limit.
2025-09-28 03:23:17,554 - __main__ - WARNING - ⚠️ Episode 50 terminated due to step limit.
2025-09-28 03:23:17,732 - __main__ - INFO - 📊 Evaluation Results (Current Round):
2025-09-28 03:23:17,732 - __main__ - INFO -    Episodes: 50
2025-09-28 03:23:17,732 - __main__ - INFO -    Time: 162.7s (3.3s/ep)
2025-09-28 03:23:17,732 - __main__ - INFO -    Average Return: 0.131 ± 0.498
2025-09-28 03:23:17,732 - __main__ - INFO -    Success Rate: 34.0%
2025-09-28 03:23:17,732 - __main__ - INFO -    Average Length: 301.6
2025-09-28 03:23:17,733 - __main__ - INFO -    Average Coverage: 70.3 positions
2025-09-28 03:23:17,733 - __main__ - INFO -    Episode Completions: 17 terminated (34.0%), 33 truncated (66.0%)
2025-09-28 03:23:17,733 - __main__ - INFO - 📈 Total Evaluation Statistics:
2025-09-28 03:23:17,733 - __main__ - INFO -    Total Episodes: 100
2025-09-28 03:23:17,733 - __main__ - INFO -    Total Average Return: 0.152 ± 0.481
2025-09-28 03:23:17,733 - __main__ - INFO -    Total Average Length: 288.9 ± 93.0
2025-09-28 03:23:17,734 - __main__ - INFO -    Total Completions: 36 terminated (36.0%), 64 truncated (64.0%)
2025-09-28 03:23:17,734 - __main__ - INFO -    Skill Entropy: 0.043
2025-09-28 03:23:17,734 - __main__ - INFO -    Used Skills: 3.0
2025-09-28 03:23:17,734 - __main__ - INFO -    Effective K: 1.19
2025-09-28 03:23:17,734 - __main__ - INFO - 🎯 Action Usage Statistics:
2025-09-28 03:23:17,734 - __main__ - INFO -    Unique actions in evaluation: 8
2025-09-28 03:23:17,734 - __main__ - INFO -    Unique actions in training: 8
2025-09-28 03:23:17,735 - __main__ - INFO -    Total unique actions: 8
2025-09-28 03:23:17,735 - __main__ - INFO -    Action coverage: 6.6%
2025-09-28 03:23:17,735 - __main__ - INFO -    Train action count: 20480
2025-09-28 03:23:17,735 - __main__ - INFO -    Eval action count: 28894
2025-09-28 03:23:17,735 - __main__ - INFO -    Train action entropy: 1.782
2025-09-28 03:23:17,736 - __main__ - INFO -    Eval action entropy: 1.685
2025-09-28 03:23:17,736 - __main__ - INFO -    Top 3 train actions: #1(7321), #3(3821), #0(2966)
2025-09-28 03:23:17,736 - __main__ - INFO -    Top 3 eval actions: #1(11684), #3(6046), #0(3267)
2025-09-28 03:23:19,855 - __main__ - INFO - 📊 Episodes completed this rollout: 3
2025-09-28 03:23:19,856 - __main__ - INFO - 📈 Episode stats: avg return = 0.50, avg length = 231.3
2025-09-28 03:23:19,856 - __main__ - INFO - 🎯 Top 3 training actions: #1(7683), #3(4097), #0(3086)
2025-09-28 03:23:23,196 - __main__ - INFO - 📊 Episodes completed this rollout: 5
2025-09-28 03:23:23,197 - __main__ - INFO - 📈 Episode stats: avg return = 0.02, avg length = 302.2
2025-09-28 03:23:23,197 - __main__ - INFO - 🎯 Top 3 training actions: #1(7999), #3(4347), #0(3236)
2025-09-28 03:23:26,310 - __main__ - INFO - 📊 Episodes completed this rollout: 3
2025-09-28 03:23:26,311 - __main__ - INFO - 📈 Episode stats: avg return = 0.52, avg length = 207.3
2025-09-28 03:23:26,311 - __main__ - INFO - 🎯 Top 3 training actions: #1(8320), #3(4561), #0(3411)
2025-09-28 03:23:29,459 - __main__ - INFO - 📊 Episodes completed this rollout: 6
2025-09-28 03:23:29,459 - __main__ - INFO - 📈 Episode stats: avg return = 0.49, avg length = 218.7
2025-09-28 03:23:29,459 - __main__ - INFO - 🎯 Top 3 training actions: #1(8690), #3(4766), #0(3557)
2025-09-28 03:23:32,607 - __main__ - INFO - 📊 Episodes completed this rollout: 4
2025-09-28 03:23:32,608 - __main__ - INFO - 📈 Episode stats: avg return = 0.24, avg length = 255.8
2025-09-28 03:23:32,608 - __main__ - INFO - 🎯 Top 3 training actions: #1(9041), #3(4964), #0(3752)
2025-09-28 03:23:35,734 - __main__ - INFO - 📊 Episodes completed this rollout: 4
2025-09-28 03:23:35,734 - __main__ - INFO - 📈 Episode stats: avg return = 0.22, avg length = 310.8
2025-09-28 03:23:35,735 - __main__ - INFO - 🎯 Top 3 training actions: #1(9363), #3(5183), #0(3955)
2025-09-28 03:23:38,894 - __main__ - INFO - 📊 Episodes completed this rollout: 6
2025-09-28 03:23:38,894 - __main__ - INFO - 📈 Episode stats: avg return = 0.26, avg length = 257.3
2025-09-28 03:23:38,894 - __main__ - INFO - 🎯 Top 3 training actions: #1(9670), #3(5380), #0(4115)
2025-09-28 03:23:42,002 - __main__ - INFO - 📊 Episodes completed this rollout: 1
2025-09-28 03:23:42,002 - __main__ - INFO - 📈 Episode stats: avg return = 0.94, avg length = 85.0
2025-09-28 03:23:42,002 - __main__ - INFO - 🎯 Top 3 training actions: #1(9952), #3(5581), #0(4295)
2025-09-28 03:23:42,995 - __main__ - INFO - 🔄 Synchronized model update at step 28,672
2025-09-28 03:23:42,996 - __main__ - INFO -    HMM interval: 8,846, VAE interval: 8,846
2025-09-28 03:23:42,996 - __main__ - INFO - 🚫 Model training masking: 1134/9216 timesteps masked (12.3%) due to negative rewards (invalid actions)
2025-09-28 03:23:43,240 - __main__ - INFO - 🔄 Capping HMM batch size from 699 to 128 to prevent OOM
2025-09-28 03:23:43,240 - __main__ - INFO - 🔄 HMM refresh starting at step 28,672 with replay size 128x71
2025-09-28 03:23:46,926 - __main__ - DEBUG - Initial ELBO: 106294959.3427
2025-09-28 03:23:46,929 - __main__ - DEBUG - Relative tol: 0.0100
2025-09-28 03:23:46,930 - __main__ - DEBUG - Relative elbo_drop_tol: 0.0100
2025-09-28 03:23:46,930 - __main__ - DEBUG - - Init -507.3767
2025-09-28 03:23:46,930 - __main__ - DEBUG - - Trans -3.9541
2025-09-28 03:23:46,930 - __main__ - DEBUG - - Emit 39340.7009
2025-09-28 03:23:46,930 - __main__ - DEBUG - - Entropy 0.0004
2025-09-28 03:23:46,930 - __main__ - DEBUG - - Dir 106274992.0000
2025-09-28 03:23:46,930 - __main__ - DEBUG - - NIW -18845.5156
2025-09-28 03:23:46,930 - __main__ - DEBUG - - Beta prior -16.5123
2025-09-28 03:23:51,039 - __main__ - DEBUG - Iter 0: ELBO after FB: 106294959.3427 (LL 38829.3706, Δ=0.0000)
2025-09-28 03:23:51,040 - __main__ - DEBUG - Blending stats with ρ_niw=0.0500, ρ_tr=0.0500.
2025-09-28 03:23:51,084 - __main__ - DEBUG - Iter 0: ELBO after NIW update: 106299569.3045 (Emit LL 43677.0748, NIW term -18571.9277, Δ=4609.9618)
2025-09-28 03:23:51,128 - __main__ - DEBUG - Iter 0: ELBO after Dirichlet update: 24625.8935 (Trans LL -3.9905, Dir term 48.6254, Δ=-106274943.4110)
2025-09-28 03:23:51,189 - __main__ - DEBUG - Iter 0: ELBO after β update: 22108989.2419 (Init LL -507.3699, Dir term 22084412.0000, logp(β) -16.5452, Δ=22084363.3484)
2025-09-28 03:23:55,340 - __main__ - DEBUG - Iter 1: ELBO after FB: 22108989.2419 (LL 43165.7148, Δ=0.0000)
2025-09-28 03:23:55,341 - __main__ - DEBUG - Blending stats with ρ_niw=0.0500, ρ_tr=0.0500.
2025-09-28 03:23:55,384 - __main__ - DEBUG - Iter 1: ELBO after NIW update: 22108989.2419 (Emit LL 43677.0748, NIW term -18571.9277, Δ=0.0000)
2025-09-28 03:23:55,428 - __main__ - DEBUG - Iter 1: ELBO after Dirichlet update: 22332467.2419 (Trans LL -3.9905, Dir term 22307890.0000, Δ=223478.0000)
2025-09-28 03:23:55,487 - __main__ - DEBUG - Iter 1: ELBO after β update: 44266001.2121 (Init LL -507.3666, Dir term 44241424.0000, logp(β) -16.5783, Δ=21933533.9702)
2025-09-28 03:23:59,620 - __main__ - DEBUG - Iter 2: ELBO after FB: 44266001.2121 (LL 43165.7181, Δ=0.0000)
2025-09-28 03:23:59,621 - __main__ - DEBUG - Blending stats with ρ_niw=0.0500, ρ_tr=0.0500.
2025-09-28 03:23:59,665 - __main__ - DEBUG - Iter 2: ELBO after NIW update: 44266001.2121 (Emit LL 43677.0748, NIW term -18571.9277, Δ=0.0000)
2025-09-28 03:23:59,709 - __main__ - DEBUG - Iter 2: ELBO after Dirichlet update: 43896885.2121 (Trans LL -3.9905, Dir term 43872308.0000, Δ=-369116.0000)
2025-09-28 03:23:59,769 - __main__ - DEBUG - Iter 2: ELBO after β update: 65625045.1787 (Init LL -507.3665, Dir term 65600468.0000, logp(β) -16.6117, Δ=21728159.9666)
2025-09-28 03:24:03,907 - __main__ - DEBUG - Iter 3: ELBO after FB: 65625045.1787 (LL 43165.7182, Δ=0.0000)
2025-09-28 03:24:03,908 - __main__ - DEBUG - Blending stats with ρ_niw=0.0500, ρ_tr=0.0500.
2025-09-28 03:24:03,952 - __main__ - DEBUG - Iter 3: ELBO after NIW update: 65625045.1787 (Emit LL 43677.0748, NIW term -18571.9277, Δ=0.0000)
2025-09-28 03:24:04,014 - __main__ - DEBUG - Iter 3: ELBO after Dirichlet update: 65090077.1787 (Trans LL -3.9905, Dir term 65065500.0000, Δ=-534968.0000)
2025-09-28 03:24:04,073 - __main__ - DEBUG - Iter 3: ELBO after β update: 86642857.1416 (Init LL -507.3699, Dir term 86618280.0000, logp(β) -16.6454, Δ=21552779.9630)
2025-09-28 03:24:08,174 - __main__ - DEBUG - Iter 4: ELBO after FB: 86642857.1416 (LL 43165.7148, Δ=0.0000)
2025-09-28 03:24:08,174 - __main__ - DEBUG - Blending stats with ρ_niw=0.0500, ρ_tr=0.0500.
2025-09-28 03:24:08,218 - __main__ - DEBUG - Iter 4: ELBO after NIW update: 86642857.1416 (Emit LL 43677.0748, NIW term -18571.9277, Δ=0.0000)
2025-09-28 03:24:08,261 - __main__ - DEBUG - Iter 4: ELBO after Dirichlet update: 85581017.1416 (Trans LL -3.9905, Dir term 85556440.0000, Δ=-1061840.0000)
2025-09-28 03:24:08,321 - __main__ - DEBUG - Iter 4: ELBO after β update: 106936961.1010 (Init LL -507.3767, Dir term 106912384.0000, logp(β) -16.6793, Δ=21355943.9594)
2025-09-28 03:24:08,323 - __main__ - INFO -    HMM refresh complete: ELBO=1206.3774, iters=0, max iters, states=40
2025-09-28 03:24:08,323 - __main__ - INFO -    ✅ HMM updated (next in 10,615 steps)
2025-09-28 03:24:08,324 - __main__ - INFO - 🔄 VAE refresh starting at step 28,672 with replay size 8x1152
2025-09-28 03:24:08,324 - __main__ - INFO -    Using span sampling (9216 timesteps, too large for full buffer)
2025-09-28 03:24:28,109 - __main__ - INFO -    VAE refresh complete: final_loss=2843.1887, avg_loss=2866.7802, steps=4/4, trend=improving, total_timesteps=9216, span_sampling=32_requested×4_steps, span_len=64
2025-09-28 03:24:28,111 - __main__ - INFO -    ✅ VAE updated (next in 10,615 steps)
2025-09-28 03:24:30,261 - __main__ - INFO - 📊 Episodes completed this rollout: 5
2025-09-28 03:24:30,261 - __main__ - INFO - 📈 Episode stats: avg return = 0.05, avg length = 291.4
2025-09-28 03:24:30,262 - __main__ - INFO - 🎯 Top 3 training actions: #1(10219), #3(5795), #0(4461)
2025-09-28 03:24:33,396 - __main__ - INFO - 📊 Episodes completed this rollout: 4
2025-09-28 03:24:33,397 - __main__ - INFO - 📈 Episode stats: avg return = 0.07, avg length = 286.5
2025-09-28 03:24:33,397 - __main__ - INFO - 🎯 Top 3 training actions: #1(10447), #3(6063), #0(4655)
2025-09-28 03:24:34,393 - __main__ - INFO - 🧪 Starting evaluation with 50 episodes...
2025-09-28 03:24:34,393 - __main__ - INFO -    Eval seed: 51
2025-09-28 03:24:34,393 - __main__ - INFO -    Max episode steps (eval): env default
2025-09-28 03:24:34,394 - nle.env.base - INFO - Not saving any NLE data.
2025-09-28 03:24:36,740 - __main__ - DEBUG - 🎯 Eval HMM masking: step 100 masked due to negative reward
2025-09-28 03:24:41,548 - __main__ - DEBUG - 🎯 Eval HMM masking: step 50 masked due to negative reward
2025-09-28 03:24:44,728 - __main__ - WARNING - ⚠️ Episode 4 terminated due to step limit.
2025-09-28 03:24:48,623 - __main__ - WARNING - ⚠️ Episode 5 terminated due to step limit.
2025-09-28 03:24:49,338 - __main__ - DEBUG - 🎯 Eval HMM masking: step 50 masked due to negative reward
2025-09-28 03:24:51,426 - __main__ - DEBUG - 🎯 Eval HMM masking: step 250 masked due to negative reward
2025-09-28 03:24:58,263 - __main__ - DEBUG - 🎯 Eval HMM masking: step 300 masked due to negative reward
2025-09-28 03:24:58,788 - __main__ - WARNING - ⚠️ Episode 8 terminated due to step limit.
2025-09-28 03:25:01,650 - __main__ - DEBUG - 🎯 Eval HMM masking: step 250 masked due to negative reward
2025-09-28 03:25:02,711 - __main__ - WARNING - ⚠️ Episode 9 terminated due to step limit.
2025-09-28 03:25:07,793 - __main__ - DEBUG - 🎯 Eval HMM masking: step 250 masked due to negative reward
2025-09-28 03:25:08,856 - __main__ - WARNING - ⚠️ Episode 11 terminated due to step limit.
2025-09-28 03:25:13,519 - __main__ - WARNING - ⚠️ Episode 13 terminated due to step limit.
2025-09-28 03:25:17,449 - __main__ - WARNING - ⚠️ Episode 14 terminated due to step limit.
2025-09-28 03:25:19,710 - __main__ - DEBUG - 🎯 Eval HMM masking: step 50 masked due to negative reward
2025-09-28 03:25:22,942 - __main__ - WARNING - ⚠️ Episode 16 terminated due to step limit.
2025-09-28 03:25:23,670 - __main__ - DEBUG - 🎯 Eval HMM masking: step 50 masked due to negative reward
2025-09-28 03:25:28,220 - __main__ - DEBUG - 🎯 Eval HMM masking: step 250 masked due to negative reward
2025-09-28 03:25:29,288 - __main__ - WARNING - ⚠️ Episode 18 terminated due to step limit.
2025-09-28 03:25:34,686 - __main__ - WARNING - ⚠️ Episode 20 terminated due to step limit.
2025-09-28 03:25:35,936 - __main__ - DEBUG - 🎯 Eval HMM masking: step 100 masked due to negative reward
2025-09-28 03:25:41,936 - __main__ - WARNING - ⚠️ Episode 22 terminated due to step limit.
2025-09-28 03:25:44,750 - __main__ - DEBUG - 🎯 Eval HMM masking: step 100 masked due to negative reward
2025-09-28 03:25:47,384 - __main__ - WARNING - ⚠️ Episode 24 terminated due to step limit.
2025-09-28 03:25:51,260 - __main__ - WARNING - ⚠️ Episode 25 terminated due to step limit.
2025-09-28 03:25:53,552 - __main__ - DEBUG - 🎯 Eval HMM masking: step 200 masked due to negative reward
2025-09-28 03:25:56,552 - __main__ - DEBUG - 🎯 Eval HMM masking: step 250 masked due to negative reward
2025-09-28 03:25:57,623 - __main__ - WARNING - ⚠️ Episode 27 terminated due to step limit.
2025-09-28 03:26:01,553 - __main__ - WARNING - ⚠️ Episode 28 terminated due to step limit.
2025-09-28 03:26:05,473 - __main__ - WARNING - ⚠️ Episode 29 terminated due to step limit.
2025-09-28 03:26:08,890 - __main__ - DEBUG - 🎯 Eval HMM masking: step 300 masked due to negative reward
2025-09-28 03:26:09,419 - __main__ - WARNING - ⚠️ Episode 30 terminated due to step limit.
2025-09-28 03:26:15,578 - __main__ - WARNING - ⚠️ Episode 33 terminated due to step limit.
2025-09-28 03:26:17,910 - __main__ - DEBUG - 🎯 Eval HMM masking: step 200 masked due to negative reward
2025-09-28 03:26:22,585 - __main__ - WARNING - ⚠️ Episode 35 terminated due to step limit.
2025-09-28 03:26:25,843 - __main__ - DEBUG - 🎯 Eval HMM masking: step 50 masked due to negative reward
2025-09-28 03:26:30,017 - __main__ - DEBUG - 🎯 Eval HMM masking: step 200 masked due to negative reward
2025-09-28 03:26:31,617 - __main__ - WARNING - ⚠️ Episode 39 terminated due to step limit.
2025-09-28 03:26:34,980 - __main__ - DEBUG - 🎯 Eval HMM masking: step 300 masked due to negative reward
2025-09-28 03:26:35,504 - __main__ - WARNING - ⚠️ Episode 40 terminated due to step limit.
2025-09-28 03:26:39,425 - __main__ - WARNING - ⚠️ Episode 41 terminated due to step limit.
2025-09-28 03:26:46,629 - __main__ - WARNING - ⚠️ Episode 44 terminated due to step limit.
2025-09-28 03:26:47,364 - __main__ - DEBUG - 🎯 Eval HMM masking: step 50 masked due to negative reward
2025-09-28 03:26:48,441 - __main__ - DEBUG - 🎯 Eval HMM masking: step 150 masked due to negative reward
2025-09-28 03:26:49,192 - __main__ - DEBUG - 🎯 Eval HMM masking: step 50 masked due to negative reward
2025-09-28 03:26:52,375 - __main__ - WARNING - ⚠️ Episode 46 terminated due to step limit.
2025-09-28 03:26:53,632 - __main__ - DEBUG - 🎯 Eval HMM masking: step 100 masked due to negative reward
2025-09-28 03:26:57,891 - __main__ - WARNING - ⚠️ Episode 48 terminated due to step limit.
2025-09-28 03:27:01,299 - __main__ - DEBUG - 🎯 Eval HMM masking: step 300 masked due to negative reward
2025-09-28 03:27:01,833 - __main__ - WARNING - ⚠️ Episode 49 terminated due to step limit.
2025-09-28 03:27:05,763 - __main__ - WARNING - ⚠️ Episode 50 terminated due to step limit.
2025-09-28 03:27:05,951 - __main__ - INFO - 📊 Evaluation Results (Current Round):
2025-09-28 03:27:05,951 - __main__ - INFO -    Episodes: 50
2025-09-28 03:27:05,951 - __main__ - INFO -    Time: 151.6s (3.0s/ep)
2025-09-28 03:27:05,951 - __main__ - INFO -    Average Return: 0.217 ± 0.553
2025-09-28 03:27:05,951 - __main__ - INFO -    Success Rate: 46.0%
2025-09-28 03:27:05,952 - __main__ - INFO -    Average Length: 271.4
2025-09-28 03:27:05,952 - __main__ - INFO -    Average Coverage: 59.5 positions
2025-09-28 03:27:05,952 - __main__ - INFO -    Episode Completions: 23 terminated (46.0%), 27 truncated (54.0%)
2025-09-28 03:27:05,952 - __main__ - INFO - 📈 Total Evaluation Statistics:
2025-09-28 03:27:05,952 - __main__ - INFO -    Total Episodes: 150
2025-09-28 03:27:05,952 - __main__ - INFO -    Total Average Return: 0.174 ± 0.507
2025-09-28 03:27:05,952 - __main__ - INFO -    Total Average Length: 283.1 ± 96.0
2025-09-28 03:27:05,952 - __main__ - INFO -    Total Completions: 59 terminated (39.3%), 91 truncated (60.7%)
2025-09-28 03:27:05,953 - __main__ - INFO -    Skill Entropy: 0.036
2025-09-28 03:27:05,953 - __main__ - INFO -    Used Skills: 2.3
2025-09-28 03:27:05,953 - __main__ - INFO -    Effective K: 1.32
2025-09-28 03:27:05,953 - __main__ - INFO - 🎯 Action Usage Statistics:
2025-09-28 03:27:05,953 - __main__ - INFO -    Unique actions in evaluation: 8
2025-09-28 03:27:05,953 - __main__ - INFO -    Unique actions in training: 8
2025-09-28 03:27:05,953 - __main__ - INFO -    Total unique actions: 8
2025-09-28 03:27:05,953 - __main__ - INFO -    Action coverage: 6.6%
2025-09-28 03:27:05,954 - __main__ - INFO -    Train action count: 30720
2025-09-28 03:27:05,954 - __main__ - INFO -    Eval action count: 42466
2025-09-28 03:27:05,954 - __main__ - INFO -    Train action entropy: 1.785
2025-09-28 03:27:05,954 - __main__ - INFO -    Eval action entropy: 1.711
2025-09-28 03:27:05,955 - __main__ - INFO -    Top 3 train actions: #1(10447), #3(6063), #0(4655)
2025-09-28 03:27:05,955 - __main__ - INFO -    Top 3 eval actions: #1(14862), #3(9389), #0(6311)
2025-09-28 03:27:08,189 - __main__ - INFO - 📊 Episodes completed this rollout: 3
2025-09-28 03:27:08,190 - __main__ - INFO - 📈 Episode stats: avg return = 0.84, avg length = 160.3
2025-09-28 03:27:08,190 - __main__ - INFO - 🎯 Top 3 training actions: #1(10688), #3(6292), #0(4888)
2025-09-28 03:27:11,460 - __main__ - INFO - 📊 Episodes completed this rollout: 2
2025-09-28 03:27:11,460 - __main__ - INFO - 📈 Episode stats: avg return = -0.23, avg length = 350.0
2025-09-28 03:27:11,460 - __main__ - INFO - 🎯 Top 3 training actions: #1(10919), #3(6516), #0(5172)
2025-09-28 03:27:14,864 - __main__ - INFO - 📊 Episodes completed this rollout: 5
2025-09-28 03:27:14,864 - __main__ - INFO - 📈 Episode stats: avg return = -0.29, avg length = 350.0
2025-09-28 03:27:14,864 - __main__ - INFO - 🎯 Top 3 training actions: #1(11194), #3(6730), #0(5350)
2025-09-28 03:27:18,251 - __main__ - INFO - 📊 Episodes completed this rollout: 4
2025-09-28 03:27:18,251 - __main__ - INFO - 📈 Episode stats: avg return = 0.54, avg length = 232.2
2025-09-28 03:27:18,252 - __main__ - INFO - 🎯 Top 3 training actions: #1(11474), #3(6969), #0(5561)
2025-09-28 03:27:21,628 - __main__ - INFO - 📊 Episodes completed this rollout: 2
2025-09-28 03:27:21,628 - __main__ - INFO - 📈 Episode stats: avg return = 0.30, avg length = 236.5
2025-09-28 03:27:21,628 - __main__ - INFO - 🎯 Top 3 training actions: #1(11676), #3(7194), #0(5821)
2025-09-28 03:27:24,983 - __main__ - INFO - 📊 Episodes completed this rollout: 6
2025-09-28 03:27:24,984 - __main__ - INFO - 📈 Episode stats: avg return = 0.12, avg length = 257.2
2025-09-28 03:27:24,984 - __main__ - INFO - 🎯 Top 3 training actions: #1(11843), #3(7420), #0(6142)
2025-09-28 03:27:28,364 - __main__ - INFO - 📊 Episodes completed this rollout: 3
2025-09-28 03:27:28,364 - __main__ - INFO - 📈 Episode stats: avg return = -0.08, avg length = 303.7
2025-09-28 03:27:28,364 - __main__ - INFO - 🎯 Top 3 training actions: #1(12034), #3(7547), #0(6469)
2025-09-28 03:27:31,747 - __main__ - INFO - 📊 Episodes completed this rollout: 4
2025-09-28 03:27:31,747 - __main__ - INFO - 📈 Episode stats: avg return = 0.16, avg length = 285.5
2025-09-28 03:27:31,748 - __main__ - INFO - 🎯 Top 3 training actions: #1(12167), #3(7637), #0(6729)
2025-09-28 03:27:35,083 - __main__ - INFO - 📊 Episodes completed this rollout: 3
2025-09-28 03:27:35,083 - __main__ - INFO - 📈 Episode stats: avg return = -0.02, avg length = 268.3
2025-09-28 03:27:35,084 - __main__ - INFO - 🎯 Top 3 training actions: #1(12325), #3(7740), #0(7061)
2025-09-28 03:27:36,126 - __main__ - INFO - 🔄 Synchronized model update at step 39,936
2025-09-28 03:27:36,127 - __main__ - INFO -    HMM interval: 10,615, VAE interval: 10,615
2025-09-28 03:27:36,127 - __main__ - INFO - 🚫 Model training masking: 1210/11264 timesteps masked (10.7%) due to negative rewards (invalid actions)
2025-09-28 03:27:36,440 - __main__ - INFO - 🔄 Capping HMM batch size from 766 to 128 to prevent OOM
2025-09-28 03:27:36,440 - __main__ - INFO - 🔄 HMM refresh starting at step 39,936 with replay size 128x79
2025-09-28 03:27:40,873 - __main__ - DEBUG - Initial ELBO: 106927407.0917
2025-09-28 03:27:40,877 - __main__ - DEBUG - Relative tol: 0.0100
2025-09-28 03:27:40,877 - __main__ - DEBUG - Relative elbo_drop_tol: 0.0100
2025-09-28 03:27:40,877 - __main__ - DEBUG - - Init -507.3767
2025-09-28 03:27:40,877 - __main__ - DEBUG - - Trans -4.0238
2025-09-28 03:27:40,877 - __main__ - DEBUG - - Emit 34123.0987
2025-09-28 03:27:40,878 - __main__ - DEBUG - - Entropy 0.0005
2025-09-28 03:27:40,878 - __main__ - DEBUG - - Dir 106912384.0000
2025-09-28 03:27:40,878 - __main__ - DEBUG - - NIW -18571.9277
2025-09-28 03:27:40,878 - __main__ - DEBUG - - Beta prior -16.6793
2025-09-28 03:27:45,668 - __main__ - DEBUG - Iter 0: ELBO after FB: 106927407.0917 (LL 33611.6987, Δ=0.0000)
2025-09-28 03:27:45,668 - __main__ - DEBUG - Blending stats with ρ_niw=0.0500, ρ_tr=0.0500.
2025-09-28 03:27:45,718 - __main__ - DEBUG - Iter 0: ELBO after NIW update: 106931912.7712 (Emit LL 38299.4892, NIW term -18242.6387, Δ=4505.6796)
2025-09-28 03:27:45,762 - __main__ - DEBUG - Iter 0: ELBO after Dirichlet update: 19527.0593 (Trans LL -4.0590, Dir term -1.6767, Δ=-106912385.7119)
2025-09-28 03:27:45,829 - __main__ - DEBUG - Iter 0: ELBO after β update: 21353228.6917 (Init LL -507.3868, Dir term 21333700.0000, logp(β) -16.7134, Δ=21333701.6323)
2025-09-28 03:27:50,631 - __main__ - DEBUG - Iter 1: ELBO after FB: 21353228.6917 (LL 37788.0438, Δ=0.0000)
2025-09-28 03:27:50,631 - __main__ - DEBUG - Blending stats with ρ_niw=0.0500, ρ_tr=0.0500.
2025-09-28 03:27:50,676 - __main__ - DEBUG - Iter 1: ELBO after NIW update: 21353228.6917 (Emit LL 38299.4892, NIW term -18242.6387, Δ=0.0000)
2025-09-28 03:27:50,726 - __main__ - DEBUG - Iter 1: ELBO after Dirichlet update: 21560064.6917 (Trans LL -4.0590, Dir term 21540536.0000, Δ=206836.0000)
2025-09-28 03:27:50,787 - __main__ - DEBUG - Iter 1: ELBO after β update: 42744920.6437 (Init LL -507.4004, Dir term 42725392.0000, logp(β) -16.7478, Δ=21184855.9520)
2025-09-28 03:27:55,583 - __main__ - DEBUG - Iter 2: ELBO after FB: 42744920.6437 (LL 37788.0302, Δ=0.0000)
2025-09-28 03:27:55,583 - __main__ - DEBUG - Blending stats with ρ_niw=0.0500, ρ_tr=0.0500.
2025-09-28 03:27:55,633 - __main__ - DEBUG - Iter 2: ELBO after NIW update: 42744920.6437 (Emit LL 38299.4892, NIW term -18242.6387, Δ=0.0000)
2025-09-28 03:27:55,678 - __main__ - DEBUG - Iter 2: ELBO after Dirichlet update: 42947720.6437 (Trans LL -4.0590, Dir term 42928192.0000, Δ=202800.0000)
2025-09-28 03:27:55,743 - __main__ - DEBUG - Iter 2: ELBO after β update: 63985268.5919 (Init LL -507.4175, Dir term 63965740.0000, logp(β) -16.7825, Δ=21037547.9482)
2025-09-28 03:28:00,537 - __main__ - DEBUG - Iter 3: ELBO after FB: 63985268.5919 (LL 37788.0131, Δ=0.0000)
2025-09-28 03:28:00,537 - __main__ - DEBUG - Blending stats with ρ_niw=0.0500, ρ_tr=0.0500.
2025-09-28 03:28:00,582 - __main__ - DEBUG - Iter 3: ELBO after NIW update: 63985268.5919 (Emit LL 38299.4892, NIW term -18242.6387, Δ=0.0000)
2025-09-28 03:28:00,632 - __main__ - DEBUG - Iter 3: ELBO after Dirichlet update: 63571424.5927 (Trans LL -4.0583, Dir term 63551896.0000, Δ=-413843.9993)
2025-09-28 03:28:00,692 - __main__ - DEBUG - Iter 3: ELBO after β update: 84433752.5374 (Init LL -507.4379, Dir term 84414224.0000, logp(β) -16.8174, Δ=20862327.9447)
2025-09-28 03:28:05,489 - __main__ - DEBUG - Iter 4: ELBO after FB: 84433752.5374 (LL 37787.9935, Δ=0.0000)
2025-09-28 03:28:05,490 - __main__ - DEBUG - Blending stats with ρ_niw=0.0500, ρ_tr=0.0500.
2025-09-28 03:28:05,538 - __main__ - DEBUG - Iter 4: ELBO after NIW update: 84433752.5374 (Emit LL 38299.4892, NIW term -18242.6387, Δ=0.0000)
2025-09-28 03:28:05,584 - __main__ - DEBUG - Iter 4: ELBO after Dirichlet update: 83391672.5374 (Trans LL -4.0583, Dir term 83372144.0000, Δ=-1042080.0000)
2025-09-28 03:28:05,648 - __main__ - DEBUG - Iter 4: ELBO after β update: 104053352.4784 (Init LL -507.4618, Dir term 104033824.0000, logp(β) -16.8525, Δ=20661679.9410)
2025-09-28 03:28:05,650 - __main__ - INFO -    HMM refresh complete: ELBO=117.6428, iters=0, max iters, states=40
2025-09-28 03:28:05,650 - __main__ - INFO -    ✅ HMM updated (next in 12,000 steps)
2025-09-28 03:28:05,651 - __main__ - INFO - 🔄 VAE refresh starting at step 39,936 with replay size 8x1408
2025-09-28 03:28:05,651 - __main__ - INFO -    Using span sampling (11264 timesteps, too large for full buffer)
2025-09-28 03:28:26,533 - __main__ - INFO -    VAE refresh complete: final_loss=2796.2483, avg_loss=2809.2480, steps=4/4, trend=improving, total_timesteps=11264, span_sampling=32_requested×4_steps, span_len=64
2025-09-28 03:28:26,535 - __main__ - INFO -    ✅ VAE updated (next in 12,000 steps)
2025-09-28 03:28:28,831 - __main__ - INFO - 📊 Episodes completed this rollout: 3
2025-09-28 03:28:28,831 - __main__ - INFO - 📈 Episode stats: avg return = -0.01, avg length = 284.7
2025-09-28 03:28:28,832 - __main__ - INFO - 🎯 Top 3 training actions: #1(12519), #3(7875), #0(7393)
2025-09-28 03:28:29,878 - __main__ - INFO - 🧪 Starting evaluation with 50 episodes...
2025-09-28 03:28:29,878 - __main__ - INFO -    Eval seed: 51
2025-09-28 03:28:29,878 - __main__ - INFO -    Max episode steps (eval): env default
2025-09-28 03:28:29,879 - nle.env.base - INFO - Not saving any NLE data.
2025-09-28 03:28:35,277 - __main__ - WARNING - ⚠️ Episode 2 terminated due to step limit.
2025-09-28 03:28:39,246 - __main__ - WARNING - ⚠️ Episode 3 terminated due to step limit.
2025-09-28 03:28:43,185 - __main__ - WARNING - ⚠️ Episode 4 terminated due to step limit.
2025-09-28 03:28:44,464 - __main__ - DEBUG - 🎯 Eval HMM masking: step 100 masked due to negative reward
2025-09-28 03:28:47,162 - __main__ - WARNING - ⚠️ Episode 5 terminated due to step limit.
2025-09-28 03:28:51,120 - __main__ - WARNING - ⚠️ Episode 6 terminated due to step limit.
2025-09-28 03:28:54,183 - __main__ - DEBUG - 🎯 Eval HMM masking: step 50 masked due to negative reward
2025-09-28 03:28:55,254 - __main__ - DEBUG - 🎯 Eval HMM masking: step 150 masked due to negative reward
2025-09-28 03:28:57,384 - __main__ - WARNING - ⚠️ Episode 8 terminated due to step limit.
2025-09-28 03:29:00,276 - __main__ - DEBUG - 🎯 Eval HMM masking: step 250 masked due to negative reward
2025-09-28 03:29:00,818 - __main__ - DEBUG - 🎯 Eval HMM masking: step 300 masked due to negative reward
2025-09-28 03:29:01,347 - __main__ - WARNING - ⚠️ Episode 9 terminated due to step limit.
2025-09-28 03:29:05,303 - __main__ - WARNING - ⚠️ Episode 10 terminated due to step limit.
2025-09-28 03:29:06,036 - __main__ - DEBUG - 🎯 Eval HMM masking: step 50 masked due to negative reward
2025-09-28 03:29:09,261 - __main__ - WARNING - ⚠️ Episode 11 terminated due to step limit.
2025-09-28 03:29:13,189 - __main__ - WARNING - ⚠️ Episode 12 terminated due to step limit.
2025-09-28 03:29:19,770 - __main__ - DEBUG - 🎯 Eval HMM masking: step 100 masked due to negative reward
2025-09-28 03:29:24,694 - __main__ - WARNING - ⚠️ Episode 19 terminated due to step limit.
2025-09-28 03:29:30,114 - __main__ - WARNING - ⚠️ Episode 21 terminated due to step limit.
2025-09-28 03:29:34,065 - __main__ - WARNING - ⚠️ Episode 22 terminated due to step limit.
2025-09-28 03:29:39,223 - __main__ - WARNING - ⚠️ Episode 24 terminated due to step limit.
2025-09-28 03:29:41,027 - __main__ - DEBUG - 🎯 Eval HMM masking: step 50 masked due to negative reward
2025-09-28 03:29:43,194 - __main__ - DEBUG - 🎯 Eval HMM masking: step 250 masked due to negative reward
2025-09-28 03:29:44,271 - __main__ - WARNING - ⚠️ Episode 26 terminated due to step limit.
2025-09-28 03:29:48,914 - __main__ - DEBUG - 🎯 Eval HMM masking: step 250 masked due to negative reward
2025-09-28 03:29:50,001 - __main__ - WARNING - ⚠️ Episode 28 terminated due to step limit.
2025-09-28 03:29:53,982 - __main__ - WARNING - ⚠️ Episode 29 terminated due to step limit.
2025-09-28 03:30:03,329 - __main__ - WARNING - ⚠️ Episode 32 terminated due to step limit.
2025-09-28 03:30:09,413 - __main__ - WARNING - ⚠️ Episode 35 terminated due to step limit.
2025-09-28 03:30:10,145 - __main__ - DEBUG - 🎯 Eval HMM masking: step 50 masked due to negative reward
2025-09-28 03:30:13,423 - __main__ - WARNING - ⚠️ Episode 36 terminated due to step limit.
2025-09-28 03:30:17,410 - __main__ - WARNING - ⚠️ Episode 37 terminated due to step limit.
2025-09-28 03:30:21,418 - __main__ - WARNING - ⚠️ Episode 38 terminated due to step limit.
2025-09-28 03:30:25,415 - __main__ - WARNING - ⚠️ Episode 39 terminated due to step limit.
2025-09-28 03:30:29,717 - __main__ - DEBUG - 🎯 Eval HMM masking: step 200 masked due to negative reward
2025-09-28 03:30:31,344 - __main__ - WARNING - ⚠️ Episode 41 terminated due to step limit.
2025-09-28 03:30:35,333 - __main__ - WARNING - ⚠️ Episode 42 terminated due to step limit.
2025-09-28 03:30:37,166 - __main__ - DEBUG - 🎯 Eval HMM masking: step 150 masked due to negative reward
2025-09-28 03:30:39,350 - __main__ - WARNING - ⚠️ Episode 43 terminated due to step limit.
2025-09-28 03:30:41,154 - __main__ - DEBUG - 🎯 Eval HMM masking: step 100 masked due to negative reward
2025-09-28 03:30:42,440 - __main__ - DEBUG - 🎯 Eval HMM masking: step 50 masked due to negative reward
2025-09-28 03:30:47,847 - __main__ - WARNING - ⚠️ Episode 47 terminated due to step limit.
2025-09-28 03:30:54,041 - __main__ - DEBUG - 🎯 Eval HMM masking: step 250 masked due to negative reward
2025-09-28 03:30:55,114 - __main__ - WARNING - ⚠️ Episode 49 terminated due to step limit.
2025-09-28 03:30:55,850 - __main__ - DEBUG - 🎯 Eval HMM masking: step 50 masked due to negative reward
2025-09-28 03:30:57,927 - __main__ - INFO - 📊 Evaluation Results (Current Round):
2025-09-28 03:30:57,927 - __main__ - INFO -    Episodes: 50
2025-09-28 03:30:57,927 - __main__ - INFO -    Time: 148.0s (3.0s/ep)
2025-09-28 03:30:57,927 - __main__ - INFO -    Average Return: 0.167 ± 0.589
2025-09-28 03:30:57,927 - __main__ - INFO -    Success Rate: 44.0%
2025-09-28 03:30:57,928 - __main__ - INFO -    Average Length: 260.5
2025-09-28 03:30:57,928 - __main__ - INFO -    Average Coverage: 45.1 positions
2025-09-28 03:30:57,928 - __main__ - INFO -    Episode Completions: 22 terminated (44.0%), 28 truncated (56.0%)
2025-09-28 03:30:57,928 - __main__ - INFO - 📈 Total Evaluation Statistics:
2025-09-28 03:30:57,928 - __main__ - INFO -    Total Episodes: 200
2025-09-28 03:30:57,928 - __main__ - INFO -    Total Average Return: 0.172 ± 0.529
2025-09-28 03:30:57,928 - __main__ - INFO -    Total Average Length: 277.5 ± 100.1
2025-09-28 03:30:57,929 - __main__ - INFO -    Total Completions: 81 terminated (40.5%), 119 truncated (59.5%)
2025-09-28 03:30:57,929 - __main__ - INFO -    Skill Entropy: 0.121
2025-09-28 03:30:57,929 - __main__ - INFO -    Used Skills: 3.0
2025-09-28 03:30:57,929 - __main__ - INFO -    Effective K: 1.26
2025-09-28 03:30:57,929 - __main__ - INFO - 🎯 Action Usage Statistics:
2025-09-28 03:30:57,929 - __main__ - INFO -    Unique actions in evaluation: 8
2025-09-28 03:30:57,929 - __main__ - INFO -    Unique actions in training: 8
2025-09-28 03:30:57,929 - __main__ - INFO -    Total unique actions: 8
2025-09-28 03:30:57,930 - __main__ - INFO -    Action coverage: 6.6%
2025-09-28 03:30:57,930 - __main__ - INFO -    Train action count: 40960
2025-09-28 03:30:57,930 - __main__ - INFO -    Eval action count: 55492
2025-09-28 03:30:57,930 - __main__ - INFO -    Train action entropy: 1.781
2025-09-28 03:30:57,930 - __main__ - INFO -    Eval action entropy: 1.733
2025-09-28 03:30:57,931 - __main__ - INFO -    Top 3 train actions: #1(12519), #3(7875), #0(7393)
2025-09-28 03:30:57,931 - __main__ - INFO -    Top 3 eval actions: #1(17359), #3(11240), #0(9919)
2025-09-28 03:31:00,231 - __main__ - INFO - 📊 Episodes completed this rollout: 6
2025-09-28 03:31:00,232 - __main__ - INFO - 📈 Episode stats: avg return = 0.05, avg length = 264.2
2025-09-28 03:31:00,235 - __main__ - INFO - 🎯 Top 3 training actions: #1(12731), #3(7993), #0(7668)
2025-09-28 03:31:03,495 - __main__ - INFO - 📊 Episodes completed this rollout: 2
2025-09-28 03:31:03,495 - __main__ - INFO - 📈 Episode stats: avg return = -0.30, avg length = 350.0
2025-09-28 03:31:03,495 - __main__ - INFO - 🎯 Top 3 training actions: #1(12953), #3(8132), #0(7927)
2025-09-28 03:31:06,748 - __main__ - INFO - 📊 Episodes completed this rollout: 3
2025-09-28 03:31:06,749 - __main__ - INFO - 📈 Episode stats: avg return = 0.34, avg length = 260.7
2025-09-28 03:31:06,749 - __main__ - INFO - 🎯 Top 3 training actions: #1(13254), #3(8315), #0(8095)
2025-09-28 03:31:10,092 - __main__ - INFO - 📊 Episodes completed this rollout: 7
2025-09-28 03:31:10,092 - __main__ - INFO - 📈 Episode stats: avg return = 0.17, avg length = 243.0
2025-09-28 03:31:10,093 - __main__ - INFO - 🎯 Top 3 training actions: #1(13545), #3(8529), #0(8285)
2025-09-28 03:31:13,376 - __main__ - INFO - 📊 Episodes completed this rollout: 3
2025-09-28 03:31:13,377 - __main__ - INFO - 📈 Episode stats: avg return = 0.53, avg length = 205.0
2025-09-28 03:31:13,377 - __main__ - INFO - 🎯 Top 3 training actions: #1(13886), #3(8736), #0(8473)
2025-09-28 03:31:16,647 - __main__ - INFO - 📊 Episodes completed this rollout: 2
2025-09-28 03:31:16,648 - __main__ - INFO - 📈 Episode stats: avg return = 0.27, avg length = 268.5
2025-09-28 03:31:16,648 - __main__ - INFO - 🎯 Top 3 training actions: #1(14191), #3(8933), #0(8694)
2025-09-28 03:31:19,970 - __main__ - INFO - 📊 Episodes completed this rollout: 5
2025-09-28 03:31:19,971 - __main__ - INFO - 📈 Episode stats: avg return = -0.11, avg length = 333.2
2025-09-28 03:31:19,971 - __main__ - INFO - 🎯 Top 3 training actions: #1(14532), #3(9102), #0(8888)
2025-09-28 03:31:23,281 - __main__ - INFO - 📊 Episodes completed this rollout: 4
2025-09-28 03:31:23,282 - __main__ - INFO - 📈 Episode stats: avg return = 0.12, avg length = 264.0
2025-09-28 03:31:23,282 - __main__ - INFO - 🎯 Top 3 training actions: #1(14849), #3(9258), #0(9092)
2025-09-28 03:31:26,566 - __main__ - INFO - 📊 Episodes completed this rollout: 3
2025-09-28 03:31:26,566 - __main__ - INFO - 📈 Episode stats: avg return = 0.42, avg length = 234.7
2025-09-28 03:31:26,567 - __main__ - INFO - 🎯 Top 3 training actions: #1(15051), #3(9451), #0(9291)
2025-09-28 03:31:27,616 - __main__ - INFO - 🧪 Starting evaluation with 50 episodes...
2025-09-28 03:31:27,616 - __main__ - INFO -    Eval seed: 51
2025-09-28 03:31:27,616 - __main__ - INFO -    Max episode steps (eval): env default
2025-09-28 03:31:27,617 - nle.env.base - INFO - Not saving any NLE data.
2025-09-28 03:31:28,713 - __main__ - DEBUG - 🎯 Eval HMM masking: step 100 masked due to negative reward
2025-09-28 03:31:30,118 - __main__ - DEBUG - 🎯 Eval HMM masking: step 100 masked due to negative reward
2025-09-28 03:31:32,791 - __main__ - WARNING - ⚠️ Episode 2 terminated due to step limit.
2025-09-28 03:31:34,063 - __main__ - DEBUG - 🎯 Eval HMM masking: step 100 masked due to negative reward
2025-09-28 03:31:36,746 - __main__ - WARNING - ⚠️ Episode 3 terminated due to step limit.
2025-09-28 03:31:38,551 - __main__ - DEBUG - 🎯 Eval HMM masking: step 150 masked due to negative reward
2025-09-28 03:31:40,689 - __main__ - WARNING - ⚠️ Episode 4 terminated due to step limit.
2025-09-28 03:31:45,598 - __main__ - WARNING - ⚠️ Episode 6 terminated due to step limit.
2025-09-28 03:31:47,939 - __main__ - DEBUG - 🎯 Eval HMM masking: step 200 masked due to negative reward
2025-09-28 03:31:49,548 - __main__ - WARNING - ⚠️ Episode 7 terminated due to step limit.
2025-09-28 03:31:53,488 - __main__ - WARNING - ⚠️ Episode 8 terminated due to step limit.
2025-09-28 03:31:55,298 - __main__ - DEBUG - 🎯 Eval HMM masking: step 150 masked due to negative reward
2025-09-28 03:31:57,437 - __main__ - WARNING - ⚠️ Episode 9 terminated due to step limit.
2025-09-28 03:32:03,712 - __main__ - DEBUG - 🎯 Eval HMM masking: step 100 masked due to negative reward
2025-09-28 03:32:06,390 - __main__ - WARNING - ⚠️ Episode 12 terminated due to step limit.
2025-09-28 03:32:10,338 - __main__ - WARNING - ⚠️ Episode 13 terminated due to step limit.
2025-09-28 03:32:11,067 - __main__ - DEBUG - 🎯 Eval HMM masking: step 50 masked due to negative reward
2025-09-28 03:32:12,141 - __main__ - DEBUG - 🎯 Eval HMM masking: step 150 masked due to negative reward
2025-09-28 03:32:14,275 - __main__ - WARNING - ⚠️ Episode 14 terminated due to step limit.
2025-09-28 03:32:17,707 - __main__ - DEBUG - 🎯 Eval HMM masking: step 50 masked due to negative reward
2025-09-28 03:32:20,894 - __main__ - WARNING - ⚠️ Episode 16 terminated due to step limit.
2025-09-28 03:32:22,694 - __main__ - DEBUG - 🎯 Eval HMM masking: step 150 masked due to negative reward
2025-09-28 03:32:23,764 - __main__ - DEBUG - 🎯 Eval HMM masking: step 250 masked due to negative reward
2025-09-28 03:32:24,835 - __main__ - WARNING - ⚠️ Episode 17 terminated due to step limit.
2025-09-28 03:32:26,100 - __main__ - DEBUG - 🎯 Eval HMM masking: step 100 masked due to negative reward
2025-09-28 03:32:28,772 - __main__ - WARNING - ⚠️ Episode 18 terminated due to step limit.
2025-09-28 03:32:32,723 - __main__ - WARNING - ⚠️ Episode 19 terminated due to step limit.
2025-09-28 03:32:36,662 - __main__ - WARNING - ⚠️ Episode 20 terminated due to step limit.
2025-09-28 03:32:40,603 - __main__ - WARNING - ⚠️ Episode 21 terminated due to step limit.
2025-09-28 03:32:44,559 - __main__ - WARNING - ⚠️ Episode 22 terminated due to step limit.
2025-09-28 03:32:48,475 - __main__ - WARNING - ⚠️ Episode 23 terminated due to step limit.
2025-09-28 03:32:56,354 - __main__ - DEBUG - 🎯 Eval HMM masking: step 150 masked due to negative reward
2025-09-28 03:32:58,563 - __main__ - WARNING - ⚠️ Episode 26 terminated due to step limit.
2025-09-28 03:33:03,142 - __main__ - DEBUG - 🎯 Eval HMM masking: step 100 masked due to negative reward
2025-09-28 03:33:06,806 - __main__ - DEBUG - 🎯 Eval HMM masking: step 300 masked due to negative reward
2025-09-28 03:33:07,337 - __main__ - WARNING - ⚠️ Episode 29 terminated due to step limit.
2025-09-28 03:33:11,358 - __main__ - DEBUG - 🎯 Eval HMM masking: step 150 masked due to negative reward
2025-09-28 03:33:13,515 - __main__ - WARNING - ⚠️ Episode 31 terminated due to step limit.
2025-09-28 03:33:14,791 - __main__ - DEBUG - 🎯 Eval HMM masking: step 100 masked due to negative reward
2025-09-28 03:33:16,431 - __main__ - DEBUG - 🎯 Eval HMM masking: step 250 masked due to negative reward
2025-09-28 03:33:17,514 - __main__ - WARNING - ⚠️ Episode 32 terminated due to step limit.
2025-09-28 03:33:21,489 - __main__ - WARNING - ⚠️ Episode 33 terminated due to step limit.
2025-09-28 03:33:27,329 - __main__ - WARNING - ⚠️ Episode 35 terminated due to step limit.
2025-09-28 03:33:28,061 - __main__ - DEBUG - 🎯 Eval HMM masking: step 50 masked due to negative reward
2025-09-28 03:33:29,692 - __main__ - DEBUG - 🎯 Eval HMM masking: step 200 masked due to negative reward
2025-09-28 03:33:34,009 - __main__ - WARNING - ⚠️ Episode 37 terminated due to step limit.
2025-09-28 03:33:38,006 - __main__ - WARNING - ⚠️ Episode 38 terminated due to step limit.
2025-09-28 03:33:39,295 - __main__ - DEBUG - 🎯 Eval HMM masking: step 100 masked due to negative reward
2025-09-28 03:33:40,956 - __main__ - DEBUG - 🎯 Eval HMM masking: step 100 masked due to negative reward
2025-09-28 03:33:43,677 - __main__ - WARNING - ⚠️ Episode 40 terminated due to step limit.
2025-09-28 03:33:44,425 - __main__ - DEBUG - 🎯 Eval HMM masking: step 50 masked due to negative reward
2025-09-28 03:33:45,514 - __main__ - DEBUG - 🎯 Eval HMM masking: step 150 masked due to negative reward
2025-09-28 03:33:47,660 - __main__ - WARNING - ⚠️ Episode 41 terminated due to step limit.
2025-09-28 03:33:51,635 - __main__ - WARNING - ⚠️ Episode 42 terminated due to step limit.
2025-09-28 03:33:55,628 - __main__ - WARNING - ⚠️ Episode 43 terminated due to step limit.
2025-09-28 03:33:57,455 - __main__ - DEBUG - 🎯 Eval HMM masking: step 150 masked due to negative reward
2025-09-28 03:33:59,621 - __main__ - WARNING - ⚠️ Episode 44 terminated due to step limit.
2025-09-28 03:34:00,891 - __main__ - DEBUG - 🎯 Eval HMM masking: step 100 masked due to negative reward
2025-09-28 03:34:03,613 - __main__ - WARNING - ⚠️ Episode 45 terminated due to step limit.
2025-09-28 03:34:07,872 - __main__ - WARNING - ⚠️ Episode 47 terminated due to step limit.
2025-09-28 03:34:09,700 - __main__ - DEBUG - 🎯 Eval HMM masking: step 150 masked due to negative reward
2025-09-28 03:34:14,535 - __main__ - WARNING - ⚠️ Episode 50 terminated due to step limit.
2025-09-28 03:34:14,726 - __main__ - INFO - 📊 Evaluation Results (Current Round):
2025-09-28 03:34:14,726 - __main__ - INFO -    Episodes: 50
2025-09-28 03:34:14,726 - __main__ - INFO -    Time: 167.1s (3.3s/ep)
2025-09-28 03:34:14,727 - __main__ - INFO -    Average Return: 0.010 ± 0.518
2025-09-28 03:34:14,727 - __main__ - INFO -    Success Rate: 32.0%
2025-09-28 03:34:14,727 - __main__ - INFO -    Average Length: 294.6
2025-09-28 03:34:14,727 - __main__ - INFO -    Average Coverage: 49.6 positions
2025-09-28 03:34:14,727 - __main__ - INFO -    Episode Completions: 16 terminated (32.0%), 34 truncated (68.0%)
2025-09-28 03:34:14,727 - __main__ - INFO - 📈 Total Evaluation Statistics:
2025-09-28 03:34:14,728 - __main__ - INFO -    Total Episodes: 250
2025-09-28 03:34:14,728 - __main__ - INFO -    Total Average Return: 0.140 ± 0.530
2025-09-28 03:34:14,728 - __main__ - INFO -    Total Average Length: 280.9 ± 98.5
2025-09-28 03:34:14,728 - __main__ - INFO -    Total Completions: 97 terminated (38.8%), 153 truncated (61.2%)
2025-09-28 03:34:14,728 - __main__ - INFO -    Skill Entropy: 0.110
2025-09-28 03:34:14,728 - __main__ - INFO -    Used Skills: 3.0
2025-09-28 03:34:14,728 - __main__ - INFO -    Effective K: 1.23
2025-09-28 03:34:14,729 - __main__ - INFO - 🎯 Action Usage Statistics:
2025-09-28 03:34:14,729 - __main__ - INFO -    Unique actions in evaluation: 8
2025-09-28 03:34:14,729 - __main__ - INFO -    Unique actions in training: 8
2025-09-28 03:34:14,729 - __main__ - INFO -    Total unique actions: 8
2025-09-28 03:34:14,729 - __main__ - INFO -    Action coverage: 6.6%
2025-09-28 03:34:14,729 - __main__ - INFO -    Train action count: 50176
2025-09-28 03:34:14,729 - __main__ - INFO -    Eval action count: 70224
2025-09-28 03:34:14,730 - __main__ - INFO -    Train action entropy: 1.777
2025-09-28 03:34:14,730 - __main__ - INFO -    Eval action entropy: 1.763
2025-09-28 03:34:14,730 - __main__ - INFO -    Top 3 train actions: #1(15051), #3(9451), #0(9291)
2025-09-28 03:34:14,730 - __main__ - INFO -    Top 3 eval actions: #1(20109), #3(13971), #5(13290)
2025-09-28 03:34:17,086 - __main__ - INFO - 📊 Episodes completed this rollout: 3
2025-09-28 03:34:17,086 - __main__ - INFO - 📈 Episode stats: avg return = -0.25, avg length = 350.0
2025-09-28 03:34:17,086 - __main__ - INFO - 🎯 Top 3 training actions: #1(15240), #3(9624), #0(9472)
2025-09-28 03:34:20,559 - __main__ - INFO - 📊 Episodes completed this rollout: 3
2025-09-28 03:34:20,560 - __main__ - INFO - 📈 Episode stats: avg return = -0.32, avg length = 350.0
2025-09-28 03:34:20,560 - __main__ - INFO - 🎯 Top 3 training actions: #1(15431), #3(9811), #0(9672)
2025-09-28 03:34:21,612 - __main__ - INFO - 🔄 Synchronized model update at step 52,224
2025-09-28 03:34:21,613 - __main__ - INFO -    HMM interval: 12,000, VAE interval: 12,000
2025-09-28 03:34:21,614 - __main__ - INFO - 🚫 Model training masking: 900/12288 timesteps masked (7.3%) due to negative rewards (invalid actions)
2025-09-28 03:34:21,943 - __main__ - INFO - 🔄 Capping HMM batch size from 608 to 128 to prevent OOM
2025-09-28 03:34:21,943 - __main__ - INFO - 🔄 HMM refresh starting at step 52,224 with replay size 128x76
2025-09-28 03:34:26,162 - __main__ - DEBUG - Initial ELBO: 104065319.4114
2025-09-28 03:34:26,168 - __main__ - DEBUG - Relative tol: 0.0100
2025-09-28 03:34:26,168 - __main__ - DEBUG - Relative elbo_drop_tol: 0.0100
2025-09-28 03:34:26,168 - __main__ - DEBUG - - Init -507.4618
2025-09-28 03:34:26,168 - __main__ - DEBUG - - Trans -6.3068
2025-09-28 03:34:26,168 - __main__ - DEBUG - - Emit 50268.6708
2025-09-28 03:34:26,168 - __main__ - DEBUG - - Entropy 0.0004
2025-09-28 03:34:26,168 - __main__ - DEBUG - - Dir 104033824.0000
2025-09-28 03:34:26,169 - __main__ - DEBUG - - NIW -18242.6387
2025-09-28 03:34:26,169 - __main__ - DEBUG - - Beta prior -16.8525
2025-09-28 03:34:30,677 - __main__ - DEBUG - Iter 0: ELBO after FB: 104065319.4114 (LL 49754.9026, Δ=0.0000)
2025-09-28 03:34:30,677 - __main__ - DEBUG - Blending stats with ρ_niw=0.0500, ρ_tr=0.0500.
2025-09-28 03:34:30,725 - __main__ - DEBUG - Iter 0: ELBO after NIW update: 104070941.8888 (Emit LL 55771.2282, NIW term -18122.7188, Δ=5622.4773)
2025-09-28 03:34:30,768 - __main__ - DEBUG - Iter 0: ELBO after Dirichlet update: 37089.0111 (Trans LL -6.2241, Dir term -28.9603, Δ=-104033852.8776)
2025-09-28 03:34:30,833 - __main__ - DEBUG - Iter 0: ELBO after β update: 20655503.9087 (Init LL -507.4891, Dir term 20618386.0000, logp(β) -16.8879, Δ=20618414.8976)
2025-09-28 03:34:35,338 - __main__ - DEBUG - Iter 1: ELBO after FB: 20655503.9087 (LL 55257.5154, Δ=0.0000)
2025-09-28 03:34:35,339 - __main__ - DEBUG - Blending stats with ρ_niw=0.0500, ρ_tr=0.0500.
2025-09-28 03:34:35,382 - __main__ - DEBUG - Iter 1: ELBO after NIW update: 20655503.9087 (Emit LL 55771.2282, NIW term -18122.7188, Δ=0.0000)
2025-09-28 03:34:35,429 - __main__ - DEBUG - Iter 1: ELBO after Dirichlet update: 20821613.9099 (Trans LL -6.2230, Dir term 20784496.0000, Δ=166110.0012)
2025-09-28 03:34:35,489 - __main__ - DEBUG - Iter 1: ELBO after β update: 41269105.8434 (Init LL -507.5200, Dir term 41231988.0000, logp(β) -16.9235, Δ=20447491.9335)
2025-09-28 03:34:39,991 - __main__ - DEBUG - Iter 2: ELBO after FB: 41269105.8434 (LL 55257.4857, Δ=0.0000)
2025-09-28 03:34:39,993 - __main__ - DEBUG - Blending stats with ρ_niw=0.0500, ρ_tr=0.0500.
2025-09-28 03:34:40,039 - __main__ - DEBUG - Iter 2: ELBO after NIW update: 41269105.8434 (Emit LL 55771.2282, NIW term -18122.7188, Δ=0.0000)
2025-09-28 03:34:40,082 - __main__ - DEBUG - Iter 2: ELBO after Dirichlet update: 41457121.8434 (Trans LL -6.2230, Dir term 41420004.0000, Δ=188016.0000)
2025-09-28 03:34:40,161 - __main__ - DEBUG - Iter 2: ELBO after β update: 61759741.7732 (Init LL -507.5543, Dir term 61722624.0000, logp(β) -16.9594, Δ=20302619.9298)
2025-09-28 03:34:44,660 - __main__ - DEBUG - Iter 3: ELBO after FB: 61759741.7732 (LL 55257.4514, Δ=0.0000)
2025-09-28 03:34:44,661 - __main__ - DEBUG - Blending stats with ρ_niw=0.0500, ρ_tr=0.0500.
2025-09-28 03:34:44,707 - __main__ - DEBUG - Iter 3: ELBO after NIW update: 61759741.7732 (Emit LL 55771.2282, NIW term -18122.7188, Δ=0.0000)
2025-09-28 03:34:44,750 - __main__ - DEBUG - Iter 3: ELBO after Dirichlet update: 61942001.7744 (Trans LL -6.2218, Dir term 61904884.0000, Δ=182260.0012)
2025-09-28 03:34:44,815 - __main__ - DEBUG - Iter 3: ELBO after β update: 82098157.7005 (Init LL -507.5921, Dir term 82061040.0000, logp(β) -16.9955, Δ=20156155.9261)
2025-09-28 03:34:49,316 - __main__ - DEBUG - Iter 4: ELBO after FB: 82098157.7005 (LL 55257.4148, Δ=0.0000)
2025-09-28 03:34:49,317 - __main__ - DEBUG - Blending stats with ρ_niw=0.0500, ρ_tr=0.0500.
2025-09-28 03:34:49,359 - __main__ - DEBUG - Iter 4: ELBO after NIW update: 82098157.7005 (Emit LL 55771.2282, NIW term -18122.7188, Δ=0.0000)
2025-09-28 03:34:49,405 - __main__ - DEBUG - Iter 4: ELBO after Dirichlet update: 81450909.7016 (Trans LL -6.2206, Dir term 81413792.0000, Δ=-647247.9988)
2025-09-28 03:34:49,469 - __main__ - DEBUG - Iter 4: ELBO after β update: 101437461.6240 (Init LL -507.6334, Dir term 101400344.0000, logp(β) -17.0319, Δ=19986551.9223)
2025-09-28 03:34:49,472 - __main__ - INFO -    HMM refresh complete: ELBO=116.7179, iters=0, max iters, states=40
2025-09-28 03:34:49,472 - __main__ - INFO -    ✅ HMM updated (next in 12,000 steps)
2025-09-28 03:34:49,472 - __main__ - INFO - 🔄 VAE refresh starting at step 52,224 with replay size 8x1536
2025-09-28 03:34:49,473 - __main__ - INFO -    Using span sampling (12288 timesteps, too large for full buffer)
2025-09-28 03:35:10,967 - __main__ - INFO -    VAE refresh complete: final_loss=2808.2849, avg_loss=2816.2754, steps=4/4, trend=improving, total_timesteps=12288, span_sampling=32_requested×4_steps, span_len=64
2025-09-28 03:35:10,969 - __main__ - INFO -    ✅ VAE updated (next in 12,000 steps)
2025-09-28 03:35:13,210 - __main__ - INFO - 📊 Episodes completed this rollout: 3
2025-09-28 03:35:13,210 - __main__ - INFO - 📈 Episode stats: avg return = -0.28, avg length = 350.0
2025-09-28 03:35:13,211 - __main__ - INFO - 🎯 Top 3 training actions: #1(15633), #3(10024), #0(9833)
2025-09-28 03:35:16,478 - __main__ - INFO - 📊 Episodes completed this rollout: 2
2025-09-28 03:35:16,479 - __main__ - INFO - 📈 Episode stats: avg return = -0.35, avg length = 350.0
2025-09-28 03:35:16,479 - __main__ - INFO - 🎯 Top 3 training actions: #1(15875), #3(10257), #0(9983)
2025-09-28 03:35:19,792 - __main__ - INFO - 📊 Episodes completed this rollout: 7
2025-09-28 03:35:19,792 - __main__ - INFO - 📈 Episode stats: avg return = 0.19, avg length = 251.7
2025-09-28 03:35:19,792 - __main__ - INFO - 🎯 Top 3 training actions: #1(16206), #3(10483), #0(10153)
2025-09-28 03:35:23,127 - __main__ - INFO - 📊 Episodes completed this rollout: 6
2025-09-28 03:35:23,127 - __main__ - INFO - 📈 Episode stats: avg return = 0.45, avg length = 177.3
2025-09-28 03:35:23,127 - __main__ - INFO - 🎯 Top 3 training actions: #1(16468), #3(10745), #0(10295)
2025-09-28 03:35:26,411 - __main__ - INFO - 📊 Episodes completed this rollout: 4
2025-09-28 03:35:26,412 - __main__ - INFO - 📈 Episode stats: avg return = 0.62, avg length = 145.0
2025-09-28 03:35:26,412 - __main__ - INFO - 🎯 Top 3 training actions: #1(16735), #3(11002), #0(10468)
2025-09-28 03:35:29,694 - __main__ - INFO - 📊 Episodes completed this rollout: 5
2025-09-28 03:35:29,695 - __main__ - INFO - 📈 Episode stats: avg return = 0.37, avg length = 239.0
2025-09-28 03:35:29,695 - __main__ - INFO - 🎯 Top 3 training actions: #1(17007), #3(11216), #0(10630)
2025-09-28 03:35:32,878 - __main__ - INFO - 📊 Episodes completed this rollout: 6
2025-09-28 03:35:32,878 - __main__ - INFO - 📈 Episode stats: avg return = 0.68, avg length = 175.7
2025-09-28 03:35:32,879 - __main__ - INFO - 🎯 Top 3 training actions: #1(17331), #3(11366), #0(10840)
2025-09-28 03:35:36,082 - __main__ - INFO - 📊 Episodes completed this rollout: 4
2025-09-28 03:35:36,082 - __main__ - INFO - 📈 Episode stats: avg return = 0.23, avg length = 217.5
2025-09-28 03:35:36,082 - __main__ - INFO - 🎯 Top 3 training actions: #1(17606), #3(11518), #0(11097)
2025-09-28 03:35:37,092 - __main__ - INFO - 🧪 Starting evaluation with 50 episodes...
2025-09-28 03:35:37,093 - __main__ - INFO -    Eval seed: 51
2025-09-28 03:35:37,093 - __main__ - INFO -    Max episode steps (eval): env default
2025-09-28 03:35:37,094 - nle.env.base - INFO - Not saving any NLE data.
2025-09-28 03:35:40,763 - __main__ - WARNING - ⚠️ Episode 1 terminated due to step limit.
2025-09-28 03:35:46,674 - __main__ - WARNING - ⚠️ Episode 4 terminated due to step limit.
2025-09-28 03:35:52,713 - __main__ - DEBUG - 🎯 Eval HMM masking: step 300 masked due to negative reward
2025-09-28 03:35:53,225 - __main__ - WARNING - ⚠️ Episode 7 terminated due to step limit.
2025-09-28 03:35:53,933 - __main__ - DEBUG - 🎯 Eval HMM masking: step 50 masked due to negative reward
2025-09-28 03:35:57,076 - __main__ - WARNING - ⚠️ Episode 8 terminated due to step limit.
2025-09-28 03:36:00,920 - __main__ - WARNING - ⚠️ Episode 9 terminated due to step limit.
2025-09-28 03:36:04,225 - __main__ - DEBUG - 🎯 Eval HMM masking: step 300 masked due to negative reward
2025-09-28 03:36:04,740 - __main__ - WARNING - ⚠️ Episode 10 terminated due to step limit.
2025-09-28 03:36:08,582 - __main__ - WARNING - ⚠️ Episode 11 terminated due to step limit.
2025-09-28 03:36:10,334 - __main__ - DEBUG - 🎯 Eval HMM masking: step 150 masked due to negative reward
2025-09-28 03:36:12,425 - __main__ - WARNING - ⚠️ Episode 12 terminated due to step limit.
2025-09-28 03:36:14,964 - __main__ - DEBUG - 🎯 Eval HMM masking: step 100 masked due to negative reward
2025-09-28 03:36:17,804 - __main__ - DEBUG - 🎯 Eval HMM masking: step 200 masked due to negative reward
2025-09-28 03:36:19,360 - __main__ - WARNING - ⚠️ Episode 16 terminated due to step limit.
2025-09-28 03:36:20,071 - __main__ - DEBUG - 🎯 Eval HMM masking: step 50 masked due to negative reward
2025-09-28 03:36:23,196 - __main__ - WARNING - ⚠️ Episode 17 terminated due to step limit.
2025-09-28 03:36:27,023 - __main__ - WARNING - ⚠️ Episode 18 terminated due to step limit.
2025-09-28 03:36:30,271 - __main__ - DEBUG - 🎯 Eval HMM masking: step 150 masked due to negative reward
2025-09-28 03:36:31,309 - __main__ - DEBUG - 🎯 Eval HMM masking: step 250 masked due to negative reward
2025-09-28 03:36:32,344 - __main__ - WARNING - ⚠️ Episode 21 terminated due to step limit.
2025-09-28 03:36:33,056 - __main__ - DEBUG - 🎯 Eval HMM masking: step 50 masked due to negative reward
2025-09-28 03:36:34,902 - __main__ - DEBUG - 🎯 Eval HMM masking: step 150 masked due to negative reward
2025-09-28 03:36:39,266 - __main__ - WARNING - ⚠️ Episode 24 terminated due to step limit.
2025-09-28 03:36:44,432 - __main__ - WARNING - ⚠️ Episode 26 terminated due to step limit.
2025-09-28 03:36:48,268 - __main__ - WARNING - ⚠️ Episode 27 terminated due to step limit.
2025-09-28 03:36:50,021 - __main__ - DEBUG - 🎯 Eval HMM masking: step 150 masked due to negative reward
2025-09-28 03:36:51,069 - __main__ - DEBUG - 🎯 Eval HMM masking: step 250 masked due to negative reward
2025-09-28 03:36:52,095 - __main__ - WARNING - ⚠️ Episode 28 terminated due to step limit.
2025-09-28 03:36:55,882 - __main__ - WARNING - ⚠️ Episode 29 terminated due to step limit.
2025-09-28 03:36:58,074 - __main__ - DEBUG - 🎯 Eval HMM masking: step 100 masked due to negative reward
2025-09-28 03:37:00,139 - __main__ - DEBUG - 🎯 Eval HMM masking: step 300 masked due to negative reward
2025-09-28 03:37:00,644 - __main__ - WARNING - ⚠️ Episode 31 terminated due to step limit.
2025-09-28 03:37:04,444 - __main__ - WARNING - ⚠️ Episode 32 terminated due to step limit.
2025-09-28 03:37:05,140 - __main__ - DEBUG - 🎯 Eval HMM masking: step 50 masked due to negative reward
2025-09-28 03:37:09,424 - __main__ - DEBUG - 🎯 Eval HMM masking: step 150 masked due to negative reward
2025-09-28 03:37:11,479 - __main__ - WARNING - ⚠️ Episode 36 terminated due to step limit.
2025-09-28 03:37:15,269 - __main__ - WARNING - ⚠️ Episode 37 terminated due to step limit.
2025-09-28 03:37:19,994 - __main__ - WARNING - ⚠️ Episode 39 terminated due to step limit.
2025-09-28 03:37:23,777 - __main__ - WARNING - ⚠️ Episode 40 terminated due to step limit.
2025-09-28 03:37:24,987 - __main__ - DEBUG - 🎯 Eval HMM masking: step 100 masked due to negative reward
2025-09-28 03:37:27,546 - __main__ - WARNING - ⚠️ Episode 41 terminated due to step limit.
2025-09-28 03:37:31,307 - __main__ - WARNING - ⚠️ Episode 42 terminated due to step limit.
2025-09-28 03:37:33,542 - __main__ - DEBUG - 🎯 Eval HMM masking: step 200 masked due to negative reward
2025-09-28 03:37:39,769 - __main__ - WARNING - ⚠️ Episode 45 terminated due to step limit.
2025-09-28 03:37:42,528 - __main__ - DEBUG - 🎯 Eval HMM masking: step 250 masked due to negative reward
2025-09-28 03:37:43,554 - __main__ - WARNING - ⚠️ Episode 46 terminated due to step limit.
2025-09-28 03:37:46,829 - __main__ - DEBUG - 🎯 Eval HMM masking: step 300 masked due to negative reward
2025-09-28 03:37:47,334 - __main__ - WARNING - ⚠️ Episode 47 terminated due to step limit.
2025-09-28 03:37:49,058 - __main__ - DEBUG - 🎯 Eval HMM masking: step 150 masked due to negative reward
2025-09-28 03:37:51,097 - __main__ - INFO - 📊 Evaluation Results (Current Round):
2025-09-28 03:37:51,097 - __main__ - INFO -    Episodes: 50
2025-09-28 03:37:51,097 - __main__ - INFO -    Time: 134.0s (2.7s/ep)
2025-09-28 03:37:51,097 - __main__ - INFO -    Average Return: 0.154 ± 0.554
2025-09-28 03:37:51,097 - __main__ - INFO -    Success Rate: 44.0%
2025-09-28 03:37:51,097 - __main__ - INFO -    Average Length: 246.3
2025-09-28 03:37:51,098 - __main__ - INFO -    Average Coverage: 36.7 positions
2025-09-28 03:37:51,098 - __main__ - INFO -    Episode Completions: 22 terminated (44.0%), 28 truncated (56.0%)
2025-09-28 03:37:51,098 - __main__ - INFO - 📈 Total Evaluation Statistics:
2025-09-28 03:37:51,098 - __main__ - INFO -    Total Episodes: 300
2025-09-28 03:37:51,098 - __main__ - INFO -    Total Average Return: 0.142 ± 0.534
2025-09-28 03:37:51,098 - __main__ - INFO -    Total Average Length: 275.1 ± 103.9
2025-09-28 03:37:51,099 - __main__ - INFO -    Total Completions: 119 terminated (39.7%), 181 truncated (60.3%)
2025-09-28 03:37:51,099 - __main__ - INFO -    Skill Entropy: 0.026
2025-09-28 03:37:51,099 - __main__ - INFO -    Used Skills: 2.2
2025-09-28 03:37:51,099 - __main__ - INFO -    Effective K: 1.30
2025-09-28 03:37:51,099 - __main__ - INFO - 🎯 Action Usage Statistics:
2025-09-28 03:37:51,099 - __main__ - INFO -    Unique actions in evaluation: 8
2025-09-28 03:37:51,099 - __main__ - INFO -    Unique actions in training: 8
2025-09-28 03:37:51,099 - __main__ - INFO -    Total unique actions: 8
2025-09-28 03:37:51,099 - __main__ - INFO -    Action coverage: 6.6%
2025-09-28 03:37:51,100 - __main__ - INFO -    Train action count: 60416
2025-09-28 03:37:51,100 - __main__ - INFO -    Eval action count: 82540
2025-09-28 03:37:51,100 - __main__ - INFO -    Train action entropy: 1.782
2025-09-28 03:37:51,100 - __main__ - INFO -    Eval action entropy: 1.750
2025-09-28 03:37:51,101 - __main__ - INFO -    Top 3 train actions: #1(17606), #3(11518), #0(11097)
2025-09-28 03:37:51,101 - __main__ - INFO -    Top 3 eval actions: #1(23575), #5(16906), #3(15713)
2025-09-28 03:37:53,292 - __main__ - INFO - 📊 Episodes completed this rollout: 6
2025-09-28 03:37:53,292 - __main__ - INFO - 📈 Episode stats: avg return = 0.29, avg length = 225.0
2025-09-28 03:37:53,292 - __main__ - INFO - 🎯 Top 3 training actions: #1(17891), #3(11650), #0(11299)
2025-09-28 03:37:56,444 - __main__ - INFO - 📊 Episodes completed this rollout: 4
2025-09-28 03:37:56,444 - __main__ - INFO - 📈 Episode stats: avg return = 0.23, avg length = 240.0
2025-09-28 03:37:56,445 - __main__ - INFO - 🎯 Top 3 training actions: #1(18156), #3(11802), #0(11529)
2025-09-28 03:37:59,576 - __main__ - INFO - 📊 Episodes completed this rollout: 2
2025-09-28 03:37:59,576 - __main__ - INFO - 📈 Episode stats: avg return = 0.30, avg length = 228.5
2025-09-28 03:37:59,576 - __main__ - INFO - 🎯 Top 3 training actions: #1(18465), #3(11968), #0(11723)
2025-09-28 03:38:02,750 - __main__ - INFO - 📊 Episodes completed this rollout: 5
2025-09-28 03:38:02,751 - __main__ - INFO - 📈 Episode stats: avg return = -0.01, avg length = 295.2
2025-09-28 03:38:02,751 - __main__ - INFO - 🎯 Top 3 training actions: #1(18809), #3(12149), #0(11919)
2025-09-28 03:38:03,745 - __main__ - INFO - 🔄 Synchronized model update at step 64,512
2025-09-28 03:38:03,745 - __main__ - INFO -    HMM interval: 12,000, VAE interval: 12,000
2025-09-28 03:38:03,746 - __main__ - INFO - 🚫 Model training masking: 1488/12288 timesteps masked (12.1%) due to negative rewards (invalid actions)
2025-09-28 03:38:04,064 - __main__ - INFO - 🔄 Capping HMM batch size from 775 to 128 to prevent OOM
2025-09-28 03:38:04,065 - __main__ - INFO - 🔄 HMM refresh starting at step 64,512 with replay size 128x124
2025-09-28 03:38:10,561 - __main__ - DEBUG - Initial ELBO: 101416930.6350
2025-09-28 03:38:10,567 - __main__ - DEBUG - Relative tol: 0.0100
2025-09-28 03:38:10,567 - __main__ - DEBUG - Relative elbo_drop_tol: 0.0100
2025-09-28 03:38:10,567 - __main__ - DEBUG - - Init -507.6334
2025-09-28 03:38:10,567 - __main__ - DEBUG - - Trans -4.0741
2025-09-28 03:38:10,567 - __main__ - DEBUG - - Emit 35238.0924
2025-09-28 03:38:10,567 - __main__ - DEBUG - - Entropy 0.0007
2025-09-28 03:38:10,567 - __main__ - DEBUG - - Dir 101400344.0000
2025-09-28 03:38:10,567 - __main__ - DEBUG - - NIW -18122.7188
2025-09-28 03:38:10,567 - __main__ - DEBUG - - Beta prior -17.0319
2025-09-28 03:38:17,404 - __main__ - DEBUG - Iter 0: ELBO after FB: 101416930.6350 (LL 34726.3856, Δ=0.0000)
2025-09-28 03:38:17,405 - __main__ - DEBUG - Blending stats with ρ_niw=0.0500, ρ_tr=0.0500.
2025-09-28 03:38:17,451 - __main__ - DEBUG - Iter 0: ELBO after NIW update: 101419080.4082 (Emit LL 37067.5297, NIW term -17802.3828, Δ=2149.7733)
2025-09-28 03:38:17,497 - __main__ - DEBUG - Iter 0: ELBO after Dirichlet update: 18741.6643 (Trans LL -4.1107, Dir term 5.2927, Δ=-101400338.7439)
2025-09-28 03:38:17,560 - __main__ - DEBUG - Iter 0: ELBO after β update: 19909480.2901 (Init LL -507.6782, Dir term 19890744.0000, logp(β) -17.0686, Δ=19890738.6258)
2025-09-28 03:38:24,400 - __main__ - DEBUG - Iter 1: ELBO after FB: 19909480.2901 (LL 36555.7415, Δ=0.0000)
2025-09-28 03:38:24,401 - __main__ - DEBUG - Blending stats with ρ_niw=0.0500, ρ_tr=0.0500.
2025-09-28 03:38:24,447 - __main__ - DEBUG - Iter 1: ELBO after NIW update: 19909480.2901 (Emit LL 37067.5297, NIW term -17802.3828, Δ=0.0000)
2025-09-28 03:38:24,492 - __main__ - DEBUG - Iter 1: ELBO after Dirichlet update: 20150058.2909 (Trans LL -4.1100, Dir term 20131322.0000, Δ=240578.0008)
2025-09-28 03:38:24,554 - __main__ - DEBUG - Iter 1: ELBO after β update: 39897512.2056 (Init LL -507.7266, Dir term 39878776.0000, logp(β) -17.1054, Δ=19747453.9148)
2025-09-28 03:38:31,363 - __main__ - DEBUG - Iter 2: ELBO after FB: 39897512.2056 (LL 36555.6939, Δ=0.0000)
2025-09-28 03:38:31,364 - __main__ - DEBUG - Blending stats with ρ_niw=0.0500, ρ_tr=0.0500.
2025-09-28 03:38:31,409 - __main__ - DEBUG - Iter 2: ELBO after NIW update: 39897512.2056 (Emit LL 37067.5297, NIW term -17802.3828, Δ=0.0000)
2025-09-28 03:38:31,455 - __main__ - DEBUG - Iter 2: ELBO after Dirichlet update: 40133056.2056 (Trans LL -4.1100, Dir term 40114320.0000, Δ=235544.0000)
2025-09-28 03:38:31,517 - __main__ - DEBUG - Iter 2: ELBO after β update: 59736400.1167 (Init LL -507.7784, Dir term 59717664.0000, logp(β) -17.1426, Δ=19603343.9111)
2025-09-28 03:38:38,383 - __main__ - DEBUG - Iter 3: ELBO after FB: 59736400.1167 (LL 36555.6421, Δ=0.0000)
2025-09-28 03:38:38,384 - __main__ - DEBUG - Blending stats with ρ_niw=0.0500, ρ_tr=0.0500.
2025-09-28 03:38:38,430 - __main__ - DEBUG - Iter 3: ELBO after NIW update: 59736400.1167 (Emit LL 37067.5297, NIW term -17802.3828, Δ=0.0000)
2025-09-28 03:38:38,475 - __main__ - DEBUG - Iter 3: ELBO after Dirichlet update: 59705524.1175 (Trans LL -4.1092, Dir term 59686788.0000, Δ=-30875.9992)
2025-09-28 03:38:38,537 - __main__ - DEBUG - Iter 3: ELBO after β update: 79141464.0247 (Init LL -507.8338, Dir term 79122728.0000, logp(β) -17.1799, Δ=19435939.9072)
2025-09-28 03:38:45,422 - __main__ - DEBUG - Iter 4: ELBO after FB: 79141464.0247 (LL 36555.5874, Δ=0.0000)
2025-09-28 03:38:45,423 - __main__ - DEBUG - Blending stats with ρ_niw=0.0500, ρ_tr=0.0500.
2025-09-28 03:38:45,469 - __main__ - DEBUG - Iter 4: ELBO after NIW update: 79141464.0247 (Emit LL 37067.5297, NIW term -17802.3828, Δ=0.0000)
2025-09-28 03:38:45,515 - __main__ - DEBUG - Iter 4: ELBO after Dirichlet update: 78468824.0255 (Trans LL -4.1084, Dir term 78450088.0000, Δ=-672639.9992)
2025-09-28 03:38:45,577 - __main__ - DEBUG - Iter 4: ELBO after β update: 97739111.9288 (Init LL -507.8928, Dir term 97720376.0000, logp(β) -17.2176, Δ=19270287.9033)
2025-09-28 03:38:45,580 - __main__ - INFO -    HMM refresh complete: ELBO=123.5775, iters=0, max iters, states=40
2025-09-28 03:38:45,580 - __main__ - INFO -    ✅ HMM updated (next in 12,000 steps)
2025-09-28 03:38:45,580 - __main__ - INFO - 🔄 VAE refresh starting at step 64,512 with replay size 8x1536
2025-09-28 03:38:45,581 - __main__ - INFO -    Using span sampling (12288 timesteps, too large for full buffer)
2025-09-28 03:39:05,276 - __main__ - INFO -    VAE refresh complete: final_loss=2687.7598, avg_loss=2704.0596, steps=4/4, trend=improving, total_timesteps=12288, span_sampling=32_requested×4_steps, span_len=64
2025-09-28 03:39:05,278 - __main__ - INFO -    ✅ VAE updated (next in 12,000 steps)
2025-09-28 03:39:07,434 - __main__ - INFO - 📊 Episodes completed this rollout: 5
2025-09-28 03:39:07,434 - __main__ - INFO - 📈 Episode stats: avg return = 0.12, avg length = 245.6
2025-09-28 03:39:07,435 - __main__ - INFO - 🎯 Top 3 training actions: #1(19234), #3(12293), #0(12103)
2025-09-28 03:39:10,560 - __main__ - INFO - 📊 Episodes completed this rollout: 2
2025-09-28 03:39:10,561 - __main__ - INFO - 📈 Episode stats: avg return = 0.36, avg length = 193.0
2025-09-28 03:39:10,561 - __main__ - INFO - 🎯 Top 3 training actions: #1(19638), #3(12444), #0(12264)
2025-09-28 03:39:13,728 - __main__ - INFO - 📊 Episodes completed this rollout: 5
2025-09-28 03:39:13,729 - __main__ - INFO - 📈 Episode stats: avg return = 0.07, avg length = 259.4
2025-09-28 03:39:13,729 - __main__ - INFO - 🎯 Top 3 training actions: #1(20048), #3(12594), #0(12394)
2025-09-28 03:39:17,053 - __main__ - INFO - 📊 Episodes completed this rollout: 7
2025-09-28 03:39:17,054 - __main__ - INFO - 📈 Episode stats: avg return = 0.37, avg length = 205.3
2025-09-28 03:39:17,054 - __main__ - INFO - 🎯 Top 3 training actions: #1(20469), #3(12739), #0(12527)
2025-09-28 03:39:20,356 - __main__ - INFO - 📊 Episodes completed this rollout: 3
2025-09-28 03:39:20,356 - __main__ - INFO - 📈 Episode stats: avg return = 0.52, avg length = 182.3
2025-09-28 03:39:20,356 - __main__ - INFO - 🎯 Top 3 training actions: #1(20854), #3(12918), #0(12681)
2025-09-28 03:39:23,676 - __main__ - INFO - 📊 Episodes completed this rollout: 4
2025-09-28 03:39:23,677 - __main__ - INFO - 📈 Episode stats: avg return = -0.01, avg length = 312.5
2025-09-28 03:39:23,677 - __main__ - INFO - 🎯 Top 3 training actions: #1(21186), #3(13116), #0(12865)
2025-09-28 03:39:24,722 - __main__ - INFO - 🧪 Starting evaluation with 50 episodes...
2025-09-28 03:39:24,722 - __main__ - INFO -    Eval seed: 51
2025-09-28 03:39:24,725 - __main__ - INFO -    Max episode steps (eval): env default
2025-09-28 03:39:24,726 - nle.env.base - INFO - Not saving any NLE data.
2025-09-28 03:39:28,525 - __main__ - WARNING - ⚠️ Episode 1 terminated due to step limit.
2025-09-28 03:39:32,509 - __main__ - WARNING - ⚠️ Episode 2 terminated due to step limit.
2025-09-28 03:39:34,324 - __main__ - DEBUG - 🎯 Eval HMM masking: step 150 masked due to negative reward
2025-09-28 03:39:36,397 - __main__ - WARNING - ⚠️ Episode 3 terminated due to step limit.
2025-09-28 03:39:40,242 - __main__ - WARNING - ⚠️ Episode 4 terminated due to step limit.
2025-09-28 03:39:45,251 - __main__ - WARNING - ⚠️ Episode 6 terminated due to step limit.
2025-09-28 03:39:46,517 - __main__ - DEBUG - 🎯 Eval HMM masking: step 100 masked due to negative reward
2025-09-28 03:39:48,638 - __main__ - DEBUG - 🎯 Eval HMM masking: step 50 masked due to negative reward
2025-09-28 03:39:53,595 - __main__ - WARNING - ⚠️ Episode 9 terminated due to step limit.
2025-09-28 03:39:57,103 - __main__ - DEBUG - 🎯 Eval HMM masking: step 300 masked due to negative reward
2025-09-28 03:39:57,646 - __main__ - WARNING - ⚠️ Episode 10 terminated due to step limit.
2025-09-28 03:39:58,392 - __main__ - DEBUG - 🎯 Eval HMM masking: step 50 masked due to negative reward
2025-09-28 03:40:01,697 - __main__ - WARNING - ⚠️ Episode 11 terminated due to step limit.
2025-09-28 03:40:05,731 - __main__ - WARNING - ⚠️ Episode 12 terminated due to step limit.
2025-09-28 03:40:09,778 - __main__ - WARNING - ⚠️ Episode 13 terminated due to step limit.
2025-09-28 03:40:12,198 - __main__ - DEBUG - 🎯 Eval HMM masking: step 200 masked due to negative reward
2025-09-28 03:40:16,836 - __main__ - WARNING - ⚠️ Episode 15 terminated due to step limit.
2025-09-28 03:40:19,232 - __main__ - DEBUG - 🎯 Eval HMM masking: step 200 masked due to negative reward
2025-09-28 03:40:20,873 - __main__ - WARNING - ⚠️ Episode 16 terminated due to step limit.
2025-09-28 03:40:24,921 - __main__ - WARNING - ⚠️ Episode 17 terminated due to step limit.
2025-09-28 03:40:29,078 - __main__ - DEBUG - 🎯 Eval HMM masking: step 200 masked due to negative reward
2025-09-28 03:40:30,681 - __main__ - WARNING - ⚠️ Episode 20 terminated due to step limit.
2025-09-28 03:40:31,414 - __main__ - DEBUG - 🎯 Eval HMM masking: step 50 masked due to negative reward
2025-09-28 03:40:32,352 - __main__ - DEBUG - 🎯 Eval HMM masking: step 50 masked due to negative reward
2025-09-28 03:40:35,538 - __main__ - WARNING - ⚠️ Episode 22 terminated due to step limit.
2025-09-28 03:40:39,558 - __main__ - DEBUG - 🎯 Eval HMM masking: step 200 masked due to negative reward
2025-09-28 03:40:41,140 - __main__ - WARNING - ⚠️ Episode 25 terminated due to step limit.
2025-09-28 03:40:41,861 - __main__ - DEBUG - 🎯 Eval HMM masking: step 50 masked due to negative reward
2025-09-28 03:40:43,181 - __main__ - DEBUG - 🎯 Eval HMM masking: step 100 masked due to negative reward
2025-09-28 03:40:45,829 - __main__ - WARNING - ⚠️ Episode 27 terminated due to step limit.
2025-09-28 03:40:48,152 - __main__ - DEBUG - 🎯 Eval HMM masking: step 200 masked due to negative reward
2025-09-28 03:40:49,742 - __main__ - WARNING - ⚠️ Episode 28 terminated due to step limit.
2025-09-28 03:40:52,046 - __main__ - DEBUG - 🎯 Eval HMM masking: step 200 masked due to negative reward
2025-09-28 03:40:53,111 - __main__ - DEBUG - 🎯 Eval HMM masking: step 300 masked due to negative reward
2025-09-28 03:40:56,824 - __main__ - DEBUG - 🎯 Eval HMM masking: step 100 masked due to negative reward
2025-09-28 03:40:59,484 - __main__ - WARNING - ⚠️ Episode 31 terminated due to step limit.
2025-09-28 03:41:02,944 - __main__ - DEBUG - 🎯 Eval HMM masking: step 250 masked due to negative reward
2025-09-28 03:41:03,988 - __main__ - WARNING - ⚠️ Episode 33 terminated due to step limit.
2025-09-28 03:41:05,775 - __main__ - DEBUG - 🎯 Eval HMM masking: step 150 masked due to negative reward
2025-09-28 03:41:06,848 - __main__ - DEBUG - 🎯 Eval HMM masking: step 250 masked due to negative reward
2025-09-28 03:41:08,243 - __main__ - DEBUG - 🎯 Eval HMM masking: step 100 masked due to negative reward
2025-09-28 03:41:08,776 - __main__ - DEBUG - 🎯 Eval HMM masking: step 150 masked due to negative reward
2025-09-28 03:41:09,836 - __main__ - DEBUG - 🎯 Eval HMM masking: step 250 masked due to negative reward
2025-09-28 03:41:10,892 - __main__ - WARNING - ⚠️ Episode 35 terminated due to step limit.
2025-09-28 03:41:11,775 - __main__ - DEBUG - 🎯 Eval HMM masking: step 50 masked due to negative reward
2025-09-28 03:41:13,927 - __main__ - DEBUG - 🎯 Eval HMM masking: step 250 masked due to negative reward
2025-09-28 03:41:14,988 - __main__ - WARNING - ⚠️ Episode 36 terminated due to step limit.
2025-09-28 03:41:17,426 - __main__ - DEBUG - 🎯 Eval HMM masking: step 100 masked due to negative reward
2025-09-28 03:41:19,329 - __main__ - DEBUG - 🎯 Eval HMM masking: step 150 masked due to negative reward
2025-09-28 03:41:21,355 - __main__ - WARNING - ⚠️ Episode 39 terminated due to step limit.
2025-09-28 03:41:25,086 - __main__ - WARNING - ⚠️ Episode 40 terminated due to step limit.
2025-09-28 03:41:27,311 - __main__ - DEBUG - 🎯 Eval HMM masking: step 200 masked due to negative reward
2025-09-28 03:41:28,826 - __main__ - WARNING - ⚠️ Episode 41 terminated due to step limit.
2025-09-28 03:41:30,533 - __main__ - DEBUG - 🎯 Eval HMM masking: step 150 masked due to negative reward
2025-09-28 03:41:34,298 - __main__ - DEBUG - 🎯 Eval HMM masking: step 150 masked due to negative reward
2025-09-28 03:41:36,324 - __main__ - WARNING - ⚠️ Episode 44 terminated due to step limit.
2025-09-28 03:41:37,016 - __main__ - DEBUG - 🎯 Eval HMM masking: step 50 masked due to negative reward
2025-09-28 03:41:38,403 - __main__ - DEBUG - 🎯 Eval HMM masking: step 100 masked due to negative reward
2025-09-28 03:41:40,945 - __main__ - WARNING - ⚠️ Episode 46 terminated due to step limit.
2025-09-28 03:41:42,666 - __main__ - DEBUG - 🎯 Eval HMM masking: step 50 masked due to negative reward
2025-09-28 03:41:43,176 - __main__ - DEBUG - 🎯 Eval HMM masking: step 100 masked due to negative reward
2025-09-28 03:41:49,254 - __main__ - WARNING - ⚠️ Episode 50 terminated due to step limit.
2025-09-28 03:41:49,430 - __main__ - INFO - 📊 Evaluation Results (Current Round):
2025-09-28 03:41:49,430 - __main__ - INFO -    Episodes: 50
2025-09-28 03:41:49,430 - __main__ - INFO -    Time: 144.7s (2.9s/ep)
2025-09-28 03:41:49,430 - __main__ - INFO -    Average Return: 0.210 ± 0.545
2025-09-28 03:41:49,430 - __main__ - INFO -    Success Rate: 44.0%
2025-09-28 03:41:49,430 - __main__ - INFO -    Average Length: 258.7
2025-09-28 03:41:49,430 - __main__ - INFO -    Average Coverage: 45.0 positions
2025-09-28 03:41:49,431 - __main__ - INFO -    Episode Completions: 22 terminated (44.0%), 28 truncated (56.0%)
2025-09-28 03:41:49,431 - __main__ - INFO - 📈 Total Evaluation Statistics:
2025-09-28 03:41:49,431 - __main__ - INFO -    Total Episodes: 350
2025-09-28 03:41:49,431 - __main__ - INFO -    Total Average Return: 0.152 ± 0.536
2025-09-28 03:41:49,431 - __main__ - INFO -    Total Average Length: 272.8 ± 106.1
2025-09-28 03:41:49,431 - __main__ - INFO -    Total Completions: 141 terminated (40.3%), 209 truncated (59.7%)
2025-09-28 03:41:49,431 - __main__ - INFO -    Skill Entropy: 0.125
2025-09-28 03:41:49,432 - __main__ - INFO -    Used Skills: 2.0
2025-09-28 03:41:49,432 - __main__ - INFO -    Effective K: 1.96
2025-09-28 03:41:49,432 - __main__ - INFO - 🎯 Action Usage Statistics:
2025-09-28 03:41:49,432 - __main__ - INFO -    Unique actions in evaluation: 8
2025-09-28 03:41:49,432 - __main__ - INFO -    Unique actions in training: 8
2025-09-28 03:41:49,432 - __main__ - INFO -    Total unique actions: 8
2025-09-28 03:41:49,432 - __main__ - INFO -    Action coverage: 6.6%
2025-09-28 03:41:49,432 - __main__ - INFO -    Train action count: 70656
2025-09-28 03:41:49,433 - __main__ - INFO -    Eval action count: 95473
2025-09-28 03:41:49,433 - __main__ - INFO -    Train action entropy: 1.769
2025-09-28 03:41:49,433 - __main__ - INFO -    Eval action entropy: 1.747
2025-09-28 03:41:49,434 - __main__ - INFO -    Top 3 train actions: #1(21186), #3(13116), #0(12865)
2025-09-28 03:41:49,434 - __main__ - INFO -    Top 3 eval actions: #1(27650), #5(19226), #3(18351)
2025-09-28 03:41:51,570 - __main__ - INFO - 📊 Episodes completed this rollout: 5
2025-09-28 03:41:51,571 - __main__ - INFO - 📈 Episode stats: avg return = 0.56, avg length = 214.8
2025-09-28 03:41:51,571 - __main__ - INFO - 🎯 Top 3 training actions: #1(21512), #3(13327), #0(13055)
2025-09-28 03:41:54,691 - __main__ - INFO - 📊 Episodes completed this rollout: 4
2025-09-28 03:41:54,692 - __main__ - INFO - 📈 Episode stats: avg return = 0.53, avg length = 191.8
2025-09-28 03:41:54,692 - __main__ - INFO - 🎯 Top 3 training actions: #1(21804), #3(13524), #0(13283)
2025-09-28 03:41:57,814 - __main__ - INFO - 📊 Episodes completed this rollout: 5
2025-09-28 03:41:57,814 - __main__ - INFO - 📈 Episode stats: avg return = 0.31, avg length = 232.6
2025-09-28 03:41:57,815 - __main__ - INFO - 🎯 Top 3 training actions: #1(22121), #3(13731), #0(13449)
2025-09-28 03:42:00,912 - __main__ - INFO - 📊 Episodes completed this rollout: 4
2025-09-28 03:42:00,912 - __main__ - INFO - 📈 Episode stats: avg return = 0.55, avg length = 220.0
2025-09-28 03:42:00,912 - __main__ - INFO - 🎯 Top 3 training actions: #1(22397), #3(13951), #0(13633)
2025-09-28 03:42:04,010 - __main__ - INFO - 📊 Episodes completed this rollout: 2
2025-09-28 03:42:04,010 - __main__ - INFO - 📈 Episode stats: avg return = -0.33, avg length = 350.0
2025-09-28 03:42:04,010 - __main__ - INFO - 🎯 Top 3 training actions: #1(22653), #3(14143), #0(13849)
2025-09-28 03:42:07,129 - __main__ - INFO - 📊 Episodes completed this rollout: 7
2025-09-28 03:42:07,130 - __main__ - INFO - 📈 Episode stats: avg return = 0.26, avg length = 290.6
2025-09-28 03:42:07,130 - __main__ - INFO - 🎯 Top 3 training actions: #1(22926), #3(14368), #0(14060)
2025-09-28 03:42:08,119 - __main__ - INFO - 🔄 Synchronized model update at step 76,800
2025-09-28 03:42:08,119 - __main__ - INFO -    HMM interval: 12,000, VAE interval: 12,000
2025-09-28 03:42:08,120 - __main__ - INFO - 🚫 Model training masking: 1308/12288 timesteps masked (10.6%) due to negative rewards (invalid actions)
2025-09-28 03:42:08,446 - __main__ - INFO - 🔄 Capping HMM batch size from 858 to 128 to prevent OOM
2025-09-28 03:42:08,447 - __main__ - INFO - 🔄 HMM refresh starting at step 76,800 with replay size 128x79
2025-09-28 03:42:12,502 - __main__ - DEBUG - Initial ELBO: 97736009.5550
2025-09-28 03:42:12,505 - __main__ - DEBUG - Relative tol: 0.0100
2025-09-28 03:42:12,506 - __main__ - DEBUG - Relative elbo_drop_tol: 0.0100
2025-09-28 03:42:12,506 - __main__ - DEBUG - - Init -507.8928
2025-09-28 03:42:12,506 - __main__ - DEBUG - - Trans -3.8311
2025-09-28 03:42:12,506 - __main__ - DEBUG - - Emit 33964.8788
2025-09-28 03:42:12,506 - __main__ - DEBUG - - Entropy 0.0005
2025-09-28 03:42:12,506 - __main__ - DEBUG - - Dir 97720376.0000
2025-09-28 03:42:12,506 - __main__ - DEBUG - - NIW -17802.3828
2025-09-28 03:42:12,506 - __main__ - DEBUG - - Beta prior -17.2176
2025-09-28 03:42:16,895 - __main__ - DEBUG - Iter 0: ELBO after FB: 97736009.5550 (LL 33453.1554, Δ=0.0000)
2025-09-28 03:42:16,896 - __main__ - DEBUG - Blending stats with ρ_niw=0.0500, ρ_tr=0.0500.
2025-09-28 03:42:16,940 - __main__ - DEBUG - Iter 0: ELBO after NIW update: 97737615.4721 (Emit LL 35249.7100, NIW term -17481.2969, Δ=1605.9171)
2025-09-28 03:42:16,985 - __main__ - DEBUG - Iter 0: ELBO after Dirichlet update: 17261.8588 (Trans LL -3.8745, Dir term 22.4302, Δ=-97720353.6132)
2025-09-28 03:42:17,047 - __main__ - DEBUG - Iter 0: ELBO after β update: 19193707.3283 (Init LL -507.9553, Dir term 19176468.0000, logp(β) -17.2555, Δ=19176445.4695)
2025-09-28 03:42:21,441 - __main__ - DEBUG - Iter 1: ELBO after FB: 19193707.3283 (LL 34737.8806, Δ=0.0000)
2025-09-28 03:42:21,442 - __main__ - DEBUG - Blending stats with ρ_niw=0.0500, ρ_tr=0.0500.
2025-09-28 03:42:21,486 - __main__ - DEBUG - Iter 1: ELBO after NIW update: 19193707.3283 (Emit LL 35249.7100, NIW term -17481.2969, Δ=0.0000)
2025-09-28 03:42:21,531 - __main__ - DEBUG - Iter 1: ELBO after Dirichlet update: 19418963.3290 (Trans LL -3.8738, Dir term 19401724.0000, Δ=225256.0007)
2025-09-28 03:42:21,591 - __main__ - DEBUG - Iter 1: ELBO after β update: 38454151.2247 (Init LL -508.0215, Dir term 38436912.0000, logp(β) -17.2936, Δ=19035187.8957)
2025-09-28 03:42:25,989 - __main__ - DEBUG - Iter 2: ELBO after FB: 38454151.2247 (LL 34737.8152, Δ=0.0000)
2025-09-28 03:42:25,990 - __main__ - DEBUG - Blending stats with ρ_niw=0.0500, ρ_tr=0.0500.
2025-09-28 03:42:26,034 - __main__ - DEBUG - Iter 2: ELBO after NIW update: 38454151.2247 (Emit LL 35249.7100, NIW term -17481.2969, Δ=0.0000)
2025-09-28 03:42:26,078 - __main__ - DEBUG - Iter 2: ELBO after Dirichlet update: 38676543.2254 (Trans LL -3.8731, Dir term 38659304.0000, Δ=222392.0007)
2025-09-28 03:42:26,138 - __main__ - DEBUG - Iter 2: ELBO after β update: 57571203.1173 (Init LL -508.0912, Dir term 57553964.0000, logp(β) -17.3320, Δ=18894659.8919)
2025-09-28 03:42:30,532 - __main__ - DEBUG - Iter 3: ELBO after FB: 57571203.1173 (LL 34737.7462, Δ=0.0000)
2025-09-28 03:42:30,533 - __main__ - DEBUG - Blending stats with ρ_niw=0.0500, ρ_tr=0.0500.
2025-09-28 03:42:30,577 - __main__ - DEBUG - Iter 3: ELBO after NIW update: 57571203.1173 (Emit LL 35249.7100, NIW term -17481.2969, Δ=0.0000)
2025-09-28 03:42:30,622 - __main__ - DEBUG - Iter 3: ELBO after Dirichlet update: 57790259.1180 (Trans LL -3.8724, Dir term 57773020.0000, Δ=219056.0007)
2025-09-28 03:42:30,683 - __main__ - DEBUG - Iter 3: ELBO after β update: 76544183.0061 (Init LL -508.1645, Dir term 76526944.0000, logp(β) -17.3706, Δ=18753923.8880)
2025-09-28 03:42:35,072 - __main__ - DEBUG - Iter 4: ELBO after FB: 76544183.0061 (LL 34737.6736, Δ=0.0000)
2025-09-28 03:42:35,072 - __main__ - DEBUG - Blending stats with ρ_niw=0.0500, ρ_tr=0.0500.
2025-09-28 03:42:35,117 - __main__ - DEBUG - Iter 4: ELBO after NIW update: 76544183.0061 (Emit LL 35249.7100, NIW term -17481.2969, Δ=0.0000)
2025-09-28 03:42:35,162 - __main__ - DEBUG - Iter 4: ELBO after Dirichlet update: 76761367.0075 (Trans LL -3.8710, Dir term 76744128.0000, Δ=217184.0014)
2025-09-28 03:42:35,222 - __main__ - DEBUG - Iter 4: ELBO after β update: 95375958.8917 (Init LL -508.2415, Dir term 95358720.0000, logp(β) -17.4095, Δ=18614591.8842)
2025-09-28 03:42:35,224 - __main__ - INFO -    HMM refresh complete: ELBO=167.2135, iters=0, max iters, states=40
2025-09-28 03:42:35,224 - __main__ - INFO -    ✅ HMM updated (next in 12,000 steps)
2025-09-28 03:42:35,224 - __main__ - INFO - 🔄 VAE refresh starting at step 76,800 with replay size 8x1536
2025-09-28 03:42:35,225 - __main__ - INFO -    Using span sampling (12288 timesteps, too large for full buffer)
2025-09-28 03:42:55,214 - __main__ - INFO -    VAE refresh complete: final_loss=2667.6038, avg_loss=2679.4107, steps=4/4, trend=improving, total_timesteps=12288, span_sampling=32_requested×4_steps, span_len=64
2025-09-28 03:42:55,216 - __main__ - INFO -    ✅ VAE updated (next in 12,000 steps)
2025-09-28 03:42:57,330 - __main__ - INFO - 📊 Episodes completed this rollout: 3
2025-09-28 03:42:57,331 - __main__ - INFO - 📈 Episode stats: avg return = 0.80, avg length = 137.3
2025-09-28 03:42:57,331 - __main__ - INFO - 🎯 Top 3 training actions: #1(23199), #3(14579), #0(14291)
2025-09-28 03:43:00,446 - __main__ - INFO - 📊 Episodes completed this rollout: 4
2025-09-28 03:43:00,446 - __main__ - INFO - 📈 Episode stats: avg return = 0.55, avg length = 219.5
2025-09-28 03:43:00,447 - __main__ - INFO - 🎯 Top 3 training actions: #1(23455), #3(14743), #0(14525)
2025-09-28 03:43:03,587 - __main__ - INFO - 📊 Episodes completed this rollout: 4
2025-09-28 03:43:03,588 - __main__ - INFO - 📈 Episode stats: avg return = -0.10, avg length = 286.0
2025-09-28 03:43:03,588 - __main__ - INFO - 🎯 Top 3 training actions: #1(23769), #3(14854), #0(14811)
2025-09-28 03:43:06,819 - __main__ - INFO - 📊 Episodes completed this rollout: 6
2025-09-28 03:43:06,819 - __main__ - INFO - 📈 Episode stats: avg return = 0.27, avg length = 244.7
2025-09-28 03:43:06,819 - __main__ - INFO - 🎯 Top 3 training actions: #1(24132), #0(15037), #3(14979)
2025-09-28 03:43:07,806 - __main__ - INFO - 🧪 Starting evaluation with 50 episodes...
2025-09-28 03:43:07,806 - __main__ - INFO -    Eval seed: 51
2025-09-28 03:43:07,806 - __main__ - INFO -    Max episode steps (eval): env default
2025-09-28 03:43:07,807 - nle.env.base - INFO - Not saving any NLE data.
2025-09-28 03:43:14,964 - __main__ - WARNING - ⚠️ Episode 6 terminated due to step limit.
2025-09-28 03:43:16,165 - __main__ - DEBUG - 🎯 Eval HMM masking: step 100 masked due to negative reward
2025-09-28 03:43:18,709 - __main__ - WARNING - ⚠️ Episode 7 terminated due to step limit.
2025-09-28 03:43:22,457 - __main__ - WARNING - ⚠️ Episode 8 terminated due to step limit.
2025-09-28 03:43:26,197 - __main__ - WARNING - ⚠️ Episode 9 terminated due to step limit.
2025-09-28 03:43:30,964 - __main__ - WARNING - ⚠️ Episode 11 terminated due to step limit.
2025-09-28 03:43:35,134 - __main__ - WARNING - ⚠️ Episode 13 terminated due to step limit.
2025-09-28 03:43:41,864 - __main__ - WARNING - ⚠️ Episode 15 terminated due to step limit.
2025-09-28 03:43:45,595 - __main__ - WARNING - ⚠️ Episode 16 terminated due to step limit.
2025-09-28 03:43:52,214 - __main__ - WARNING - ⚠️ Episode 18 terminated due to step limit.
2025-09-28 03:43:54,918 - __main__ - DEBUG - 🎯 Eval HMM masking: step 250 masked due to negative reward
2025-09-28 03:43:55,924 - __main__ - WARNING - ⚠️ Episode 19 terminated due to step limit.
2025-09-28 03:43:58,641 - __main__ - DEBUG - 🎯 Eval HMM masking: step 250 masked due to negative reward
2025-09-28 03:44:06,248 - __main__ - DEBUG - 🎯 Eval HMM masking: step 50 masked due to negative reward
2025-09-28 03:44:09,950 - __main__ - WARNING - ⚠️ Episode 27 terminated due to step limit.
2025-09-28 03:44:10,647 - __main__ - DEBUG - 🎯 Eval HMM masking: step 50 masked due to negative reward
2025-09-28 03:44:11,160 - __main__ - DEBUG - 🎯 Eval HMM masking: step 100 masked due to negative reward
2025-09-28 03:44:14,121 - __main__ - DEBUG - 🎯 Eval HMM masking: step 150 masked due to negative reward
2025-09-28 03:44:16,143 - __main__ - WARNING - ⚠️ Episode 29 terminated due to step limit.
2025-09-28 03:44:20,442 - __main__ - DEBUG - 🎯 Eval HMM masking: step 300 masked due to negative reward
2025-09-28 03:44:20,946 - __main__ - WARNING - ⚠️ Episode 31 terminated due to step limit.
2025-09-28 03:44:24,195 - __main__ - DEBUG - 🎯 Eval HMM masking: step 300 masked due to negative reward
2025-09-28 03:44:24,727 - __main__ - WARNING - ⚠️ Episode 32 terminated due to step limit.
2025-09-28 03:44:28,529 - __main__ - WARNING - ⚠️ Episode 33 terminated due to step limit.
2025-09-28 03:44:30,451 - __main__ - DEBUG - 🎯 Eval HMM masking: step 50 masked due to negative reward
2025-09-28 03:44:30,954 - __main__ - DEBUG - 🎯 Eval HMM masking: step 100 masked due to negative reward
2025-09-28 03:44:31,456 - __main__ - DEBUG - 🎯 Eval HMM masking: step 150 masked due to negative reward
2025-09-28 03:44:35,340 - __main__ - WARNING - ⚠️ Episode 36 terminated due to step limit.
2025-09-28 03:44:39,069 - __main__ - WARNING - ⚠️ Episode 37 terminated due to step limit.
2025-09-28 03:44:42,899 - __main__ - WARNING - ⚠️ Episode 38 terminated due to step limit.
2025-09-28 03:44:46,716 - __main__ - WARNING - ⚠️ Episode 39 terminated due to step limit.
2025-09-28 03:44:49,490 - __main__ - DEBUG - 🎯 Eval HMM masking: step 250 masked due to negative reward
2025-09-28 03:44:50,511 - __main__ - WARNING - ⚠️ Episode 40 terminated due to step limit.
2025-09-28 03:44:54,272 - __main__ - WARNING - ⚠️ Episode 41 terminated due to step limit.
2025-09-28 03:44:57,545 - __main__ - DEBUG - 🎯 Eval HMM masking: step 300 masked due to negative reward
2025-09-28 03:44:58,046 - __main__ - WARNING - ⚠️ Episode 42 terminated due to step limit.
2025-09-28 03:44:59,795 - __main__ - DEBUG - 🎯 Eval HMM masking: step 150 masked due to negative reward
2025-09-28 03:45:01,856 - __main__ - WARNING - ⚠️ Episode 43 terminated due to step limit.
2025-09-28 03:45:05,152 - __main__ - DEBUG - 🎯 Eval HMM masking: step 300 masked due to negative reward
2025-09-28 03:45:05,655 - __main__ - WARNING - ⚠️ Episode 44 terminated due to step limit.
2025-09-28 03:45:09,393 - __main__ - WARNING - ⚠️ Episode 45 terminated due to step limit.
2025-09-28 03:45:13,096 - __main__ - WARNING - ⚠️ Episode 46 terminated due to step limit.
2025-09-28 03:45:17,686 - __main__ - WARNING - ⚠️ Episode 48 terminated due to step limit.
2025-09-28 03:45:18,370 - __main__ - DEBUG - 🎯 Eval HMM masking: step 50 masked due to negative reward
2025-09-28 03:45:22,088 - __main__ - WARNING - ⚠️ Episode 50 terminated due to step limit.
2025-09-28 03:45:22,262 - __main__ - INFO - 📊 Evaluation Results (Current Round):
2025-09-28 03:45:22,263 - __main__ - INFO -    Episodes: 50
2025-09-28 03:45:22,263 - __main__ - INFO -    Time: 134.5s (2.7s/ep)
2025-09-28 03:45:22,263 - __main__ - INFO -    Average Return: 0.219 ± 0.559
2025-09-28 03:45:22,263 - __main__ - INFO -    Success Rate: 44.0%
2025-09-28 03:45:22,263 - __main__ - INFO -    Average Length: 251.0
2025-09-28 03:45:22,263 - __main__ - INFO -    Average Coverage: 39.1 positions
2025-09-28 03:45:22,263 - __main__ - INFO -    Episode Completions: 22 terminated (44.0%), 28 truncated (56.0%)
2025-09-28 03:45:22,263 - __main__ - INFO - 📈 Total Evaluation Statistics:
2025-09-28 03:45:22,264 - __main__ - INFO -    Total Episodes: 400
2025-09-28 03:45:22,264 - __main__ - INFO -    Total Average Return: 0.160 ± 0.540
2025-09-28 03:45:22,264 - __main__ - INFO -    Total Average Length: 270.1 ± 108.7
2025-09-28 03:45:22,264 - __main__ - INFO -    Total Completions: 163 terminated (40.8%), 237 truncated (59.2%)
2025-09-28 03:45:22,264 - __main__ - INFO -    Skill Entropy: 0.080
2025-09-28 03:45:22,264 - __main__ - INFO -    Used Skills: 2.7
2025-09-28 03:45:22,264 - __main__ - INFO -    Effective K: 1.83
2025-09-28 03:45:22,265 - __main__ - INFO - 🎯 Action Usage Statistics:
2025-09-28 03:45:22,265 - __main__ - INFO -    Unique actions in evaluation: 8
2025-09-28 03:45:22,265 - __main__ - INFO -    Unique actions in training: 8
2025-09-28 03:45:22,265 - __main__ - INFO -    Total unique actions: 8
2025-09-28 03:45:22,265 - __main__ - INFO -    Action coverage: 6.6%
2025-09-28 03:45:22,265 - __main__ - INFO -    Train action count: 80896
2025-09-28 03:45:22,265 - __main__ - INFO -    Eval action count: 108024
2025-09-28 03:45:22,265 - __main__ - INFO -    Train action entropy: 1.763
2025-09-28 03:45:22,266 - __main__ - INFO -    Eval action entropy: 1.734
2025-09-28 03:45:22,266 - __main__ - INFO -    Top 3 train actions: #1(24132), #0(15037), #3(14979)
2025-09-28 03:45:22,266 - __main__ - INFO -    Top 3 eval actions: #1(31770), #5(22054), #3(20166)
2025-09-28 03:45:24,401 - __main__ - INFO - 📊 Episodes completed this rollout: 6
2025-09-28 03:45:24,402 - __main__ - INFO - 📈 Episode stats: avg return = 0.72, avg length = 106.5
2025-09-28 03:45:24,402 - __main__ - INFO - 🎯 Top 3 training actions: #1(24471), #0(15290), #3(15120)
2025-09-28 03:45:27,524 - __main__ - INFO - 📊 Episodes completed this rollout: 6
2025-09-28 03:45:27,524 - __main__ - INFO - 📈 Episode stats: avg return = 0.50, avg length = 177.0
2025-09-28 03:45:27,525 - __main__ - INFO - 🎯 Top 3 training actions: #1(24775), #0(15568), #5(15297)
2025-09-28 03:45:30,653 - __main__ - INFO - 📊 Episodes completed this rollout: 4
2025-09-28 03:45:30,653 - __main__ - INFO - 📈 Episode stats: avg return = -0.01, avg length = 297.0
2025-09-28 03:45:30,654 - __main__ - INFO - 🎯 Top 3 training actions: #1(25043), #0(15833), #5(15564)
2025-09-28 03:45:33,761 - __main__ - INFO - 📊 Episodes completed this rollout: 3
2025-09-28 03:45:33,761 - __main__ - INFO - 📈 Episode stats: avg return = 0.50, avg length = 165.0
2025-09-28 03:45:33,761 - __main__ - INFO - 🎯 Top 3 training actions: #1(25339), #0(16062), #5(15806)
2025-09-28 03:45:36,889 - __main__ - INFO - 📊 Episodes completed this rollout: 3
2025-09-28 03:45:36,889 - __main__ - INFO - 📈 Episode stats: avg return = -0.17, avg length = 350.0
2025-09-28 03:45:36,889 - __main__ - INFO - 🎯 Top 3 training actions: #1(25627), #0(16277), #5(16044)
2025-09-28 03:45:40,035 - __main__ - INFO - 📊 Episodes completed this rollout: 6
2025-09-28 03:45:40,036 - __main__ - INFO - 📈 Episode stats: avg return = 0.12, avg length = 252.3
2025-09-28 03:45:40,036 - __main__ - INFO - 🎯 Top 3 training actions: #1(25930), #0(16466), #5(16265)
2025-09-28 03:45:43,170 - __main__ - INFO - 📊 Episodes completed this rollout: 4
2025-09-28 03:45:43,171 - __main__ - INFO - 📈 Episode stats: avg return = 0.12, avg length = 280.2
2025-09-28 03:45:43,171 - __main__ - INFO - 🎯 Top 3 training actions: #1(26252), #0(16669), #5(16481)
2025-09-28 03:45:46,295 - __main__ - INFO - 📊 Episodes completed this rollout: 4
2025-09-28 03:45:46,295 - __main__ - INFO - 📈 Episode stats: avg return = 0.56, avg length = 173.8
2025-09-28 03:45:46,296 - __main__ - INFO - 🎯 Top 3 training actions: #1(26599), #0(16820), #5(16694)
2025-09-28 03:45:47,282 - __main__ - INFO - 🔄 Synchronized model update at step 89,088
2025-09-28 03:45:47,282 - __main__ - INFO -    HMM interval: 12,000, VAE interval: 12,000
2025-09-28 03:45:47,283 - __main__ - INFO - 🚫 Model training masking: 1500/12288 timesteps masked (12.2%) due to negative rewards (invalid actions)
2025-09-28 03:45:47,596 - __main__ - INFO - 🔄 Capping HMM batch size from 750 to 128 to prevent OOM
2025-09-28 03:45:47,596 - __main__ - INFO - 🔄 HMM refresh starting at step 89,088 with replay size 128x81
2025-09-28 03:45:51,732 - __main__ - DEBUG - Initial ELBO: 95390387.8481
2025-09-28 03:45:51,736 - __main__ - DEBUG - Relative tol: 0.0100
2025-09-28 03:45:51,736 - __main__ - DEBUG - Relative elbo_drop_tol: 0.0100
2025-09-28 03:45:51,736 - __main__ - DEBUG - - Init -508.2415
2025-09-28 03:45:51,736 - __main__ - DEBUG - - Trans -4.8828
2025-09-28 03:45:51,736 - __main__ - DEBUG - - Emit 49679.6782
2025-09-28 03:45:51,736 - __main__ - DEBUG - - Entropy 0.0005
2025-09-28 03:45:51,737 - __main__ - DEBUG - - Dir 95358720.0000
2025-09-28 03:45:51,737 - __main__ - DEBUG - - NIW -17481.2969
2025-09-28 03:45:51,737 - __main__ - DEBUG - - Beta prior -17.4095
2025-09-28 03:45:56,217 - __main__ - DEBUG - Iter 0: ELBO after FB: 95390387.8481 (LL 49166.5545, Δ=0.0000)
2025-09-28 03:45:56,218 - __main__ - DEBUG - Blending stats with ρ_niw=0.0500, ρ_tr=0.0500.
2025-09-28 03:45:56,262 - __main__ - DEBUG - Iter 0: ELBO after NIW update: 95391752.5840 (Emit LL 50936.8322, NIW term -17373.7148, Δ=1364.7359)
2025-09-28 03:45:56,306 - __main__ - DEBUG - Iter 0: ELBO after Dirichlet update: 33033.3691 (Trans LL -4.8900, Dir term 0.7923, Δ=-95358719.2149)
2025-09-28 03:45:56,367 - __main__ - DEBUG - Iter 0: ELBO after β update: 18529672.4572 (Init LL -508.3220, Dir term 18496640.0000, logp(β) -17.4486, Δ=18496639.0881)
2025-09-28 03:46:00,863 - __main__ - DEBUG - Iter 1: ELBO after FB: 18529672.4572 (LL 50423.6207, Δ=0.0000)
2025-09-28 03:46:00,863 - __main__ - DEBUG - Blending stats with ρ_niw=0.0500, ρ_tr=0.0500.
2025-09-28 03:46:00,907 - __main__ - DEBUG - Iter 1: ELBO after NIW update: 18529672.4572 (Emit LL 50936.8322, NIW term -17373.7148, Δ=0.0000)
2025-09-28 03:46:00,951 - __main__ - DEBUG - Iter 1: ELBO after Dirichlet update: 18806314.4590 (Trans LL -4.8882, Dir term 18773282.0000, Δ=276642.0018)
2025-09-28 03:46:01,012 - __main__ - DEBUG - Iter 1: ELBO after β update: 37165508.3353 (Init LL -508.4062, Dir term 37132476.0000, logp(β) -17.4880, Δ=18359193.8763)
2025-09-28 03:46:05,502 - __main__ - DEBUG - Iter 2: ELBO after FB: 37165508.3353 (LL 50423.5382, Δ=0.0000)
2025-09-28 03:46:05,503 - __main__ - DEBUG - Blending stats with ρ_niw=0.0500, ρ_tr=0.0500.
2025-09-28 03:46:05,547 - __main__ - DEBUG - Iter 2: ELBO after NIW update: 37165508.3353 (Emit LL 50936.8322, NIW term -17373.7148, Δ=0.0000)
2025-09-28 03:46:05,592 - __main__ - DEBUG - Iter 2: ELBO after Dirichlet update: 37266620.3362 (Trans LL -4.8873, Dir term 37233588.0000, Δ=101112.0009)
2025-09-28 03:46:05,651 - __main__ - DEBUG - Iter 2: ELBO after β update: 55465212.2088 (Init LL -508.4941, Dir term 55432180.0000, logp(β) -17.5277, Δ=18198591.8725)
2025-09-28 03:46:10,189 - __main__ - DEBUG - Iter 3: ELBO after FB: 55465212.2088 (LL 50423.4513, Δ=0.0000)
2025-09-28 03:46:10,190 - __main__ - DEBUG - Blending stats with ρ_niw=0.0500, ρ_tr=0.0500.
2025-09-28 03:46:10,233 - __main__ - DEBUG - Iter 3: ELBO after NIW update: 55465212.2088 (Emit LL 50936.8322, NIW term -17373.7148, Δ=0.0000)
2025-09-28 03:46:10,278 - __main__ - DEBUG - Iter 3: ELBO after Dirichlet update: 55673032.2106 (Trans LL -4.8855, Dir term 55640000.0000, Δ=207820.0018)
2025-09-28 03:46:10,338 - __main__ - DEBUG - Iter 3: ELBO after β update: 73734760.0792 (Init LL -508.5856, Dir term 73701728.0000, logp(β) -17.5676, Δ=18061727.8686)
2025-09-28 03:46:14,836 - __main__ - DEBUG - Iter 4: ELBO after FB: 73734760.0792 (LL 50423.3616, Δ=0.0000)
2025-09-28 03:46:14,836 - __main__ - DEBUG - Blending stats with ρ_niw=0.0500, ρ_tr=0.0500.
2025-09-28 03:46:14,881 - __main__ - DEBUG - Iter 4: ELBO after NIW update: 73734760.0792 (Emit LL 50936.8322, NIW term -17373.7148, Δ=0.0000)
2025-09-28 03:46:14,925 - __main__ - DEBUG - Iter 4: ELBO after Dirichlet update: 73937776.0810 (Trans LL -4.8837, Dir term 73904744.0000, Δ=203016.0018)
2025-09-28 03:46:14,986 - __main__ - DEBUG - Iter 4: ELBO after β update: 91862167.9457 (Init LL -508.6807, Dir term 91829136.0000, logp(β) -17.6077, Δ=17924391.8647)
2025-09-28 03:46:14,988 - __main__ - INFO -    HMM refresh complete: ELBO=71.4031, iters=0, max iters, states=40
2025-09-28 03:46:14,988 - __main__ - INFO -    ✅ HMM updated (next in 12,000 steps)
2025-09-28 03:46:14,988 - __main__ - INFO - 🔄 VAE refresh starting at step 89,088 with replay size 8x1536
2025-09-28 03:46:14,989 - __main__ - INFO -    Using span sampling (12288 timesteps, too large for full buffer)
2025-09-28 03:46:34,354 - __main__ - INFO -    VAE refresh complete: final_loss=2754.0552, avg_loss=2738.4485, steps=4/4, trend=stable, total_timesteps=12288, span_sampling=32_requested×4_steps, span_len=64
2025-09-28 03:46:34,355 - __main__ - INFO -    ✅ VAE updated (next in 12,000 steps)
2025-09-28 03:46:36,512 - __main__ - INFO - 📊 Episodes completed this rollout: 5
2025-09-28 03:46:36,512 - __main__ - INFO - 📈 Episode stats: avg return = 0.31, avg length = 220.4
2025-09-28 03:46:36,512 - __main__ - INFO - 🎯 Top 3 training actions: #1(26901), #0(17013), #5(16920)
2025-09-28 03:46:37,499 - __main__ - INFO - 🧪 Starting evaluation with 50 episodes...
2025-09-28 03:46:37,499 - __main__ - INFO -    Eval seed: 51
2025-09-28 03:46:37,500 - __main__ - INFO -    Max episode steps (eval): env default
2025-09-28 03:46:37,501 - nle.env.base - INFO - Not saving any NLE data.
2025-09-28 03:46:39,044 - __main__ - DEBUG - 🎯 Eval HMM masking: step 150 masked due to negative reward
2025-09-28 03:46:41,057 - __main__ - WARNING - ⚠️ Episode 1 terminated due to step limit.
2025-09-28 03:46:45,044 - __main__ - DEBUG - 🎯 Eval HMM masking: step 150 masked due to negative reward
2025-09-28 03:46:47,076 - __main__ - WARNING - ⚠️ Episode 4 terminated due to step limit.
2025-09-28 03:46:49,288 - __main__ - DEBUG - 🎯 Eval HMM masking: step 200 masked due to negative reward
2025-09-28 03:46:50,801 - __main__ - WARNING - ⚠️ Episode 5 terminated due to step limit.
2025-09-28 03:46:52,509 - __main__ - DEBUG - 🎯 Eval HMM masking: step 150 masked due to negative reward
2025-09-28 03:46:54,540 - __main__ - WARNING - ⚠️ Episode 6 terminated due to step limit.
2025-09-28 03:46:59,250 - __main__ - DEBUG - 🎯 Eval HMM masking: step 150 masked due to negative reward
2025-09-28 03:47:00,262 - __main__ - DEBUG - 🎯 Eval HMM masking: step 250 masked due to negative reward
2025-09-28 03:47:01,271 - __main__ - WARNING - ⚠️ Episode 9 terminated due to step limit.
2025-09-28 03:47:03,912 - __main__ - DEBUG - 🎯 Eval HMM masking: step 50 masked due to negative reward
2025-09-28 03:47:08,798 - __main__ - WARNING - ⚠️ Episode 12 terminated due to step limit.
2025-09-28 03:47:12,574 - __main__ - WARNING - ⚠️ Episode 13 terminated due to step limit.
2025-09-28 03:47:16,317 - __main__ - WARNING - ⚠️ Episode 14 terminated due to step limit.
2025-09-28 03:47:20,053 - __main__ - WARNING - ⚠️ Episode 15 terminated due to step limit.
2025-09-28 03:47:20,749 - __main__ - DEBUG - 🎯 Eval HMM masking: step 50 masked due to negative reward
2025-09-28 03:47:22,290 - __main__ - DEBUG - 🎯 Eval HMM masking: step 200 masked due to negative reward
2025-09-28 03:47:23,813 - __main__ - WARNING - ⚠️ Episode 16 terminated due to step limit.
2025-09-28 03:47:27,643 - __main__ - DEBUG - 🎯 Eval HMM masking: step 150 masked due to negative reward
2025-09-28 03:47:29,399 - __main__ - DEBUG - 🎯 Eval HMM masking: step 150 masked due to negative reward
2025-09-28 03:47:36,516 - __main__ - WARNING - ⚠️ Episode 22 terminated due to step limit.
2025-09-28 03:47:40,279 - __main__ - WARNING - ⚠️ Episode 23 terminated due to step limit.
2025-09-28 03:47:44,024 - __main__ - WARNING - ⚠️ Episode 24 terminated due to step limit.
2025-09-28 03:47:45,221 - __main__ - DEBUG - 🎯 Eval HMM masking: step 100 masked due to negative reward
2025-09-28 03:47:47,780 - __main__ - WARNING - ⚠️ Episode 25 terminated due to step limit.
2025-09-28 03:47:52,073 - __main__ - WARNING - ⚠️ Episode 27 terminated due to step limit.
2025-09-28 03:47:53,210 - __main__ - DEBUG - 🎯 Eval HMM masking: step 50 masked due to negative reward
2025-09-28 03:47:55,748 - __main__ - DEBUG - 🎯 Eval HMM masking: step 300 masked due to negative reward
2025-09-28 03:47:56,248 - __main__ - WARNING - ⚠️ Episode 29 terminated due to step limit.
2025-09-28 03:47:57,942 - __main__ - DEBUG - 🎯 Eval HMM masking: step 150 masked due to negative reward
2025-09-28 03:47:59,447 - __main__ - DEBUG - 🎯 Eval HMM masking: step 300 masked due to negative reward
2025-09-28 03:47:59,942 - __main__ - WARNING - ⚠️ Episode 30 terminated due to step limit.
2025-09-28 03:48:04,775 - __main__ - WARNING - ⚠️ Episode 33 terminated due to step limit.
2025-09-28 03:48:08,028 - __main__ - DEBUG - 🎯 Eval HMM masking: step 300 masked due to negative reward
2025-09-28 03:48:08,530 - __main__ - WARNING - ⚠️ Episode 34 terminated due to step limit.
2025-09-28 03:48:13,163 - __main__ - DEBUG - 🎯 Eval HMM masking: step 300 masked due to negative reward
2025-09-28 03:48:13,667 - __main__ - WARNING - ⚠️ Episode 36 terminated due to step limit.
2025-09-28 03:48:18,386 - __main__ - WARNING - ⚠️ Episode 38 terminated due to step limit.
2025-09-28 03:48:19,581 - __main__ - DEBUG - 🎯 Eval HMM masking: step 100 masked due to negative reward
2025-09-28 03:48:20,091 - __main__ - DEBUG - 🎯 Eval HMM masking: step 150 masked due to negative reward
2025-09-28 03:48:22,417 - __main__ - DEBUG - 🎯 Eval HMM masking: step 50 masked due to negative reward
2025-09-28 03:48:25,442 - __main__ - WARNING - ⚠️ Episode 41 terminated due to step limit.
2025-09-28 03:48:26,137 - __main__ - DEBUG - 🎯 Eval HMM masking: step 50 masked due to negative reward
2025-09-28 03:48:29,425 - __main__ - DEBUG - 🎯 Eval HMM masking: step 300 masked due to negative reward
2025-09-28 03:48:29,916 - __main__ - WARNING - ⚠️ Episode 43 terminated due to step limit.
2025-09-28 03:48:32,647 - __main__ - DEBUG - 🎯 Eval HMM masking: step 250 masked due to negative reward
2025-09-28 03:48:33,664 - __main__ - WARNING - ⚠️ Episode 44 terminated due to step limit.
2025-09-28 03:48:36,784 - __main__ - DEBUG - 🎯 Eval HMM masking: step 200 masked due to negative reward
2025-09-28 03:48:38,314 - __main__ - WARNING - ⚠️ Episode 46 terminated due to step limit.
2025-09-28 03:48:40,903 - __main__ - DEBUG - 🎯 Eval HMM masking: step 50 masked due to negative reward
2025-09-28 03:48:42,119 - __main__ - DEBUG - 🎯 Eval HMM masking: step 100 masked due to negative reward
2025-09-28 03:48:44,638 - __main__ - WARNING - ⚠️ Episode 49 terminated due to step limit.
2025-09-28 03:48:48,397 - __main__ - WARNING - ⚠️ Episode 50 terminated due to step limit.
2025-09-28 03:48:48,574 - __main__ - INFO - 📊 Evaluation Results (Current Round):
2025-09-28 03:48:48,574 - __main__ - INFO -    Episodes: 50
2025-09-28 03:48:48,574 - __main__ - INFO -    Time: 131.1s (2.6s/ep)
2025-09-28 03:48:48,574 - __main__ - INFO -    Average Return: 0.186 ± 0.564
2025-09-28 03:48:48,574 - __main__ - INFO -    Success Rate: 46.0%
2025-09-28 03:48:48,574 - __main__ - INFO -    Average Length: 245.7
2025-09-28 03:48:48,574 - __main__ - INFO -    Average Coverage: 38.1 positions
2025-09-28 03:48:48,575 - __main__ - INFO -    Episode Completions: 23 terminated (46.0%), 27 truncated (54.0%)
2025-09-28 03:48:48,575 - __main__ - INFO - 📈 Total Evaluation Statistics:
2025-09-28 03:48:48,575 - __main__ - INFO -    Total Episodes: 450
2025-09-28 03:48:48,575 - __main__ - INFO -    Total Average Return: 0.163 ± 0.543
2025-09-28 03:48:48,575 - __main__ - INFO -    Total Average Length: 267.3 ± 110.5
2025-09-28 03:48:48,575 - __main__ - INFO -    Total Completions: 186 terminated (41.3%), 264 truncated (58.7%)
2025-09-28 03:48:48,575 - __main__ - INFO -    Skill Entropy: 0.088
2025-09-28 03:48:48,575 - __main__ - INFO -    Used Skills: 2.0
2025-09-28 03:48:48,575 - __main__ - INFO -    Effective K: 1.96
2025-09-28 03:48:48,576 - __main__ - INFO - 🎯 Action Usage Statistics:
2025-09-28 03:48:48,576 - __main__ - INFO -    Unique actions in evaluation: 8
2025-09-28 03:48:48,576 - __main__ - INFO -    Unique actions in training: 8
2025-09-28 03:48:48,576 - __main__ - INFO -    Total unique actions: 8
2025-09-28 03:48:48,576 - __main__ - INFO -    Action coverage: 6.6%
2025-09-28 03:48:48,576 - __main__ - INFO -    Train action count: 90112
2025-09-28 03:48:48,576 - __main__ - INFO -    Eval action count: 120307
2025-09-28 03:48:48,577 - __main__ - INFO -    Train action entropy: 1.759
2025-09-28 03:48:48,577 - __main__ - INFO -    Eval action entropy: 1.756
2025-09-28 03:48:48,578 - __main__ - INFO -    Top 3 train actions: #1(26901), #0(17013), #5(16920)
2025-09-28 03:48:48,578 - __main__ - INFO -    Top 3 eval actions: #1(35114), #5(24455), #0(21878)
2025-09-28 03:48:50,764 - __main__ - INFO - 📊 Episodes completed this rollout: 5
2025-09-28 03:48:50,764 - __main__ - INFO - 📈 Episode stats: avg return = 0.16, avg length = 274.8
2025-09-28 03:48:50,765 - __main__ - INFO - 🎯 Top 3 training actions: #1(27183), #0(17142), #5(17131)
2025-09-28 03:48:53,941 - __main__ - INFO - 📊 Episodes completed this rollout: 9
2025-09-28 03:48:53,941 - __main__ - INFO - 📈 Episode stats: avg return = 0.74, avg length = 115.2
2025-09-28 03:48:53,942 - __main__ - INFO - 🎯 Top 3 training actions: #1(27480), #5(17334), #0(17301)
2025-09-28 03:48:57,103 - __main__ - INFO - 📊 Episodes completed this rollout: 2
2025-09-28 03:48:57,103 - __main__ - INFO - 📈 Episode stats: avg return = 0.27, avg length = 225.0
2025-09-28 03:48:57,103 - __main__ - INFO - 🎯 Top 3 training actions: #1(27834), #5(17520), #0(17416)
2025-09-28 03:49:00,247 - __main__ - INFO - 📊 Episodes completed this rollout: 3
2025-09-28 03:49:00,248 - __main__ - INFO - 📈 Episode stats: avg return = 0.00, avg length = 283.7
2025-09-28 03:49:00,248 - __main__ - INFO - 🎯 Top 3 training actions: #1(28231), #5(17706), #0(17546)
2025-09-28 03:49:03,408 - __main__ - INFO - 📊 Episodes completed this rollout: 5
2025-09-28 03:49:03,409 - __main__ - INFO - 📈 Episode stats: avg return = 0.08, avg length = 332.0
2025-09-28 03:49:03,409 - __main__ - INFO - 🎯 Top 3 training actions: #1(28650), #5(17878), #0(17675)
2025-09-28 03:49:06,533 - __main__ - INFO - 📊 Episodes completed this rollout: 6
2025-09-28 03:49:06,534 - __main__ - INFO - 📈 Episode stats: avg return = 0.66, avg length = 137.5
2025-09-28 03:49:06,534 - __main__ - INFO - 🎯 Top 3 training actions: #1(29029), #5(18041), #0(17824)
2025-09-28 03:49:09,675 - __main__ - INFO - 📊 Episodes completed this rollout: 3
2025-09-28 03:49:09,676 - __main__ - INFO - 📈 Episode stats: avg return = 0.17, avg length = 249.0
2025-09-28 03:49:09,676 - __main__ - INFO - 🎯 Top 3 training actions: #1(29434), #5(18266), #0(17956)
2025-09-28 03:49:12,852 - __main__ - INFO - 📊 Episodes completed this rollout: 6
2025-09-28 03:49:12,852 - __main__ - INFO - 📈 Episode stats: avg return = 0.35, avg length = 191.0
2025-09-28 03:49:12,853 - __main__ - INFO - 🎯 Top 3 training actions: #1(29933), #5(18479), #0(18075)
2025-09-28 03:49:16,020 - __main__ - INFO - 📊 Episodes completed this rollout: 7
2025-09-28 03:49:16,020 - __main__ - INFO - 📈 Episode stats: avg return = 0.45, avg length = 188.9
2025-09-28 03:49:16,021 - __main__ - INFO - 🎯 Top 3 training actions: #1(30479), #5(18638), #0(18195)
2025-09-28 03:49:19,183 - __main__ - INFO - 📊 Episodes completed this rollout: 2
2025-09-28 03:49:19,183 - __main__ - INFO - 📈 Episode stats: avg return = -0.18, avg length = 350.0
2025-09-28 03:49:19,183 - __main__ - INFO - 🎯 Top 3 training actions: #1(31129), #5(18752), #0(18278)
2025-09-28 03:49:20,169 - __main__ - INFO - 🧪 Starting evaluation with 50 episodes...
2025-09-28 03:49:20,169 - __main__ - INFO -    Eval seed: 51
2025-09-28 03:49:20,169 - __main__ - INFO -    Max episode steps (eval): env default
2025-09-28 03:49:20,170 - nle.env.base - INFO - Not saving any NLE data.
2025-09-28 03:49:23,772 - __main__ - WARNING - ⚠️ Episode 1 terminated due to step limit.
2025-09-28 03:49:24,465 - __main__ - DEBUG - 🎯 Eval HMM masking: step 50 masked due to negative reward
2025-09-28 03:49:27,536 - __main__ - WARNING - ⚠️ Episode 2 terminated due to step limit.
2025-09-28 03:49:31,285 - __main__ - WARNING - ⚠️ Episode 3 terminated due to step limit.
2025-09-28 03:49:35,035 - __main__ - WARNING - ⚠️ Episode 4 terminated due to step limit.
2025-09-28 03:49:38,788 - __main__ - WARNING - ⚠️ Episode 5 terminated due to step limit.
2025-09-28 03:49:42,557 - __main__ - WARNING - ⚠️ Episode 6 terminated due to step limit.
2025-09-28 03:49:43,761 - __main__ - DEBUG - 🎯 Eval HMM masking: step 100 masked due to negative reward
2025-09-28 03:49:45,973 - __main__ - DEBUG - 🎯 Eval HMM masking: step 50 masked due to negative reward
2025-09-28 03:49:46,477 - __main__ - DEBUG - 🎯 Eval HMM masking: step 100 masked due to negative reward
2025-09-28 03:49:50,187 - __main__ - WARNING - ⚠️ Episode 10 terminated due to step limit.
2025-09-28 03:49:53,932 - __main__ - WARNING - ⚠️ Episode 11 terminated due to step limit.
2025-09-28 03:49:54,616 - __main__ - DEBUG - 🎯 Eval HMM masking: step 50 masked due to negative reward
2025-09-28 03:49:55,120 - __main__ - DEBUG - 🎯 Eval HMM masking: step 100 masked due to negative reward
2025-09-28 03:49:58,761 - __main__ - WARNING - ⚠️ Episode 13 terminated due to step limit.
2025-09-28 03:50:03,153 - __main__ - WARNING - ⚠️ Episode 15 terminated due to step limit.
2025-09-28 03:50:04,646 - __main__ - DEBUG - 🎯 Eval HMM masking: step 50 masked due to negative reward
2025-09-28 03:50:06,160 - __main__ - DEBUG - 🎯 Eval HMM masking: step 200 masked due to negative reward
2025-09-28 03:50:10,896 - __main__ - WARNING - ⚠️ Episode 19 terminated due to step limit.
2025-09-28 03:50:14,647 - __main__ - WARNING - ⚠️ Episode 20 terminated due to step limit.
2025-09-28 03:50:19,882 - __main__ - WARNING - ⚠️ Episode 22 terminated due to step limit.
2025-09-28 03:50:23,678 - __main__ - WARNING - ⚠️ Episode 23 terminated due to step limit.
2025-09-28 03:50:27,441 - __main__ - WARNING - ⚠️ Episode 24 terminated due to step limit.
2025-09-28 03:50:31,187 - __main__ - WARNING - ⚠️ Episode 25 terminated due to step limit.
2025-09-28 03:50:34,984 - __main__ - WARNING - ⚠️ Episode 26 terminated due to step limit.
2025-09-28 03:50:39,088 - __main__ - WARNING - ⚠️ Episode 28 terminated due to step limit.
2025-09-28 03:50:39,950 - __main__ - DEBUG - 🎯 Eval HMM masking: step 50 masked due to negative reward
2025-09-28 03:50:40,467 - __main__ - DEBUG - 🎯 Eval HMM masking: step 100 masked due to negative reward
2025-09-28 03:50:46,873 - __main__ - DEBUG - 🎯 Eval HMM masking: step 250 masked due to negative reward
2025-09-28 03:50:47,910 - __main__ - WARNING - ⚠️ Episode 35 terminated due to step limit.
2025-09-28 03:50:53,221 - __main__ - WARNING - ⚠️ Episode 37 terminated due to step limit.
2025-09-28 03:50:57,072 - __main__ - WARNING - ⚠️ Episode 38 terminated due to step limit.
2025-09-28 03:50:57,775 - __main__ - DEBUG - 🎯 Eval HMM masking: step 50 masked due to negative reward
2025-09-28 03:51:00,914 - __main__ - WARNING - ⚠️ Episode 39 terminated due to step limit.
2025-09-28 03:51:04,735 - __main__ - WARNING - ⚠️ Episode 40 terminated due to step limit.
2025-09-28 03:51:08,575 - __main__ - WARNING - ⚠️ Episode 41 terminated due to step limit.
2025-09-28 03:51:12,349 - __main__ - WARNING - ⚠️ Episode 42 terminated due to step limit.
2025-09-28 03:51:16,152 - __main__ - WARNING - ⚠️ Episode 43 terminated due to step limit.
2025-09-28 03:51:20,005 - __main__ - WARNING - ⚠️ Episode 44 terminated due to step limit.
2025-09-28 03:51:23,875 - __main__ - WARNING - ⚠️ Episode 45 terminated due to step limit.
2025-09-28 03:51:27,708 - __main__ - WARNING - ⚠️ Episode 46 terminated due to step limit.
2025-09-28 03:51:31,010 - __main__ - DEBUG - 🎯 Eval HMM masking: step 300 masked due to negative reward
2025-09-28 03:51:31,919 - __main__ - DEBUG - 🎯 Eval HMM masking: step 50 masked due to negative reward
2025-09-28 03:51:34,256 - __main__ - DEBUG - 🎯 Eval HMM masking: step 100 masked due to negative reward
2025-09-28 03:51:34,400 - __main__ - INFO - 📊 Evaluation Results (Current Round):
2025-09-28 03:51:34,400 - __main__ - INFO -    Episodes: 50
2025-09-28 03:51:34,400 - __main__ - INFO -    Time: 134.2s (2.7s/ep)
2025-09-28 03:51:34,400 - __main__ - INFO -    Average Return: 0.211 ± 0.442
2025-09-28 03:51:34,400 - __main__ - INFO -    Success Rate: 42.0%
2025-09-28 03:51:34,401 - __main__ - INFO -    Average Length: 248.1
2025-09-28 03:51:34,401 - __main__ - INFO -    Average Coverage: 27.5 positions
2025-09-28 03:51:34,401 - __main__ - INFO -    Episode Completions: 21 terminated (42.0%), 29 truncated (58.0%)
2025-09-28 03:51:34,401 - __main__ - INFO - 📈 Total Evaluation Statistics:
2025-09-28 03:51:34,401 - __main__ - INFO -    Total Episodes: 500
2025-09-28 03:51:34,401 - __main__ - INFO -    Total Average Return: 0.168 ± 0.534
2025-09-28 03:51:34,401 - __main__ - INFO -    Total Average Length: 265.4 ± 112.4
2025-09-28 03:51:34,402 - __main__ - INFO -    Total Completions: 207 terminated (41.4%), 293 truncated (58.6%)
2025-09-28 03:51:34,402 - __main__ - INFO -    Skill Entropy: 0.094
2025-09-28 03:51:34,402 - __main__ - INFO -    Used Skills: 2.0
2025-09-28 03:51:34,402 - __main__ - INFO -    Effective K: 1.93
2025-09-28 03:51:34,402 - __main__ - INFO - 🎯 Action Usage Statistics:
2025-09-28 03:51:34,402 - __main__ - INFO -    Unique actions in evaluation: 8
2025-09-28 03:51:34,402 - __main__ - INFO -    Unique actions in training: 8
2025-09-28 03:51:34,402 - __main__ - INFO -    Total unique actions: 8
2025-09-28 03:51:34,403 - __main__ - INFO -    Action coverage: 6.6%
2025-09-28 03:51:34,403 - __main__ - INFO -    Train action count: 100352
2025-09-28 03:51:34,403 - __main__ - INFO -    Eval action count: 132711
2025-09-28 03:51:34,403 - __main__ - INFO -    Train action entropy: 1.757
2025-09-28 03:51:34,403 - __main__ - INFO -    Eval action entropy: 1.725
2025-09-28 03:51:34,404 - __main__ - INFO -    Top 3 train actions: #1(31129), #5(18752), #0(18278)
2025-09-28 03:51:34,404 - __main__ - INFO -    Top 3 eval actions: #1(43415), #5(25629), #3(23154)
2025-09-28 03:51:36,615 - __main__ - INFO - 📊 Episodes completed this rollout: 3
2025-09-28 03:51:36,616 - __main__ - INFO - 📈 Episode stats: avg return = 0.23, avg length = 244.7
2025-09-28 03:51:36,616 - __main__ - INFO - 🎯 Top 3 training actions: #1(31860), #5(18830), #0(18334)
2025-09-28 03:51:37,608 - __main__ - INFO - 🔄 Synchronized model update at step 101,376
2025-09-28 03:51:37,609 - __main__ - INFO -    HMM interval: 12,000, VAE interval: 12,000
2025-09-28 03:51:37,610 - __main__ - INFO - 🚫 Model training masking: 420/12288 timesteps masked (3.4%) due to negative rewards (invalid actions)
2025-09-28 03:51:37,919 - __main__ - INFO - 🔄 Capping HMM batch size from 428 to 128 to prevent OOM
2025-09-28 03:51:37,920 - __main__ - INFO - 🔄 HMM refresh starting at step 101,376 with replay size 128x127
2025-09-28 03:51:44,517 - __main__ - DEBUG - Initial ELBO: 91890954.1661
2025-09-28 03:51:44,523 - __main__ - DEBUG - Relative tol: 0.0100
2025-09-28 03:51:44,523 - __main__ - DEBUG - Relative elbo_drop_tol: 0.0100
2025-09-28 03:51:44,523 - __main__ - DEBUG - - Init -508.6807
2025-09-28 03:51:44,523 - __main__ - DEBUG - - Trans -6.9700
2025-09-28 03:51:44,524 - __main__ - DEBUG - - Emit 79725.1386
2025-09-28 03:51:44,524 - __main__ - DEBUG - - Entropy 0.0007
2025-09-28 03:51:44,524 - __main__ - DEBUG - - Dir 91829136.0000
2025-09-28 03:51:44,524 - __main__ - DEBUG - - NIW -17373.7148
2025-09-28 03:51:44,524 - __main__ - DEBUG - - Beta prior -17.6077
2025-09-28 03:51:51,497 - __main__ - DEBUG - Iter 0: ELBO after FB: 91890954.1661 (LL 79209.4886, Δ=0.0000)
2025-09-28 03:51:51,498 - __main__ - DEBUG - Blending stats with ρ_niw=0.0500, ρ_tr=0.0500.
2025-09-28 03:51:51,544 - __main__ - DEBUG - Iter 0: ELBO after NIW update: 91892790.3200 (Emit LL 81833.3785, NIW term -17645.8008, Δ=1836.1539)
2025-09-28 03:51:51,591 - __main__ - DEBUG - Iter 0: ELBO after Dirichlet update: 63658.8341 (Trans LL -6.8458, Dir term 4.3898, Δ=-91829131.4859)
2025-09-28 03:51:51,655 - __main__ - DEBUG - Iter 0: ELBO after β update: 17874170.3049 (Init LL -508.7797, Dir term 17810516.0000, logp(β) -17.6481, Δ=17810511.4708)
2025-09-28 03:51:58,579 - __main__ - DEBUG - Iter 1: ELBO after FB: 17874170.3049 (LL 81317.7538, Δ=0.0000)
2025-09-28 03:51:58,580 - __main__ - DEBUG - Blending stats with ρ_niw=0.0500, ρ_tr=0.0500.
2025-09-28 03:51:58,627 - __main__ - DEBUG - Iter 1: ELBO after NIW update: 17874170.3049 (Emit LL 81833.3785, NIW term -17645.8008, Δ=0.0000)
2025-09-28 03:51:58,672 - __main__ - DEBUG - Iter 1: ELBO after Dirichlet update: 18133944.3062 (Trans LL -6.8445, Dir term 18070290.0000, Δ=259774.0013)
2025-09-28 03:51:58,734 - __main__ - DEBUG - Iter 1: ELBO after β update: 35809122.1629 (Init LL -508.8823, Dir term 35745468.0000, logp(β) -17.6888, Δ=17675177.8567)
2025-09-28 03:52:05,662 - __main__ - DEBUG - Iter 2: ELBO after FB: 35809122.1629 (LL 81317.6524, Δ=0.0000)
2025-09-28 03:52:05,663 - __main__ - DEBUG - Blending stats with ρ_niw=0.0500, ρ_tr=0.0500.
2025-09-28 03:52:05,709 - __main__ - DEBUG - Iter 2: ELBO after NIW update: 35809122.1629 (Emit LL 81833.3785, NIW term -17645.8008, Δ=0.0000)
2025-09-28 03:52:05,755 - __main__ - DEBUG - Iter 2: ELBO after Dirichlet update: 36065734.1655 (Trans LL -6.8420, Dir term 36002080.0000, Δ=256612.0026)
2025-09-28 03:52:05,817 - __main__ - DEBUG - Iter 2: ELBO after β update: 53605322.0183 (Init LL -508.9886, Dir term 53541668.0000, logp(β) -17.7297, Δ=17539587.8528)
2025-09-28 03:52:12,751 - __main__ - DEBUG - Iter 3: ELBO after FB: 53605322.0183 (LL 81317.5487, Δ=0.0000)
2025-09-28 03:52:12,752 - __main__ - DEBUG - Blending stats with ρ_niw=0.0500, ρ_tr=0.0500.
2025-09-28 03:52:12,797 - __main__ - DEBUG - Iter 3: ELBO after NIW update: 53605322.0183 (Emit LL 81833.3785, NIW term -17645.8008, Δ=0.0000)
2025-09-28 03:52:12,843 - __main__ - DEBUG - Iter 3: ELBO after Dirichlet update: 53860706.0209 (Trans LL -6.8394, Dir term 53797052.0000, Δ=255384.0026)
2025-09-28 03:52:12,905 - __main__ - DEBUG - Iter 3: ELBO after β update: 71265813.8697 (Init LL -509.0986, Dir term 71202160.0000, logp(β) -17.7708, Δ=17405107.8488)
2025-09-28 03:52:19,834 - __main__ - DEBUG - Iter 4: ELBO after FB: 71265813.8697 (LL 81317.4413, Δ=0.0000)
2025-09-28 03:52:19,835 - __main__ - DEBUG - Blending stats with ρ_niw=0.0500, ρ_tr=0.0500.
2025-09-28 03:52:19,881 - __main__ - DEBUG - Iter 4: ELBO after NIW update: 71265813.8697 (Emit LL 81833.3785, NIW term -17645.8008, Δ=0.0000)
2025-09-28 03:52:19,927 - __main__ - DEBUG - Iter 4: ELBO after Dirichlet update: 71186877.8722 (Trans LL -6.8368, Dir term 71123224.0000, Δ=-78935.9974)
2025-09-28 03:52:19,989 - __main__ - DEBUG - Iter 4: ELBO after β update: 88435965.7171 (Init LL -509.2122, Dir term 88372312.0000, logp(β) -17.8123, Δ=17249087.8449)
2025-09-28 03:52:19,991 - __main__ - INFO -    HMM refresh complete: ELBO=3137.0967, iters=0, max iters, states=40
2025-09-28 03:52:19,991 - __main__ - INFO -    ✅ HMM updated (next in 12,000 steps)
2025-09-28 03:52:19,992 - __main__ - INFO - 🔄 VAE refresh starting at step 101,376 with replay size 8x1536
2025-09-28 03:52:19,993 - __main__ - INFO -    Using span sampling (12288 timesteps, too large for full buffer)
2025-09-28 03:52:40,702 - __main__ - INFO -    VAE refresh complete: final_loss=2738.4280, avg_loss=2743.8268, steps=4/4, trend=improving, total_timesteps=12288, span_sampling=32_requested×4_steps, span_len=64
2025-09-28 03:52:40,703 - __main__ - INFO -    ✅ VAE updated (next in 12,000 steps)
2025-09-28 03:52:42,901 - __main__ - INFO - 📊 Episodes completed this rollout: 5
2025-09-28 03:52:42,901 - __main__ - INFO - 📈 Episode stats: avg return = 0.13, avg length = 291.2
2025-09-28 03:52:42,901 - __main__ - INFO - 🎯 Top 3 training actions: #1(32530), #5(18928), #0(18396)
2025-09-28 03:52:46,063 - __main__ - INFO - 📊 Episodes completed this rollout: 4
2025-09-28 03:52:46,064 - __main__ - INFO - 📈 Episode stats: avg return = 0.30, avg length = 256.0
2025-09-28 03:52:46,064 - __main__ - INFO - 🎯 Top 3 training actions: #1(33203), #5(19040), #0(18453)
2025-09-28 03:52:49,209 - __main__ - INFO - 📊 Episodes completed this rollout: 2
2025-09-28 03:52:49,210 - __main__ - INFO - 📈 Episode stats: avg return = 0.15, avg length = 216.5
2025-09-28 03:52:49,210 - __main__ - INFO - 🎯 Top 3 training actions: #1(33876), #5(19119), #0(18519)
2025-09-28 03:52:52,430 - __main__ - INFO - 📊 Episodes completed this rollout: 9
2025-09-28 03:52:52,430 - __main__ - INFO - 📈 Episode stats: avg return = 0.21, avg length = 237.7
2025-09-28 03:52:52,431 - __main__ - INFO - 🎯 Top 3 training actions: #1(34521), #5(19190), #0(18613)
2025-09-28 03:52:55,569 - __main__ - INFO - 📊 Episodes completed this rollout: 4
2025-09-28 03:52:55,569 - __main__ - INFO - 📈 Episode stats: avg return = 0.87, avg length = 103.2
2025-09-28 03:52:55,569 - __main__ - INFO - 🎯 Top 3 training actions: #1(35150), #5(19285), #0(18713)
2025-09-28 03:52:58,708 - __main__ - INFO - 📊 Episodes completed this rollout: 2
2025-09-28 03:52:58,708 - __main__ - INFO - 📈 Episode stats: avg return = -0.20, avg length = 288.0
2025-09-28 03:52:58,708 - __main__ - INFO - 🎯 Top 3 training actions: #1(35857), #5(19363), #0(18787)
2025-09-28 03:53:01,942 - __main__ - INFO - 📊 Episodes completed this rollout: 7
2025-09-28 03:53:01,942 - __main__ - INFO - 📈 Episode stats: avg return = 0.11, avg length = 276.1
2025-09-28 03:53:01,942 - __main__ - INFO - 🎯 Top 3 training actions: #1(36667), #5(19404), #0(18838)
2025-09-28 03:53:05,099 - __main__ - INFO - 📊 Episodes completed this rollout: 2
2025-09-28 03:53:05,099 - __main__ - INFO - 📈 Episode stats: avg return = 0.32, avg length = 196.0
2025-09-28 03:53:05,099 - __main__ - INFO - 🎯 Top 3 training actions: #1(37348), #5(19485), #0(18918)
2025-09-28 03:53:08,262 - __main__ - INFO - 📊 Episodes completed this rollout: 6
2025-09-28 03:53:08,262 - __main__ - INFO - 📈 Episode stats: avg return = 0.34, avg length = 246.7
2025-09-28 03:53:08,263 - __main__ - INFO - 🎯 Top 3 training actions: #1(37967), #5(19565), #0(19014)
2025-09-28 03:53:09,254 - __main__ - INFO - 🧪 Starting evaluation with 50 episodes...
2025-09-28 03:53:09,254 - __main__ - INFO -    Eval seed: 51
2025-09-28 03:53:09,254 - __main__ - INFO -    Max episode steps (eval): env default
2025-09-28 03:53:09,255 - nle.env.base - INFO - Not saving any NLE data.
2025-09-28 03:53:10,812 - __main__ - DEBUG - 🎯 Eval HMM masking: step 150 masked due to negative reward
2025-09-28 03:53:14,638 - __main__ - WARNING - ⚠️ Episode 2 terminated due to step limit.
2025-09-28 03:53:15,337 - __main__ - DEBUG - 🎯 Eval HMM masking: step 50 masked due to negative reward
2025-09-28 03:53:16,358 - __main__ - DEBUG - 🎯 Eval HMM masking: step 150 masked due to negative reward
2025-09-28 03:53:18,002 - __main__ - DEBUG - 🎯 Eval HMM masking: step 100 masked due to negative reward
2025-09-28 03:53:22,031 - __main__ - WARNING - ⚠️ Episode 5 terminated due to step limit.
2025-09-28 03:53:22,721 - __main__ - DEBUG - 🎯 Eval HMM masking: step 50 masked due to negative reward
2025-09-28 03:53:26,627 - __main__ - WARNING - ⚠️ Episode 7 terminated due to step limit.
2025-09-28 03:53:30,459 - __main__ - WARNING - ⚠️ Episode 8 terminated due to step limit.
2025-09-28 03:53:34,726 - __main__ - DEBUG - 🎯 Eval HMM masking: step 50 masked due to negative reward
2025-09-28 03:53:37,420 - __main__ - DEBUG - 🎯 Eval HMM masking: step 250 masked due to negative reward
2025-09-28 03:53:38,450 - __main__ - WARNING - ⚠️ Episode 11 terminated due to step limit.
2025-09-28 03:53:39,831 - __main__ - DEBUG - 🎯 Eval HMM masking: step 50 masked due to negative reward
2025-09-28 03:53:43,606 - __main__ - WARNING - ⚠️ Episode 14 terminated due to step limit.
2025-09-28 03:53:44,308 - __main__ - DEBUG - 🎯 Eval HMM masking: step 50 masked due to negative reward
2025-09-28 03:53:46,247 - __main__ - DEBUG - 🎯 Eval HMM masking: step 150 masked due to negative reward
2025-09-28 03:53:48,319 - __main__ - WARNING - ⚠️ Episode 16 terminated due to step limit.
2025-09-28 03:53:52,050 - __main__ - WARNING - ⚠️ Episode 17 terminated due to step limit.
2025-09-28 03:53:54,702 - __main__ - DEBUG - 🎯 Eval HMM masking: step 200 masked due to negative reward
2025-09-28 03:53:58,896 - __main__ - WARNING - ⚠️ Episode 20 terminated due to step limit.
2025-09-28 03:54:01,017 - __main__ - DEBUG - 🎯 Eval HMM masking: step 100 masked due to negative reward
2025-09-28 03:54:03,597 - __main__ - WARNING - ⚠️ Episode 22 terminated due to step limit.
2025-09-28 03:54:07,424 - __main__ - WARNING - ⚠️ Episode 23 terminated due to step limit.
2025-09-28 03:54:11,301 - __main__ - WARNING - ⚠️ Episode 24 terminated due to step limit.
2025-09-28 03:54:15,112 - __main__ - WARNING - ⚠️ Episode 25 terminated due to step limit.
2025-09-28 03:54:17,796 - __main__ - DEBUG - 🎯 Eval HMM masking: step 200 masked due to negative reward
2025-09-28 03:54:19,359 - __main__ - WARNING - ⚠️ Episode 27 terminated due to step limit.
2025-09-28 03:54:23,119 - __main__ - WARNING - ⚠️ Episode 28 terminated due to step limit.
2025-09-28 03:54:26,936 - __main__ - WARNING - ⚠️ Episode 29 terminated due to step limit.
2025-09-28 03:54:30,748 - __main__ - WARNING - ⚠️ Episode 30 terminated due to step limit.
2025-09-28 03:54:34,883 - __main__ - WARNING - ⚠️ Episode 32 terminated due to step limit.
2025-09-28 03:54:41,166 - __main__ - DEBUG - 🎯 Eval HMM masking: step 50 masked due to negative reward
2025-09-28 03:54:45,277 - __main__ - WARNING - ⚠️ Episode 36 terminated due to step limit.
2025-09-28 03:54:47,020 - __main__ - DEBUG - 🎯 Eval HMM masking: step 150 masked due to negative reward
2025-09-28 03:54:50,869 - __main__ - WARNING - ⚠️ Episode 38 terminated due to step limit.
2025-09-28 03:54:54,684 - __main__ - WARNING - ⚠️ Episode 39 terminated due to step limit.
2025-09-28 03:54:58,302 - __main__ - DEBUG - 🎯 Eval HMM masking: step 250 masked due to negative reward
2025-09-28 03:54:59,325 - __main__ - WARNING - ⚠️ Episode 41 terminated due to step limit.
2025-09-28 03:55:02,622 - __main__ - DEBUG - 🎯 Eval HMM masking: step 300 masked due to negative reward
2025-09-28 03:55:03,135 - __main__ - WARNING - ⚠️ Episode 42 terminated due to step limit.
2025-09-28 03:55:07,697 - __main__ - WARNING - ⚠️ Episode 45 terminated due to step limit.
2025-09-28 03:55:08,394 - __main__ - DEBUG - 🎯 Eval HMM masking: step 50 masked due to negative reward
2025-09-28 03:55:09,636 - __main__ - DEBUG - 🎯 Eval HMM masking: step 100 masked due to negative reward
2025-09-28 03:55:10,683 - __main__ - DEBUG - 🎯 Eval HMM masking: step 200 masked due to negative reward
2025-09-28 03:55:11,730 - __main__ - DEBUG - 🎯 Eval HMM masking: step 300 masked due to negative reward
2025-09-28 03:55:12,973 - __main__ - DEBUG - 🎯 Eval HMM masking: step 100 masked due to negative reward
2025-09-28 03:55:15,566 - __main__ - WARNING - ⚠️ Episode 48 terminated due to step limit.
2025-09-28 03:55:19,362 - __main__ - WARNING - ⚠️ Episode 49 terminated due to step limit.
2025-09-28 03:55:23,176 - __main__ - WARNING - ⚠️ Episode 50 terminated due to step limit.
2025-09-28 03:55:23,354 - __main__ - INFO - 📊 Evaluation Results (Current Round):
2025-09-28 03:55:23,354 - __main__ - INFO -    Episodes: 50
2025-09-28 03:55:23,354 - __main__ - INFO -    Time: 134.1s (2.7s/ep)
2025-09-28 03:55:23,355 - __main__ - INFO -    Average Return: 0.266 ± 0.492
2025-09-28 03:55:23,355 - __main__ - INFO -    Success Rate: 46.0%
2025-09-28 03:55:23,355 - __main__ - INFO -    Average Length: 246.8
2025-09-28 03:55:23,355 - __main__ - INFO -    Average Coverage: 29.7 positions
2025-09-28 03:55:23,355 - __main__ - INFO -    Episode Completions: 23 terminated (46.0%), 27 truncated (54.0%)
2025-09-28 03:55:23,355 - __main__ - INFO - 📈 Total Evaluation Statistics:
2025-09-28 03:55:23,355 - __main__ - INFO -    Total Episodes: 550
2025-09-28 03:55:23,355 - __main__ - INFO -    Total Average Return: 0.177 ± 0.531
2025-09-28 03:55:23,355 - __main__ - INFO -    Total Average Length: 263.7 ± 114.1
2025-09-28 03:55:23,355 - __main__ - INFO -    Total Completions: 230 terminated (41.8%), 320 truncated (58.2%)
2025-09-28 03:55:23,356 - __main__ - INFO -    Skill Entropy: 0.081
2025-09-28 03:55:23,356 - __main__ - INFO -    Used Skills: 2.0
2025-09-28 03:55:23,356 - __main__ - INFO -    Effective K: 1.97
2025-09-28 03:55:23,356 - __main__ - INFO - 🎯 Action Usage Statistics:
2025-09-28 03:55:23,356 - __main__ - INFO -    Unique actions in evaluation: 8
2025-09-28 03:55:23,356 - __main__ - INFO -    Unique actions in training: 8
2025-09-28 03:55:23,356 - __main__ - INFO -    Total unique actions: 8
2025-09-28 03:55:23,356 - __main__ - INFO -    Action coverage: 6.6%
2025-09-28 03:55:23,357 - __main__ - INFO -    Train action count: 110592
2025-09-28 03:55:23,357 - __main__ - INFO -    Eval action count: 145053
2025-09-28 03:55:23,357 - __main__ - INFO -    Train action entropy: 1.727
2025-09-28 03:55:23,357 - __main__ - INFO -    Eval action entropy: 1.710
2025-09-28 03:55:23,358 - __main__ - INFO -    Top 3 train actions: #1(37967), #5(19565), #0(19014)
2025-09-28 03:55:23,358 - __main__ - INFO -    Top 3 eval actions: #1(50426), #5(26683), #3(24583)
2025-09-28 03:55:25,535 - __main__ - INFO - 📊 Episodes completed this rollout: 3
2025-09-28 03:55:25,536 - __main__ - INFO - 📈 Episode stats: avg return = -0.02, avg length = 278.3
2025-09-28 03:55:25,536 - __main__ - INFO - 🎯 Top 3 training actions: #1(38599), #5(19640), #0(19126)
2025-09-28 03:55:28,703 - __main__ - INFO - 📊 Episodes completed this rollout: 3
2025-09-28 03:55:28,703 - __main__ - INFO - 📈 Episode stats: avg return = 0.27, avg length = 254.0
2025-09-28 03:55:28,704 - __main__ - INFO - 🎯 Top 3 training actions: #1(39159), #5(19727), #0(19281)
2025-09-28 03:55:31,881 - __main__ - INFO - 📊 Episodes completed this rollout: 5
2025-09-28 03:55:31,881 - __main__ - INFO - 📈 Episode stats: avg return = 0.29, avg length = 243.0
2025-09-28 03:55:31,882 - __main__ - INFO - 🎯 Top 3 training actions: #1(39685), #5(19817), #0(19406)
2025-09-28 03:55:32,868 - __main__ - INFO - 🔄 Synchronized model update at step 113,664
2025-09-28 03:55:32,869 - __main__ - INFO -    HMM interval: 12,000, VAE interval: 12,000
2025-09-28 03:55:32,870 - __main__ - INFO - 🚫 Model training masking: 1008/12288 timesteps masked (8.2%) due to negative rewards (invalid actions)
2025-09-28 03:55:33,192 - __main__ - INFO - 🔄 Capping HMM batch size from 739 to 128 to prevent OOM
2025-09-28 03:55:33,193 - __main__ - INFO - 🔄 HMM refresh starting at step 113,664 with replay size 128x103
2025-09-28 03:55:38,603 - __main__ - DEBUG - Initial ELBO: 88399001.1973
2025-09-28 03:55:38,608 - __main__ - DEBUG - Relative tol: 0.0100
2025-09-28 03:55:38,608 - __main__ - DEBUG - Relative elbo_drop_tol: 0.0100
2025-09-28 03:55:38,608 - __main__ - DEBUG - - Init -509.2122
2025-09-28 03:55:38,608 - __main__ - DEBUG - - Trans -3.4719
2025-09-28 03:55:38,608 - __main__ - DEBUG - - Emit 44865.4939
2025-09-28 03:55:38,608 - __main__ - DEBUG - - Entropy 0.0006
2025-09-28 03:55:38,608 - __main__ - DEBUG - - Dir 88372312.0000
2025-09-28 03:55:38,608 - __main__ - DEBUG - - NIW -17645.8008
2025-09-28 03:55:38,608 - __main__ - DEBUG - - Beta prior -17.8123
2025-09-28 03:55:44,405 - __main__ - DEBUG - Iter 0: ELBO after FB: 88399001.1973 (LL 44352.8104, Δ=0.0000)
2025-09-28 03:55:44,406 - __main__ - DEBUG - Blending stats with ρ_niw=0.0500, ρ_tr=0.0500.
2025-09-28 03:55:44,451 - __main__ - DEBUG - Iter 0: ELBO after NIW update: 88399548.4844 (Emit LL 45251.8649, NIW term -17484.8848, Δ=547.2871)
2025-09-28 03:55:44,496 - __main__ - DEBUG - Iter 0: ELBO after Dirichlet update: 27230.5714 (Trans LL -3.5265, Dir term -5.8584, Δ=-88372317.9130)
2025-09-28 03:55:44,558 - __main__ - DEBUG - Iter 0: ELBO after β update: 17165816.2705 (Init LL -509.3298, Dir term 17138580.0000, logp(β) -17.8539, Δ=17138585.6992)
2025-09-28 03:55:50,326 - __main__ - DEBUG - Iter 1: ELBO after FB: 17165816.2705 (LL 44739.0092, Δ=0.0000)
2025-09-28 03:55:50,327 - __main__ - DEBUG - Blending stats with ρ_niw=0.0500, ρ_tr=0.0500.
2025-09-28 03:55:50,372 - __main__ - DEBUG - Iter 1: ELBO after NIW update: 17165816.2705 (Emit LL 45251.8649, NIW term -17484.8848, Δ=0.0000)
2025-09-28 03:55:50,417 - __main__ - DEBUG - Iter 1: ELBO after Dirichlet update: 17411524.2725 (Trans LL -3.5245, Dir term 17384288.0000, Δ=245708.0020)
2025-09-28 03:55:50,479 - __main__ - DEBUG - Iter 1: ELBO after β update: 34416992.1093 (Init LL -509.4510, Dir term 34389756.0000, logp(β) -17.8959, Δ=17005467.8368)
2025-09-28 03:55:56,231 - __main__ - DEBUG - Iter 2: ELBO after FB: 34416992.1093 (LL 44738.8899, Δ=0.0000)
2025-09-28 03:55:56,232 - __main__ - DEBUG - Blending stats with ρ_niw=0.0500, ρ_tr=0.0500.
2025-09-28 03:55:56,277 - __main__ - DEBUG - Iter 2: ELBO after NIW update: 34416992.1093 (Emit LL 45251.8649, NIW term -17484.8848, Δ=0.0000)
2025-09-28 03:55:56,322 - __main__ - DEBUG - Iter 2: ELBO after Dirichlet update: 34662120.1106 (Trans LL -3.5232, Dir term 34634884.0000, Δ=245128.0013)
2025-09-28 03:55:56,384 - __main__ - DEBUG - Iter 2: ELBO after β update: 51535539.9434 (Init LL -509.5760, Dir term 51508304.0000, logp(β) -17.9380, Δ=16873419.8328)
2025-09-28 03:56:02,171 - __main__ - DEBUG - Iter 3: ELBO after FB: 51535539.9434 (LL 44738.7663, Δ=0.0000)
2025-09-28 03:56:02,172 - __main__ - DEBUG - Blending stats with ρ_niw=0.0500, ρ_tr=0.0500.
2025-09-28 03:56:02,217 - __main__ - DEBUG - Iter 3: ELBO after NIW update: 51535539.9434 (Emit LL 45251.8649, NIW term -17484.8848, Δ=0.0000)
2025-09-28 03:56:02,263 - __main__ - DEBUG - Iter 3: ELBO after Dirichlet update: 51777779.9448 (Trans LL -3.5219, Dir term 51750544.0000, Δ=242240.0013)
2025-09-28 03:56:02,324 - __main__ - DEBUG - Iter 3: ELBO after β update: 68520067.7735 (Init LL -509.7049, Dir term 68492832.0000, logp(β) -17.9805, Δ=16742287.8287)
2025-09-28 03:56:08,089 - __main__ - DEBUG - Iter 4: ELBO after FB: 68520067.7735 (LL 44738.6387, Δ=0.0000)
2025-09-28 03:56:08,089 - __main__ - DEBUG - Blending stats with ρ_niw=0.0500, ρ_tr=0.0500.
2025-09-28 03:56:08,134 - __main__ - DEBUG - Iter 4: ELBO after NIW update: 68520067.7735 (Emit LL 45251.8649, NIW term -17484.8848, Δ=0.0000)
2025-09-28 03:56:08,179 - __main__ - DEBUG - Iter 4: ELBO after Dirichlet update: 67965667.7748 (Trans LL -3.5206, Dir term 67938432.0000, Δ=-554399.9987)
2025-09-28 03:56:08,241 - __main__ - DEBUG - Iter 4: ELBO after β update: 84583547.5995 (Init LL -509.8375, Dir term 84556312.0000, logp(β) -18.0232, Δ=16617879.8247)
2025-09-28 03:56:08,244 - __main__ - INFO -    HMM refresh complete: ELBO=87.2144, iters=0, max iters, states=40
2025-09-28 03:56:08,244 - __main__ - INFO -    ✅ HMM updated (next in 12,000 steps)
2025-09-28 03:56:08,244 - __main__ - INFO - 🔄 VAE refresh starting at step 113,664 with replay size 8x1536
2025-09-28 03:56:08,245 - __main__ - INFO -    Using span sampling (12288 timesteps, too large for full buffer)
2025-09-28 03:56:28,409 - __main__ - INFO -    VAE refresh complete: final_loss=2777.3850, avg_loss=2788.0312, steps=4/4, trend=improving, total_timesteps=12288, span_sampling=32_requested×4_steps, span_len=64
2025-09-28 03:56:28,411 - __main__ - INFO -    ✅ VAE updated (next in 12,000 steps)
2025-09-28 03:56:30,624 - __main__ - INFO - 📊 Episodes completed this rollout: 6
2025-09-28 03:56:30,624 - __main__ - INFO - 📈 Episode stats: avg return = 0.17, avg length = 253.3
2025-09-28 03:56:30,624 - __main__ - INFO - 🎯 Top 3 training actions: #1(40224), #5(19909), #0(19553)
2025-09-28 03:56:36,991 - __main__ - INFO - 📊 Episodes completed this rollout: 4
2025-09-28 03:56:36,992 - __main__ - INFO - 📈 Episode stats: avg return = 0.07, avg length = 279.5
2025-09-28 03:56:36,992 - __main__ - INFO - 🎯 Top 3 training actions: #1(41347), #5(20076), #0(19757)
2025-09-28 03:56:40,207 - __main__ - INFO - 📊 Episodes completed this rollout: 7
2025-09-28 03:56:40,207 - __main__ - INFO - 📈 Episode stats: avg return = 0.08, avg length = 287.6
2025-09-28 03:56:40,208 - __main__ - INFO - 🎯 Top 3 training actions: #1(41900), #5(20185), #0(19846)
2025-09-28 03:56:43,342 - __main__ - INFO - 📊 Episodes completed this rollout: 2
2025-09-28 03:56:43,342 - __main__ - INFO - 📈 Episode stats: avg return = 0.69, avg length = 79.5
2025-09-28 03:56:43,342 - __main__ - INFO - 🎯 Top 3 training actions: #1(42455), #5(20307), #0(19945)
2025-09-28 03:56:46,512 - __main__ - INFO - 📊 Episodes completed this rollout: 6
2025-09-28 03:56:46,513 - __main__ - INFO - 📈 Episode stats: avg return = 0.06, avg length = 282.0
2025-09-28 03:56:46,513 - __main__ - INFO - 🎯 Top 3 training actions: #1(42991), #5(20424), #0(20071)
2025-09-28 03:56:49,668 - __main__ - INFO - 📊 Episodes completed this rollout: 6
2025-09-28 03:56:49,668 - __main__ - INFO - 📈 Episode stats: avg return = 0.73, avg length = 140.7
2025-09-28 03:56:49,668 - __main__ - INFO - 🎯 Top 3 training actions: #1(43462), #5(20538), #0(20218)
2025-09-28 03:56:50,660 - __main__ - INFO - 🧪 Starting evaluation with 50 episodes...
2025-09-28 03:56:50,660 - __main__ - INFO -    Eval seed: 51
2025-09-28 03:56:50,660 - __main__ - INFO -    Max episode steps (eval): env default
2025-09-28 03:56:50,661 - nle.env.base - INFO - Not saving any NLE data.
2025-09-28 03:56:54,294 - __main__ - WARNING - ⚠️ Episode 1 terminated due to step limit.
2025-09-28 03:56:59,078 - __main__ - WARNING - ⚠️ Episode 3 terminated due to step limit.
2025-09-28 03:57:01,887 - __main__ - DEBUG - 🎯 Eval HMM masking: step 200 masked due to negative reward
2025-09-28 03:57:03,401 - __main__ - WARNING - ⚠️ Episode 5 terminated due to step limit.
2025-09-28 03:57:07,086 - __main__ - WARNING - ⚠️ Episode 6 terminated due to step limit.
2025-09-28 03:57:11,018 - __main__ - WARNING - ⚠️ Episode 7 terminated due to step limit.
2025-09-28 03:57:14,753 - __main__ - WARNING - ⚠️ Episode 8 terminated due to step limit.
2025-09-28 03:57:18,475 - __main__ - WARNING - ⚠️ Episode 9 terminated due to step limit.
2025-09-28 03:57:22,263 - __main__ - WARNING - ⚠️ Episode 10 terminated due to step limit.
2025-09-28 03:57:23,465 - __main__ - DEBUG - 🎯 Eval HMM masking: step 100 masked due to negative reward
2025-09-28 03:57:23,974 - __main__ - DEBUG - 🎯 Eval HMM masking: step 150 masked due to negative reward
2025-09-28 03:57:28,109 - __main__ - WARNING - ⚠️ Episode 12 terminated due to step limit.
2025-09-28 03:57:31,880 - __main__ - WARNING - ⚠️ Episode 13 terminated due to step limit.
2025-09-28 03:57:32,578 - __main__ - DEBUG - 🎯 Eval HMM masking: step 50 masked due to negative reward
2025-09-28 03:57:34,114 - __main__ - DEBUG - 🎯 Eval HMM masking: step 200 masked due to negative reward
2025-09-28 03:57:35,623 - __main__ - WARNING - ⚠️ Episode 14 terminated due to step limit.
2025-09-28 03:57:39,379 - __main__ - WARNING - ⚠️ Episode 15 terminated due to step limit.
2025-09-28 03:57:43,155 - __main__ - WARNING - ⚠️ Episode 16 terminated due to step limit.
2025-09-28 03:57:49,640 - __main__ - WARNING - ⚠️ Episode 19 terminated due to step limit.
2025-09-28 03:57:50,334 - __main__ - DEBUG - 🎯 Eval HMM masking: step 50 masked due to negative reward
2025-09-28 03:57:57,573 - __main__ - DEBUG - 🎯 Eval HMM masking: step 200 masked due to negative reward
2025-09-28 03:57:59,108 - __main__ - WARNING - ⚠️ Episode 24 terminated due to step limit.
2025-09-28 03:58:02,852 - __main__ - WARNING - ⚠️ Episode 25 terminated due to step limit.
2025-09-28 03:58:10,773 - __main__ - WARNING - ⚠️ Episode 28 terminated due to step limit.
2025-09-28 03:58:16,866 - __main__ - DEBUG - 🎯 Eval HMM masking: step 300 masked due to negative reward
2025-09-28 03:58:17,366 - __main__ - WARNING - ⚠️ Episode 32 terminated due to step limit.
2025-09-28 03:58:18,049 - __main__ - DEBUG - 🎯 Eval HMM masking: step 50 masked due to negative reward
2025-09-28 03:58:20,078 - __main__ - DEBUG - 🎯 Eval HMM masking: step 250 masked due to negative reward
2025-09-28 03:58:21,090 - __main__ - WARNING - ⚠️ Episode 33 terminated due to step limit.
2025-09-28 03:58:22,295 - __main__ - DEBUG - 🎯 Eval HMM masking: step 100 masked due to negative reward
2025-09-28 03:58:24,837 - __main__ - WARNING - ⚠️ Episode 34 terminated due to step limit.
2025-09-28 03:58:28,039 - __main__ - DEBUG - 🎯 Eval HMM masking: step 300 masked due to negative reward
2025-09-28 03:58:28,537 - __main__ - WARNING - ⚠️ Episode 35 terminated due to step limit.
2025-09-28 03:58:32,295 - __main__ - WARNING - ⚠️ Episode 36 terminated due to step limit.
2025-09-28 03:58:32,979 - __main__ - DEBUG - 🎯 Eval HMM masking: step 50 masked due to negative reward
2025-09-28 03:58:36,804 - __main__ - WARNING - ⚠️ Episode 38 terminated due to step limit.
2025-09-28 03:58:40,526 - __main__ - WARNING - ⚠️ Episode 39 terminated due to step limit.
2025-09-28 03:58:44,233 - __main__ - WARNING - ⚠️ Episode 40 terminated due to step limit.
2025-09-28 03:58:44,925 - __main__ - DEBUG - 🎯 Eval HMM masking: step 50 masked due to negative reward
2025-09-28 03:58:47,977 - __main__ - WARNING - ⚠️ Episode 41 terminated due to step limit.
2025-09-28 03:58:54,176 - __main__ - WARNING - ⚠️ Episode 43 terminated due to step limit.
2025-09-28 03:58:56,035 - __main__ - DEBUG - 🎯 Eval HMM masking: step 50 masked due to negative reward
2025-09-28 03:58:58,581 - __main__ - DEBUG - 🎯 Eval HMM masking: step 300 masked due to negative reward
2025-09-28 03:58:59,079 - __main__ - WARNING - ⚠️ Episode 46 terminated due to step limit.
2025-09-28 03:58:59,768 - __main__ - DEBUG - 🎯 Eval HMM masking: step 50 masked due to negative reward
2025-09-28 03:59:02,792 - __main__ - WARNING - ⚠️ Episode 47 terminated due to step limit.
2025-09-28 03:59:06,539 - __main__ - WARNING - ⚠️ Episode 48 terminated due to step limit.
2025-09-28 03:59:11,161 - __main__ - DEBUG - 🎯 Eval HMM masking: step 100 masked due to negative reward
2025-09-28 03:59:13,698 - __main__ - WARNING - ⚠️ Episode 50 terminated due to step limit.
2025-09-28 03:59:13,876 - __main__ - INFO - 📊 Evaluation Results (Current Round):
2025-09-28 03:59:13,876 - __main__ - INFO -    Episodes: 50
2025-09-28 03:59:13,876 - __main__ - INFO -    Time: 143.2s (2.9s/ep)
2025-09-28 03:59:13,877 - __main__ - INFO -    Average Return: 0.155 ± 0.536
2025-09-28 03:59:13,877 - __main__ - INFO -    Success Rate: 38.0%
2025-09-28 03:59:13,877 - __main__ - INFO -    Average Length: 267.9
2025-09-28 03:59:13,877 - __main__ - INFO -    Average Coverage: 38.1 positions
2025-09-28 03:59:13,877 - __main__ - INFO -    Episode Completions: 19 terminated (38.0%), 31 truncated (62.0%)
2025-09-28 03:59:13,877 - __main__ - INFO - 📈 Total Evaluation Statistics:
2025-09-28 03:59:13,877 - __main__ - INFO -    Total Episodes: 600
2025-09-28 03:59:13,878 - __main__ - INFO -    Total Average Return: 0.175 ± 0.531
2025-09-28 03:59:13,878 - __main__ - INFO -    Total Average Length: 264.1 ± 114.4
2025-09-28 03:59:13,878 - __main__ - INFO -    Total Completions: 249 terminated (41.5%), 351 truncated (58.5%)
2025-09-28 03:59:13,878 - __main__ - INFO -    Skill Entropy: 0.035
2025-09-28 03:59:13,878 - __main__ - INFO -    Used Skills: 2.5
2025-09-28 03:59:13,878 - __main__ - INFO -    Effective K: 1.55
2025-09-28 03:59:13,878 - __main__ - INFO - 🎯 Action Usage Statistics:
2025-09-28 03:59:13,879 - __main__ - INFO -    Unique actions in evaluation: 8
2025-09-28 03:59:13,879 - __main__ - INFO -    Unique actions in training: 8
2025-09-28 03:59:13,879 - __main__ - INFO -    Total unique actions: 8
2025-09-28 03:59:13,879 - __main__ - INFO -    Action coverage: 6.6%
2025-09-28 03:59:13,879 - __main__ - INFO -    Train action count: 120832
2025-09-28 03:59:13,879 - __main__ - INFO -    Eval action count: 158450
2025-09-28 03:59:13,879 - __main__ - INFO -    Train action entropy: 1.713
2025-09-28 03:59:13,880 - __main__ - INFO -    Eval action entropy: 1.709
2025-09-28 03:59:13,880 - __main__ - INFO -    Top 3 train actions: #1(43462), #5(20538), #0(20218)
2025-09-28 03:59:13,880 - __main__ - INFO -    Top 3 eval actions: #1(55929), #5(28333), #3(26692)
2025-09-28 03:59:16,016 - __main__ - INFO - 📊 Episodes completed this rollout: 2
2025-09-28 03:59:16,017 - __main__ - INFO - 📈 Episode stats: avg return = 0.35, avg length = 197.5
2025-09-28 03:59:16,017 - __main__ - INFO - 🎯 Top 3 training actions: #1(43890), #5(20630), #0(20383)
2025-09-28 03:59:19,208 - __main__ - INFO - 📊 Episodes completed this rollout: 5
2025-09-28 03:59:19,209 - __main__ - INFO - 📈 Episode stats: avg return = -0.26, avg length = 350.0
2025-09-28 03:59:19,209 - __main__ - INFO - 🎯 Top 3 training actions: #1(44369), #5(20764), #0(20553)
2025-09-28 03:59:22,374 - __main__ - INFO - 📊 Episodes completed this rollout: 4
2025-09-28 03:59:22,374 - __main__ - INFO - 📈 Episode stats: avg return = 0.33, avg length = 220.5
2025-09-28 03:59:22,374 - __main__ - INFO - 🎯 Top 3 training actions: #1(44921), #5(20889), #0(20670)
2025-09-28 03:59:25,499 - __main__ - INFO - 📊 Episodes completed this rollout: 2
2025-09-28 03:59:25,500 - __main__ - INFO - 📈 Episode stats: avg return = 0.27, avg length = 254.0
2025-09-28 03:59:25,500 - __main__ - INFO - 🎯 Top 3 training actions: #1(45445), #5(20997), #0(20802)
2025-09-28 03:59:28,661 - __main__ - INFO - 📊 Episodes completed this rollout: 5
2025-09-28 03:59:28,661 - __main__ - INFO - 📈 Episode stats: avg return = 0.17, avg length = 283.4
2025-09-28 03:59:28,662 - __main__ - INFO - 🎯 Top 3 training actions: #1(45906), #5(21105), #0(20936)
2025-09-28 03:59:29,651 - __main__ - INFO - 🔄 Synchronized model update at step 125,952
2025-09-28 03:59:29,651 - __main__ - INFO -    HMM interval: 12,000, VAE interval: 12,000
2025-09-28 03:59:29,652 - __main__ - INFO - 🚫 Model training masking: 720/12288 timesteps masked (5.9%) due to negative rewards (invalid actions)
2025-09-28 03:59:29,965 - __main__ - INFO - 🔄 Capping HMM batch size from 558 to 128 to prevent OOM
2025-09-28 03:59:29,965 - __main__ - INFO - 🔄 HMM refresh starting at step 125,952 with replay size 128x78
2025-09-28 03:59:34,028 - __main__ - DEBUG - Initial ELBO: 84611405.7866
2025-09-28 03:59:34,032 - __main__ - DEBUG - Relative tol: 0.0100
2025-09-28 03:59:34,032 - __main__ - DEBUG - Relative elbo_drop_tol: 0.0100
2025-09-28 03:59:34,032 - __main__ - DEBUG - - Init -509.8375
2025-09-28 03:59:34,032 - __main__ - DEBUG - - Trans -5.6501
2025-09-28 03:59:34,033 - __main__ - DEBUG - - Emit 73112.1816
2025-09-28 03:59:34,033 - __main__ - DEBUG - - Entropy 0.0004
2025-09-28 03:59:34,033 - __main__ - DEBUG - - Dir 84556312.0000
2025-09-28 03:59:34,033 - __main__ - DEBUG - - NIW -17484.8848
2025-09-28 03:59:34,033 - __main__ - DEBUG - - Beta prior -18.0232
2025-09-28 03:59:38,473 - __main__ - DEBUG - Iter 0: ELBO after FB: 84611405.7866 (LL 72596.6945, Δ=0.0000)
2025-09-28 03:59:38,474 - __main__ - DEBUG - Blending stats with ρ_niw=0.0500, ρ_tr=0.0500.
2025-09-28 03:59:38,518 - __main__ - DEBUG - Iter 0: ELBO after NIW update: 84612520.4608 (Emit LL 74428.5355, NIW term -17686.5645, Δ=1114.6742)
2025-09-28 03:59:38,562 - __main__ - DEBUG - Iter 0: ELBO after Dirichlet update: 56228.6544 (Trans LL -5.6250, Dir term 20.1686, Δ=-84556291.8064)
2025-09-28 03:59:38,621 - __main__ - DEBUG - Iter 0: ELBO after β update: 16537352.3065 (Init LL -509.9738, Dir term 16481144.0000, logp(β) -18.0661, Δ=16481123.6521)
2025-09-28 03:59:43,062 - __main__ - DEBUG - Iter 1: ELBO after FB: 16537352.3065 (LL 73912.9371, Δ=0.0000)
2025-09-28 03:59:43,062 - __main__ - DEBUG - Blending stats with ρ_niw=0.0500, ρ_tr=0.0500.
2025-09-28 03:59:43,106 - __main__ - DEBUG - Iter 1: ELBO after NIW update: 16537352.3065 (Emit LL 74428.5355, NIW term -17686.5645, Δ=0.0000)
2025-09-28 03:59:43,149 - __main__ - DEBUG - Iter 1: ELBO after Dirichlet update: 16772385.3097 (Trans LL -5.6219, Dir term 16716177.0000, Δ=235033.0031)
2025-09-28 03:59:43,209 - __main__ - DEBUG - Iter 1: ELBO after β update: 33123422.1262 (Init LL -510.1140, Dir term 33067214.0000, logp(β) -18.1093, Δ=16351036.8166)
2025-09-28 03:59:47,673 - __main__ - DEBUG - Iter 2: ELBO after FB: 33123422.1262 (LL 73912.8000, Δ=0.0000)
2025-09-28 03:59:47,674 - __main__ - DEBUG - Blending stats with ρ_niw=0.0500, ρ_tr=0.0500.
2025-09-28 03:59:47,717 - __main__ - DEBUG - Iter 2: ELBO after NIW update: 33123422.1262 (Emit LL 74428.5355, NIW term -17686.5645, Δ=0.0000)
2025-09-28 03:59:47,760 - __main__ - DEBUG - Iter 2: ELBO after Dirichlet update: 33357230.1294 (Trans LL -5.6188, Dir term 33301022.0000, Δ=233808.0031)
2025-09-28 03:59:47,820 - __main__ - DEBUG - Iter 2: ELBO after β update: 49580615.9418 (Init LL -510.2581, Dir term 49524408.0000, logp(β) -18.1528, Δ=16223385.8125)
2025-09-28 03:59:52,279 - __main__ - DEBUG - Iter 3: ELBO after FB: 49580615.9418 (LL 73912.6591, Δ=0.0000)
2025-09-28 03:59:52,280 - __main__ - DEBUG - Blending stats with ρ_niw=0.0500, ρ_tr=0.0500.
2025-09-28 03:59:52,324 - __main__ - DEBUG - Iter 3: ELBO after NIW update: 49580615.9418 (Emit LL 74428.5355, NIW term -17686.5645, Δ=0.0000)
2025-09-28 03:59:52,368 - __main__ - DEBUG - Iter 3: ELBO after Dirichlet update: 49808487.9450 (Trans LL -5.6156, Dir term 49752280.0000, Δ=227872.0031)
2025-09-28 03:59:52,428 - __main__ - DEBUG - Iter 3: ELBO after β update: 65902535.7534 (Init LL -510.4059, Dir term 65846328.0000, logp(β) -18.1965, Δ=16094047.8084)
2025-09-28 03:59:56,892 - __main__ - DEBUG - Iter 4: ELBO after FB: 65902535.7534 (LL 73912.5144, Δ=0.0000)
2025-09-28 03:59:56,893 - __main__ - DEBUG - Blending stats with ρ_niw=0.0500, ρ_tr=0.0500.
2025-09-28 03:59:56,937 - __main__ - DEBUG - Iter 4: ELBO after NIW update: 65902535.7534 (Emit LL 74428.5355, NIW term -17686.5645, Δ=0.0000)
2025-09-28 03:59:56,980 - __main__ - DEBUG - Iter 4: ELBO after Dirichlet update: 65325043.7555 (Trans LL -5.6135, Dir term 65268836.0000, Δ=-577491.9979)
2025-09-28 03:59:57,040 - __main__ - DEBUG - Iter 4: ELBO after β update: 81299279.5597 (Init LL -510.5577, Dir term 81243072.0000, logp(β) -18.2405, Δ=15974235.8043)
2025-09-28 03:59:57,042 - __main__ - INFO -    HMM refresh complete: ELBO=926.2659, iters=0, max iters, states=40
2025-09-28 03:59:57,042 - __main__ - INFO -    ✅ HMM updated (next in 12,000 steps)
2025-09-28 03:59:57,042 - __main__ - INFO - 🔄 VAE refresh starting at step 125,952 with replay size 8x1536
2025-09-28 03:59:57,043 - __main__ - INFO -    Using span sampling (12288 timesteps, too large for full buffer)
2025-09-28 04:00:17,707 - __main__ - INFO -    VAE refresh complete: final_loss=2687.2722, avg_loss=2687.1971, steps=4/4, trend=stable, total_timesteps=12288, span_sampling=32_requested×4_steps, span_len=64
2025-09-28 04:00:17,709 - __main__ - INFO -    ✅ VAE updated (next in 12,000 steps)
2025-09-28 04:00:19,869 - __main__ - INFO - 📊 Episodes completed this rollout: 5
2025-09-28 04:00:19,870 - __main__ - INFO - 📈 Episode stats: avg return = 0.47, avg length = 203.2
2025-09-28 04:00:19,870 - __main__ - INFO - 🎯 Top 3 training actions: #1(46251), #5(21260), #0(21076)
2025-09-28 04:00:23,002 - __main__ - INFO - 📊 Episodes completed this rollout: 3
2025-09-28 04:00:23,002 - __main__ - INFO - 📈 Episode stats: avg return = 0.53, avg length = 186.3
2025-09-28 04:00:23,003 - __main__ - INFO - 🎯 Top 3 training actions: #1(46613), #5(21412), #0(21200)
2025-09-28 04:00:26,163 - __main__ - INFO - 📊 Episodes completed this rollout: 6
2025-09-28 04:00:26,164 - __main__ - INFO - 📈 Episode stats: avg return = 0.23, avg length = 265.5
2025-09-28 04:00:26,164 - __main__ - INFO - 🎯 Top 3 training actions: #1(47001), #5(21554), #0(21313)
2025-09-28 04:00:29,285 - __main__ - INFO - 📊 Episodes completed this rollout: 2
2025-09-28 04:00:29,285 - __main__ - INFO - 📈 Episode stats: avg return = 0.38, avg length = 241.5
2025-09-28 04:00:29,286 - __main__ - INFO - 🎯 Top 3 training actions: #1(47392), #5(21705), #0(21446)
2025-09-28 04:00:30,272 - __main__ - INFO - 🧪 Starting evaluation with 50 episodes...
2025-09-28 04:00:30,272 - __main__ - INFO -    Eval seed: 51
2025-09-28 04:00:30,272 - __main__ - INFO -    Max episode steps (eval): env default
2025-09-28 04:00:30,273 - nle.env.base - INFO - Not saving any NLE data.
2025-09-28 04:00:35,081 - __main__ - WARNING - ⚠️ Episode 2 terminated due to step limit.
2025-09-28 04:00:38,829 - __main__ - DEBUG - 🎯 Eval HMM masking: step 250 masked due to negative reward
2025-09-28 04:00:42,967 - __main__ - WARNING - ⚠️ Episode 5 terminated due to step limit.
2025-09-28 04:00:44,163 - __main__ - DEBUG - 🎯 Eval HMM masking: step 100 masked due to negative reward
2025-09-28 04:00:46,693 - __main__ - WARNING - ⚠️ Episode 6 terminated due to step limit.
2025-09-28 04:00:50,457 - __main__ - WARNING - ⚠️ Episode 7 terminated due to step limit.
2025-09-28 04:00:54,672 - __main__ - WARNING - ⚠️ Episode 9 terminated due to step limit.
2025-09-28 04:00:59,512 - __main__ - WARNING - ⚠️ Episode 12 terminated due to step limit.
2025-09-28 04:01:02,353 - __main__ - DEBUG - 🎯 Eval HMM masking: step 200 masked due to negative reward
2025-09-28 04:01:03,868 - __main__ - WARNING - ⚠️ Episode 14 terminated due to step limit.
2025-09-28 04:01:08,140 - __main__ - WARNING - ⚠️ Episode 16 terminated due to step limit.
2025-09-28 04:01:11,881 - __main__ - WARNING - ⚠️ Episode 17 terminated due to step limit.
2025-09-28 04:01:13,075 - __main__ - DEBUG - 🎯 Eval HMM masking: step 100 masked due to negative reward
2025-09-28 04:01:15,022 - __main__ - DEBUG - 🎯 Eval HMM masking: step 150 masked due to negative reward
2025-09-28 04:01:15,529 - __main__ - DEBUG - 🎯 Eval HMM masking: step 200 masked due to negative reward
2025-09-28 04:01:17,043 - __main__ - WARNING - ⚠️ Episode 19 terminated due to step limit.
2025-09-28 04:01:20,746 - __main__ - WARNING - ⚠️ Episode 20 terminated due to step limit.
2025-09-28 04:01:25,897 - __main__ - WARNING - ⚠️ Episode 22 terminated due to step limit.
2025-09-28 04:01:29,625 - __main__ - WARNING - ⚠️ Episode 23 terminated due to step limit.
2025-09-28 04:01:31,327 - __main__ - DEBUG - 🎯 Eval HMM masking: step 150 masked due to negative reward
2025-09-28 04:01:33,356 - __main__ - WARNING - ⚠️ Episode 24 terminated due to step limit.
2025-09-28 04:01:37,037 - __main__ - WARNING - ⚠️ Episode 25 terminated due to step limit.
2025-09-28 04:01:42,050 - __main__ - DEBUG - 🎯 Eval HMM masking: step 150 masked due to negative reward
2025-09-28 04:01:46,466 - __main__ - WARNING - ⚠️ Episode 28 terminated due to step limit.
2025-09-28 04:01:50,212 - __main__ - WARNING - ⚠️ Episode 29 terminated due to step limit.
2025-09-28 04:01:54,657 - __main__ - WARNING - ⚠️ Episode 31 terminated due to step limit.
2025-09-28 04:01:55,341 - __main__ - DEBUG - 🎯 Eval HMM masking: step 50 masked due to negative reward
2025-09-28 04:01:59,087 - __main__ - WARNING - ⚠️ Episode 33 terminated due to step limit.
2025-09-28 04:02:00,790 - __main__ - DEBUG - 🎯 Eval HMM masking: step 150 masked due to negative reward
2025-09-28 04:02:04,727 - __main__ - WARNING - ⚠️ Episode 35 terminated due to step limit.
2025-09-28 04:02:08,440 - __main__ - WARNING - ⚠️ Episode 36 terminated due to step limit.
2025-09-28 04:02:09,122 - __main__ - DEBUG - 🎯 Eval HMM masking: step 50 masked due to negative reward
2025-09-28 04:02:12,676 - __main__ - WARNING - ⚠️ Episode 38 terminated due to step limit.
2025-09-28 04:02:17,167 - __main__ - DEBUG - 🎯 Eval HMM masking: step 150 masked due to negative reward
2025-09-28 04:02:19,190 - __main__ - WARNING - ⚠️ Episode 41 terminated due to step limit.
2025-09-28 04:02:19,876 - __main__ - DEBUG - 🎯 Eval HMM masking: step 50 masked due to negative reward
2025-09-28 04:02:23,960 - __main__ - WARNING - ⚠️ Episode 43 terminated due to step limit.
2025-09-28 04:02:27,675 - __main__ - WARNING - ⚠️ Episode 44 terminated due to step limit.
2025-09-28 04:02:28,864 - __main__ - DEBUG - 🎯 Eval HMM masking: step 100 masked due to negative reward
2025-09-28 04:02:32,915 - __main__ - WARNING - ⚠️ Episode 46 terminated due to step limit.
2025-09-28 04:02:38,608 - __main__ - WARNING - ⚠️ Episode 48 terminated due to step limit.
2025-09-28 04:02:42,326 - __main__ - WARNING - ⚠️ Episode 49 terminated due to step limit.
2025-09-28 04:02:45,990 - __main__ - WARNING - ⚠️ Episode 50 terminated due to step limit.
2025-09-28 04:02:46,167 - __main__ - INFO - 📊 Evaluation Results (Current Round):
2025-09-28 04:02:46,167 - __main__ - INFO -    Episodes: 50
2025-09-28 04:02:46,167 - __main__ - INFO -    Time: 135.9s (2.7s/ep)
2025-09-28 04:02:46,168 - __main__ - INFO -    Average Return: 0.223 ± 0.538
2025-09-28 04:02:46,168 - __main__ - INFO -    Success Rate: 42.0%
2025-09-28 04:02:46,168 - __main__ - INFO -    Average Length: 255.8
2025-09-28 04:02:46,168 - __main__ - INFO -    Average Coverage: 37.4 positions
2025-09-28 04:02:46,168 - __main__ - INFO -    Episode Completions: 21 terminated (42.0%), 29 truncated (58.0%)
2025-09-28 04:02:46,168 - __main__ - INFO - 📈 Total Evaluation Statistics:
2025-09-28 04:02:46,168 - __main__ - INFO -    Total Episodes: 650
2025-09-28 04:02:46,168 - __main__ - INFO -    Total Average Return: 0.178 ± 0.532
2025-09-28 04:02:46,168 - __main__ - INFO -    Total Average Length: 263.4 ± 115.0
2025-09-28 04:02:46,169 - __main__ - INFO -    Total Completions: 270 terminated (41.5%), 380 truncated (58.5%)
2025-09-28 04:02:46,169 - __main__ - INFO -    Skill Entropy: 0.001
2025-09-28 04:02:46,169 - __main__ - INFO -    Used Skills: 3.8
2025-09-28 04:02:46,169 - __main__ - INFO -    Effective K: 1.67
2025-09-28 04:02:46,169 - __main__ - INFO - 🎯 Action Usage Statistics:
2025-09-28 04:02:46,169 - __main__ - INFO -    Unique actions in evaluation: 8
2025-09-28 04:02:46,169 - __main__ - INFO -    Unique actions in training: 8
2025-09-28 04:02:46,169 - __main__ - INFO -    Total unique actions: 8
2025-09-28 04:02:46,170 - __main__ - INFO -    Action coverage: 6.6%
2025-09-28 04:02:46,170 - __main__ - INFO -    Train action count: 130048
2025-09-28 04:02:46,170 - __main__ - INFO -    Eval action count: 171240
2025-09-28 04:02:46,170 - __main__ - INFO -    Train action entropy: 1.711
2025-09-28 04:02:46,171 - __main__ - INFO -    Eval action entropy: 1.713
2025-09-28 04:02:46,171 - __main__ - INFO -    Top 3 train actions: #1(47392), #5(21705), #0(21446)
2025-09-28 04:02:46,171 - __main__ - INFO -    Top 3 eval actions: #1(60934), #5(30019), #3(28932)
2025-09-28 04:02:48,357 - __main__ - INFO - 📊 Episodes completed this rollout: 6
2025-09-28 04:02:48,357 - __main__ - INFO - 📈 Episode stats: avg return = -0.04, avg length = 303.2
2025-09-28 04:02:48,358 - __main__ - INFO - 🎯 Top 3 training actions: #1(47779), #5(21830), #0(21567)
2025-09-28 04:02:51,494 - __main__ - INFO - 📊 Episodes completed this rollout: 2
2025-09-28 04:02:51,494 - __main__ - INFO - 📈 Episode stats: avg return = -0.23, avg length = 350.0
2025-09-28 04:02:51,494 - __main__ - INFO - 🎯 Top 3 training actions: #1(48166), #5(21967), #0(21694)
2025-09-28 04:02:54,611 - __main__ - INFO - 📊 Episodes completed this rollout: 2
2025-09-28 04:02:54,611 - __main__ - INFO - 📈 Episode stats: avg return = 0.32, avg length = 286.0
2025-09-28 04:02:54,611 - __main__ - INFO - 🎯 Top 3 training actions: #1(48581), #5(22107), #0(21812)
2025-09-28 04:02:57,768 - __main__ - INFO - 📊 Episodes completed this rollout: 5
2025-09-28 04:02:57,769 - __main__ - INFO - 📈 Episode stats: avg return = 0.03, avg length = 286.4
2025-09-28 04:02:57,769 - __main__ - INFO - 🎯 Top 3 training actions: #1(49048), #5(22207), #0(21922)
2025-09-28 04:03:00,926 - __main__ - INFO - 📊 Episodes completed this rollout: 7
2025-09-28 04:03:00,927 - __main__ - INFO - 📈 Episode stats: avg return = 0.35, avg length = 199.9
2025-09-28 04:03:00,927 - __main__ - INFO - 🎯 Top 3 training actions: #1(49592), #5(22297), #0(22030)
2025-09-28 04:03:04,058 - __main__ - INFO - 📊 Episodes completed this rollout: 3
2025-09-28 04:03:04,058 - __main__ - INFO - 📈 Episode stats: avg return = 0.56, avg length = 179.3
2025-09-28 04:03:04,059 - __main__ - INFO - 🎯 Top 3 training actions: #1(50079), #5(22371), #0(22155)
2025-09-28 04:03:07,188 - __main__ - INFO - 📊 Episodes completed this rollout: 3
2025-09-28 04:03:07,189 - __main__ - INFO - 📈 Episode stats: avg return = 0.50, avg length = 245.0
2025-09-28 04:03:07,189 - __main__ - INFO - 🎯 Top 3 training actions: #1(50540), #5(22483), #0(22284)
2025-09-28 04:03:10,346 - __main__ - INFO - 📊 Episodes completed this rollout: 5
2025-09-28 04:03:10,346 - __main__ - INFO - 📈 Episode stats: avg return = 0.01, avg length = 303.8
2025-09-28 04:03:10,346 - __main__ - INFO - 🎯 Top 3 training actions: #1(50973), #5(22567), #0(22425)
2025-09-28 04:03:11,334 - __main__ - INFO - 🔄 Synchronized model update at step 138,240
2025-09-28 04:03:11,335 - __main__ - INFO -    HMM interval: 12,000, VAE interval: 12,000
2025-09-28 04:03:11,335 - __main__ - INFO - 🚫 Model training masking: 960/12288 timesteps masked (7.8%) due to negative rewards (invalid actions)
2025-09-28 04:03:11,666 - __main__ - INFO - 🔄 Capping HMM batch size from 740 to 128 to prevent OOM
2025-09-28 04:03:11,667 - __main__ - INFO - 🔄 HMM refresh starting at step 138,240 with replay size 128x76
2025-09-28 04:03:15,648 - __main__ - DEBUG - Initial ELBO: 81280326.0607
2025-09-28 04:03:15,651 - __main__ - DEBUG - Relative tol: 0.0100
2025-09-28 04:03:15,652 - __main__ - DEBUG - Relative elbo_drop_tol: 0.0100
2025-09-28 04:03:15,652 - __main__ - DEBUG - - Init -510.5577
2025-09-28 04:03:15,652 - __main__ - DEBUG - - Trans -4.1364
2025-09-28 04:03:15,652 - __main__ - DEBUG - - Emit 55473.5594
2025-09-28 04:03:15,652 - __main__ - DEBUG - - Entropy 0.0004
2025-09-28 04:03:15,652 - __main__ - DEBUG - - Dir 81243072.0000
2025-09-28 04:03:15,655 - __main__ - DEBUG - - NIW -17686.5645
2025-09-28 04:03:15,655 - __main__ - DEBUG - - Beta prior -18.2405
2025-09-28 04:03:19,968 - __main__ - DEBUG - Iter 0: ELBO after FB: 81280326.0607 (LL 54958.8657, Δ=0.0000)
2025-09-28 04:03:19,969 - __main__ - DEBUG - Blending stats with ρ_niw=0.0500, ρ_tr=0.0500.
2025-09-28 04:03:20,013 - __main__ - DEBUG - Iter 0: ELBO after NIW update: 81280788.1567 (Emit LL 55904.7999, NIW term -17655.7090, Δ=462.0959)
2025-09-28 04:03:20,056 - __main__ - DEBUG - Iter 0: ELBO after Dirichlet update: 37740.0084 (Trans LL -4.1764, Dir term 23.8917, Δ=-81243048.1482)
2025-09-28 04:03:20,117 - __main__ - DEBUG - Iter 0: ELBO after β update: 15888197.9169 (Init LL -510.7133, Dir term 15850482.0000, logp(β) -18.2847, Δ=15850457.9084)
2025-09-28 04:03:24,395 - __main__ - DEBUG - Iter 1: ELBO after FB: 15888197.9169 (LL 55389.9106, Δ=0.0000)
2025-09-28 04:03:24,396 - __main__ - DEBUG - Blending stats with ρ_niw=0.0500, ρ_tr=0.0500.
2025-09-28 04:03:24,440 - __main__ - DEBUG - Iter 1: ELBO after NIW update: 15888197.9169 (Emit LL 55904.7999, NIW term -17655.7090, Δ=0.0000)
2025-09-28 04:03:24,483 - __main__ - DEBUG - Iter 1: ELBO after Dirichlet update: 16101217.9184 (Trans LL -4.1749, Dir term 16063502.0000, Δ=213020.0015)
2025-09-28 04:03:24,543 - __main__ - DEBUG - Iter 1: ELBO after β update: 31814339.7144 (Init LL -510.8728, Dir term 31776624.0000, logp(β) -18.3292, Δ=15713121.7960)
2025-09-28 04:03:28,806 - __main__ - DEBUG - Iter 2: ELBO after FB: 31814339.7144 (LL 55389.7526, Δ=0.0000)
2025-09-28 04:03:28,807 - __main__ - DEBUG - Blending stats with ρ_niw=0.0500, ρ_tr=0.0500.
2025-09-28 04:03:28,850 - __main__ - DEBUG - Iter 2: ELBO after NIW update: 31814339.7144 (Emit LL 55904.7999, NIW term -17655.7090, Δ=0.0000)
2025-09-28 04:03:28,893 - __main__ - DEBUG - Iter 2: ELBO after Dirichlet update: 32035811.7175 (Trans LL -4.1718, Dir term 31998096.0000, Δ=221472.0031)
2025-09-28 04:03:28,954 - __main__ - DEBUG - Iter 2: ELBO after β update: 47623423.5094 (Init LL -511.0361, Dir term 47585708.0000, logp(β) -18.3740, Δ=15587611.7919)
2025-09-28 04:03:33,221 - __main__ - DEBUG - Iter 3: ELBO after FB: 47623423.5094 (LL 55389.5924, Δ=0.0000)
2025-09-28 04:03:33,222 - __main__ - DEBUG - Blending stats with ρ_niw=0.0500, ρ_tr=0.0500.
2025-09-28 04:03:33,265 - __main__ - DEBUG - Iter 3: ELBO after NIW update: 47623423.5094 (Emit LL 55904.7999, NIW term -17655.7090, Δ=0.0000)
2025-09-28 04:03:33,310 - __main__ - DEBUG - Iter 3: ELBO after Dirichlet update: 47841863.5109 (Trans LL -4.1703, Dir term 47804148.0000, Δ=218440.0015)
2025-09-28 04:03:33,369 - __main__ - DEBUG - Iter 3: ELBO after β update: 63304463.2986 (Init LL -511.2034, Dir term 63266748.0000, logp(β) -18.4190, Δ=15462599.7877)
2025-09-28 04:03:37,632 - __main__ - DEBUG - Iter 4: ELBO after FB: 63304463.2986 (LL 55389.4266, Δ=0.0000)
2025-09-28 04:03:37,632 - __main__ - DEBUG - Blending stats with ρ_niw=0.0500, ρ_tr=0.0500.
2025-09-28 04:03:37,675 - __main__ - DEBUG - Iter 4: ELBO after NIW update: 63304463.2986 (Emit LL 55904.7999, NIW term -17655.7090, Δ=0.0000)
2025-09-28 04:03:37,718 - __main__ - DEBUG - Iter 4: ELBO after Dirichlet update: 62703407.3017 (Trans LL -4.1672, Dir term 62665692.0000, Δ=-601055.9969)
2025-09-28 04:03:37,778 - __main__ - DEBUG - Iter 4: ELBO after β update: 78049683.0853 (Init LL -511.3746, Dir term 78011968.0000, logp(β) -18.4643, Δ=15346275.7836)
2025-09-28 04:03:37,780 - __main__ - INFO -    HMM refresh complete: ELBO=225.9023, iters=0, max iters, states=40
2025-09-28 04:03:37,780 - __main__ - INFO -    ✅ HMM updated (next in 12,000 steps)
2025-09-28 04:03:37,780 - __main__ - INFO - 🔄 VAE refresh starting at step 138,240 with replay size 8x1536
2025-09-28 04:03:37,781 - __main__ - INFO -    Using span sampling (12288 timesteps, too large for full buffer)
2025-09-28 04:03:58,021 - __main__ - INFO -    VAE refresh complete: final_loss=2660.0828, avg_loss=2672.0733, steps=4/4, trend=improving, total_timesteps=12288, span_sampling=32_requested×4_steps, span_len=64
2025-09-28 04:03:58,023 - __main__ - INFO -    ✅ VAE updated (next in 12,000 steps)
2025-09-28 04:04:00,168 - __main__ - INFO - 📊 Episodes completed this rollout: 3
2025-09-28 04:04:00,168 - __main__ - INFO - 📈 Episode stats: avg return = 0.19, avg length = 270.0
2025-09-28 04:04:00,169 - __main__ - INFO - 🎯 Top 3 training actions: #1(51369), #5(22669), #0(22563)
2025-09-28 04:04:03,281 - __main__ - INFO - 📊 Episodes completed this rollout: 3
2025-09-28 04:04:03,281 - __main__ - INFO - 📈 Episode stats: avg return = 0.40, avg length = 268.0
2025-09-28 04:04:03,281 - __main__ - INFO - 🎯 Top 3 training actions: #1(51746), #5(22769), #3(22756)
2025-09-28 04:04:04,269 - __main__ - INFO - 🧪 Starting evaluation with 50 episodes...
2025-09-28 04:04:04,269 - __main__ - INFO -    Eval seed: 51
2025-09-28 04:04:04,269 - __main__ - INFO -    Max episode steps (eval): env default
2025-09-28 04:04:04,270 - nle.env.base - INFO - Not saving any NLE data.
2025-09-28 04:04:07,837 - __main__ - WARNING - ⚠️ Episode 1 terminated due to step limit.
2025-09-28 04:04:13,756 - __main__ - WARNING - ⚠️ Episode 3 terminated due to step limit.
2025-09-28 04:04:15,988 - __main__ - DEBUG - 🎯 Eval HMM masking: step 200 masked due to negative reward
2025-09-28 04:04:17,510 - __main__ - WARNING - ⚠️ Episode 4 terminated due to step limit.
2025-09-28 04:04:23,061 - __main__ - WARNING - ⚠️ Episode 6 terminated due to step limit.
2025-09-28 04:04:24,933 - __main__ - DEBUG - 🎯 Eval HMM masking: step 50 masked due to negative reward
2025-09-28 04:04:26,068 - __main__ - DEBUG - 🎯 Eval HMM masking: step 100 masked due to negative reward
2025-09-28 04:04:26,576 - __main__ - DEBUG - 🎯 Eval HMM masking: step 150 masked due to negative reward
2025-09-28 04:04:29,081 - __main__ - DEBUG - 🎯 Eval HMM masking: step 100 masked due to negative reward
2025-09-28 04:04:35,444 - __main__ - WARNING - ⚠️ Episode 12 terminated due to step limit.
2025-09-28 04:04:37,204 - __main__ - DEBUG - 🎯 Eval HMM masking: step 150 masked due to negative reward
2025-09-28 04:04:37,734 - __main__ - DEBUG - 🎯 Eval HMM masking: step 200 masked due to negative reward
2025-09-28 04:04:39,264 - __main__ - DEBUG - 🎯 Eval HMM masking: step 100 masked due to negative reward
2025-09-28 04:04:41,911 - __main__ - WARNING - ⚠️ Episode 14 terminated due to step limit.
2025-09-28 04:04:45,802 - __main__ - WARNING - ⚠️ Episode 15 terminated due to step limit.
2025-09-28 04:04:49,710 - __main__ - WARNING - ⚠️ Episode 16 terminated due to step limit.
2025-09-28 04:04:52,030 - __main__ - DEBUG - 🎯 Eval HMM masking: step 200 masked due to negative reward
2025-09-28 04:04:53,621 - __main__ - WARNING - ⚠️ Episode 17 terminated due to step limit.
2025-09-28 04:04:54,348 - __main__ - DEBUG - 🎯 Eval HMM masking: step 50 masked due to negative reward
2025-09-28 04:04:56,847 - __main__ - DEBUG - 🎯 Eval HMM masking: step 50 masked due to negative reward
2025-09-28 04:05:00,020 - __main__ - WARNING - ⚠️ Episode 20 terminated due to step limit.
2025-09-28 04:05:05,800 - __main__ - WARNING - ⚠️ Episode 22 terminated due to step limit.
2025-09-28 04:05:11,904 - __main__ - WARNING - ⚠️ Episode 25 terminated due to step limit.
2025-09-28 04:05:15,754 - __main__ - WARNING - ⚠️ Episode 26 terminated due to step limit.
2025-09-28 04:05:19,670 - __main__ - WARNING - ⚠️ Episode 27 terminated due to step limit.
2025-09-28 04:05:21,440 - __main__ - DEBUG - 🎯 Eval HMM masking: step 150 masked due to negative reward
2025-09-28 04:05:25,579 - __main__ - WARNING - ⚠️ Episode 29 terminated due to step limit.
2025-09-28 04:05:26,844 - __main__ - DEBUG - 🎯 Eval HMM masking: step 100 masked due to negative reward
2025-09-28 04:05:29,488 - __main__ - WARNING - ⚠️ Episode 30 terminated due to step limit.
2025-09-28 04:05:31,252 - __main__ - DEBUG - 🎯 Eval HMM masking: step 150 masked due to negative reward
2025-09-28 04:05:33,356 - __main__ - WARNING - ⚠️ Episode 31 terminated due to step limit.
2025-09-28 04:05:37,235 - __main__ - WARNING - ⚠️ Episode 32 terminated due to step limit.
2025-09-28 04:05:41,122 - __main__ - WARNING - ⚠️ Episode 33 terminated due to step limit.
2025-09-28 04:05:45,015 - __main__ - WARNING - ⚠️ Episode 34 terminated due to step limit.
2025-09-28 04:05:48,972 - __main__ - DEBUG - 🎯 Eval HMM masking: step 150 masked due to negative reward
2025-09-28 04:05:52,901 - __main__ - WARNING - ⚠️ Episode 37 terminated due to step limit.
2025-09-28 04:05:55,752 - __main__ - DEBUG - 🎯 Eval HMM masking: step 250 masked due to negative reward
2025-09-28 04:05:59,456 - __main__ - DEBUG - 🎯 Eval HMM masking: step 250 masked due to negative reward
2025-09-28 04:05:59,983 - __main__ - DEBUG - 🎯 Eval HMM masking: step 300 masked due to negative reward
2025-09-28 04:06:00,506 - __main__ - WARNING - ⚠️ Episode 39 terminated due to step limit.
2025-09-28 04:06:05,797 - __main__ - WARNING - ⚠️ Episode 41 terminated due to step limit.
2025-09-28 04:06:11,826 - __main__ - WARNING - ⚠️ Episode 44 terminated due to step limit.
2025-09-28 04:06:12,550 - __main__ - DEBUG - 🎯 Eval HMM masking: step 50 masked due to negative reward
2025-09-28 04:06:13,700 - __main__ - DEBUG - 🎯 Eval HMM masking: step 50 masked due to negative reward
2025-09-28 04:06:19,049 - __main__ - DEBUG - 🎯 Eval HMM masking: step 250 masked due to negative reward
2025-09-28 04:06:23,632 - __main__ - WARNING - ⚠️ Episode 49 terminated due to step limit.
2025-09-28 04:06:27,516 - __main__ - WARNING - ⚠️ Episode 50 terminated due to step limit.
2025-09-28 04:06:27,701 - __main__ - INFO - 📊 Evaluation Results (Current Round):
2025-09-28 04:06:27,701 - __main__ - INFO -    Episodes: 50
2025-09-28 04:06:27,701 - __main__ - INFO -    Time: 143.4s (2.9s/ep)
2025-09-28 04:06:27,701 - __main__ - INFO -    Average Return: 0.266 ± 0.524
2025-09-28 04:06:27,701 - __main__ - INFO -    Success Rate: 48.0%
2025-09-28 04:06:27,701 - __main__ - INFO -    Average Length: 260.4
2025-09-28 04:06:27,702 - __main__ - INFO -    Average Coverage: 47.5 positions
2025-09-28 04:06:27,702 - __main__ - INFO -    Episode Completions: 24 terminated (48.0%), 26 truncated (52.0%)
2025-09-28 04:06:27,702 - __main__ - INFO - 📈 Total Evaluation Statistics:
2025-09-28 04:06:27,702 - __main__ - INFO -    Total Episodes: 700
2025-09-28 04:06:27,702 - __main__ - INFO -    Total Average Return: 0.185 ± 0.532
2025-09-28 04:06:27,702 - __main__ - INFO -    Total Average Length: 263.2 ± 114.5
2025-09-28 04:06:27,702 - __main__ - INFO -    Total Completions: 294 terminated (42.0%), 406 truncated (58.0%)
2025-09-28 04:06:27,702 - __main__ - INFO -    Skill Entropy: 0.017
2025-09-28 04:06:27,702 - __main__ - INFO -    Used Skills: 3.5
2025-09-28 04:06:27,703 - __main__ - INFO -    Effective K: 2.53
2025-09-28 04:06:27,703 - __main__ - INFO - 🎯 Action Usage Statistics:
2025-09-28 04:06:27,703 - __main__ - INFO -    Unique actions in evaluation: 8
2025-09-28 04:06:27,703 - __main__ - INFO -    Unique actions in training: 8
2025-09-28 04:06:27,703 - __main__ - INFO -    Total unique actions: 8
2025-09-28 04:06:27,703 - __main__ - INFO -    Action coverage: 6.6%
2025-09-28 04:06:27,703 - __main__ - INFO -    Train action count: 140288
2025-09-28 04:06:27,703 - __main__ - INFO -    Eval action count: 184259
2025-09-28 04:06:27,704 - __main__ - INFO -    Train action entropy: 1.712
2025-09-28 04:06:27,704 - __main__ - INFO -    Eval action entropy: 1.721
2025-09-28 04:06:27,704 - __main__ - INFO -    Top 3 train actions: #1(51746), #5(22769), #3(22756)
2025-09-28 04:06:27,705 - __main__ - INFO -    Top 3 eval actions: #1(65438), #3(31703), #5(31623)
2025-09-28 04:06:29,975 - __main__ - INFO - 📊 Episodes completed this rollout: 6
2025-09-28 04:06:29,976 - __main__ - INFO - 📈 Episode stats: avg return = 0.14, avg length = 300.0
2025-09-28 04:06:29,976 - __main__ - INFO - 🎯 Top 3 training actions: #1(52108), #3(22986), #5(22872)
2025-09-28 04:06:33,192 - __main__ - INFO - 📊 Episodes completed this rollout: 2
2025-09-28 04:06:33,192 - __main__ - INFO - 📈 Episode stats: avg return = 0.40, avg length = 227.5
2025-09-28 04:06:33,193 - __main__ - INFO - 🎯 Top 3 training actions: #1(52447), #3(23181), #5(23011)
2025-09-28 04:06:36,414 - __main__ - INFO - 📊 Episodes completed this rollout: 5
2025-09-28 04:06:36,414 - __main__ - INFO - 📈 Episode stats: avg return = 0.36, avg length = 239.4
2025-09-28 04:06:36,414 - __main__ - INFO - 🎯 Top 3 training actions: #1(52843), #3(23389), #5(23149)
2025-09-28 04:06:39,656 - __main__ - INFO - 📊 Episodes completed this rollout: 4
2025-09-28 04:06:39,656 - __main__ - INFO - 📈 Episode stats: avg return = 0.18, avg length = 254.2
2025-09-28 04:06:39,656 - __main__ - INFO - 🎯 Top 3 training actions: #1(53335), #3(23577), #5(23244)
2025-09-28 04:06:42,877 - __main__ - INFO - 📊 Episodes completed this rollout: 3
2025-09-28 04:06:42,877 - __main__ - INFO - 📈 Episode stats: avg return = 0.55, avg length = 225.3
2025-09-28 04:06:42,877 - __main__ - INFO - 🎯 Top 3 training actions: #1(53813), #3(23780), #5(23361)
2025-09-28 04:06:46,139 - __main__ - INFO - 📊 Episodes completed this rollout: 5
2025-09-28 04:06:46,139 - __main__ - INFO - 📈 Episode stats: avg return = -0.15, avg length = 350.0
2025-09-28 04:06:46,139 - __main__ - INFO - 🎯 Top 3 training actions: #1(54222), #3(23983), #5(23503)
2025-09-28 04:06:49,352 - __main__ - INFO - 📊 Episodes completed this rollout: 3
2025-09-28 04:06:49,353 - __main__ - INFO - 📈 Episode stats: avg return = 0.45, avg length = 254.0
2025-09-28 04:06:49,353 - __main__ - INFO - 🎯 Top 3 training actions: #1(54622), #3(24156), #5(23664)
2025-09-28 04:06:52,596 - __main__ - INFO - 📊 Episodes completed this rollout: 4
2025-09-28 04:06:52,597 - __main__ - INFO - 📈 Episode stats: avg return = 0.32, avg length = 208.0
2025-09-28 04:06:52,597 - __main__ - INFO - 🎯 Top 3 training actions: #1(55013), #3(24333), #5(23860)
2025-09-28 04:06:55,844 - __main__ - INFO - 📊 Episodes completed this rollout: 4
2025-09-28 04:06:55,844 - __main__ - INFO - 📈 Episode stats: avg return = -0.10, avg length = 316.2
2025-09-28 04:06:55,845 - __main__ - INFO - 🎯 Top 3 training actions: #1(55402), #3(24486), #5(24087)
2025-09-28 04:06:59,063 - __main__ - INFO - 📊 Episodes completed this rollout: 1
2025-09-28 04:06:59,063 - __main__ - INFO - 📈 Episode stats: avg return = -0.30, avg length = 350.0
2025-09-28 04:06:59,063 - __main__ - INFO - 🎯 Top 3 training actions: #1(55836), #3(24606), #5(24292)
2025-09-28 04:07:00,049 - __main__ - INFO - 🔄 Synchronized model update at step 150,528
2025-09-28 04:07:00,050 - __main__ - INFO -    HMM interval: 12,000, VAE interval: 12,000
2025-09-28 04:07:00,051 - __main__ - INFO - 🚫 Model training masking: 840/12288 timesteps masked (6.8%) due to negative rewards (invalid actions)
2025-09-28 04:07:00,374 - __main__ - INFO - 🔄 Capping HMM batch size from 704 to 128 to prevent OOM
2025-09-28 04:07:00,375 - __main__ - INFO - 🔄 HMM refresh starting at step 150,528 with replay size 128x72
2025-09-28 04:07:04,176 - __main__ - DEBUG - Initial ELBO: 78057787.7982
2025-09-28 04:07:04,179 - __main__ - DEBUG - Relative tol: 0.0100
2025-09-28 04:07:04,179 - __main__ - DEBUG - Relative elbo_drop_tol: 0.0100
2025-09-28 04:07:04,179 - __main__ - DEBUG - - Init -511.3746
2025-09-28 04:07:04,179 - __main__ - DEBUG - - Trans -4.5651
2025-09-28 04:07:04,179 - __main__ - DEBUG - - Emit 64009.9107
2025-09-28 04:07:04,179 - __main__ - DEBUG - - Entropy 0.0004
2025-09-28 04:07:04,179 - __main__ - DEBUG - - Dir 78011968.0000
2025-09-28 04:07:04,179 - __main__ - DEBUG - - NIW -17655.7090
2025-09-28 04:07:04,179 - __main__ - DEBUG - - Beta prior -18.4643
2025-09-28 04:07:08,341 - __main__ - DEBUG - Iter 0: ELBO after FB: 78057787.7982 (LL 63493.9714, Δ=0.0000)
2025-09-28 04:07:08,342 - __main__ - DEBUG - Blending stats with ρ_niw=0.0500, ρ_tr=0.0500.
2025-09-28 04:07:08,386 - __main__ - DEBUG - Iter 0: ELBO after NIW update: 78058407.9347 (Emit LL 64715.4535, NIW term -17741.1152, Δ=620.1366)
2025-09-28 04:07:08,429 - __main__ - DEBUG - Iter 0: ELBO after Dirichlet update: 46438.6314 (Trans LL -4.5920, Dir term -1.2764, Δ=-78011969.3034)
2025-09-28 04:07:08,489 - __main__ - DEBUG - Iter 0: ELBO after β update: 15270924.6871 (Init LL -511.5497, Dir term 15224485.0000, logp(β) -18.5098, Δ=15224486.0558)
2025-09-28 04:07:12,767 - __main__ - DEBUG - Iter 1: ELBO after FB: 15270924.6871 (LL 64199.3121, Δ=0.0000)
2025-09-28 04:07:12,767 - __main__ - DEBUG - Blending stats with ρ_niw=0.0500, ρ_tr=0.0500.
2025-09-28 04:07:12,812 - __main__ - DEBUG - Iter 1: ELBO after NIW update: 15270924.6871 (Emit LL 64715.4535, NIW term -17741.1152, Δ=0.0000)
2025-09-28 04:07:12,857 - __main__ - DEBUG - Iter 1: ELBO after Dirichlet update: 15539395.6888 (Trans LL -4.5903, Dir term 15492956.0000, Δ=268471.0017)
2025-09-28 04:07:12,918 - __main__ - DEBUG - Iter 1: ELBO after β update: 30640915.4640 (Init LL -511.7288, Dir term 30594476.0000, logp(β) -18.5556, Δ=15101519.7752)
2025-09-28 04:07:17,242 - __main__ - DEBUG - Iter 2: ELBO after FB: 30640915.4640 (LL 64199.1348, Δ=0.0000)
2025-09-28 04:07:17,242 - __main__ - DEBUG - Blending stats with ρ_niw=0.0500, ρ_tr=0.0500.
2025-09-28 04:07:17,287 - __main__ - DEBUG - Iter 2: ELBO after NIW update: 30640915.4640 (Emit LL 64715.4535, NIW term -17741.1152, Δ=0.0000)
2025-09-28 04:07:17,332 - __main__ - DEBUG - Iter 2: ELBO after Dirichlet update: 30773359.4665 (Trans LL -4.5878, Dir term 30726920.0000, Δ=132444.0025)
2025-09-28 04:07:17,394 - __main__ - DEBUG - Iter 2: ELBO after β update: 45742051.2374 (Init LL -511.9118, Dir term 45695612.0000, logp(β) -18.6016, Δ=14968691.7709)
2025-09-28 04:07:21,712 - __main__ - DEBUG - Iter 3: ELBO after FB: 45742051.2374 (LL 64198.9543, Δ=0.0000)
2025-09-28 04:07:21,712 - __main__ - DEBUG - Blending stats with ρ_niw=0.0500, ρ_tr=0.0500.
2025-09-28 04:07:21,757 - __main__ - DEBUG - Iter 3: ELBO after NIW update: 45742051.2374 (Emit LL 64715.4535, NIW term -17741.1152, Δ=0.0000)
2025-09-28 04:07:21,804 - __main__ - DEBUG - Iter 3: ELBO after Dirichlet update: 45949547.2399 (Trans LL -4.5853, Dir term 45903108.0000, Δ=207496.0025)
2025-09-28 04:07:21,867 - __main__ - DEBUG - Iter 3: ELBO after β update: 60796339.0066 (Init LL -512.0988, Dir term 60749900.0000, logp(β) -18.6479, Δ=14846791.7667)
2025-09-28 04:07:26,167 - __main__ - DEBUG - Iter 4: ELBO after FB: 60796339.0066 (LL 64198.7698, Δ=0.0000)
2025-09-28 04:07:26,168 - __main__ - DEBUG - Blending stats with ρ_niw=0.0500, ρ_tr=0.0500.
2025-09-28 04:07:26,211 - __main__ - DEBUG - Iter 4: ELBO after NIW update: 60796339.0066 (Emit LL 64715.4535, NIW term -17741.1152, Δ=0.0000)
2025-09-28 04:07:26,254 - __main__ - DEBUG - Iter 4: ELBO after Dirichlet update: 59364791.0100 (Trans LL -4.5819, Dir term 59318352.0000, Δ=-1431547.9966)
2025-09-28 04:07:26,314 - __main__ - DEBUG - Iter 4: ELBO after β update: 74112118.7725 (Init LL -512.2898, Dir term 74065680.0000, logp(β) -18.6945, Δ=14747327.7625)
2025-09-28 04:07:26,316 - __main__ - INFO -    HMM refresh complete: ELBO=132.8929, iters=0, max iters, states=40
2025-09-28 04:07:26,316 - __main__ - INFO -    ✅ HMM updated (next in 12,000 steps)
2025-09-28 04:07:26,316 - __main__ - INFO - 🔄 VAE refresh starting at step 150,528 with replay size 8x1536
2025-09-28 04:07:26,317 - __main__ - INFO -    Using span sampling (12288 timesteps, too large for full buffer)
2025-09-28 04:07:46,612 - __main__ - INFO -    VAE refresh complete: final_loss=2670.6807, avg_loss=2675.9854, steps=4/4, trend=improving, total_timesteps=12288, span_sampling=32_requested×4_steps, span_len=64
2025-09-28 04:07:46,614 - __main__ - INFO -    ✅ VAE updated (next in 12,000 steps)
2025-09-28 04:07:46,617 - __main__ - INFO - 🧪 Starting evaluation with 50 episodes...
2025-09-28 04:07:46,617 - __main__ - INFO -    Eval seed: 51
2025-09-28 04:07:46,617 - __main__ - INFO -    Max episode steps (eval): env default
2025-09-28 04:07:46,618 - nle.env.base - INFO - Not saving any NLE data.
2025-09-28 04:07:50,262 - __main__ - WARNING - ⚠️ Episode 1 terminated due to step limit.
2025-09-28 04:07:54,871 - __main__ - WARNING - ⚠️ Episode 3 terminated due to step limit.
2025-09-28 04:07:58,677 - __main__ - WARNING - ⚠️ Episode 4 terminated due to step limit.
2025-09-28 04:08:02,495 - __main__ - WARNING - ⚠️ Episode 5 terminated due to step limit.
2025-09-28 04:08:06,239 - __main__ - WARNING - ⚠️ Episode 6 terminated due to step limit.
2025-09-28 04:08:06,944 - __main__ - DEBUG - 🎯 Eval HMM masking: step 50 masked due to negative reward
2025-09-28 04:08:10,064 - __main__ - WARNING - ⚠️ Episode 7 terminated due to step limit.
2025-09-28 04:08:13,872 - __main__ - WARNING - ⚠️ Episode 8 terminated due to step limit.
2025-09-28 04:08:14,576 - __main__ - DEBUG - 🎯 Eval HMM masking: step 50 masked due to negative reward
2025-09-28 04:08:16,653 - __main__ - DEBUG - 🎯 Eval HMM masking: step 250 masked due to negative reward
2025-09-28 04:08:17,681 - __main__ - WARNING - ⚠️ Episode 9 terminated due to step limit.
2025-09-28 04:08:18,381 - __main__ - DEBUG - 🎯 Eval HMM masking: step 50 masked due to negative reward
2025-09-28 04:08:23,129 - __main__ - DEBUG - 🎯 Eval HMM masking: step 100 masked due to negative reward
2025-09-28 04:08:25,198 - __main__ - DEBUG - 🎯 Eval HMM masking: step 300 masked due to negative reward
2025-09-28 04:08:25,709 - __main__ - WARNING - ⚠️ Episode 13 terminated due to step limit.
2025-09-28 04:08:29,531 - __main__ - WARNING - ⚠️ Episode 14 terminated due to step limit.
2025-09-28 04:08:30,743 - __main__ - DEBUG - 🎯 Eval HMM masking: step 100 masked due to negative reward
2025-09-28 04:08:31,770 - __main__ - DEBUG - 🎯 Eval HMM masking: step 200 masked due to negative reward
2025-09-28 04:08:35,713 - __main__ - WARNING - ⚠️ Episode 16 terminated due to step limit.
2025-09-28 04:08:39,490 - __main__ - WARNING - ⚠️ Episode 17 terminated due to step limit.
2025-09-28 04:08:43,804 - __main__ - WARNING - ⚠️ Episode 19 terminated due to step limit.
2025-09-28 04:08:48,607 - __main__ - WARNING - ⚠️ Episode 22 terminated due to step limit.
2025-09-28 04:08:51,213 - __main__ - DEBUG - 🎯 Eval HMM masking: step 150 masked due to negative reward
2025-09-28 04:08:52,698 - __main__ - DEBUG - 🎯 Eval HMM masking: step 100 masked due to negative reward
2025-09-28 04:08:56,450 - __main__ - WARNING - ⚠️ Episode 26 terminated due to step limit.
2025-09-28 04:09:00,253 - __main__ - WARNING - ⚠️ Episode 27 terminated due to step limit.
2025-09-28 04:09:04,066 - __main__ - WARNING - ⚠️ Episode 28 terminated due to step limit.
2025-09-28 04:09:07,876 - __main__ - WARNING - ⚠️ Episode 29 terminated due to step limit.
2025-09-28 04:09:11,694 - __main__ - WARNING - ⚠️ Episode 30 terminated due to step limit.
2025-09-28 04:09:16,219 - __main__ - DEBUG - 🎯 Eval HMM masking: step 300 masked due to negative reward
2025-09-28 04:09:16,728 - __main__ - WARNING - ⚠️ Episode 32 terminated due to step limit.
2025-09-28 04:09:18,401 - __main__ - DEBUG - 🎯 Eval HMM masking: step 50 masked due to negative reward
2025-09-28 04:09:18,909 - __main__ - DEBUG - 🎯 Eval HMM masking: step 100 masked due to negative reward
2025-09-28 04:09:23,154 - __main__ - WARNING - ⚠️ Episode 36 terminated due to step limit.
2025-09-28 04:09:24,786 - __main__ - DEBUG - 🎯 Eval HMM masking: step 50 masked due to negative reward
2025-09-28 04:09:27,887 - __main__ - WARNING - ⚠️ Episode 38 terminated due to step limit.
2025-09-28 04:09:30,675 - __main__ - DEBUG - 🎯 Eval HMM masking: step 250 masked due to negative reward
2025-09-28 04:09:31,707 - __main__ - WARNING - ⚠️ Episode 39 terminated due to step limit.
2025-09-28 04:09:32,408 - __main__ - DEBUG - 🎯 Eval HMM masking: step 50 masked due to negative reward
2025-09-28 04:09:35,137 - __main__ - DEBUG - 🎯 Eval HMM masking: step 100 masked due to negative reward
2025-09-28 04:09:35,657 - __main__ - DEBUG - 🎯 Eval HMM masking: step 150 masked due to negative reward
2025-09-28 04:09:37,714 - __main__ - WARNING - ⚠️ Episode 43 terminated due to step limit.
2025-09-28 04:09:41,473 - __main__ - WARNING - ⚠️ Episode 44 terminated due to step limit.
2025-09-28 04:09:43,219 - __main__ - DEBUG - 🎯 Eval HMM masking: step 150 masked due to negative reward
2025-09-28 04:09:44,171 - __main__ - DEBUG - 🎯 Eval HMM masking: step 50 masked due to negative reward
2025-09-28 04:09:48,376 - __main__ - WARNING - ⚠️ Episode 47 terminated due to step limit.
2025-09-28 04:09:49,598 - __main__ - DEBUG - 🎯 Eval HMM masking: step 100 masked due to negative reward
2025-09-28 04:09:51,140 - __main__ - DEBUG - 🎯 Eval HMM masking: step 250 masked due to negative reward
2025-09-28 04:09:56,286 - __main__ - WARNING - ⚠️ Episode 50 terminated due to step limit.
2025-09-28 04:09:56,464 - __main__ - INFO - 📊 Evaluation Results (Current Round):
2025-09-28 04:09:56,464 - __main__ - INFO -    Episodes: 50
2025-09-28 04:09:56,465 - __main__ - INFO -    Time: 129.8s (2.6s/ep)
2025-09-28 04:09:56,465 - __main__ - INFO -    Average Return: 0.203 ± 0.479
2025-09-28 04:09:56,465 - __main__ - INFO -    Success Rate: 46.0%
2025-09-28 04:09:56,465 - __main__ - INFO -    Average Length: 239.3
2025-09-28 04:09:56,465 - __main__ - INFO -    Average Coverage: 30.7 positions
2025-09-28 04:09:56,465 - __main__ - INFO -    Episode Completions: 23 terminated (46.0%), 27 truncated (54.0%)
2025-09-28 04:09:56,465 - __main__ - INFO - 📈 Total Evaluation Statistics:
2025-09-28 04:09:56,465 - __main__ - INFO -    Total Episodes: 750
2025-09-28 04:09:56,466 - __main__ - INFO -    Total Average Return: 0.186 ± 0.528
2025-09-28 04:09:56,466 - __main__ - INFO -    Total Average Length: 261.6 ± 115.6
2025-09-28 04:09:56,466 - __main__ - INFO -    Total Completions: 317 terminated (42.3%), 433 truncated (57.7%)
2025-09-28 04:09:56,466 - __main__ - INFO -    Skill Entropy: 0.013
2025-09-28 04:09:56,466 - __main__ - INFO -    Used Skills: 3.7
2025-09-28 04:09:56,466 - __main__ - INFO -    Effective K: 2.69
2025-09-28 04:09:56,466 - __main__ - INFO - 🎯 Action Usage Statistics:
2025-09-28 04:09:56,467 - __main__ - INFO -    Unique actions in evaluation: 8
2025-09-28 04:09:56,467 - __main__ - INFO -    Unique actions in training: 8
2025-09-28 04:09:56,467 - __main__ - INFO -    Total unique actions: 8
2025-09-28 04:09:56,467 - __main__ - INFO -    Action coverage: 6.6%
2025-09-28 04:09:56,467 - __main__ - INFO -    Train action count: 150528
2025-09-28 04:09:56,467 - __main__ - INFO -    Eval action count: 196226
2025-09-28 04:09:56,468 - __main__ - INFO -    Train action entropy: 1.712
2025-09-28 04:09:56,468 - __main__ - INFO -    Eval action entropy: 1.714
2025-09-28 04:09:56,468 - __main__ - INFO -    Top 3 train actions: #1(55836), #3(24606), #5(24292)
2025-09-28 04:09:56,468 - __main__ - INFO -    Top 3 eval actions: #1(70736), #5(33895), #3(33399)
2025-09-28 04:09:58,671 - __main__ - INFO - 📊 Episodes completed this rollout: 3
2025-09-28 04:09:58,671 - __main__ - INFO - 📈 Episode stats: avg return = -0.26, avg length = 350.0
2025-09-28 04:09:58,671 - __main__ - INFO - 🎯 Top 3 training actions: #1(56311), #3(24732), #5(24468)
2025-09-28 04:10:01,887 - __main__ - INFO - 📊 Episodes completed this rollout: 7
2025-09-28 04:10:01,887 - __main__ - INFO - 📈 Episode stats: avg return = 0.08, avg length = 276.9
2025-09-28 04:10:01,887 - __main__ - INFO - 🎯 Top 3 training actions: #1(56818), #3(24881), #5(24630)
2025-09-28 04:10:05,040 - __main__ - INFO - 📊 Episodes completed this rollout: 5
2025-09-28 04:10:05,040 - __main__ - INFO - 📈 Episode stats: avg return = 0.68, avg length = 144.0
2025-09-28 04:10:05,040 - __main__ - INFO - 🎯 Top 3 training actions: #1(57267), #3(25064), #5(24816)
2025-09-28 04:10:08,196 - __main__ - INFO - 📊 Episodes completed this rollout: 2
2025-09-28 04:10:08,196 - __main__ - INFO - 📈 Episode stats: avg return = -0.15, avg length = 350.0
2025-09-28 04:10:08,197 - __main__ - INFO - 🎯 Top 3 training actions: #1(57647), #3(25241), #5(25045)
2025-09-28 04:10:11,392 - __main__ - INFO - 📊 Episodes completed this rollout: 4
2025-09-28 04:10:11,392 - __main__ - INFO - 📈 Episode stats: avg return = 0.11, avg length = 244.8
2025-09-28 04:10:11,392 - __main__ - INFO - 🎯 Top 3 training actions: #1(57957), #3(25421), #5(25295)
2025-09-28 04:10:14,623 - __main__ - INFO - 📊 Episodes completed this rollout: 6
2025-09-28 04:10:14,623 - __main__ - INFO - 📈 Episode stats: avg return = -0.01, avg length = 294.0
2025-09-28 04:10:14,623 - __main__ - INFO - 🎯 Top 3 training actions: #1(58233), #3(25598), #5(25573)
2025-09-28 04:10:17,758 - __main__ - INFO - 📊 Episodes completed this rollout: 4
2025-09-28 04:10:17,758 - __main__ - INFO - 📈 Episode stats: avg return = 0.76, avg length = 118.2
2025-09-28 04:10:17,759 - __main__ - INFO - 🎯 Top 3 training actions: #1(58491), #5(25833), #3(25761)
2025-09-28 04:10:20,913 - __main__ - INFO - 📊 Episodes completed this rollout: 4
2025-09-28 04:10:20,913 - __main__ - INFO - 📈 Episode stats: avg return = 0.28, avg length = 213.2
2025-09-28 04:10:20,914 - __main__ - INFO - 🎯 Top 3 training actions: #1(58744), #5(26078), #3(25934)
2025-09-28 04:10:24,091 - __main__ - INFO - 📊 Episodes completed this rollout: 4
2025-09-28 04:10:24,091 - __main__ - INFO - 📈 Episode stats: avg return = -0.08, avg length = 281.2
2025-09-28 04:10:24,092 - __main__ - INFO - 🎯 Top 3 training actions: #1(59049), #5(26296), #3(26097)
2025-09-28 04:10:27,254 - __main__ - INFO - 📊 Episodes completed this rollout: 3
2025-09-28 04:10:27,255 - __main__ - INFO - 📈 Episode stats: avg return = 0.04, avg length = 324.7
2025-09-28 04:10:27,255 - __main__ - INFO - 🎯 Top 3 training actions: #1(59398), #5(26466), #3(26245)
2025-09-28 04:10:28,246 - __main__ - INFO - 🧪 Starting evaluation with 50 episodes...
2025-09-28 04:10:28,246 - __main__ - INFO -    Eval seed: 51
2025-09-28 04:10:28,246 - __main__ - INFO -    Max episode steps (eval): env default
2025-09-28 04:10:28,247 - nle.env.base - INFO - Not saving any NLE data.
2025-09-28 04:10:31,857 - __main__ - WARNING - ⚠️ Episode 1 terminated due to step limit.
2025-09-28 04:10:34,120 - __main__ - DEBUG - 🎯 Eval HMM masking: step 200 masked due to negative reward
2025-09-28 04:10:35,671 - __main__ - WARNING - ⚠️ Episode 2 terminated due to step limit.
2025-09-28 04:10:37,922 - __main__ - DEBUG - 🎯 Eval HMM masking: step 200 masked due to negative reward
2025-09-28 04:10:39,460 - __main__ - WARNING - ⚠️ Episode 3 terminated due to step limit.
2025-09-28 04:10:41,715 - __main__ - DEBUG - 🎯 Eval HMM masking: step 200 masked due to negative reward
2025-09-28 04:10:43,256 - __main__ - WARNING - ⚠️ Episode 4 terminated due to step limit.
2025-09-28 04:10:47,069 - __main__ - WARNING - ⚠️ Episode 5 terminated due to step limit.
2025-09-28 04:10:50,870 - __main__ - WARNING - ⚠️ Episode 6 terminated due to step limit.
2025-09-28 04:10:51,574 - __main__ - DEBUG - 🎯 Eval HMM masking: step 50 masked due to negative reward
2025-09-28 04:10:52,094 - __main__ - DEBUG - 🎯 Eval HMM masking: step 100 masked due to negative reward
2025-09-28 04:10:52,612 - __main__ - DEBUG - 🎯 Eval HMM masking: step 150 masked due to negative reward
2025-09-28 04:10:54,660 - __main__ - WARNING - ⚠️ Episode 7 terminated due to step limit.
2025-09-28 04:10:58,029 - __main__ - DEBUG - 🎯 Eval HMM masking: step 200 masked due to negative reward
2025-09-28 04:10:59,561 - __main__ - WARNING - ⚠️ Episode 9 terminated due to step limit.
2025-09-28 04:11:03,362 - __main__ - WARNING - ⚠️ Episode 10 terminated due to step limit.
2025-09-28 04:11:04,572 - __main__ - DEBUG - 🎯 Eval HMM masking: step 100 masked due to negative reward
2025-09-28 04:11:05,598 - __main__ - DEBUG - 🎯 Eval HMM masking: step 200 masked due to negative reward
2025-09-28 04:11:10,428 - __main__ - DEBUG - 🎯 Eval HMM masking: step 200 masked due to negative reward
2025-09-28 04:11:12,011 - __main__ - WARNING - ⚠️ Episode 13 terminated due to step limit.
2025-09-28 04:11:15,932 - __main__ - WARNING - ⚠️ Episode 14 terminated due to step limit.
2025-09-28 04:11:16,859 - __main__ - DEBUG - 🎯 Eval HMM masking: step 50 masked due to negative reward
2025-09-28 04:11:20,047 - __main__ - WARNING - ⚠️ Episode 16 terminated due to step limit.
2025-09-28 04:11:20,776 - __main__ - DEBUG - 🎯 Eval HMM masking: step 50 masked due to negative reward
2025-09-28 04:11:21,883 - __main__ - DEBUG - 🎯 Eval HMM masking: step 100 masked due to negative reward
2025-09-28 04:11:26,760 - __main__ - WARNING - ⚠️ Episode 20 terminated due to step limit.
2025-09-28 04:11:28,936 - __main__ - DEBUG - 🎯 Eval HMM masking: step 50 masked due to negative reward
2025-09-28 04:11:33,915 - __main__ - WARNING - ⚠️ Episode 23 terminated due to step limit.
2025-09-28 04:11:34,638 - __main__ - DEBUG - 🎯 Eval HMM masking: step 50 masked due to negative reward
2025-09-28 04:11:37,852 - __main__ - WARNING - ⚠️ Episode 24 terminated due to step limit.
2025-09-28 04:11:40,729 - __main__ - DEBUG - 🎯 Eval HMM masking: step 250 masked due to negative reward
2025-09-28 04:11:41,798 - __main__ - WARNING - ⚠️ Episode 25 terminated due to step limit.
2025-09-28 04:11:43,059 - __main__ - DEBUG - 🎯 Eval HMM masking: step 100 masked due to negative reward
2025-09-28 04:11:45,729 - __main__ - WARNING - ⚠️ Episode 26 terminated due to step limit.
2025-09-28 04:11:47,534 - __main__ - DEBUG - 🎯 Eval HMM masking: step 150 masked due to negative reward
2025-09-28 04:11:49,815 - __main__ - WARNING - ⚠️ Episode 27 terminated due to step limit.
2025-09-28 04:11:53,647 - __main__ - DEBUG - 🎯 Eval HMM masking: step 150 masked due to negative reward
2025-09-28 04:11:58,328 - __main__ - WARNING - ⚠️ Episode 30 terminated due to step limit.
2025-09-28 04:12:02,687 - __main__ - WARNING - ⚠️ Episode 32 terminated due to step limit.
2025-09-28 04:12:06,622 - __main__ - WARNING - ⚠️ Episode 33 terminated due to step limit.
2025-09-28 04:12:11,490 - __main__ - WARNING - ⚠️ Episode 35 terminated due to step limit.
2025-09-28 04:12:14,093 - __main__ - DEBUG - 🎯 Eval HMM masking: step 150 masked due to negative reward
2025-09-28 04:12:14,626 - __main__ - DEBUG - 🎯 Eval HMM masking: step 200 masked due to negative reward
2025-09-28 04:12:16,194 - __main__ - WARNING - ⚠️ Episode 37 terminated due to step limit.
2025-09-28 04:12:16,917 - __main__ - DEBUG - 🎯 Eval HMM masking: step 50 masked due to negative reward
2025-09-28 04:12:22,678 - __main__ - WARNING - ⚠️ Episode 39 terminated due to step limit.
2025-09-28 04:12:23,411 - __main__ - DEBUG - 🎯 Eval HMM masking: step 50 masked due to negative reward
2025-09-28 04:12:23,957 - __main__ - DEBUG - 🎯 Eval HMM masking: step 100 masked due to negative reward
2025-09-28 04:12:26,109 - __main__ - DEBUG - 🎯 Eval HMM masking: step 300 masked due to negative reward
2025-09-28 04:12:26,639 - __main__ - WARNING - ⚠️ Episode 40 terminated due to step limit.
2025-09-28 04:12:30,022 - __main__ - DEBUG - 🎯 Eval HMM masking: step 300 masked due to negative reward
2025-09-28 04:12:30,543 - __main__ - WARNING - ⚠️ Episode 41 terminated due to step limit.
2025-09-28 04:12:33,980 - __main__ - DEBUG - 🎯 Eval HMM masking: step 200 masked due to negative reward
2025-09-28 04:12:38,339 - __main__ - WARNING - ⚠️ Episode 44 terminated due to step limit.
2025-09-28 04:12:40,132 - __main__ - DEBUG - 🎯 Eval HMM masking: step 150 masked due to negative reward
2025-09-28 04:12:40,668 - __main__ - DEBUG - 🎯 Eval HMM masking: step 200 masked due to negative reward
2025-09-28 04:12:41,202 - __main__ - DEBUG - 🎯 Eval HMM masking: step 250 masked due to negative reward
2025-09-28 04:12:41,739 - __main__ - DEBUG - 🎯 Eval HMM masking: step 300 masked due to negative reward
2025-09-28 04:12:46,012 - __main__ - WARNING - ⚠️ Episode 46 terminated due to step limit.
2025-09-28 04:12:48,435 - __main__ - DEBUG - 🎯 Eval HMM masking: step 200 masked due to negative reward
2025-09-28 04:12:50,227 - __main__ - DEBUG - 🎯 Eval HMM masking: step 150 masked due to negative reward
2025-09-28 04:12:52,568 - __main__ - DEBUG - 🎯 Eval HMM masking: step 100 masked due to negative reward
2025-09-28 04:12:54,194 - __main__ - DEBUG - 🎯 Eval HMM masking: step 250 masked due to negative reward
2025-09-28 04:12:55,271 - __main__ - WARNING - ⚠️ Episode 49 terminated due to step limit.
2025-09-28 04:12:59,239 - __main__ - WARNING - ⚠️ Episode 50 terminated due to step limit.
2025-09-28 04:12:59,423 - __main__ - INFO - 📊 Evaluation Results (Current Round):
2025-09-28 04:12:59,424 - __main__ - INFO -    Episodes: 50
2025-09-28 04:12:59,424 - __main__ - INFO -    Time: 151.2s (3.0s/ep)
2025-09-28 04:12:59,424 - __main__ - INFO -    Average Return: 0.042 ± 0.579
2025-09-28 04:12:59,424 - __main__ - INFO -    Success Rate: 40.0%
2025-09-28 04:12:59,424 - __main__ - INFO -    Average Length: 271.5
2025-09-28 04:12:59,424 - __main__ - INFO -    Average Coverage: 31.1 positions
2025-09-28 04:12:59,424 - __main__ - INFO -    Episode Completions: 20 terminated (40.0%), 30 truncated (60.0%)
2025-09-28 04:12:59,424 - __main__ - INFO - 📈 Total Evaluation Statistics:
2025-09-28 04:12:59,424 - __main__ - INFO -    Total Episodes: 800
2025-09-28 04:12:59,425 - __main__ - INFO -    Total Average Return: 0.177 ± 0.533
2025-09-28 04:12:59,425 - __main__ - INFO -    Total Average Length: 262.3 ± 115.5
2025-09-28 04:12:59,425 - __main__ - INFO -    Total Completions: 337 terminated (42.1%), 463 truncated (57.9%)
2025-09-28 04:12:59,425 - __main__ - INFO -    Skill Entropy: 0.012
2025-09-28 04:12:59,425 - __main__ - INFO -    Used Skills: 3.9
2025-09-28 04:12:59,425 - __main__ - INFO -    Effective K: 2.72
2025-09-28 04:12:59,426 - __main__ - INFO - 🎯 Action Usage Statistics:
2025-09-28 04:12:59,426 - __main__ - INFO -    Unique actions in evaluation: 8
2025-09-28 04:12:59,426 - __main__ - INFO -    Unique actions in training: 8
2025-09-28 04:12:59,426 - __main__ - INFO -    Total unique actions: 8
2025-09-28 04:12:59,426 - __main__ - INFO -    Action coverage: 6.6%
2025-09-28 04:12:59,426 - __main__ - INFO -    Train action count: 160768
2025-09-28 04:12:59,426 - __main__ - INFO -    Eval action count: 209803
2025-09-28 04:12:59,427 - __main__ - INFO -    Train action entropy: 1.711
2025-09-28 04:12:59,427 - __main__ - INFO -    Eval action entropy: 1.707
2025-09-28 04:12:59,427 - __main__ - INFO -    Top 3 train actions: #1(59398), #5(26466), #3(26245)
2025-09-28 04:12:59,428 - __main__ - INFO -    Top 3 eval actions: #1(76127), #5(36013), #3(35343)
2025-09-28 04:13:01,682 - __main__ - INFO - 📊 Episodes completed this rollout: 3
2025-09-28 04:13:01,683 - __main__ - INFO - 📈 Episode stats: avg return = 0.09, avg length = 245.0
2025-09-28 04:13:01,683 - __main__ - INFO - 🎯 Top 3 training actions: #1(59817), #5(26614), #3(26382)
2025-09-28 04:13:04,973 - __main__ - INFO - 📊 Episodes completed this rollout: 4
2025-09-28 04:13:04,974 - __main__ - INFO - 📈 Episode stats: avg return = -0.40, avg length = 350.0
2025-09-28 04:13:04,974 - __main__ - INFO - 🎯 Top 3 training actions: #1(60323), #5(26749), #3(26495)
2025-09-28 04:13:05,971 - __main__ - INFO - 🔄 Synchronized model update at step 162,816
2025-09-28 04:13:05,971 - __main__ - INFO -    HMM interval: 12,000, VAE interval: 12,000
2025-09-28 04:13:05,972 - __main__ - INFO - 🚫 Model training masking: 1272/12288 timesteps masked (10.4%) due to negative rewards (invalid actions)
2025-09-28 04:13:06,298 - __main__ - INFO - 🔄 Capping HMM batch size from 824 to 128 to prevent OOM
2025-09-28 04:13:06,299 - __main__ - INFO - 🔄 HMM refresh starting at step 162,816 with replay size 128x63
2025-09-28 04:13:09,772 - __main__ - DEBUG - Initial ELBO: 74101569.7572
2025-09-28 04:13:09,774 - __main__ - DEBUG - Relative tol: 0.0100
2025-09-28 04:13:09,775 - __main__ - DEBUG - Relative elbo_drop_tol: 0.0100
2025-09-28 04:13:09,775 - __main__ - DEBUG - - Init -512.2898
2025-09-28 04:13:09,775 - __main__ - DEBUG - - Trans -3.6977
2025-09-28 04:13:09,775 - __main__ - DEBUG - - Emit 54165.5541
2025-09-28 04:13:09,775 - __main__ - DEBUG - - Entropy 0.0004
2025-09-28 04:13:09,775 - __main__ - DEBUG - - Dir 74065680.0000
2025-09-28 04:13:09,775 - __main__ - DEBUG - - NIW -17741.1152
2025-09-28 04:13:09,775 - __main__ - DEBUG - - Beta prior -18.6945
2025-09-28 04:13:13,619 - __main__ - DEBUG - Iter 0: ELBO after FB: 74101569.7572 (LL 53649.5670, Δ=0.0000)
2025-09-28 04:13:13,620 - __main__ - DEBUG - Blending stats with ρ_niw=0.0500, ρ_tr=0.0500.
2025-09-28 04:13:13,665 - __main__ - DEBUG - Iter 0: ELBO after NIW update: 74102015.9300 (Emit LL 54575.6332, NIW term -17705.0215, Δ=446.1728)
2025-09-28 04:13:13,709 - __main__ - DEBUG - Iter 0: ELBO after Dirichlet update: 36342.9853 (Trans LL -3.7507, Dir term 7.1083, Δ=-74065672.9448)
2025-09-28 04:13:13,771 - __main__ - DEBUG - Iter 0: ELBO after β update: 14651059.6352 (Init LL -512.4847, Dir term 14614724.0000, logp(β) -18.7413, Δ=14614716.6500)
2025-09-28 04:13:17,652 - __main__ - DEBUG - Iter 1: ELBO after FB: 14651059.6352 (LL 54059.3981, Δ=0.0000)
2025-09-28 04:13:17,653 - __main__ - DEBUG - Blending stats with ρ_niw=0.0500, ρ_tr=0.0500.
2025-09-28 04:13:17,697 - __main__ - DEBUG - Iter 1: ELBO after NIW update: 14651059.6352 (Emit LL 54575.6332, NIW term -17705.0215, Δ=0.0000)
2025-09-28 04:13:17,742 - __main__ - DEBUG - Iter 1: ELBO after Dirichlet update: 14908038.6386 (Trans LL -3.7473, Dir term 14871703.0000, Δ=256979.0034)
2025-09-28 04:13:17,804 - __main__ - DEBUG - Iter 1: ELBO after β update: 29402599.3926 (Init LL -512.6837, Dir term 29366264.0000, logp(β) -18.7884, Δ=14494560.7540)
2025-09-28 04:13:21,621 - __main__ - DEBUG - Iter 2: ELBO after FB: 29402599.3926 (LL 54059.2025, Δ=0.0000)
2025-09-28 04:13:21,622 - __main__ - DEBUG - Blending stats with ρ_niw=0.0500, ρ_tr=0.0500.
2025-09-28 04:13:21,666 - __main__ - DEBUG - Iter 2: ELBO after NIW update: 29402599.3926 (Emit LL 54575.6332, NIW term -17705.0215, Δ=0.0000)
2025-09-28 04:13:21,712 - __main__ - DEBUG - Iter 2: ELBO after Dirichlet update: 29657661.3947 (Trans LL -3.7453, Dir term 29621326.0000, Δ=255062.0020)
2025-09-28 04:13:21,776 - __main__ - DEBUG - Iter 2: ELBO after β update: 44033747.1443 (Init LL -512.8867, Dir term 43997412.0000, logp(β) -18.8358, Δ=14376085.7496)
2025-09-28 04:13:25,605 - __main__ - DEBUG - Iter 3: ELBO after FB: 44033747.1443 (LL 54059.0016, Δ=0.0000)
2025-09-28 04:13:25,606 - __main__ - DEBUG - Blending stats with ρ_niw=0.0500, ρ_tr=0.0500.
2025-09-28 04:13:25,651 - __main__ - DEBUG - Iter 3: ELBO after NIW update: 44033747.1443 (Emit LL 54575.6332, NIW term -17705.0215, Δ=0.0000)
2025-09-28 04:13:25,696 - __main__ - DEBUG - Iter 3: ELBO after Dirichlet update: 43469307.1470 (Trans LL -3.7426, Dir term 43432972.0000, Δ=-564439.9973)
2025-09-28 04:13:25,758 - __main__ - DEBUG - Iter 3: ELBO after β update: 57727090.8924 (Init LL -513.0937, Dir term 57690756.0000, logp(β) -18.8834, Δ=14257783.7454)
2025-09-28 04:13:29,611 - __main__ - DEBUG - Iter 4: ELBO after FB: 57727090.8924 (LL 54058.7973, Δ=0.0000)
2025-09-28 04:13:29,612 - __main__ - DEBUG - Blending stats with ρ_niw=0.0500, ρ_tr=0.0500.
2025-09-28 04:13:29,657 - __main__ - DEBUG - Iter 4: ELBO after NIW update: 57727090.8924 (Emit LL 54575.6332, NIW term -17705.0215, Δ=0.0000)
2025-09-28 04:13:29,702 - __main__ - DEBUG - Iter 4: ELBO after Dirichlet update: 56885182.8944 (Trans LL -3.7405, Dir term 56848848.0000, Δ=-841907.9980)
2025-09-28 04:13:29,763 - __main__ - DEBUG - Iter 4: ELBO after β update: 71037670.6356 (Init LL -513.3047, Dir term 71001336.0000, logp(β) -18.9313, Δ=14152487.7411)
2025-09-28 04:13:29,765 - __main__ - INFO -    HMM refresh complete: ELBO=590.0263, iters=0, max iters, states=40
2025-09-28 04:13:29,766 - __main__ - INFO -    ✅ HMM updated (next in 12,000 steps)
2025-09-28 04:13:29,766 - __main__ - INFO - 🔄 VAE refresh starting at step 162,816 with replay size 8x1536
2025-09-28 04:13:29,767 - __main__ - INFO -    Using span sampling (12288 timesteps, too large for full buffer)
2025-09-28 04:13:49,820 - __main__ - INFO -    VAE refresh complete: final_loss=2651.0457, avg_loss=2660.0016, steps=4/4, trend=improving, total_timesteps=12288, span_sampling=32_requested×4_steps, span_len=64
2025-09-28 04:13:49,822 - __main__ - INFO -    ✅ VAE updated (next in 12,000 steps)
2025-09-28 04:13:52,065 - __main__ - INFO - 📊 Episodes completed this rollout: 5
2025-09-28 04:13:52,065 - __main__ - INFO - 📈 Episode stats: avg return = 0.32, avg length = 176.4
2025-09-28 04:13:52,066 - __main__ - INFO - 🎯 Top 3 training actions: #1(60909), #5(26904), #3(26597)
2025-09-28 04:13:55,306 - __main__ - INFO - 📊 Episodes completed this rollout: 5
2025-09-28 04:13:55,306 - __main__ - INFO - 📈 Episode stats: avg return = -0.01, avg length = 255.6
2025-09-28 04:13:55,307 - __main__ - INFO - 🎯 Top 3 training actions: #1(61390), #5(27110), #3(26714)
2025-09-28 04:13:58,553 - __main__ - INFO - 📊 Episodes completed this rollout: 4
2025-09-28 04:13:58,554 - __main__ - INFO - 📈 Episode stats: avg return = 0.64, avg length = 126.2
2025-09-28 04:13:58,554 - __main__ - INFO - 🎯 Top 3 training actions: #1(61808), #5(27327), #3(26844)
2025-09-28 04:14:01,829 - __main__ - INFO - 📊 Episodes completed this rollout: 5
2025-09-28 04:14:01,830 - __main__ - INFO - 📈 Episode stats: avg return = 0.06, avg length = 294.6
2025-09-28 04:14:01,830 - __main__ - INFO - 🎯 Top 3 training actions: #1(62185), #5(27540), #3(27015)
2025-09-28 04:14:05,112 - __main__ - INFO - 📊 Episodes completed this rollout: 5
2025-09-28 04:14:05,113 - __main__ - INFO - 📈 Episode stats: avg return = 0.29, avg length = 239.8
2025-09-28 04:14:05,113 - __main__ - INFO - 🎯 Top 3 training actions: #1(62550), #5(27728), #3(27212)
2025-09-28 04:14:08,358 - __main__ - INFO - 📊 Episodes completed this rollout: 6
2025-09-28 04:14:08,359 - __main__ - INFO - 📈 Episode stats: avg return = 0.54, avg length = 213.0
2025-09-28 04:14:08,359 - __main__ - INFO - 🎯 Top 3 training actions: #1(62900), #5(27938), #3(27401)
2025-09-28 04:14:11,602 - __main__ - INFO - 📊 Episodes completed this rollout: 2
2025-09-28 04:14:11,602 - __main__ - INFO - 📈 Episode stats: avg return = 0.86, avg length = 83.5
2025-09-28 04:14:11,603 - __main__ - INFO - 🎯 Top 3 training actions: #1(63249), #5(28127), #3(27561)
2025-09-28 04:14:14,873 - __main__ - INFO - 📊 Episodes completed this rollout: 7
2025-09-28 04:14:14,874 - __main__ - INFO - 📈 Episode stats: avg return = 0.22, avg length = 237.7
2025-09-28 04:14:14,874 - __main__ - INFO - 🎯 Top 3 training actions: #1(63601), #5(28310), #3(27711)
2025-09-28 04:14:15,896 - __main__ - INFO - 🧪 Starting evaluation with 50 episodes...
2025-09-28 04:14:15,896 - __main__ - INFO -    Eval seed: 51
2025-09-28 04:14:15,896 - __main__ - INFO -    Max episode steps (eval): env default
2025-09-28 04:14:15,897 - nle.env.base - INFO - Not saving any NLE data.
2025-09-28 04:14:17,524 - __main__ - DEBUG - 🎯 Eval HMM masking: step 150 masked due to negative reward
2025-09-28 04:14:23,627 - __main__ - DEBUG - 🎯 Eval HMM masking: step 250 masked due to negative reward
2025-09-28 04:14:24,693 - __main__ - WARNING - ⚠️ Episode 4 terminated due to step limit.
2025-09-28 04:14:28,623 - __main__ - WARNING - ⚠️ Episode 5 terminated due to step limit.
2025-09-28 04:14:29,875 - __main__ - DEBUG - 🎯 Eval HMM masking: step 100 masked due to negative reward
2025-09-28 04:14:34,275 - __main__ - WARNING - ⚠️ Episode 8 terminated due to step limit.
2025-09-28 04:14:40,399 - __main__ - WARNING - ⚠️ Episode 10 terminated due to step limit.
2025-09-28 04:14:45,948 - __main__ - WARNING - ⚠️ Episode 13 terminated due to step limit.
2025-09-28 04:14:50,568 - __main__ - WARNING - ⚠️ Episode 15 terminated due to step limit.
2025-09-28 04:14:51,290 - __main__ - DEBUG - 🎯 Eval HMM masking: step 50 masked due to negative reward
2025-09-28 04:14:51,822 - __main__ - DEBUG - 🎯 Eval HMM masking: step 100 masked due to negative reward
2025-09-28 04:14:52,354 - __main__ - DEBUG - 🎯 Eval HMM masking: step 150 masked due to negative reward
2025-09-28 04:14:56,589 - __main__ - WARNING - ⚠️ Episode 17 terminated due to step limit.
2025-09-28 04:14:57,312 - __main__ - DEBUG - 🎯 Eval HMM masking: step 50 masked due to negative reward
2025-09-28 04:15:00,521 - __main__ - WARNING - ⚠️ Episode 18 terminated due to step limit.
2025-09-28 04:15:02,314 - __main__ - DEBUG - 🎯 Eval HMM masking: step 150 masked due to negative reward
2025-09-28 04:15:02,846 - __main__ - DEBUG - 🎯 Eval HMM masking: step 200 masked due to negative reward
2025-09-28 04:15:03,379 - __main__ - DEBUG - 🎯 Eval HMM masking: step 250 masked due to negative reward
2025-09-28 04:15:07,333 - __main__ - WARNING - ⚠️ Episode 20 terminated due to step limit.
2025-09-28 04:15:08,588 - __main__ - DEBUG - 🎯 Eval HMM masking: step 100 masked due to negative reward
2025-09-28 04:15:14,392 - __main__ - WARNING - ⚠️ Episode 23 terminated due to step limit.
2025-09-28 04:15:18,312 - __main__ - WARNING - ⚠️ Episode 24 terminated due to step limit.
2025-09-28 04:15:22,255 - __main__ - WARNING - ⚠️ Episode 25 terminated due to step limit.
2025-09-28 04:15:26,177 - __main__ - WARNING - ⚠️ Episode 26 terminated due to step limit.
2025-09-28 04:15:29,557 - __main__ - DEBUG - 🎯 Eval HMM masking: step 200 masked due to negative reward
2025-09-28 04:15:31,147 - __main__ - WARNING - ⚠️ Episode 28 terminated due to step limit.
2025-09-28 04:15:35,072 - __main__ - WARNING - ⚠️ Episode 29 terminated due to step limit.
2025-09-28 04:15:37,404 - __main__ - DEBUG - 🎯 Eval HMM masking: step 200 masked due to negative reward
2025-09-28 04:15:38,998 - __main__ - WARNING - ⚠️ Episode 30 terminated due to step limit.
2025-09-28 04:15:39,720 - __main__ - DEBUG - 🎯 Eval HMM masking: step 50 masked due to negative reward
2025-09-28 04:15:42,912 - __main__ - WARNING - ⚠️ Episode 31 terminated due to step limit.
2025-09-28 04:15:46,842 - __main__ - WARNING - ⚠️ Episode 32 terminated due to step limit.
2025-09-28 04:15:50,785 - __main__ - WARNING - ⚠️ Episode 33 terminated due to step limit.
2025-09-28 04:15:57,084 - __main__ - WARNING - ⚠️ Episode 36 terminated due to step limit.
2025-09-28 04:15:58,345 - __main__ - DEBUG - 🎯 Eval HMM masking: step 100 masked due to negative reward
2025-09-28 04:15:59,071 - __main__ - DEBUG - 🎯 Eval HMM masking: step 50 masked due to negative reward
2025-09-28 04:16:02,291 - __main__ - WARNING - ⚠️ Episode 38 terminated due to step limit.
2025-09-28 04:16:05,684 - __main__ - DEBUG - 🎯 Eval HMM masking: step 300 masked due to negative reward
2025-09-28 04:16:06,208 - __main__ - WARNING - ⚠️ Episode 39 terminated due to step limit.
2025-09-28 04:16:10,152 - __main__ - WARNING - ⚠️ Episode 40 terminated due to step limit.
2025-09-28 04:16:15,101 - __main__ - WARNING - ⚠️ Episode 42 terminated due to step limit.
2025-09-28 04:16:17,436 - __main__ - DEBUG - 🎯 Eval HMM masking: step 200 masked due to negative reward
2025-09-28 04:16:19,030 - __main__ - WARNING - ⚠️ Episode 43 terminated due to step limit.
2025-09-28 04:16:22,986 - __main__ - WARNING - ⚠️ Episode 44 terminated due to step limit.
2025-09-28 04:16:25,319 - __main__ - DEBUG - 🎯 Eval HMM masking: step 200 masked due to negative reward
2025-09-28 04:16:26,920 - __main__ - WARNING - ⚠️ Episode 45 terminated due to step limit.
2025-09-28 04:16:29,254 - __main__ - DEBUG - 🎯 Eval HMM masking: step 200 masked due to negative reward
2025-09-28 04:16:30,859 - __main__ - WARNING - ⚠️ Episode 46 terminated due to step limit.
2025-09-28 04:16:33,728 - __main__ - DEBUG - 🎯 Eval HMM masking: step 250 masked due to negative reward
2025-09-28 04:16:34,792 - __main__ - WARNING - ⚠️ Episode 47 terminated due to step limit.
2025-09-28 04:16:38,749 - __main__ - WARNING - ⚠️ Episode 48 terminated due to step limit.
2025-09-28 04:16:42,657 - __main__ - WARNING - ⚠️ Episode 49 terminated due to step limit.
2025-09-28 04:16:44,932 - __main__ - INFO - 📊 Evaluation Results (Current Round):
2025-09-28 04:16:44,932 - __main__ - INFO -    Episodes: 50
2025-09-28 04:16:44,932 - __main__ - INFO -    Time: 149.0s (3.0s/ep)
2025-09-28 04:16:44,932 - __main__ - INFO -    Average Return: 0.083 ± 0.516
2025-09-28 04:16:44,933 - __main__ - INFO -    Success Rate: 38.0%
2025-09-28 04:16:44,933 - __main__ - INFO -    Average Length: 266.0
2025-09-28 04:16:44,933 - __main__ - INFO -    Average Coverage: 35.1 positions
2025-09-28 04:16:44,933 - __main__ - INFO -    Episode Completions: 19 terminated (38.0%), 31 truncated (62.0%)
2025-09-28 04:16:44,933 - __main__ - INFO - 📈 Total Evaluation Statistics:
2025-09-28 04:16:44,933 - __main__ - INFO -    Total Episodes: 850
2025-09-28 04:16:44,933 - __main__ - INFO -    Total Average Return: 0.171 ± 0.532
2025-09-28 04:16:44,934 - __main__ - INFO -    Total Average Length: 262.5 ± 115.4
2025-09-28 04:16:44,934 - __main__ - INFO -    Total Completions: 356 terminated (41.9%), 494 truncated (58.1%)
2025-09-28 04:16:44,934 - __main__ - INFO -    Skill Entropy: 0.012
2025-09-28 04:16:44,934 - __main__ - INFO -    Used Skills: 2.0
2025-09-28 04:16:44,934 - __main__ - INFO -    Effective K: 1.97
2025-09-28 04:16:44,934 - __main__ - INFO - 🎯 Action Usage Statistics:
2025-09-28 04:16:44,934 - __main__ - INFO -    Unique actions in evaluation: 8
2025-09-28 04:16:44,934 - __main__ - INFO -    Unique actions in training: 8
2025-09-28 04:16:44,934 - __main__ - INFO -    Total unique actions: 8
2025-09-28 04:16:44,935 - __main__ - INFO -    Action coverage: 6.6%
2025-09-28 04:16:44,935 - __main__ - INFO -    Train action count: 171008
2025-09-28 04:16:44,935 - __main__ - INFO -    Eval action count: 223105
2025-09-28 04:16:44,935 - __main__ - INFO -    Train action entropy: 1.704
2025-09-28 04:16:44,935 - __main__ - INFO -    Eval action entropy: 1.705
2025-09-28 04:16:44,936 - __main__ - INFO -    Top 3 train actions: #1(63601), #5(28310), #3(27711)
2025-09-28 04:16:44,936 - __main__ - INFO -    Top 3 eval actions: #1(80472), #5(38633), #3(37398)
2025-09-28 04:16:47,189 - __main__ - INFO - 📊 Episodes completed this rollout: 2
2025-09-28 04:16:47,190 - __main__ - INFO - 📈 Episode stats: avg return = -0.27, avg length = 350.0
2025-09-28 04:16:47,190 - __main__ - INFO - 🎯 Top 3 training actions: #1(63952), #5(28511), #3(27854)
2025-09-28 04:16:50,454 - __main__ - INFO - 📊 Episodes completed this rollout: 5
2025-09-28 04:16:50,455 - __main__ - INFO - 📈 Episode stats: avg return = 0.35, avg length = 205.8
2025-09-28 04:16:50,455 - __main__ - INFO - 🎯 Top 3 training actions: #1(64380), #5(28721), #3(27988)
2025-09-28 04:16:53,723 - __main__ - INFO - 📊 Episodes completed this rollout: 4
2025-09-28 04:16:53,724 - __main__ - INFO - 📈 Episode stats: avg return = -0.02, avg length = 275.0
2025-09-28 04:16:53,724 - __main__ - INFO - 🎯 Top 3 training actions: #1(64798), #5(28953), #3(28136)
2025-09-28 04:16:57,011 - __main__ - INFO - 📊 Episodes completed this rollout: 4
2025-09-28 04:16:57,012 - __main__ - INFO - 📈 Episode stats: avg return = -0.07, avg length = 301.5
2025-09-28 04:16:57,012 - __main__ - INFO - 🎯 Top 3 training actions: #1(65156), #5(29227), #3(28292)
2025-09-28 04:16:58,022 - __main__ - INFO - 🔄 Synchronized model update at step 175,104
2025-09-28 04:16:58,022 - __main__ - INFO -    HMM interval: 12,000, VAE interval: 12,000
2025-09-28 04:16:58,023 - __main__ - INFO - 🚫 Model training masking: 1248/12288 timesteps masked (10.2%) due to negative rewards (invalid actions)
2025-09-28 04:16:58,352 - __main__ - INFO - 🔄 Capping HMM batch size from 860 to 128 to prevent OOM
2025-09-28 04:16:58,353 - __main__ - INFO - 🔄 HMM refresh starting at step 175,104 with replay size 128x83
2025-09-28 04:17:02,925 - __main__ - DEBUG - Initial ELBO: 71047305.1330
2025-09-28 04:17:02,929 - __main__ - DEBUG - Relative tol: 0.0100
2025-09-28 04:17:02,929 - __main__ - DEBUG - Relative elbo_drop_tol: 0.0100
2025-09-28 04:17:02,929 - __main__ - DEBUG - - Init -513.3047
2025-09-28 04:17:02,929 - __main__ - DEBUG - - Trans -4.4015
2025-09-28 04:17:02,929 - __main__ - DEBUG - - Emit 64210.7915
2025-09-28 04:17:02,929 - __main__ - DEBUG - - Entropy 0.0005
2025-09-28 04:17:02,929 - __main__ - DEBUG - - Dir 71001336.0000
2025-09-28 04:17:02,929 - __main__ - DEBUG - - NIW -17705.0215
2025-09-28 04:17:02,929 - __main__ - DEBUG - - Beta prior -18.9313
2025-09-28 04:17:07,835 - __main__ - DEBUG - Iter 0: ELBO after FB: 71047305.1330 (LL 63693.0858, Δ=0.0000)
2025-09-28 04:17:07,835 - __main__ - DEBUG - Blending stats with ρ_niw=0.0500, ρ_tr=0.0500.
2025-09-28 04:17:07,882 - __main__ - DEBUG - Iter 0: ELBO after NIW update: 71048051.6531 (Emit LL 65056.1261, NIW term -17803.8359, Δ=746.5201)
2025-09-28 04:17:07,929 - __main__ - DEBUG - Iter 0: ELBO after Dirichlet update: 46708.7473 (Trans LL -4.4367, Dir term -6.8706, Δ=-71001342.9058)
2025-09-28 04:17:07,993 - __main__ - DEBUG - Iter 0: ELBO after β update: 14068302.3547 (Init LL -513.5198, Dir term 14021587.0000, logp(β) -18.9794, Δ=14021593.6073)
2025-09-28 04:17:12,906 - __main__ - DEBUG - Iter 1: ELBO after FB: 14068302.3547 (LL 64538.1700, Δ=0.0000)
2025-09-28 04:17:12,907 - __main__ - DEBUG - Blending stats with ρ_niw=0.0500, ρ_tr=0.0500.
2025-09-28 04:17:12,954 - __main__ - DEBUG - Iter 1: ELBO after NIW update: 14068302.3547 (Emit LL 65056.1261, NIW term -17803.8359, Δ=0.0000)
2025-09-28 04:17:13,001 - __main__ - DEBUG - Iter 1: ELBO after Dirichlet update: 14313313.3579 (Trans LL -4.4335, Dir term 14266598.0000, Δ=245011.0032)
2025-09-28 04:17:13,064 - __main__ - DEBUG - Iter 1: ELBO after β update: 28218519.0902 (Init LL -513.7390, Dir term 28171804.0000, logp(β) -19.0278, Δ=13905205.7324)
2025-09-28 04:17:17,962 - __main__ - DEBUG - Iter 2: ELBO after FB: 28218519.0902 (LL 64537.9540, Δ=0.0000)
2025-09-28 04:17:17,963 - __main__ - DEBUG - Blending stats with ρ_niw=0.0500, ρ_tr=0.0500.
2025-09-28 04:17:18,009 - __main__ - DEBUG - Iter 2: ELBO after NIW update: 28218519.0902 (Emit LL 65056.1261, NIW term -17803.8359, Δ=0.0000)
2025-09-28 04:17:18,055 - __main__ - DEBUG - Iter 2: ELBO after Dirichlet update: 28460235.0935 (Trans LL -4.4303, Dir term 28413520.0000, Δ=241716.0032)
2025-09-28 04:17:18,118 - __main__ - DEBUG - Iter 2: ELBO after β update: 42249294.8216 (Init LL -513.9622, Dir term 42202580.0000, logp(β) -19.0765, Δ=13789059.7281)
2025-09-28 04:17:23,040 - __main__ - DEBUG - Iter 3: ELBO after FB: 42249294.8216 (LL 64537.7340, Δ=0.0000)
2025-09-28 04:17:23,041 - __main__ - DEBUG - Blending stats with ρ_niw=0.0500, ρ_tr=0.0500.
2025-09-28 04:17:23,087 - __main__ - DEBUG - Iter 3: ELBO after NIW update: 42249294.8216 (Emit LL 65056.1261, NIW term -17803.8359, Δ=0.0000)
2025-09-28 04:17:23,133 - __main__ - DEBUG - Iter 3: ELBO after Dirichlet update: 41864434.8248 (Trans LL -4.4271, Dir term 41817720.0000, Δ=-384859.9968)
2025-09-28 04:17:23,196 - __main__ - DEBUG - Iter 3: ELBO after β update: 55549310.5484 (Init LL -514.1896, Dir term 55502596.0000, logp(β) -19.1254, Δ=13684875.7237)
2025-09-28 04:17:28,095 - __main__ - DEBUG - Iter 4: ELBO after FB: 55549310.5484 (LL 64537.5098, Δ=0.0000)
2025-09-28 04:17:28,096 - __main__ - DEBUG - Blending stats with ρ_niw=0.0500, ρ_tr=0.0500.
2025-09-28 04:17:28,142 - __main__ - DEBUG - Iter 4: ELBO after NIW update: 55549310.5484 (Emit LL 65056.1261, NIW term -17803.8359, Δ=0.0000)
2025-09-28 04:17:28,189 - __main__ - DEBUG - Iter 4: ELBO after Dirichlet update: 54499522.5524 (Trans LL -4.4231, Dir term 54452808.0000, Δ=-1049787.9960)
2025-09-28 04:17:28,252 - __main__ - DEBUG - Iter 4: ELBO after β update: 68075178.2718 (Init LL -514.4211, Dir term 68028464.0000, logp(β) -19.1746, Δ=13575655.7194)
2025-09-28 04:17:28,254 - __main__ - INFO -    HMM refresh complete: ELBO=32.6200, iters=0, max iters, states=40
2025-09-28 04:17:28,254 - __main__ - INFO -    ✅ HMM updated (next in 12,000 steps)
2025-09-28 04:17:28,254 - __main__ - INFO - 🔄 VAE refresh starting at step 175,104 with replay size 8x1536
2025-09-28 04:17:28,255 - __main__ - INFO -    Using span sampling (12288 timesteps, too large for full buffer)
2025-09-28 04:17:48,230 - __main__ - INFO -    VAE refresh complete: final_loss=2661.2671, avg_loss=2666.3486, steps=4/4, trend=improving, total_timesteps=12288, span_sampling=32_requested×4_steps, span_len=64
2025-09-28 04:17:48,232 - __main__ - INFO -    ✅ VAE updated (next in 12,000 steps)
2025-09-28 04:17:50,464 - __main__ - INFO - 📊 Episodes completed this rollout: 3
2025-09-28 04:17:50,465 - __main__ - INFO - 📈 Episode stats: avg return = 0.18, avg length = 249.7
2025-09-28 04:17:50,465 - __main__ - INFO - 🎯 Top 3 training actions: #1(65518), #5(29473), #3(28462)
2025-09-28 04:17:53,725 - __main__ - INFO - 📊 Episodes completed this rollout: 5
2025-09-28 04:17:53,725 - __main__ - INFO - 📈 Episode stats: avg return = 0.04, avg length = 275.4
2025-09-28 04:17:53,726 - __main__ - INFO - 🎯 Top 3 training actions: #1(65874), #5(29692), #3(28654)
2025-09-28 04:17:56,939 - __main__ - INFO - 📊 Episodes completed this rollout: 2
2025-09-28 04:17:56,939 - __main__ - INFO - 📈 Episode stats: avg return = 0.23, avg length = 217.0
2025-09-28 04:17:56,939 - __main__ - INFO - 🎯 Top 3 training actions: #1(66272), #5(29860), #3(28861)
2025-09-28 04:18:00,190 - __main__ - INFO - 📊 Episodes completed this rollout: 5
2025-09-28 04:18:00,191 - __main__ - INFO - 📈 Episode stats: avg return = 0.27, avg length = 273.0
2025-09-28 04:18:00,191 - __main__ - INFO - 🎯 Top 3 training actions: #1(66690), #5(29998), #3(29056)
2025-09-28 04:18:03,436 - __main__ - INFO - 📊 Episodes completed this rollout: 4
2025-09-28 04:18:03,436 - __main__ - INFO - 📈 Episode stats: avg return = 0.36, avg length = 206.8
2025-09-28 04:18:03,436 - __main__ - INFO - 🎯 Top 3 training actions: #1(67071), #5(30146), #3(29269)
2025-09-28 04:18:04,438 - __main__ - INFO - 🧪 Starting evaluation with 50 episodes...
2025-09-28 04:18:04,438 - __main__ - INFO -    Eval seed: 51
2025-09-28 04:18:04,438 - __main__ - INFO -    Max episode steps (eval): env default
2025-09-28 04:18:04,439 - nle.env.base - INFO - Not saving any NLE data.
2025-09-28 04:18:08,205 - __main__ - WARNING - ⚠️ Episode 1 terminated due to step limit.
2025-09-28 04:18:12,143 - __main__ - WARNING - ⚠️ Episode 2 terminated due to step limit.
2025-09-28 04:18:18,780 - __main__ - WARNING - ⚠️ Episode 4 terminated due to step limit.
2025-09-28 04:18:21,082 - __main__ - DEBUG - 🎯 Eval HMM masking: step 200 masked due to negative reward
2025-09-28 04:18:22,884 - __main__ - DEBUG - 🎯 Eval HMM masking: step 150 masked due to negative reward
2025-09-28 04:18:26,258 - __main__ - DEBUG - 🎯 Eval HMM masking: step 200 masked due to negative reward
2025-09-28 04:18:26,791 - __main__ - DEBUG - 🎯 Eval HMM masking: step 250 masked due to negative reward
2025-09-28 04:18:28,263 - __main__ - DEBUG - 🎯 Eval HMM masking: step 100 masked due to negative reward
2025-09-28 04:18:30,900 - __main__ - WARNING - ⚠️ Episode 9 terminated due to step limit.
2025-09-28 04:18:34,781 - __main__ - WARNING - ⚠️ Episode 10 terminated due to step limit.
2025-09-28 04:18:38,683 - __main__ - WARNING - ⚠️ Episode 11 terminated due to step limit.
2025-09-28 04:18:41,010 - __main__ - DEBUG - 🎯 Eval HMM masking: step 200 masked due to negative reward
2025-09-28 04:18:42,611 - __main__ - WARNING - ⚠️ Episode 12 terminated due to step limit.
2025-09-28 04:18:43,337 - __main__ - DEBUG - 🎯 Eval HMM masking: step 50 masked due to negative reward
2025-09-28 04:18:48,363 - __main__ - WARNING - ⚠️ Episode 14 terminated due to step limit.
2025-09-28 04:18:49,616 - __main__ - DEBUG - 🎯 Eval HMM masking: step 100 masked due to negative reward
2025-09-28 04:18:51,218 - __main__ - DEBUG - 🎯 Eval HMM masking: step 250 masked due to negative reward
2025-09-28 04:18:52,277 - __main__ - WARNING - ⚠️ Episode 15 terminated due to step limit.
2025-09-28 04:18:56,170 - __main__ - WARNING - ⚠️ Episode 16 terminated due to step limit.
2025-09-28 04:19:00,012 - __main__ - WARNING - ⚠️ Episode 17 terminated due to step limit.
2025-09-28 04:19:02,343 - __main__ - DEBUG - 🎯 Eval HMM masking: step 200 masked due to negative reward
2025-09-28 04:19:03,413 - __main__ - DEBUG - 🎯 Eval HMM masking: step 300 masked due to negative reward
2025-09-28 04:19:03,938 - __main__ - WARNING - ⚠️ Episode 18 terminated due to step limit.
2025-09-28 04:19:05,196 - __main__ - DEBUG - 🎯 Eval HMM masking: step 100 masked due to negative reward
2025-09-28 04:19:07,845 - __main__ - WARNING - ⚠️ Episode 19 terminated due to step limit.
2025-09-28 04:19:09,626 - __main__ - DEBUG - 🎯 Eval HMM masking: step 150 masked due to negative reward
2025-09-28 04:19:11,740 - __main__ - WARNING - ⚠️ Episode 20 terminated due to step limit.
2025-09-28 04:19:12,458 - __main__ - DEBUG - 🎯 Eval HMM masking: step 50 masked due to negative reward
2025-09-28 04:19:13,995 - __main__ - DEBUG - 🎯 Eval HMM masking: step 100 masked due to negative reward
2025-09-28 04:19:17,307 - __main__ - DEBUG - 🎯 Eval HMM masking: step 300 masked due to negative reward
2025-09-28 04:19:17,830 - __main__ - WARNING - ⚠️ Episode 23 terminated due to step limit.
2025-09-28 04:19:21,741 - __main__ - WARNING - ⚠️ Episode 24 terminated due to step limit.
2025-09-28 04:19:24,286 - __main__ - DEBUG - 🎯 Eval HMM masking: step 150 masked due to negative reward
2025-09-28 04:19:25,344 - __main__ - DEBUG - 🎯 Eval HMM masking: step 250 masked due to negative reward
2025-09-28 04:19:26,402 - __main__ - WARNING - ⚠️ Episode 26 terminated due to step limit.
2025-09-28 04:19:29,253 - __main__ - DEBUG - 🎯 Eval HMM masking: step 250 masked due to negative reward
2025-09-28 04:19:38,371 - __main__ - WARNING - ⚠️ Episode 32 terminated due to step limit.
2025-09-28 04:19:41,590 - __main__ - DEBUG - 🎯 Eval HMM masking: step 200 masked due to negative reward
2025-09-28 04:19:47,496 - __main__ - WARNING - ⚠️ Episode 36 terminated due to step limit.
2025-09-28 04:19:54,693 - __main__ - WARNING - ⚠️ Episode 39 terminated due to step limit.
2025-09-28 04:19:57,969 - __main__ - DEBUG - 🎯 Eval HMM masking: step 50 masked due to negative reward
2025-09-28 04:20:01,162 - __main__ - WARNING - ⚠️ Episode 41 terminated due to step limit.
2025-09-28 04:20:01,889 - __main__ - DEBUG - 🎯 Eval HMM masking: step 50 masked due to negative reward
2025-09-28 04:20:05,081 - __main__ - WARNING - ⚠️ Episode 42 terminated due to step limit.
2025-09-28 04:20:10,838 - __main__ - DEBUG - 🎯 Eval HMM masking: step 200 masked due to negative reward
2025-09-28 04:20:12,430 - __main__ - WARNING - ⚠️ Episode 45 terminated due to step limit.
2025-09-28 04:20:16,324 - __main__ - WARNING - ⚠️ Episode 46 terminated due to step limit.
2025-09-28 04:20:20,251 - __main__ - WARNING - ⚠️ Episode 47 terminated due to step limit.
2025-09-28 04:20:24,165 - __main__ - WARNING - ⚠️ Episode 48 terminated due to step limit.
2025-09-28 04:20:28,077 - __main__ - WARNING - ⚠️ Episode 49 terminated due to step limit.
2025-09-28 04:20:28,801 - __main__ - DEBUG - 🎯 Eval HMM masking: step 50 masked due to negative reward
2025-09-28 04:20:31,983 - __main__ - WARNING - ⚠️ Episode 50 terminated due to step limit.
2025-09-28 04:20:32,168 - __main__ - INFO - 📊 Evaluation Results (Current Round):
2025-09-28 04:20:32,168 - __main__ - INFO -    Episodes: 50
2025-09-28 04:20:32,168 - __main__ - INFO -    Time: 147.7s (3.0s/ep)
2025-09-28 04:20:32,168 - __main__ - INFO -    Average Return: 0.158 ± 0.574
2025-09-28 04:20:32,168 - __main__ - INFO -    Success Rate: 44.0%
2025-09-28 04:20:32,168 - __main__ - INFO -    Average Length: 264.8
2025-09-28 04:20:32,168 - __main__ - INFO -    Average Coverage: 42.2 positions
2025-09-28 04:20:32,169 - __main__ - INFO -    Episode Completions: 22 terminated (44.0%), 28 truncated (56.0%)
2025-09-28 04:20:32,169 - __main__ - INFO - 📈 Total Evaluation Statistics:
2025-09-28 04:20:32,169 - __main__ - INFO -    Total Episodes: 900
2025-09-28 04:20:32,169 - __main__ - INFO -    Total Average Return: 0.171 ± 0.535
2025-09-28 04:20:32,169 - __main__ - INFO -    Total Average Length: 262.6 ± 115.0
2025-09-28 04:20:32,169 - __main__ - INFO -    Total Completions: 378 terminated (42.0%), 522 truncated (58.0%)
2025-09-28 04:20:32,170 - __main__ - INFO -    Skill Entropy: 0.003
2025-09-28 04:20:32,170 - __main__ - INFO -    Used Skills: 2.0
2025-09-28 04:20:32,170 - __main__ - INFO -    Effective K: 1.98
2025-09-28 04:20:32,170 - __main__ - INFO - 🎯 Action Usage Statistics:
2025-09-28 04:20:32,170 - __main__ - INFO -    Unique actions in evaluation: 8
2025-09-28 04:20:32,171 - __main__ - INFO -    Unique actions in training: 8
2025-09-28 04:20:32,171 - __main__ - INFO -    Total unique actions: 8
2025-09-28 04:20:32,171 - __main__ - INFO -    Action coverage: 6.6%
2025-09-28 04:20:32,171 - __main__ - INFO -    Train action count: 180224
2025-09-28 04:20:32,171 - __main__ - INFO -    Eval action count: 236345
2025-09-28 04:20:32,171 - __main__ - INFO -    Train action entropy: 1.700
2025-09-28 04:20:32,172 - __main__ - INFO -    Eval action entropy: 1.701
2025-09-28 04:20:32,172 - __main__ - INFO -    Top 3 train actions: #1(67071), #5(30146), #3(29269)
2025-09-28 04:20:32,172 - __main__ - INFO -    Top 3 eval actions: #1(85214), #5(40557), #3(40209)
2025-09-28 04:20:34,441 - __main__ - INFO - 📊 Episodes completed this rollout: 5
2025-09-28 04:20:34,442 - __main__ - INFO - 📈 Episode stats: avg return = -0.01, avg length = 306.8
2025-09-28 04:20:34,442 - __main__ - INFO - 🎯 Top 3 training actions: #1(67437), #5(30296), #3(29483)
2025-09-28 04:20:37,687 - __main__ - INFO - 📊 Episodes completed this rollout: 4
2025-09-28 04:20:37,687 - __main__ - INFO - 📈 Episode stats: avg return = 0.29, avg length = 278.8
2025-09-28 04:20:37,687 - __main__ - INFO - 🎯 Top 3 training actions: #1(67775), #5(30438), #3(29697)
2025-09-28 04:20:40,881 - __main__ - INFO - 📊 Episodes completed this rollout: 2
2025-09-28 04:20:40,882 - __main__ - INFO - 📈 Episode stats: avg return = 0.92, avg length = 166.5
2025-09-28 04:20:40,882 - __main__ - INFO - 🎯 Top 3 training actions: #1(68118), #5(30610), #3(29912)
2025-09-28 04:20:44,128 - __main__ - INFO - 📊 Episodes completed this rollout: 5
2025-09-28 04:20:44,129 - __main__ - INFO - 📈 Episode stats: avg return = 0.12, avg length = 253.0
2025-09-28 04:20:44,129 - __main__ - INFO - 🎯 Top 3 training actions: #1(68422), #5(30784), #3(30134)
2025-09-28 04:20:47,377 - __main__ - INFO - 📊 Episodes completed this rollout: 4
2025-09-28 04:20:47,378 - __main__ - INFO - 📈 Episode stats: avg return = 0.05, avg length = 299.5
2025-09-28 04:20:47,378 - __main__ - INFO - 🎯 Top 3 training actions: #1(68718), #5(30978), #3(30350)
2025-09-28 04:20:50,606 - __main__ - INFO - 📊 Episodes completed this rollout: 5
2025-09-28 04:20:50,607 - __main__ - INFO - 📈 Episode stats: avg return = 0.65, avg length = 164.0
2025-09-28 04:20:50,607 - __main__ - INFO - 🎯 Top 3 training actions: #1(69011), #5(31168), #3(30593)
2025-09-28 04:20:53,846 - __main__ - INFO - 📊 Episodes completed this rollout: 6
2025-09-28 04:20:53,847 - __main__ - INFO - 📈 Episode stats: avg return = 0.52, avg length = 183.0
2025-09-28 04:20:53,847 - __main__ - INFO - 🎯 Top 3 training actions: #1(69385), #5(31337), #3(30792)
2025-09-28 04:20:54,847 - __main__ - INFO - 🔄 Synchronized model update at step 187,392
2025-09-28 04:20:54,847 - __main__ - INFO -    HMM interval: 12,000, VAE interval: 12,000
2025-09-28 04:20:54,848 - __main__ - INFO - 🚫 Model training masking: 840/12288 timesteps masked (6.8%) due to negative rewards (invalid actions)
2025-09-28 04:20:55,167 - __main__ - INFO - 🔄 Capping HMM batch size from 630 to 128 to prevent OOM
2025-09-28 04:20:55,168 - __main__ - INFO - 🔄 HMM refresh starting at step 187,392 with replay size 128x1536
2025-09-28 04:22:18,864 - __main__ - DEBUG - Initial ELBO: 68073732.6334
2025-09-28 04:22:18,865 - __main__ - DEBUG - Relative tol: 0.0100
2025-09-28 04:22:18,865 - __main__ - DEBUG - Relative elbo_drop_tol: 0.0100
2025-09-28 04:22:18,865 - __main__ - DEBUG - - Init -514.4211
2025-09-28 04:22:18,865 - __main__ - DEBUG - - Trans -4.4126
2025-09-28 04:22:18,865 - __main__ - DEBUG - - Emit 63610.4687
2025-09-28 04:22:18,865 - __main__ - DEBUG - - Entropy 0.0089
2025-09-28 04:22:18,865 - __main__ - DEBUG - - Dir 68028464.0000
2025-09-28 04:22:18,865 - __main__ - DEBUG - - NIW -17803.8359
2025-09-28 04:22:18,865 - __main__ - DEBUG - - Beta prior -19.1746
2025-09-28 04:23:43,240 - __main__ - DEBUG - Iter 0: ELBO after FB: 68073732.6334 (LL 63091.6439, Δ=0.0000)
2025-09-28 04:23:43,241 - __main__ - DEBUG - Blending stats with ρ_niw=0.0500, ρ_tr=0.0500.
2025-09-28 04:23:43,322 - __main__ - DEBUG - Iter 0: ELBO after NIW update: 68074661.3363 (Emit LL 64630.0798, NIW term -17894.7441, Δ=928.7029)
2025-09-28 04:23:43,404 - __main__ - DEBUG - Iter 0: ELBO after Dirichlet update: 46188.9298 (Trans LL -4.4485, Dir term -8.3706, Δ=-68028472.4065)
2025-09-28 04:23:43,504 - __main__ - DEBUG - Iter 0: ELBO after β update: 13491876.0153 (Init LL -514.6567, Dir term 13445679.0000, logp(β) -19.2240, Δ=13445687.0855)
2025-09-28 04:25:07,828 - __main__ - DEBUG - Iter 1: ELBO after FB: 13491876.0153 (LL 64110.9835, Δ=0.0000)
2025-09-28 04:25:07,828 - __main__ - DEBUG - Blending stats with ρ_niw=0.0500, ρ_tr=0.0500.
2025-09-28 04:25:07,911 - __main__ - DEBUG - Iter 1: ELBO after NIW update: 13491876.0153 (Emit LL 64630.0798, NIW term -17894.7441, Δ=0.0000)
2025-09-28 04:25:07,993 - __main__ - DEBUG - Iter 1: ELBO after Dirichlet update: 13724048.0185 (Trans LL -4.4453, Dir term 13677851.0000, Δ=232172.0032)
2025-09-28 04:25:08,092 - __main__ - DEBUG - Iter 1: ELBO after β update: 27056260.7291 (Init LL -514.8964, Dir term 27010064.0000, logp(β) -19.2738, Δ=13332212.7106)
2025-09-28 04:26:32,341 - __main__ - DEBUG - Iter 2: ELBO after FB: 27056260.7291 (LL 64110.7470, Δ=0.0000)
2025-09-28 04:26:32,342 - __main__ - DEBUG - Blending stats with ρ_niw=0.0500, ρ_tr=0.0500.
2025-09-28 04:26:32,424 - __main__ - DEBUG - Iter 2: ELBO after NIW update: 27056260.7291 (Emit LL 64630.0798, NIW term -17894.7441, Δ=0.0000)
2025-09-28 04:26:32,507 - __main__ - DEBUG - Iter 2: ELBO after Dirichlet update: 27287296.7323 (Trans LL -4.4421, Dir term 27241100.0000, Δ=231036.0032)
2025-09-28 04:26:32,606 - __main__ - DEBUG - Iter 2: ELBO after β update: 40506488.4385 (Init LL -515.1403, Dir term 40460292.0000, logp(β) -19.3237, Δ=13219191.7062)
2025-09-28 04:27:54,222 - __main__ - DEBUG - Iter 3: ELBO after FB: 40506488.4385 (LL 64110.5063, Δ=0.0000)
2025-09-28 04:27:54,223 - __main__ - DEBUG - Blending stats with ρ_niw=0.0500, ρ_tr=0.0500.
2025-09-28 04:27:54,304 - __main__ - DEBUG - Iter 3: ELBO after NIW update: 40506488.4385 (Emit LL 64630.0798, NIW term -17894.7441, Δ=0.0000)
2025-09-28 04:27:54,384 - __main__ - DEBUG - Iter 3: ELBO after Dirichlet update: 39491216.4416 (Trans LL -4.4389, Dir term 39445020.0000, Δ=-1015271.9968)
2025-09-28 04:27:54,482 - __main__ - DEBUG - Iter 3: ELBO after β update: 52625152.1434 (Init LL -515.3883, Dir term 52578956.0000, logp(β) -19.3740, Δ=13133935.7017)
2025-09-28 04:29:15,652 - __main__ - DEBUG - Iter 4: ELBO after FB: 52625152.1434 (LL 64110.2615, Δ=0.0000)
2025-09-28 04:29:15,656 - __main__ - DEBUG - Blending stats with ρ_niw=0.0500, ρ_tr=0.0500.
2025-09-28 04:29:15,736 - __main__ - DEBUG - Iter 4: ELBO after NIW update: 52625152.1434 (Emit LL 64630.0798, NIW term -17894.7441, Δ=0.0000)
2025-09-28 04:29:15,817 - __main__ - DEBUG - Iter 4: ELBO after Dirichlet update: 52409948.1473 (Trans LL -4.4349, Dir term 52363752.0000, Δ=-215203.9960)
2025-09-28 04:29:15,915 - __main__ - DEBUG - Iter 4: ELBO after β update: 65432935.8446 (Init LL -515.6405, Dir term 65386740.0000, logp(β) -19.4245, Δ=13022987.6973)
2025-09-28 04:29:15,917 - __main__ - INFO -    HMM refresh complete: ELBO=29.3904, iters=0, max iters, states=40
2025-09-28 04:29:15,917 - __main__ - INFO -    ✅ HMM updated (next in 12,000 steps)
2025-09-28 04:29:15,917 - __main__ - INFO - 🔄 VAE refresh starting at step 187,392 with replay size 8x1536
2025-09-28 04:29:15,918 - __main__ - INFO -    Using span sampling (12288 timesteps, too large for full buffer)
2025-09-28 04:29:36,374 - __main__ - INFO -    VAE refresh complete: final_loss=2594.2520, avg_loss=2588.0141, steps=4/4, trend=improving, total_timesteps=12288, span_sampling=32_requested×4_steps, span_len=64
2025-09-28 04:29:36,376 - __main__ - INFO -    ✅ VAE updated (next in 12,000 steps)
2025-09-28 04:29:38,570 - __main__ - INFO - 📊 Episodes completed this rollout: 8
2025-09-28 04:29:38,571 - __main__ - INFO - 📈 Episode stats: avg return = 0.58, avg length = 171.2
2025-09-28 04:29:38,571 - __main__ - INFO - 🎯 Top 3 training actions: #1(69761), #5(31510), #3(30976)
2025-09-28 04:29:41,698 - __main__ - INFO - 📊 Episodes completed this rollout: 1
2025-09-28 04:29:41,698 - __main__ - INFO - 📈 Episode stats: avg return = 0.90, avg length = 113.0
2025-09-28 04:29:41,698 - __main__ - INFO - 🎯 Top 3 training actions: #1(70183), #5(31677), #3(31127)
2025-09-28 04:29:44,876 - __main__ - INFO - 📊 Episodes completed this rollout: 6
2025-09-28 04:29:44,876 - __main__ - INFO - 📈 Episode stats: avg return = 0.20, avg length = 255.8
2025-09-28 04:29:44,877 - __main__ - INFO - 🎯 Top 3 training actions: #1(70593), #5(31842), #3(31275)
2025-09-28 04:29:45,864 - __main__ - INFO - 🧪 Starting evaluation with 50 episodes...
2025-09-28 04:29:45,864 - __main__ - INFO -    Eval seed: 51
2025-09-28 04:29:45,864 - __main__ - INFO -    Max episode steps (eval): env default
2025-09-28 04:29:45,865 - nle.env.base - INFO - Not saving any NLE data.
2025-09-28 04:29:47,791 - __main__ - DEBUG - 🎯 Eval HMM masking: step 100 masked due to negative reward
2025-09-28 04:29:50,385 - __main__ - WARNING - ⚠️ Episode 2 terminated due to step limit.
2025-09-28 04:29:55,186 - __main__ - WARNING - ⚠️ Episode 4 terminated due to step limit.
2025-09-28 04:29:58,999 - __main__ - WARNING - ⚠️ Episode 5 terminated due to step limit.
2025-09-28 04:30:03,168 - __main__ - WARNING - ⚠️ Episode 7 terminated due to step limit.
2025-09-28 04:30:05,452 - __main__ - DEBUG - 🎯 Eval HMM masking: step 200 masked due to negative reward
2025-09-28 04:30:07,027 - __main__ - WARNING - ⚠️ Episode 8 terminated due to step limit.
2025-09-28 04:30:14,738 - __main__ - DEBUG - 🎯 Eval HMM masking: step 300 masked due to negative reward
2025-09-28 04:30:15,248 - __main__ - WARNING - ⚠️ Episode 11 terminated due to step limit.
2025-09-28 04:30:19,072 - __main__ - WARNING - ⚠️ Episode 12 terminated due to step limit.
2025-09-28 04:30:22,888 - __main__ - WARNING - ⚠️ Episode 13 terminated due to step limit.
2025-09-28 04:30:25,136 - __main__ - DEBUG - 🎯 Eval HMM masking: step 200 masked due to negative reward
2025-09-28 04:30:26,683 - __main__ - WARNING - ⚠️ Episode 14 terminated due to step limit.
2025-09-28 04:30:30,507 - __main__ - WARNING - ⚠️ Episode 15 terminated due to step limit.
2025-09-28 04:30:32,250 - __main__ - DEBUG - 🎯 Eval HMM masking: step 150 masked due to negative reward
2025-09-28 04:30:33,291 - __main__ - DEBUG - 🎯 Eval HMM masking: step 250 masked due to negative reward
2025-09-28 04:30:33,808 - __main__ - DEBUG - 🎯 Eval HMM masking: step 300 masked due to negative reward
2025-09-28 04:30:37,663 - __main__ - WARNING - ⚠️ Episode 17 terminated due to step limit.
2025-09-28 04:30:41,485 - __main__ - WARNING - ⚠️ Episode 18 terminated due to step limit.
2025-09-28 04:30:44,260 - __main__ - DEBUG - 🎯 Eval HMM masking: step 250 masked due to negative reward
2025-09-28 04:30:45,290 - __main__ - WARNING - ⚠️ Episode 19 terminated due to step limit.
2025-09-28 04:30:46,742 - __main__ - DEBUG - 🎯 Eval HMM masking: step 50 masked due to negative reward
2025-09-28 04:30:50,686 - __main__ - WARNING - ⚠️ Episode 22 terminated due to step limit.
2025-09-28 04:30:52,961 - __main__ - DEBUG - 🎯 Eval HMM masking: step 200 masked due to negative reward
2025-09-28 04:30:53,480 - __main__ - DEBUG - 🎯 Eval HMM masking: step 250 masked due to negative reward
2025-09-28 04:30:54,005 - __main__ - DEBUG - 🎯 Eval HMM masking: step 300 masked due to negative reward
2025-09-28 04:30:54,519 - __main__ - WARNING - ⚠️ Episode 23 terminated due to step limit.
2025-09-28 04:30:58,333 - __main__ - WARNING - ⚠️ Episode 24 terminated due to step limit.
2025-09-28 04:31:06,947 - __main__ - WARNING - ⚠️ Episode 29 terminated due to step limit.
2025-09-28 04:31:11,191 - __main__ - WARNING - ⚠️ Episode 31 terminated due to step limit.
2025-09-28 04:31:12,421 - __main__ - DEBUG - 🎯 Eval HMM masking: step 100 masked due to negative reward
2025-09-28 04:31:16,557 - __main__ - WARNING - ⚠️ Episode 33 terminated due to step limit.
2025-09-28 04:31:19,614 - __main__ - DEBUG - 🎯 Eval HMM masking: step 100 masked due to negative reward
2025-09-28 04:31:27,673 - __main__ - WARNING - ⚠️ Episode 40 terminated due to step limit.
2025-09-28 04:31:31,501 - __main__ - WARNING - ⚠️ Episode 41 terminated due to step limit.
2025-09-28 04:31:35,307 - __main__ - WARNING - ⚠️ Episode 42 terminated due to step limit.
2025-09-28 04:31:39,117 - __main__ - WARNING - ⚠️ Episode 43 terminated due to step limit.
2025-09-28 04:31:42,916 - __main__ - WARNING - ⚠️ Episode 44 terminated due to step limit.
2025-09-28 04:31:49,437 - __main__ - WARNING - ⚠️ Episode 47 terminated due to step limit.
2025-09-28 04:31:50,663 - __main__ - DEBUG - 🎯 Eval HMM masking: step 100 masked due to negative reward
2025-09-28 04:31:56,336 - __main__ - WARNING - ⚠️ Episode 50 terminated due to step limit.
2025-09-28 04:31:56,517 - __main__ - INFO - 📊 Evaluation Results (Current Round):
2025-09-28 04:31:56,518 - __main__ - INFO -    Episodes: 50
2025-09-28 04:31:56,518 - __main__ - INFO -    Time: 130.7s (2.6s/ep)
2025-09-28 04:31:56,518 - __main__ - INFO -    Average Return: 0.273 ± 0.539
2025-09-28 04:31:56,519 - __main__ - INFO -    Success Rate: 48.0%
2025-09-28 04:31:56,519 - __main__ - INFO -    Average Length: 239.4
2025-09-28 04:31:56,519 - __main__ - INFO -    Average Coverage: 32.7 positions
2025-09-28 04:31:56,519 - __main__ - INFO -    Episode Completions: 24 terminated (48.0%), 26 truncated (52.0%)
2025-09-28 04:31:56,519 - __main__ - INFO - 📈 Total Evaluation Statistics:
2025-09-28 04:31:56,519 - __main__ - INFO -    Total Episodes: 950
2025-09-28 04:31:56,519 - __main__ - INFO -    Total Average Return: 0.176 ± 0.535
2025-09-28 04:31:56,520 - __main__ - INFO -    Total Average Length: 261.4 ± 115.7
2025-09-28 04:31:56,520 - __main__ - INFO -    Total Completions: 402 terminated (42.3%), 548 truncated (57.7%)
2025-09-28 04:31:56,520 - __main__ - INFO -    Skill Entropy: 0.010
2025-09-28 04:31:56,520 - __main__ - INFO -    Used Skills: 3.0
2025-09-28 04:31:56,520 - __main__ - INFO -    Effective K: 1.67
2025-09-28 04:31:56,520 - __main__ - INFO - 🎯 Action Usage Statistics:
2025-09-28 04:31:56,520 - __main__ - INFO -    Unique actions in evaluation: 8
2025-09-28 04:31:56,520 - __main__ - INFO -    Unique actions in training: 8
2025-09-28 04:31:56,520 - __main__ - INFO -    Total unique actions: 8
2025-09-28 04:31:56,520 - __main__ - INFO -    Action coverage: 6.6%
2025-09-28 04:31:56,521 - __main__ - INFO -    Train action count: 190464
2025-09-28 04:31:56,521 - __main__ - INFO -    Eval action count: 248314
2025-09-28 04:31:56,521 - __main__ - INFO -    Train action entropy: 1.699
2025-09-28 04:31:56,521 - __main__ - INFO -    Eval action entropy: 1.699
2025-09-28 04:31:56,522 - __main__ - INFO -    Top 3 train actions: #1(70593), #5(31842), #3(31275)
2025-09-28 04:31:56,522 - __main__ - INFO -    Top 3 eval actions: #1(90326), #5(42431), #3(41587)
2025-09-28 04:31:58,743 - __main__ - INFO - 📊 Episodes completed this rollout: 7
2025-09-28 04:31:58,743 - __main__ - INFO - 📈 Episode stats: avg return = 0.42, avg length = 192.1
2025-09-28 04:31:58,743 - __main__ - INFO - 🎯 Top 3 training actions: #1(71046), #5(31980), #3(31371)
2025-09-28 04:32:01,931 - __main__ - INFO - 📊 Episodes completed this rollout: 4
2025-09-28 04:32:01,931 - __main__ - INFO - 📈 Episode stats: avg return = 0.29, avg length = 223.5
2025-09-28 04:32:01,932 - __main__ - INFO - 🎯 Top 3 training actions: #1(71479), #5(32151), #3(31474)
2025-09-28 04:32:05,110 - __main__ - INFO - 📊 Episodes completed this rollout: 2
2025-09-28 04:32:05,110 - __main__ - INFO - 📈 Episode stats: avg return = -0.20, avg length = 350.0
2025-09-28 04:32:05,110 - __main__ - INFO - 🎯 Top 3 training actions: #1(71861), #5(32339), #3(31596)
2025-09-28 04:32:08,309 - __main__ - INFO - 📊 Episodes completed this rollout: 4
2025-09-28 04:32:08,309 - __main__ - INFO - 📈 Episode stats: avg return = -0.32, avg length = 350.0
2025-09-28 04:32:08,310 - __main__ - INFO - 🎯 Top 3 training actions: #1(72237), #5(32494), #3(31746)
2025-09-28 04:32:11,518 - __main__ - INFO - 📊 Episodes completed this rollout: 3
2025-09-28 04:32:11,518 - __main__ - INFO - 📈 Episode stats: avg return = -0.20, avg length = 350.0
2025-09-28 04:32:11,519 - __main__ - INFO - 🎯 Top 3 training actions: #1(72669), #5(32640), #3(31870)
2025-09-28 04:32:14,703 - __main__ - INFO - 📊 Episodes completed this rollout: 2
2025-09-28 04:32:14,703 - __main__ - INFO - 📈 Episode stats: avg return = 0.10, avg length = 268.0
2025-09-28 04:32:14,703 - __main__ - INFO - 🎯 Top 3 training actions: #1(73175), #5(32752), #3(31983)
2025-09-28 04:32:17,925 - __main__ - INFO - 📊 Episodes completed this rollout: 8
2025-09-28 04:32:17,925 - __main__ - INFO - 📈 Episode stats: avg return = 0.31, avg length = 229.0
2025-09-28 04:32:17,926 - __main__ - INFO - 🎯 Top 3 training actions: #1(73709), #5(32848), #3(32091)
2025-09-28 04:32:21,096 - __main__ - INFO - 📊 Episodes completed this rollout: 2
2025-09-28 04:32:21,096 - __main__ - INFO - 📈 Episode stats: avg return = 0.30, avg length = 203.5
2025-09-28 04:32:21,096 - __main__ - INFO - 🎯 Top 3 training actions: #1(74242), #5(32942), #3(32225)
2025-09-28 04:32:25,234 - __main__ - INFO - 🔄 Synchronized model update at step 199,680
2025-09-28 04:32:25,234 - __main__ - INFO -    HMM interval: 12,000, VAE interval: 12,000
2025-09-28 04:32:25,235 - __main__ - INFO - 🚫 Model training masking: 744/12288 timesteps masked (6.1%) due to negative rewards (invalid actions)
2025-09-28 04:32:25,552 - __main__ - INFO - 🔄 Capping HMM batch size from 572 to 128 to prevent OOM
2025-09-28 04:32:25,553 - __main__ - INFO - 🔄 HMM refresh starting at step 199,680 with replay size 128x115
2025-09-28 04:32:31,641 - __main__ - DEBUG - Initial ELBO: 65467279.2895
2025-09-28 04:32:31,646 - __main__ - DEBUG - Relative tol: 0.0100
2025-09-28 04:32:31,646 - __main__ - DEBUG - Relative elbo_drop_tol: 0.0100
2025-09-28 04:32:31,646 - __main__ - DEBUG - - Init -515.6405
2025-09-28 04:32:31,646 - __main__ - DEBUG - - Trans -7.0869
2025-09-28 04:32:31,646 - __main__ - DEBUG - - Emit 98976.1849
2025-09-28 04:32:31,646 - __main__ - DEBUG - - Entropy 0.0007
2025-09-28 04:32:31,646 - __main__ - DEBUG - - Dir 65386740.0000
2025-09-28 04:32:31,646 - __main__ - DEBUG - - NIW -17894.7441
2025-09-28 04:32:31,646 - __main__ - DEBUG - - Beta prior -19.4245
2025-09-28 04:32:38,088 - __main__ - DEBUG - Iter 0: ELBO after FB: 65467279.2895 (LL 98453.4582, Δ=0.0000)
2025-09-28 04:32:38,089 - __main__ - DEBUG - Blending stats with ρ_niw=0.0500, ρ_tr=0.0500.
2025-09-28 04:32:38,136 - __main__ - DEBUG - Iter 0: ELBO after NIW update: 65469456.5430 (Emit LL 101683.7138, NIW term -18425.0195, Δ=2177.2535)
2025-09-28 04:32:38,182 - __main__ - DEBUG - Iter 0: ELBO after Dirichlet update: 82718.0508 (Trans LL -6.9721, Dir term 1.3930, Δ=-65386738.4922)
2025-09-28 04:32:38,244 - __main__ - DEBUG - Iter 0: ELBO after β update: 12968048.3506 (Init LL -515.8969, Dir term 12885332.0000, logp(β) -19.4753, Δ=12885330.2998)
2025-09-28 04:32:44,680 - __main__ - DEBUG - Iter 1: ELBO after FB: 12968048.3506 (LL 101160.8454, Δ=0.0000)
2025-09-28 04:32:44,681 - __main__ - DEBUG - Blending stats with ρ_niw=0.0500, ρ_tr=0.0500.
2025-09-28 04:32:44,727 - __main__ - DEBUG - Iter 1: ELBO after NIW update: 12968048.3506 (Emit LL 101683.7138, NIW term -18425.0195, Δ=0.0000)
2025-09-28 04:32:44,773 - __main__ - DEBUG - Iter 1: ELBO after Dirichlet update: 13192570.3570 (Trans LL -6.9657, Dir term 13109854.0000, Δ=224522.0064)
2025-09-28 04:32:44,836 - __main__ - DEBUG - Iter 1: ELBO after β update: 25968248.0453 (Init LL -516.1575, Dir term 25885532.0000, logp(β) -19.5263, Δ=12775677.6883)
2025-09-28 04:32:51,259 - __main__ - DEBUG - Iter 2: ELBO after FB: 25968248.0453 (LL 101160.5912, Δ=0.0000)
2025-09-28 04:32:51,260 - __main__ - DEBUG - Blending stats with ρ_niw=0.0500, ρ_tr=0.0500.
2025-09-28 04:32:51,306 - __main__ - DEBUG - Iter 2: ELBO after NIW update: 25968248.0453 (Emit LL 101683.7138, NIW term -18425.0195, Δ=0.0000)
2025-09-28 04:32:51,352 - __main__ - DEBUG - Iter 2: ELBO after Dirichlet update: 26188620.0492 (Trans LL -6.9619, Dir term 26105904.0000, Δ=220372.0038)
2025-09-28 04:32:51,416 - __main__ - DEBUG - Iter 2: ELBO after β update: 38855247.7330 (Init LL -516.4224, Dir term 38772532.0000, logp(β) -19.5776, Δ=12666627.6839)
2025-09-28 04:32:57,849 - __main__ - DEBUG - Iter 3: ELBO after FB: 38855247.7330 (LL 101160.3302, Δ=0.0000)
2025-09-28 04:32:57,850 - __main__ - DEBUG - Blending stats with ρ_niw=0.0500, ρ_tr=0.0500.
2025-09-28 04:32:57,896 - __main__ - DEBUG - Iter 3: ELBO after NIW update: 38855247.7330 (Emit LL 101683.7138, NIW term -18425.0195, Δ=0.0000)
2025-09-28 04:32:57,941 - __main__ - DEBUG - Iter 3: ELBO after Dirichlet update: 37827019.7394 (Trans LL -6.9555, Dir term 37744304.0000, Δ=-1028227.9936)
2025-09-28 04:32:58,003 - __main__ - DEBUG - Iter 3: ELBO after β update: 50412763.4189 (Init LL -516.6913, Dir term 50330048.0000, logp(β) -19.6292, Δ=12585743.6794)
2025-09-28 04:33:04,412 - __main__ - DEBUG - Iter 4: ELBO after FB: 50412763.4189 (LL 101160.0676, Δ=0.0000)
2025-09-28 04:33:04,413 - __main__ - DEBUG - Blending stats with ρ_niw=0.0500, ρ_tr=0.0500.
2025-09-28 04:33:04,459 - __main__ - DEBUG - Iter 4: ELBO after NIW update: 50412763.4189 (Emit LL 101683.7138, NIW term -18425.0195, Δ=0.0000)
2025-09-28 04:33:04,505 - __main__ - DEBUG - Iter 4: ELBO after Dirichlet update: 49495487.4252 (Trans LL -6.9491, Dir term 49412772.0000, Δ=-917275.9936)
2025-09-28 04:33:04,567 - __main__ - DEBUG - Iter 4: ELBO after β update: 62021523.1001 (Init LL -516.9646, Dir term 61938808.0000, logp(β) -19.6810, Δ=12526035.6749)
2025-09-28 04:33:04,570 - __main__ - INFO -    HMM refresh complete: ELBO=214.4161, iters=0, max iters, states=40
2025-09-28 04:33:04,570 - __main__ - INFO -    ✅ HMM updated (next in 12,000 steps)
2025-09-28 04:33:04,570 - __main__ - INFO - 🔄 VAE refresh starting at step 199,680 with replay size 8x1536
2025-09-28 04:33:04,571 - __main__ - INFO -    Using span sampling (12288 timesteps, too large for full buffer)
2025-09-28 04:33:25,254 - __main__ - INFO -    VAE refresh complete: final_loss=2691.5681, avg_loss=2700.7748, steps=4/4, trend=improving, total_timesteps=12288, span_sampling=32_requested×4_steps, span_len=64
2025-09-28 04:33:25,256 - __main__ - INFO -    ✅ VAE updated (next in 12,000 steps)
2025-09-28 04:33:25,260 - __main__ - INFO - ⏱️  Training completed in 4725.36 seconds
2025-09-28 04:33:25,261 - __main__ - INFO - 💾 Saving final PPO checkpoint...
2025-09-28 04:33:25,268 - __main__ - INFO - 💾 Final checkpoint saved: checkpoints/ablation_baseline_curiosity_dyn_only_MiniHack_River_Narrow_v0_20250928-031431/ppo_policy.pth
2025-09-28 04:33:25,273 - __main__ - INFO - 📊 Collected 286 training log entries
2025-09-28 04:33:25,273 - __main__ - INFO - ☁️  Uploading all model components to HuggingFace...
2025-09-28 04:33:25,477 - __main__ - INFO - 📦 Created/verified repository: CatkinChen/nethack-ppo-ablation-baseline_curiosity_dyn_only
2025-09-28 04:33:25,477 - __main__ - INFO - 📤 Uploading PPO policy checkpoint...
2025-09-28 04:33:29,249 - __main__ - INFO - 📤 Uploading VAE model...
2025-09-28 04:33:33,132 - __main__ - INFO - ✅ VAE model uploaded successfully
2025-09-28 04:33:33,133 - __main__ - INFO - 📤 Uploading HMM model...
2025-09-28 04:33:36,177 - __main__ - INFO - ✅ HMM model uploaded successfully
2025-09-28 04:33:36,177 - __main__ - INFO - 📝 Creating model card...
2025-09-28 04:33:37,229 - __main__ - INFO - ✅ Model card uploaded successfully
2025-09-28 04:33:37,229 - __main__ - INFO - 📄 Uploading training configuration...
2025-09-28 04:33:38,432 - __main__ - INFO - ✅ Training configuration uploaded successfully
2025-09-28 04:33:38,433 - __main__ - INFO - 🎉 All model components uploaded to: https://huggingface.co/CatkinChen/nethack-ppo-ablation-baseline_curiosity_dyn_only
2025-09-28 04:33:38,433 - __main__ - INFO - 📈 Uploading training artifacts...
2025-09-28 04:33:42,666 - __main__ - INFO - ✅ Training artifacts uploaded successfully
2025-09-28 04:33:44,053 - __main__ - INFO - 🎉 Training completed successfully!
