2025-09-28 09:51:58,352 - __main__ - INFO - ================================================================================
2025-09-28 09:51:58,352 - __main__ - INFO - Starting Online PPO Training with Pretrained Models
2025-09-28 09:51:58,352 - __main__ - INFO - Environment: MiniHack-KeyRoom-S15-v0
2025-09-28 09:51:58,352 - __main__ - INFO - VAE Repository: None
2025-09-28 09:51:58,352 - __main__ - INFO - HMM Repository: None
2025-09-28 09:51:58,352 - __main__ - INFO - Total Timesteps: 195
2025-09-28 09:51:58,352 - __main__ - INFO - ================================================================================
2025-09-28 09:51:58,352 - __main__ - INFO - 🔧 Using device: cuda
2025-09-28 09:51:58,352 - __main__ - INFO - 🔄 Resume mode: Loading all models from unified repo: CatkinChen/nethack-ppo-ablation-baseline_full_curiosity
2025-09-28 09:51:58,352 - __main__ - INFO - 🎨 Loading VAE from unified repo...
2025-09-28 09:52:00,879 - __main__ - INFO - ✅ VAE loaded from vae_model.pth
2025-09-28 09:52:00,879 - __main__ - INFO - 🧠 Loading HMM from unified repo...
2025-09-28 09:52:02,743 - __main__ - INFO - ✅ HMM loaded from hmm_model.pt
2025-09-28 09:52:02,744 - __main__ - INFO - ✅ VAE model loaded successfully
2025-09-28 09:52:02,744 - __main__ - INFO -    - Latent dimension: 96
2025-09-28 09:52:02,744 - __main__ - INFO -    - Skills: 40
2025-09-28 09:52:02,744 - __main__ - INFO - ✅ HMM model loaded successfully
2025-09-28 09:52:02,744 - __main__ - INFO -    🏷️  HMM Round: None
2025-09-28 09:52:02,744 - __main__ - INFO -    📅 Created: 2025-09-28T03:14:16.150718
2025-09-28 09:52:02,744 - __main__ - INFO - 🎮 Creating environment: MiniHack-KeyRoom-S15-v0
2025-09-28 09:52:02,745 - nle.env.base - INFO - Not saving any NLE data.
2025-09-28 09:52:02,761 - __main__ - INFO -    - Observation space: Dict('blstats': Box(-2147483648, 2147483647, (27,), int64), 'chars': Box(0, 255, (21, 79), uint8), 'chars_crop': Box(0, 255, (9, 9), uint8), 'colors': Box(0, 15, (21, 79), uint8), 'colors_crop': Box(0, 15, (9, 9), uint8), 'glyphs': Box(0, 5976, (21, 79), int16), 'glyphs_crop': Box(0, 5976, (9, 9), int16), 'message': Box(0, 255, (256,), uint8), 'specials': Box(0, 255, (21, 79), uint8), 'specials_crop': Box(0, 255, (9, 9), uint8))
2025-09-28 09:52:02,761 - __main__ - INFO -    - Action space: Discrete(10)
2025-09-28 09:52:02,789 - __main__ - INFO - 🔄 HMM posterior set as prior for online updates with tempered weight 0.2
2025-09-28 09:52:02,789 - __main__ - INFO - 🔄 Using provided VAE config
2025-09-28 09:52:02,789 - __main__ - INFO -    - VAE prior mode set to 'hmm' for online training
2025-09-28 09:52:04,037 - __main__ - INFO - 📊 W&B initialized with run name: ablation_baseline_full_curiosity_MiniHack_KeyRoom_S15_v0_20250928-095158
2025-09-28 09:52:04,037 - __main__ - INFO - 🚀 Initializing PPO trainer...
2025-09-28 09:52:04,038 - nle.env.base - INFO - Not saving any NLE data.
2025-09-28 09:52:04,054 - nle.env.base - INFO - Not saving any NLE data.
2025-09-28 09:52:04,068 - nle.env.base - INFO - Not saving any NLE data.
2025-09-28 09:52:04,083 - nle.env.base - INFO - Not saving any NLE data.
2025-09-28 09:52:04,099 - nle.env.base - INFO - Not saving any NLE data.
2025-09-28 09:52:04,113 - nle.env.base - INFO - Not saving any NLE data.
2025-09-28 09:52:04,129 - nle.env.base - INFO - Not saving any NLE data.
2025-09-28 09:52:04,143 - nle.env.base - INFO - Not saving any NLE data.
2025-09-28 09:52:05,102 - __main__ - INFO - ✅ PPO trainer initialized successfully
2025-09-28 09:52:05,103 - __main__ - INFO - 🔄 Loading existing PPO checkpoint for continuation...
2025-09-28 09:52:05,103 - __main__ - INFO - 📥 Loading PPO checkpoint from HuggingFace: CatkinChen/nethack-ppo-ablation-baseline_full_curiosity
2025-09-28 09:52:07,089 - __main__ - INFO - ✅ PPO checkpoint loaded from HuggingFace
2025-09-28 09:52:07,089 - __main__ - INFO - ✅ Actor-critic model state restored
2025-09-28 09:52:07,090 - __main__ - INFO - ✅ Optimizer state restored
2025-09-28 09:52:07,090 - __main__ - INFO - ✅ Training resumed from step 199,680
2025-09-28 09:52:07,090 - __main__ - INFO - 🔄 Global step counter reset to 0 as requested
2025-09-28 09:52:07,090 - __main__ - INFO - ℹ️  Loaded training configuration from checkpoint
2025-09-28 09:52:07,090 - __main__ - WARNING - ⚠️  Environment changed: None → MiniHack-KeyRoom-S15-v0
2025-09-28 09:52:07,090 - __main__ - INFO - 🎯 PPO checkpoint restoration completed successfully
2025-09-28 09:52:07,090 - __main__ - INFO - 🏋️  Starting PPO training...
2025-09-28 09:52:07,508 - __main__ - INFO - 🎮 Action Mapping Debug (step 0, timestep 0):
2025-09-28 09:52:07,509 - __main__ - INFO -    Global actions sampled: [ 7  1  1 61 24  1  3  3]
2025-09-28 09:52:07,509 - __main__ - INFO -    Local actions mapped:   [7 1 1 8 9 1 3 3]
2025-09-28 09:52:07,509 - __main__ - INFO -    Available env actions:  (<CompassDirection.N: 107>, <CompassDirection.E: 108>, <CompassDirection.S: 106>, <CompassDirection.W: 104>, <CompassDirection.NE: 117>, <CompassDirection.SE: 110>, <CompassDirection.SW: 98>, <CompassDirection.NW: 121>, <Command.PICKUP: 44>, <Command.APPLY: 97>)
2025-09-28 09:52:07,509 - __main__ - INFO -    Action mapping:         ['local_0->global_0(107)', 'local_1->global_1(108)', 'local_2->global_2(106)', 'local_3->global_3(104)', 'local_4->global_4(117)', 'local_5->global_5(110)', 'local_6->global_6(98)', 'local_7->global_7(121)', 'local_8->global_61(44)', 'local_9->global_24(97)']
2025-09-28 09:52:07,510 - __main__ - INFO -    Valid global indices:   [ 0  1  2  3  4  5  6  7 24 61] (total: 10)
2025-09-28 09:52:07,510 - __main__ - INFO -    Global->Local mapping:  ['env0:g7->l7', 'env1:g1->l1', 'env2:g1->l1', 'env3:g61->l8', 'env4:g24->l9', 'env5:g1->l1', 'env6:g3->l3', 'env7:g3->l3']
2025-09-28 09:52:07,516 - __main__ - INFO - 🚫 Negative Reward Masking (step 0, timestep 0):
2025-09-28 09:52:07,516 - __main__ - INFO -    Environments masked due to prev negative rewards: 0/8
2025-09-28 09:52:07,516 - __main__ - INFO -    Environments with current negative rewards: 3/8
2025-09-28 09:52:07,516 - __main__ - INFO -    Rewards: [ 0.    0.    0.   -0.01 -0.01  0.    0.   -0.01]
2025-09-28 09:52:21,451 - __main__ - INFO - 📊 Episodes completed this rollout: 8
2025-09-28 09:52:21,452 - __main__ - INFO - 📈 Episode stats: avg return = -2.09, avg length = 400.0
2025-09-28 09:52:21,476 - __main__ - INFO - 🎯 Top 3 training actions: #1(1888), #2(704), #0(631)
2025-09-28 09:52:27,090 - __main__ - INFO - 🔄 Synchronized model update at step 5,120
2025-09-28 09:52:27,090 - __main__ - INFO -    HMM interval: 5,120, VAE interval: 5,120
2025-09-28 09:52:27,091 - __main__ - INFO - 🚫 Model training masking: 1020/5120 timesteps masked (19.9%) due to negative rewards (invalid actions)
2025-09-28 09:52:27,253 - __main__ - INFO - 🔄 Capping HMM batch size from 637 to 128 to prevent OOM
2025-09-28 09:52:27,254 - __main__ - INFO - 🔄 HMM refresh starting at step 5,120 with replay size 128x58
2025-09-28 09:52:30,629 - __main__ - DEBUG - Initial ELBO: 14676.5687
2025-09-28 09:52:30,630 - __main__ - DEBUG - Relative tol: 0.0100
2025-09-28 09:52:30,630 - __main__ - DEBUG - Relative elbo_drop_tol: 0.0100
2025-09-28 09:52:30,630 - __main__ - DEBUG - - Init -517.4905
2025-09-28 09:52:30,630 - __main__ - DEBUG - - Trans -6.5689
2025-09-28 09:52:30,630 - __main__ - DEBUG - - Emit 15201.2616
2025-09-28 09:52:30,630 - __main__ - DEBUG - - Entropy 0.0003
2025-09-28 09:52:30,630 - __main__ - DEBUG - - Dir 19.0456
2025-09-28 09:52:30,630 - __main__ - DEBUG - - NIW 0.0003
2025-09-28 09:52:30,631 - __main__ - DEBUG - - Beta prior -19.6796
2025-09-28 09:52:34,397 - __main__ - DEBUG - Iter 0: ELBO after FB: 14676.5687 (LL 14677.2024, Δ=0.0000)
2025-09-28 09:52:34,398 - __main__ - DEBUG - First pass after reset, using full stats.
2025-09-28 09:52:34,444 - __main__ - DEBUG - Iter 0: ELBO after NIW update: 23179.1922 (Emit LL 28767.6066, NIW term -5063.7212, Δ=8502.6235)
2025-09-28 09:52:34,491 - __main__ - DEBUG - Iter 0: ELBO after Dirichlet update: 23166.2972 (Trans LL -3.3725, Dir term 2.9541, Δ=-12.8950)
2025-09-28 09:52:34,560 - __main__ - DEBUG - Iter 0: ELBO after β update: 25683625.1754 (Init LL -517.5999, Dir term 25660462.0000, logp(β) -19.7379, Δ=25660458.8783)
2025-09-28 09:52:38,305 - __main__ - DEBUG - Iter 1: ELBO after FB: 25683625.1754 (LL 28246.6345, Δ=0.0000)
2025-09-28 09:52:38,306 - __main__ - DEBUG - First pass after reset, using full stats.
2025-09-28 09:52:38,351 - __main__ - DEBUG - Iter 1: ELBO after NIW update: 25683625.1754 (Emit LL 28767.6066, NIW term -5063.7212, Δ=0.0000)
2025-09-28 09:52:38,395 - __main__ - DEBUG - Iter 1: ELBO after Dirichlet update: 25934053.1761 (Trans LL -3.3719, Dir term 25910890.0000, Δ=250428.0006)
2025-09-28 09:52:38,458 - __main__ - DEBUG - Iter 1: ELBO after β update: 51383379.0038 (Init LL -517.7136, Dir term 51360216.0000, logp(β) -19.7964, Δ=25449325.8277)
2025-09-28 09:52:42,204 - __main__ - DEBUG - Iter 2: ELBO after FB: 51383379.0038 (LL 28246.5214, Δ=0.0000)
2025-09-28 09:52:42,204 - __main__ - DEBUG - First pass after reset, using full stats.
2025-09-28 09:52:42,250 - __main__ - DEBUG - Iter 2: ELBO after NIW update: 51383379.0038 (Emit LL 28767.6066, NIW term -5063.7212, Δ=0.0000)
2025-09-28 09:52:42,297 - __main__ - DEBUG - Iter 2: ELBO after Dirichlet update: 51254107.0044 (Trans LL -3.3712, Dir term 51230944.0000, Δ=-129271.9994)
2025-09-28 09:52:42,360 - __main__ - DEBUG - Iter 2: ELBO after β update: 76491210.8277 (Init LL -517.8315, Dir term 76468048.0000, logp(β) -19.8552, Δ=25237103.8233)
2025-09-28 09:52:46,010 - __main__ - DEBUG - Iter 3: ELBO after FB: 76491210.8277 (LL 28246.4041, Δ=0.0000)
2025-09-28 09:52:46,011 - __main__ - DEBUG - First pass after reset, using full stats.
2025-09-28 09:52:46,055 - __main__ - DEBUG - Iter 3: ELBO after NIW update: 76491210.8277 (Emit LL 28767.6066, NIW term -5063.7212, Δ=0.0000)
2025-09-28 09:52:46,099 - __main__ - DEBUG - Iter 3: ELBO after Dirichlet update: 75680826.8287 (Trans LL -3.3702, Dir term 75657664.0000, Δ=-810383.9990)
2025-09-28 09:52:46,159 - __main__ - DEBUG - Iter 3: ELBO after β update: 100683474.6473 (Init LL -517.9538, Dir term 100660312.0000, logp(β) -19.9144, Δ=25002647.8186)
2025-09-28 09:52:49,734 - __main__ - DEBUG - Iter 4: ELBO after FB: 100683474.6473 (LL 28246.2829, Δ=0.0000)
2025-09-28 09:52:49,735 - __main__ - DEBUG - First pass after reset, using full stats.
2025-09-28 09:52:49,780 - __main__ - DEBUG - Iter 4: ELBO after NIW update: 100683474.6473 (Emit LL 28767.6066, NIW term -5063.7212, Δ=0.0000)
2025-09-28 09:52:49,824 - __main__ - DEBUG - Iter 4: ELBO after Dirichlet update: 98927602.6479 (Trans LL -3.3696, Dir term 98904440.0000, Δ=-1755871.9994)
2025-09-28 09:52:49,885 - __main__ - DEBUG - Iter 4: ELBO after β update: 123669514.4626 (Init LL -518.0803, Dir term 123646352.0000, logp(β) -19.9732, Δ=24741911.8147)
2025-09-28 09:52:49,888 - __main__ - INFO -    HMM refresh complete: ELBO=128.8352, iters=0, max iters, states=40
2025-09-28 09:52:49,888 - __main__ - INFO -    ✅ HMM updated (next in 6,144 steps)
2025-09-28 09:52:49,888 - __main__ - INFO - 🔄 VAE refresh starting at step 5,120 with replay size 8x640
2025-09-28 09:52:49,890 - __main__ - INFO -    Using span sampling (5120 timesteps, too large for full buffer)
2025-09-28 09:53:10,028 - __main__ - INFO -    VAE refresh complete: final_loss=2431.6421, avg_loss=2449.2771, steps=4/4, trend=improving, total_timesteps=5120, span_sampling=32_requested×4_steps, span_len=64
2025-09-28 09:53:10,031 - __main__ - INFO -    ✅ VAE updated (next in 6,144 steps)
2025-09-28 09:53:16,038 - __main__ - INFO - 📊 Episodes completed this rollout: 8
2025-09-28 09:53:16,038 - __main__ - INFO - 📈 Episode stats: avg return = -0.76, avg length = 400.0
2025-09-28 09:53:16,038 - __main__ - INFO - 🎯 Top 3 training actions: #1(2486), #2(1496), #0(1187)
2025-09-28 09:53:27,477 - __main__ - INFO - 📊 Episodes completed this rollout: 8
2025-09-28 09:53:27,478 - __main__ - INFO - 📈 Episode stats: avg return = -0.67, avg length = 400.0
2025-09-28 09:53:27,478 - __main__ - INFO - 🎯 Top 3 training actions: #1(3132), #2(2249), #0(1864)
2025-09-28 09:53:29,172 - __main__ - INFO - 🧪 Starting evaluation with 50 episodes...
2025-09-28 09:53:29,172 - __main__ - INFO -    Eval seed: 51
2025-09-28 09:53:29,172 - __main__ - INFO -    Max episode steps (eval): env default
2025-09-28 09:53:29,173 - nle.env.base - INFO - Not saving any NLE data.
2025-09-28 09:53:30,217 - __main__ - DEBUG - 🎯 Eval HMM masking: step 100 masked due to negative reward
2025-09-28 09:53:30,727 - __main__ - DEBUG - 🎯 Eval HMM masking: step 150 masked due to negative reward
2025-09-28 09:53:33,284 - __main__ - WARNING - ⚠️ Episode 1 terminated due to step limit.
2025-09-28 09:53:37,600 - __main__ - WARNING - ⚠️ Episode 2 terminated due to step limit.
2025-09-28 09:53:41,390 - __main__ - DEBUG - 🎯 Eval HMM masking: step 350 masked due to negative reward
2025-09-28 09:53:41,893 - __main__ - WARNING - ⚠️ Episode 3 terminated due to step limit.
2025-09-28 09:53:46,169 - __main__ - WARNING - ⚠️ Episode 4 terminated due to step limit.
2025-09-28 09:53:46,896 - __main__ - DEBUG - 🎯 Eval HMM masking: step 50 masked due to negative reward
2025-09-28 09:53:49,431 - __main__ - DEBUG - 🎯 Eval HMM masking: step 300 masked due to negative reward
2025-09-28 09:53:50,440 - __main__ - WARNING - ⚠️ Episode 5 terminated due to step limit.
2025-09-28 09:53:52,177 - __main__ - DEBUG - 🎯 Eval HMM masking: step 150 masked due to negative reward
2025-09-28 09:53:53,193 - __main__ - DEBUG - 🎯 Eval HMM masking: step 250 masked due to negative reward
2025-09-28 09:53:54,710 - __main__ - WARNING - ⚠️ Episode 6 terminated due to step limit.
2025-09-28 09:53:56,457 - __main__ - DEBUG - 🎯 Eval HMM masking: step 150 masked due to negative reward
2025-09-28 09:53:59,002 - __main__ - WARNING - ⚠️ Episode 7 terminated due to step limit.
2025-09-28 09:54:01,765 - __main__ - DEBUG - 🎯 Eval HMM masking: step 250 masked due to negative reward
2025-09-28 09:54:03,282 - __main__ - WARNING - ⚠️ Episode 8 terminated due to step limit.
2025-09-28 09:54:07,572 - __main__ - WARNING - ⚠️ Episode 9 terminated due to step limit.
2025-09-28 09:54:10,851 - __main__ - DEBUG - 🎯 Eval HMM masking: step 300 masked due to negative reward
2025-09-28 09:54:11,861 - __main__ - WARNING - ⚠️ Episode 10 terminated due to step limit.
2025-09-28 09:54:12,591 - __main__ - DEBUG - 🎯 Eval HMM masking: step 50 masked due to negative reward
2025-09-28 09:54:14,624 - __main__ - DEBUG - 🎯 Eval HMM masking: step 250 masked due to negative reward
2025-09-28 09:54:15,135 - __main__ - DEBUG - 🎯 Eval HMM masking: step 300 masked due to negative reward
2025-09-28 09:54:16,148 - __main__ - WARNING - ⚠️ Episode 11 terminated due to step limit.
2025-09-28 09:54:16,884 - __main__ - DEBUG - 🎯 Eval HMM masking: step 50 masked due to negative reward
2025-09-28 09:54:20,437 - __main__ - WARNING - ⚠️ Episode 12 terminated due to step limit.
2025-09-28 09:54:21,166 - __main__ - DEBUG - 🎯 Eval HMM masking: step 50 masked due to negative reward
2025-09-28 09:54:24,726 - __main__ - WARNING - ⚠️ Episode 13 terminated due to step limit.
2025-09-28 09:54:25,962 - __main__ - DEBUG - 🎯 Eval HMM masking: step 100 masked due to negative reward
2025-09-28 09:54:29,011 - __main__ - WARNING - ⚠️ Episode 14 terminated due to step limit.
2025-09-28 09:54:32,796 - __main__ - DEBUG - 🎯 Eval HMM masking: step 350 masked due to negative reward
2025-09-28 09:54:33,298 - __main__ - WARNING - ⚠️ Episode 15 terminated due to step limit.
2025-09-28 09:54:37,588 - __main__ - WARNING - ⚠️ Episode 16 terminated due to step limit.
2025-09-28 09:54:38,832 - __main__ - DEBUG - 🎯 Eval HMM masking: step 100 masked due to negative reward
2025-09-28 09:54:40,365 - __main__ - DEBUG - 🎯 Eval HMM masking: step 250 masked due to negative reward
2025-09-28 09:54:41,961 - __main__ - WARNING - ⚠️ Episode 17 terminated due to step limit.
2025-09-28 09:54:43,704 - __main__ - DEBUG - 🎯 Eval HMM masking: step 150 masked due to negative reward
2025-09-28 09:54:45,745 - __main__ - DEBUG - 🎯 Eval HMM masking: step 350 masked due to negative reward
2025-09-28 09:54:46,248 - __main__ - WARNING - ⚠️ Episode 18 terminated due to step limit.
2025-09-28 09:54:46,982 - __main__ - DEBUG - 🎯 Eval HMM masking: step 50 masked due to negative reward
2025-09-28 09:54:48,508 - __main__ - DEBUG - 🎯 Eval HMM masking: step 200 masked due to negative reward
2025-09-28 09:54:50,532 - __main__ - WARNING - ⚠️ Episode 19 terminated due to step limit.
2025-09-28 09:54:52,795 - __main__ - DEBUG - 🎯 Eval HMM masking: step 200 masked due to negative reward
2025-09-28 09:54:53,305 - __main__ - DEBUG - 🎯 Eval HMM masking: step 250 masked due to negative reward
2025-09-28 09:54:54,829 - __main__ - WARNING - ⚠️ Episode 20 terminated due to step limit.
2025-09-28 09:54:56,064 - __main__ - DEBUG - 🎯 Eval HMM masking: step 100 masked due to negative reward
2025-09-28 09:54:58,078 - __main__ - DEBUG - 🎯 Eval HMM masking: step 300 masked due to negative reward
2025-09-28 09:54:59,090 - __main__ - WARNING - ⚠️ Episode 21 terminated due to step limit.
2025-09-28 09:55:03,361 - __main__ - WARNING - ⚠️ Episode 22 terminated due to step limit.
2025-09-28 09:55:04,604 - __main__ - DEBUG - 🎯 Eval HMM masking: step 100 masked due to negative reward
2025-09-28 09:55:07,651 - __main__ - WARNING - ⚠️ Episode 23 terminated due to step limit.
2025-09-28 09:55:08,887 - __main__ - DEBUG - 🎯 Eval HMM masking: step 100 masked due to negative reward
2025-09-28 09:55:11,929 - __main__ - WARNING - ⚠️ Episode 24 terminated due to step limit.
2025-09-28 09:55:12,656 - __main__ - DEBUG - 🎯 Eval HMM masking: step 50 masked due to negative reward
2025-09-28 09:55:16,214 - __main__ - WARNING - ⚠️ Episode 25 terminated due to step limit.
2025-09-28 09:55:17,980 - __main__ - DEBUG - 🎯 Eval HMM masking: step 150 masked due to negative reward
2025-09-28 09:55:20,552 - __main__ - WARNING - ⚠️ Episode 26 terminated due to step limit.
2025-09-28 09:55:22,300 - __main__ - DEBUG - 🎯 Eval HMM masking: step 150 masked due to negative reward
2025-09-28 09:55:24,843 - __main__ - WARNING - ⚠️ Episode 27 terminated due to step limit.
2025-09-28 09:55:28,563 - __main__ - DEBUG - 🎯 Eval HMM masking: step 350 masked due to negative reward
2025-09-28 09:55:29,063 - __main__ - WARNING - ⚠️ Episode 28 terminated due to step limit.
2025-09-28 09:55:33,342 - __main__ - WARNING - ⚠️ Episode 29 terminated due to step limit.
2025-09-28 09:55:36,621 - __main__ - DEBUG - 🎯 Eval HMM masking: step 300 masked due to negative reward
2025-09-28 09:55:37,629 - __main__ - WARNING - ⚠️ Episode 30 terminated due to step limit.
2025-09-28 09:55:39,874 - __main__ - DEBUG - 🎯 Eval HMM masking: step 200 masked due to negative reward
2025-09-28 09:55:41,894 - __main__ - WARNING - ⚠️ Episode 31 terminated due to step limit.
2025-09-28 09:55:43,632 - __main__ - DEBUG - 🎯 Eval HMM masking: step 150 masked due to negative reward
2025-09-28 09:55:45,667 - __main__ - DEBUG - 🎯 Eval HMM masking: step 350 masked due to negative reward
2025-09-28 09:55:46,169 - __main__ - WARNING - ⚠️ Episode 32 terminated due to step limit.
2025-09-28 09:55:48,431 - __main__ - DEBUG - 🎯 Eval HMM masking: step 200 masked due to negative reward
2025-09-28 09:55:50,463 - __main__ - WARNING - ⚠️ Episode 33 terminated due to step limit.
2025-09-28 09:55:53,227 - __main__ - DEBUG - 🎯 Eval HMM masking: step 250 masked due to negative reward
2025-09-28 09:55:54,744 - __main__ - WARNING - ⚠️ Episode 34 terminated due to step limit.
2025-09-28 09:55:55,982 - __main__ - DEBUG - 🎯 Eval HMM masking: step 100 masked due to negative reward
2025-09-28 09:55:56,489 - __main__ - DEBUG - 🎯 Eval HMM masking: step 150 masked due to negative reward
2025-09-28 09:55:59,020 - __main__ - WARNING - ⚠️ Episode 35 terminated due to step limit.
2025-09-28 09:56:03,281 - __main__ - WARNING - ⚠️ Episode 36 terminated due to step limit.
2025-09-28 09:56:07,572 - __main__ - WARNING - ⚠️ Episode 37 terminated due to step limit.
2025-09-28 09:56:10,331 - __main__ - DEBUG - 🎯 Eval HMM masking: step 250 masked due to negative reward
2025-09-28 09:56:11,846 - __main__ - WARNING - ⚠️ Episode 38 terminated due to step limit.
2025-09-28 09:56:13,591 - __main__ - DEBUG - 🎯 Eval HMM masking: step 150 masked due to negative reward
2025-09-28 09:56:14,610 - __main__ - DEBUG - 🎯 Eval HMM masking: step 250 masked due to negative reward
2025-09-28 09:56:16,128 - __main__ - WARNING - ⚠️ Episode 39 terminated due to step limit.
2025-09-28 09:56:20,425 - __main__ - WARNING - ⚠️ Episode 40 terminated due to step limit.
2025-09-28 09:56:25,028 - __main__ - WARNING - ⚠️ Episode 41 terminated due to step limit.
2025-09-28 09:56:27,418 - __main__ - DEBUG - 🎯 Eval HMM masking: step 200 masked due to negative reward
2025-09-28 09:56:29,041 - __main__ - DEBUG - 🎯 Eval HMM masking: step 350 masked due to negative reward
2025-09-28 09:56:29,575 - __main__ - WARNING - ⚠️ Episode 42 terminated due to step limit.
2025-09-28 09:56:34,130 - __main__ - WARNING - ⚠️ Episode 43 terminated due to step limit.
2025-09-28 09:56:34,858 - __main__ - DEBUG - 🎯 Eval HMM masking: step 50 masked due to negative reward
2025-09-28 09:56:38,402 - __main__ - WARNING - ⚠️ Episode 44 terminated due to step limit.
2025-09-28 09:56:42,701 - __main__ - WARNING - ⚠️ Episode 45 terminated due to step limit.
2025-09-28 09:56:46,984 - __main__ - WARNING - ⚠️ Episode 46 terminated due to step limit.
2025-09-28 09:56:49,744 - __main__ - DEBUG - 🎯 Eval HMM masking: step 250 masked due to negative reward
2025-09-28 09:56:51,260 - __main__ - WARNING - ⚠️ Episode 47 terminated due to step limit.
2025-09-28 09:56:54,028 - __main__ - DEBUG - 🎯 Eval HMM masking: step 250 masked due to negative reward
2025-09-28 09:56:55,538 - __main__ - WARNING - ⚠️ Episode 48 terminated due to step limit.
2025-09-28 09:56:58,337 - __main__ - DEBUG - 🎯 Eval HMM masking: step 250 masked due to negative reward
2025-09-28 09:56:59,855 - __main__ - WARNING - ⚠️ Episode 49 terminated due to step limit.
2025-09-28 09:57:04,131 - __main__ - WARNING - ⚠️ Episode 50 terminated due to step limit.
2025-09-28 09:57:04,341 - __main__ - INFO - 📊 Evaluation Results (Current Round):
2025-09-28 09:57:04,341 - __main__ - INFO -    Episodes: 50
2025-09-28 09:57:04,342 - __main__ - INFO -    Time: 215.2s (4.3s/ep)
2025-09-28 09:57:04,342 - __main__ - INFO -    Average Return: -0.650 ± 0.227
2025-09-28 09:57:04,342 - __main__ - INFO -    Success Rate: 0.0%
2025-09-28 09:57:04,342 - __main__ - INFO -    Average Length: 400.0
2025-09-28 09:57:04,342 - __main__ - INFO -    Average Coverage: 81.9 positions
2025-09-28 09:57:04,342 - __main__ - INFO -    Episode Completions: 0 terminated (0.0%), 50 truncated (100.0%)
2025-09-28 09:57:04,343 - __main__ - INFO - 📈 Total Evaluation Statistics:
2025-09-28 09:57:04,343 - __main__ - INFO -    Total Episodes: 50
2025-09-28 09:57:04,343 - __main__ - INFO -    Total Average Return: -0.650 ± 0.227
2025-09-28 09:57:04,343 - __main__ - INFO -    Total Average Length: 400.0 ± 0.0
2025-09-28 09:57:04,343 - __main__ - INFO -    Total Completions: 0 terminated (0.0%), 50 truncated (100.0%)
2025-09-28 09:57:04,343 - __main__ - INFO -    Skill Entropy: 0.013
2025-09-28 09:57:04,343 - __main__ - INFO -    Used Skills: 2.6
2025-09-28 09:57:04,343 - __main__ - INFO -    Effective K: 1.36
2025-09-28 09:57:04,344 - __main__ - INFO - 🎯 Action Usage Statistics:
2025-09-28 09:57:04,344 - __main__ - INFO -    Unique actions in evaluation: 10
2025-09-28 09:57:04,344 - __main__ - INFO -    Unique actions in training: 10
2025-09-28 09:57:04,344 - __main__ - INFO -    Total unique actions: 10
2025-09-28 09:57:04,344 - __main__ - INFO -    Action coverage: 8.3%
2025-09-28 09:57:04,344 - __main__ - INFO -    Train action count: 10240
2025-09-28 09:57:04,344 - __main__ - INFO -    Eval action count: 20000
2025-09-28 09:57:04,345 - __main__ - INFO -    Train action entropy: 1.854
2025-09-28 09:57:04,345 - __main__ - INFO -    Eval action entropy: 1.771
2025-09-28 09:57:04,345 - __main__ - INFO -    Top 3 train actions: #1(3132), #2(2249), #0(1864)
2025-09-28 09:57:04,345 - __main__ - INFO -    Top 3 eval actions: #2(5553), #0(4241), #1(4087)
2025-09-28 09:57:08,139 - __main__ - INFO - 🔄 Synchronized model update at step 11,264
2025-09-28 09:57:08,140 - __main__ - INFO -    HMM interval: 6,144, VAE interval: 6,144
2025-09-28 09:57:08,140 - __main__ - INFO - 🚫 Model training masking: 864/6144 timesteps masked (14.1%) due to negative rewards (invalid actions)
2025-09-28 09:57:08,311 - __main__ - INFO - 🔄 Capping HMM batch size from 584 to 128 to prevent OOM
2025-09-28 09:57:08,311 - __main__ - INFO - 🔄 HMM refresh starting at step 11,264 with replay size 128x65
2025-09-28 09:57:11,904 - __main__ - DEBUG - Initial ELBO: 123679430.9443
2025-09-28 09:57:11,904 - __main__ - DEBUG - Relative tol: 0.0100
2025-09-28 09:57:11,905 - __main__ - DEBUG - Relative elbo_drop_tol: 0.0100
2025-09-28 09:57:11,905 - __main__ - DEBUG - - Init -518.0803
2025-09-28 09:57:11,905 - __main__ - DEBUG - - Trans -5.5761
2025-09-28 09:57:11,905 - __main__ - DEBUG - - Emit 38686.2947
2025-09-28 09:57:11,905 - __main__ - DEBUG - - Entropy 0.0004
2025-09-28 09:57:11,905 - __main__ - DEBUG - - Dir 123646352.0000
2025-09-28 09:57:11,905 - __main__ - DEBUG - - NIW -5063.7212
2025-09-28 09:57:11,905 - __main__ - DEBUG - - Beta prior -19.9732
2025-09-28 09:57:15,867 - __main__ - DEBUG - Iter 0: ELBO after FB: 123679430.9443 (LL 38162.6386, Δ=0.0000)
2025-09-28 09:57:15,867 - __main__ - DEBUG - Blending stats with ρ_niw=0.0500, ρ_tr=0.0500.
2025-09-28 09:57:15,912 - __main__ - DEBUG - Iter 0: ELBO after NIW update: 123681010.4432 (Emit LL 40390.2687, NIW term -5188.1963, Δ=1579.4989)
2025-09-28 09:57:15,957 - __main__ - DEBUG - Iter 0: ELBO after Dirichlet update: 34635.7902 (Trans LL -5.5180, Dir term -22.7111, Δ=-123646374.6530)
2025-09-28 09:57:16,018 - __main__ - DEBUG - Iter 0: ELBO after β update: 24899302.3106 (Init LL -518.2111, Dir term 24864644.0000, logp(β) -20.0331, Δ=24864666.5204)
2025-09-28 09:57:19,956 - __main__ - DEBUG - Iter 1: ELBO after FB: 24899302.3106 (LL 39866.5399, Δ=0.0000)
2025-09-28 09:57:19,956 - __main__ - DEBUG - Blending stats with ρ_niw=0.0500, ρ_tr=0.0500.
2025-09-28 09:57:20,001 - __main__ - DEBUG - Iter 1: ELBO after NIW update: 24899302.3106 (Emit LL 40390.2687, NIW term -5188.1963, Δ=0.0000)
2025-09-28 09:57:20,045 - __main__ - DEBUG - Iter 1: ELBO after Dirichlet update: 25421850.3116 (Trans LL -5.5170, Dir term 25387192.0000, Δ=522548.0011)
2025-09-28 09:57:20,107 - __main__ - DEBUG - Iter 1: ELBO after β update: 50128374.1170 (Init LL -518.3463, Dir term 50093716.0000, logp(β) -20.0925, Δ=24706523.8053)
2025-09-28 09:57:24,069 - __main__ - DEBUG - Iter 2: ELBO after FB: 50128374.1170 (LL 39866.4058, Δ=0.0000)
2025-09-28 09:57:24,070 - __main__ - DEBUG - Blending stats with ρ_niw=0.0500, ρ_tr=0.0500.
2025-09-28 09:57:24,115 - __main__ - DEBUG - Iter 2: ELBO after NIW update: 50128374.1170 (Emit LL 40390.2687, NIW term -5188.1963, Δ=0.0000)
2025-09-28 09:57:24,158 - __main__ - DEBUG - Iter 2: ELBO after Dirichlet update: 50063690.1175 (Trans LL -5.5164, Dir term 50029032.0000, Δ=-64683.9995)
2025-09-28 09:57:24,221 - __main__ - DEBUG - Iter 2: ELBO after β update: 74560209.9185 (Init LL -518.4857, Dir term 74525552.0000, logp(β) -20.1521, Δ=24496519.8010)
2025-09-28 09:57:28,176 - __main__ - DEBUG - Iter 3: ELBO after FB: 74560209.9185 (LL 39866.2669, Δ=0.0000)
2025-09-28 09:57:28,177 - __main__ - DEBUG - Blending stats with ρ_niw=0.0500, ρ_tr=0.0500.
2025-09-28 09:57:28,221 - __main__ - DEBUG - Iter 3: ELBO after NIW update: 74560209.9185 (Emit LL 40390.2687, NIW term -5188.1963, Δ=0.0000)
2025-09-28 09:57:28,266 - __main__ - DEBUG - Iter 3: ELBO after Dirichlet update: 74202393.9201 (Trans LL -5.5148, Dir term 74167736.0000, Δ=-357815.9984)
2025-09-28 09:57:28,327 - __main__ - DEBUG - Iter 3: ELBO after β update: 98491561.7160 (Init LL -518.6295, Dir term 98456904.0000, logp(β) -20.2125, Δ=24289167.7959)
2025-09-28 09:57:32,275 - __main__ - DEBUG - Iter 4: ELBO after FB: 98491561.7160 (LL 39866.1247, Δ=0.0000)
2025-09-28 09:57:32,275 - __main__ - DEBUG - Blending stats with ρ_niw=0.0500, ρ_tr=0.0500.
2025-09-28 09:57:32,319 - __main__ - DEBUG - Iter 4: ELBO after NIW update: 98491561.7160 (Emit LL 40390.2687, NIW term -5188.1963, Δ=0.0000)
2025-09-28 09:57:32,363 - __main__ - DEBUG - Iter 4: ELBO after Dirichlet update: 97917713.7176 (Trans LL -5.5132, Dir term 97883056.0000, Δ=-573847.9984)
2025-09-28 09:57:32,423 - __main__ - DEBUG - Iter 4: ELBO after β update: 122024833.5090 (Init LL -518.7776, Dir term 121990176.0000, logp(β) -20.2728, Δ=24107119.7915)
2025-09-28 09:57:32,424 - __main__ - INFO -    HMM refresh complete: ELBO=27.9789, iters=0, max iters, states=40
2025-09-28 09:57:32,425 - __main__ - INFO -    ✅ HMM updated (next in 7,372 steps)
2025-09-28 09:57:32,425 - __main__ - INFO - 🔄 VAE refresh starting at step 11,264 with replay size 8x768
2025-09-28 09:57:32,426 - __main__ - INFO -    Using span sampling (6144 timesteps, too large for full buffer)
2025-09-28 09:57:53,608 - __main__ - INFO -    VAE refresh complete: final_loss=2359.0388, avg_loss=2369.7220, steps=4/4, trend=improving, total_timesteps=6144, span_sampling=32_requested×4_steps, span_len=64
2025-09-28 09:57:53,610 - __main__ - INFO -    ✅ VAE updated (next in 7,372 steps)
2025-09-28 09:57:59,588 - __main__ - INFO - 📊 Episodes completed this rollout: 8
2025-09-28 09:57:59,589 - __main__ - INFO - 📈 Episode stats: avg return = -0.62, avg length = 400.0
2025-09-28 09:57:59,589 - __main__ - INFO - 🎯 Top 3 training actions: #1(3833), #2(3043), #0(2491)
2025-09-28 09:58:11,013 - __main__ - INFO - 📊 Episodes completed this rollout: 8
2025-09-28 09:58:11,014 - __main__ - INFO - 📈 Episode stats: avg return = -0.59, avg length = 400.0
2025-09-28 09:58:11,014 - __main__ - INFO - 🎯 Top 3 training actions: #1(4645), #2(3716), #0(3185)
2025-09-28 09:58:22,432 - __main__ - INFO - 📊 Episodes completed this rollout: 8
2025-09-28 09:58:22,432 - __main__ - INFO - 📈 Episode stats: avg return = -0.69, avg length = 400.0
2025-09-28 09:58:22,433 - __main__ - INFO - 🎯 Top 3 training actions: #1(5406), #2(4487), #0(3827)
2025-09-28 09:58:24,120 - __main__ - INFO - 🔄 Synchronized model update at step 19,456
2025-09-28 09:58:24,121 - __main__ - INFO -    HMM interval: 7,372, VAE interval: 7,372
2025-09-28 09:58:24,121 - __main__ - INFO - 🚫 Model training masking: 1216/8192 timesteps masked (14.8%) due to negative rewards (invalid actions)
2025-09-28 09:58:24,351 - __main__ - INFO - 🔄 Capping HMM batch size from 855 to 128 to prevent OOM
2025-09-28 09:58:24,352 - __main__ - INFO - 🔄 HMM refresh starting at step 19,456 with replay size 128x49
2025-09-28 09:58:27,060 - __main__ - DEBUG - Initial ELBO: 122018961.5999
2025-09-28 09:58:27,062 - __main__ - DEBUG - Relative tol: 0.0100
2025-09-28 09:58:27,062 - __main__ - DEBUG - Relative elbo_drop_tol: 0.0100
2025-09-28 09:58:27,062 - __main__ - DEBUG - - Init -518.7776
2025-09-28 09:58:27,062 - __main__ - DEBUG - - Trans -4.8617
2025-09-28 09:58:27,063 - __main__ - DEBUG - - Emit 34517.7081
2025-09-28 09:58:27,063 - __main__ - DEBUG - - Entropy 0.0003
2025-09-28 09:58:27,063 - __main__ - DEBUG - - Dir 121990176.0000
2025-09-28 09:58:27,063 - __main__ - DEBUG - - NIW -5188.1963
2025-09-28 09:58:27,063 - __main__ - DEBUG - - Beta prior -20.2728
2025-09-28 09:58:30,149 - __main__ - DEBUG - Iter 0: ELBO after FB: 122018961.5999 (LL 33994.0691, Δ=0.0000)
2025-09-28 09:58:30,150 - __main__ - DEBUG - Blending stats with ρ_niw=0.0500, ρ_tr=0.0500.
2025-09-28 09:58:30,194 - __main__ - DEBUG - Iter 0: ELBO after NIW update: 122020269.9162 (Emit LL 35913.3652, NIW term -5275.5371, Δ=1308.3163)
2025-09-28 09:58:30,238 - __main__ - DEBUG - Iter 0: ELBO after Dirichlet update: 30066.7075 (Trans LL -4.8392, Dir term -27.2312, Δ=-121990203.2087)
2025-09-28 09:58:30,298 - __main__ - DEBUG - Iter 0: ELBO after β update: 24104553.7256 (Init LL -518.9302, Dir term 24074460.0000, logp(β) -20.3335, Δ=24074487.0181)
2025-09-28 09:58:33,373 - __main__ - DEBUG - Iter 1: ELBO after FB: 24104553.7256 (LL 35389.5962, Δ=0.0000)
2025-09-28 09:58:33,373 - __main__ - DEBUG - Blending stats with ρ_niw=0.0500, ρ_tr=0.0500.
2025-09-28 09:58:33,417 - __main__ - DEBUG - Iter 1: ELBO after NIW update: 24104553.7256 (Emit LL 35913.3652, NIW term -5275.5371, Δ=0.0000)
2025-09-28 09:58:33,460 - __main__ - DEBUG - Iter 1: ELBO after Dirichlet update: 24613401.7270 (Trans LL -4.8378, Dir term 24583308.0000, Δ=508848.0014)
2025-09-28 09:58:33,520 - __main__ - DEBUG - Iter 1: ELBO after β update: 48530809.5088 (Init LL -519.0870, Dir term 48500716.0000, logp(β) -20.3948, Δ=23917407.7818)
2025-09-28 09:58:36,607 - __main__ - DEBUG - Iter 2: ELBO after FB: 48530809.5088 (LL 35389.4407, Δ=0.0000)
2025-09-28 09:58:36,608 - __main__ - DEBUG - Blending stats with ρ_niw=0.0500, ρ_tr=0.0500.
2025-09-28 09:58:36,652 - __main__ - DEBUG - Iter 2: ELBO after NIW update: 48530809.5088 (Emit LL 35913.3652, NIW term -5275.5371, Δ=0.0000)
2025-09-28 09:58:36,698 - __main__ - DEBUG - Iter 2: ELBO after Dirichlet update: 49036073.5102 (Trans LL -4.8363, Dir term 49005980.0000, Δ=505264.0014)
2025-09-28 09:58:36,759 - __main__ - DEBUG - Iter 2: ELBO after β update: 72796181.2879 (Init LL -519.2482, Dir term 72766088.0000, logp(β) -20.4559, Δ=23760107.7777)
2025-09-28 09:58:39,839 - __main__ - DEBUG - Iter 3: ELBO after FB: 72796181.2879 (LL 35389.2809, Δ=0.0000)
2025-09-28 09:58:39,840 - __main__ - DEBUG - Blending stats with ρ_niw=0.0500, ρ_tr=0.0500.
2025-09-28 09:58:39,884 - __main__ - DEBUG - Iter 3: ELBO after NIW update: 72796181.2879 (Emit LL 35913.3652, NIW term -5275.5371, Δ=0.0000)
2025-09-28 09:58:39,929 - __main__ - DEBUG - Iter 3: ELBO after Dirichlet update: 72412181.2893 (Trans LL -4.8349, Dir term 72382088.0000, Δ=-383999.9986)
2025-09-28 09:58:39,989 - __main__ - DEBUG - Iter 3: ELBO after β update: 95967565.0626 (Init LL -519.4139, Dir term 95937472.0000, logp(β) -20.5170, Δ=23555383.7732)
2025-09-28 09:58:43,083 - __main__ - DEBUG - Iter 4: ELBO after FB: 95967565.0626 (LL 35389.1167, Δ=0.0000)
2025-09-28 09:58:43,084 - __main__ - DEBUG - Blending stats with ρ_niw=0.0500, ρ_tr=0.0500.
2025-09-28 09:58:43,127 - __main__ - DEBUG - Iter 4: ELBO after NIW update: 95967565.0626 (Emit LL 35913.3652, NIW term -5275.5371, Δ=0.0000)
2025-09-28 09:58:43,172 - __main__ - DEBUG - Iter 4: ELBO after Dirichlet update: 96217229.0640 (Trans LL -4.8335, Dir term 96187136.0000, Δ=249664.0014)
2025-09-28 09:58:43,233 - __main__ - DEBUG - Iter 4: ELBO after β update: 119616004.8320 (Init LL -519.5839, Dir term 119585912.0000, logp(β) -20.5790, Δ=23398775.7680)
2025-09-28 09:58:43,235 - __main__ - INFO -    HMM refresh complete: ELBO=126.3286, iters=0, max iters, states=40
2025-09-28 09:58:43,236 - __main__ - INFO -    ✅ HMM updated (next in 8,846 steps)
2025-09-28 09:58:43,236 - __main__ - INFO - 🔄 VAE refresh starting at step 19,456 with replay size 8x1024
2025-09-28 09:58:43,237 - __main__ - INFO -    Using span sampling (8192 timesteps, too large for full buffer)
2025-09-28 09:59:03,638 - __main__ - INFO -    VAE refresh complete: final_loss=2357.8589, avg_loss=2360.2075, steps=4/4, trend=improving, total_timesteps=8192, span_sampling=32_requested×4_steps, span_len=64
2025-09-28 09:59:03,640 - __main__ - INFO -    ✅ VAE updated (next in 8,846 steps)
2025-09-28 09:59:07,420 - __main__ - INFO - 🧪 Starting evaluation with 50 episodes...
2025-09-28 09:59:07,420 - __main__ - INFO -    Eval seed: 51
2025-09-28 09:59:07,420 - __main__ - INFO -    Max episode steps (eval): env default
2025-09-28 09:59:07,422 - nle.env.base - INFO - Not saving any NLE data.
2025-09-28 09:59:08,960 - __main__ - DEBUG - 🎯 Eval HMM masking: step 150 masked due to negative reward
2025-09-28 09:59:11,482 - __main__ - WARNING - ⚠️ Episode 1 terminated due to step limit.
2025-09-28 09:59:15,765 - __main__ - WARNING - ⚠️ Episode 2 terminated due to step limit.
2025-09-28 09:59:18,028 - __main__ - DEBUG - 🎯 Eval HMM masking: step 200 masked due to negative reward
2025-09-28 09:59:20,062 - __main__ - WARNING - ⚠️ Episode 3 terminated due to step limit.
2025-09-28 09:59:22,825 - __main__ - DEBUG - 🎯 Eval HMM masking: step 250 masked due to negative reward
2025-09-28 09:59:23,331 - __main__ - DEBUG - 🎯 Eval HMM masking: step 300 masked due to negative reward
2025-09-28 09:59:24,339 - __main__ - WARNING - ⚠️ Episode 4 terminated due to step limit.
2025-09-28 09:59:25,061 - __main__ - DEBUG - 🎯 Eval HMM masking: step 50 masked due to negative reward
2025-09-28 09:59:28,583 - __main__ - WARNING - ⚠️ Episode 5 terminated due to step limit.
2025-09-28 09:59:30,322 - __main__ - DEBUG - 🎯 Eval HMM masking: step 150 masked due to negative reward
2025-09-28 09:59:31,839 - __main__ - DEBUG - 🎯 Eval HMM masking: step 300 masked due to negative reward
2025-09-28 09:59:32,842 - __main__ - WARNING - ⚠️ Episode 6 terminated due to step limit.
2025-09-28 09:59:36,096 - __main__ - DEBUG - 🎯 Eval HMM masking: step 300 masked due to negative reward
2025-09-28 09:59:37,102 - __main__ - WARNING - ⚠️ Episode 7 terminated due to step limit.
2025-09-28 09:59:40,858 - __main__ - DEBUG - 🎯 Eval HMM masking: step 350 masked due to negative reward
2025-09-28 09:59:41,356 - __main__ - WARNING - ⚠️ Episode 8 terminated due to step limit.
2025-09-28 09:59:42,582 - __main__ - DEBUG - 🎯 Eval HMM masking: step 100 masked due to negative reward
2025-09-28 09:59:44,098 - __main__ - DEBUG - 🎯 Eval HMM masking: step 250 masked due to negative reward
2025-09-28 09:59:45,608 - __main__ - WARNING - ⚠️ Episode 9 terminated due to step limit.
2025-09-28 09:59:48,866 - __main__ - DEBUG - 🎯 Eval HMM masking: step 300 masked due to negative reward
2025-09-28 09:59:49,871 - __main__ - WARNING - ⚠️ Episode 10 terminated due to step limit.
2025-09-28 09:59:51,604 - __main__ - DEBUG - 🎯 Eval HMM masking: step 150 masked due to negative reward
2025-09-28 09:59:53,131 - __main__ - DEBUG - 🎯 Eval HMM masking: step 300 masked due to negative reward
2025-09-28 09:59:54,137 - __main__ - WARNING - ⚠️ Episode 11 terminated due to step limit.
2025-09-28 09:59:56,370 - __main__ - DEBUG - 🎯 Eval HMM masking: step 200 masked due to negative reward
2025-09-28 09:59:58,380 - __main__ - WARNING - ⚠️ Episode 12 terminated due to step limit.
2025-09-28 10:00:01,628 - __main__ - DEBUG - 🎯 Eval HMM masking: step 300 masked due to negative reward
2025-09-28 10:00:02,135 - __main__ - DEBUG - 🎯 Eval HMM masking: step 350 masked due to negative reward
2025-09-28 10:00:02,632 - __main__ - WARNING - ⚠️ Episode 13 terminated due to step limit.
2025-09-28 10:00:03,354 - __main__ - DEBUG - 🎯 Eval HMM masking: step 50 masked due to negative reward
2025-09-28 10:00:05,372 - __main__ - DEBUG - 🎯 Eval HMM masking: step 250 masked due to negative reward
2025-09-28 10:00:06,880 - __main__ - WARNING - ⚠️ Episode 14 terminated due to step limit.
2025-09-28 10:00:07,597 - __main__ - DEBUG - 🎯 Eval HMM masking: step 50 masked due to negative reward
2025-09-28 10:00:08,097 - __main__ - DEBUG - 🎯 Eval HMM masking: step 100 masked due to negative reward
2025-09-28 10:00:10,099 - __main__ - DEBUG - 🎯 Eval HMM masking: step 300 masked due to negative reward
2025-09-28 10:00:10,599 - __main__ - DEBUG - 🎯 Eval HMM masking: step 350 masked due to negative reward
2025-09-28 10:00:11,091 - __main__ - WARNING - ⚠️ Episode 15 terminated due to step limit.
2025-09-28 10:00:15,331 - __main__ - WARNING - ⚠️ Episode 16 terminated due to step limit.
2025-09-28 10:00:19,084 - __main__ - DEBUG - 🎯 Eval HMM masking: step 350 masked due to negative reward
2025-09-28 10:00:19,583 - __main__ - WARNING - ⚠️ Episode 17 terminated due to step limit.
2025-09-28 10:00:22,831 - __main__ - DEBUG - 🎯 Eval HMM masking: step 300 masked due to negative reward
2025-09-28 10:00:23,338 - __main__ - DEBUG - 🎯 Eval HMM masking: step 350 masked due to negative reward
2025-09-28 10:00:23,836 - __main__ - WARNING - ⚠️ Episode 18 terminated due to step limit.
2025-09-28 10:00:26,077 - __main__ - DEBUG - 🎯 Eval HMM masking: step 200 masked due to negative reward
2025-09-28 10:00:27,590 - __main__ - DEBUG - 🎯 Eval HMM masking: step 350 masked due to negative reward
2025-09-28 10:00:28,088 - __main__ - WARNING - ⚠️ Episode 19 terminated due to step limit.
2025-09-28 10:00:30,831 - __main__ - DEBUG - 🎯 Eval HMM masking: step 250 masked due to negative reward
2025-09-28 10:00:31,338 - __main__ - DEBUG - 🎯 Eval HMM masking: step 300 masked due to negative reward
2025-09-28 10:00:32,348 - __main__ - WARNING - ⚠️ Episode 20 terminated due to step limit.
2025-09-28 10:00:34,086 - __main__ - DEBUG - 🎯 Eval HMM masking: step 150 masked due to negative reward
2025-09-28 10:00:35,597 - __main__ - DEBUG - 🎯 Eval HMM masking: step 300 masked due to negative reward
2025-09-28 10:00:36,101 - __main__ - DEBUG - 🎯 Eval HMM masking: step 350 masked due to negative reward
2025-09-28 10:00:36,598 - __main__ - WARNING - ⚠️ Episode 21 terminated due to step limit.
2025-09-28 10:00:37,325 - __main__ - DEBUG - 🎯 Eval HMM masking: step 50 masked due to negative reward
2025-09-28 10:00:39,345 - __main__ - DEBUG - 🎯 Eval HMM masking: step 250 masked due to negative reward
2025-09-28 10:00:40,855 - __main__ - WARNING - ⚠️ Episode 22 terminated due to step limit.
2025-09-28 10:00:45,106 - __main__ - WARNING - ⚠️ Episode 23 terminated due to step limit.
2025-09-28 10:00:46,333 - __main__ - DEBUG - 🎯 Eval HMM masking: step 100 masked due to negative reward
2025-09-28 10:00:48,856 - __main__ - DEBUG - 🎯 Eval HMM masking: step 350 masked due to negative reward
2025-09-28 10:00:49,353 - __main__ - WARNING - ⚠️ Episode 24 terminated due to step limit.
2025-09-28 10:00:51,088 - __main__ - DEBUG - 🎯 Eval HMM masking: step 150 masked due to negative reward
2025-09-28 10:00:53,608 - __main__ - WARNING - ⚠️ Episode 25 terminated due to step limit.
2025-09-28 10:00:54,333 - __main__ - DEBUG - 🎯 Eval HMM masking: step 50 masked due to negative reward
2025-09-28 10:00:54,839 - __main__ - DEBUG - 🎯 Eval HMM masking: step 100 masked due to negative reward
2025-09-28 10:00:55,346 - __main__ - DEBUG - 🎯 Eval HMM masking: step 150 masked due to negative reward
2025-09-28 10:00:57,869 - __main__ - WARNING - ⚠️ Episode 26 terminated due to step limit.
2025-09-28 10:01:00,596 - __main__ - DEBUG - 🎯 Eval HMM masking: step 250 masked due to negative reward
2025-09-28 10:01:02,102 - __main__ - WARNING - ⚠️ Episode 27 terminated due to step limit.
2025-09-28 10:01:06,364 - __main__ - WARNING - ⚠️ Episode 28 terminated due to step limit.
2025-09-28 10:01:10,613 - __main__ - WARNING - ⚠️ Episode 29 terminated due to step limit.
2025-09-28 10:01:13,364 - __main__ - DEBUG - 🎯 Eval HMM masking: step 250 masked due to negative reward
2025-09-28 10:01:14,878 - __main__ - WARNING - ⚠️ Episode 30 terminated due to step limit.
2025-09-28 10:01:16,622 - __main__ - DEBUG - 🎯 Eval HMM masking: step 150 masked due to negative reward
2025-09-28 10:01:18,144 - __main__ - DEBUG - 🎯 Eval HMM masking: step 300 masked due to negative reward
2025-09-28 10:01:18,651 - __main__ - DEBUG - 🎯 Eval HMM masking: step 350 masked due to negative reward
2025-09-28 10:01:19,150 - __main__ - WARNING - ⚠️ Episode 31 terminated due to step limit.
2025-09-28 10:01:20,895 - __main__ - DEBUG - 🎯 Eval HMM masking: step 150 masked due to negative reward
2025-09-28 10:01:23,430 - __main__ - WARNING - ⚠️ Episode 32 terminated due to step limit.
2025-09-28 10:01:25,678 - __main__ - DEBUG - 🎯 Eval HMM masking: step 200 masked due to negative reward
2025-09-28 10:01:27,704 - __main__ - WARNING - ⚠️ Episode 33 terminated due to step limit.
2025-09-28 10:01:28,933 - __main__ - DEBUG - 🎯 Eval HMM masking: step 100 masked due to negative reward
2025-09-28 10:01:29,440 - __main__ - DEBUG - 🎯 Eval HMM masking: step 150 masked due to negative reward
2025-09-28 10:01:29,947 - __main__ - DEBUG - 🎯 Eval HMM masking: step 200 masked due to negative reward
2025-09-28 10:01:30,452 - __main__ - DEBUG - 🎯 Eval HMM masking: step 250 masked due to negative reward
2025-09-28 10:01:30,960 - __main__ - DEBUG - 🎯 Eval HMM masking: step 300 masked due to negative reward
2025-09-28 10:01:31,970 - __main__ - WARNING - ⚠️ Episode 34 terminated due to step limit.
2025-09-28 10:01:33,709 - __main__ - DEBUG - 🎯 Eval HMM masking: step 150 masked due to negative reward
2025-09-28 10:01:36,252 - __main__ - WARNING - ⚠️ Episode 35 terminated due to step limit.
2025-09-28 10:01:38,504 - __main__ - DEBUG - 🎯 Eval HMM masking: step 200 masked due to negative reward
2025-09-28 10:01:39,011 - __main__ - DEBUG - 🎯 Eval HMM masking: step 250 masked due to negative reward
2025-09-28 10:01:40,533 - __main__ - WARNING - ⚠️ Episode 36 terminated due to step limit.
2025-09-28 10:01:42,788 - __main__ - DEBUG - 🎯 Eval HMM masking: step 200 masked due to negative reward
2025-09-28 10:01:44,810 - __main__ - WARNING - ⚠️ Episode 37 terminated due to step limit.
2025-09-28 10:01:47,573 - __main__ - DEBUG - 🎯 Eval HMM masking: step 250 masked due to negative reward
2025-09-28 10:01:49,085 - __main__ - WARNING - ⚠️ Episode 38 terminated due to step limit.
2025-09-28 10:01:49,817 - __main__ - DEBUG - 🎯 Eval HMM masking: step 50 masked due to negative reward
2025-09-28 10:01:51,338 - __main__ - DEBUG - 🎯 Eval HMM masking: step 200 masked due to negative reward
2025-09-28 10:01:53,356 - __main__ - WARNING - ⚠️ Episode 39 terminated due to step limit.
2025-09-28 10:01:57,622 - __main__ - WARNING - ⚠️ Episode 40 terminated due to step limit.
2025-09-28 10:01:58,855 - __main__ - DEBUG - 🎯 Eval HMM masking: step 100 masked due to negative reward
2025-09-28 10:01:59,364 - __main__ - DEBUG - 🎯 Eval HMM masking: step 150 masked due to negative reward
2025-09-28 10:02:01,890 - __main__ - WARNING - ⚠️ Episode 41 terminated due to step limit.
2025-09-28 10:02:03,117 - __main__ - DEBUG - 🎯 Eval HMM masking: step 100 masked due to negative reward
2025-09-28 10:02:06,150 - __main__ - WARNING - ⚠️ Episode 42 terminated due to step limit.
2025-09-28 10:02:07,398 - __main__ - DEBUG - 🎯 Eval HMM masking: step 100 masked due to negative reward
2025-09-28 10:02:08,406 - __main__ - DEBUG - 🎯 Eval HMM masking: step 200 masked due to negative reward
2025-09-28 10:02:08,912 - __main__ - DEBUG - 🎯 Eval HMM masking: step 250 masked due to negative reward
2025-09-28 10:02:10,422 - __main__ - WARNING - ⚠️ Episode 43 terminated due to step limit.
2025-09-28 10:02:13,173 - __main__ - DEBUG - 🎯 Eval HMM masking: step 250 masked due to negative reward
2025-09-28 10:02:14,693 - __main__ - WARNING - ⚠️ Episode 44 terminated due to step limit.
2025-09-28 10:02:17,154 - __main__ - DEBUG - 🎯 Eval HMM masking: step 200 masked due to negative reward
2025-09-28 10:02:18,683 - __main__ - DEBUG - 🎯 Eval HMM masking: step 350 masked due to negative reward
2025-09-28 10:02:19,184 - __main__ - WARNING - ⚠️ Episode 45 terminated due to step limit.
2025-09-28 10:02:21,443 - __main__ - DEBUG - 🎯 Eval HMM masking: step 200 masked due to negative reward
2025-09-28 10:02:23,474 - __main__ - WARNING - ⚠️ Episode 46 terminated due to step limit.
2025-09-28 10:02:25,218 - __main__ - DEBUG - 🎯 Eval HMM masking: step 150 masked due to negative reward
2025-09-28 10:02:26,746 - __main__ - DEBUG - 🎯 Eval HMM masking: step 300 masked due to negative reward
2025-09-28 10:02:27,757 - __main__ - WARNING - ⚠️ Episode 47 terminated due to step limit.
2025-09-28 10:02:30,514 - __main__ - DEBUG - 🎯 Eval HMM masking: step 250 masked due to negative reward
2025-09-28 10:02:32,030 - __main__ - WARNING - ⚠️ Episode 48 terminated due to step limit.
2025-09-28 10:02:35,285 - __main__ - DEBUG - 🎯 Eval HMM masking: step 300 masked due to negative reward
2025-09-28 10:02:36,286 - __main__ - WARNING - ⚠️ Episode 49 terminated due to step limit.
2025-09-28 10:02:40,710 - __main__ - WARNING - ⚠️ Episode 50 terminated due to step limit.
2025-09-28 10:02:40,928 - __main__ - INFO - 📊 Evaluation Results (Current Round):
2025-09-28 10:02:40,928 - __main__ - INFO -    Episodes: 50
2025-09-28 10:02:40,928 - __main__ - INFO -    Time: 213.5s (4.3s/ep)
2025-09-28 10:02:40,928 - __main__ - INFO -    Average Return: -0.790 ± 0.271
2025-09-28 10:02:40,929 - __main__ - INFO -    Success Rate: 0.0%
2025-09-28 10:02:40,929 - __main__ - INFO -    Average Length: 400.0
2025-09-28 10:02:40,929 - __main__ - INFO -    Average Coverage: 76.0 positions
2025-09-28 10:02:40,929 - __main__ - INFO -    Episode Completions: 0 terminated (0.0%), 50 truncated (100.0%)
2025-09-28 10:02:40,929 - __main__ - INFO - 📈 Total Evaluation Statistics:
2025-09-28 10:02:40,930 - __main__ - INFO -    Total Episodes: 100
2025-09-28 10:02:40,930 - __main__ - INFO -    Total Average Return: -0.720 ± 0.260
2025-09-28 10:02:40,930 - __main__ - INFO -    Total Average Length: 400.0 ± 0.0
2025-09-28 10:02:40,930 - __main__ - INFO -    Total Completions: 0 terminated (0.0%), 100 truncated (100.0%)
2025-09-28 10:02:40,930 - __main__ - INFO -    Skill Entropy: 0.038
2025-09-28 10:02:40,930 - __main__ - INFO -    Used Skills: 3.0
2025-09-28 10:02:40,930 - __main__ - INFO -    Effective K: 2.10
2025-09-28 10:02:40,930 - __main__ - INFO - 🎯 Action Usage Statistics:
2025-09-28 10:02:40,931 - __main__ - INFO -    Unique actions in evaluation: 10
2025-09-28 10:02:40,931 - __main__ - INFO -    Unique actions in training: 10
2025-09-28 10:02:40,931 - __main__ - INFO -    Total unique actions: 10
2025-09-28 10:02:40,931 - __main__ - INFO -    Action coverage: 8.3%
2025-09-28 10:02:40,931 - __main__ - INFO -    Train action count: 20480
2025-09-28 10:02:40,931 - __main__ - INFO -    Eval action count: 40000
2025-09-28 10:02:40,931 - __main__ - INFO -    Train action entropy: 1.837
2025-09-28 10:02:40,932 - __main__ - INFO -    Eval action entropy: 1.829
2025-09-28 10:02:40,932 - __main__ - INFO -    Top 3 train actions: #1(5684), #2(4649), #0(4081)
2025-09-28 10:02:40,932 - __main__ - INFO -    Top 3 eval actions: #0(9763), #2(8579), #1(8265)
2025-09-28 10:02:47,187 - __main__ - INFO - 📊 Episodes completed this rollout: 8
2025-09-28 10:02:47,187 - __main__ - INFO - 📈 Episode stats: avg return = -0.60, avg length = 400.0
2025-09-28 10:02:47,188 - __main__ - INFO - 🎯 Top 3 training actions: #1(6125), #2(4970), #0(4638)
2025-09-28 10:02:59,115 - __main__ - INFO - 📊 Episodes completed this rollout: 8
2025-09-28 10:02:59,116 - __main__ - INFO - 📈 Episode stats: avg return = -0.64, avg length = 400.0
2025-09-28 10:02:59,116 - __main__ - INFO - 🎯 Top 3 training actions: #1(6919), #2(5491), #0(5241)
2025-09-28 10:03:12,380 - __main__ - INFO - 🔄 Synchronized model update at step 28,672
2025-09-28 10:03:12,381 - __main__ - INFO -    HMM interval: 8,846, VAE interval: 8,846
2025-09-28 10:03:12,381 - __main__ - INFO - 🚫 Model training masking: 1575/9216 timesteps masked (17.1%) due to negative rewards (invalid actions)
2025-09-28 10:03:12,643 - __main__ - INFO - 🔄 Capping HMM batch size from 1025 to 128 to prevent OOM
2025-09-28 10:03:12,643 - __main__ - INFO - 🔄 HMM refresh starting at step 28,672 with replay size 128x58
2025-09-28 10:03:15,867 - __main__ - DEBUG - Initial ELBO: 119612965.3441
2025-09-28 10:03:15,868 - __main__ - DEBUG - Relative tol: 0.0100
2025-09-28 10:03:15,868 - __main__ - DEBUG - Relative elbo_drop_tol: 0.0100
2025-09-28 10:03:15,868 - __main__ - DEBUG - - Init -519.5839
2025-09-28 10:03:15,869 - __main__ - DEBUG - - Trans -4.5734
2025-09-28 10:03:15,869 - __main__ - DEBUG - - Emit 32873.6173
2025-09-28 10:03:15,869 - __main__ - DEBUG - - Entropy 0.0003
2025-09-28 10:03:15,869 - __main__ - DEBUG - - Dir 119585912.0000
2025-09-28 10:03:15,869 - __main__ - DEBUG - - NIW -5275.5371
2025-09-28 10:03:15,869 - __main__ - DEBUG - - Beta prior -20.5790
2025-09-28 10:03:19,437 - __main__ - DEBUG - Iter 0: ELBO after FB: 119612965.3441 (LL 32349.4602, Δ=0.0000)
2025-09-28 10:03:19,438 - __main__ - DEBUG - Blending stats with ρ_niw=0.0500, ρ_tr=0.0500.
2025-09-28 10:03:19,482 - __main__ - DEBUG - Iter 0: ELBO after NIW update: 119614345.1664 (Emit LL 34333.8243, NIW term -5355.9219, Δ=1379.8222)
2025-09-28 10:03:19,526 - __main__ - DEBUG - Iter 0: ELBO after Dirichlet update: 28455.8206 (Trans LL -4.5623, Dir term 22.6431, Δ=-119585889.3458)
2025-09-28 10:03:19,587 - __main__ - DEBUG - Iter 0: ELBO after β update: 23319710.9404 (Init LL -519.7584, Dir term 23291278.0000, logp(β) -20.6416, Δ=23291255.1198)
2025-09-28 10:03:23,145 - __main__ - DEBUG - Iter 1: ELBO after FB: 23319710.9404 (LL 33809.5039, Δ=-0.0000)
2025-09-28 10:03:23,146 - __main__ - DEBUG - Blending stats with ρ_niw=0.0500, ρ_tr=0.0500.
2025-09-28 10:03:23,190 - __main__ - DEBUG - Iter 1: ELBO after NIW update: 23319710.9404 (Emit LL 34333.8243, NIW term -5355.9219, Δ=0.0000)
2025-09-28 10:03:23,235 - __main__ - DEBUG - Iter 1: ELBO after Dirichlet update: 23814118.9413 (Trans LL -4.5614, Dir term 23785686.0000, Δ=494408.0009)
2025-09-28 10:03:23,296 - __main__ - DEBUG - Iter 1: ELBO after β update: 46950088.6996 (Init LL -519.9371, Dir term 46921656.0000, logp(β) -20.7045, Δ=23135969.7583)
2025-09-28 10:03:26,807 - __main__ - DEBUG - Iter 2: ELBO after FB: 46950088.6996 (LL 33809.3260, Δ=0.0000)
2025-09-28 10:03:26,808 - __main__ - DEBUG - Blending stats with ρ_niw=0.0500, ρ_tr=0.0500.
2025-09-28 10:03:26,851 - __main__ - DEBUG - Iter 2: ELBO after NIW update: 46950088.6996 (Emit LL 34333.8243, NIW term -5355.9219, Δ=0.0000)
2025-09-28 10:03:26,894 - __main__ - DEBUG - Iter 2: ELBO after Dirichlet update: 47440948.7014 (Trans LL -4.5597, Dir term 47412516.0000, Δ=490860.0018)
2025-09-28 10:03:26,954 - __main__ - DEBUG - Iter 2: ELBO after β update: 70421520.4551 (Init LL -520.1204, Dir term 70393088.0000, logp(β) -20.7676, Δ=22980571.7536)
2025-09-28 10:03:30,526 - __main__ - DEBUG - Iter 3: ELBO after FB: 70421520.4551 (LL 33809.1445, Δ=0.0000)
2025-09-28 10:03:30,527 - __main__ - DEBUG - Blending stats with ρ_niw=0.0500, ρ_tr=0.0500.
2025-09-28 10:03:30,571 - __main__ - DEBUG - Iter 3: ELBO after NIW update: 70421520.4551 (Emit LL 34333.8243, NIW term -5355.9219, Δ=0.0000)
2025-09-28 10:03:30,618 - __main__ - DEBUG - Iter 3: ELBO after Dirichlet update: 70909120.4564 (Trans LL -4.5583, Dir term 70880688.0000, Δ=487600.0013)
2025-09-28 10:03:30,679 - __main__ - DEBUG - Iter 3: ELBO after β update: 93734888.2053 (Init LL -520.3081, Dir term 93706456.0000, logp(β) -20.8310, Δ=22825767.7489)
2025-09-28 10:03:34,261 - __main__ - DEBUG - Iter 4: ELBO after FB: 93734888.2053 (LL 33808.9581, Δ=0.0000)
2025-09-28 10:03:34,262 - __main__ - DEBUG - Blending stats with ρ_niw=0.0500, ρ_tr=0.0500.
2025-09-28 10:03:34,306 - __main__ - DEBUG - Iter 4: ELBO after NIW update: 93734888.2053 (Emit LL 34333.8243, NIW term -5355.9219, Δ=0.0000)
2025-09-28 10:03:34,351 - __main__ - DEBUG - Iter 4: ELBO after Dirichlet update: 93019616.2066 (Trans LL -4.5570, Dir term 92991184.0000, Δ=-715271.9987)
2025-09-28 10:03:34,411 - __main__ - DEBUG - Iter 4: ELBO after β update: 115642983.9508 (Init LL -520.5002, Dir term 115614552.0000, logp(β) -20.8947, Δ=22623367.7442)
2025-09-28 10:03:34,413 - __main__ - INFO -    HMM refresh complete: ELBO=130.3712, iters=0, max iters, states=40
2025-09-28 10:03:34,413 - __main__ - INFO -    ✅ HMM updated (next in 10,615 steps)
2025-09-28 10:03:34,414 - __main__ - INFO - 🔄 VAE refresh starting at step 28,672 with replay size 8x1152
2025-09-28 10:03:34,415 - __main__ - INFO -    Using span sampling (9216 timesteps, too large for full buffer)
2025-09-28 10:03:54,393 - __main__ - INFO -    VAE refresh complete: final_loss=2332.8948, avg_loss=2337.1346, steps=4/4, trend=improving, total_timesteps=9216, span_sampling=32_requested×4_steps, span_len=64
2025-09-28 10:03:54,394 - __main__ - INFO -    ✅ VAE updated (next in 10,615 steps)
2025-09-28 10:03:56,597 - __main__ - INFO - 📊 Episodes completed this rollout: 8
2025-09-28 10:03:56,597 - __main__ - INFO - 📈 Episode stats: avg return = -0.65, avg length = 400.0
2025-09-28 10:03:56,597 - __main__ - INFO - 🎯 Top 3 training actions: #1(7923), #0(6307), #2(6048)
2025-09-28 10:04:02,082 - __main__ - INFO - 🧪 Starting evaluation with 50 episodes...
2025-09-28 10:04:02,082 - __main__ - INFO -    Eval seed: 51
2025-09-28 10:04:02,082 - __main__ - INFO -    Max episode steps (eval): env default
2025-09-28 10:04:02,084 - nle.env.base - INFO - Not saving any NLE data.
2025-09-28 10:04:06,164 - __main__ - WARNING - ⚠️ Episode 1 terminated due to step limit.
2025-09-28 10:04:06,890 - __main__ - DEBUG - 🎯 Eval HMM masking: step 50 masked due to negative reward
2025-09-28 10:04:10,419 - __main__ - WARNING - ⚠️ Episode 2 terminated due to step limit.
2025-09-28 10:04:12,157 - __main__ - DEBUG - 🎯 Eval HMM masking: step 150 masked due to negative reward
2025-09-28 10:04:12,667 - __main__ - DEBUG - 🎯 Eval HMM masking: step 200 masked due to negative reward
2025-09-28 10:04:13,679 - __main__ - DEBUG - 🎯 Eval HMM masking: step 300 masked due to negative reward
2025-09-28 10:04:14,683 - __main__ - WARNING - ⚠️ Episode 3 terminated due to step limit.
2025-09-28 10:04:18,939 - __main__ - WARNING - ⚠️ Episode 4 terminated due to step limit.
2025-09-28 10:04:23,209 - __main__ - WARNING - ⚠️ Episode 5 terminated due to step limit.
2025-09-28 10:04:24,946 - __main__ - DEBUG - 🎯 Eval HMM masking: step 150 masked due to negative reward
2025-09-28 10:04:27,475 - __main__ - WARNING - ⚠️ Episode 6 terminated due to step limit.
2025-09-28 10:04:28,703 - __main__ - DEBUG - 🎯 Eval HMM masking: step 100 masked due to negative reward
2025-09-28 10:04:29,715 - __main__ - DEBUG - 🎯 Eval HMM masking: step 200 masked due to negative reward
2025-09-28 10:04:31,734 - __main__ - WARNING - ⚠️ Episode 7 terminated due to step limit.
2025-09-28 10:04:33,973 - __main__ - DEBUG - 🎯 Eval HMM masking: step 200 masked due to negative reward
2025-09-28 10:04:35,991 - __main__ - WARNING - ⚠️ Episode 8 terminated due to step limit.
2025-09-28 10:04:37,218 - __main__ - DEBUG - 🎯 Eval HMM masking: step 100 masked due to negative reward
2025-09-28 10:04:40,248 - __main__ - WARNING - ⚠️ Episode 9 terminated due to step limit.
2025-09-28 10:04:43,492 - __main__ - DEBUG - 🎯 Eval HMM masking: step 300 masked due to negative reward
2025-09-28 10:04:44,525 - __main__ - WARNING - ⚠️ Episode 10 terminated due to step limit.
2025-09-28 10:04:47,780 - __main__ - DEBUG - 🎯 Eval HMM masking: step 300 masked due to negative reward
2025-09-28 10:04:48,787 - __main__ - WARNING - ⚠️ Episode 11 terminated due to step limit.
2025-09-28 10:04:49,511 - __main__ - DEBUG - 🎯 Eval HMM masking: step 50 masked due to negative reward
2025-09-28 10:04:52,048 - __main__ - DEBUG - 🎯 Eval HMM masking: step 300 masked due to negative reward
2025-09-28 10:04:53,052 - __main__ - WARNING - ⚠️ Episode 12 terminated due to step limit.
2025-09-28 10:04:55,285 - __main__ - DEBUG - 🎯 Eval HMM masking: step 200 masked due to negative reward
2025-09-28 10:04:55,791 - __main__ - DEBUG - 🎯 Eval HMM masking: step 250 masked due to negative reward
2025-09-28 10:04:57,303 - __main__ - WARNING - ⚠️ Episode 13 terminated due to step limit.
2025-09-28 10:04:58,028 - __main__ - DEBUG - 🎯 Eval HMM masking: step 50 masked due to negative reward
2025-09-28 10:04:58,542 - __main__ - DEBUG - 🎯 Eval HMM masking: step 100 masked due to negative reward
2025-09-28 10:04:59,045 - __main__ - DEBUG - 🎯 Eval HMM masking: step 150 masked due to negative reward
2025-09-28 10:05:00,057 - __main__ - DEBUG - 🎯 Eval HMM masking: step 250 masked due to negative reward
2025-09-28 10:05:00,563 - __main__ - DEBUG - 🎯 Eval HMM masking: step 300 masked due to negative reward
2025-09-28 10:05:01,564 - __main__ - WARNING - ⚠️ Episode 14 terminated due to step limit.
2025-09-28 10:05:03,288 - __main__ - DEBUG - 🎯 Eval HMM masking: step 150 masked due to negative reward
2025-09-28 10:05:05,801 - __main__ - WARNING - ⚠️ Episode 15 terminated due to step limit.
2025-09-28 10:05:07,034 - __main__ - DEBUG - 🎯 Eval HMM masking: step 100 masked due to negative reward
2025-09-28 10:05:07,544 - __main__ - DEBUG - 🎯 Eval HMM masking: step 150 masked due to negative reward
2025-09-28 10:05:08,051 - __main__ - DEBUG - 🎯 Eval HMM masking: step 200 masked due to negative reward
2025-09-28 10:05:10,063 - __main__ - WARNING - ⚠️ Episode 16 terminated due to step limit.
2025-09-28 10:05:13,751 - __main__ - DEBUG - 🎯 Eval HMM masking: step 350 masked due to negative reward
2025-09-28 10:05:14,241 - __main__ - WARNING - ⚠️ Episode 17 terminated due to step limit.
2025-09-28 10:05:15,473 - __main__ - DEBUG - 🎯 Eval HMM masking: step 100 masked due to negative reward
2025-09-28 10:05:16,509 - __main__ - DEBUG - 🎯 Eval HMM masking: step 200 masked due to negative reward
2025-09-28 10:05:18,523 - __main__ - WARNING - ⚠️ Episode 18 terminated due to step limit.
2025-09-28 10:05:20,755 - __main__ - DEBUG - 🎯 Eval HMM masking: step 200 masked due to negative reward
2025-09-28 10:05:21,261 - __main__ - DEBUG - 🎯 Eval HMM masking: step 250 masked due to negative reward
2025-09-28 10:05:22,774 - __main__ - WARNING - ⚠️ Episode 19 terminated due to step limit.
2025-09-28 10:05:25,017 - __main__ - DEBUG - 🎯 Eval HMM masking: step 200 masked due to negative reward
2025-09-28 10:05:27,033 - __main__ - WARNING - ⚠️ Episode 20 terminated due to step limit.
2025-09-28 10:05:27,754 - __main__ - DEBUG - 🎯 Eval HMM masking: step 50 masked due to negative reward
2025-09-28 10:05:30,280 - __main__ - DEBUG - 🎯 Eval HMM masking: step 300 masked due to negative reward
2025-09-28 10:05:31,282 - __main__ - WARNING - ⚠️ Episode 21 terminated due to step limit.
2025-09-28 10:05:32,005 - __main__ - DEBUG - 🎯 Eval HMM masking: step 50 masked due to negative reward
2025-09-28 10:05:34,026 - __main__ - DEBUG - 🎯 Eval HMM masking: step 250 masked due to negative reward
2025-09-28 10:05:35,532 - __main__ - WARNING - ⚠️ Episode 22 terminated due to step limit.
2025-09-28 10:05:39,777 - __main__ - WARNING - ⚠️ Episode 23 terminated due to step limit.
2025-09-28 10:05:42,525 - __main__ - DEBUG - 🎯 Eval HMM masking: step 250 masked due to negative reward
2025-09-28 10:05:44,035 - __main__ - WARNING - ⚠️ Episode 24 terminated due to step limit.
2025-09-28 10:05:44,758 - __main__ - DEBUG - 🎯 Eval HMM masking: step 50 masked due to negative reward
2025-09-28 10:05:46,269 - __main__ - DEBUG - 🎯 Eval HMM masking: step 200 masked due to negative reward
2025-09-28 10:05:48,287 - __main__ - WARNING - ⚠️ Episode 25 terminated due to step limit.
2025-09-28 10:05:49,510 - __main__ - DEBUG - 🎯 Eval HMM masking: step 100 masked due to negative reward
2025-09-28 10:05:50,013 - __main__ - DEBUG - 🎯 Eval HMM masking: step 150 masked due to negative reward
2025-09-28 10:05:52,528 - __main__ - WARNING - ⚠️ Episode 26 terminated due to step limit.
2025-09-28 10:05:54,267 - __main__ - DEBUG - 🎯 Eval HMM masking: step 150 masked due to negative reward
2025-09-28 10:05:56,790 - __main__ - WARNING - ⚠️ Episode 27 terminated due to step limit.
2025-09-28 10:06:00,555 - __main__ - DEBUG - 🎯 Eval HMM masking: step 350 masked due to negative reward
2025-09-28 10:06:01,053 - __main__ - WARNING - ⚠️ Episode 28 terminated due to step limit.
2025-09-28 10:06:05,310 - __main__ - WARNING - ⚠️ Episode 29 terminated due to step limit.
2025-09-28 10:06:09,555 - __main__ - WARNING - ⚠️ Episode 30 terminated due to step limit.
2025-09-28 10:06:10,779 - __main__ - DEBUG - 🎯 Eval HMM masking: step 100 masked due to negative reward
2025-09-28 10:06:13,794 - __main__ - WARNING - ⚠️ Episode 31 terminated due to step limit.
2025-09-28 10:06:18,056 - __main__ - WARNING - ⚠️ Episode 32 terminated due to step limit.
2025-09-28 10:06:22,313 - __main__ - WARNING - ⚠️ Episode 33 terminated due to step limit.
2025-09-28 10:06:23,031 - __main__ - DEBUG - 🎯 Eval HMM masking: step 50 masked due to negative reward
2025-09-28 10:06:25,547 - __main__ - DEBUG - 🎯 Eval HMM masking: step 300 masked due to negative reward
2025-09-28 10:06:26,547 - __main__ - WARNING - ⚠️ Episode 34 terminated due to step limit.
2025-09-28 10:06:28,280 - __main__ - DEBUG - 🎯 Eval HMM masking: step 150 masked due to negative reward
2025-09-28 10:06:30,304 - __main__ - DEBUG - 🎯 Eval HMM masking: step 350 masked due to negative reward
2025-09-28 10:06:30,804 - __main__ - WARNING - ⚠️ Episode 35 terminated due to step limit.
2025-09-28 10:06:35,061 - __main__ - WARNING - ⚠️ Episode 36 terminated due to step limit.
2025-09-28 10:06:39,309 - __main__ - WARNING - ⚠️ Episode 37 terminated due to step limit.
2025-09-28 10:06:42,551 - __main__ - DEBUG - 🎯 Eval HMM masking: step 300 masked due to negative reward
2025-09-28 10:06:43,553 - __main__ - WARNING - ⚠️ Episode 38 terminated due to step limit.
2025-09-28 10:06:47,806 - __main__ - WARNING - ⚠️ Episode 39 terminated due to step limit.
2025-09-28 10:06:48,531 - __main__ - DEBUG - 🎯 Eval HMM masking: step 50 masked due to negative reward
2025-09-28 10:06:52,073 - __main__ - WARNING - ⚠️ Episode 40 terminated due to step limit.
2025-09-28 10:06:56,323 - __main__ - WARNING - ⚠️ Episode 41 terminated due to step limit.
2025-09-28 10:07:00,573 - __main__ - WARNING - ⚠️ Episode 42 terminated due to step limit.
2025-09-28 10:07:04,814 - __main__ - WARNING - ⚠️ Episode 43 terminated due to step limit.
2025-09-28 10:07:09,070 - __main__ - WARNING - ⚠️ Episode 44 terminated due to step limit.
2025-09-28 10:07:11,309 - __main__ - DEBUG - 🎯 Eval HMM masking: step 200 masked due to negative reward
2025-09-28 10:07:13,325 - __main__ - WARNING - ⚠️ Episode 45 terminated due to step limit.
2025-09-28 10:07:17,086 - __main__ - DEBUG - 🎯 Eval HMM masking: step 350 masked due to negative reward
2025-09-28 10:07:17,586 - __main__ - WARNING - ⚠️ Episode 46 terminated due to step limit.
2025-09-28 10:07:21,850 - __main__ - WARNING - ⚠️ Episode 47 terminated due to step limit.
2025-09-28 10:07:22,580 - __main__ - DEBUG - 🎯 Eval HMM masking: step 50 masked due to negative reward
2025-09-28 10:07:26,127 - __main__ - WARNING - ⚠️ Episode 48 terminated due to step limit.
2025-09-28 10:07:29,397 - __main__ - DEBUG - 🎯 Eval HMM masking: step 300 masked due to negative reward
2025-09-28 10:07:30,405 - __main__ - WARNING - ⚠️ Episode 49 terminated due to step limit.
2025-09-28 10:07:31,635 - __main__ - DEBUG - 🎯 Eval HMM masking: step 100 masked due to negative reward
2025-09-28 10:07:34,674 - __main__ - WARNING - ⚠️ Episode 50 terminated due to step limit.
2025-09-28 10:07:34,883 - __main__ - INFO - 📊 Evaluation Results (Current Round):
2025-09-28 10:07:34,883 - __main__ - INFO -    Episodes: 50
2025-09-28 10:07:34,883 - __main__ - INFO -    Time: 212.8s (4.3s/ep)
2025-09-28 10:07:34,883 - __main__ - INFO -    Average Return: -0.618 ± 0.184
2025-09-28 10:07:34,883 - __main__ - INFO -    Success Rate: 0.0%
2025-09-28 10:07:34,883 - __main__ - INFO -    Average Length: 400.0
2025-09-28 10:07:34,883 - __main__ - INFO -    Average Coverage: 87.4 positions
2025-09-28 10:07:34,884 - __main__ - INFO -    Episode Completions: 0 terminated (0.0%), 50 truncated (100.0%)
2025-09-28 10:07:34,884 - __main__ - INFO - 📈 Total Evaluation Statistics:
2025-09-28 10:07:34,884 - __main__ - INFO -    Total Episodes: 150
2025-09-28 10:07:34,884 - __main__ - INFO -    Total Average Return: -0.686 ± 0.242
2025-09-28 10:07:34,884 - __main__ - INFO -    Total Average Length: 400.0 ± 0.0
2025-09-28 10:07:34,884 - __main__ - INFO -    Total Completions: 0 terminated (0.0%), 150 truncated (100.0%)
2025-09-28 10:07:34,884 - __main__ - INFO -    Skill Entropy: 0.002
2025-09-28 10:07:34,885 - __main__ - INFO -    Used Skills: 3.0
2025-09-28 10:07:34,885 - __main__ - INFO -    Effective K: 1.81
2025-09-28 10:07:34,885 - __main__ - INFO - 🎯 Action Usage Statistics:
2025-09-28 10:07:34,885 - __main__ - INFO -    Unique actions in evaluation: 10
2025-09-28 10:07:34,885 - __main__ - INFO -    Unique actions in training: 10
2025-09-28 10:07:34,885 - __main__ - INFO -    Total unique actions: 10
2025-09-28 10:07:34,885 - __main__ - INFO -    Action coverage: 8.3%
2025-09-28 10:07:34,885 - __main__ - INFO -    Train action count: 30720
2025-09-28 10:07:34,886 - __main__ - INFO -    Eval action count: 60000
2025-09-28 10:07:34,886 - __main__ - INFO -    Train action entropy: 1.861
2025-09-28 10:07:34,886 - __main__ - INFO -    Eval action entropy: 1.848
2025-09-28 10:07:34,887 - __main__ - INFO -    Top 3 train actions: #1(8207), #0(6506), #2(6215)
2025-09-28 10:07:34,887 - __main__ - INFO -    Top 3 eval actions: #0(13999), #1(13529), #2(12030)
2025-09-28 10:07:40,884 - __main__ - INFO - 📊 Episodes completed this rollout: 8
2025-09-28 10:07:40,885 - __main__ - INFO - 📈 Episode stats: avg return = -0.66, avg length = 400.0
2025-09-28 10:07:40,885 - __main__ - INFO - 🎯 Top 3 training actions: #1(8763), #0(6965), #2(6558)
2025-09-28 10:07:52,680 - __main__ - INFO - 📊 Episodes completed this rollout: 8
2025-09-28 10:07:52,681 - __main__ - INFO - 📈 Episode stats: avg return = -0.59, avg length = 400.0
2025-09-28 10:07:52,681 - __main__ - INFO - 🎯 Top 3 training actions: #1(9564), #0(7608), #2(7037)
2025-09-28 10:08:04,603 - __main__ - INFO - 📊 Episodes completed this rollout: 8
2025-09-28 10:08:04,603 - __main__ - INFO - 📈 Episode stats: avg return = -0.53, avg length = 400.0
2025-09-28 10:08:04,603 - __main__ - INFO - 🎯 Top 3 training actions: #1(10232), #0(8190), #2(7482)
2025-09-28 10:08:10,257 - __main__ - INFO - 🔄 Synchronized model update at step 39,936
2025-09-28 10:08:10,258 - __main__ - INFO -    HMM interval: 10,615, VAE interval: 10,615
2025-09-28 10:08:10,258 - __main__ - INFO - 🚫 Model training masking: 2167/11264 timesteps masked (19.2%) due to negative rewards (invalid actions)
2025-09-28 10:08:10,607 - __main__ - INFO - 🔄 Capping HMM batch size from 1206 to 128 to prevent OOM
2025-09-28 10:08:10,608 - __main__ - INFO - 🔄 HMM refresh starting at step 39,936 with replay size 128x60
2025-09-28 10:08:14,086 - __main__ - DEBUG - Initial ELBO: 115640108.6407
2025-09-28 10:08:14,088 - __main__ - DEBUG - Relative tol: 0.0100
2025-09-28 10:08:14,088 - __main__ - DEBUG - Relative elbo_drop_tol: 0.0100
2025-09-28 10:08:14,088 - __main__ - DEBUG - - Init -520.5002
2025-09-28 10:08:14,088 - __main__ - DEBUG - - Trans -4.1023
2025-09-28 10:08:14,088 - __main__ - DEBUG - - Emit 31458.0594
2025-09-28 10:08:14,088 - __main__ - DEBUG - - Entropy 0.0003
2025-09-28 10:08:14,088 - __main__ - DEBUG - - Dir 115614552.0000
2025-09-28 10:08:14,088 - __main__ - DEBUG - - NIW -5355.9219
2025-09-28 10:08:14,089 - __main__ - DEBUG - - Beta prior -20.8947
2025-09-28 10:08:17,957 - __main__ - DEBUG - Iter 0: ELBO after FB: 115640108.6407 (LL 30933.4573, Δ=0.0000)
2025-09-28 10:08:17,958 - __main__ - DEBUG - Blending stats with ρ_niw=0.0500, ρ_tr=0.0500.
2025-09-28 10:08:18,004 - __main__ - DEBUG - Iter 0: ELBO after NIW update: 115640891.3565 (Emit LL 32295.4476, NIW term -5410.5942, Δ=782.7158)
2025-09-28 10:08:18,051 - __main__ - DEBUG - Iter 0: ELBO after Dirichlet update: 26345.7558 (Trans LL -4.1079, Dir term 6.4049, Δ=-115614545.6007)
2025-09-28 10:08:18,114 - __main__ - DEBUG - Iter 0: ELBO after β update: 22543235.0903 (Init LL -520.6968, Dir term 22516896.0000, logp(β) -20.9587, Δ=22516889.3345)
2025-09-28 10:08:21,997 - __main__ - DEBUG - Iter 1: ELBO after FB: 22543235.0903 (LL 31770.6432, Δ=0.0000)
2025-09-28 10:08:21,998 - __main__ - DEBUG - Blending stats with ρ_niw=0.0500, ρ_tr=0.0500.
2025-09-28 10:08:22,044 - __main__ - DEBUG - Iter 1: ELBO after NIW update: 22543235.0903 (Emit LL 32295.4476, NIW term -5410.5942, Δ=0.0000)
2025-09-28 10:08:22,091 - __main__ - DEBUG - Iter 1: ELBO after Dirichlet update: 23022433.0919 (Trans LL -4.1063, Dir term 22996094.0000, Δ=479198.0016)
2025-09-28 10:08:22,155 - __main__ - DEBUG - Iter 1: ELBO after β update: 45385666.8268 (Init LL -520.8979, Dir term 45359328.0000, logp(β) -21.0227, Δ=22363233.7349)
2025-09-28 10:08:26,022 - __main__ - DEBUG - Iter 2: ELBO after FB: 45385666.8268 (LL 31770.4438, Δ=0.0000)
2025-09-28 10:08:26,023 - __main__ - DEBUG - Blending stats with ρ_niw=0.0500, ρ_tr=0.0500.
2025-09-28 10:08:26,071 - __main__ - DEBUG - Iter 2: ELBO after NIW update: 45385666.8268 (Emit LL 32295.4476, NIW term -5410.5942, Δ=0.0000)
2025-09-28 10:08:26,117 - __main__ - DEBUG - Iter 2: ELBO after Dirichlet update: 45861138.8280 (Trans LL -4.1051, Dir term 45834800.0000, Δ=475472.0012)
2025-09-28 10:08:26,180 - __main__ - DEBUG - Iter 2: ELBO after β update: 68070946.5577 (Init LL -521.1035, Dir term 68044608.0000, logp(β) -21.0874, Δ=22209807.7297)
2025-09-28 10:08:30,038 - __main__ - DEBUG - Iter 3: ELBO after FB: 68070946.5577 (LL 31770.2393, Δ=0.0000)
2025-09-28 10:08:30,039 - __main__ - DEBUG - Blending stats with ρ_niw=0.0500, ρ_tr=0.0500.
2025-09-28 10:08:30,084 - __main__ - DEBUG - Iter 3: ELBO after NIW update: 68070946.5577 (Emit LL 32295.4476, NIW term -5410.5942, Δ=0.0000)
2025-09-28 10:08:30,127 - __main__ - DEBUG - Iter 3: ELBO after Dirichlet update: 68543450.5593 (Trans LL -4.1035, Dir term 68517112.0000, Δ=472504.0016)
2025-09-28 10:08:30,187 - __main__ - DEBUG - Iter 3: ELBO after β update: 90600586.2843 (Init LL -521.3135, Dir term 90574248.0000, logp(β) -21.1523, Δ=22057135.7250)
2025-09-28 10:08:33,855 - __main__ - DEBUG - Iter 4: ELBO after FB: 90600586.2843 (LL 31770.0309, Δ=0.0000)
2025-09-28 10:08:33,856 - __main__ - DEBUG - Blending stats with ρ_niw=0.0500, ρ_tr=0.0500.
2025-09-28 10:08:33,901 - __main__ - DEBUG - Iter 4: ELBO after NIW update: 90600586.2843 (Emit LL 32295.4476, NIW term -5410.5942, Δ=0.0000)
2025-09-28 10:08:33,945 - __main__ - DEBUG - Iter 4: ELBO after Dirichlet update: 91069122.2855 (Trans LL -4.1023, Dir term 91042784.0000, Δ=468536.0012)
2025-09-28 10:08:34,007 - __main__ - DEBUG - Iter 4: ELBO after β update: 112972466.0060 (Init LL -521.5280, Dir term 112946128.0000, logp(β) -21.2174, Δ=21903343.7205)
2025-09-28 10:08:34,009 - __main__ - INFO -    HMM refresh complete: ELBO=196.3522, iters=0, max iters, states=40
2025-09-28 10:08:34,009 - __main__ - INFO -    ✅ HMM updated (next in 12,000 steps)
2025-09-28 10:08:34,010 - __main__ - INFO - 🔄 VAE refresh starting at step 39,936 with replay size 8x1408
2025-09-28 10:08:34,010 - __main__ - INFO -    Using span sampling (11264 timesteps, too large for full buffer)
2025-09-28 10:08:53,916 - __main__ - INFO -    VAE refresh complete: final_loss=2329.9817, avg_loss=2326.2103, steps=4/4, trend=stable, total_timesteps=11264, span_sampling=32_requested×4_steps, span_len=64
2025-09-28 10:08:53,917 - __main__ - INFO -    ✅ VAE updated (next in 12,000 steps)
2025-09-28 10:08:57,680 - __main__ - INFO - 🧪 Starting evaluation with 50 episodes...
2025-09-28 10:08:57,680 - __main__ - INFO -    Eval seed: 51
2025-09-28 10:08:57,680 - __main__ - INFO -    Max episode steps (eval): env default
2025-09-28 10:08:57,681 - nle.env.base - INFO - Not saving any NLE data.
2025-09-28 10:08:59,228 - __main__ - DEBUG - 🎯 Eval HMM masking: step 150 masked due to negative reward
2025-09-28 10:09:01,741 - __main__ - WARNING - ⚠️ Episode 1 terminated due to step limit.
2025-09-28 10:09:06,004 - __main__ - WARNING - ⚠️ Episode 2 terminated due to step limit.
2025-09-28 10:09:08,257 - __main__ - DEBUG - 🎯 Eval HMM masking: step 200 masked due to negative reward
2025-09-28 10:09:10,276 - __main__ - WARNING - ⚠️ Episode 3 terminated due to step limit.
2025-09-28 10:09:14,552 - __main__ - WARNING - ⚠️ Episode 4 terminated due to step limit.
2025-09-28 10:09:15,274 - __main__ - DEBUG - 🎯 Eval HMM masking: step 50 masked due to negative reward
2025-09-28 10:09:17,817 - __main__ - DEBUG - 🎯 Eval HMM masking: step 300 masked due to negative reward
2025-09-28 10:09:18,825 - __main__ - WARNING - ⚠️ Episode 5 terminated due to step limit.
2025-09-28 10:09:20,567 - __main__ - DEBUG - 🎯 Eval HMM masking: step 150 masked due to negative reward
2025-09-28 10:09:23,097 - __main__ - WARNING - ⚠️ Episode 6 terminated due to step limit.
2025-09-28 10:09:27,401 - __main__ - WARNING - ⚠️ Episode 7 terminated due to step limit.
2025-09-28 10:09:29,711 - __main__ - DEBUG - 🎯 Eval HMM masking: step 200 masked due to negative reward
2025-09-28 10:09:30,231 - __main__ - DEBUG - 🎯 Eval HMM masking: step 250 masked due to negative reward
2025-09-28 10:09:31,791 - __main__ - WARNING - ⚠️ Episode 8 terminated due to step limit.
2025-09-28 10:09:36,187 - __main__ - WARNING - ⚠️ Episode 9 terminated due to step limit.
2025-09-28 10:09:40,583 - __main__ - WARNING - ⚠️ Episode 10 terminated due to step limit.
2025-09-28 10:09:42,378 - __main__ - DEBUG - 🎯 Eval HMM masking: step 150 masked due to negative reward
2025-09-28 10:09:44,977 - __main__ - WARNING - ⚠️ Episode 11 terminated due to step limit.
2025-09-28 10:09:45,741 - __main__ - DEBUG - 🎯 Eval HMM masking: step 50 masked due to negative reward
2025-09-28 10:09:49,498 - __main__ - WARNING - ⚠️ Episode 12 terminated due to step limit.
2025-09-28 10:09:51,815 - __main__ - DEBUG - 🎯 Eval HMM masking: step 200 masked due to negative reward
2025-09-28 10:09:52,334 - __main__ - DEBUG - 🎯 Eval HMM masking: step 250 masked due to negative reward
2025-09-28 10:09:53,888 - __main__ - WARNING - ⚠️ Episode 13 terminated due to step limit.
2025-09-28 10:09:56,724 - __main__ - DEBUG - 🎯 Eval HMM masking: step 250 masked due to negative reward
2025-09-28 10:09:58,288 - __main__ - WARNING - ⚠️ Episode 14 terminated due to step limit.
2025-09-28 10:09:59,559 - __main__ - DEBUG - 🎯 Eval HMM masking: step 100 masked due to negative reward
2025-09-28 10:10:02,671 - __main__ - WARNING - ⚠️ Episode 15 terminated due to step limit.
2025-09-28 10:10:07,038 - __main__ - WARNING - ⚠️ Episode 16 terminated due to step limit.
2025-09-28 10:10:09,878 - __main__ - DEBUG - 🎯 Eval HMM masking: step 250 masked due to negative reward
2025-09-28 10:10:11,437 - __main__ - WARNING - ⚠️ Episode 17 terminated due to step limit.
2025-09-28 10:10:12,741 - __main__ - DEBUG - 🎯 Eval HMM masking: step 100 masked due to negative reward
2025-09-28 10:10:13,813 - __main__ - DEBUG - 🎯 Eval HMM masking: step 200 masked due to negative reward
2025-09-28 10:10:15,954 - __main__ - WARNING - ⚠️ Episode 18 terminated due to step limit.
2025-09-28 10:10:18,343 - __main__ - DEBUG - 🎯 Eval HMM masking: step 200 masked due to negative reward
2025-09-28 10:10:20,423 - __main__ - WARNING - ⚠️ Episode 19 terminated due to step limit.
2025-09-28 10:10:22,737 - __main__ - DEBUG - 🎯 Eval HMM masking: step 200 masked due to negative reward
2025-09-28 10:10:23,258 - __main__ - DEBUG - 🎯 Eval HMM masking: step 250 masked due to negative reward
2025-09-28 10:10:24,818 - __main__ - WARNING - ⚠️ Episode 20 terminated due to step limit.
2025-09-28 10:10:28,224 - __main__ - DEBUG - 🎯 Eval HMM masking: step 300 masked due to negative reward
2025-09-28 10:10:28,755 - __main__ - DEBUG - 🎯 Eval HMM masking: step 350 masked due to negative reward
2025-09-28 10:10:29,280 - __main__ - WARNING - ⚠️ Episode 21 terminated due to step limit.
2025-09-28 10:10:32,108 - __main__ - DEBUG - 🎯 Eval HMM masking: step 250 masked due to negative reward
2025-09-28 10:10:33,667 - __main__ - WARNING - ⚠️ Episode 22 terminated due to step limit.
2025-09-28 10:10:38,028 - __main__ - WARNING - ⚠️ Episode 23 terminated due to step limit.
2025-09-28 10:10:38,781 - __main__ - DEBUG - 🎯 Eval HMM masking: step 50 masked due to negative reward
2025-09-28 10:10:40,370 - __main__ - DEBUG - 🎯 Eval HMM masking: step 200 masked due to negative reward
2025-09-28 10:10:41,957 - __main__ - DEBUG - 🎯 Eval HMM masking: step 350 masked due to negative reward
2025-09-28 10:10:42,478 - __main__ - WARNING - ⚠️ Episode 24 terminated due to step limit.
2025-09-28 10:10:43,230 - __main__ - DEBUG - 🎯 Eval HMM masking: step 50 masked due to negative reward
2025-09-28 10:10:44,793 - __main__ - DEBUG - 🎯 Eval HMM masking: step 200 masked due to negative reward
2025-09-28 10:10:46,887 - __main__ - WARNING - ⚠️ Episode 25 terminated due to step limit.
2025-09-28 10:10:47,636 - __main__ - DEBUG - 🎯 Eval HMM masking: step 50 masked due to negative reward
2025-09-28 10:10:48,675 - __main__ - DEBUG - 🎯 Eval HMM masking: step 150 masked due to negative reward
2025-09-28 10:10:51,277 - __main__ - WARNING - ⚠️ Episode 26 terminated due to step limit.
2025-09-28 10:10:52,029 - __main__ - DEBUG - 🎯 Eval HMM masking: step 50 masked due to negative reward
2025-09-28 10:10:53,072 - __main__ - DEBUG - 🎯 Eval HMM masking: step 150 masked due to negative reward
2025-09-28 10:10:54,113 - __main__ - DEBUG - 🎯 Eval HMM masking: step 250 masked due to negative reward
2025-09-28 10:10:55,672 - __main__ - WARNING - ⚠️ Episode 27 terminated due to step limit.
2025-09-28 10:11:00,080 - __main__ - WARNING - ⚠️ Episode 28 terminated due to step limit.
2025-09-28 10:11:02,933 - __main__ - DEBUG - 🎯 Eval HMM masking: step 250 masked due to negative reward
2025-09-28 10:11:04,495 - __main__ - WARNING - ⚠️ Episode 29 terminated due to step limit.
2025-09-28 10:11:07,332 - __main__ - DEBUG - 🎯 Eval HMM masking: step 250 masked due to negative reward
2025-09-28 10:11:08,890 - __main__ - WARNING - ⚠️ Episode 30 terminated due to step limit.
2025-09-28 10:11:13,273 - __main__ - WARNING - ⚠️ Episode 31 terminated due to step limit.
2025-09-28 10:11:15,061 - __main__ - DEBUG - 🎯 Eval HMM masking: step 150 masked due to negative reward
2025-09-28 10:11:17,663 - __main__ - WARNING - ⚠️ Episode 32 terminated due to step limit.
2025-09-28 10:11:20,494 - __main__ - DEBUG - 🎯 Eval HMM masking: step 250 masked due to negative reward
2025-09-28 10:11:21,538 - __main__ - DEBUG - 🎯 Eval HMM masking: step 350 masked due to negative reward
2025-09-28 10:11:22,050 - __main__ - WARNING - ⚠️ Episode 33 terminated due to step limit.
2025-09-28 10:11:22,798 - __main__ - DEBUG - 🎯 Eval HMM masking: step 50 masked due to negative reward
2025-09-28 10:11:26,444 - __main__ - WARNING - ⚠️ Episode 34 terminated due to step limit.
2025-09-28 10:11:27,191 - __main__ - DEBUG - 🎯 Eval HMM masking: step 50 masked due to negative reward
2025-09-28 10:11:30,831 - __main__ - WARNING - ⚠️ Episode 35 terminated due to step limit.
2025-09-28 10:11:35,236 - __main__ - WARNING - ⚠️ Episode 36 terminated due to step limit.
2025-09-28 10:11:37,531 - __main__ - DEBUG - 🎯 Eval HMM masking: step 200 masked due to negative reward
2025-09-28 10:11:38,044 - __main__ - DEBUG - 🎯 Eval HMM masking: step 250 masked due to negative reward
2025-09-28 10:11:39,584 - __main__ - WARNING - ⚠️ Episode 37 terminated due to step limit.
2025-09-28 10:11:40,320 - __main__ - DEBUG - 🎯 Eval HMM masking: step 50 masked due to negative reward
2025-09-28 10:11:43,966 - __main__ - WARNING - ⚠️ Episode 38 terminated due to step limit.
2025-09-28 10:11:48,334 - __main__ - WARNING - ⚠️ Episode 39 terminated due to step limit.
2025-09-28 10:11:49,086 - __main__ - DEBUG - 🎯 Eval HMM masking: step 50 masked due to negative reward
2025-09-28 10:11:52,222 - __main__ - DEBUG - 🎯 Eval HMM masking: step 350 masked due to negative reward
2025-09-28 10:11:52,738 - __main__ - WARNING - ⚠️ Episode 40 terminated due to step limit.
2025-09-28 10:11:57,129 - __main__ - WARNING - ⚠️ Episode 41 terminated due to step limit.
2025-09-28 10:11:58,399 - __main__ - DEBUG - 🎯 Eval HMM masking: step 100 masked due to negative reward
2025-09-28 10:12:01,510 - __main__ - WARNING - ⚠️ Episode 42 terminated due to step limit.
2025-09-28 10:12:03,883 - __main__ - DEBUG - 🎯 Eval HMM masking: step 200 masked due to negative reward
2025-09-28 10:12:04,942 - __main__ - DEBUG - 🎯 Eval HMM masking: step 300 masked due to negative reward
2025-09-28 10:12:05,976 - __main__ - WARNING - ⚠️ Episode 43 terminated due to step limit.
2025-09-28 10:12:08,800 - __main__ - DEBUG - 🎯 Eval HMM masking: step 250 masked due to negative reward
2025-09-28 10:12:10,352 - __main__ - WARNING - ⚠️ Episode 44 terminated due to step limit.
2025-09-28 10:12:14,234 - __main__ - DEBUG - 🎯 Eval HMM masking: step 350 masked due to negative reward
2025-09-28 10:12:14,749 - __main__ - WARNING - ⚠️ Episode 45 terminated due to step limit.
2025-09-28 10:12:18,618 - __main__ - DEBUG - 🎯 Eval HMM masking: step 350 masked due to negative reward
2025-09-28 10:12:19,135 - __main__ - WARNING - ⚠️ Episode 46 terminated due to step limit.
2025-09-28 10:12:23,515 - __main__ - WARNING - ⚠️ Episode 47 terminated due to step limit.
2025-09-28 10:12:26,332 - __main__ - DEBUG - 🎯 Eval HMM masking: step 250 masked due to negative reward
2025-09-28 10:12:27,378 - __main__ - DEBUG - 🎯 Eval HMM masking: step 350 masked due to negative reward
2025-09-28 10:12:27,890 - __main__ - WARNING - ⚠️ Episode 48 terminated due to step limit.
2025-09-28 10:12:32,314 - __main__ - WARNING - ⚠️ Episode 49 terminated due to step limit.
2025-09-28 10:12:35,671 - __main__ - DEBUG - 🎯 Eval HMM masking: step 300 masked due to negative reward
2025-09-28 10:12:36,715 - __main__ - WARNING - ⚠️ Episode 50 terminated due to step limit.
2025-09-28 10:12:36,932 - __main__ - INFO - 📊 Evaluation Results (Current Round):
2025-09-28 10:12:36,932 - __main__ - INFO -    Episodes: 50
2025-09-28 10:12:36,932 - __main__ - INFO -    Time: 219.3s (4.4s/ep)
2025-09-28 10:12:36,932 - __main__ - INFO -    Average Return: -0.660 ± 0.182
2025-09-28 10:12:36,932 - __main__ - INFO -    Success Rate: 0.0%
2025-09-28 10:12:36,933 - __main__ - INFO -    Average Length: 400.0
2025-09-28 10:12:36,933 - __main__ - INFO -    Average Coverage: 92.0 positions
2025-09-28 10:12:36,933 - __main__ - INFO -    Episode Completions: 0 terminated (0.0%), 50 truncated (100.0%)
2025-09-28 10:12:36,933 - __main__ - INFO - 📈 Total Evaluation Statistics:
2025-09-28 10:12:36,933 - __main__ - INFO -    Total Episodes: 200
2025-09-28 10:12:36,933 - __main__ - INFO -    Total Average Return: -0.680 ± 0.229
2025-09-28 10:12:36,934 - __main__ - INFO -    Total Average Length: 400.0 ± 0.0
2025-09-28 10:12:36,934 - __main__ - INFO -    Total Completions: 0 terminated (0.0%), 200 truncated (100.0%)
2025-09-28 10:12:36,934 - __main__ - INFO -    Skill Entropy: 0.002
2025-09-28 10:12:36,934 - __main__ - INFO -    Used Skills: 3.0
2025-09-28 10:12:36,934 - __main__ - INFO -    Effective K: 1.86
2025-09-28 10:12:36,934 - __main__ - INFO - 🎯 Action Usage Statistics:
2025-09-28 10:12:36,934 - __main__ - INFO -    Unique actions in evaluation: 10
2025-09-28 10:12:36,934 - __main__ - INFO -    Unique actions in training: 10
2025-09-28 10:12:36,935 - __main__ - INFO -    Total unique actions: 10
2025-09-28 10:12:36,935 - __main__ - INFO -    Action coverage: 8.3%
2025-09-28 10:12:36,935 - __main__ - INFO -    Train action count: 40960
2025-09-28 10:12:36,935 - __main__ - INFO -    Eval action count: 80000
2025-09-28 10:12:36,935 - __main__ - INFO -    Train action entropy: 1.880
2025-09-28 10:12:36,936 - __main__ - INFO -    Eval action entropy: 1.898
2025-09-28 10:12:36,936 - __main__ - INFO -    Top 3 train actions: #1(10756), #0(8533), #2(7753)
2025-09-28 10:12:36,936 - __main__ - INFO -    Top 3 eval actions: #1(18394), #0(17343), #2(14894)
2025-09-28 10:12:39,191 - __main__ - INFO - 📊 Episodes completed this rollout: 8
2025-09-28 10:12:39,191 - __main__ - INFO - 📈 Episode stats: avg return = -0.70, avg length = 400.0
2025-09-28 10:12:39,191 - __main__ - INFO - 🎯 Top 3 training actions: #1(11011), #0(8698), #2(7905)
2025-09-28 10:12:50,916 - __main__ - INFO - 📊 Episodes completed this rollout: 8
2025-09-28 10:12:50,916 - __main__ - INFO - 📈 Episode stats: avg return = -0.59, avg length = 400.0
2025-09-28 10:12:50,916 - __main__ - INFO - 🎯 Top 3 training actions: #1(11742), #0(9238), #2(8357)
2025-09-28 10:13:02,625 - __main__ - INFO - 📊 Episodes completed this rollout: 8
2025-09-28 10:13:02,625 - __main__ - INFO - 📈 Episode stats: avg return = -0.69, avg length = 400.0
2025-09-28 10:13:02,625 - __main__ - INFO - 🎯 Top 3 training actions: #1(12428), #0(9749), #2(8850)
2025-09-28 10:13:12,096 - __main__ - INFO - 🧪 Starting evaluation with 50 episodes...
2025-09-28 10:13:12,096 - __main__ - INFO -    Eval seed: 51
2025-09-28 10:13:12,096 - __main__ - INFO -    Max episode steps (eval): env default
2025-09-28 10:13:12,097 - nle.env.base - INFO - Not saving any NLE data.
2025-09-28 10:13:13,693 - __main__ - DEBUG - 🎯 Eval HMM masking: step 150 masked due to negative reward
2025-09-28 10:13:16,301 - __main__ - WARNING - ⚠️ Episode 1 terminated due to step limit.
2025-09-28 10:13:20,699 - __main__ - WARNING - ⚠️ Episode 2 terminated due to step limit.
2025-09-28 10:13:23,018 - __main__ - DEBUG - 🎯 Eval HMM masking: step 200 masked due to negative reward
2025-09-28 10:13:25,094 - __main__ - WARNING - ⚠️ Episode 3 terminated due to step limit.
2025-09-28 10:13:29,486 - __main__ - WARNING - ⚠️ Episode 4 terminated due to step limit.
2025-09-28 10:13:30,238 - __main__ - DEBUG - 🎯 Eval HMM masking: step 50 masked due to negative reward
2025-09-28 10:13:33,879 - __main__ - WARNING - ⚠️ Episode 5 terminated due to step limit.
2025-09-28 10:13:38,281 - __main__ - WARNING - ⚠️ Episode 6 terminated due to step limit.
2025-09-28 10:13:42,698 - __main__ - WARNING - ⚠️ Episode 7 terminated due to step limit.
2025-09-28 10:13:46,057 - __main__ - DEBUG - 🎯 Eval HMM masking: step 300 masked due to negative reward
2025-09-28 10:13:47,085 - __main__ - WARNING - ⚠️ Episode 8 terminated due to step limit.
2025-09-28 10:13:47,836 - __main__ - DEBUG - 🎯 Eval HMM masking: step 50 masked due to negative reward
2025-09-28 10:13:49,407 - __main__ - DEBUG - 🎯 Eval HMM masking: step 200 masked due to negative reward
2025-09-28 10:13:51,486 - __main__ - WARNING - ⚠️ Episode 9 terminated due to step limit.
2025-09-28 10:13:54,854 - __main__ - DEBUG - 🎯 Eval HMM masking: step 300 masked due to negative reward
2025-09-28 10:13:55,894 - __main__ - WARNING - ⚠️ Episode 10 terminated due to step limit.
2025-09-28 10:13:58,208 - __main__ - DEBUG - 🎯 Eval HMM masking: step 200 masked due to negative reward
2025-09-28 10:14:00,295 - __main__ - WARNING - ⚠️ Episode 11 terminated due to step limit.
2025-09-28 10:14:04,690 - __main__ - WARNING - ⚠️ Episode 12 terminated due to step limit.
2025-09-28 10:14:07,026 - __main__ - DEBUG - 🎯 Eval HMM masking: step 200 masked due to negative reward
2025-09-28 10:14:09,114 - __main__ - WARNING - ⚠️ Episode 13 terminated due to step limit.
2025-09-28 10:14:10,396 - __main__ - DEBUG - 🎯 Eval HMM masking: step 100 masked due to negative reward
2025-09-28 10:14:11,967 - __main__ - DEBUG - 🎯 Eval HMM masking: step 250 masked due to negative reward
2025-09-28 10:14:12,489 - __main__ - DEBUG - 🎯 Eval HMM masking: step 300 masked due to negative reward
2025-09-28 10:14:13,524 - __main__ - WARNING - ⚠️ Episode 14 terminated due to step limit.
2025-09-28 10:14:14,796 - __main__ - DEBUG - 🎯 Eval HMM masking: step 100 masked due to negative reward
2025-09-28 10:14:16,361 - __main__ - DEBUG - 🎯 Eval HMM masking: step 250 masked due to negative reward
2025-09-28 10:14:17,914 - __main__ - WARNING - ⚠️ Episode 15 terminated due to step limit.
2025-09-28 10:14:22,337 - __main__ - WARNING - ⚠️ Episode 16 terminated due to step limit.
2025-09-28 10:14:26,783 - __main__ - WARNING - ⚠️ Episode 17 terminated due to step limit.
2025-09-28 10:14:28,573 - __main__ - DEBUG - 🎯 Eval HMM masking: step 150 masked due to negative reward
2025-09-28 10:14:31,173 - __main__ - WARNING - ⚠️ Episode 18 terminated due to step limit.
2025-09-28 10:14:35,567 - __main__ - WARNING - ⚠️ Episode 19 terminated due to step limit.
2025-09-28 10:14:37,375 - __main__ - DEBUG - 🎯 Eval HMM masking: step 150 masked due to negative reward
2025-09-28 10:14:37,897 - __main__ - DEBUG - 🎯 Eval HMM masking: step 200 masked due to negative reward
2025-09-28 10:14:38,418 - __main__ - DEBUG - 🎯 Eval HMM masking: step 250 masked due to negative reward
2025-09-28 10:14:39,981 - __main__ - WARNING - ⚠️ Episode 20 terminated due to step limit.
2025-09-28 10:14:43,356 - __main__ - DEBUG - 🎯 Eval HMM masking: step 300 masked due to negative reward
2025-09-28 10:14:44,392 - __main__ - WARNING - ⚠️ Episode 21 terminated due to step limit.
2025-09-28 10:14:45,143 - __main__ - DEBUG - 🎯 Eval HMM masking: step 50 masked due to negative reward
2025-09-28 10:14:47,239 - __main__ - DEBUG - 🎯 Eval HMM masking: step 250 masked due to negative reward
2025-09-28 10:14:48,796 - __main__ - WARNING - ⚠️ Episode 22 terminated due to step limit.
2025-09-28 10:14:53,210 - __main__ - WARNING - ⚠️ Episode 23 terminated due to step limit.
2025-09-28 10:14:57,615 - __main__ - WARNING - ⚠️ Episode 24 terminated due to step limit.
2025-09-28 10:14:58,365 - __main__ - DEBUG - 🎯 Eval HMM masking: step 50 masked due to negative reward
2025-09-28 10:15:02,046 - __main__ - WARNING - ⚠️ Episode 25 terminated due to step limit.
2025-09-28 10:15:06,437 - __main__ - WARNING - ⚠️ Episode 26 terminated due to step limit.
2025-09-28 10:15:07,189 - __main__ - DEBUG - 🎯 Eval HMM masking: step 50 masked due to negative reward
2025-09-28 10:15:08,231 - __main__ - DEBUG - 🎯 Eval HMM masking: step 150 masked due to negative reward
2025-09-28 10:15:09,271 - __main__ - DEBUG - 🎯 Eval HMM masking: step 250 masked due to negative reward
2025-09-28 10:15:10,822 - __main__ - WARNING - ⚠️ Episode 27 terminated due to step limit.
2025-09-28 10:15:15,216 - __main__ - WARNING - ⚠️ Episode 28 terminated due to step limit.
2025-09-28 10:15:19,619 - __main__ - WARNING - ⚠️ Episode 29 terminated due to step limit.
2025-09-28 10:15:20,895 - __main__ - DEBUG - 🎯 Eval HMM masking: step 100 masked due to negative reward
2025-09-28 10:15:21,418 - __main__ - DEBUG - 🎯 Eval HMM masking: step 150 masked due to negative reward
2025-09-28 10:15:24,028 - __main__ - WARNING - ⚠️ Episode 30 terminated due to step limit.
2025-09-28 10:15:28,412 - __main__ - WARNING - ⚠️ Episode 31 terminated due to step limit.
2025-09-28 10:15:30,725 - __main__ - DEBUG - 🎯 Eval HMM masking: step 200 masked due to negative reward
2025-09-28 10:15:32,806 - __main__ - WARNING - ⚠️ Episode 32 terminated due to step limit.
2025-09-28 10:15:35,135 - __main__ - DEBUG - 🎯 Eval HMM masking: step 200 masked due to negative reward
2025-09-28 10:15:37,219 - __main__ - WARNING - ⚠️ Episode 33 terminated due to step limit.
2025-09-28 10:15:41,611 - __main__ - WARNING - ⚠️ Episode 34 terminated due to step limit.
2025-09-28 10:15:46,022 - __main__ - WARNING - ⚠️ Episode 35 terminated due to step limit.
2025-09-28 10:15:50,421 - __main__ - WARNING - ⚠️ Episode 36 terminated due to step limit.
2025-09-28 10:15:54,814 - __main__ - WARNING - ⚠️ Episode 37 terminated due to step limit.
2025-09-28 10:15:55,560 - __main__ - DEBUG - 🎯 Eval HMM masking: step 50 masked due to negative reward
2025-09-28 10:15:59,191 - __main__ - WARNING - ⚠️ Episode 38 terminated due to step limit.
2025-09-28 10:16:03,574 - __main__ - WARNING - ⚠️ Episode 39 terminated due to step limit.
2025-09-28 10:16:04,321 - __main__ - DEBUG - 🎯 Eval HMM masking: step 50 masked due to negative reward
2025-09-28 10:16:06,934 - __main__ - DEBUG - 🎯 Eval HMM masking: step 300 masked due to negative reward
2025-09-28 10:16:07,969 - __main__ - WARNING - ⚠️ Episode 40 terminated due to step limit.
2025-09-28 10:16:12,369 - __main__ - WARNING - ⚠️ Episode 41 terminated due to step limit.
2025-09-28 10:16:14,693 - __main__ - DEBUG - 🎯 Eval HMM masking: step 200 masked due to negative reward
2025-09-28 10:16:16,777 - __main__ - WARNING - ⚠️ Episode 42 terminated due to step limit.
2025-09-28 10:16:21,342 - __main__ - WARNING - ⚠️ Episode 43 terminated due to step limit.
2025-09-28 10:16:25,822 - __main__ - WARNING - ⚠️ Episode 44 terminated due to step limit.
2025-09-28 10:16:30,213 - __main__ - WARNING - ⚠️ Episode 45 terminated due to step limit.
2025-09-28 10:16:33,593 - __main__ - DEBUG - 🎯 Eval HMM masking: step 300 masked due to negative reward
2025-09-28 10:16:34,116 - __main__ - DEBUG - 🎯 Eval HMM masking: step 350 masked due to negative reward
2025-09-28 10:16:34,631 - __main__ - WARNING - ⚠️ Episode 46 terminated due to step limit.
2025-09-28 10:16:38,519 - __main__ - DEBUG - 🎯 Eval HMM masking: step 350 masked due to negative reward
2025-09-28 10:16:39,035 - __main__ - WARNING - ⚠️ Episode 47 terminated due to step limit.
2025-09-28 10:16:39,784 - __main__ - DEBUG - 🎯 Eval HMM masking: step 50 masked due to negative reward
2025-09-28 10:16:40,304 - __main__ - DEBUG - 🎯 Eval HMM masking: step 100 masked due to negative reward
2025-09-28 10:16:41,868 - __main__ - DEBUG - 🎯 Eval HMM masking: step 250 masked due to negative reward
2025-09-28 10:16:43,420 - __main__ - WARNING - ⚠️ Episode 48 terminated due to step limit.
2025-09-28 10:16:47,814 - __main__ - WARNING - ⚠️ Episode 49 terminated due to step limit.
2025-09-28 10:16:49,120 - __main__ - DEBUG - 🎯 Eval HMM masking: step 100 masked due to negative reward
2025-09-28 10:16:52,227 - __main__ - WARNING - ⚠️ Episode 50 terminated due to step limit.
2025-09-28 10:16:52,437 - __main__ - INFO - 📊 Evaluation Results (Current Round):
2025-09-28 10:16:52,438 - __main__ - INFO -    Episodes: 50
2025-09-28 10:16:52,438 - __main__ - INFO -    Time: 220.3s (4.4s/ep)
2025-09-28 10:16:52,438 - __main__ - INFO -    Average Return: -0.560 ± 0.224
2025-09-28 10:16:52,438 - __main__ - INFO -    Success Rate: 0.0%
2025-09-28 10:16:52,438 - __main__ - INFO -    Average Length: 400.0
2025-09-28 10:16:52,438 - __main__ - INFO -    Average Coverage: 90.3 positions
2025-09-28 10:16:52,439 - __main__ - INFO -    Episode Completions: 0 terminated (0.0%), 50 truncated (100.0%)
2025-09-28 10:16:52,439 - __main__ - INFO - 📈 Total Evaluation Statistics:
2025-09-28 10:16:52,439 - __main__ - INFO -    Total Episodes: 250
2025-09-28 10:16:52,439 - __main__ - INFO -    Total Average Return: -0.656 ± 0.233
2025-09-28 10:16:52,439 - __main__ - INFO -    Total Average Length: 400.0 ± 0.0
2025-09-28 10:16:52,439 - __main__ - INFO -    Total Completions: 0 terminated (0.0%), 250 truncated (100.0%)
2025-09-28 10:16:52,439 - __main__ - INFO -    Skill Entropy: 0.001
2025-09-28 10:16:52,439 - __main__ - INFO -    Used Skills: 3.0
2025-09-28 10:16:52,440 - __main__ - INFO -    Effective K: 1.74
2025-09-28 10:16:52,440 - __main__ - INFO - 🎯 Action Usage Statistics:
2025-09-28 10:16:52,440 - __main__ - INFO -    Unique actions in evaluation: 10
2025-09-28 10:16:52,440 - __main__ - INFO -    Unique actions in training: 10
2025-09-28 10:16:52,440 - __main__ - INFO -    Total unique actions: 10
2025-09-28 10:16:52,440 - __main__ - INFO -    Action coverage: 8.3%
2025-09-28 10:16:52,440 - __main__ - INFO -    Train action count: 50176
2025-09-28 10:16:52,440 - __main__ - INFO -    Eval action count: 100000
2025-09-28 10:16:52,441 - __main__ - INFO -    Train action entropy: 1.910
2025-09-28 10:16:52,441 - __main__ - INFO -    Eval action entropy: 1.899
2025-09-28 10:16:52,441 - __main__ - INFO -    Top 3 train actions: #1(12877), #0(10092), #2(9126)
2025-09-28 10:16:52,442 - __main__ - INFO -    Top 3 eval actions: #1(24117), #0(20385), #2(17901)
2025-09-28 10:16:54,639 - __main__ - INFO - 📊 Episodes completed this rollout: 8
2025-09-28 10:16:54,640 - __main__ - INFO - 📈 Episode stats: avg return = -0.79, avg length = 400.0
2025-09-28 10:16:54,640 - __main__ - INFO - 🎯 Top 3 training actions: #1(13177), #0(10251), #2(9286)
2025-09-28 10:17:00,109 - __main__ - INFO - 🔄 Synchronized model update at step 52,224
2025-09-28 10:17:00,110 - __main__ - INFO -    HMM interval: 12,000, VAE interval: 12,000
2025-09-28 10:17:00,111 - __main__ - INFO - 🚫 Model training masking: 1704/12288 timesteps masked (13.9%) due to negative rewards (invalid actions)
2025-09-28 10:17:00,443 - __main__ - INFO - 🔄 Capping HMM batch size from 1027 to 128 to prevent OOM
2025-09-28 10:17:00,443 - __main__ - INFO - 🔄 HMM refresh starting at step 52,224 with replay size 128x64
2025-09-28 10:17:03,978 - __main__ - DEBUG - Initial ELBO: 112984213.3318
2025-09-28 10:17:03,980 - __main__ - DEBUG - Relative tol: 0.0100
2025-09-28 10:17:03,980 - __main__ - DEBUG - Relative elbo_drop_tol: 0.0100
2025-09-28 10:17:03,981 - __main__ - DEBUG - - Init -521.5280
2025-09-28 10:17:03,981 - __main__ - DEBUG - - Trans -5.7843
2025-09-28 10:17:03,981 - __main__ - DEBUG - - Emit 44044.4553
2025-09-28 10:17:03,981 - __main__ - DEBUG - - Entropy 0.0004
2025-09-28 10:17:03,981 - __main__ - DEBUG - - Dir 112946128.0000
2025-09-28 10:17:03,981 - __main__ - DEBUG - - NIW -5410.5942
2025-09-28 10:17:03,981 - __main__ - DEBUG - - Beta prior -21.2174
2025-09-28 10:17:07,870 - __main__ - DEBUG - Iter 0: ELBO after FB: 112984213.3318 (LL 43517.1433, Δ=0.0000)
2025-09-28 10:17:07,871 - __main__ - DEBUG - Blending stats with ρ_niw=0.0500, ρ_tr=0.0500.
2025-09-28 10:17:07,915 - __main__ - DEBUG - Iter 0: ELBO after NIW update: 112985283.4469 (Emit LL 45317.6203, NIW term -5613.6440, Δ=1070.1152)
2025-09-28 10:17:07,959 - __main__ - DEBUG - Iter 0: ELBO after Dirichlet update: 39116.6080 (Trans LL -5.7250, Dir term -38.8981, Δ=-112946166.8389)
2025-09-28 10:17:08,021 - __main__ - DEBUG - Iter 0: ELBO after β update: 21790547.2218 (Init LL -521.7471, Dir term 21751392.0000, logp(β) -21.2827, Δ=21751430.6138)
2025-09-28 10:17:11,934 - __main__ - DEBUG - Iter 1: ELBO after FB: 21790547.2218 (LL 44790.1485, Δ=0.0000)
2025-09-28 10:17:11,935 - __main__ - DEBUG - Blending stats with ρ_niw=0.0500, ρ_tr=0.0500.
2025-09-28 10:17:11,979 - __main__ - DEBUG - Iter 1: ELBO after NIW update: 21790547.2218 (Emit LL 45317.6203, NIW term -5613.6440, Δ=0.0000)
2025-09-28 10:17:12,023 - __main__ - DEBUG - Iter 1: ELBO after Dirichlet update: 22255535.2235 (Trans LL -5.7233, Dir term 22216380.0000, Δ=464988.0017)
2025-09-28 10:17:12,085 - __main__ - DEBUG - Iter 1: ELBO after β update: 43855274.9342 (Init LL -521.9706, Dir term 43816120.0000, logp(β) -21.3484, Δ=21599739.7107)
2025-09-28 10:17:15,989 - __main__ - DEBUG - Iter 2: ELBO after FB: 43855274.9342 (LL 44789.9266, Δ=0.0000)
2025-09-28 10:17:15,989 - __main__ - DEBUG - Blending stats with ρ_niw=0.0500, ρ_tr=0.0500.
2025-09-28 10:17:16,034 - __main__ - DEBUG - Iter 2: ELBO after NIW update: 43855274.9342 (Emit LL 45317.6203, NIW term -5613.6440, Δ=0.0000)
2025-09-28 10:17:16,079 - __main__ - DEBUG - Iter 2: ELBO after Dirichlet update: 44317282.9364 (Trans LL -5.7211, Dir term 44278128.0000, Δ=462008.0023)
2025-09-28 10:17:16,140 - __main__ - DEBUG - Iter 2: ELBO after β update: 65765830.6427 (Init LL -522.1987, Dir term 65726676.0000, logp(β) -21.4141, Δ=21448547.7063)
2025-09-28 10:17:20,053 - __main__ - DEBUG - Iter 3: ELBO after FB: 65765830.6427 (LL 44789.7008, Δ=0.0000)
2025-09-28 10:17:20,054 - __main__ - DEBUG - Blending stats with ρ_niw=0.0500, ρ_tr=0.0500.
2025-09-28 10:17:20,098 - __main__ - DEBUG - Iter 3: ELBO after NIW update: 65765830.6427 (Emit LL 45317.6203, NIW term -5613.6440, Δ=0.0000)
2025-09-28 10:17:20,143 - __main__ - DEBUG - Iter 3: ELBO after Dirichlet update: 66224366.6449 (Trans LL -5.7188, Dir term 66185212.0000, Δ=458536.0023)
2025-09-28 10:17:20,204 - __main__ - DEBUG - Iter 3: ELBO after β update: 87522210.3462 (Init LL -522.4314, Dir term 87483056.0000, logp(β) -21.4802, Δ=21297843.7012)
2025-09-28 10:17:24,096 - __main__ - DEBUG - Iter 4: ELBO after FB: 87522210.3462 (LL 44789.4704, Δ=0.0000)
2025-09-28 10:17:24,096 - __main__ - DEBUG - Blending stats with ρ_niw=0.0500, ρ_tr=0.0500.
2025-09-28 10:17:24,141 - __main__ - DEBUG - Iter 4: ELBO after NIW update: 87522210.3462 (Emit LL 45317.6203, NIW term -5613.6440, Δ=0.0000)
2025-09-28 10:17:24,185 - __main__ - DEBUG - Iter 4: ELBO after Dirichlet update: 87976882.3490 (Trans LL -5.7160, Dir term 87937728.0000, Δ=454672.0028)
2025-09-28 10:17:24,246 - __main__ - DEBUG - Iter 4: ELBO after β update: 109123898.0456 (Init LL -522.6686, Dir term 109084744.0000, logp(β) -21.5464, Δ=21147015.6966)
2025-09-28 10:17:24,248 - __main__ - INFO -    HMM refresh complete: ELBO=31.3026, iters=0, max iters, states=40
2025-09-28 10:17:24,248 - __main__ - INFO -    ✅ HMM updated (next in 12,000 steps)
2025-09-28 10:17:24,249 - __main__ - INFO - 🔄 VAE refresh starting at step 52,224 with replay size 8x1536
2025-09-28 10:17:24,249 - __main__ - INFO -    Using span sampling (12288 timesteps, too large for full buffer)
2025-09-28 10:17:44,724 - __main__ - INFO -    VAE refresh complete: final_loss=2324.3555, avg_loss=2325.7012, steps=4/4, trend=improving, total_timesteps=12288, span_sampling=32_requested×4_steps, span_len=64
2025-09-28 10:17:44,726 - __main__ - INFO -    ✅ VAE updated (next in 12,000 steps)
2025-09-28 10:17:54,508 - __main__ - INFO - 📊 Episodes completed this rollout: 8
2025-09-28 10:17:54,508 - __main__ - INFO - 📈 Episode stats: avg return = -0.59, avg length = 400.0
2025-09-28 10:17:54,508 - __main__ - INFO - 🎯 Top 3 training actions: #1(14511), #0(10634), #2(9816)
2025-09-28 10:18:05,948 - __main__ - INFO - 📊 Episodes completed this rollout: 8
2025-09-28 10:18:05,948 - __main__ - INFO - 📈 Episode stats: avg return = -0.51, avg length = 400.0
2025-09-28 10:18:05,949 - __main__ - INFO - 🎯 Top 3 training actions: #1(15588), #0(10820), #2(10081)
2025-09-28 10:18:15,366 - __main__ - INFO - 🧪 Starting evaluation with 50 episodes...
2025-09-28 10:18:15,366 - __main__ - INFO -    Eval seed: 51
2025-09-28 10:18:15,366 - __main__ - INFO -    Max episode steps (eval): env default
2025-09-28 10:18:15,367 - nle.env.base - INFO - Not saving any NLE data.
2025-09-28 10:18:19,457 - __main__ - WARNING - ⚠️ Episode 1 terminated due to step limit.
2025-09-28 10:18:23,733 - __main__ - WARNING - ⚠️ Episode 2 terminated due to step limit.
2025-09-28 10:18:24,969 - __main__ - DEBUG - 🎯 Eval HMM masking: step 100 masked due to negative reward
2025-09-28 10:18:25,984 - __main__ - DEBUG - 🎯 Eval HMM masking: step 200 masked due to negative reward
2025-09-28 10:18:27,501 - __main__ - DEBUG - 🎯 Eval HMM masking: step 350 masked due to negative reward
2025-09-28 10:18:28,001 - __main__ - WARNING - ⚠️ Episode 3 terminated due to step limit.
2025-09-28 10:18:32,266 - __main__ - WARNING - ⚠️ Episode 4 terminated due to step limit.
2025-09-28 10:18:36,530 - __main__ - WARNING - ⚠️ Episode 5 terminated due to step limit.
2025-09-28 10:18:39,283 - __main__ - DEBUG - 🎯 Eval HMM masking: step 250 masked due to negative reward
2025-09-28 10:18:40,299 - __main__ - DEBUG - 🎯 Eval HMM masking: step 350 masked due to negative reward
2025-09-28 10:18:40,800 - __main__ - WARNING - ⚠️ Episode 6 terminated due to step limit.
2025-09-28 10:18:45,076 - __main__ - WARNING - ⚠️ Episode 7 terminated due to step limit.
2025-09-28 10:18:46,309 - __main__ - DEBUG - 🎯 Eval HMM masking: step 100 masked due to negative reward
2025-09-28 10:18:49,337 - __main__ - WARNING - ⚠️ Episode 8 terminated due to step limit.
2025-09-28 10:18:53,604 - __main__ - WARNING - ⚠️ Episode 9 terminated due to step limit.
2025-09-28 10:18:57,866 - __main__ - WARNING - ⚠️ Episode 10 terminated due to step limit.
2025-09-28 10:19:01,121 - __main__ - DEBUG - 🎯 Eval HMM masking: step 300 masked due to negative reward
2025-09-28 10:19:02,126 - __main__ - WARNING - ⚠️ Episode 11 terminated due to step limit.
2025-09-28 10:19:06,383 - __main__ - WARNING - ⚠️ Episode 12 terminated due to step limit.
2025-09-28 10:19:08,633 - __main__ - DEBUG - 🎯 Eval HMM masking: step 200 masked due to negative reward
2025-09-28 10:19:10,652 - __main__ - WARNING - ⚠️ Episode 13 terminated due to step limit.
2025-09-28 10:19:13,418 - __main__ - DEBUG - 🎯 Eval HMM masking: step 250 masked due to negative reward
2025-09-28 10:19:13,923 - __main__ - DEBUG - 🎯 Eval HMM masking: step 300 masked due to negative reward
2025-09-28 10:19:14,431 - __main__ - DEBUG - 🎯 Eval HMM masking: step 350 masked due to negative reward
2025-09-28 10:19:14,932 - __main__ - WARNING - ⚠️ Episode 14 terminated due to step limit.
2025-09-28 10:19:17,694 - __main__ - DEBUG - 🎯 Eval HMM masking: step 250 masked due to negative reward
2025-09-28 10:19:18,711 - __main__ - DEBUG - 🎯 Eval HMM masking: step 350 masked due to negative reward
2025-09-28 10:19:19,214 - __main__ - WARNING - ⚠️ Episode 15 terminated due to step limit.
2025-09-28 10:19:19,943 - __main__ - DEBUG - 🎯 Eval HMM masking: step 50 masked due to negative reward
2025-09-28 10:19:23,482 - __main__ - WARNING - ⚠️ Episode 16 terminated due to step limit.
2025-09-28 10:19:27,755 - __main__ - WARNING - ⚠️ Episode 17 terminated due to step limit.
2025-09-28 10:19:31,014 - __main__ - DEBUG - 🎯 Eval HMM masking: step 300 masked due to negative reward
2025-09-28 10:19:32,018 - __main__ - WARNING - ⚠️ Episode 18 terminated due to step limit.
2025-09-28 10:19:36,282 - __main__ - WARNING - ⚠️ Episode 19 terminated due to step limit.
2025-09-28 10:19:40,537 - __main__ - WARNING - ⚠️ Episode 20 terminated due to step limit.
2025-09-28 10:19:42,281 - __main__ - DEBUG - 🎯 Eval HMM masking: step 150 masked due to negative reward
2025-09-28 10:19:44,816 - __main__ - WARNING - ⚠️ Episode 21 terminated due to step limit.
2025-09-28 10:19:45,543 - __main__ - DEBUG - 🎯 Eval HMM masking: step 50 masked due to negative reward
2025-09-28 10:19:49,097 - __main__ - WARNING - ⚠️ Episode 22 terminated due to step limit.
2025-09-28 10:19:50,336 - __main__ - DEBUG - 🎯 Eval HMM masking: step 100 masked due to negative reward
2025-09-28 10:19:53,374 - __main__ - WARNING - ⚠️ Episode 23 terminated due to step limit.
2025-09-28 10:19:54,099 - __main__ - DEBUG - 🎯 Eval HMM masking: step 50 masked due to negative reward
2025-09-28 10:19:56,135 - __main__ - DEBUG - 🎯 Eval HMM masking: step 250 masked due to negative reward
2025-09-28 10:19:57,642 - __main__ - WARNING - ⚠️ Episode 24 terminated due to step limit.
2025-09-28 10:19:58,370 - __main__ - DEBUG - 🎯 Eval HMM masking: step 50 masked due to negative reward
2025-09-28 10:19:59,902 - __main__ - DEBUG - 🎯 Eval HMM masking: step 200 masked due to negative reward
2025-09-28 10:20:01,936 - __main__ - WARNING - ⚠️ Episode 25 terminated due to step limit.
2025-09-28 10:20:03,166 - __main__ - DEBUG - 🎯 Eval HMM masking: step 100 masked due to negative reward
2025-09-28 10:20:06,201 - __main__ - WARNING - ⚠️ Episode 26 terminated due to step limit.
2025-09-28 10:20:06,923 - __main__ - DEBUG - 🎯 Eval HMM masking: step 50 masked due to negative reward
2025-09-28 10:20:10,464 - __main__ - WARNING - ⚠️ Episode 27 terminated due to step limit.
2025-09-28 10:20:14,722 - __main__ - WARNING - ⚠️ Episode 28 terminated due to step limit.
2025-09-28 10:20:18,998 - __main__ - WARNING - ⚠️ Episode 29 terminated due to step limit.
2025-09-28 10:20:23,267 - __main__ - WARNING - ⚠️ Episode 30 terminated due to step limit.
2025-09-28 10:20:25,514 - __main__ - DEBUG - 🎯 Eval HMM masking: step 200 masked due to negative reward
2025-09-28 10:20:27,567 - __main__ - WARNING - ⚠️ Episode 31 terminated due to step limit.
2025-09-28 10:20:29,813 - __main__ - DEBUG - 🎯 Eval HMM masking: step 200 masked due to negative reward
2025-09-28 10:20:31,832 - __main__ - WARNING - ⚠️ Episode 32 terminated due to step limit.
2025-09-28 10:20:36,206 - __main__ - WARNING - ⚠️ Episode 33 terminated due to step limit.
2025-09-28 10:20:40,479 - __main__ - WARNING - ⚠️ Episode 34 terminated due to step limit.
2025-09-28 10:20:41,212 - __main__ - DEBUG - 🎯 Eval HMM masking: step 50 masked due to negative reward
2025-09-28 10:20:42,236 - __main__ - DEBUG - 🎯 Eval HMM masking: step 150 masked due to negative reward
2025-09-28 10:20:42,748 - __main__ - DEBUG - 🎯 Eval HMM masking: step 200 masked due to negative reward
2025-09-28 10:20:43,260 - __main__ - DEBUG - 🎯 Eval HMM masking: step 250 masked due to negative reward
2025-09-28 10:20:43,770 - __main__ - DEBUG - 🎯 Eval HMM masking: step 300 masked due to negative reward
2025-09-28 10:20:44,778 - __main__ - WARNING - ⚠️ Episode 35 terminated due to step limit.
2025-09-28 10:20:48,033 - __main__ - DEBUG - 🎯 Eval HMM masking: step 300 masked due to negative reward
2025-09-28 10:20:49,037 - __main__ - WARNING - ⚠️ Episode 36 terminated due to step limit.
2025-09-28 10:20:53,291 - __main__ - WARNING - ⚠️ Episode 37 terminated due to step limit.
2025-09-28 10:20:57,555 - __main__ - WARNING - ⚠️ Episode 38 terminated due to step limit.
2025-09-28 10:20:59,297 - __main__ - DEBUG - 🎯 Eval HMM masking: step 150 masked due to negative reward
2025-09-28 10:21:00,309 - __main__ - DEBUG - 🎯 Eval HMM masking: step 250 masked due to negative reward
2025-09-28 10:21:01,822 - __main__ - WARNING - ⚠️ Episode 39 terminated due to step limit.
2025-09-28 10:21:02,555 - __main__ - DEBUG - 🎯 Eval HMM masking: step 50 masked due to negative reward
2025-09-28 10:21:04,076 - __main__ - DEBUG - 🎯 Eval HMM masking: step 200 masked due to negative reward
2025-09-28 10:21:06,100 - __main__ - WARNING - ⚠️ Episode 40 terminated due to step limit.
2025-09-28 10:21:10,376 - __main__ - WARNING - ⚠️ Episode 41 terminated due to step limit.
2025-09-28 10:21:14,635 - __main__ - WARNING - ⚠️ Episode 42 terminated due to step limit.
2025-09-28 10:21:15,865 - __main__ - DEBUG - 🎯 Eval HMM masking: step 100 masked due to negative reward
2025-09-28 10:21:18,903 - __main__ - WARNING - ⚠️ Episode 43 terminated due to step limit.
2025-09-28 10:21:23,159 - __main__ - WARNING - ⚠️ Episode 44 terminated due to step limit.
2025-09-28 10:21:27,437 - __main__ - WARNING - ⚠️ Episode 45 terminated due to step limit.
2025-09-28 10:21:31,213 - __main__ - DEBUG - 🎯 Eval HMM masking: step 350 masked due to negative reward
2025-09-28 10:21:31,715 - __main__ - WARNING - ⚠️ Episode 46 terminated due to step limit.
2025-09-28 10:21:33,461 - __main__ - DEBUG - 🎯 Eval HMM masking: step 150 masked due to negative reward
2025-09-28 10:21:34,489 - __main__ - DEBUG - 🎯 Eval HMM masking: step 250 masked due to negative reward
2025-09-28 10:21:35,002 - __main__ - DEBUG - 🎯 Eval HMM masking: step 300 masked due to negative reward
2025-09-28 10:21:36,021 - __main__ - WARNING - ⚠️ Episode 47 terminated due to step limit.
2025-09-28 10:21:38,772 - __main__ - DEBUG - 🎯 Eval HMM masking: step 250 masked due to negative reward
2025-09-28 10:21:39,277 - __main__ - DEBUG - 🎯 Eval HMM masking: step 300 masked due to negative reward
2025-09-28 10:21:39,781 - __main__ - DEBUG - 🎯 Eval HMM masking: step 350 masked due to negative reward
2025-09-28 10:21:40,278 - __main__ - WARNING - ⚠️ Episode 48 terminated due to step limit.
2025-09-28 10:21:44,523 - __main__ - WARNING - ⚠️ Episode 49 terminated due to step limit.
2025-09-28 10:21:46,760 - __main__ - DEBUG - 🎯 Eval HMM masking: step 200 masked due to negative reward
2025-09-28 10:21:47,766 - __main__ - DEBUG - 🎯 Eval HMM masking: step 300 masked due to negative reward
2025-09-28 10:21:48,765 - __main__ - WARNING - ⚠️ Episode 50 terminated due to step limit.
2025-09-28 10:21:48,977 - __main__ - INFO - 📊 Evaluation Results (Current Round):
2025-09-28 10:21:48,978 - __main__ - INFO -    Episodes: 50
2025-09-28 10:21:48,978 - __main__ - INFO -    Time: 213.6s (4.3s/ep)
2025-09-28 10:21:48,978 - __main__ - INFO -    Average Return: -0.525 ± 0.371
2025-09-28 10:21:48,978 - __main__ - INFO -    Success Rate: 0.0%
2025-09-28 10:21:48,978 - __main__ - INFO -    Average Length: 400.0
2025-09-28 10:21:48,978 - __main__ - INFO -    Average Coverage: 76.3 positions
2025-09-28 10:21:48,978 - __main__ - INFO -    Episode Completions: 0 terminated (0.0%), 50 truncated (100.0%)
2025-09-28 10:21:48,978 - __main__ - INFO - 📈 Total Evaluation Statistics:
2025-09-28 10:21:48,979 - __main__ - INFO -    Total Episodes: 300
2025-09-28 10:21:48,979 - __main__ - INFO -    Total Average Return: -0.634 ± 0.266
2025-09-28 10:21:48,979 - __main__ - INFO -    Total Average Length: 400.0 ± 0.0
2025-09-28 10:21:48,979 - __main__ - INFO -    Total Completions: 0 terminated (0.0%), 300 truncated (100.0%)
2025-09-28 10:21:48,979 - __main__ - INFO -    Skill Entropy: 0.000
2025-09-28 10:21:48,979 - __main__ - INFO -    Used Skills: 2.0
2025-09-28 10:21:48,980 - __main__ - INFO -    Effective K: 1.56
2025-09-28 10:21:48,980 - __main__ - INFO - 🎯 Action Usage Statistics:
2025-09-28 10:21:48,980 - __main__ - INFO -    Unique actions in evaluation: 10
2025-09-28 10:21:48,980 - __main__ - INFO -    Unique actions in training: 10
2025-09-28 10:21:48,980 - __main__ - INFO -    Total unique actions: 10
2025-09-28 10:21:48,980 - __main__ - INFO -    Action coverage: 8.3%
2025-09-28 10:21:48,980 - __main__ - INFO -    Train action count: 60416
2025-09-28 10:21:48,980 - __main__ - INFO -    Eval action count: 120000
2025-09-28 10:21:48,981 - __main__ - INFO -    Train action entropy: 1.895
2025-09-28 10:21:48,981 - __main__ - INFO -    Eval action entropy: 1.865
2025-09-28 10:21:48,981 - __main__ - INFO -    Top 3 train actions: #1(16399), #0(11001), #3(10273)
2025-09-28 10:21:48,982 - __main__ - INFO -    Top 3 eval actions: #1(31462), #3(23856), #0(22103)
2025-09-28 10:21:51,153 - __main__ - INFO - 📊 Episodes completed this rollout: 8
2025-09-28 10:21:51,153 - __main__ - INFO - 📈 Episode stats: avg return = -0.64, avg length = 400.0
2025-09-28 10:21:51,154 - __main__ - INFO - 🎯 Top 3 training actions: #1(16795), #0(11084), #3(10621)
2025-09-28 10:22:02,566 - __main__ - INFO - 📊 Episodes completed this rollout: 8
2025-09-28 10:22:02,567 - __main__ - INFO - 📈 Episode stats: avg return = -0.61, avg length = 400.0
2025-09-28 10:22:02,567 - __main__ - INFO - 🎯 Top 3 training actions: #1(17886), #3(11563), #0(11465)
2025-09-28 10:22:04,254 - __main__ - INFO - 🔄 Synchronized model update at step 64,512
2025-09-28 10:22:04,255 - __main__ - INFO -    HMM interval: 12,000, VAE interval: 12,000
2025-09-28 10:22:04,255 - __main__ - INFO - 🚫 Model training masking: 1632/12288 timesteps masked (13.3%) due to negative rewards (invalid actions)
2025-09-28 10:22:04,596 - __main__ - INFO - 🔄 Capping HMM batch size from 1145 to 128 to prevent OOM
2025-09-28 10:22:04,596 - __main__ - INFO - 🔄 HMM refresh starting at step 64,512 with replay size 128x83
2025-09-28 10:22:09,078 - __main__ - DEBUG - Initial ELBO: 109122446.7408
2025-09-28 10:22:09,080 - __main__ - DEBUG - Relative tol: 0.0100
2025-09-28 10:22:09,080 - __main__ - DEBUG - Relative elbo_drop_tol: 0.0100
2025-09-28 10:22:09,080 - __main__ - DEBUG - - Init -522.6686
2025-09-28 10:22:09,080 - __main__ - DEBUG - - Trans -5.4358
2025-09-28 10:22:09,080 - __main__ - DEBUG - - Emit 43866.0352
2025-09-28 10:22:09,081 - __main__ - DEBUG - - Entropy 0.0005
2025-09-28 10:22:09,081 - __main__ - DEBUG - - Dir 109084744.0000
2025-09-28 10:22:09,081 - __main__ - DEBUG - - NIW -5613.6440
2025-09-28 10:22:09,081 - __main__ - DEBUG - - Beta prior -21.5464
2025-09-28 10:22:13,890 - __main__ - DEBUG - Iter 0: ELBO after FB: 109122446.7408 (LL 43337.9312, Δ=0.0000)
2025-09-28 10:22:13,891 - __main__ - DEBUG - Blending stats with ρ_niw=0.0500, ρ_tr=0.0500.
2025-09-28 10:22:13,936 - __main__ - DEBUG - Iter 0: ELBO after NIW update: 109123416.7432 (Emit LL 45016.3105, NIW term -5793.9170, Δ=970.0024)
2025-09-28 10:22:13,982 - __main__ - DEBUG - Iter 0: ELBO after Dirichlet update: 38664.7602 (Trans LL -5.3971, Dir term -8.0216, Δ=-109084751.9830)
2025-09-28 10:22:14,045 - __main__ - DEBUG - Iter 0: ELBO after β update: 21072694.4736 (Init LL -522.9103, Dir term 21034022.0000, logp(β) -21.6129, Δ=21034029.7134)
2025-09-28 10:22:18,865 - __main__ - DEBUG - Iter 1: ELBO after FB: 21072694.4736 (LL 44488.0035, Δ=0.0000)
2025-09-28 10:22:18,866 - __main__ - DEBUG - Blending stats with ρ_niw=0.0500, ρ_tr=0.0500.
2025-09-28 10:22:18,914 - __main__ - DEBUG - Iter 1: ELBO after NIW update: 21072694.4736 (Emit LL 45016.3105, NIW term -5793.9170, Δ=0.0000)
2025-09-28 10:22:18,959 - __main__ - DEBUG - Iter 1: ELBO after Dirichlet update: 21563070.4763 (Trans LL -5.3945, Dir term 21524398.0000, Δ=490376.0027)
2025-09-28 10:22:19,021 - __main__ - DEBUG - Iter 1: ELBO after β update: 42447672.1634 (Init LL -523.1566, Dir term 42409000.0000, logp(β) -21.6795, Δ=20884601.6871)
2025-09-28 10:22:23,834 - __main__ - DEBUG - Iter 2: ELBO after FB: 42447672.1634 (LL 44487.7599, Δ=0.0000)
2025-09-28 10:22:23,835 - __main__ - DEBUG - Blending stats with ρ_niw=0.0500, ρ_tr=0.0500.
2025-09-28 10:22:23,880 - __main__ - DEBUG - Iter 2: ELBO after NIW update: 42447672.1634 (Emit LL 45016.3105, NIW term -5793.9170, Δ=0.0000)
2025-09-28 10:22:23,926 - __main__ - DEBUG - Iter 2: ELBO after Dirichlet update: 42784404.1655 (Trans LL -5.3923, Dir term 42745732.0000, Δ=336732.0021)
2025-09-28 10:22:23,988 - __main__ - DEBUG - Iter 2: ELBO after β update: 63482915.8477 (Init LL -523.4076, Dir term 63444244.0000, logp(β) -21.7463, Δ=20698511.6822)
2025-09-28 10:22:28,783 - __main__ - DEBUG - Iter 3: ELBO after FB: 63482915.8477 (LL 44487.5111, Δ=0.0000)
2025-09-28 10:22:28,784 - __main__ - DEBUG - Blending stats with ρ_niw=0.0500, ρ_tr=0.0500.
2025-09-28 10:22:28,829 - __main__ - DEBUG - Iter 3: ELBO after NIW update: 63482915.8477 (Emit LL 45016.3105, NIW term -5793.9170, Δ=0.0000)
2025-09-28 10:22:28,875 - __main__ - DEBUG - Iter 3: ELBO after Dirichlet update: 63926507.8499 (Trans LL -5.3902, Dir term 63887836.0000, Δ=443592.0021)
2025-09-28 10:22:28,938 - __main__ - DEBUG - Iter 3: ELBO after β update: 84475551.5267 (Init LL -523.6631, Dir term 84436880.0000, logp(β) -21.8139, Δ=20549043.6769)
2025-09-28 10:22:33,747 - __main__ - DEBUG - Iter 4: ELBO after FB: 84475551.5267 (LL 44487.2577, Δ=0.0000)
2025-09-28 10:22:33,748 - __main__ - DEBUG - Blending stats with ρ_niw=0.0500, ρ_tr=0.0500.
2025-09-28 10:22:33,794 - __main__ - DEBUG - Iter 4: ELBO after NIW update: 84475551.5267 (Emit LL 45016.3105, NIW term -5793.9170, Δ=0.0000)
2025-09-28 10:22:33,839 - __main__ - DEBUG - Iter 4: ELBO after Dirichlet update: 84918575.5294 (Trans LL -5.3875, Dir term 84879904.0000, Δ=443024.0027)
2025-09-28 10:22:33,902 - __main__ - DEBUG - Iter 4: ELBO after β update: 105319279.2016 (Init LL -523.9233, Dir term 105280608.0000, logp(β) -21.8816, Δ=20400703.6722)
2025-09-28 10:22:33,904 - __main__ - INFO -    HMM refresh complete: ELBO=136.9896, iters=0, max iters, states=40
2025-09-28 10:22:33,904 - __main__ - INFO -    ✅ HMM updated (next in 12,000 steps)
2025-09-28 10:22:33,905 - __main__ - INFO - 🔄 VAE refresh starting at step 64,512 with replay size 8x1536
2025-09-28 10:22:33,906 - __main__ - INFO -    Using span sampling (12288 timesteps, too large for full buffer)
2025-09-28 10:22:55,086 - __main__ - INFO -    VAE refresh complete: final_loss=2339.4675, avg_loss=2346.5343, steps=4/4, trend=improving, total_timesteps=12288, span_sampling=32_requested×4_steps, span_len=64
2025-09-28 10:22:55,088 - __main__ - INFO -    ✅ VAE updated (next in 12,000 steps)
2025-09-28 10:23:04,875 - __main__ - INFO - 📊 Episodes completed this rollout: 8
2025-09-28 10:23:04,876 - __main__ - INFO - 📈 Episode stats: avg return = -0.55, avg length = 400.0
2025-09-28 10:23:04,876 - __main__ - INFO - 🎯 Top 3 training actions: #1(18759), #3(12562), #0(11879)
2025-09-28 10:23:16,286 - __main__ - INFO - 📊 Episodes completed this rollout: 8
2025-09-28 10:23:16,287 - __main__ - INFO - 📈 Episode stats: avg return = -0.55, avg length = 400.0
2025-09-28 10:23:16,287 - __main__ - INFO - 🎯 Top 3 training actions: #1(19753), #3(13296), #0(12422)
2025-09-28 10:23:17,990 - __main__ - INFO - 🧪 Starting evaluation with 50 episodes...
2025-09-28 10:23:17,990 - __main__ - INFO -    Eval seed: 51
2025-09-28 10:23:17,991 - __main__ - INFO -    Max episode steps (eval): env default
2025-09-28 10:23:17,991 - nle.env.base - INFO - Not saving any NLE data.
2025-09-28 10:23:22,325 - __main__ - WARNING - ⚠️ Episode 1 terminated due to step limit.
2025-09-28 10:23:23,637 - __main__ - DEBUG - 🎯 Eval HMM masking: step 100 masked due to negative reward
2025-09-28 10:23:25,704 - __main__ - DEBUG - 🎯 Eval HMM masking: step 300 masked due to negative reward
2025-09-28 10:23:26,719 - __main__ - WARNING - ⚠️ Episode 2 terminated due to step limit.
2025-09-28 10:23:27,951 - __main__ - DEBUG - 🎯 Eval HMM masking: step 100 masked due to negative reward
2025-09-28 10:23:29,988 - __main__ - DEBUG - 🎯 Eval HMM masking: step 300 masked due to negative reward
2025-09-28 10:23:31,001 - __main__ - WARNING - ⚠️ Episode 3 terminated due to step limit.
2025-09-28 10:23:31,729 - __main__ - DEBUG - 🎯 Eval HMM masking: step 50 masked due to negative reward
2025-09-28 10:23:34,266 - __main__ - DEBUG - 🎯 Eval HMM masking: step 300 masked due to negative reward
2025-09-28 10:23:35,278 - __main__ - WARNING - ⚠️ Episode 4 terminated due to step limit.
2025-09-28 10:23:36,511 - __main__ - DEBUG - 🎯 Eval HMM masking: step 100 masked due to negative reward
2025-09-28 10:23:39,552 - __main__ - WARNING - ⚠️ Episode 5 terminated due to step limit.
2025-09-28 10:23:40,280 - __main__ - DEBUG - 🎯 Eval HMM masking: step 50 masked due to negative reward
2025-09-28 10:23:41,818 - __main__ - DEBUG - 🎯 Eval HMM masking: step 200 masked due to negative reward
2025-09-28 10:23:42,329 - __main__ - DEBUG - 🎯 Eval HMM masking: step 250 masked due to negative reward
2025-09-28 10:23:42,838 - __main__ - DEBUG - 🎯 Eval HMM masking: step 300 masked due to negative reward
2025-09-28 10:23:43,844 - __main__ - WARNING - ⚠️ Episode 6 terminated due to step limit.
2025-09-28 10:23:47,600 - __main__ - DEBUG - 🎯 Eval HMM masking: step 350 masked due to negative reward
2025-09-28 10:23:48,098 - __main__ - WARNING - ⚠️ Episode 7 terminated due to step limit.
2025-09-28 10:23:49,331 - __main__ - DEBUG - 🎯 Eval HMM masking: step 100 masked due to negative reward
2025-09-28 10:23:51,354 - __main__ - DEBUG - 🎯 Eval HMM masking: step 300 masked due to negative reward
2025-09-28 10:23:51,860 - __main__ - DEBUG - 🎯 Eval HMM masking: step 350 masked due to negative reward
2025-09-28 10:23:52,358 - __main__ - WARNING - ⚠️ Episode 8 terminated due to step limit.
2025-09-28 10:23:56,623 - __main__ - WARNING - ⚠️ Episode 9 terminated due to step limit.
2025-09-28 10:23:58,364 - __main__ - DEBUG - 🎯 Eval HMM masking: step 150 masked due to negative reward
2025-09-28 10:23:58,871 - __main__ - DEBUG - 🎯 Eval HMM masking: step 200 masked due to negative reward
2025-09-28 10:24:00,391 - __main__ - DEBUG - 🎯 Eval HMM masking: step 350 masked due to negative reward
2025-09-28 10:24:00,889 - __main__ - WARNING - ⚠️ Episode 10 terminated due to step limit.
2025-09-28 10:24:04,153 - __main__ - DEBUG - 🎯 Eval HMM masking: step 300 masked due to negative reward
2025-09-28 10:24:05,158 - __main__ - WARNING - ⚠️ Episode 11 terminated due to step limit.
2025-09-28 10:24:07,427 - __main__ - DEBUG - 🎯 Eval HMM masking: step 200 masked due to negative reward
2025-09-28 10:24:08,445 - __main__ - DEBUG - 🎯 Eval HMM masking: step 300 masked due to negative reward
2025-09-28 10:24:09,461 - __main__ - WARNING - ⚠️ Episode 12 terminated due to step limit.
2025-09-28 10:24:10,185 - __main__ - DEBUG - 🎯 Eval HMM masking: step 50 masked due to negative reward
2025-09-28 10:24:11,704 - __main__ - DEBUG - 🎯 Eval HMM masking: step 200 masked due to negative reward
2025-09-28 10:24:13,218 - __main__ - DEBUG - 🎯 Eval HMM masking: step 350 masked due to negative reward
2025-09-28 10:24:13,716 - __main__ - WARNING - ⚠️ Episode 13 terminated due to step limit.
2025-09-28 10:24:14,947 - __main__ - DEBUG - 🎯 Eval HMM masking: step 100 masked due to negative reward
2025-09-28 10:24:15,454 - __main__ - DEBUG - 🎯 Eval HMM masking: step 150 masked due to negative reward
2025-09-28 10:24:16,968 - __main__ - DEBUG - 🎯 Eval HMM masking: step 300 masked due to negative reward
2025-09-28 10:24:17,475 - __main__ - DEBUG - 🎯 Eval HMM masking: step 350 masked due to negative reward
2025-09-28 10:24:17,972 - __main__ - WARNING - ⚠️ Episode 14 terminated due to step limit.
2025-09-28 10:24:19,203 - __main__ - DEBUG - 🎯 Eval HMM masking: step 100 masked due to negative reward
2025-09-28 10:24:21,225 - __main__ - DEBUG - 🎯 Eval HMM masking: step 300 masked due to negative reward
2025-09-28 10:24:21,732 - __main__ - DEBUG - 🎯 Eval HMM masking: step 350 masked due to negative reward
2025-09-28 10:24:22,232 - __main__ - WARNING - ⚠️ Episode 15 terminated due to step limit.
2025-09-28 10:24:26,572 - __main__ - WARNING - ⚠️ Episode 16 terminated due to step limit.
2025-09-28 10:24:28,309 - __main__ - DEBUG - 🎯 Eval HMM masking: step 150 masked due to negative reward
2025-09-28 10:24:30,834 - __main__ - WARNING - ⚠️ Episode 17 terminated due to step limit.
2025-09-28 10:24:31,558 - __main__ - DEBUG - 🎯 Eval HMM masking: step 50 masked due to negative reward
2025-09-28 10:24:32,569 - __main__ - DEBUG - 🎯 Eval HMM masking: step 150 masked due to negative reward
2025-09-28 10:24:34,087 - __main__ - DEBUG - 🎯 Eval HMM masking: step 300 masked due to negative reward
2025-09-28 10:24:35,089 - __main__ - WARNING - ⚠️ Episode 18 terminated due to step limit.
2025-09-28 10:24:36,316 - __main__ - DEBUG - 🎯 Eval HMM masking: step 100 masked due to negative reward
2025-09-28 10:24:36,823 - __main__ - DEBUG - 🎯 Eval HMM masking: step 150 masked due to negative reward
2025-09-28 10:24:37,841 - __main__ - DEBUG - 🎯 Eval HMM masking: step 250 masked due to negative reward
2025-09-28 10:24:38,942 - __main__ - DEBUG - 🎯 Eval HMM masking: step 350 masked due to negative reward
2025-09-28 10:24:39,443 - __main__ - WARNING - ⚠️ Episode 19 terminated due to step limit.
2025-09-28 10:24:41,683 - __main__ - DEBUG - 🎯 Eval HMM masking: step 200 masked due to negative reward
2025-09-28 10:24:42,188 - __main__ - DEBUG - 🎯 Eval HMM masking: step 250 masked due to negative reward
2025-09-28 10:24:43,696 - __main__ - WARNING - ⚠️ Episode 20 terminated due to step limit.
2025-09-28 10:24:45,431 - __main__ - DEBUG - 🎯 Eval HMM masking: step 150 masked due to negative reward
2025-09-28 10:24:45,936 - __main__ - DEBUG - 🎯 Eval HMM masking: step 200 masked due to negative reward
2025-09-28 10:24:46,963 - __main__ - DEBUG - 🎯 Eval HMM masking: step 300 masked due to negative reward
2025-09-28 10:24:47,468 - __main__ - DEBUG - 🎯 Eval HMM masking: step 350 masked due to negative reward
2025-09-28 10:24:47,965 - __main__ - WARNING - ⚠️ Episode 21 terminated due to step limit.
2025-09-28 10:24:50,713 - __main__ - DEBUG - 🎯 Eval HMM masking: step 250 masked due to negative reward
2025-09-28 10:24:52,226 - __main__ - WARNING - ⚠️ Episode 22 terminated due to step limit.
2025-09-28 10:24:53,455 - __main__ - DEBUG - 🎯 Eval HMM masking: step 100 masked due to negative reward
2025-09-28 10:24:53,960 - __main__ - DEBUG - 🎯 Eval HMM masking: step 150 masked due to negative reward
2025-09-28 10:24:55,985 - __main__ - DEBUG - 🎯 Eval HMM masking: step 350 masked due to negative reward
2025-09-28 10:24:56,483 - __main__ - WARNING - ⚠️ Episode 23 terminated due to step limit.
2025-09-28 10:24:58,222 - __main__ - DEBUG - 🎯 Eval HMM masking: step 150 masked due to negative reward
2025-09-28 10:24:58,728 - __main__ - DEBUG - 🎯 Eval HMM masking: step 200 masked due to negative reward
2025-09-28 10:25:00,247 - __main__ - DEBUG - 🎯 Eval HMM masking: step 350 masked due to negative reward
2025-09-28 10:25:00,744 - __main__ - WARNING - ⚠️ Episode 24 terminated due to step limit.
2025-09-28 10:25:01,470 - __main__ - DEBUG - 🎯 Eval HMM masking: step 50 masked due to negative reward
2025-09-28 10:25:02,997 - __main__ - DEBUG - 🎯 Eval HMM masking: step 200 masked due to negative reward
2025-09-28 10:25:04,526 - __main__ - DEBUG - 🎯 Eval HMM masking: step 350 masked due to negative reward
2025-09-28 10:25:05,025 - __main__ - WARNING - ⚠️ Episode 25 terminated due to step limit.
2025-09-28 10:25:06,256 - __main__ - DEBUG - 🎯 Eval HMM masking: step 100 masked due to negative reward
2025-09-28 10:25:06,768 - __main__ - DEBUG - 🎯 Eval HMM masking: step 150 masked due to negative reward
2025-09-28 10:25:07,790 - __main__ - DEBUG - 🎯 Eval HMM masking: step 250 masked due to negative reward
2025-09-28 10:25:08,806 - __main__ - DEBUG - 🎯 Eval HMM masking: step 350 masked due to negative reward
2025-09-28 10:25:09,311 - __main__ - WARNING - ⚠️ Episode 26 terminated due to step limit.
2025-09-28 10:25:10,034 - __main__ - DEBUG - 🎯 Eval HMM masking: step 50 masked due to negative reward
2025-09-28 10:25:10,540 - __main__ - DEBUG - 🎯 Eval HMM masking: step 100 masked due to negative reward
2025-09-28 10:25:11,047 - __main__ - DEBUG - 🎯 Eval HMM masking: step 150 masked due to negative reward
2025-09-28 10:25:13,575 - __main__ - WARNING - ⚠️ Episode 27 terminated due to step limit.
2025-09-28 10:25:14,803 - __main__ - DEBUG - 🎯 Eval HMM masking: step 100 masked due to negative reward
2025-09-28 10:25:15,814 - __main__ - DEBUG - 🎯 Eval HMM masking: step 200 masked due to negative reward
2025-09-28 10:25:17,832 - __main__ - WARNING - ⚠️ Episode 28 terminated due to step limit.
2025-09-28 10:25:18,552 - __main__ - DEBUG - 🎯 Eval HMM masking: step 50 masked due to negative reward
2025-09-28 10:25:19,057 - __main__ - DEBUG - 🎯 Eval HMM masking: step 100 masked due to negative reward
2025-09-28 10:25:22,088 - __main__ - WARNING - ⚠️ Episode 29 terminated due to step limit.
2025-09-28 10:25:24,843 - __main__ - DEBUG - 🎯 Eval HMM masking: step 250 masked due to negative reward
2025-09-28 10:25:25,352 - __main__ - DEBUG - 🎯 Eval HMM masking: step 300 masked due to negative reward
2025-09-28 10:25:25,859 - __main__ - DEBUG - 🎯 Eval HMM masking: step 350 masked due to negative reward
2025-09-28 10:25:26,359 - __main__ - WARNING - ⚠️ Episode 30 terminated due to step limit.
2025-09-28 10:25:28,618 - __main__ - DEBUG - 🎯 Eval HMM masking: step 200 masked due to negative reward
2025-09-28 10:25:30,141 - __main__ - DEBUG - 🎯 Eval HMM masking: step 350 masked due to negative reward
2025-09-28 10:25:30,640 - __main__ - WARNING - ⚠️ Episode 31 terminated due to step limit.
2025-09-28 10:25:31,372 - __main__ - DEBUG - 🎯 Eval HMM masking: step 50 masked due to negative reward
2025-09-28 10:25:32,388 - __main__ - DEBUG - 🎯 Eval HMM masking: step 150 masked due to negative reward
2025-09-28 10:25:34,922 - __main__ - WARNING - ⚠️ Episode 32 terminated due to step limit.
2025-09-28 10:25:39,210 - __main__ - WARNING - ⚠️ Episode 33 terminated due to step limit.
2025-09-28 10:25:39,935 - __main__ - DEBUG - 🎯 Eval HMM masking: step 50 masked due to negative reward
2025-09-28 10:25:40,444 - __main__ - DEBUG - 🎯 Eval HMM masking: step 100 masked due to negative reward
2025-09-28 10:25:41,500 - __main__ - DEBUG - 🎯 Eval HMM masking: step 200 masked due to negative reward
2025-09-28 10:25:42,008 - __main__ - DEBUG - 🎯 Eval HMM masking: step 250 masked due to negative reward
2025-09-28 10:25:43,521 - __main__ - WARNING - ⚠️ Episode 34 terminated due to step limit.
2025-09-28 10:25:45,272 - __main__ - DEBUG - 🎯 Eval HMM masking: step 150 masked due to negative reward
2025-09-28 10:25:47,812 - __main__ - WARNING - ⚠️ Episode 35 terminated due to step limit.
2025-09-28 10:25:52,098 - __main__ - WARNING - ⚠️ Episode 36 terminated due to step limit.
2025-09-28 10:25:54,350 - __main__ - DEBUG - 🎯 Eval HMM masking: step 200 masked due to negative reward
2025-09-28 10:25:54,863 - __main__ - DEBUG - 🎯 Eval HMM masking: step 250 masked due to negative reward
2025-09-28 10:25:56,386 - __main__ - WARNING - ⚠️ Episode 37 terminated due to step limit.
2025-09-28 10:25:57,115 - __main__ - DEBUG - 🎯 Eval HMM masking: step 50 masked due to negative reward
2025-09-28 10:25:59,144 - __main__ - DEBUG - 🎯 Eval HMM masking: step 250 masked due to negative reward
2025-09-28 10:26:00,656 - __main__ - WARNING - ⚠️ Episode 38 terminated due to step limit.
2025-09-28 10:26:03,421 - __main__ - DEBUG - 🎯 Eval HMM masking: step 250 masked due to negative reward
2025-09-28 10:26:04,935 - __main__ - WARNING - ⚠️ Episode 39 terminated due to step limit.
2025-09-28 10:26:05,664 - __main__ - DEBUG - 🎯 Eval HMM masking: step 50 masked due to negative reward
2025-09-28 10:26:06,684 - __main__ - DEBUG - 🎯 Eval HMM masking: step 150 masked due to negative reward
2025-09-28 10:26:09,222 - __main__ - WARNING - ⚠️ Episode 40 terminated due to step limit.
2025-09-28 10:26:10,453 - __main__ - DEBUG - 🎯 Eval HMM masking: step 100 masked due to negative reward
2025-09-28 10:26:10,959 - __main__ - DEBUG - 🎯 Eval HMM masking: step 150 masked due to negative reward
2025-09-28 10:26:11,469 - __main__ - DEBUG - 🎯 Eval HMM masking: step 200 masked due to negative reward
2025-09-28 10:26:11,979 - __main__ - DEBUG - 🎯 Eval HMM masking: step 250 masked due to negative reward
2025-09-28 10:26:13,503 - __main__ - WARNING - ⚠️ Episode 41 terminated due to step limit.
2025-09-28 10:26:17,809 - __main__ - WARNING - ⚠️ Episode 42 terminated due to step limit.
2025-09-28 10:26:19,551 - __main__ - DEBUG - 🎯 Eval HMM masking: step 150 masked due to negative reward
2025-09-28 10:26:22,090 - __main__ - WARNING - ⚠️ Episode 43 terminated due to step limit.
2025-09-28 10:26:22,820 - __main__ - DEBUG - 🎯 Eval HMM masking: step 50 masked due to negative reward
2025-09-28 10:26:25,363 - __main__ - DEBUG - 🎯 Eval HMM masking: step 300 masked due to negative reward
2025-09-28 10:26:26,372 - __main__ - WARNING - ⚠️ Episode 44 terminated due to step limit.
2025-09-28 10:26:30,148 - __main__ - DEBUG - 🎯 Eval HMM masking: step 350 masked due to negative reward
2025-09-28 10:26:30,647 - __main__ - WARNING - ⚠️ Episode 45 terminated due to step limit.
2025-09-28 10:26:33,402 - __main__ - DEBUG - 🎯 Eval HMM masking: step 250 masked due to negative reward
2025-09-28 10:26:34,914 - __main__ - WARNING - ⚠️ Episode 46 terminated due to step limit.
2025-09-28 10:26:39,191 - __main__ - WARNING - ⚠️ Episode 47 terminated due to step limit.
2025-09-28 10:26:42,460 - __main__ - DEBUG - 🎯 Eval HMM masking: step 300 masked due to negative reward
2025-09-28 10:26:43,468 - __main__ - WARNING - ⚠️ Episode 48 terminated due to step limit.
2025-09-28 10:26:46,251 - __main__ - DEBUG - 🎯 Eval HMM masking: step 250 masked due to negative reward
2025-09-28 10:26:46,762 - __main__ - DEBUG - 🎯 Eval HMM masking: step 300 masked due to negative reward
2025-09-28 10:26:47,771 - __main__ - WARNING - ⚠️ Episode 49 terminated due to step limit.
2025-09-28 10:26:48,503 - __main__ - DEBUG - 🎯 Eval HMM masking: step 50 masked due to negative reward
2025-09-28 10:26:51,046 - __main__ - DEBUG - 🎯 Eval HMM masking: step 300 masked due to negative reward
2025-09-28 10:26:52,050 - __main__ - WARNING - ⚠️ Episode 50 terminated due to step limit.
2025-09-28 10:26:52,261 - __main__ - INFO - 📊 Evaluation Results (Current Round):
2025-09-28 10:26:52,261 - __main__ - INFO -    Episodes: 50
2025-09-28 10:26:52,261 - __main__ - INFO -    Time: 214.3s (4.3s/ep)
2025-09-28 10:26:52,261 - __main__ - INFO -    Average Return: -0.909 ± 0.200
2025-09-28 10:26:52,261 - __main__ - INFO -    Success Rate: 0.0%
2025-09-28 10:26:52,261 - __main__ - INFO -    Average Length: 400.0
2025-09-28 10:26:52,261 - __main__ - INFO -    Average Coverage: 63.7 positions
2025-09-28 10:26:52,262 - __main__ - INFO -    Episode Completions: 0 terminated (0.0%), 50 truncated (100.0%)
2025-09-28 10:26:52,262 - __main__ - INFO - 📈 Total Evaluation Statistics:
2025-09-28 10:26:52,262 - __main__ - INFO -    Total Episodes: 350
2025-09-28 10:26:52,262 - __main__ - INFO -    Total Average Return: -0.673 ± 0.275
2025-09-28 10:26:52,262 - __main__ - INFO -    Total Average Length: 400.0 ± 0.0
2025-09-28 10:26:52,262 - __main__ - INFO -    Total Completions: 0 terminated (0.0%), 350 truncated (100.0%)
2025-09-28 10:26:52,262 - __main__ - INFO -    Skill Entropy: 0.000
2025-09-28 10:26:52,263 - __main__ - INFO -    Used Skills: 2.0
2025-09-28 10:26:52,263 - __main__ - INFO -    Effective K: 1.02
2025-09-28 10:26:52,263 - __main__ - INFO - 🎯 Action Usage Statistics:
2025-09-28 10:26:52,263 - __main__ - INFO -    Unique actions in evaluation: 10
2025-09-28 10:26:52,263 - __main__ - INFO -    Unique actions in training: 10
2025-09-28 10:26:52,263 - __main__ - INFO -    Total unique actions: 10
2025-09-28 10:26:52,263 - __main__ - INFO -    Action coverage: 8.3%
2025-09-28 10:26:52,263 - __main__ - INFO -    Train action count: 70656
2025-09-28 10:26:52,264 - __main__ - INFO -    Eval action count: 140000
2025-09-28 10:26:52,264 - __main__ - INFO -    Train action entropy: 1.872
2025-09-28 10:26:52,264 - __main__ - INFO -    Eval action entropy: 1.855
2025-09-28 10:26:52,265 - __main__ - INFO -    Top 3 train actions: #1(19753), #3(13296), #0(12422)
2025-09-28 10:26:52,265 - __main__ - INFO -    Top 3 eval actions: #1(35814), #3(30527), #0(25266)
2025-09-28 10:27:02,017 - __main__ - INFO - 📊 Episodes completed this rollout: 8
2025-09-28 10:27:02,017 - __main__ - INFO - 📈 Episode stats: avg return = -0.84, avg length = 400.0
2025-09-28 10:27:02,018 - __main__ - INFO - 🎯 Top 3 training actions: #1(20529), #3(14230), #0(12910)
2025-09-28 10:27:13,464 - __main__ - INFO - 📊 Episodes completed this rollout: 8
2025-09-28 10:27:13,465 - __main__ - INFO - 📈 Episode stats: avg return = -0.66, avg length = 400.0
2025-09-28 10:27:13,465 - __main__ - INFO - 🎯 Top 3 training actions: #1(21584), #3(14959), #0(13344)
2025-09-28 10:27:15,153 - __main__ - INFO - 🔄 Synchronized model update at step 76,800
2025-09-28 10:27:15,153 - __main__ - INFO -    HMM interval: 12,000, VAE interval: 12,000
2025-09-28 10:27:15,154 - __main__ - INFO - 🚫 Model training masking: 2172/12288 timesteps masked (17.7%) due to negative rewards (invalid actions)
2025-09-28 10:27:15,506 - __main__ - INFO - 🔄 Capping HMM batch size from 1392 to 128 to prevent OOM
2025-09-28 10:27:15,506 - __main__ - INFO - 🔄 HMM refresh starting at step 76,800 with replay size 128x62
2025-09-28 10:27:18,937 - __main__ - DEBUG - Initial ELBO: 105309363.3806
2025-09-28 10:27:18,939 - __main__ - DEBUG - Relative tol: 0.0100
2025-09-28 10:27:18,939 - __main__ - DEBUG - Relative elbo_drop_tol: 0.0100
2025-09-28 10:27:18,939 - __main__ - DEBUG - - Init -523.9233
2025-09-28 10:27:18,939 - __main__ - DEBUG - - Trans -3.9460
2025-09-28 10:27:18,939 - __main__ - DEBUG - - Emit 35099.0482
2025-09-28 10:27:18,939 - __main__ - DEBUG - - Entropy 0.0004
2025-09-28 10:27:18,939 - __main__ - DEBUG - - Dir 105280608.0000
2025-09-28 10:27:18,939 - __main__ - DEBUG - - NIW -5793.9170
2025-09-28 10:27:18,940 - __main__ - DEBUG - - Beta prior -21.8816
2025-09-28 10:27:22,720 - __main__ - DEBUG - Iter 0: ELBO after FB: 105309363.3806 (LL 34571.1792, Δ=0.0000)
2025-09-28 10:27:22,721 - __main__ - DEBUG - Blending stats with ρ_niw=0.0500, ρ_tr=0.0500.
2025-09-28 10:27:22,765 - __main__ - DEBUG - Iter 0: ELBO after NIW update: 105309756.4307 (Emit LL 35544.3082, NIW term -5846.1270, Δ=393.0501)
2025-09-28 10:27:22,809 - __main__ - DEBUG - Iter 0: ELBO after Dirichlet update: 29206.4916 (Trans LL -3.9610, Dir term 58.0758, Δ=-105280549.9392)
2025-09-28 10:27:22,870 - __main__ - DEBUG - Iter 0: ELBO after β update: 20320392.0834 (Init LL -524.1880, Dir term 20291244.0000, logp(β) -21.9493, Δ=20291185.5919)
2025-09-28 10:27:26,626 - __main__ - DEBUG - Iter 1: ELBO after FB: 20320392.0834 (LL 35016.1596, Δ=0.0000)
2025-09-28 10:27:26,626 - __main__ - DEBUG - Blending stats with ρ_niw=0.0500, ρ_tr=0.0500.
2025-09-28 10:27:26,671 - __main__ - DEBUG - Iter 1: ELBO after NIW update: 20320392.0834 (Emit LL 35544.3082, NIW term -5846.1270, Δ=0.0000)
2025-09-28 10:27:26,717 - __main__ - DEBUG - Iter 1: ELBO after Dirichlet update: 20793882.0854 (Trans LL -3.9590, Dir term 20764734.0000, Δ=473490.0020)
2025-09-28 10:27:26,777 - __main__ - DEBUG - Iter 1: ELBO after β update: 40938475.7479 (Init LL -524.4574, Dir term 40909328.0000, logp(β) -22.0174, Δ=20144593.6625)
2025-09-28 10:27:30,558 - __main__ - DEBUG - Iter 2: ELBO after FB: 40938475.7479 (LL 35015.8922, Δ=0.0000)
2025-09-28 10:27:30,559 - __main__ - DEBUG - Blending stats with ρ_niw=0.0500, ρ_tr=0.0500.
2025-09-28 10:27:30,603 - __main__ - DEBUG - Iter 2: ELBO after NIW update: 40938475.7479 (Emit LL 35544.3082, NIW term -5846.1270, Δ=0.0000)
2025-09-28 10:27:30,648 - __main__ - DEBUG - Iter 2: ELBO after Dirichlet update: 41405219.7495 (Trans LL -3.9574, Dir term 41376072.0000, Δ=466744.0016)
2025-09-28 10:27:30,708 - __main__ - DEBUG - Iter 2: ELBO after β update: 61402207.4076 (Init LL -524.7314, Dir term 61373060.0000, logp(β) -22.0853, Δ=19996987.6581)
2025-09-28 10:27:34,491 - __main__ - DEBUG - Iter 3: ELBO after FB: 61402207.4076 (LL 35015.6198, Δ=0.0000)
2025-09-28 10:27:34,491 - __main__ - DEBUG - Blending stats with ρ_niw=0.0500, ρ_tr=0.0500.
2025-09-28 10:27:34,536 - __main__ - DEBUG - Iter 3: ELBO after NIW update: 61402207.4076 (Emit LL 35544.3082, NIW term -5846.1270, Δ=0.0000)
2025-09-28 10:27:34,580 - __main__ - DEBUG - Iter 3: ELBO after Dirichlet update: 61870315.4095 (Trans LL -3.9555, Dir term 61841168.0000, Δ=468108.0020)
2025-09-28 10:27:34,640 - __main__ - DEBUG - Iter 3: ELBO after β update: 81721403.0622 (Init LL -525.0101, Dir term 81692256.0000, logp(β) -22.1538, Δ=19851087.6527)
2025-09-28 10:27:38,421 - __main__ - DEBUG - Iter 4: ELBO after FB: 81721403.0622 (LL 35015.3430, Δ=0.0000)
2025-09-28 10:27:38,422 - __main__ - DEBUG - Blending stats with ρ_niw=0.0500, ρ_tr=0.0500.
2025-09-28 10:27:38,466 - __main__ - DEBUG - Iter 4: ELBO after NIW update: 81721403.0622 (Emit LL 35544.3082, NIW term -5846.1270, Δ=0.0000)
2025-09-28 10:27:38,510 - __main__ - DEBUG - Iter 4: ELBO after Dirichlet update: 82184235.0642 (Trans LL -3.9535, Dir term 82155088.0000, Δ=462832.0020)
2025-09-28 10:27:38,570 - __main__ - DEBUG - Iter 4: ELBO after β update: 101889666.7120 (Init LL -525.2934, Dir term 101860520.0000, logp(β) -22.2227, Δ=19705431.6478)
2025-09-28 10:27:38,572 - __main__ - INFO -    HMM refresh complete: ELBO=70.7401, iters=0, max iters, states=40
2025-09-28 10:27:38,572 - __main__ - INFO -    ✅ HMM updated (next in 12,000 steps)
2025-09-28 10:27:38,572 - __main__ - INFO - 🔄 VAE refresh starting at step 76,800 with replay size 8x1536
2025-09-28 10:27:38,573 - __main__ - INFO -    Using span sampling (12288 timesteps, too large for full buffer)
2025-09-28 10:27:58,366 - __main__ - INFO -    VAE refresh complete: final_loss=2296.0269, avg_loss=2303.8278, steps=4/4, trend=improving, total_timesteps=12288, span_sampling=32_requested×4_steps, span_len=64
2025-09-28 10:27:58,368 - __main__ - INFO -    ✅ VAE updated (next in 12,000 steps)
2025-09-28 10:28:11,849 - __main__ - INFO - 📊 Episodes completed this rollout: 8
2025-09-28 10:28:11,849 - __main__ - INFO - 📈 Episode stats: avg return = -0.56, avg length = 400.0
2025-09-28 10:28:11,850 - __main__ - INFO - 🎯 Top 3 training actions: #1(22813), #3(16226), #0(13963)
2025-09-28 10:28:13,543 - __main__ - INFO - 🧪 Starting evaluation with 50 episodes...
2025-09-28 10:28:13,543 - __main__ - INFO -    Eval seed: 51
2025-09-28 10:28:13,543 - __main__ - INFO -    Max episode steps (eval): env default
2025-09-28 10:28:13,544 - nle.env.base - INFO - Not saving any NLE data.
2025-09-28 10:28:14,585 - __main__ - DEBUG - 🎯 Eval HMM masking: step 100 masked due to negative reward
2025-09-28 10:28:17,118 - __main__ - DEBUG - 🎯 Eval HMM masking: step 350 masked due to negative reward
2025-09-28 10:28:17,618 - __main__ - WARNING - ⚠️ Episode 1 terminated due to step limit.
2025-09-28 10:28:18,857 - __main__ - DEBUG - 🎯 Eval HMM masking: step 100 masked due to negative reward
2025-09-28 10:28:21,902 - __main__ - WARNING - ⚠️ Episode 2 terminated due to step limit.
2025-09-28 10:28:24,146 - __main__ - DEBUG - 🎯 Eval HMM masking: step 200 masked due to negative reward
2025-09-28 10:28:26,159 - __main__ - WARNING - ⚠️ Episode 3 terminated due to step limit.
2025-09-28 10:28:30,428 - __main__ - WARNING - ⚠️ Episode 4 terminated due to step limit.
2025-09-28 10:28:32,167 - __main__ - DEBUG - 🎯 Eval HMM masking: step 150 masked due to negative reward
2025-09-28 10:28:34,709 - __main__ - WARNING - ⚠️ Episode 5 terminated due to step limit.
2025-09-28 10:28:35,943 - __main__ - DEBUG - 🎯 Eval HMM masking: step 100 masked due to negative reward
2025-09-28 10:28:38,990 - __main__ - WARNING - ⚠️ Episode 6 terminated due to step limit.
2025-09-28 10:28:40,732 - __main__ - DEBUG - 🎯 Eval HMM masking: step 150 masked due to negative reward
2025-09-28 10:28:42,764 - __main__ - DEBUG - 🎯 Eval HMM masking: step 350 masked due to negative reward
2025-09-28 10:28:43,263 - __main__ - WARNING - ⚠️ Episode 7 terminated due to step limit.
2025-09-28 10:28:45,511 - __main__ - DEBUG - 🎯 Eval HMM masking: step 200 masked due to negative reward
2025-09-28 10:28:46,527 - __main__ - DEBUG - 🎯 Eval HMM masking: step 300 masked due to negative reward
2025-09-28 10:28:47,536 - __main__ - WARNING - ⚠️ Episode 8 terminated due to step limit.
2025-09-28 10:28:49,790 - __main__ - DEBUG - 🎯 Eval HMM masking: step 200 masked due to negative reward
2025-09-28 10:28:51,809 - __main__ - WARNING - ⚠️ Episode 9 terminated due to step limit.
2025-09-28 10:28:54,565 - __main__ - DEBUG - 🎯 Eval HMM masking: step 250 masked due to negative reward
2025-09-28 10:28:55,074 - __main__ - DEBUG - 🎯 Eval HMM masking: step 300 masked due to negative reward
2025-09-28 10:28:56,089 - __main__ - WARNING - ⚠️ Episode 10 terminated due to step limit.
2025-09-28 10:28:56,818 - __main__ - DEBUG - 🎯 Eval HMM masking: step 50 masked due to negative reward
2025-09-28 10:28:57,326 - __main__ - DEBUG - 🎯 Eval HMM masking: step 100 masked due to negative reward
2025-09-28 10:29:00,367 - __main__ - WARNING - ⚠️ Episode 11 terminated due to step limit.
2025-09-28 10:29:02,107 - __main__ - DEBUG - 🎯 Eval HMM masking: step 150 masked due to negative reward
2025-09-28 10:29:03,633 - __main__ - DEBUG - 🎯 Eval HMM masking: step 300 masked due to negative reward
2025-09-28 10:29:04,642 - __main__ - WARNING - ⚠️ Episode 12 terminated due to step limit.
2025-09-28 10:29:07,906 - __main__ - DEBUG - 🎯 Eval HMM masking: step 300 masked due to negative reward
2025-09-28 10:29:08,418 - __main__ - DEBUG - 🎯 Eval HMM masking: step 350 masked due to negative reward
2025-09-28 10:29:08,922 - __main__ - WARNING - ⚠️ Episode 13 terminated due to step limit.
2025-09-28 10:29:09,650 - __main__ - DEBUG - 🎯 Eval HMM masking: step 50 masked due to negative reward
2025-09-28 10:29:11,682 - __main__ - DEBUG - 🎯 Eval HMM masking: step 250 masked due to negative reward
2025-09-28 10:29:13,197 - __main__ - WARNING - ⚠️ Episode 14 terminated due to step limit.
2025-09-28 10:29:13,927 - __main__ - DEBUG - 🎯 Eval HMM masking: step 50 masked due to negative reward
2025-09-28 10:29:14,437 - __main__ - DEBUG - 🎯 Eval HMM masking: step 100 masked due to negative reward
2025-09-28 10:29:14,945 - __main__ - DEBUG - 🎯 Eval HMM masking: step 150 masked due to negative reward
2025-09-28 10:29:15,454 - __main__ - DEBUG - 🎯 Eval HMM masking: step 200 masked due to negative reward
2025-09-28 10:29:15,963 - __main__ - DEBUG - 🎯 Eval HMM masking: step 250 masked due to negative reward
2025-09-28 10:29:17,478 - __main__ - WARNING - ⚠️ Episode 15 terminated due to step limit.
2025-09-28 10:29:18,208 - __main__ - DEBUG - 🎯 Eval HMM masking: step 50 masked due to negative reward
2025-09-28 10:29:18,715 - __main__ - DEBUG - 🎯 Eval HMM masking: step 100 masked due to negative reward
2025-09-28 10:29:21,761 - __main__ - WARNING - ⚠️ Episode 16 terminated due to step limit.
2025-09-28 10:29:24,517 - __main__ - DEBUG - 🎯 Eval HMM masking: step 250 masked due to negative reward
2025-09-28 10:29:25,533 - __main__ - DEBUG - 🎯 Eval HMM masking: step 350 masked due to negative reward
2025-09-28 10:29:26,033 - __main__ - WARNING - ⚠️ Episode 17 terminated due to step limit.
2025-09-28 10:29:28,795 - __main__ - DEBUG - 🎯 Eval HMM masking: step 250 masked due to negative reward
2025-09-28 10:29:29,306 - __main__ - DEBUG - 🎯 Eval HMM masking: step 300 masked due to negative reward
2025-09-28 10:29:30,317 - __main__ - WARNING - ⚠️ Episode 18 terminated due to step limit.
2025-09-28 10:29:32,567 - __main__ - DEBUG - 🎯 Eval HMM masking: step 200 masked due to negative reward
2025-09-28 10:29:34,590 - __main__ - WARNING - ⚠️ Episode 19 terminated due to step limit.
2025-09-28 10:29:36,336 - __main__ - DEBUG - 🎯 Eval HMM masking: step 150 masked due to negative reward
2025-09-28 10:29:38,873 - __main__ - WARNING - ⚠️ Episode 20 terminated due to step limit.
2025-09-28 10:29:43,154 - __main__ - WARNING - ⚠️ Episode 21 terminated due to step limit.
2025-09-28 10:29:43,884 - __main__ - DEBUG - 🎯 Eval HMM masking: step 50 masked due to negative reward
2025-09-28 10:29:47,435 - __main__ - WARNING - ⚠️ Episode 22 terminated due to step limit.
2025-09-28 10:29:50,711 - __main__ - DEBUG - 🎯 Eval HMM masking: step 300 masked due to negative reward
2025-09-28 10:29:51,723 - __main__ - WARNING - ⚠️ Episode 23 terminated due to step limit.
2025-09-28 10:29:52,472 - __main__ - DEBUG - 🎯 Eval HMM masking: step 50 masked due to negative reward
2025-09-28 10:29:56,024 - __main__ - WARNING - ⚠️ Episode 24 terminated due to step limit.
2025-09-28 10:29:56,759 - __main__ - DEBUG - 🎯 Eval HMM masking: step 50 masked due to negative reward
2025-09-28 10:30:00,301 - __main__ - WARNING - ⚠️ Episode 25 terminated due to step limit.
2025-09-28 10:30:01,539 - __main__ - DEBUG - 🎯 Eval HMM masking: step 100 masked due to negative reward
2025-09-28 10:30:02,556 - __main__ - DEBUG - 🎯 Eval HMM masking: step 200 masked due to negative reward
2025-09-28 10:30:04,577 - __main__ - WARNING - ⚠️ Episode 26 terminated due to step limit.
2025-09-28 10:30:08,849 - __main__ - WARNING - ⚠️ Episode 27 terminated due to step limit.
2025-09-28 10:30:10,589 - __main__ - DEBUG - 🎯 Eval HMM masking: step 150 masked due to negative reward
2025-09-28 10:30:12,618 - __main__ - DEBUG - 🎯 Eval HMM masking: step 350 masked due to negative reward
2025-09-28 10:30:13,118 - __main__ - WARNING - ⚠️ Episode 28 terminated due to step limit.
2025-09-28 10:30:15,892 - __main__ - DEBUG - 🎯 Eval HMM masking: step 250 masked due to negative reward
2025-09-28 10:30:16,909 - __main__ - DEBUG - 🎯 Eval HMM masking: step 350 masked due to negative reward
2025-09-28 10:30:17,412 - __main__ - WARNING - ⚠️ Episode 29 terminated due to step limit.
2025-09-28 10:30:18,138 - __main__ - DEBUG - 🎯 Eval HMM masking: step 50 masked due to negative reward
2025-09-28 10:30:18,647 - __main__ - DEBUG - 🎯 Eval HMM masking: step 100 masked due to negative reward
2025-09-28 10:30:21,688 - __main__ - WARNING - ⚠️ Episode 30 terminated due to step limit.
2025-09-28 10:30:22,927 - __main__ - DEBUG - 🎯 Eval HMM masking: step 100 masked due to negative reward
2025-09-28 10:30:24,464 - __main__ - DEBUG - 🎯 Eval HMM masking: step 250 masked due to negative reward
2025-09-28 10:30:25,986 - __main__ - WARNING - ⚠️ Episode 31 terminated due to step limit.
2025-09-28 10:30:26,714 - __main__ - DEBUG - 🎯 Eval HMM masking: step 50 masked due to negative reward
2025-09-28 10:30:28,243 - __main__ - DEBUG - 🎯 Eval HMM masking: step 200 masked due to negative reward
2025-09-28 10:30:28,751 - __main__ - DEBUG - 🎯 Eval HMM masking: step 250 masked due to negative reward
2025-09-28 10:30:30,268 - __main__ - WARNING - ⚠️ Episode 32 terminated due to step limit.
2025-09-28 10:30:33,534 - __main__ - DEBUG - 🎯 Eval HMM masking: step 300 masked due to negative reward
2025-09-28 10:30:34,541 - __main__ - WARNING - ⚠️ Episode 33 terminated due to step limit.
2025-09-28 10:30:35,263 - __main__ - DEBUG - 🎯 Eval HMM masking: step 50 masked due to negative reward
2025-09-28 10:30:38,842 - __main__ - WARNING - ⚠️ Episode 34 terminated due to step limit.
2025-09-28 10:30:39,568 - __main__ - DEBUG - 🎯 Eval HMM masking: step 50 masked due to negative reward
2025-09-28 10:30:41,102 - __main__ - DEBUG - 🎯 Eval HMM masking: step 200 masked due to negative reward
2025-09-28 10:30:43,141 - __main__ - WARNING - ⚠️ Episode 35 terminated due to step limit.
2025-09-28 10:30:45,411 - __main__ - DEBUG - 🎯 Eval HMM masking: step 200 masked due to negative reward
2025-09-28 10:30:47,448 - __main__ - WARNING - ⚠️ Episode 36 terminated due to step limit.
2025-09-28 10:30:51,757 - __main__ - WARNING - ⚠️ Episode 37 terminated due to step limit.
2025-09-28 10:30:53,000 - __main__ - DEBUG - 🎯 Eval HMM masking: step 100 masked due to negative reward
2025-09-28 10:30:55,049 - __main__ - DEBUG - 🎯 Eval HMM masking: step 300 masked due to negative reward
2025-09-28 10:30:56,068 - __main__ - WARNING - ⚠️ Episode 38 terminated due to step limit.
2025-09-28 10:30:57,834 - __main__ - DEBUG - 🎯 Eval HMM masking: step 150 masked due to negative reward
2025-09-28 10:31:00,391 - __main__ - WARNING - ⚠️ Episode 39 terminated due to step limit.
2025-09-28 10:31:01,122 - __main__ - DEBUG - 🎯 Eval HMM masking: step 50 masked due to negative reward
2025-09-28 10:31:04,195 - __main__ - DEBUG - 🎯 Eval HMM masking: step 350 masked due to negative reward
2025-09-28 10:31:04,698 - __main__ - WARNING - ⚠️ Episode 40 terminated due to step limit.
2025-09-28 10:31:05,943 - __main__ - DEBUG - 🎯 Eval HMM masking: step 100 masked due to negative reward
2025-09-28 10:31:07,488 - __main__ - DEBUG - 🎯 Eval HMM masking: step 250 masked due to negative reward
2025-09-28 10:31:09,015 - __main__ - WARNING - ⚠️ Episode 41 terminated due to step limit.
2025-09-28 10:31:10,264 - __main__ - DEBUG - 🎯 Eval HMM masking: step 100 masked due to negative reward
2025-09-28 10:31:10,780 - __main__ - DEBUG - 🎯 Eval HMM masking: step 150 masked due to negative reward
2025-09-28 10:31:11,295 - __main__ - DEBUG - 🎯 Eval HMM masking: step 200 masked due to negative reward
2025-09-28 10:31:11,812 - __main__ - DEBUG - 🎯 Eval HMM masking: step 250 masked due to negative reward
2025-09-28 10:31:13,343 - __main__ - WARNING - ⚠️ Episode 42 terminated due to step limit.
2025-09-28 10:31:16,122 - __main__ - DEBUG - 🎯 Eval HMM masking: step 250 masked due to negative reward
2025-09-28 10:31:17,652 - __main__ - WARNING - ⚠️ Episode 43 terminated due to step limit.
2025-09-28 10:31:20,429 - __main__ - DEBUG - 🎯 Eval HMM masking: step 250 masked due to negative reward
2025-09-28 10:31:21,956 - __main__ - WARNING - ⚠️ Episode 44 terminated due to step limit.
2025-09-28 10:31:22,695 - __main__ - DEBUG - 🎯 Eval HMM masking: step 50 masked due to negative reward
2025-09-28 10:31:24,240 - __main__ - DEBUG - 🎯 Eval HMM masking: step 200 masked due to negative reward
2025-09-28 10:31:25,789 - __main__ - DEBUG - 🎯 Eval HMM masking: step 350 masked due to negative reward
2025-09-28 10:31:26,297 - __main__ - WARNING - ⚠️ Episode 45 terminated due to step limit.
2025-09-28 10:31:27,546 - __main__ - DEBUG - 🎯 Eval HMM masking: step 100 masked due to negative reward
2025-09-28 10:31:29,593 - __main__ - DEBUG - 🎯 Eval HMM masking: step 300 masked due to negative reward
2025-09-28 10:31:30,105 - __main__ - DEBUG - 🎯 Eval HMM masking: step 350 masked due to negative reward
2025-09-28 10:31:30,610 - __main__ - WARNING - ⚠️ Episode 46 terminated due to step limit.
2025-09-28 10:31:33,905 - __main__ - DEBUG - 🎯 Eval HMM masking: step 300 masked due to negative reward
2025-09-28 10:31:34,923 - __main__ - WARNING - ⚠️ Episode 47 terminated due to step limit.
2025-09-28 10:31:35,661 - __main__ - DEBUG - 🎯 Eval HMM masking: step 50 masked due to negative reward
2025-09-28 10:31:37,722 - __main__ - DEBUG - 🎯 Eval HMM masking: step 250 masked due to negative reward
2025-09-28 10:31:39,261 - __main__ - WARNING - ⚠️ Episode 48 terminated due to step limit.
2025-09-28 10:31:42,048 - __main__ - DEBUG - 🎯 Eval HMM masking: step 250 masked due to negative reward
2025-09-28 10:31:43,576 - __main__ - WARNING - ⚠️ Episode 49 terminated due to step limit.
2025-09-28 10:31:44,315 - __main__ - DEBUG - 🎯 Eval HMM masking: step 50 masked due to negative reward
2025-09-28 10:31:44,826 - __main__ - DEBUG - 🎯 Eval HMM masking: step 100 masked due to negative reward
2025-09-28 10:31:47,887 - __main__ - WARNING - ⚠️ Episode 50 terminated due to step limit.
2025-09-28 10:31:48,097 - __main__ - INFO - 📊 Evaluation Results (Current Round):
2025-09-28 10:31:48,098 - __main__ - INFO -    Episodes: 50
2025-09-28 10:31:48,098 - __main__ - INFO -    Time: 214.6s (4.3s/ep)
2025-09-28 10:31:48,098 - __main__ - INFO -    Average Return: -0.856 ± 0.249
2025-09-28 10:31:48,098 - __main__ - INFO -    Success Rate: 0.0%
2025-09-28 10:31:48,098 - __main__ - INFO -    Average Length: 400.0
2025-09-28 10:31:48,098 - __main__ - INFO -    Average Coverage: 63.8 positions
2025-09-28 10:31:48,098 - __main__ - INFO -    Episode Completions: 0 terminated (0.0%), 50 truncated (100.0%)
2025-09-28 10:31:48,099 - __main__ - INFO - 📈 Total Evaluation Statistics:
2025-09-28 10:31:48,099 - __main__ - INFO -    Total Episodes: 400
2025-09-28 10:31:48,099 - __main__ - INFO -    Total Average Return: -0.696 ± 0.278
2025-09-28 10:31:48,099 - __main__ - INFO -    Total Average Length: 400.0 ± 0.0
2025-09-28 10:31:48,099 - __main__ - INFO -    Total Completions: 0 terminated (0.0%), 400 truncated (100.0%)
2025-09-28 10:31:48,099 - __main__ - INFO -    Skill Entropy: 0.021
2025-09-28 10:31:48,099 - __main__ - INFO -    Used Skills: 3.0
2025-09-28 10:31:48,099 - __main__ - INFO -    Effective K: 1.90
2025-09-28 10:31:48,100 - __main__ - INFO - 🎯 Action Usage Statistics:
2025-09-28 10:31:48,100 - __main__ - INFO -    Unique actions in evaluation: 10
2025-09-28 10:31:48,100 - __main__ - INFO -    Unique actions in training: 10
2025-09-28 10:31:48,100 - __main__ - INFO -    Total unique actions: 10
2025-09-28 10:31:48,100 - __main__ - INFO -    Action coverage: 8.3%
2025-09-28 10:31:48,100 - __main__ - INFO -    Train action count: 80896
2025-09-28 10:31:48,100 - __main__ - INFO -    Eval action count: 160000
2025-09-28 10:31:48,101 - __main__ - INFO -    Train action entropy: 1.857
2025-09-28 10:31:48,101 - __main__ - INFO -    Eval action entropy: 1.832
2025-09-28 10:31:48,102 - __main__ - INFO -    Top 3 train actions: #1(22813), #3(16226), #0(13963)
2025-09-28 10:31:48,102 - __main__ - INFO -    Top 3 eval actions: #1(43165), #3(34987), #0(28984)
2025-09-28 10:31:57,934 - __main__ - INFO - 📊 Episodes completed this rollout: 8
2025-09-28 10:31:57,934 - __main__ - INFO - 📈 Episode stats: avg return = -0.61, avg length = 400.0
2025-09-28 10:31:57,935 - __main__ - INFO - 🎯 Top 3 training actions: #1(23753), #3(16924), #0(14586)
2025-09-28 10:32:09,425 - __main__ - INFO - 📊 Episodes completed this rollout: 8
2025-09-28 10:32:09,425 - __main__ - INFO - 📈 Episode stats: avg return = -0.81, avg length = 400.0
2025-09-28 10:32:09,426 - __main__ - INFO - 🎯 Top 3 training actions: #1(24381), #3(17662), #0(15235)
2025-09-28 10:32:18,721 - __main__ - INFO - 🔄 Synchronized model update at step 89,088
2025-09-28 10:32:18,721 - __main__ - INFO -    HMM interval: 12,000, VAE interval: 12,000
2025-09-28 10:32:18,722 - __main__ - INFO - 🚫 Model training masking: 2124/12288 timesteps masked (17.3%) due to negative rewards (invalid actions)
2025-09-28 10:32:19,063 - __main__ - INFO - 🔄 Capping HMM batch size from 1170 to 128 to prevent OOM
2025-09-28 10:32:19,063 - __main__ - INFO - 🔄 HMM refresh starting at step 89,088 with replay size 128x84
2025-09-28 10:32:23,651 - __main__ - DEBUG - Initial ELBO: 101894102.8917
2025-09-28 10:32:23,655 - __main__ - DEBUG - Relative tol: 0.0100
2025-09-28 10:32:23,655 - __main__ - DEBUG - Relative elbo_drop_tol: 0.0100
2025-09-28 10:32:23,655 - __main__ - DEBUG - - Init -525.2934
2025-09-28 10:32:23,655 - __main__ - DEBUG - - Trans -4.5197
2025-09-28 10:32:23,655 - __main__ - DEBUG - - Emit 39981.0539
2025-09-28 10:32:23,655 - __main__ - DEBUG - - Entropy 0.0005
2025-09-28 10:32:23,655 - __main__ - DEBUG - - Dir 101860520.0000
2025-09-28 10:32:23,656 - __main__ - DEBUG - - NIW -5846.1270
2025-09-28 10:32:23,656 - __main__ - DEBUG - - Beta prior -22.2227
2025-09-28 10:32:28,576 - __main__ - DEBUG - Iter 0: ELBO after FB: 101894102.8917 (LL 39451.2414, Δ=0.0000)
2025-09-28 10:32:28,577 - __main__ - DEBUG - Blending stats with ρ_niw=0.0500, ρ_tr=0.0500.
2025-09-28 10:32:28,623 - __main__ - DEBUG - Iter 0: ELBO after NIW update: 101894587.9457 (Emit LL 40574.5269, NIW term -5954.5459, Δ=485.0540)
2025-09-28 10:32:28,669 - __main__ - DEBUG - Iter 0: ELBO after Dirichlet update: 34024.6649 (Trans LL -4.5188, Dir term -43.2817, Δ=-101860563.2808)
2025-09-28 10:32:28,732 - __main__ - DEBUG - Iter 0: ELBO after β update: 19594527.5900 (Init LL -525.5815, Dir term 19560460.0000, logp(β) -22.2913, Δ=19560502.9251)
2025-09-28 10:32:33,671 - __main__ - DEBUG - Iter 1: ELBO after FB: 19594527.5900 (LL 40044.4272, Δ=0.0000)
2025-09-28 10:32:33,671 - __main__ - DEBUG - Blending stats with ρ_niw=0.0500, ρ_tr=0.0500.
2025-09-28 10:32:33,717 - __main__ - DEBUG - Iter 1: ELBO after NIW update: 19594527.5900 (Emit LL 40574.5269, NIW term -5954.5459, Δ=0.0000)
2025-09-28 10:32:33,763 - __main__ - DEBUG - Iter 1: ELBO after Dirichlet update: 20049709.5922 (Trans LL -4.5165, Dir term 20015642.0000, Δ=455182.0022)
2025-09-28 10:32:33,824 - __main__ - DEBUG - Iter 1: ELBO after β update: 39464967.2299 (Init LL -525.8741, Dir term 39430900.0000, logp(β) -22.3609, Δ=19415257.6377)
2025-09-28 10:32:38,794 - __main__ - DEBUG - Iter 2: ELBO after FB: 39464967.2299 (LL 40044.1367, Δ=0.0000)
2025-09-28 10:32:38,795 - __main__ - DEBUG - Blending stats with ρ_niw=0.0500, ρ_tr=0.0500.
2025-09-28 10:32:38,841 - __main__ - DEBUG - Iter 2: ELBO after NIW update: 39464967.2299 (Emit LL 40574.5269, NIW term -5954.5459, Δ=0.0000)
2025-09-28 10:32:38,888 - __main__ - DEBUG - Iter 2: ELBO after Dirichlet update: 39920087.2321 (Trans LL -4.5143, Dir term 39886020.0000, Δ=455120.0022)
2025-09-28 10:32:38,951 - __main__ - DEBUG - Iter 2: ELBO after β update: 59190958.8650 (Init LL -526.1715, Dir term 59156892.0000, logp(β) -22.4307, Δ=19270871.6329)
2025-09-28 10:32:43,926 - __main__ - DEBUG - Iter 3: ELBO after FB: 59190958.8650 (LL 40043.8416, Δ=0.0000)
2025-09-28 10:32:43,927 - __main__ - DEBUG - Blending stats with ρ_niw=0.0500, ρ_tr=0.0500.
2025-09-28 10:32:43,972 - __main__ - DEBUG - Iter 3: ELBO after NIW update: 59190958.8650 (Emit LL 40574.5269, NIW term -5954.5459, Δ=0.0000)
2025-09-28 10:32:44,018 - __main__ - DEBUG - Iter 3: ELBO after Dirichlet update: 59641690.8668 (Trans LL -4.5125, Dir term 59607624.0000, Δ=450732.0018)
2025-09-28 10:32:44,082 - __main__ - DEBUG - Iter 3: ELBO after β update: 78769466.4945 (Init LL -526.4736, Dir term 78735400.0000, logp(β) -22.5009, Δ=19127775.6277)
2025-09-28 10:32:48,953 - __main__ - DEBUG - Iter 4: ELBO after FB: 78769466.4945 (LL 40043.5414, Δ=0.0000)
2025-09-28 10:32:48,954 - __main__ - DEBUG - Blending stats with ρ_niw=0.0500, ρ_tr=0.0500.
2025-09-28 10:32:48,999 - __main__ - DEBUG - Iter 4: ELBO after NIW update: 78769466.4945 (Emit LL 40574.5269, NIW term -5954.5459, Δ=0.0000)
2025-09-28 10:32:49,045 - __main__ - DEBUG - Iter 4: ELBO after Dirichlet update: 79216922.4968 (Trans LL -4.5102, Dir term 79182856.0000, Δ=447456.0022)
2025-09-28 10:32:49,107 - __main__ - DEBUG - Iter 4: ELBO after β update: 98201826.1197 (Init LL -526.7805, Dir term 98167760.0000, logp(β) -22.5711, Δ=18984903.6229)
2025-09-28 10:32:49,109 - __main__ - INFO -    HMM refresh complete: ELBO=1271.1359, iters=0, max iters, states=40
2025-09-28 10:32:49,109 - __main__ - INFO -    ✅ HMM updated (next in 12,000 steps)
2025-09-28 10:32:49,109 - __main__ - INFO - 🔄 VAE refresh starting at step 89,088 with replay size 8x1536
2025-09-28 10:32:49,110 - __main__ - INFO -    Using span sampling (12288 timesteps, too large for full buffer)
2025-09-28 10:33:09,820 - __main__ - INFO -    VAE refresh complete: final_loss=2295.4858, avg_loss=2291.6756, steps=4/4, trend=stable, total_timesteps=12288, span_sampling=32_requested×4_steps, span_len=64
2025-09-28 10:33:09,822 - __main__ - INFO -    ✅ VAE updated (next in 12,000 steps)
2025-09-28 10:33:12,011 - __main__ - INFO - 📊 Episodes completed this rollout: 8
2025-09-28 10:33:12,011 - __main__ - INFO - 📈 Episode stats: avg return = -0.69, avg length = 400.0
2025-09-28 10:33:12,012 - __main__ - INFO - 🎯 Top 3 training actions: #1(25062), #3(18175), #0(16020)
2025-09-28 10:33:13,704 - __main__ - INFO - 🧪 Starting evaluation with 50 episodes...
2025-09-28 10:33:13,704 - __main__ - INFO -    Eval seed: 51
2025-09-28 10:33:13,704 - __main__ - INFO -    Max episode steps (eval): env default
2025-09-28 10:33:13,705 - nle.env.base - INFO - Not saving any NLE data.
2025-09-28 10:33:14,746 - __main__ - DEBUG - 🎯 Eval HMM masking: step 100 masked due to negative reward
2025-09-28 10:33:17,787 - __main__ - WARNING - ⚠️ Episode 1 terminated due to step limit.
2025-09-28 10:33:22,076 - __main__ - WARNING - ⚠️ Episode 2 terminated due to step limit.
2025-09-28 10:33:23,821 - __main__ - DEBUG - 🎯 Eval HMM masking: step 150 masked due to negative reward
2025-09-28 10:33:24,329 - __main__ - DEBUG - 🎯 Eval HMM masking: step 200 masked due to negative reward
2025-09-28 10:33:26,343 - __main__ - WARNING - ⚠️ Episode 3 terminated due to step limit.
2025-09-28 10:33:29,135 - __main__ - DEBUG - 🎯 Eval HMM masking: step 250 masked due to negative reward
2025-09-28 10:33:30,155 - __main__ - DEBUG - 🎯 Eval HMM masking: step 350 masked due to negative reward
2025-09-28 10:33:30,651 - __main__ - WARNING - ⚠️ Episode 4 terminated due to step limit.
2025-09-28 10:33:33,417 - __main__ - DEBUG - 🎯 Eval HMM masking: step 250 masked due to negative reward
2025-09-28 10:33:33,926 - __main__ - DEBUG - 🎯 Eval HMM masking: step 300 masked due to negative reward
2025-09-28 10:33:34,936 - __main__ - WARNING - ⚠️ Episode 5 terminated due to step limit.
2025-09-28 10:33:36,171 - __main__ - DEBUG - 🎯 Eval HMM masking: step 100 masked due to negative reward
2025-09-28 10:33:37,697 - __main__ - DEBUG - 🎯 Eval HMM masking: step 250 masked due to negative reward
2025-09-28 10:33:39,214 - __main__ - WARNING - ⚠️ Episode 6 terminated due to step limit.
2025-09-28 10:33:39,939 - __main__ - DEBUG - 🎯 Eval HMM masking: step 50 masked due to negative reward
2025-09-28 10:33:43,494 - __main__ - WARNING - ⚠️ Episode 7 terminated due to step limit.
2025-09-28 10:33:47,770 - __main__ - WARNING - ⚠️ Episode 8 terminated due to step limit.
2025-09-28 10:33:52,047 - __main__ - WARNING - ⚠️ Episode 9 terminated due to step limit.
2025-09-28 10:33:55,317 - __main__ - DEBUG - 🎯 Eval HMM masking: step 300 masked due to negative reward
2025-09-28 10:33:56,325 - __main__ - WARNING - ⚠️ Episode 10 terminated due to step limit.
2025-09-28 10:34:00,594 - __main__ - WARNING - ⚠️ Episode 11 terminated due to step limit.
2025-09-28 10:34:05,047 - __main__ - WARNING - ⚠️ Episode 12 terminated due to step limit.
2025-09-28 10:34:08,841 - __main__ - DEBUG - 🎯 Eval HMM masking: step 350 masked due to negative reward
2025-09-28 10:34:09,344 - __main__ - WARNING - ⚠️ Episode 13 terminated due to step limit.
2025-09-28 10:34:10,071 - __main__ - DEBUG - 🎯 Eval HMM masking: step 50 masked due to negative reward
2025-09-28 10:34:10,579 - __main__ - DEBUG - 🎯 Eval HMM masking: step 100 masked due to negative reward
2025-09-28 10:34:12,106 - __main__ - DEBUG - 🎯 Eval HMM masking: step 250 masked due to negative reward
2025-09-28 10:34:12,613 - __main__ - DEBUG - 🎯 Eval HMM masking: step 300 masked due to negative reward
2025-09-28 10:34:13,626 - __main__ - WARNING - ⚠️ Episode 14 terminated due to step limit.
2025-09-28 10:34:14,861 - __main__ - DEBUG - 🎯 Eval HMM masking: step 100 masked due to negative reward
2025-09-28 10:34:16,391 - __main__ - DEBUG - 🎯 Eval HMM masking: step 250 masked due to negative reward
2025-09-28 10:34:17,910 - __main__ - WARNING - ⚠️ Episode 15 terminated due to step limit.
2025-09-28 10:34:20,163 - __main__ - DEBUG - 🎯 Eval HMM masking: step 200 masked due to negative reward
2025-09-28 10:34:22,199 - __main__ - WARNING - ⚠️ Episode 16 terminated due to step limit.
2025-09-28 10:34:26,468 - __main__ - WARNING - ⚠️ Episode 17 terminated due to step limit.
2025-09-28 10:34:28,727 - __main__ - DEBUG - 🎯 Eval HMM masking: step 200 masked due to negative reward
2025-09-28 10:34:30,751 - __main__ - WARNING - ⚠️ Episode 18 terminated due to step limit.
2025-09-28 10:34:35,018 - __main__ - WARNING - ⚠️ Episode 19 terminated due to step limit.
2025-09-28 10:34:36,255 - __main__ - DEBUG - 🎯 Eval HMM masking: step 100 masked due to negative reward
2025-09-28 10:34:39,302 - __main__ - WARNING - ⚠️ Episode 20 terminated due to step limit.
2025-09-28 10:34:42,577 - __main__ - DEBUG - 🎯 Eval HMM masking: step 300 masked due to negative reward
2025-09-28 10:34:43,589 - __main__ - WARNING - ⚠️ Episode 21 terminated due to step limit.
2025-09-28 10:34:47,871 - __main__ - WARNING - ⚠️ Episode 22 terminated due to step limit.
2025-09-28 10:34:52,175 - __main__ - WARNING - ⚠️ Episode 23 terminated due to step limit.
2025-09-28 10:34:53,409 - __main__ - DEBUG - 🎯 Eval HMM masking: step 100 masked due to negative reward
2025-09-28 10:34:54,935 - __main__ - DEBUG - 🎯 Eval HMM masking: step 250 masked due to negative reward
2025-09-28 10:34:56,450 - __main__ - WARNING - ⚠️ Episode 24 terminated due to step limit.
2025-09-28 10:34:57,184 - __main__ - DEBUG - 🎯 Eval HMM masking: step 50 masked due to negative reward
2025-09-28 10:35:00,724 - __main__ - WARNING - ⚠️ Episode 25 terminated due to step limit.
2025-09-28 10:35:04,972 - __main__ - WARNING - ⚠️ Episode 26 terminated due to step limit.
2025-09-28 10:35:06,717 - __main__ - DEBUG - 🎯 Eval HMM masking: step 150 masked due to negative reward
2025-09-28 10:35:09,250 - __main__ - WARNING - ⚠️ Episode 27 terminated due to step limit.
2025-09-28 10:35:11,482 - __main__ - DEBUG - 🎯 Eval HMM masking: step 200 masked due to negative reward
2025-09-28 10:35:13,497 - __main__ - WARNING - ⚠️ Episode 28 terminated due to step limit.
2025-09-28 10:35:14,222 - __main__ - DEBUG - 🎯 Eval HMM masking: step 50 masked due to negative reward
2025-09-28 10:35:14,731 - __main__ - DEBUG - 🎯 Eval HMM masking: step 100 masked due to negative reward
2025-09-28 10:35:16,251 - __main__ - DEBUG - 🎯 Eval HMM masking: step 250 masked due to negative reward
2025-09-28 10:35:17,761 - __main__ - WARNING - ⚠️ Episode 29 terminated due to step limit.
2025-09-28 10:35:22,019 - __main__ - WARNING - ⚠️ Episode 30 terminated due to step limit.
2025-09-28 10:35:26,277 - __main__ - WARNING - ⚠️ Episode 31 terminated due to step limit.
2025-09-28 10:35:28,514 - __main__ - DEBUG - 🎯 Eval HMM masking: step 200 masked due to negative reward
2025-09-28 10:35:30,031 - __main__ - DEBUG - 🎯 Eval HMM masking: step 350 masked due to negative reward
2025-09-28 10:35:30,529 - __main__ - WARNING - ⚠️ Episode 32 terminated due to step limit.
2025-09-28 10:35:34,785 - __main__ - WARNING - ⚠️ Episode 33 terminated due to step limit.
2025-09-28 10:35:39,037 - __main__ - WARNING - ⚠️ Episode 34 terminated due to step limit.
2025-09-28 10:35:39,758 - __main__ - DEBUG - 🎯 Eval HMM masking: step 50 masked due to negative reward
2025-09-28 10:35:42,805 - __main__ - DEBUG - 🎯 Eval HMM masking: step 350 masked due to negative reward
2025-09-28 10:35:43,305 - __main__ - WARNING - ⚠️ Episode 35 terminated due to step limit.
2025-09-28 10:35:44,030 - __main__ - DEBUG - 🎯 Eval HMM masking: step 50 masked due to negative reward
2025-09-28 10:35:47,559 - __main__ - WARNING - ⚠️ Episode 36 terminated due to step limit.
2025-09-28 10:35:51,822 - __main__ - WARNING - ⚠️ Episode 37 terminated due to step limit.
2025-09-28 10:35:56,079 - __main__ - WARNING - ⚠️ Episode 38 terminated due to step limit.
2025-09-28 10:36:00,344 - __main__ - WARNING - ⚠️ Episode 39 terminated due to step limit.
2025-09-28 10:36:01,065 - __main__ - DEBUG - 🎯 Eval HMM masking: step 50 masked due to negative reward
2025-09-28 10:36:04,592 - __main__ - WARNING - ⚠️ Episode 40 terminated due to step limit.
2025-09-28 10:36:08,842 - __main__ - WARNING - ⚠️ Episode 41 terminated due to step limit.
2025-09-28 10:36:10,092 - __main__ - DEBUG - 🎯 Eval HMM masking: step 100 masked due to negative reward
2025-09-28 10:36:13,114 - __main__ - WARNING - ⚠️ Episode 42 terminated due to step limit.
2025-09-28 10:36:17,377 - __main__ - WARNING - ⚠️ Episode 43 terminated due to step limit.
2025-09-28 10:36:18,106 - __main__ - DEBUG - 🎯 Eval HMM masking: step 50 masked due to negative reward
2025-09-28 10:36:21,645 - __main__ - WARNING - ⚠️ Episode 44 terminated due to step limit.
2025-09-28 10:36:25,902 - __main__ - WARNING - ⚠️ Episode 45 terminated due to step limit.
2025-09-28 10:36:29,660 - __main__ - DEBUG - 🎯 Eval HMM masking: step 350 masked due to negative reward
2025-09-28 10:36:30,158 - __main__ - WARNING - ⚠️ Episode 46 terminated due to step limit.
2025-09-28 10:36:34,427 - __main__ - WARNING - ⚠️ Episode 47 terminated due to step limit.
2025-09-28 10:36:38,685 - __main__ - WARNING - ⚠️ Episode 48 terminated due to step limit.
2025-09-28 10:36:41,440 - __main__ - DEBUG - 🎯 Eval HMM masking: step 250 masked due to negative reward
2025-09-28 10:36:42,946 - __main__ - WARNING - ⚠️ Episode 49 terminated due to step limit.
2025-09-28 10:36:44,175 - __main__ - DEBUG - 🎯 Eval HMM masking: step 100 masked due to negative reward
2025-09-28 10:36:44,681 - __main__ - DEBUG - 🎯 Eval HMM masking: step 150 masked due to negative reward
2025-09-28 10:36:47,205 - __main__ - WARNING - ⚠️ Episode 50 terminated due to step limit.
2025-09-28 10:36:47,418 - __main__ - INFO - 📊 Evaluation Results (Current Round):
2025-09-28 10:36:47,418 - __main__ - INFO -    Episodes: 50
2025-09-28 10:36:47,418 - __main__ - INFO -    Time: 213.7s (4.3s/ep)
2025-09-28 10:36:47,418 - __main__ - INFO -    Average Return: -0.583 ± 0.240
2025-09-28 10:36:47,418 - __main__ - INFO -    Success Rate: 0.0%
2025-09-28 10:36:47,418 - __main__ - INFO -    Average Length: 400.0
2025-09-28 10:36:47,419 - __main__ - INFO -    Average Coverage: 87.3 positions
2025-09-28 10:36:47,419 - __main__ - INFO -    Episode Completions: 0 terminated (0.0%), 50 truncated (100.0%)
2025-09-28 10:36:47,419 - __main__ - INFO - 📈 Total Evaluation Statistics:
2025-09-28 10:36:47,419 - __main__ - INFO -    Total Episodes: 450
2025-09-28 10:36:47,419 - __main__ - INFO -    Total Average Return: -0.684 ± 0.276
2025-09-28 10:36:47,419 - __main__ - INFO -    Total Average Length: 400.0 ± 0.0
2025-09-28 10:36:47,419 - __main__ - INFO -    Total Completions: 0 terminated (0.0%), 450 truncated (100.0%)
2025-09-28 10:36:47,420 - __main__ - INFO -    Skill Entropy: 0.003
2025-09-28 10:36:47,420 - __main__ - INFO -    Used Skills: 3.0
2025-09-28 10:36:47,420 - __main__ - INFO -    Effective K: 1.64
2025-09-28 10:36:47,420 - __main__ - INFO - 🎯 Action Usage Statistics:
2025-09-28 10:36:47,420 - __main__ - INFO -    Unique actions in evaluation: 10
2025-09-28 10:36:47,420 - __main__ - INFO -    Unique actions in training: 10
2025-09-28 10:36:47,420 - __main__ - INFO -    Total unique actions: 10
2025-09-28 10:36:47,420 - __main__ - INFO -    Action coverage: 8.3%
2025-09-28 10:36:47,421 - __main__ - INFO -    Train action count: 90112
2025-09-28 10:36:47,421 - __main__ - INFO -    Eval action count: 180000
2025-09-28 10:36:47,421 - __main__ - INFO -    Train action entropy: 1.852
2025-09-28 10:36:47,421 - __main__ - INFO -    Eval action entropy: 1.831
2025-09-28 10:36:47,422 - __main__ - INFO -    Top 3 train actions: #1(25062), #3(18175), #0(16020)
2025-09-28 10:36:47,422 - __main__ - INFO -    Top 3 eval actions: #1(47820), #3(38391), #0(33314)
2025-09-28 10:36:57,133 - __main__ - INFO - 📊 Episodes completed this rollout: 8
2025-09-28 10:36:57,134 - __main__ - INFO - 📈 Episode stats: avg return = -0.48, avg length = 400.0
2025-09-28 10:36:57,134 - __main__ - INFO - 🎯 Top 3 training actions: #1(25803), #3(18690), #0(16727)
2025-09-28 10:37:08,522 - __main__ - INFO - 📊 Episodes completed this rollout: 8
2025-09-28 10:37:08,522 - __main__ - INFO - 📈 Episode stats: avg return = -0.64, avg length = 400.0
2025-09-28 10:37:08,523 - __main__ - INFO - 🎯 Top 3 training actions: #1(26410), #3(19241), #0(17499)
2025-09-28 10:37:19,923 - __main__ - INFO - 📊 Episodes completed this rollout: 8
2025-09-28 10:37:19,923 - __main__ - INFO - 📈 Episode stats: avg return = -0.52, avg length = 400.0
2025-09-28 10:37:19,924 - __main__ - INFO - 🎯 Top 3 training actions: #1(27122), #3(19926), #0(18139)
2025-09-28 10:37:25,378 - __main__ - INFO - 🧪 Starting evaluation with 50 episodes...
2025-09-28 10:37:25,379 - __main__ - INFO -    Eval seed: 51
2025-09-28 10:37:25,379 - __main__ - INFO -    Max episode steps (eval): env default
2025-09-28 10:37:25,380 - nle.env.base - INFO - Not saving any NLE data.
2025-09-28 10:37:29,443 - __main__ - WARNING - ⚠️ Episode 1 terminated due to step limit.
2025-09-28 10:37:33,711 - __main__ - WARNING - ⚠️ Episode 2 terminated due to step limit.
2025-09-28 10:37:35,453 - __main__ - DEBUG - 🎯 Eval HMM masking: step 150 masked due to negative reward
2025-09-28 10:37:35,959 - __main__ - DEBUG - 🎯 Eval HMM masking: step 200 masked due to negative reward
2025-09-28 10:37:37,979 - __main__ - WARNING - ⚠️ Episode 3 terminated due to step limit.
2025-09-28 10:37:42,236 - __main__ - WARNING - ⚠️ Episode 4 terminated due to step limit.
2025-09-28 10:37:46,464 - __main__ - WARNING - ⚠️ Episode 5 terminated due to step limit.
2025-09-28 10:37:48,233 - __main__ - DEBUG - 🎯 Eval HMM masking: step 150 masked due to negative reward
2025-09-28 10:37:49,247 - __main__ - DEBUG - 🎯 Eval HMM masking: step 250 masked due to negative reward
2025-09-28 10:37:50,760 - __main__ - WARNING - ⚠️ Episode 6 terminated due to step limit.
2025-09-28 10:37:52,003 - __main__ - DEBUG - 🎯 Eval HMM masking: step 100 masked due to negative reward
2025-09-28 10:37:52,510 - __main__ - DEBUG - 🎯 Eval HMM masking: step 150 masked due to negative reward
2025-09-28 10:37:53,017 - __main__ - DEBUG - 🎯 Eval HMM masking: step 200 masked due to negative reward
2025-09-28 10:37:55,036 - __main__ - WARNING - ⚠️ Episode 7 terminated due to step limit.
2025-09-28 10:37:59,292 - __main__ - WARNING - ⚠️ Episode 8 terminated due to step limit.
2025-09-28 10:38:03,547 - __main__ - WARNING - ⚠️ Episode 9 terminated due to step limit.
2025-09-28 10:38:05,790 - __main__ - DEBUG - 🎯 Eval HMM masking: step 200 masked due to negative reward
2025-09-28 10:38:06,298 - __main__ - DEBUG - 🎯 Eval HMM masking: step 250 masked due to negative reward
2025-09-28 10:38:06,805 - __main__ - DEBUG - 🎯 Eval HMM masking: step 300 masked due to negative reward
2025-09-28 10:38:07,813 - __main__ - WARNING - ⚠️ Episode 10 terminated due to step limit.
2025-09-28 10:38:08,535 - __main__ - DEBUG - 🎯 Eval HMM masking: step 50 masked due to negative reward
2025-09-28 10:38:11,063 - __main__ - DEBUG - 🎯 Eval HMM masking: step 300 masked due to negative reward
2025-09-28 10:38:12,070 - __main__ - WARNING - ⚠️ Episode 11 terminated due to step limit.
2025-09-28 10:38:16,323 - __main__ - WARNING - ⚠️ Episode 12 terminated due to step limit.
2025-09-28 10:38:19,107 - __main__ - DEBUG - 🎯 Eval HMM masking: step 250 masked due to negative reward
2025-09-28 10:38:20,656 - __main__ - WARNING - ⚠️ Episode 13 terminated due to step limit.
2025-09-28 10:38:21,919 - __main__ - DEBUG - 🎯 Eval HMM masking: step 100 masked due to negative reward
2025-09-28 10:38:23,439 - __main__ - DEBUG - 🎯 Eval HMM masking: step 250 masked due to negative reward
2025-09-28 10:38:23,980 - __main__ - DEBUG - 🎯 Eval HMM masking: step 300 masked due to negative reward
2025-09-28 10:38:24,985 - __main__ - WARNING - ⚠️ Episode 14 terminated due to step limit.
2025-09-28 10:38:26,247 - __main__ - DEBUG - 🎯 Eval HMM masking: step 100 masked due to negative reward
2025-09-28 10:38:29,271 - __main__ - WARNING - ⚠️ Episode 15 terminated due to step limit.
2025-09-28 10:38:33,531 - __main__ - WARNING - ⚠️ Episode 16 terminated due to step limit.
2025-09-28 10:38:37,782 - __main__ - WARNING - ⚠️ Episode 17 terminated due to step limit.
2025-09-28 10:38:39,515 - __main__ - DEBUG - 🎯 Eval HMM masking: step 150 masked due to negative reward
2025-09-28 10:38:40,021 - __main__ - DEBUG - 🎯 Eval HMM masking: step 200 masked due to negative reward
2025-09-28 10:38:42,041 - __main__ - WARNING - ⚠️ Episode 18 terminated due to step limit.
2025-09-28 10:38:44,277 - __main__ - DEBUG - 🎯 Eval HMM masking: step 200 masked due to negative reward
2025-09-28 10:38:46,290 - __main__ - WARNING - ⚠️ Episode 19 terminated due to step limit.
2025-09-28 10:38:48,038 - __main__ - DEBUG - 🎯 Eval HMM masking: step 150 masked due to negative reward
2025-09-28 10:38:48,545 - __main__ - DEBUG - 🎯 Eval HMM masking: step 200 masked due to negative reward
2025-09-28 10:38:49,558 - __main__ - DEBUG - 🎯 Eval HMM masking: step 300 masked due to negative reward
2025-09-28 10:38:50,564 - __main__ - WARNING - ⚠️ Episode 20 terminated due to step limit.
2025-09-28 10:38:53,820 - __main__ - DEBUG - 🎯 Eval HMM masking: step 300 masked due to negative reward
2025-09-28 10:38:54,327 - __main__ - DEBUG - 🎯 Eval HMM masking: step 350 masked due to negative reward
2025-09-28 10:38:54,825 - __main__ - WARNING - ⚠️ Episode 21 terminated due to step limit.
2025-09-28 10:38:57,570 - __main__ - DEBUG - 🎯 Eval HMM masking: step 250 masked due to negative reward
2025-09-28 10:38:58,077 - __main__ - DEBUG - 🎯 Eval HMM masking: step 300 masked due to negative reward
2025-09-28 10:38:59,081 - __main__ - WARNING - ⚠️ Episode 22 terminated due to step limit.
2025-09-28 10:39:03,340 - __main__ - WARNING - ⚠️ Episode 23 terminated due to step limit.
2025-09-28 10:39:07,600 - __main__ - WARNING - ⚠️ Episode 24 terminated due to step limit.
2025-09-28 10:39:08,322 - __main__ - DEBUG - 🎯 Eval HMM masking: step 50 masked due to negative reward
2025-09-28 10:39:11,858 - __main__ - WARNING - ⚠️ Episode 25 terminated due to step limit.
2025-09-28 10:39:16,110 - __main__ - WARNING - ⚠️ Episode 26 terminated due to step limit.
2025-09-28 10:39:16,835 - __main__ - DEBUG - 🎯 Eval HMM masking: step 50 masked due to negative reward
2025-09-28 10:39:17,847 - __main__ - DEBUG - 🎯 Eval HMM masking: step 150 masked due to negative reward
2025-09-28 10:39:18,861 - __main__ - DEBUG - 🎯 Eval HMM masking: step 250 masked due to negative reward
2025-09-28 10:39:20,371 - __main__ - WARNING - ⚠️ Episode 27 terminated due to step limit.
2025-09-28 10:39:22,113 - __main__ - DEBUG - 🎯 Eval HMM masking: step 150 masked due to negative reward
2025-09-28 10:39:22,621 - __main__ - DEBUG - 🎯 Eval HMM masking: step 200 masked due to negative reward
2025-09-28 10:39:24,641 - __main__ - WARNING - ⚠️ Episode 28 terminated due to step limit.
2025-09-28 10:39:27,382 - __main__ - DEBUG - 🎯 Eval HMM masking: step 250 masked due to negative reward
2025-09-28 10:39:28,890 - __main__ - WARNING - ⚠️ Episode 29 terminated due to step limit.
2025-09-28 10:39:30,630 - __main__ - DEBUG - 🎯 Eval HMM masking: step 150 masked due to negative reward
2025-09-28 10:39:33,168 - __main__ - WARNING - ⚠️ Episode 30 terminated due to step limit.
2025-09-28 10:39:37,417 - __main__ - WARNING - ⚠️ Episode 31 terminated due to step limit.
2025-09-28 10:39:41,180 - __main__ - DEBUG - 🎯 Eval HMM masking: step 350 masked due to negative reward
2025-09-28 10:39:41,680 - __main__ - WARNING - ⚠️ Episode 32 terminated due to step limit.
2025-09-28 10:39:43,915 - __main__ - DEBUG - 🎯 Eval HMM masking: step 200 masked due to negative reward
2025-09-28 10:39:45,428 - __main__ - DEBUG - 🎯 Eval HMM masking: step 350 masked due to negative reward
2025-09-28 10:39:45,924 - __main__ - WARNING - ⚠️ Episode 33 terminated due to step limit.
2025-09-28 10:39:50,183 - __main__ - WARNING - ⚠️ Episode 34 terminated due to step limit.
2025-09-28 10:39:51,945 - __main__ - DEBUG - 🎯 Eval HMM masking: step 150 masked due to negative reward
2025-09-28 10:39:54,475 - __main__ - WARNING - ⚠️ Episode 35 terminated due to step limit.
2025-09-28 10:39:58,750 - __main__ - WARNING - ⚠️ Episode 36 terminated due to step limit.
2025-09-28 10:40:03,003 - __main__ - WARNING - ⚠️ Episode 37 terminated due to step limit.
2025-09-28 10:40:04,234 - __main__ - DEBUG - 🎯 Eval HMM masking: step 100 masked due to negative reward
2025-09-28 10:40:07,267 - __main__ - WARNING - ⚠️ Episode 38 terminated due to step limit.
2025-09-28 10:40:10,018 - __main__ - DEBUG - 🎯 Eval HMM masking: step 250 masked due to negative reward
2025-09-28 10:40:11,529 - __main__ - WARNING - ⚠️ Episode 39 terminated due to step limit.
2025-09-28 10:40:12,259 - __main__ - DEBUG - 🎯 Eval HMM masking: step 50 masked due to negative reward
2025-09-28 10:40:15,808 - __main__ - WARNING - ⚠️ Episode 40 terminated due to step limit.
2025-09-28 10:40:20,065 - __main__ - WARNING - ⚠️ Episode 41 terminated due to step limit.
2025-09-28 10:40:23,836 - __main__ - DEBUG - 🎯 Eval HMM masking: step 350 masked due to negative reward
2025-09-28 10:40:24,337 - __main__ - WARNING - ⚠️ Episode 42 terminated due to step limit.
2025-09-28 10:40:25,563 - __main__ - DEBUG - 🎯 Eval HMM masking: step 100 masked due to negative reward
2025-09-28 10:40:28,583 - __main__ - WARNING - ⚠️ Episode 43 terminated due to step limit.
2025-09-28 10:40:32,840 - __main__ - WARNING - ⚠️ Episode 44 terminated due to step limit.
2025-09-28 10:40:37,105 - __main__ - WARNING - ⚠️ Episode 45 terminated due to step limit.
2025-09-28 10:40:38,850 - __main__ - DEBUG - 🎯 Eval HMM masking: step 150 masked due to negative reward
2025-09-28 10:40:41,378 - __main__ - WARNING - ⚠️ Episode 46 terminated due to step limit.
2025-09-28 10:40:44,637 - __main__ - DEBUG - 🎯 Eval HMM masking: step 300 masked due to negative reward
2025-09-28 10:40:45,643 - __main__ - WARNING - ⚠️ Episode 47 terminated due to step limit.
2025-09-28 10:40:48,391 - __main__ - DEBUG - 🎯 Eval HMM masking: step 250 masked due to negative reward
2025-09-28 10:40:49,905 - __main__ - WARNING - ⚠️ Episode 48 terminated due to step limit.
2025-09-28 10:40:54,162 - __main__ - WARNING - ⚠️ Episode 49 terminated due to step limit.
2025-09-28 10:40:58,413 - __main__ - WARNING - ⚠️ Episode 50 terminated due to step limit.
2025-09-28 10:40:58,620 - __main__ - INFO - 📊 Evaluation Results (Current Round):
2025-09-28 10:40:58,620 - __main__ - INFO -    Episodes: 50
2025-09-28 10:40:58,620 - __main__ - INFO -    Time: 213.2s (4.3s/ep)
2025-09-28 10:40:58,621 - __main__ - INFO -    Average Return: -0.579 ± 0.221
2025-09-28 10:40:58,621 - __main__ - INFO -    Success Rate: 0.0%
2025-09-28 10:40:58,621 - __main__ - INFO -    Average Length: 400.0
2025-09-28 10:40:58,621 - __main__ - INFO -    Average Coverage: 88.1 positions
2025-09-28 10:40:58,621 - __main__ - INFO -    Episode Completions: 0 terminated (0.0%), 50 truncated (100.0%)
2025-09-28 10:40:58,621 - __main__ - INFO - 📈 Total Evaluation Statistics:
2025-09-28 10:40:58,621 - __main__ - INFO -    Total Episodes: 500
2025-09-28 10:40:58,621 - __main__ - INFO -    Total Average Return: -0.673 ± 0.273
2025-09-28 10:40:58,622 - __main__ - INFO -    Total Average Length: 400.0 ± 0.0
2025-09-28 10:40:58,622 - __main__ - INFO -    Total Completions: 0 terminated (0.0%), 500 truncated (100.0%)
2025-09-28 10:40:58,622 - __main__ - INFO -    Skill Entropy: 0.003
2025-09-28 10:40:58,622 - __main__ - INFO -    Used Skills: 3.0
2025-09-28 10:40:58,622 - __main__ - INFO -    Effective K: 1.63
2025-09-28 10:40:58,622 - __main__ - INFO - 🎯 Action Usage Statistics:
2025-09-28 10:40:58,622 - __main__ - INFO -    Unique actions in evaluation: 10
2025-09-28 10:40:58,623 - __main__ - INFO -    Unique actions in training: 10
2025-09-28 10:40:58,623 - __main__ - INFO -    Total unique actions: 10
2025-09-28 10:40:58,623 - __main__ - INFO -    Action coverage: 8.3%
2025-09-28 10:40:58,623 - __main__ - INFO -    Train action count: 100352
2025-09-28 10:40:58,623 - __main__ - INFO -    Eval action count: 200000
2025-09-28 10:40:58,623 - __main__ - INFO -    Train action entropy: 1.850
2025-09-28 10:40:58,624 - __main__ - INFO -    Eval action entropy: 1.831
2025-09-28 10:40:58,624 - __main__ - INFO -    Top 3 train actions: #1(27393), #3(20131), #0(18337)
2025-09-28 10:40:58,624 - __main__ - INFO -    Top 3 eval actions: #1(52782), #3(42273), #0(37440)
2025-09-28 10:41:02,354 - __main__ - INFO - 🔄 Synchronized model update at step 101,376
2025-09-28 10:41:02,357 - __main__ - INFO -    HMM interval: 12,000, VAE interval: 12,000
2025-09-28 10:41:02,358 - __main__ - INFO - 🚫 Model training masking: 1428/12288 timesteps masked (11.6%) due to negative rewards (invalid actions)
2025-09-28 10:41:02,692 - __main__ - INFO - 🔄 Capping HMM batch size from 1015 to 128 to prevent OOM
2025-09-28 10:41:02,693 - __main__ - INFO - 🔄 HMM refresh starting at step 101,376 with replay size 128x63
2025-09-28 10:41:06,216 - __main__ - DEBUG - Initial ELBO: 98211898.1637
2025-09-28 10:41:06,218 - __main__ - DEBUG - Relative tol: 0.0100
2025-09-28 10:41:06,218 - __main__ - DEBUG - Relative elbo_drop_tol: 0.0100
2025-09-28 10:41:06,218 - __main__ - DEBUG - - Init -526.7805
2025-09-28 10:41:06,218 - __main__ - DEBUG - - Trans -5.7455
2025-09-28 10:41:06,218 - __main__ - DEBUG - - Emit 50647.8064
2025-09-28 10:41:06,218 - __main__ - DEBUG - - Entropy 0.0004
2025-09-28 10:41:06,218 - __main__ - DEBUG - - Dir 98167760.0000
2025-09-28 10:41:06,219 - __main__ - DEBUG - - NIW -5954.5459
2025-09-28 10:41:06,219 - __main__ - DEBUG - - Beta prior -22.5711
2025-09-28 10:41:09,966 - __main__ - DEBUG - Iter 0: ELBO after FB: 98211898.1637 (LL 50115.2808, Δ=0.0000)
2025-09-28 10:41:09,967 - __main__ - DEBUG - Blending stats with ρ_niw=0.0500, ρ_tr=0.0500.
2025-09-28 10:41:10,010 - __main__ - DEBUG - Iter 0: ELBO after NIW update: 98212651.9584 (Emit LL 51633.1079, NIW term -6186.0527, Δ=753.7947)
2025-09-28 10:41:10,054 - __main__ - DEBUG - Iter 0: ELBO after Dirichlet update: 44899.3333 (Trans LL -5.6957, Dir term 7.3251, Δ=-98167752.6252)
2025-09-28 10:41:10,115 - __main__ - DEBUG - Iter 0: ELBO after β update: 18886675.6262 (Init LL -527.0920, Dir term 18841784.0000, logp(β) -22.6416, Δ=18841776.2929)
2025-09-28 10:41:13,852 - __main__ - DEBUG - Iter 1: ELBO after FB: 18886675.6262 (LL 51100.3206, Δ=0.0000)
2025-09-28 10:41:13,853 - __main__ - DEBUG - Blending stats with ρ_niw=0.0500, ρ_tr=0.0500.
2025-09-28 10:41:13,897 - __main__ - DEBUG - Iter 1: ELBO after NIW update: 18886675.6262 (Emit LL 51633.1079, NIW term -6186.0527, Δ=0.0000)
2025-09-28 10:41:13,940 - __main__ - DEBUG - Iter 1: ELBO after Dirichlet update: 19328983.6290 (Trans LL -5.6929, Dir term 19284092.0000, Δ=442308.0029)
2025-09-28 10:41:14,000 - __main__ - DEBUG - Iter 1: ELBO after β update: 38029551.2430 (Init LL -527.4083, Dir term 37984660.0000, logp(β) -22.7114, Δ=18700567.6139)
2025-09-28 10:41:17,738 - __main__ - DEBUG - Iter 2: ELBO after FB: 38029551.2430 (LL 51100.0071, Δ=0.0000)
2025-09-28 10:41:17,739 - __main__ - DEBUG - Blending stats with ρ_niw=0.0500, ρ_tr=0.0500.
2025-09-28 10:41:17,782 - __main__ - DEBUG - Iter 2: ELBO after NIW update: 38029551.2430 (Emit LL 51633.1079, NIW term -6186.0527, Δ=0.0000)
2025-09-28 10:41:17,825 - __main__ - DEBUG - Iter 2: ELBO after Dirichlet update: 38465703.2453 (Trans LL -5.6906, Dir term 38420812.0000, Δ=436152.0023)
2025-09-28 10:41:17,885 - __main__ - DEBUG - Iter 2: ELBO after β update: 57023954.8530 (Init LL -527.7294, Dir term 56979064.0000, logp(β) -22.7826, Δ=18558251.6077)
2025-09-28 10:41:21,645 - __main__ - DEBUG - Iter 3: ELBO after FB: 57023954.8530 (LL 51099.6883, Δ=0.0000)
2025-09-28 10:41:21,646 - __main__ - DEBUG - Blending stats with ρ_niw=0.0500, ρ_tr=0.0500.
2025-09-28 10:41:21,690 - __main__ - DEBUG - Iter 3: ELBO after NIW update: 57023954.8530 (Emit LL 51633.1079, NIW term -6186.0527, Δ=0.0000)
2025-09-28 10:41:21,734 - __main__ - DEBUG - Iter 3: ELBO after Dirichlet update: 57459262.8564 (Trans LL -5.6871, Dir term 57414372.0000, Δ=435308.0034)
2025-09-28 10:41:21,795 - __main__ - DEBUG - Iter 3: ELBO after β update: 75876122.4590 (Init LL -528.0551, Dir term 75831232.0000, logp(β) -22.8542, Δ=18416859.6026)
2025-09-28 10:41:25,530 - __main__ - DEBUG - Iter 4: ELBO after FB: 75876122.4590 (LL 51099.3660, Δ=0.0000)
2025-09-28 10:41:25,531 - __main__ - DEBUG - Blending stats with ρ_niw=0.0500, ρ_tr=0.0500.
2025-09-28 10:41:25,573 - __main__ - DEBUG - Iter 4: ELBO after NIW update: 75876122.4590 (Emit LL 51633.1079, NIW term -6186.0527, Δ=0.0000)
2025-09-28 10:41:25,616 - __main__ - DEBUG - Iter 4: ELBO after Dirichlet update: 76309922.4619 (Trans LL -5.6843, Dir term 76265032.0000, Δ=433800.0029)
2025-09-28 10:41:25,676 - __main__ - DEBUG - Iter 4: ELBO after β update: 94588002.0598 (Init LL -528.3858, Dir term 94543112.0000, logp(β) -22.9257, Δ=18278079.5978)
2025-09-28 10:41:25,678 - __main__ - INFO -    HMM refresh complete: ELBO=74.7580, iters=0, max iters, states=40
2025-09-28 10:41:25,678 - __main__ - INFO -    ✅ HMM updated (next in 12,000 steps)
2025-09-28 10:41:25,678 - __main__ - INFO - 🔄 VAE refresh starting at step 101,376 with replay size 8x1536
2025-09-28 10:41:25,679 - __main__ - INFO -    Using span sampling (12288 timesteps, too large for full buffer)
2025-09-28 10:41:46,467 - __main__ - INFO -    VAE refresh complete: final_loss=2274.1516, avg_loss=2277.1285, steps=4/4, trend=improving, total_timesteps=12288, span_sampling=32_requested×4_steps, span_len=64
2025-09-28 10:41:46,468 - __main__ - INFO -    ✅ VAE updated (next in 12,000 steps)
2025-09-28 10:41:48,644 - __main__ - INFO - 📊 Episodes completed this rollout: 8
2025-09-28 10:41:48,645 - __main__ - INFO - 📈 Episode stats: avg return = -0.50, avg length = 400.0
2025-09-28 10:41:48,645 - __main__ - INFO - 🎯 Top 3 training actions: #1(27902), #3(20487), #0(18764)
2025-09-28 10:42:03,773 - __main__ - INFO - 📊 Episodes completed this rollout: 8
2025-09-28 10:42:03,774 - __main__ - INFO - 📈 Episode stats: avg return = -0.60, avg length = 400.0
2025-09-28 10:42:03,774 - __main__ - INFO - 🎯 Top 3 training actions: #1(28774), #3(21231), #0(19755)
2025-09-28 10:42:15,170 - __main__ - INFO - 📊 Episodes completed this rollout: 8
2025-09-28 10:42:15,170 - __main__ - INFO - 📈 Episode stats: avg return = -0.61, avg length = 400.0
2025-09-28 10:42:15,171 - __main__ - INFO - 🎯 Top 3 training actions: #1(29473), #3(21750), #0(20441)
2025-09-28 10:42:20,591 - __main__ - INFO - 🧪 Starting evaluation with 50 episodes...
2025-09-28 10:42:20,591 - __main__ - INFO -    Eval seed: 51
2025-09-28 10:42:20,591 - __main__ - INFO -    Max episode steps (eval): env default
2025-09-28 10:42:20,592 - nle.env.base - INFO - Not saving any NLE data.
2025-09-28 10:42:24,655 - __main__ - WARNING - ⚠️ Episode 1 terminated due to step limit.
2025-09-28 10:42:29,004 - __main__ - WARNING - ⚠️ Episode 2 terminated due to step limit.
2025-09-28 10:42:31,245 - __main__ - DEBUG - 🎯 Eval HMM masking: step 200 masked due to negative reward
2025-09-28 10:42:32,260 - __main__ - DEBUG - 🎯 Eval HMM masking: step 300 masked due to negative reward
2025-09-28 10:42:33,268 - __main__ - WARNING - ⚠️ Episode 3 terminated due to step limit.
2025-09-28 10:42:37,536 - __main__ - WARNING - ⚠️ Episode 4 terminated due to step limit.
2025-09-28 10:42:38,261 - __main__ - DEBUG - 🎯 Eval HMM masking: step 50 masked due to negative reward
2025-09-28 10:42:41,813 - __main__ - WARNING - ⚠️ Episode 5 terminated due to step limit.
2025-09-28 10:42:43,545 - __main__ - DEBUG - 🎯 Eval HMM masking: step 150 masked due to negative reward
2025-09-28 10:42:44,557 - __main__ - DEBUG - 🎯 Eval HMM masking: step 250 masked due to negative reward
2025-09-28 10:42:46,065 - __main__ - WARNING - ⚠️ Episode 6 terminated due to step limit.
2025-09-28 10:42:50,321 - __main__ - WARNING - ⚠️ Episode 7 terminated due to step limit.
2025-09-28 10:42:52,569 - __main__ - DEBUG - 🎯 Eval HMM masking: step 200 masked due to negative reward
2025-09-28 10:42:54,587 - __main__ - WARNING - ⚠️ Episode 8 terminated due to step limit.
2025-09-28 10:42:58,861 - __main__ - WARNING - ⚠️ Episode 9 terminated due to step limit.
2025-09-28 10:43:00,594 - __main__ - DEBUG - 🎯 Eval HMM masking: step 150 masked due to negative reward
2025-09-28 10:43:01,099 - __main__ - DEBUG - 🎯 Eval HMM masking: step 200 masked due to negative reward
2025-09-28 10:43:02,111 - __main__ - DEBUG - 🎯 Eval HMM masking: step 300 masked due to negative reward
2025-09-28 10:43:03,112 - __main__ - WARNING - ⚠️ Episode 10 terminated due to step limit.
2025-09-28 10:43:03,840 - __main__ - DEBUG - 🎯 Eval HMM masking: step 50 masked due to negative reward
2025-09-28 10:43:06,368 - __main__ - DEBUG - 🎯 Eval HMM masking: step 300 masked due to negative reward
2025-09-28 10:43:07,380 - __main__ - WARNING - ⚠️ Episode 11 terminated due to step limit.
2025-09-28 10:43:09,621 - __main__ - DEBUG - 🎯 Eval HMM masking: step 200 masked due to negative reward
2025-09-28 10:43:11,639 - __main__ - WARNING - ⚠️ Episode 12 terminated due to step limit.
2025-09-28 10:43:15,891 - __main__ - WARNING - ⚠️ Episode 13 terminated due to step limit.
2025-09-28 10:43:16,618 - __main__ - DEBUG - 🎯 Eval HMM masking: step 50 masked due to negative reward
2025-09-28 10:43:17,123 - __main__ - DEBUG - 🎯 Eval HMM masking: step 100 masked due to negative reward
2025-09-28 10:43:18,639 - __main__ - DEBUG - 🎯 Eval HMM masking: step 250 masked due to negative reward
2025-09-28 10:43:20,146 - __main__ - WARNING - ⚠️ Episode 14 terminated due to step limit.
2025-09-28 10:43:21,882 - __main__ - DEBUG - 🎯 Eval HMM masking: step 150 masked due to negative reward
2025-09-28 10:43:24,398 - __main__ - WARNING - ⚠️ Episode 15 terminated due to step limit.
2025-09-28 10:43:28,154 - __main__ - DEBUG - 🎯 Eval HMM masking: step 350 masked due to negative reward
2025-09-28 10:43:28,652 - __main__ - WARNING - ⚠️ Episode 16 terminated due to step limit.
2025-09-28 10:43:32,411 - __main__ - DEBUG - 🎯 Eval HMM masking: step 350 masked due to negative reward
2025-09-28 10:43:32,908 - __main__ - WARNING - ⚠️ Episode 17 terminated due to step limit.
2025-09-28 10:43:35,145 - __main__ - DEBUG - 🎯 Eval HMM masking: step 200 masked due to negative reward
2025-09-28 10:43:37,159 - __main__ - WARNING - ⚠️ Episode 18 terminated due to step limit.
2025-09-28 10:43:39,392 - __main__ - DEBUG - 🎯 Eval HMM masking: step 200 masked due to negative reward
2025-09-28 10:43:41,404 - __main__ - WARNING - ⚠️ Episode 19 terminated due to step limit.
2025-09-28 10:43:45,668 - __main__ - WARNING - ⚠️ Episode 20 terminated due to step limit.
2025-09-28 10:43:47,406 - __main__ - DEBUG - 🎯 Eval HMM masking: step 150 masked due to negative reward
2025-09-28 10:43:48,922 - __main__ - DEBUG - 🎯 Eval HMM masking: step 300 masked due to negative reward
2025-09-28 10:43:49,923 - __main__ - WARNING - ⚠️ Episode 21 terminated due to step limit.
2025-09-28 10:43:50,646 - __main__ - DEBUG - 🎯 Eval HMM masking: step 50 masked due to negative reward
2025-09-28 10:43:52,666 - __main__ - DEBUG - 🎯 Eval HMM masking: step 250 masked due to negative reward
2025-09-28 10:43:54,170 - __main__ - WARNING - ⚠️ Episode 22 terminated due to step limit.
2025-09-28 10:43:57,957 - __main__ - DEBUG - 🎯 Eval HMM masking: step 350 masked due to negative reward
2025-09-28 10:43:58,456 - __main__ - WARNING - ⚠️ Episode 23 terminated due to step limit.
2025-09-28 10:44:00,717 - __main__ - DEBUG - 🎯 Eval HMM masking: step 200 masked due to negative reward
2025-09-28 10:44:02,252 - __main__ - DEBUG - 🎯 Eval HMM masking: step 350 masked due to negative reward
2025-09-28 10:44:02,751 - __main__ - WARNING - ⚠️ Episode 24 terminated due to step limit.
2025-09-28 10:44:07,003 - __main__ - WARNING - ⚠️ Episode 25 terminated due to step limit.
2025-09-28 10:44:11,266 - __main__ - WARNING - ⚠️ Episode 26 terminated due to step limit.
2025-09-28 10:44:13,019 - __main__ - DEBUG - 🎯 Eval HMM masking: step 150 masked due to negative reward
2025-09-28 10:44:15,567 - __main__ - WARNING - ⚠️ Episode 27 terminated due to step limit.
2025-09-28 10:44:19,846 - __main__ - WARNING - ⚠️ Episode 28 terminated due to step limit.
2025-09-28 10:44:22,597 - __main__ - DEBUG - 🎯 Eval HMM masking: step 250 masked due to negative reward
2025-09-28 10:44:24,112 - __main__ - WARNING - ⚠️ Episode 29 terminated due to step limit.
2025-09-28 10:44:26,853 - __main__ - DEBUG - 🎯 Eval HMM masking: step 250 masked due to negative reward
2025-09-28 10:44:28,360 - __main__ - WARNING - ⚠️ Episode 30 terminated due to step limit.
2025-09-28 10:44:29,586 - __main__ - DEBUG - 🎯 Eval HMM masking: step 100 masked due to negative reward
2025-09-28 10:44:31,103 - __main__ - DEBUG - 🎯 Eval HMM masking: step 250 masked due to negative reward
2025-09-28 10:44:32,618 - __main__ - WARNING - ⚠️ Episode 31 terminated due to step limit.
2025-09-28 10:44:36,875 - __main__ - WARNING - ⚠️ Episode 32 terminated due to step limit.
2025-09-28 10:44:39,118 - __main__ - DEBUG - 🎯 Eval HMM masking: step 200 masked due to negative reward
2025-09-28 10:44:40,131 - __main__ - DEBUG - 🎯 Eval HMM masking: step 300 masked due to negative reward
2025-09-28 10:44:40,638 - __main__ - DEBUG - 🎯 Eval HMM masking: step 350 masked due to negative reward
2025-09-28 10:44:41,136 - __main__ - WARNING - ⚠️ Episode 33 terminated due to step limit.
2025-09-28 10:44:41,860 - __main__ - DEBUG - 🎯 Eval HMM masking: step 50 masked due to negative reward
2025-09-28 10:44:45,387 - __main__ - WARNING - ⚠️ Episode 34 terminated due to step limit.
2025-09-28 10:44:47,126 - __main__ - DEBUG - 🎯 Eval HMM masking: step 150 masked due to negative reward
2025-09-28 10:44:49,643 - __main__ - WARNING - ⚠️ Episode 35 terminated due to step limit.
2025-09-28 10:44:53,913 - __main__ - WARNING - ⚠️ Episode 36 terminated due to step limit.
2025-09-28 10:44:58,181 - __main__ - WARNING - ⚠️ Episode 37 terminated due to step limit.
2025-09-28 10:45:00,931 - __main__ - DEBUG - 🎯 Eval HMM masking: step 250 masked due to negative reward
2025-09-28 10:45:01,436 - __main__ - DEBUG - 🎯 Eval HMM masking: step 300 masked due to negative reward
2025-09-28 10:45:02,440 - __main__ - WARNING - ⚠️ Episode 38 terminated due to step limit.
2025-09-28 10:45:04,181 - __main__ - DEBUG - 🎯 Eval HMM masking: step 150 masked due to negative reward
2025-09-28 10:45:06,704 - __main__ - WARNING - ⚠️ Episode 39 terminated due to step limit.
2025-09-28 10:45:07,426 - __main__ - DEBUG - 🎯 Eval HMM masking: step 50 masked due to negative reward
2025-09-28 10:45:10,967 - __main__ - WARNING - ⚠️ Episode 40 terminated due to step limit.
2025-09-28 10:45:15,244 - __main__ - WARNING - ⚠️ Episode 41 terminated due to step limit.
2025-09-28 10:45:16,487 - __main__ - DEBUG - 🎯 Eval HMM masking: step 100 masked due to negative reward
2025-09-28 10:45:19,571 - __main__ - WARNING - ⚠️ Episode 42 terminated due to step limit.
2025-09-28 10:45:20,807 - __main__ - DEBUG - 🎯 Eval HMM masking: step 100 masked due to negative reward
2025-09-28 10:45:23,847 - __main__ - WARNING - ⚠️ Episode 43 terminated due to step limit.
2025-09-28 10:45:26,610 - __main__ - DEBUG - 🎯 Eval HMM masking: step 250 masked due to negative reward
2025-09-28 10:45:28,133 - __main__ - WARNING - ⚠️ Episode 44 terminated due to step limit.
2025-09-28 10:45:30,391 - __main__ - DEBUG - 🎯 Eval HMM masking: step 200 masked due to negative reward
2025-09-28 10:45:31,411 - __main__ - DEBUG - 🎯 Eval HMM masking: step 300 masked due to negative reward
2025-09-28 10:45:31,921 - __main__ - DEBUG - 🎯 Eval HMM masking: step 350 masked due to negative reward
2025-09-28 10:45:32,422 - __main__ - WARNING - ⚠️ Episode 45 terminated due to step limit.
2025-09-28 10:45:36,702 - __main__ - WARNING - ⚠️ Episode 46 terminated due to step limit.
2025-09-28 10:45:39,970 - __main__ - DEBUG - 🎯 Eval HMM masking: step 300 masked due to negative reward
2025-09-28 10:45:40,984 - __main__ - WARNING - ⚠️ Episode 47 terminated due to step limit.
2025-09-28 10:45:41,712 - __main__ - DEBUG - 🎯 Eval HMM masking: step 50 masked due to negative reward
2025-09-28 10:45:45,263 - __main__ - WARNING - ⚠️ Episode 48 terminated due to step limit.
2025-09-28 10:45:47,521 - __main__ - DEBUG - 🎯 Eval HMM masking: step 200 masked due to negative reward
2025-09-28 10:45:49,546 - __main__ - WARNING - ⚠️ Episode 49 terminated due to step limit.
2025-09-28 10:45:50,283 - __main__ - DEBUG - 🎯 Eval HMM masking: step 50 masked due to negative reward
2025-09-28 10:45:50,795 - __main__ - DEBUG - 🎯 Eval HMM masking: step 100 masked due to negative reward
2025-09-28 10:45:53,837 - __main__ - WARNING - ⚠️ Episode 50 terminated due to step limit.
2025-09-28 10:45:54,046 - __main__ - INFO - 📊 Evaluation Results (Current Round):
2025-09-28 10:45:54,046 - __main__ - INFO -    Episodes: 50
2025-09-28 10:45:54,046 - __main__ - INFO -    Time: 213.5s (4.3s/ep)
2025-09-28 10:45:54,047 - __main__ - INFO -    Average Return: -0.599 ± 0.213
2025-09-28 10:45:54,047 - __main__ - INFO -    Success Rate: 0.0%
2025-09-28 10:45:54,047 - __main__ - INFO -    Average Length: 400.0
2025-09-28 10:45:54,047 - __main__ - INFO -    Average Coverage: 89.4 positions
2025-09-28 10:45:54,047 - __main__ - INFO -    Episode Completions: 0 terminated (0.0%), 50 truncated (100.0%)
2025-09-28 10:45:54,047 - __main__ - INFO - 📈 Total Evaluation Statistics:
2025-09-28 10:45:54,048 - __main__ - INFO -    Total Episodes: 550
2025-09-28 10:45:54,048 - __main__ - INFO -    Total Average Return: -0.666 ± 0.269
2025-09-28 10:45:54,048 - __main__ - INFO -    Total Average Length: 400.0 ± 0.0
2025-09-28 10:45:54,048 - __main__ - INFO -    Total Completions: 0 terminated (0.0%), 550 truncated (100.0%)
2025-09-28 10:45:54,048 - __main__ - INFO -    Skill Entropy: 0.004
2025-09-28 10:45:54,048 - __main__ - INFO -    Used Skills: 3.0
2025-09-28 10:45:54,048 - __main__ - INFO -    Effective K: 1.66
2025-09-28 10:45:54,048 - __main__ - INFO - 🎯 Action Usage Statistics:
2025-09-28 10:45:54,049 - __main__ - INFO -    Unique actions in evaluation: 10
2025-09-28 10:45:54,049 - __main__ - INFO -    Unique actions in training: 10
2025-09-28 10:45:54,049 - __main__ - INFO -    Total unique actions: 10
2025-09-28 10:45:54,049 - __main__ - INFO -    Action coverage: 8.3%
2025-09-28 10:45:54,049 - __main__ - INFO -    Train action count: 110592
2025-09-28 10:45:54,049 - __main__ - INFO -    Eval action count: 220000
2025-09-28 10:45:54,049 - __main__ - INFO -    Train action entropy: 1.851
2025-09-28 10:45:54,050 - __main__ - INFO -    Eval action entropy: 1.831
2025-09-28 10:45:54,050 - __main__ - INFO -    Top 3 train actions: #1(29813), #3(21893), #0(20667)
2025-09-28 10:45:54,050 - __main__ - INFO -    Top 3 eval actions: #1(58335), #3(45366), #0(41829)
2025-09-28 10:46:00,020 - __main__ - INFO - 📊 Episodes completed this rollout: 8
2025-09-28 10:46:00,020 - __main__ - INFO - 📈 Episode stats: avg return = -0.68, avg length = 400.0
2025-09-28 10:46:00,021 - __main__ - INFO - 🎯 Top 3 training actions: #1(30372), #3(22198), #0(21109)
2025-09-28 10:46:05,481 - __main__ - INFO - 🔄 Synchronized model update at step 113,664
2025-09-28 10:46:05,481 - __main__ - INFO -    HMM interval: 12,000, VAE interval: 12,000
2025-09-28 10:46:05,482 - __main__ - INFO - 🚫 Model training masking: 1584/12288 timesteps masked (12.9%) due to negative rewards (invalid actions)
2025-09-28 10:46:05,808 - __main__ - INFO - 🔄 Capping HMM batch size from 1148 to 128 to prevent OOM
2025-09-28 10:46:05,809 - __main__ - INFO - 🔄 HMM refresh starting at step 113,664 with replay size 128x103
2025-09-28 10:46:11,479 - __main__ - DEBUG - Initial ELBO: 94579285.4576
2025-09-28 10:46:11,482 - __main__ - DEBUG - Relative tol: 0.0100
2025-09-28 10:46:11,482 - __main__ - DEBUG - Relative elbo_drop_tol: 0.0100
2025-09-28 10:46:11,482 - __main__ - DEBUG - - Init -528.3858
2025-09-28 10:46:11,482 - __main__ - DEBUG - - Trans -4.6137
2025-09-28 10:46:11,482 - __main__ - DEBUG - - Emit 42915.4350
2025-09-28 10:46:11,482 - __main__ - DEBUG - - Entropy 0.0006
2025-09-28 10:46:11,482 - __main__ - DEBUG - - Dir 94543112.0000
2025-09-28 10:46:11,482 - __main__ - DEBUG - - NIW -6186.0527
2025-09-28 10:46:11,483 - __main__ - DEBUG - - Beta prior -22.9257
2025-09-28 10:46:17,511 - __main__ - DEBUG - Iter 0: ELBO after FB: 94579285.4576 (LL 42382.4360, Δ=0.0000)
2025-09-28 10:46:17,512 - __main__ - DEBUG - Blending stats with ρ_niw=0.0500, ρ_tr=0.0500.
2025-09-28 10:46:17,559 - __main__ - DEBUG - Iter 0: ELBO after NIW update: 94579703.3510 (Emit LL 43455.7248, NIW term -6308.4492, Δ=417.8934)
2025-09-28 10:46:17,605 - __main__ - DEBUG - Iter 0: ELBO after Dirichlet update: 36603.3035 (Trans LL -4.6123, Dir term 11.9511, Δ=-94543100.0475)
2025-09-28 10:46:17,669 - __main__ - DEBUG - Iter 0: ELBO after β update: 18174218.9449 (Init LL -528.7211, Dir term 18137628.0000, logp(β) -22.9978, Δ=18137615.6414)
2025-09-28 10:46:23,692 - __main__ - DEBUG - Iter 1: ELBO after FB: 18174218.9449 (LL 42922.3919, Δ=0.0000)
2025-09-28 10:46:23,692 - __main__ - DEBUG - Blending stats with ρ_niw=0.0500, ρ_tr=0.0500.
2025-09-28 10:46:23,739 - __main__ - DEBUG - Iter 1: ELBO after NIW update: 18174218.9449 (Emit LL 43455.7248, NIW term -6308.4492, Δ=0.0000)
2025-09-28 10:46:23,786 - __main__ - DEBUG - Iter 1: ELBO after Dirichlet update: 18598784.9472 (Trans LL -4.6100, Dir term 18562194.0000, Δ=424566.0023)
2025-09-28 10:46:23,849 - __main__ - DEBUG - Iter 1: ELBO after β update: 36597066.5352 (Init LL -529.0613, Dir term 36560476.0000, logp(β) -23.0696, Δ=17998281.5880)
2025-09-28 10:46:29,881 - __main__ - DEBUG - Iter 2: ELBO after FB: 36597066.5352 (LL 42922.0540, Δ=0.0000)
2025-09-28 10:46:29,882 - __main__ - DEBUG - Blending stats with ρ_niw=0.0500, ρ_tr=0.0500.
2025-09-28 10:46:29,929 - __main__ - DEBUG - Iter 2: ELBO after NIW update: 36597066.5352 (Emit LL 43455.7248, NIW term -6308.4492, Δ=0.0000)
2025-09-28 10:46:29,976 - __main__ - DEBUG - Iter 2: ELBO after Dirichlet update: 37018390.5375 (Trans LL -4.6077, Dir term 36981800.0000, Δ=421324.0023)
2025-09-28 10:46:30,039 - __main__ - DEBUG - Iter 2: ELBO after β update: 54877442.1199 (Init LL -529.4062, Dir term 54840852.0000, logp(β) -23.1423, Δ=17859051.5824)
2025-09-28 10:46:36,077 - __main__ - DEBUG - Iter 3: ELBO after FB: 54877442.1199 (LL 42921.7115, Δ=0.0000)
2025-09-28 10:46:36,078 - __main__ - DEBUG - Blending stats with ρ_niw=0.0500, ρ_tr=0.0500.
2025-09-28 10:46:36,125 - __main__ - DEBUG - Iter 3: ELBO after NIW update: 54877442.1199 (Emit LL 43455.7248, NIW term -6308.4492, Δ=0.0000)
2025-09-28 10:46:36,172 - __main__ - DEBUG - Iter 3: ELBO after Dirichlet update: 55299198.1227 (Trans LL -4.6049, Dir term 55262608.0000, Δ=421756.0028)
2025-09-28 10:46:36,235 - __main__ - DEBUG - Iter 3: ELBO after β update: 73021117.7010 (Init LL -529.7562, Dir term 72984528.0000, logp(β) -23.2141, Δ=17721919.5783)
2025-09-28 10:46:42,282 - __main__ - DEBUG - Iter 4: ELBO after FB: 73021117.7010 (LL 42921.3643, Δ=0.0000)
2025-09-28 10:46:42,283 - __main__ - DEBUG - Blending stats with ρ_niw=0.0500, ρ_tr=0.0500.
2025-09-28 10:46:42,329 - __main__ - DEBUG - Iter 4: ELBO after NIW update: 73021117.7010 (Emit LL 43455.7248, NIW term -6308.4492, Δ=0.0000)
2025-09-28 10:46:42,375 - __main__ - DEBUG - Iter 4: ELBO after Dirichlet update: 73436037.7033 (Trans LL -4.6026, Dir term 73399448.0000, Δ=414920.0023)
2025-09-28 10:46:42,439 - __main__ - DEBUG - Iter 4: ELBO after β update: 91020293.2761 (Init LL -530.1108, Dir term 90983704.0000, logp(β) -23.2867, Δ=17584255.5728)
2025-09-28 10:46:42,441 - __main__ - INFO -    HMM refresh complete: ELBO=507.7202, iters=0, max iters, states=40
2025-09-28 10:46:42,441 - __main__ - INFO -    ✅ HMM updated (next in 12,000 steps)
2025-09-28 10:46:42,441 - __main__ - INFO - 🔄 VAE refresh starting at step 113,664 with replay size 8x1536
2025-09-28 10:46:42,442 - __main__ - INFO -    Using span sampling (12288 timesteps, too large for full buffer)
2025-09-28 10:47:03,198 - __main__ - INFO -    VAE refresh complete: final_loss=2283.6301, avg_loss=2283.5836, steps=4/4, trend=stable, total_timesteps=12288, span_sampling=32_requested×4_steps, span_len=64
2025-09-28 10:47:03,200 - __main__ - INFO -    ✅ VAE updated (next in 12,000 steps)
2025-09-28 10:47:09,179 - __main__ - INFO - 📊 Episodes completed this rollout: 8
2025-09-28 10:47:09,180 - __main__ - INFO - 📈 Episode stats: avg return = -0.58, avg length = 400.0
2025-09-28 10:47:09,180 - __main__ - INFO - 🎯 Top 3 training actions: #1(31207), #3(22681), #0(21666)
2025-09-28 10:47:20,631 - __main__ - INFO - 📊 Episodes completed this rollout: 8
2025-09-28 10:47:20,631 - __main__ - INFO - 📈 Episode stats: avg return = -0.56, avg length = 400.0
2025-09-28 10:47:20,631 - __main__ - INFO - 🎯 Top 3 training actions: #1(32167), #3(23336), #0(22235)
2025-09-28 10:47:29,885 - __main__ - INFO - 🧪 Starting evaluation with 50 episodes...
2025-09-28 10:47:29,885 - __main__ - INFO -    Eval seed: 51
2025-09-28 10:47:29,885 - __main__ - INFO -    Max episode steps (eval): env default
2025-09-28 10:47:29,886 - nle.env.base - INFO - Not saving any NLE data.
2025-09-28 10:47:33,938 - __main__ - WARNING - ⚠️ Episode 1 terminated due to step limit.
2025-09-28 10:47:38,216 - __main__ - WARNING - ⚠️ Episode 2 terminated due to step limit.
2025-09-28 10:47:39,450 - __main__ - DEBUG - 🎯 Eval HMM masking: step 100 masked due to negative reward
2025-09-28 10:47:40,470 - __main__ - DEBUG - 🎯 Eval HMM masking: step 200 masked due to negative reward
2025-09-28 10:47:41,491 - __main__ - DEBUG - 🎯 Eval HMM masking: step 300 masked due to negative reward
2025-09-28 10:47:42,502 - __main__ - WARNING - ⚠️ Episode 3 terminated due to step limit.
2025-09-28 10:47:46,794 - __main__ - WARNING - ⚠️ Episode 4 terminated due to step limit.
2025-09-28 10:47:48,031 - __main__ - DEBUG - 🎯 Eval HMM masking: step 100 masked due to negative reward
2025-09-28 10:47:51,070 - __main__ - WARNING - ⚠️ Episode 5 terminated due to step limit.
2025-09-28 10:47:52,809 - __main__ - DEBUG - 🎯 Eval HMM masking: step 150 masked due to negative reward
2025-09-28 10:47:53,826 - __main__ - DEBUG - 🎯 Eval HMM masking: step 250 masked due to negative reward
2025-09-28 10:47:54,336 - __main__ - DEBUG - 🎯 Eval HMM masking: step 300 masked due to negative reward
2025-09-28 10:47:55,347 - __main__ - WARNING - ⚠️ Episode 6 terminated due to step limit.
2025-09-28 10:47:59,625 - __main__ - WARNING - ⚠️ Episode 7 terminated due to step limit.
2025-09-28 10:48:02,908 - __main__ - DEBUG - 🎯 Eval HMM masking: step 300 masked due to negative reward
2025-09-28 10:48:03,921 - __main__ - WARNING - ⚠️ Episode 8 terminated due to step limit.
2025-09-28 10:48:05,157 - __main__ - DEBUG - 🎯 Eval HMM masking: step 100 masked due to negative reward
2025-09-28 10:48:08,205 - __main__ - WARNING - ⚠️ Episode 9 terminated due to step limit.
2025-09-28 10:48:09,948 - __main__ - DEBUG - 🎯 Eval HMM masking: step 150 masked due to negative reward
2025-09-28 10:48:10,457 - __main__ - DEBUG - 🎯 Eval HMM masking: step 200 masked due to negative reward
2025-09-28 10:48:12,492 - __main__ - WARNING - ⚠️ Episode 10 terminated due to step limit.
2025-09-28 10:48:13,220 - __main__ - DEBUG - 🎯 Eval HMM masking: step 50 masked due to negative reward
2025-09-28 10:48:15,256 - __main__ - DEBUG - 🎯 Eval HMM masking: step 250 masked due to negative reward
2025-09-28 10:48:16,777 - __main__ - WARNING - ⚠️ Episode 11 terminated due to step limit.
2025-09-28 10:48:19,023 - __main__ - DEBUG - 🎯 Eval HMM masking: step 200 masked due to negative reward
2025-09-28 10:48:21,052 - __main__ - WARNING - ⚠️ Episode 12 terminated due to step limit.
2025-09-28 10:48:21,782 - __main__ - DEBUG - 🎯 Eval HMM masking: step 50 masked due to negative reward
2025-09-28 10:48:23,304 - __main__ - DEBUG - 🎯 Eval HMM masking: step 200 masked due to negative reward
2025-09-28 10:48:24,824 - __main__ - DEBUG - 🎯 Eval HMM masking: step 350 masked due to negative reward
2025-09-28 10:48:25,324 - __main__ - WARNING - ⚠️ Episode 13 terminated due to step limit.
2025-09-28 10:48:29,602 - __main__ - WARNING - ⚠️ Episode 14 terminated due to step limit.
2025-09-28 10:48:30,334 - __main__ - DEBUG - 🎯 Eval HMM masking: step 50 masked due to negative reward
2025-09-28 10:48:30,842 - __main__ - DEBUG - 🎯 Eval HMM masking: step 100 masked due to negative reward
2025-09-28 10:48:32,876 - __main__ - DEBUG - 🎯 Eval HMM masking: step 300 masked due to negative reward
2025-09-28 10:48:33,384 - __main__ - DEBUG - 🎯 Eval HMM masking: step 350 masked due to negative reward
2025-09-28 10:48:33,885 - __main__ - WARNING - ⚠️ Episode 15 terminated due to step limit.
2025-09-28 10:48:38,166 - __main__ - WARNING - ⚠️ Episode 16 terminated due to step limit.
2025-09-28 10:48:42,459 - __main__ - WARNING - ⚠️ Episode 17 terminated due to step limit.
2025-09-28 10:48:44,205 - __main__ - DEBUG - 🎯 Eval HMM masking: step 150 masked due to negative reward
2025-09-28 10:48:45,226 - __main__ - DEBUG - 🎯 Eval HMM masking: step 250 masked due to negative reward
2025-09-28 10:48:46,744 - __main__ - WARNING - ⚠️ Episode 18 terminated due to step limit.
2025-09-28 10:48:47,974 - __main__ - DEBUG - 🎯 Eval HMM masking: step 100 masked due to negative reward
2025-09-28 10:48:48,991 - __main__ - DEBUG - 🎯 Eval HMM masking: step 200 masked due to negative reward
2025-09-28 10:48:51,016 - __main__ - WARNING - ⚠️ Episode 19 terminated due to step limit.
2025-09-28 10:48:53,272 - __main__ - DEBUG - 🎯 Eval HMM masking: step 200 masked due to negative reward
2025-09-28 10:48:53,781 - __main__ - DEBUG - 🎯 Eval HMM masking: step 250 masked due to negative reward
2025-09-28 10:48:55,304 - __main__ - WARNING - ⚠️ Episode 20 terminated due to step limit.
2025-09-28 10:48:56,541 - __main__ - DEBUG - 🎯 Eval HMM masking: step 100 masked due to negative reward
2025-09-28 10:48:57,050 - __main__ - DEBUG - 🎯 Eval HMM masking: step 150 masked due to negative reward
2025-09-28 10:48:58,572 - __main__ - DEBUG - 🎯 Eval HMM masking: step 300 masked due to negative reward
2025-09-28 10:48:59,080 - __main__ - DEBUG - 🎯 Eval HMM masking: step 350 masked due to negative reward
2025-09-28 10:48:59,579 - __main__ - WARNING - ⚠️ Episode 21 terminated due to step limit.
2025-09-28 10:49:00,310 - __main__ - DEBUG - 🎯 Eval HMM masking: step 50 masked due to negative reward
2025-09-28 10:49:02,340 - __main__ - DEBUG - 🎯 Eval HMM masking: step 250 masked due to negative reward
2025-09-28 10:49:03,855 - __main__ - WARNING - ⚠️ Episode 22 terminated due to step limit.
2025-09-28 10:49:08,153 - __main__ - WARNING - ⚠️ Episode 23 terminated due to step limit.
2025-09-28 10:49:08,880 - __main__ - DEBUG - 🎯 Eval HMM masking: step 50 masked due to negative reward
2025-09-28 10:49:12,424 - __main__ - WARNING - ⚠️ Episode 24 terminated due to step limit.
2025-09-28 10:49:14,662 - __main__ - DEBUG - 🎯 Eval HMM masking: step 200 masked due to negative reward
2025-09-28 10:49:16,178 - __main__ - DEBUG - 🎯 Eval HMM masking: step 350 masked due to negative reward
2025-09-28 10:49:16,675 - __main__ - WARNING - ⚠️ Episode 25 terminated due to step limit.
2025-09-28 10:49:18,407 - __main__ - DEBUG - 🎯 Eval HMM masking: step 150 masked due to negative reward
2025-09-28 10:49:20,429 - __main__ - DEBUG - 🎯 Eval HMM masking: step 350 masked due to negative reward
2025-09-28 10:49:20,928 - __main__ - WARNING - ⚠️ Episode 26 terminated due to step limit.
2025-09-28 10:49:22,667 - __main__ - DEBUG - 🎯 Eval HMM masking: step 150 masked due to negative reward
2025-09-28 10:49:25,183 - __main__ - WARNING - ⚠️ Episode 27 terminated due to step limit.
2025-09-28 10:49:26,929 - __main__ - DEBUG - 🎯 Eval HMM masking: step 150 masked due to negative reward
2025-09-28 10:49:27,437 - __main__ - DEBUG - 🎯 Eval HMM masking: step 200 masked due to negative reward
2025-09-28 10:49:29,461 - __main__ - WARNING - ⚠️ Episode 28 terminated due to step limit.
2025-09-28 10:49:33,707 - __main__ - WARNING - ⚠️ Episode 29 terminated due to step limit.
2025-09-28 10:49:36,394 - __main__ - DEBUG - 🎯 Eval HMM masking: step 250 masked due to negative reward
2025-09-28 10:49:36,892 - __main__ - DEBUG - 🎯 Eval HMM masking: step 300 masked due to negative reward
2025-09-28 10:49:37,886 - __main__ - WARNING - ⚠️ Episode 30 terminated due to step limit.
2025-09-28 10:49:38,603 - __main__ - DEBUG - 🎯 Eval HMM masking: step 50 masked due to negative reward
2025-09-28 10:49:40,122 - __main__ - DEBUG - 🎯 Eval HMM masking: step 200 masked due to negative reward
2025-09-28 10:49:41,638 - __main__ - DEBUG - 🎯 Eval HMM masking: step 350 masked due to negative reward
2025-09-28 10:49:42,137 - __main__ - WARNING - ⚠️ Episode 31 terminated due to step limit.
2025-09-28 10:49:43,870 - __main__ - DEBUG - 🎯 Eval HMM masking: step 150 masked due to negative reward
2025-09-28 10:49:46,399 - __main__ - WARNING - ⚠️ Episode 32 terminated due to step limit.
2025-09-28 10:49:48,641 - __main__ - DEBUG - 🎯 Eval HMM masking: step 200 masked due to negative reward
2025-09-28 10:49:50,656 - __main__ - WARNING - ⚠️ Episode 33 terminated due to step limit.
2025-09-28 10:49:51,891 - __main__ - DEBUG - 🎯 Eval HMM masking: step 100 masked due to negative reward
2025-09-28 10:49:54,917 - __main__ - WARNING - ⚠️ Episode 34 terminated due to step limit.
2025-09-28 10:49:56,648 - __main__ - DEBUG - 🎯 Eval HMM masking: step 150 masked due to negative reward
2025-09-28 10:49:59,174 - __main__ - WARNING - ⚠️ Episode 35 terminated due to step limit.
2025-09-28 10:50:03,588 - __main__ - WARNING - ⚠️ Episode 36 terminated due to step limit.
2025-09-28 10:50:05,948 - __main__ - DEBUG - 🎯 Eval HMM masking: step 200 masked due to negative reward
2025-09-28 10:50:06,490 - __main__ - DEBUG - 🎯 Eval HMM masking: step 250 masked due to negative reward
2025-09-28 10:50:07,031 - __main__ - DEBUG - 🎯 Eval HMM masking: step 300 masked due to negative reward
2025-09-28 10:50:08,103 - __main__ - WARNING - ⚠️ Episode 37 terminated due to step limit.
2025-09-28 10:50:12,638 - __main__ - WARNING - ⚠️ Episode 38 terminated due to step limit.
2025-09-28 10:50:15,024 - __main__ - DEBUG - 🎯 Eval HMM masking: step 200 masked due to negative reward
2025-09-28 10:50:15,562 - __main__ - DEBUG - 🎯 Eval HMM masking: step 250 masked due to negative reward
2025-09-28 10:50:17,168 - __main__ - WARNING - ⚠️ Episode 39 terminated due to step limit.
2025-09-28 10:50:17,937 - __main__ - DEBUG - 🎯 Eval HMM masking: step 50 masked due to negative reward
2025-09-28 10:50:21,703 - __main__ - WARNING - ⚠️ Episode 40 terminated due to step limit.
2025-09-28 10:50:23,008 - __main__ - DEBUG - 🎯 Eval HMM masking: step 100 masked due to negative reward
2025-09-28 10:50:23,547 - __main__ - DEBUG - 🎯 Eval HMM masking: step 150 masked due to negative reward
2025-09-28 10:50:26,233 - __main__ - WARNING - ⚠️ Episode 41 terminated due to step limit.
2025-09-28 10:50:28,626 - __main__ - DEBUG - 🎯 Eval HMM masking: step 200 masked due to negative reward
2025-09-28 10:50:30,787 - __main__ - WARNING - ⚠️ Episode 42 terminated due to step limit.
2025-09-28 10:50:32,634 - __main__ - DEBUG - 🎯 Eval HMM masking: step 150 masked due to negative reward
2025-09-28 10:50:35,326 - __main__ - WARNING - ⚠️ Episode 43 terminated due to step limit.
2025-09-28 10:50:36,099 - __main__ - DEBUG - 🎯 Eval HMM masking: step 50 masked due to negative reward
2025-09-28 10:50:37,725 - __main__ - DEBUG - 🎯 Eval HMM masking: step 200 masked due to negative reward
2025-09-28 10:50:38,270 - __main__ - DEBUG - 🎯 Eval HMM masking: step 250 masked due to negative reward
2025-09-28 10:50:38,813 - __main__ - DEBUG - 🎯 Eval HMM masking: step 300 masked due to negative reward
2025-09-28 10:50:39,890 - __main__ - WARNING - ⚠️ Episode 44 terminated due to step limit.
2025-09-28 10:50:44,426 - __main__ - WARNING - ⚠️ Episode 45 terminated due to step limit.
2025-09-28 10:50:47,353 - __main__ - DEBUG - 🎯 Eval HMM masking: step 250 masked due to negative reward
2025-09-28 10:50:48,962 - __main__ - WARNING - ⚠️ Episode 46 terminated due to step limit.
2025-09-28 10:50:50,804 - __main__ - DEBUG - 🎯 Eval HMM masking: step 150 masked due to negative reward
2025-09-28 10:50:53,486 - __main__ - WARNING - ⚠️ Episode 47 terminated due to step limit.
2025-09-28 10:50:54,753 - __main__ - DEBUG - 🎯 Eval HMM masking: step 100 masked due to negative reward
2025-09-28 10:50:56,781 - __main__ - DEBUG - 🎯 Eval HMM masking: step 300 masked due to negative reward
2025-09-28 10:50:57,791 - __main__ - WARNING - ⚠️ Episode 48 terminated due to step limit.
2025-09-28 10:50:59,026 - __main__ - DEBUG - 🎯 Eval HMM masking: step 100 masked due to negative reward
2025-09-28 10:51:02,061 - __main__ - WARNING - ⚠️ Episode 49 terminated due to step limit.
2025-09-28 10:51:02,789 - __main__ - DEBUG - 🎯 Eval HMM masking: step 50 masked due to negative reward
2025-09-28 10:51:05,322 - __main__ - DEBUG - 🎯 Eval HMM masking: step 300 masked due to negative reward
2025-09-28 10:51:06,325 - __main__ - WARNING - ⚠️ Episode 50 terminated due to step limit.
2025-09-28 10:51:06,534 - __main__ - INFO - 📊 Evaluation Results (Current Round):
2025-09-28 10:51:06,534 - __main__ - INFO -    Episodes: 50
2025-09-28 10:51:06,534 - __main__ - INFO -    Time: 216.6s (4.3s/ep)
2025-09-28 10:51:06,534 - __main__ - INFO -    Average Return: -0.750 ± 0.239
2025-09-28 10:51:06,534 - __main__ - INFO -    Success Rate: 0.0%
2025-09-28 10:51:06,535 - __main__ - INFO -    Average Length: 400.0
2025-09-28 10:51:06,535 - __main__ - INFO -    Average Coverage: 70.9 positions
2025-09-28 10:51:06,535 - __main__ - INFO -    Episode Completions: 0 terminated (0.0%), 50 truncated (100.0%)
2025-09-28 10:51:06,535 - __main__ - INFO - 📈 Total Evaluation Statistics:
2025-09-28 10:51:06,535 - __main__ - INFO -    Total Episodes: 600
2025-09-28 10:51:06,536 - __main__ - INFO -    Total Average Return: -0.673 ± 0.268
2025-09-28 10:51:06,536 - __main__ - INFO -    Total Average Length: 400.0 ± 0.0
2025-09-28 10:51:06,536 - __main__ - INFO -    Total Completions: 0 terminated (0.0%), 600 truncated (100.0%)
2025-09-28 10:51:06,536 - __main__ - INFO -    Skill Entropy: 0.029
2025-09-28 10:51:06,536 - __main__ - INFO -    Used Skills: 3.0
2025-09-28 10:51:06,536 - __main__ - INFO -    Effective K: 1.84
2025-09-28 10:51:06,536 - __main__ - INFO - 🎯 Action Usage Statistics:
2025-09-28 10:51:06,536 - __main__ - INFO -    Unique actions in evaluation: 10
2025-09-28 10:51:06,537 - __main__ - INFO -    Unique actions in training: 10
2025-09-28 10:51:06,537 - __main__ - INFO -    Total unique actions: 10
2025-09-28 10:51:06,537 - __main__ - INFO -    Action coverage: 8.3%
2025-09-28 10:51:06,537 - __main__ - INFO -    Train action count: 120832
2025-09-28 10:51:06,537 - __main__ - INFO -    Eval action count: 240000
2025-09-28 10:51:06,537 - __main__ - INFO -    Train action entropy: 1.848
2025-09-28 10:51:06,538 - __main__ - INFO -    Eval action entropy: 1.830
2025-09-28 10:51:06,538 - __main__ - INFO -    Top 3 train actions: #1(32810), #3(23805), #0(22639)
2025-09-28 10:51:06,538 - __main__ - INFO -    Top 3 eval actions: #1(63160), #3(50825), #0(44982)
2025-09-28 10:51:08,712 - __main__ - INFO - 📊 Episodes completed this rollout: 8
2025-09-28 10:51:08,712 - __main__ - INFO - 📈 Episode stats: avg return = -0.51, avg length = 400.0
2025-09-28 10:51:08,712 - __main__ - INFO - 🎯 Top 3 training actions: #1(33075), #3(24040), #0(22795)
2025-09-28 10:51:20,165 - __main__ - INFO - 📊 Episodes completed this rollout: 8
2025-09-28 10:51:20,166 - __main__ - INFO - 📈 Episode stats: avg return = -0.95, avg length = 400.0
2025-09-28 10:51:20,166 - __main__ - INFO - 🎯 Top 3 training actions: #1(33811), #3(24852), #0(23285)
2025-09-28 10:51:25,640 - __main__ - INFO - 🔄 Synchronized model update at step 125,952
2025-09-28 10:51:25,641 - __main__ - INFO -    HMM interval: 12,000, VAE interval: 12,000
2025-09-28 10:51:25,641 - __main__ - INFO - 🚫 Model training masking: 1620/12288 timesteps masked (13.2%) due to negative rewards (invalid actions)
2025-09-28 10:51:25,977 - __main__ - INFO - 🔄 Capping HMM batch size from 1025 to 128 to prevent OOM
2025-09-28 10:51:25,978 - __main__ - INFO - 🔄 HMM refresh starting at step 125,952 with replay size 128x83
2025-09-28 10:51:30,447 - __main__ - DEBUG - Initial ELBO: 91019576.3053
2025-09-28 10:51:30,449 - __main__ - DEBUG - Relative tol: 0.0100
2025-09-28 10:51:30,449 - __main__ - DEBUG - Relative elbo_drop_tol: 0.0100
2025-09-28 10:51:30,450 - __main__ - DEBUG - - Init -530.1108
2025-09-28 10:51:30,450 - __main__ - DEBUG - - Trans -4.5601
2025-09-28 10:51:30,450 - __main__ - DEBUG - - Emit 42738.7116
2025-09-28 10:51:30,450 - __main__ - DEBUG - - Entropy 0.0005
2025-09-28 10:51:30,450 - __main__ - DEBUG - - Dir 90983704.0000
2025-09-28 10:51:30,450 - __main__ - DEBUG - - NIW -6308.4492
2025-09-28 10:51:30,450 - __main__ - DEBUG - - Beta prior -23.2867
2025-09-28 10:51:35,265 - __main__ - DEBUG - Iter 0: ELBO after FB: 91019576.3053 (LL 42204.0412, Δ=0.0000)
2025-09-28 10:51:35,266 - __main__ - DEBUG - Blending stats with ρ_niw=0.0500, ρ_tr=0.0500.
2025-09-28 10:51:35,311 - __main__ - DEBUG - Iter 0: ELBO after NIW update: 91020154.2347 (Emit LL 43446.5419, NIW term -6438.3501, Δ=577.9294)
2025-09-28 10:51:35,355 - __main__ - DEBUG - Iter 0: ELBO after Dirichlet update: 36480.8866 (Trans LL -4.5619, Dir term 30.6538, Δ=-90983673.3481)
2025-09-28 10:51:35,417 - __main__ - DEBUG - Iter 0: ELBO after β update: 17483157.8005 (Init LL -530.4702, Dir term 17446708.0000, logp(β) -23.3596, Δ=17446676.9139)
2025-09-28 10:51:40,228 - __main__ - DEBUG - Iter 1: ELBO after FB: 17483157.8005 (LL 42911.5102, Δ=0.0000)
2025-09-28 10:51:40,229 - __main__ - DEBUG - Blending stats with ρ_niw=0.0500, ρ_tr=0.0500.
2025-09-28 10:51:40,274 - __main__ - DEBUG - Iter 1: ELBO after NIW update: 17483157.8005 (Emit LL 43446.5419, NIW term -6438.3501, Δ=0.0000)
2025-09-28 10:51:40,319 - __main__ - DEBUG - Iter 1: ELBO after Dirichlet update: 17896909.8028 (Trans LL -4.5596, Dir term 17860460.0000, Δ=413752.0023)
2025-09-28 10:51:40,380 - __main__ - DEBUG - Iter 1: ELBO after β update: 35208425.3649 (Init LL -530.8347, Dir term 35171976.0000, logp(β) -23.4331, Δ=17311515.5621)
2025-09-28 10:51:45,210 - __main__ - DEBUG - Iter 2: ELBO after FB: 35208425.3649 (LL 42911.1481, Δ=0.0000)
2025-09-28 10:51:45,210 - __main__ - DEBUG - Blending stats with ρ_niw=0.0500, ρ_tr=0.0500.
2025-09-28 10:51:45,255 - __main__ - DEBUG - Iter 2: ELBO after NIW update: 35208425.3649 (Emit LL 43446.5419, NIW term -6438.3501, Δ=0.0000)
2025-09-28 10:51:45,299 - __main__ - DEBUG - Iter 2: ELBO after Dirichlet update: 35612561.3676 (Trans LL -4.5568, Dir term 35576112.0000, Δ=404136.0028)
2025-09-28 10:51:45,361 - __main__ - DEBUG - Iter 2: ELBO after β update: 52787308.9243 (Init LL -531.2038, Dir term 52750860.0000, logp(β) -23.5073, Δ=17174747.5567)
2025-09-28 10:51:50,183 - __main__ - DEBUG - Iter 3: ELBO after FB: 52787308.9243 (LL 42910.7817, Δ=0.0000)
2025-09-28 10:51:50,184 - __main__ - DEBUG - Blending stats with ρ_niw=0.0500, ρ_tr=0.0500.
2025-09-28 10:51:50,229 - __main__ - DEBUG - Iter 3: ELBO after NIW update: 52787308.9243 (Emit LL 43446.5419, NIW term -6438.3501, Δ=0.0000)
2025-09-28 10:51:50,274 - __main__ - DEBUG - Iter 3: ELBO after Dirichlet update: 53192488.9271 (Trans LL -4.5541, Dir term 53156040.0000, Δ=405180.0028)
2025-09-28 10:51:50,335 - __main__ - DEBUG - Iter 3: ELBO after β update: 70233104.4786 (Init LL -531.5779, Dir term 70196656.0000, logp(β) -23.5816, Δ=17040615.5516)
2025-09-28 10:51:55,148 - __main__ - DEBUG - Iter 4: ELBO after FB: 70233104.4786 (LL 42910.4103, Δ=0.0000)
2025-09-28 10:51:55,149 - __main__ - DEBUG - Blending stats with ρ_niw=0.0500, ρ_tr=0.0500.
2025-09-28 10:51:55,193 - __main__ - DEBUG - Iter 4: ELBO after NIW update: 70233104.4786 (Emit LL 43446.5419, NIW term -6438.3501, Δ=0.0000)
2025-09-28 10:51:55,238 - __main__ - DEBUG - Iter 4: ELBO after Dirichlet update: 70631856.4809 (Trans LL -4.5518, Dir term 70595408.0000, Δ=398752.0023)
2025-09-28 10:51:55,299 - __main__ - DEBUG - Iter 4: ELBO after β update: 87537992.0273 (Init LL -531.9570, Dir term 87501544.0000, logp(β) -23.6562, Δ=16906135.5464)
2025-09-28 10:51:55,301 - __main__ - INFO -    HMM refresh complete: ELBO=270.6610, iters=0, max iters, states=40
2025-09-28 10:51:55,301 - __main__ - INFO -    ✅ HMM updated (next in 12,000 steps)
2025-09-28 10:51:55,301 - __main__ - INFO - 🔄 VAE refresh starting at step 125,952 with replay size 8x1536
2025-09-28 10:51:55,302 - __main__ - INFO -    Using span sampling (12288 timesteps, too large for full buffer)
2025-09-28 10:52:16,396 - __main__ - INFO -    VAE refresh complete: final_loss=2286.8079, avg_loss=2288.0410, steps=4/4, trend=improving, total_timesteps=12288, span_sampling=32_requested×4_steps, span_len=64
2025-09-28 10:52:16,397 - __main__ - INFO -    ✅ VAE updated (next in 12,000 steps)
2025-09-28 10:52:22,371 - __main__ - INFO - 📊 Episodes completed this rollout: 8
2025-09-28 10:52:22,372 - __main__ - INFO - 📈 Episode stats: avg return = -0.59, avg length = 400.0
2025-09-28 10:52:22,372 - __main__ - INFO - 🎯 Top 3 training actions: #1(34605), #3(25423), #0(23847)
2025-09-28 10:52:31,603 - __main__ - INFO - 🧪 Starting evaluation with 50 episodes...
2025-09-28 10:52:31,603 - __main__ - INFO -    Eval seed: 51
2025-09-28 10:52:31,603 - __main__ - INFO -    Max episode steps (eval): env default
2025-09-28 10:52:31,604 - nle.env.base - INFO - Not saving any NLE data.
2025-09-28 10:52:35,641 - __main__ - WARNING - ⚠️ Episode 1 terminated due to step limit.
2025-09-28 10:52:39,923 - __main__ - WARNING - ⚠️ Episode 2 terminated due to step limit.
2025-09-28 10:52:42,177 - __main__ - DEBUG - 🎯 Eval HMM masking: step 200 masked due to negative reward
2025-09-28 10:52:44,200 - __main__ - WARNING - ⚠️ Episode 3 terminated due to step limit.
2025-09-28 10:52:48,474 - __main__ - WARNING - ⚠️ Episode 4 terminated due to step limit.
2025-09-28 10:52:52,735 - __main__ - WARNING - ⚠️ Episode 5 terminated due to step limit.
2025-09-28 10:52:54,477 - __main__ - DEBUG - 🎯 Eval HMM masking: step 150 masked due to negative reward
2025-09-28 10:52:55,491 - __main__ - DEBUG - 🎯 Eval HMM masking: step 250 masked due to negative reward
2025-09-28 10:52:57,006 - __main__ - WARNING - ⚠️ Episode 6 terminated due to step limit.
2025-09-28 10:53:01,298 - __main__ - WARNING - ⚠️ Episode 7 terminated due to step limit.
2025-09-28 10:53:03,558 - __main__ - DEBUG - 🎯 Eval HMM masking: step 200 masked due to negative reward
2025-09-28 10:53:05,591 - __main__ - WARNING - ⚠️ Episode 8 terminated due to step limit.
2025-09-28 10:53:09,864 - __main__ - WARNING - ⚠️ Episode 9 terminated due to step limit.
2025-09-28 10:53:13,134 - __main__ - DEBUG - 🎯 Eval HMM masking: step 300 masked due to negative reward
2025-09-28 10:53:14,139 - __main__ - WARNING - ⚠️ Episode 10 terminated due to step limit.
2025-09-28 10:53:18,421 - __main__ - WARNING - ⚠️ Episode 11 terminated due to step limit.
2025-09-28 10:53:20,680 - __main__ - DEBUG - 🎯 Eval HMM masking: step 200 masked due to negative reward
2025-09-28 10:53:22,704 - __main__ - WARNING - ⚠️ Episode 12 terminated due to step limit.
2025-09-28 10:53:25,961 - __main__ - DEBUG - 🎯 Eval HMM masking: step 300 masked due to negative reward
2025-09-28 10:53:26,972 - __main__ - WARNING - ⚠️ Episode 13 terminated due to step limit.
2025-09-28 10:53:27,695 - __main__ - DEBUG - 🎯 Eval HMM masking: step 50 masked due to negative reward
2025-09-28 10:53:29,723 - __main__ - DEBUG - 🎯 Eval HMM masking: step 250 masked due to negative reward
2025-09-28 10:53:31,237 - __main__ - WARNING - ⚠️ Episode 14 terminated due to step limit.
2025-09-28 10:53:35,011 - __main__ - DEBUG - 🎯 Eval HMM masking: step 350 masked due to negative reward
2025-09-28 10:53:35,511 - __main__ - WARNING - ⚠️ Episode 15 terminated due to step limit.
2025-09-28 10:53:36,238 - __main__ - DEBUG - 🎯 Eval HMM masking: step 50 masked due to negative reward
2025-09-28 10:53:36,752 - __main__ - DEBUG - 🎯 Eval HMM masking: step 100 masked due to negative reward
2025-09-28 10:53:39,789 - __main__ - WARNING - ⚠️ Episode 16 terminated due to step limit.
2025-09-28 10:53:44,056 - __main__ - WARNING - ⚠️ Episode 17 terminated due to step limit.
2025-09-28 10:53:46,306 - __main__ - DEBUG - 🎯 Eval HMM masking: step 200 masked due to negative reward
2025-09-28 10:53:48,332 - __main__ - WARNING - ⚠️ Episode 18 terminated due to step limit.
2025-09-28 10:53:50,596 - __main__ - DEBUG - 🎯 Eval HMM masking: step 200 masked due to negative reward
2025-09-28 10:53:52,625 - __main__ - WARNING - ⚠️ Episode 19 terminated due to step limit.
2025-09-28 10:53:54,386 - __main__ - DEBUG - 🎯 Eval HMM masking: step 150 masked due to negative reward
2025-09-28 10:53:55,422 - __main__ - DEBUG - 🎯 Eval HMM masking: step 250 masked due to negative reward
2025-09-28 10:53:56,948 - __main__ - WARNING - ⚠️ Episode 20 terminated due to step limit.
2025-09-28 10:54:01,230 - __main__ - WARNING - ⚠️ Episode 21 terminated due to step limit.
2025-09-28 10:54:01,959 - __main__ - DEBUG - 🎯 Eval HMM masking: step 50 masked due to negative reward
2025-09-28 10:54:05,496 - __main__ - WARNING - ⚠️ Episode 22 terminated due to step limit.
2025-09-28 10:54:09,774 - __main__ - WARNING - ⚠️ Episode 23 terminated due to step limit.
2025-09-28 10:54:10,502 - __main__ - DEBUG - 🎯 Eval HMM masking: step 50 masked due to negative reward
2025-09-28 10:54:13,554 - __main__ - DEBUG - 🎯 Eval HMM masking: step 350 masked due to negative reward
2025-09-28 10:54:14,057 - __main__ - WARNING - ⚠️ Episode 24 terminated due to step limit.
2025-09-28 10:54:16,308 - __main__ - DEBUG - 🎯 Eval HMM masking: step 200 masked due to negative reward
2025-09-28 10:54:18,332 - __main__ - WARNING - ⚠️ Episode 25 terminated due to step limit.
2025-09-28 10:54:20,079 - __main__ - DEBUG - 🎯 Eval HMM masking: step 150 masked due to negative reward
2025-09-28 10:54:22,611 - __main__ - WARNING - ⚠️ Episode 26 terminated due to step limit.
2025-09-28 10:54:25,362 - __main__ - DEBUG - 🎯 Eval HMM masking: step 250 masked due to negative reward
2025-09-28 10:54:26,880 - __main__ - WARNING - ⚠️ Episode 27 terminated due to step limit.
2025-09-28 10:54:30,666 - __main__ - DEBUG - 🎯 Eval HMM masking: step 350 masked due to negative reward
2025-09-28 10:54:31,168 - __main__ - WARNING - ⚠️ Episode 28 terminated due to step limit.
2025-09-28 10:54:35,418 - __main__ - WARNING - ⚠️ Episode 29 terminated due to step limit.
2025-09-28 10:54:39,687 - __main__ - WARNING - ⚠️ Episode 30 terminated due to step limit.
2025-09-28 10:54:40,922 - __main__ - DEBUG - 🎯 Eval HMM masking: step 100 masked due to negative reward
2025-09-28 10:54:43,464 - __main__ - DEBUG - 🎯 Eval HMM masking: step 350 masked due to negative reward
2025-09-28 10:54:43,966 - __main__ - WARNING - ⚠️ Episode 31 terminated due to step limit.
2025-09-28 10:54:44,694 - __main__ - DEBUG - 🎯 Eval HMM masking: step 50 masked due to negative reward
2025-09-28 10:54:48,241 - __main__ - WARNING - ⚠️ Episode 32 terminated due to step limit.
2025-09-28 10:54:49,473 - __main__ - DEBUG - 🎯 Eval HMM masking: step 100 masked due to negative reward
2025-09-28 10:54:51,499 - __main__ - DEBUG - 🎯 Eval HMM masking: step 300 masked due to negative reward
2025-09-28 10:54:52,517 - __main__ - WARNING - ⚠️ Episode 33 terminated due to step limit.
2025-09-28 10:54:53,247 - __main__ - DEBUG - 🎯 Eval HMM masking: step 50 masked due to negative reward
2025-09-28 10:54:55,277 - __main__ - DEBUG - 🎯 Eval HMM masking: step 250 masked due to negative reward
2025-09-28 10:54:56,791 - __main__ - WARNING - ⚠️ Episode 34 terminated due to step limit.
