2025-09-23 18:30:23,406 - __main__ - INFO - ================================================================================
2025-09-23 18:30:23,406 - __main__ - INFO - Starting Online PPO Training with Pretrained Models
2025-09-23 18:30:23,406 - __main__ - INFO - Environment: MiniHack-Room-Random-15x15-v0
2025-09-23 18:30:23,406 - __main__ - INFO - VAE Repository: CatkinChen/nethack-vae-hmm
2025-09-23 18:30:23,406 - __main__ - INFO - HMM Repository: CatkinChen/nethack-hmm
2025-09-23 18:30:23,406 - __main__ - INFO - Total Timesteps: 195
2025-09-23 18:30:23,406 - __main__ - INFO - ================================================================================
2025-09-23 18:30:23,406 - __main__ - INFO - 🔧 Using device: cuda
2025-09-23 18:30:23,406 - __main__ - INFO - 🆕 Fresh training mode: Loading models from separate repos
2025-09-23 18:30:23,406 - __main__ - INFO - 🎨 Loading pretrained VAE model...
2025-09-23 18:30:23,933 - __main__ - INFO - 🧠 Loading pretrained HMM model...
2025-09-23 18:30:24,222 - __main__ - INFO - ✅ VAE model loaded successfully
2025-09-23 18:30:24,222 - __main__ - INFO -    - Latent dimension: 96
2025-09-23 18:30:24,222 - __main__ - INFO -    - Skills: 40
2025-09-23 18:30:24,223 - __main__ - INFO - ✅ HMM model loaded successfully
2025-09-23 18:30:24,223 - __main__ - INFO -    🏷️  HMM Round: 4
2025-09-23 18:30:24,223 - __main__ - INFO -    📅 Created: 2025-09-15T21:41:06.331217
2025-09-23 18:30:24,223 - __main__ - INFO - 🎮 Creating environment: MiniHack-Room-Random-15x15-v0
2025-09-23 18:30:24,223 - nle.env.base - INFO - Not saving any NLE data.
2025-09-23 18:30:24,239 - __main__ - INFO -    - Observation space: Dict('blstats': Box(-2147483648, 2147483647, (27,), int64), 'chars': Box(0, 255, (21, 79), uint8), 'chars_crop': Box(0, 255, (9, 9), uint8), 'colors': Box(0, 15, (21, 79), uint8), 'colors_crop': Box(0, 15, (9, 9), uint8), 'glyphs': Box(0, 5976, (21, 79), int16), 'glyphs_crop': Box(0, 5976, (9, 9), int16), 'message': Box(0, 255, (256,), uint8), 'specials': Box(0, 255, (21, 79), uint8), 'specials_crop': Box(0, 255, (9, 9), uint8))
2025-09-23 18:30:24,239 - __main__ - INFO -    - Action space: Discrete(8)
2025-09-23 18:30:24,265 - __main__ - INFO - 🔄 HMM posterior set as prior for online updates with tempered weight 0.2
2025-09-23 18:30:24,265 - __main__ - INFO - 🔄 Using provided VAE config
2025-09-23 18:30:24,265 - __main__ - INFO -    - VAE prior mode set to 'hmm' for online training
2025-09-23 18:30:25,416 - __main__ - INFO - 📊 W&B initialized with run name: ablation_baseline_curiosity_skill_only_MiniHack_Room_Random_15x15_v0_20250923-183023
2025-09-23 18:30:25,416 - __main__ - INFO - 🚀 Initializing PPO trainer...
2025-09-23 18:30:25,416 - nle.env.base - INFO - Not saving any NLE data.
2025-09-23 18:30:25,432 - nle.env.base - INFO - Not saving any NLE data.
2025-09-23 18:30:25,446 - nle.env.base - INFO - Not saving any NLE data.
2025-09-23 18:30:25,460 - nle.env.base - INFO - Not saving any NLE data.
2025-09-23 18:30:25,474 - nle.env.base - INFO - Not saving any NLE data.
2025-09-23 18:30:25,489 - nle.env.base - INFO - Not saving any NLE data.
2025-09-23 18:30:25,503 - nle.env.base - INFO - Not saving any NLE data.
2025-09-23 18:30:25,516 - nle.env.base - INFO - Not saving any NLE data.
2025-09-23 18:30:26,402 - __main__ - INFO - ✅ PPO trainer initialized successfully
2025-09-23 18:30:26,402 - __main__ - INFO - 🆕 Starting fresh PPO training (no checkpoint loading)
2025-09-23 18:30:26,402 - __main__ - INFO - 🏋️  Starting PPO training...
2025-09-23 18:30:26,819 - __main__ - INFO - 🎮 Action Mapping Debug (step 0, timestep 0):
2025-09-23 18:30:26,819 - __main__ - INFO -    Global actions sampled: [7 1 2 0 7 1 3 4]
2025-09-23 18:30:26,819 - __main__ - INFO -    Local actions mapped:   [7 1 2 0 7 1 3 4]
2025-09-23 18:30:26,820 - __main__ - INFO -    Available env actions:  (<CompassDirection.N: 107>, <CompassDirection.E: 108>, <CompassDirection.S: 106>, <CompassDirection.W: 104>, <CompassDirection.NE: 117>, <CompassDirection.SE: 110>, <CompassDirection.SW: 98>, <CompassDirection.NW: 121>)
2025-09-23 18:30:26,820 - __main__ - INFO -    Action mapping:         ['local_0->global_0(107)', 'local_1->global_1(108)', 'local_2->global_2(106)', 'local_3->global_3(104)', 'local_4->global_4(117)', 'local_5->global_5(110)', 'local_6->global_6(98)', 'local_7->global_7(121)']
2025-09-23 18:30:26,820 - __main__ - INFO -    Valid global indices:   [0 1 2 3 4 5 6 7] (total: 8)
2025-09-23 18:30:26,820 - __main__ - INFO -    Global->Local mapping:  ['env0:g7->l7', 'env1:g1->l1', 'env2:g2->l2', 'env3:g0->l0', 'env4:g7->l7', 'env5:g1->l1', 'env6:g3->l3', 'env7:g4->l4']
2025-09-23 18:30:29,048 - __main__ - INFO - 📊 Episodes completed this rollout: 1
2025-09-23 18:30:29,048 - __main__ - INFO - 📈 Episode stats: avg return = 0.94, avg length = 89.0
2025-09-23 18:30:29,071 - __main__ - INFO - 🎯 Top 3 training actions: #0(143), #2(141), #1(138)
2025-09-23 18:30:33,366 - __main__ - INFO - 📊 Episodes completed this rollout: 1
2025-09-23 18:30:33,366 - __main__ - INFO - 📈 Episode stats: avg return = 0.81, avg length = 215.0
2025-09-23 18:30:33,366 - __main__ - INFO - 🎯 Top 3 training actions: #0(315), #1(303), #2(269)
2025-09-23 18:30:37,332 - __main__ - INFO - 📊 Episodes completed this rollout: 6
2025-09-23 18:30:37,332 - __main__ - INFO - 📈 Episode stats: avg return = -0.30, avg length = 300.0
2025-09-23 18:30:37,333 - __main__ - INFO - 🎯 Top 3 training actions: #0(454), #1(437), #3(425)
2025-09-23 18:30:41,237 - __main__ - INFO - 📊 Episodes completed this rollout: 3
2025-09-23 18:30:41,237 - __main__ - INFO - 📈 Episode stats: avg return = 0.37, avg length = 169.7
2025-09-23 18:30:41,237 - __main__ - INFO - 🎯 Top 3 training actions: #0(634), #3(581), #1(543)
2025-09-23 18:30:45,174 - __main__ - INFO - 📊 Episodes completed this rollout: 9
2025-09-23 18:30:45,175 - __main__ - INFO - 📈 Episode stats: avg return = 0.15, avg length = 221.4
2025-09-23 18:30:45,175 - __main__ - INFO - 🎯 Top 3 training actions: #0(804), #3(728), #2(678)
2025-09-23 18:30:46,806 - __main__ - INFO - 🔄 Synchronized model update at step 5,120
2025-09-23 18:30:46,807 - __main__ - INFO -    HMM interval: 5,120, VAE interval: 5,120
2025-09-23 18:30:46,807 - __main__ - INFO - 🚫 Model training masking: 735/5120 timesteps masked (14.4%) due to negative rewards (invalid actions)
2025-09-23 18:30:46,969 - __main__ - INFO - 🔄 Capping HMM batch size from 486 to 128 to prevent OOM
2025-09-23 18:30:46,970 - __main__ - INFO - 🔄 HMM refresh starting at step 5,120 with replay size 128x77
2025-09-23 18:30:51,264 - __main__ - DEBUG - Initial ELBO: -259540.6579
2025-09-23 18:30:51,264 - __main__ - DEBUG - Relative tol: 0.0100
2025-09-23 18:30:51,264 - __main__ - DEBUG - Relative elbo_drop_tol: 0.0100
2025-09-23 18:30:51,265 - __main__ - DEBUG - - Init -545.0019
2025-09-23 18:30:51,265 - __main__ - DEBUG - - Trans -1892.8333
2025-09-23 18:30:51,265 - __main__ - DEBUG - - Emit -257093.6179
2025-09-23 18:30:51,265 - __main__ - DEBUG - - Entropy 6.5758
2025-09-23 18:30:51,265 - __main__ - DEBUG - - Dir 0.0000
2025-09-23 18:30:51,265 - __main__ - DEBUG - - NIW 0.0003
2025-09-23 18:30:51,265 - __main__ - DEBUG - - Beta prior -15.7809
2025-09-23 18:30:55,924 - __main__ - DEBUG - Iter 0: ELBO after FB: -259540.6579 (LL -259524.8773, Δ=0.0000)
2025-09-23 18:30:55,925 - __main__ - DEBUG - First pass after reset, using full stats.
2025-09-23 18:30:55,971 - __main__ - DEBUG - Iter 0: ELBO after NIW update: -70783.5566 (Emit LL -53098.1335, NIW term -15238.3828, Δ=188757.1013)
2025-09-23 18:30:56,018 - __main__ - DEBUG - Iter 0: ELBO after Dirichlet update: -69216.7780 (Trans LL -130.2136, Dir term -195.8411, Δ=1566.7786)
2025-09-23 18:30:56,086 - __main__ - DEBUG - Iter 0: ELBO after β update: -69217.5257 (Init LL -545.6880, Dir term -195.8945, logp(β) -15.7891, Δ=-0.7477)
2025-09-23 18:31:00,735 - __main__ - DEBUG - Iter 1: ELBO after FB: -51824.4209 (LL -36374.3545, Δ=17393.1048)
2025-09-23 18:31:00,736 - __main__ - DEBUG - First pass after reset, using full stats.
2025-09-23 18:31:00,783 - __main__ - DEBUG - Iter 1: ELBO after NIW update: -30015.0406 (Emit LL -19007.7302, NIW term -10267.1533, Δ=21809.3803)
2025-09-23 18:31:00,830 - __main__ - DEBUG - Iter 1: ELBO after Dirichlet update: -29830.9941 (Trans LL -9.3982, Dir term -32.5410, Δ=184.0465)
2025-09-23 18:31:00,894 - __main__ - DEBUG - Iter 1: ELBO after β update: -29831.8976 (Init LL -499.1895, Dir term -32.6333, logp(β) -15.7976, Δ=-0.9035)
2025-09-23 18:31:05,534 - __main__ - DEBUG - Iter 2: ELBO after FB: -27594.5746 (LL -17278.9904, Δ=2237.3230)
2025-09-23 18:31:05,535 - __main__ - DEBUG - First pass after reset, using full stats.
2025-09-23 18:31:05,582 - __main__ - DEBUG - Iter 2: ELBO after NIW update: -26498.0246 (Emit LL -16433.7583, NIW term -9511.5449, Δ=1096.5500)
2025-09-23 18:31:05,629 - __main__ - DEBUG - Iter 2: ELBO after Dirichlet update: -26489.0103 (Trans LL -4.8243, Dir term -23.8852, Δ=9.0144)
2025-09-23 18:31:05,692 - __main__ - DEBUG - Iter 2: ELBO after β update: -26488.8491 (Init LL -498.9406, Dir term -23.9779, logp(β) -15.8035, Δ=0.1611)
2025-09-23 18:31:10,348 - __main__ - DEBUG - Iter 3: ELBO after FB: -26488.8491 (LL -16937.5227, Δ=0.0000)
2025-09-23 18:31:10,348 - __main__ - DEBUG - First pass after reset, using full stats.
2025-09-23 18:31:10,395 - __main__ - DEBUG - Iter 3: ELBO after NIW update: -26488.8491 (Emit LL -16433.7583, NIW term -9511.5449, Δ=0.0000)
2025-09-23 18:31:10,442 - __main__ - DEBUG - Iter 3: ELBO after Dirichlet update: -26489.1391 (Trans LL -4.8326, Dir term -24.2596, Δ=-0.2900)
2025-09-23 18:31:10,506 - __main__ - DEBUG - Iter 3: ELBO after β update: -26489.8669 (Init LL -499.5537, Dir term -24.3755, logp(β) -15.8022, Δ=-0.7277)
2025-09-23 18:31:15,159 - __main__ - DEBUG - Iter 4: ELBO after FB: -26489.8669 (LL -16938.1442, Δ=0.0000)
2025-09-23 18:31:15,159 - __main__ - DEBUG - First pass after reset, using full stats.
2025-09-23 18:31:15,206 - __main__ - DEBUG - Iter 4: ELBO after NIW update: -26489.8669 (Emit LL -16433.7583, NIW term -9511.5449, Δ=0.0000)
2025-09-23 18:31:15,253 - __main__ - DEBUG - Iter 4: ELBO after Dirichlet update: -26490.2701 (Trans LL -4.8134, Dir term -24.7980, Δ=-0.4032)
2025-09-23 18:31:15,317 - __main__ - DEBUG - Iter 4: ELBO after β update: -26490.4116 (Init LL -499.6114, Dir term -24.8896, logp(β) -15.7944, Δ=-0.1415)
2025-09-23 18:31:15,319 - __main__ - INFO -    HMM refresh complete: ELBO=-179.3391, iters=0, max iters, states=40
2025-09-23 18:31:15,319 - __main__ - INFO -    ✅ HMM updated (next in 6,144 steps)
2025-09-23 18:31:15,319 - __main__ - INFO - 🔄 VAE refresh starting at step 5,120 with replay size 8x640
2025-09-23 18:31:15,320 - __main__ - INFO -    Using span sampling (5120 timesteps, too large for full buffer)
2025-09-23 18:31:41,061 - __main__ - INFO -    VAE refresh complete: final_loss=2881.6538, avg_loss=2893.8268, steps=4/4, trend=improving, total_timesteps=5120, span_sampling=32_requested×4_steps, span_len=64
2025-09-23 18:31:41,064 - __main__ - INFO -    ✅ VAE updated (next in 6,144 steps)
2025-09-23 18:31:47,241 - __main__ - INFO - 📊 Episodes completed this rollout: 6
2025-09-23 18:31:47,241 - __main__ - INFO - 📈 Episode stats: avg return = 0.47, avg length = 172.2
2025-09-23 18:31:47,241 - __main__ - INFO - 🎯 Top 3 training actions: #0(1216), #3(1066), #1(909)
2025-09-23 18:31:51,191 - __main__ - INFO - 📊 Episodes completed this rollout: 5
2025-09-23 18:31:51,191 - __main__ - INFO - 📈 Episode stats: avg return = -0.12, avg length = 244.0
2025-09-23 18:31:51,192 - __main__ - INFO - 🎯 Top 3 training actions: #0(1490), #3(1206), #1(1007)
2025-09-23 18:31:55,138 - __main__ - INFO - 📊 Episodes completed this rollout: 4
2025-09-23 18:31:55,138 - __main__ - INFO - 📈 Episode stats: avg return = -0.53, avg length = 300.0
2025-09-23 18:31:55,138 - __main__ - INFO - 🎯 Top 3 training actions: #0(1749), #3(1333), #5(1157)
2025-09-23 18:31:59,040 - __main__ - INFO - 📊 Episodes completed this rollout: 4
2025-09-23 18:31:59,040 - __main__ - INFO - 📈 Episode stats: avg return = -0.34, avg length = 294.0
2025-09-23 18:31:59,040 - __main__ - INFO - 🎯 Top 3 training actions: #0(1952), #3(1530), #5(1385)
2025-09-23 18:32:00,683 - __main__ - INFO - 🧪 Starting evaluation with 50 episodes...
2025-09-23 18:32:00,683 - __main__ - INFO -    Eval seed: 51
2025-09-23 18:32:00,683 - __main__ - INFO -    Max episode steps (eval): env default
2025-09-23 18:32:00,684 - nle.env.base - INFO - Not saving any NLE data.
2025-09-23 18:32:01,803 - __main__ - DEBUG - 🎯 Eval HMM masking: step 100 masked due to negative reward
2025-09-23 18:32:03,995 - __main__ - WARNING - ⚠️ Episode 1 terminated due to step limit.
2025-09-23 18:32:06,843 - __main__ - DEBUG - 🎯 Eval HMM masking: step 250 masked due to negative reward
2025-09-23 18:32:07,356 - __main__ - WARNING - ⚠️ Episode 2 terminated due to step limit.
2025-09-23 18:32:09,636 - __main__ - DEBUG - 🎯 Eval HMM masking: step 200 masked due to negative reward
2025-09-23 18:32:10,736 - __main__ - WARNING - ⚠️ Episode 3 terminated due to step limit.
2025-09-23 18:32:14,228 - __main__ - WARNING - ⚠️ Episode 4 terminated due to step limit.
2025-09-23 18:32:16,486 - __main__ - DEBUG - 🎯 Eval HMM masking: step 200 masked due to negative reward
2025-09-23 18:32:17,545 - __main__ - WARNING - ⚠️ Episode 5 terminated due to step limit.
2025-09-23 18:32:21,266 - __main__ - DEBUG - 🎯 Eval HMM masking: step 150 masked due to negative reward
2025-09-23 18:32:22,829 - __main__ - WARNING - ⚠️ Episode 8 terminated due to step limit.
2025-09-23 18:32:24,571 - __main__ - DEBUG - 🎯 Eval HMM masking: step 150 masked due to negative reward
2025-09-23 18:32:26,153 - __main__ - WARNING - ⚠️ Episode 9 terminated due to step limit.
2025-09-23 18:32:27,899 - __main__ - DEBUG - 🎯 Eval HMM masking: step 150 masked due to negative reward
2025-09-23 18:32:28,949 - __main__ - DEBUG - 🎯 Eval HMM masking: step 250 masked due to negative reward
2025-09-23 18:32:29,486 - __main__ - WARNING - ⚠️ Episode 10 terminated due to step limit.
2025-09-23 18:32:30,187 - __main__ - DEBUG - 🎯 Eval HMM masking: step 50 masked due to negative reward
2025-09-23 18:32:32,807 - __main__ - WARNING - ⚠️ Episode 11 terminated due to step limit.
2025-09-23 18:32:35,670 - __main__ - DEBUG - 🎯 Eval HMM masking: step 250 masked due to negative reward
2025-09-23 18:32:36,208 - __main__ - WARNING - ⚠️ Episode 12 terminated due to step limit.
2025-09-23 18:32:37,468 - __main__ - DEBUG - 🎯 Eval HMM masking: step 100 masked due to negative reward
2025-09-23 18:32:39,578 - __main__ - WARNING - ⚠️ Episode 13 terminated due to step limit.
2025-09-23 18:32:41,330 - __main__ - DEBUG - 🎯 Eval HMM masking: step 150 masked due to negative reward
2025-09-23 18:32:42,900 - __main__ - WARNING - ⚠️ Episode 14 terminated due to step limit.
2025-09-23 18:32:46,254 - __main__ - WARNING - ⚠️ Episode 15 terminated due to step limit.
2025-09-23 18:32:47,477 - __main__ - DEBUG - 🎯 Eval HMM masking: step 100 masked due to negative reward
2025-09-23 18:32:48,547 - __main__ - DEBUG - 🎯 Eval HMM masking: step 200 masked due to negative reward
2025-09-23 18:32:49,589 - __main__ - WARNING - ⚠️ Episode 16 terminated due to step limit.
2025-09-23 18:32:52,917 - __main__ - DEBUG - 🎯 Eval HMM masking: step 150 masked due to negative reward
2025-09-23 18:32:54,483 - __main__ - WARNING - ⚠️ Episode 19 terminated due to step limit.
2025-09-23 18:32:56,954 - __main__ - DEBUG - 🎯 Eval HMM masking: step 100 masked due to negative reward
2025-09-23 18:32:57,997 - __main__ - DEBUG - 🎯 Eval HMM masking: step 200 masked due to negative reward
2025-09-23 18:32:59,044 - __main__ - WARNING - ⚠️ Episode 21 terminated due to step limit.
2025-09-23 18:33:01,312 - __main__ - DEBUG - 🎯 Eval HMM masking: step 200 masked due to negative reward
2025-09-23 18:33:01,842 - __main__ - DEBUG - 🎯 Eval HMM masking: step 250 masked due to negative reward
2025-09-23 18:33:02,359 - __main__ - WARNING - ⚠️ Episode 22 terminated due to step limit.
2025-09-23 18:33:03,383 - __main__ - DEBUG - 🎯 Eval HMM masking: step 50 masked due to negative reward
2025-09-23 18:33:06,029 - __main__ - WARNING - ⚠️ Episode 24 terminated due to step limit.
2025-09-23 18:33:09,511 - __main__ - WARNING - ⚠️ Episode 25 terminated due to step limit.
2025-09-23 18:33:14,264 - __main__ - WARNING - ⚠️ Episode 27 terminated due to step limit.
2025-09-23 18:33:14,965 - __main__ - DEBUG - 🎯 Eval HMM masking: step 50 masked due to negative reward
2025-09-23 18:33:15,495 - __main__ - DEBUG - 🎯 Eval HMM masking: step 100 masked due to negative reward
2025-09-23 18:33:17,687 - __main__ - WARNING - ⚠️ Episode 28 terminated due to step limit.
2025-09-23 18:33:19,447 - __main__ - DEBUG - 🎯 Eval HMM masking: step 150 masked due to negative reward
2025-09-23 18:33:19,990 - __main__ - DEBUG - 🎯 Eval HMM masking: step 200 masked due to negative reward
2025-09-23 18:33:21,092 - __main__ - WARNING - ⚠️ Episode 29 terminated due to step limit.
2025-09-23 18:33:26,365 - __main__ - WARNING - ⚠️ Episode 31 terminated due to step limit.
2025-09-23 18:33:29,143 - __main__ - DEBUG - 🎯 Eval HMM masking: step 250 masked due to negative reward
2025-09-23 18:33:29,658 - __main__ - WARNING - ⚠️ Episode 32 terminated due to step limit.
2025-09-23 18:33:31,917 - __main__ - DEBUG - 🎯 Eval HMM masking: step 200 masked due to negative reward
2025-09-23 18:33:32,956 - __main__ - WARNING - ⚠️ Episode 33 terminated due to step limit.
2025-09-23 18:33:33,647 - __main__ - DEBUG - 🎯 Eval HMM masking: step 50 masked due to negative reward
2025-09-23 18:33:35,213 - __main__ - DEBUG - 🎯 Eval HMM masking: step 200 masked due to negative reward
2025-09-23 18:33:36,255 - __main__ - WARNING - ⚠️ Episode 34 terminated due to step limit.
2025-09-23 18:33:37,480 - __main__ - DEBUG - 🎯 Eval HMM masking: step 100 masked due to negative reward
2025-09-23 18:33:39,617 - __main__ - WARNING - ⚠️ Episode 35 terminated due to step limit.
2025-09-23 18:33:42,917 - __main__ - WARNING - ⚠️ Episode 36 terminated due to step limit.
2025-09-23 18:33:46,227 - __main__ - WARNING - ⚠️ Episode 37 terminated due to step limit.
2025-09-23 18:33:47,963 - __main__ - DEBUG - 🎯 Eval HMM masking: step 150 masked due to negative reward
2025-09-23 18:33:49,011 - __main__ - DEBUG - 🎯 Eval HMM masking: step 250 masked due to negative reward
2025-09-23 18:33:49,532 - __main__ - WARNING - ⚠️ Episode 38 terminated due to step limit.
2025-09-23 18:33:52,954 - __main__ - WARNING - ⚠️ Episode 39 terminated due to step limit.
2025-09-23 18:33:56,027 - __main__ - DEBUG - 🎯 Eval HMM masking: step 50 masked due to negative reward
2025-09-23 18:33:58,643 - __main__ - WARNING - ⚠️ Episode 41 terminated due to step limit.
2025-09-23 18:33:59,332 - __main__ - DEBUG - 🎯 Eval HMM masking: step 50 masked due to negative reward
2025-09-23 18:34:00,913 - __main__ - DEBUG - 🎯 Eval HMM masking: step 200 masked due to negative reward
2025-09-23 18:34:01,994 - __main__ - WARNING - ⚠️ Episode 42 terminated due to step limit.
2025-09-23 18:34:05,296 - __main__ - WARNING - ⚠️ Episode 43 terminated due to step limit.
2025-09-23 18:34:07,033 - __main__ - DEBUG - 🎯 Eval HMM masking: step 150 masked due to negative reward
2025-09-23 18:34:08,083 - __main__ - DEBUG - 🎯 Eval HMM masking: step 250 masked due to negative reward
2025-09-23 18:34:08,622 - __main__ - WARNING - ⚠️ Episode 44 terminated due to step limit.
2025-09-23 18:34:10,884 - __main__ - DEBUG - 🎯 Eval HMM masking: step 200 masked due to negative reward
2025-09-23 18:34:11,408 - __main__ - DEBUG - 🎯 Eval HMM masking: step 250 masked due to negative reward
2025-09-23 18:34:11,924 - __main__ - WARNING - ⚠️ Episode 45 terminated due to step limit.
2025-09-23 18:34:13,656 - __main__ - DEBUG - 🎯 Eval HMM masking: step 150 masked due to negative reward
2025-09-23 18:34:14,177 - __main__ - DEBUG - 🎯 Eval HMM masking: step 200 masked due to negative reward
2025-09-23 18:34:14,702 - __main__ - DEBUG - 🎯 Eval HMM masking: step 250 masked due to negative reward
2025-09-23 18:34:15,216 - __main__ - WARNING - ⚠️ Episode 46 terminated due to step limit.
2025-09-23 18:34:17,468 - __main__ - DEBUG - 🎯 Eval HMM masking: step 200 masked due to negative reward
2025-09-23 18:34:18,502 - __main__ - WARNING - ⚠️ Episode 47 terminated due to step limit.
2025-09-23 18:34:19,525 - __main__ - DEBUG - 🎯 Eval HMM masking: step 50 masked due to negative reward
2025-09-23 18:34:20,061 - __main__ - DEBUG - 🎯 Eval HMM masking: step 100 masked due to negative reward
2025-09-23 18:34:22,265 - __main__ - WARNING - ⚠️ Episode 49 terminated due to step limit.
2025-09-23 18:34:23,928 - __main__ - INFO - 📊 Evaluation Results (Current Round):
2025-09-23 18:34:23,928 - __main__ - INFO -    Episodes: 50
2025-09-23 18:34:23,928 - __main__ - INFO -    Time: 143.2s (2.9s/ep)
2025-09-23 18:34:23,928 - __main__ - INFO -    Average Return: -0.271 ± 0.604
2025-09-23 18:34:23,928 - __main__ - INFO -    Success Rate: 22.0%
2025-09-23 18:34:23,928 - __main__ - INFO -    Average Length: 256.5
2025-09-23 18:34:23,928 - __main__ - INFO -    Average Coverage: 72.9 positions
2025-09-23 18:34:23,928 - __main__ - INFO -    Episode Completions: 11 terminated (22.0%), 39 truncated (78.0%)
2025-09-23 18:34:23,928 - __main__ - INFO - 📈 Total Evaluation Statistics:
2025-09-23 18:34:23,929 - __main__ - INFO -    Total Episodes: 50
2025-09-23 18:34:23,929 - __main__ - INFO -    Total Average Return: -0.271 ± 0.604
2025-09-23 18:34:23,929 - __main__ - INFO -    Total Average Length: 256.5 ± 86.3
2025-09-23 18:34:23,929 - __main__ - INFO -    Total Completions: 11 terminated (22.0%), 39 truncated (78.0%)
2025-09-23 18:34:23,929 - __main__ - INFO -    Skill Entropy: 0.002
2025-09-23 18:34:23,929 - __main__ - INFO -    Used Skills: 1.0
2025-09-23 18:34:23,929 - __main__ - INFO -    Effective K: 1.00
2025-09-23 18:34:23,929 - __main__ - INFO - 🎯 Action Usage Statistics:
2025-09-23 18:34:23,929 - __main__ - INFO -    Unique actions in evaluation: 8
2025-09-23 18:34:23,929 - __main__ - INFO -    Unique actions in training: 8
2025-09-23 18:34:23,929 - __main__ - INFO -    Total unique actions: 8
2025-09-23 18:34:23,930 - __main__ - INFO -    Action coverage: 6.6%
2025-09-23 18:34:23,930 - __main__ - INFO -    Train action count: 10240
2025-09-23 18:34:23,930 - __main__ - INFO -    Eval action count: 12827
2025-09-23 18:34:23,930 - __main__ - INFO -    Train action entropy: 2.052
2025-09-23 18:34:23,930 - __main__ - INFO -    Eval action entropy: 1.890
2025-09-23 18:34:23,931 - __main__ - INFO -    Top 3 train actions: #0(1952), #3(1530), #5(1385)
2025-09-23 18:34:23,931 - __main__ - INFO -    Top 3 eval actions: #3(3088), #5(2784), #0(2466)
2025-09-23 18:34:26,257 - __main__ - INFO - 📊 Episodes completed this rollout: 3
2025-09-23 18:34:26,257 - __main__ - INFO - 📈 Episode stats: avg return = -0.01, avg length = 268.3
2025-09-23 18:34:26,257 - __main__ - INFO - 🎯 Top 3 training actions: #0(2147), #3(1748), #5(1619)
2025-09-23 18:34:27,925 - __main__ - INFO - 🔄 Synchronized model update at step 11,264
2025-09-23 18:34:27,926 - __main__ - INFO -    HMM interval: 6,144, VAE interval: 6,144
2025-09-23 18:34:27,926 - __main__ - INFO - 🚫 Model training masking: 852/6144 timesteps masked (13.9%) due to negative rewards (invalid actions)
2025-09-23 18:34:28,113 - __main__ - INFO - 🔄 Capping HMM batch size from 451 to 128 to prevent OOM
2025-09-23 18:34:28,113 - __main__ - INFO - 🔄 HMM refresh starting at step 11,264 with replay size 128x79
2025-09-23 18:34:32,513 - __main__ - DEBUG - Initial ELBO: -29423.7911
2025-09-23 18:34:32,513 - __main__ - DEBUG - Relative tol: 0.0100
2025-09-23 18:34:32,513 - __main__ - DEBUG - Relative elbo_drop_tol: 0.0100
2025-09-23 18:34:32,513 - __main__ - DEBUG - - Init -498.9406
2025-09-23 18:34:32,513 - __main__ - DEBUG - - Trans -6.9397
2025-09-23 18:34:32,513 - __main__ - DEBUG - - Emit -19366.5848
2025-09-23 18:34:32,513 - __main__ - DEBUG - - Entropy 0.0005
2025-09-23 18:34:32,513 - __main__ - DEBUG - - Dir -23.9779
2025-09-23 18:34:32,513 - __main__ - DEBUG - - NIW -9511.5449
2025-09-23 18:34:32,513 - __main__ - DEBUG - - Beta prior -15.8035
2025-09-23 18:34:37,427 - __main__ - DEBUG - Iter 0: ELBO after FB: -29423.7911 (LL -19872.4647, Δ=0.0000)
2025-09-23 18:34:37,428 - __main__ - DEBUG - Blending stats with ρ_niw=0.0500, ρ_tr=0.0500.
2025-09-23 18:34:37,479 - __main__ - DEBUG - Iter 0: ELBO after NIW update: -28781.6689 (Emit LL -18605.5554, NIW term -9630.4521, Δ=642.1222)
2025-09-23 18:34:37,531 - __main__ - DEBUG - Iter 0: ELBO after Dirichlet update: -28781.2007 (Trans LL -6.8668, Dir term -23.5827, Δ=0.4681)
2025-09-23 18:34:37,600 - __main__ - DEBUG - Iter 0: ELBO after β update: -28781.9756 (Init LL -499.7035, Dir term -23.5854, logp(β) -15.8128, Δ=-0.7749)
2025-09-23 18:34:42,590 - __main__ - DEBUG - Iter 1: ELBO after FB: -28781.9756 (LL -19112.1253, Δ=0.0000)
2025-09-23 18:34:42,591 - __main__ - DEBUG - Blending stats with ρ_niw=0.0500, ρ_tr=0.0500.
2025-09-23 18:34:42,639 - __main__ - DEBUG - Iter 1: ELBO after NIW update: -28781.9756 (Emit LL -18605.5554, NIW term -9630.4521, Δ=0.0000)
2025-09-23 18:34:42,687 - __main__ - DEBUG - Iter 1: ELBO after Dirichlet update: -28782.0439 (Trans LL -6.8337, Dir term -23.6868, Δ=-0.0683)
2025-09-23 18:34:42,754 - __main__ - DEBUG - Iter 1: ELBO after β update: -28782.6336 (Init LL -500.1911, Dir term -23.7792, logp(β) -15.8225, Δ=-0.5897)
2025-09-23 18:34:47,651 - __main__ - DEBUG - Iter 2: ELBO after FB: -28782.6336 (LL -19112.5798, Δ=0.0000)
2025-09-23 18:34:47,651 - __main__ - DEBUG - Blending stats with ρ_niw=0.0500, ρ_tr=0.0500.
2025-09-23 18:34:47,700 - __main__ - DEBUG - Iter 2: ELBO after NIW update: -28782.6336 (Emit LL -18605.5554, NIW term -9630.4521, Δ=0.0000)
2025-09-23 18:34:47,749 - __main__ - DEBUG - Iter 2: ELBO after Dirichlet update: -28782.8187 (Trans LL -6.8120, Dir term -23.9860, Δ=-0.1851)
2025-09-23 18:34:47,818 - __main__ - DEBUG - Iter 2: ELBO after β update: -28783.3221 (Init LL -500.6007, Dir term -24.0770, logp(β) -15.8252, Δ=-0.5033)
2025-09-23 18:34:52,866 - __main__ - DEBUG - Iter 3: ELBO after FB: -28783.3221 (LL -19112.9677, Δ=0.0000)
2025-09-23 18:34:52,867 - __main__ - DEBUG - Blending stats with ρ_niw=0.0500, ρ_tr=0.0500.
2025-09-23 18:34:52,917 - __main__ - DEBUG - Iter 3: ELBO after NIW update: -28783.3221 (Emit LL -18605.5554, NIW term -9630.4521, Δ=0.0000)
2025-09-23 18:34:52,968 - __main__ - DEBUG - Iter 3: ELBO after Dirichlet update: -28783.6228 (Trans LL -6.7939, Dir term -24.3958, Δ=-0.3008)
2025-09-23 18:34:53,037 - __main__ - DEBUG - Iter 3: ELBO after β update: -28783.9870 (Init LL -500.8613, Dir term -24.5015, logp(β) -15.8232, Δ=-0.3642)
2025-09-23 18:34:58,097 - __main__ - DEBUG - Iter 4: ELBO after FB: -28783.9870 (LL -19113.2102, Δ=0.0000)
2025-09-23 18:34:58,098 - __main__ - DEBUG - Blending stats with ρ_niw=0.0500, ρ_tr=0.0500.
2025-09-23 18:34:58,149 - __main__ - DEBUG - Iter 4: ELBO after NIW update: -28783.9870 (Emit LL -18605.5554, NIW term -9630.4521, Δ=0.0000)
2025-09-23 18:34:58,199 - __main__ - DEBUG - Iter 4: ELBO after Dirichlet update: -28784.3850 (Trans LL -6.7831, Dir term -24.9104, Δ=-0.3980)
2025-09-23 18:34:58,270 - __main__ - DEBUG - Iter 4: ELBO after β update: -28784.5351 (Init LL -500.9140, Dir term -25.0147, logp(β) -15.8162, Δ=-0.1501)
2025-09-23 18:34:58,272 - __main__ - INFO -    HMM refresh complete: ELBO=-17.9050, iters=0, max iters, states=40
2025-09-23 18:34:58,272 - __main__ - INFO -    ✅ HMM updated (next in 7,372 steps)
2025-09-23 18:34:58,272 - __main__ - INFO - 🔄 VAE refresh starting at step 11,264 with replay size 8x768
2025-09-23 18:34:58,273 - __main__ - INFO -    Using span sampling (6144 timesteps, too large for full buffer)
2025-09-23 18:35:23,741 - __main__ - INFO -    VAE refresh complete: final_loss=2847.6863, avg_loss=2857.3055, steps=4/4, trend=improving, total_timesteps=6144, span_sampling=32_requested×4_steps, span_len=64
2025-09-23 18:35:23,743 - __main__ - INFO -    ✅ VAE updated (next in 7,372 steps)
2025-09-23 18:35:26,093 - __main__ - INFO - 📊 Episodes completed this rollout: 8
2025-09-23 18:35:26,093 - __main__ - INFO - 📈 Episode stats: avg return = 0.05, avg length = 201.9
2025-09-23 18:35:26,093 - __main__ - INFO - 🎯 Top 3 training actions: #0(2349), #3(2058), #5(1798)
2025-09-23 18:35:30,073 - __main__ - INFO - 📊 Episodes completed this rollout: 2
2025-09-23 18:35:30,073 - __main__ - INFO - 📈 Episode stats: avg return = 0.62, avg length = 199.0
2025-09-23 18:35:30,073 - __main__ - INFO - 🎯 Top 3 training actions: #0(2622), #3(2361), #5(1947)
2025-09-23 18:35:34,006 - __main__ - INFO - 📊 Episodes completed this rollout: 3
2025-09-23 18:35:34,006 - __main__ - INFO - 📈 Episode stats: avg return = -0.45, avg length = 271.7
2025-09-23 18:35:34,006 - __main__ - INFO - 🎯 Top 3 training actions: #0(2865), #3(2620), #5(2121)
2025-09-23 18:35:37,971 - __main__ - INFO - 📊 Episodes completed this rollout: 4
2025-09-23 18:35:37,971 - __main__ - INFO - 📈 Episode stats: avg return = -0.66, avg length = 300.0
2025-09-23 18:35:37,971 - __main__ - INFO - 🎯 Top 3 training actions: #0(3094), #3(2819), #5(2346)
2025-09-23 18:35:41,944 - __main__ - INFO - 📊 Episodes completed this rollout: 5
2025-09-23 18:35:41,944 - __main__ - INFO - 📈 Episode stats: avg return = -0.26, avg length = 282.2
2025-09-23 18:35:41,944 - __main__ - INFO - 🎯 Top 3 training actions: #0(3301), #3(3005), #5(2620)
2025-09-23 18:35:45,964 - __main__ - INFO - 📊 Episodes completed this rollout: 8
2025-09-23 18:35:45,964 - __main__ - INFO - 📈 Episode stats: avg return = 0.45, avg length = 140.0
2025-09-23 18:35:45,965 - __main__ - INFO - 🎯 Top 3 training actions: #0(3473), #3(3265), #5(2907)
2025-09-23 18:35:49,885 - __main__ - INFO - 📊 Episodes completed this rollout: 3
2025-09-23 18:35:49,885 - __main__ - INFO - 📈 Episode stats: avg return = 0.38, avg length = 211.0
2025-09-23 18:35:49,885 - __main__ - INFO - 🎯 Top 3 training actions: #0(3600), #3(3553), #5(3138)
2025-09-23 18:35:53,823 - __main__ - INFO - 📊 Episodes completed this rollout: 5
2025-09-23 18:35:53,823 - __main__ - INFO - 📈 Episode stats: avg return = 0.43, avg length = 186.6
2025-09-23 18:35:53,823 - __main__ - INFO - 🎯 Top 3 training actions: #3(3865), #0(3747), #5(3296)
2025-09-23 18:35:55,488 - __main__ - INFO - 🔄 Synchronized model update at step 19,456
2025-09-23 18:35:55,488 - __main__ - INFO -    HMM interval: 7,372, VAE interval: 7,372
2025-09-23 18:35:55,489 - __main__ - INFO - 🚫 Model training masking: 992/8192 timesteps masked (12.1%) due to negative rewards (invalid actions)
2025-09-23 18:35:55,737 - __main__ - INFO - 🔄 Capping HMM batch size from 535 to 128 to prevent OOM
2025-09-23 18:35:55,737 - __main__ - INFO - 🔄 HMM refresh starting at step 19,456 with replay size 128x128
2025-09-23 18:36:03,286 - __main__ - DEBUG - Initial ELBO: -32360.8661
2025-09-23 18:36:03,287 - __main__ - DEBUG - Relative tol: 0.0100
2025-09-23 18:36:03,287 - __main__ - DEBUG - Relative elbo_drop_tol: 0.0100
2025-09-23 18:36:03,287 - __main__ - DEBUG - - Init -499.7035
2025-09-23 18:36:03,287 - __main__ - DEBUG - - Trans -8.5033
2025-09-23 18:36:03,287 - __main__ - DEBUG - - Emit -22182.8097
2025-09-23 18:36:03,287 - __main__ - DEBUG - - Entropy 0.0007
2025-09-23 18:36:03,287 - __main__ - DEBUG - - Dir -23.5854
2025-09-23 18:36:03,287 - __main__ - DEBUG - - NIW -9630.4521
2025-09-23 18:36:03,287 - __main__ - DEBUG - - Beta prior -15.8128
2025-09-23 18:36:10,950 - __main__ - DEBUG - Iter 0: ELBO after FB: -32360.8661 (LL -22691.0158, Δ=0.0000)
2025-09-23 18:36:10,951 - __main__ - DEBUG - Blending stats with ρ_niw=0.0500, ρ_tr=0.0500.
2025-09-23 18:36:11,001 - __main__ - DEBUG - Iter 0: ELBO after NIW update: -29007.3986 (Emit LL -18609.1644, NIW term -9850.6299, Δ=3353.4675)
2025-09-23 18:36:11,051 - __main__ - DEBUG - Iter 0: ELBO after Dirichlet update: -29007.2720 (Trans LL -8.2013, Dir term -23.7608, Δ=0.1266)
2025-09-23 18:36:11,120 - __main__ - DEBUG - Iter 0: ELBO after β update: -29008.0434 (Init LL -500.4290, Dir term -23.7972, logp(β) -15.8224, Δ=-0.7715)
2025-09-23 18:36:18,920 - __main__ - DEBUG - Iter 1: ELBO after FB: -29008.0434 (LL -19117.7940, Δ=0.0000)
2025-09-23 18:36:18,921 - __main__ - DEBUG - Blending stats with ρ_niw=0.0500, ρ_tr=0.0500.
2025-09-23 18:36:18,971 - __main__ - DEBUG - Iter 1: ELBO after NIW update: -29008.0434 (Emit LL -18609.1644, NIW term -9850.6299, Δ=0.0000)
2025-09-23 18:36:19,020 - __main__ - DEBUG - Iter 1: ELBO after Dirichlet update: -29008.0993 (Trans LL -8.1625, Dir term -23.8918, Δ=-0.0558)
2025-09-23 18:36:19,092 - __main__ - DEBUG - Iter 1: ELBO after β update: -29008.6837 (Init LL -500.9178, Dir term -23.9777, logp(β) -15.8322, Δ=-0.5844)
2025-09-23 18:36:27,030 - __main__ - DEBUG - Iter 2: ELBO after FB: -29008.6837 (LL -19118.2439, Δ=0.0000)
2025-09-23 18:36:27,031 - __main__ - DEBUG - Blending stats with ρ_niw=0.0500, ρ_tr=0.0500.
2025-09-23 18:36:27,081 - __main__ - DEBUG - Iter 2: ELBO after NIW update: -29008.6837 (Emit LL -18609.1644, NIW term -9850.6299, Δ=0.0000)
2025-09-23 18:36:27,130 - __main__ - DEBUG - Iter 2: ELBO after Dirichlet update: -29008.8576 (Trans LL -8.1371, Dir term -24.1769, Δ=-0.1739)
2025-09-23 18:36:27,201 - __main__ - DEBUG - Iter 2: ELBO after β update: -29009.3560 (Init LL -501.3279, Dir term -24.2626, logp(β) -15.8347, Δ=-0.4983)
2025-09-23 18:36:34,701 - __main__ - DEBUG - Iter 3: ELBO after FB: -29009.3560 (LL -19118.6287, Δ=0.0000)
2025-09-23 18:36:34,702 - __main__ - DEBUG - Blending stats with ρ_niw=0.0500, ρ_tr=0.0500.
2025-09-23 18:36:34,752 - __main__ - DEBUG - Iter 3: ELBO after NIW update: -29009.3560 (Emit LL -18609.1644, NIW term -9850.6299, Δ=0.0000)
2025-09-23 18:36:34,801 - __main__ - DEBUG - Iter 3: ELBO after Dirichlet update: -29009.6568 (Trans LL -8.1155, Dir term -24.5851, Δ=-0.3008)
2025-09-23 18:36:34,873 - __main__ - DEBUG - Iter 3: ELBO after β update: -29009.9795 (Init LL -501.5451, Dir term -24.6939, logp(β) -15.8313, Δ=-0.3227)
2025-09-23 18:36:42,556 - __main__ - DEBUG - Iter 4: ELBO after FB: -29009.9795 (LL -19118.8243, Δ=0.0000)
2025-09-23 18:36:42,557 - __main__ - DEBUG - Blending stats with ρ_niw=0.0500, ρ_tr=0.0500.
2025-09-23 18:36:42,607 - __main__ - DEBUG - Iter 4: ELBO after NIW update: -29009.9795 (Emit LL -18609.1644, NIW term -9850.6299, Δ=0.0000)
2025-09-23 18:36:42,656 - __main__ - DEBUG - Iter 4: ELBO after Dirichlet update: -29010.3622 (Trans LL -8.1051, Dir term -25.0871, Δ=-0.3828)
2025-09-23 18:36:42,711 - __main__ - DEBUG - Iter 4: ELBO after β update: -29010.2512 (Init LL -501.4306, Dir term -25.0922, logp(β) -15.8298, Δ=0.1110)
2025-09-23 18:36:42,713 - __main__ - INFO -    HMM refresh complete: ELBO=-259.0683, iters=0, max iters, states=40
2025-09-23 18:36:42,713 - __main__ - INFO -    ✅ HMM updated (next in 8,846 steps)
2025-09-23 18:36:42,713 - __main__ - INFO - 🔄 VAE refresh starting at step 19,456 with replay size 8x1024
2025-09-23 18:36:42,714 - __main__ - INFO -    Using span sampling (8192 timesteps, too large for full buffer)
2025-09-23 18:37:08,392 - __main__ - INFO -    VAE refresh complete: final_loss=2834.8484, avg_loss=2838.3878, steps=4/4, trend=improving, total_timesteps=8192, span_sampling=32_requested×4_steps, span_len=64
2025-09-23 18:37:08,394 - __main__ - INFO -    ✅ VAE updated (next in 8,846 steps)
2025-09-23 18:37:10,679 - __main__ - INFO - 📊 Episodes completed this rollout: 4
2025-09-23 18:37:10,680 - __main__ - INFO - 📈 Episode stats: avg return = -0.15, avg length = 281.8
2025-09-23 18:37:10,680 - __main__ - INFO - 🎯 Top 3 training actions: #3(4300), #0(3861), #5(3460)
2025-09-23 18:37:12,318 - __main__ - INFO - 🧪 Starting evaluation with 50 episodes...
2025-09-23 18:37:12,318 - __main__ - INFO -    Eval seed: 51
2025-09-23 18:37:12,318 - __main__ - INFO -    Max episode steps (eval): env default
2025-09-23 18:37:12,319 - nle.env.base - INFO - Not saving any NLE data.
2025-09-23 18:37:13,403 - __main__ - DEBUG - 🎯 Eval HMM masking: step 100 masked due to negative reward
2025-09-23 18:37:13,926 - __main__ - DEBUG - 🎯 Eval HMM masking: step 150 masked due to negative reward
2025-09-23 18:37:14,486 - __main__ - DEBUG - 🎯 Eval HMM masking: step 200 masked due to negative reward
2025-09-23 18:37:15,584 - __main__ - WARNING - ⚠️ Episode 1 terminated due to step limit.
2025-09-23 18:37:21,441 - __main__ - DEBUG - 🎯 Eval HMM masking: step 200 masked due to negative reward
2025-09-23 18:37:22,556 - __main__ - WARNING - ⚠️ Episode 4 terminated due to step limit.
2025-09-23 18:37:25,438 - __main__ - DEBUG - 🎯 Eval HMM masking: step 250 masked due to negative reward
2025-09-23 18:37:25,996 - __main__ - WARNING - ⚠️ Episode 5 terminated due to step limit.
2025-09-23 18:37:27,295 - __main__ - DEBUG - 🎯 Eval HMM masking: step 100 masked due to negative reward
2025-09-23 18:37:28,976 - __main__ - DEBUG - 🎯 Eval HMM masking: step 250 masked due to negative reward
2025-09-23 18:37:29,533 - __main__ - WARNING - ⚠️ Episode 6 terminated due to step limit.
2025-09-23 18:37:30,243 - __main__ - DEBUG - 🎯 Eval HMM masking: step 50 masked due to negative reward
2025-09-23 18:37:31,299 - __main__ - DEBUG - 🎯 Eval HMM masking: step 150 masked due to negative reward
2025-09-23 18:37:31,860 - __main__ - DEBUG - 🎯 Eval HMM masking: step 200 masked due to negative reward
2025-09-23 18:37:32,979 - __main__ - WARNING - ⚠️ Episode 7 terminated due to step limit.
2025-09-23 18:37:35,381 - __main__ - DEBUG - 🎯 Eval HMM masking: step 200 masked due to negative reward
2025-09-23 18:37:36,496 - __main__ - WARNING - ⚠️ Episode 8 terminated due to step limit.
2025-09-23 18:37:38,258 - __main__ - DEBUG - 🎯 Eval HMM masking: step 150 masked due to negative reward
2025-09-23 18:37:42,592 - __main__ - WARNING - ⚠️ Episode 10 terminated due to step limit.
2025-09-23 18:37:44,339 - __main__ - DEBUG - 🎯 Eval HMM masking: step 150 masked due to negative reward
2025-09-23 18:37:44,867 - __main__ - DEBUG - 🎯 Eval HMM masking: step 200 masked due to negative reward
2025-09-23 18:37:45,396 - __main__ - DEBUG - 🎯 Eval HMM masking: step 250 masked due to negative reward
2025-09-23 18:37:45,918 - __main__ - WARNING - ⚠️ Episode 11 terminated due to step limit.
2025-09-23 18:37:47,177 - __main__ - DEBUG - 🎯 Eval HMM masking: step 100 masked due to negative reward
2025-09-23 18:37:49,448 - __main__ - WARNING - ⚠️ Episode 12 terminated due to step limit.
2025-09-23 18:37:51,213 - __main__ - DEBUG - 🎯 Eval HMM masking: step 150 masked due to negative reward
2025-09-23 18:37:52,787 - __main__ - WARNING - ⚠️ Episode 13 terminated due to step limit.
2025-09-23 18:37:56,118 - __main__ - WARNING - ⚠️ Episode 14 terminated due to step limit.
2025-09-23 18:37:59,486 - __main__ - WARNING - ⚠️ Episode 15 terminated due to step limit.
2025-09-23 18:38:01,944 - __main__ - DEBUG - 🎯 Eval HMM masking: step 200 masked due to negative reward
2025-09-23 18:38:03,068 - __main__ - WARNING - ⚠️ Episode 16 terminated due to step limit.
2025-09-23 18:38:04,943 - __main__ - DEBUG - 🎯 Eval HMM masking: step 150 masked due to negative reward
2025-09-23 18:38:05,507 - __main__ - DEBUG - 🎯 Eval HMM masking: step 200 masked due to negative reward
2025-09-23 18:38:06,634 - __main__ - WARNING - ⚠️ Episode 17 terminated due to step limit.
2025-09-23 18:38:09,586 - __main__ - DEBUG - 🎯 Eval HMM masking: step 250 masked due to negative reward
2025-09-23 18:38:10,136 - __main__ - WARNING - ⚠️ Episode 18 terminated due to step limit.
2025-09-23 18:38:13,643 - __main__ - WARNING - ⚠️ Episode 19 terminated due to step limit.
2025-09-23 18:38:14,919 - __main__ - DEBUG - 🎯 Eval HMM masking: step 100 masked due to negative reward
2025-09-23 18:38:15,996 - __main__ - DEBUG - 🎯 Eval HMM masking: step 200 masked due to negative reward
2025-09-23 18:38:17,115 - __main__ - WARNING - ⚠️ Episode 20 terminated due to step limit.
2025-09-23 18:38:20,658 - __main__ - WARNING - ⚠️ Episode 21 terminated due to step limit.
2025-09-23 18:38:23,013 - __main__ - DEBUG - 🎯 Eval HMM masking: step 150 masked due to negative reward
2025-09-23 18:38:24,590 - __main__ - WARNING - ⚠️ Episode 23 terminated due to step limit.
2025-09-23 18:38:28,070 - __main__ - WARNING - ⚠️ Episode 24 terminated due to step limit.
2025-09-23 18:38:31,407 - __main__ - WARNING - ⚠️ Episode 25 terminated due to step limit.
2025-09-23 18:38:32,105 - __main__ - DEBUG - 🎯 Eval HMM masking: step 50 masked due to negative reward
2025-09-23 18:38:33,177 - __main__ - DEBUG - 🎯 Eval HMM masking: step 150 masked due to negative reward
2025-09-23 18:38:34,837 - __main__ - WARNING - ⚠️ Episode 26 terminated due to step limit.
2025-09-23 18:38:35,555 - __main__ - DEBUG - 🎯 Eval HMM masking: step 50 masked due to negative reward
2025-09-23 18:38:37,775 - __main__ - DEBUG - 🎯 Eval HMM masking: step 250 masked due to negative reward
2025-09-23 18:38:38,295 - __main__ - WARNING - ⚠️ Episode 27 terminated due to step limit.
2025-09-23 18:38:39,021 - __main__ - DEBUG - 🎯 Eval HMM masking: step 50 masked due to negative reward
2025-09-23 18:38:41,661 - __main__ - WARNING - ⚠️ Episode 29 terminated due to step limit.
2025-09-23 18:38:42,358 - __main__ - DEBUG - 🎯 Eval HMM masking: step 50 masked due to negative reward
2025-09-23 18:38:45,723 - __main__ - DEBUG - 🎯 Eval HMM masking: step 100 masked due to negative reward
2025-09-23 18:38:46,255 - __main__ - DEBUG - 🎯 Eval HMM masking: step 150 masked due to negative reward
2025-09-23 18:38:47,832 - __main__ - WARNING - ⚠️ Episode 31 terminated due to step limit.
2025-09-23 18:38:51,164 - __main__ - WARNING - ⚠️ Episode 32 terminated due to step limit.
2025-09-23 18:38:51,899 - __main__ - DEBUG - 🎯 Eval HMM masking: step 50 masked due to negative reward
2025-09-23 18:38:53,492 - __main__ - DEBUG - 🎯 Eval HMM masking: step 200 masked due to negative reward
2025-09-23 18:38:54,540 - __main__ - WARNING - ⚠️ Episode 33 terminated due to step limit.
2025-09-23 18:38:56,829 - __main__ - DEBUG - 🎯 Eval HMM masking: step 200 masked due to negative reward
2025-09-23 18:38:57,876 - __main__ - WARNING - ⚠️ Episode 34 terminated due to step limit.
2025-09-23 18:39:01,219 - __main__ - WARNING - ⚠️ Episode 35 terminated due to step limit.
2025-09-23 18:39:03,578 - __main__ - DEBUG - 🎯 Eval HMM masking: step 200 masked due to negative reward
2025-09-23 18:39:04,687 - __main__ - WARNING - ⚠️ Episode 36 terminated due to step limit.
2025-09-23 18:39:07,233 - __main__ - DEBUG - 🎯 Eval HMM masking: step 150 masked due to negative reward
2025-09-23 18:39:08,812 - __main__ - WARNING - ⚠️ Episode 38 terminated due to step limit.
2025-09-23 18:39:10,043 - __main__ - DEBUG - 🎯 Eval HMM masking: step 100 masked due to negative reward
2025-09-23 18:39:12,261 - __main__ - WARNING - ⚠️ Episode 39 terminated due to step limit.
2025-09-23 18:39:13,499 - __main__ - DEBUG - 🎯 Eval HMM masking: step 100 masked due to negative reward
2025-09-23 18:39:15,605 - __main__ - WARNING - ⚠️ Episode 40 terminated due to step limit.
2025-09-23 18:39:17,367 - __main__ - DEBUG - 🎯 Eval HMM masking: step 150 masked due to negative reward
2025-09-23 18:39:18,970 - __main__ - WARNING - ⚠️ Episode 41 terminated due to step limit.
2025-09-23 18:39:22,301 - __main__ - WARNING - ⚠️ Episode 42 terminated due to step limit.
2025-09-23 18:39:23,013 - __main__ - DEBUG - 🎯 Eval HMM masking: step 50 masked due to negative reward
2025-09-23 18:39:29,439 - __main__ - DEBUG - 🎯 Eval HMM masking: step 200 masked due to negative reward
2025-09-23 18:39:30,495 - __main__ - WARNING - ⚠️ Episode 45 terminated due to step limit.
2025-09-23 18:39:31,188 - __main__ - DEBUG - 🎯 Eval HMM masking: step 50 masked due to negative reward
2025-09-23 18:39:33,820 - __main__ - WARNING - ⚠️ Episode 46 terminated due to step limit.
2025-09-23 18:39:35,042 - __main__ - DEBUG - 🎯 Eval HMM masking: step 100 masked due to negative reward
2025-09-23 18:39:37,146 - __main__ - WARNING - ⚠️ Episode 47 terminated due to step limit.
2025-09-23 18:39:40,314 - __main__ - DEBUG - 🎯 Eval HMM masking: step 100 masked due to negative reward
2025-09-23 18:39:42,425 - __main__ - WARNING - ⚠️ Episode 49 terminated due to step limit.
2025-09-23 18:39:45,747 - __main__ - WARNING - ⚠️ Episode 50 terminated due to step limit.
2025-09-23 18:39:45,914 - __main__ - INFO - 📊 Evaluation Results (Current Round):
2025-09-23 18:39:45,914 - __main__ - INFO -    Episodes: 50
2025-09-23 18:39:45,914 - __main__ - INFO -    Time: 153.6s (3.1s/ep)
2025-09-23 18:39:45,914 - __main__ - INFO -    Average Return: -0.396 ± 0.561
2025-09-23 18:39:45,915 - __main__ - INFO -    Success Rate: 20.0%
2025-09-23 18:39:45,915 - __main__ - INFO -    Average Length: 270.4
2025-09-23 18:39:45,915 - __main__ - INFO -    Average Coverage: 64.4 positions
2025-09-23 18:39:45,915 - __main__ - INFO -    Episode Completions: 10 terminated (20.0%), 40 truncated (80.0%)
2025-09-23 18:39:45,915 - __main__ - INFO - 📈 Total Evaluation Statistics:
2025-09-23 18:39:45,915 - __main__ - INFO -    Total Episodes: 100
2025-09-23 18:39:45,915 - __main__ - INFO -    Total Average Return: -0.334 ± 0.586
2025-09-23 18:39:45,915 - __main__ - INFO -    Total Average Length: 263.5 ± 79.6
2025-09-23 18:39:45,915 - __main__ - INFO -    Total Completions: 21 terminated (21.0%), 79 truncated (79.0%)
2025-09-23 18:39:45,915 - __main__ - INFO -    Skill Entropy: 0.002
2025-09-23 18:39:45,916 - __main__ - INFO -    Used Skills: 1.0
2025-09-23 18:39:45,916 - __main__ - INFO -    Effective K: 1.00
2025-09-23 18:39:45,916 - __main__ - INFO - 🎯 Action Usage Statistics:
2025-09-23 18:39:45,916 - __main__ - INFO -    Unique actions in evaluation: 8
2025-09-23 18:39:45,916 - __main__ - INFO -    Unique actions in training: 8
2025-09-23 18:39:45,916 - __main__ - INFO -    Total unique actions: 8
2025-09-23 18:39:45,916 - __main__ - INFO -    Action coverage: 6.6%
2025-09-23 18:39:45,916 - __main__ - INFO -    Train action count: 20480
2025-09-23 18:39:45,916 - __main__ - INFO -    Eval action count: 26346
2025-09-23 18:39:45,917 - __main__ - INFO -    Train action entropy: 1.998
2025-09-23 18:39:45,917 - __main__ - INFO -    Eval action entropy: 1.879
2025-09-23 18:39:45,917 - __main__ - INFO -    Top 3 train actions: #3(4300), #0(3861), #5(3460)
2025-09-23 18:39:45,917 - __main__ - INFO -    Top 3 eval actions: #3(7843), #5(5538), #0(4152)
2025-09-23 18:39:48,219 - __main__ - INFO - 📊 Episodes completed this rollout: 3
2025-09-23 18:39:48,219 - __main__ - INFO - 📈 Episode stats: avg return = -0.66, avg length = 300.0
2025-09-23 18:39:48,219 - __main__ - INFO - 🎯 Top 3 training actions: #3(4620), #0(3983), #5(3691)
2025-09-23 18:39:52,230 - __main__ - INFO - 📊 Episodes completed this rollout: 8
2025-09-23 18:39:52,231 - __main__ - INFO - 📈 Episode stats: avg return = 0.13, avg length = 183.9
2025-09-23 18:39:52,231 - __main__ - INFO - 🎯 Top 3 training actions: #3(4909), #0(4151), #5(3875)
2025-09-23 18:39:56,260 - __main__ - INFO - 📊 Episodes completed this rollout: 5
2025-09-23 18:39:56,260 - __main__ - INFO - 📈 Episode stats: avg return = 0.48, avg length = 178.8
2025-09-23 18:39:56,260 - __main__ - INFO - 🎯 Top 3 training actions: #3(5184), #0(4340), #5(4060)
2025-09-23 18:40:00,314 - __main__ - INFO - 📊 Episodes completed this rollout: 6
2025-09-23 18:40:00,314 - __main__ - INFO - 📈 Episode stats: avg return = 0.16, avg length = 219.0
2025-09-23 18:40:00,315 - __main__ - INFO - 🎯 Top 3 training actions: #3(5458), #0(4569), #5(4252)
2025-09-23 18:40:04,339 - __main__ - INFO - 📊 Episodes completed this rollout: 3
2025-09-23 18:40:04,339 - __main__ - INFO - 📈 Episode stats: avg return = 0.51, avg length = 116.3
2025-09-23 18:40:04,339 - __main__ - INFO - 🎯 Top 3 training actions: #3(5736), #0(4784), #5(4453)
2025-09-23 18:40:08,321 - __main__ - INFO - 📊 Episodes completed this rollout: 4
2025-09-23 18:40:08,321 - __main__ - INFO - 📈 Episode stats: avg return = -0.06, avg length = 266.5
2025-09-23 18:40:08,322 - __main__ - INFO - 🎯 Top 3 training actions: #3(6097), #0(4931), #5(4671)
2025-09-23 18:40:12,325 - __main__ - INFO - 📊 Episodes completed this rollout: 5
2025-09-23 18:40:12,326 - __main__ - INFO - 📈 Episode stats: avg return = -0.26, avg length = 259.2
2025-09-23 18:40:12,326 - __main__ - INFO - 🎯 Top 3 training actions: #3(6448), #0(5074), #5(4926)
2025-09-23 18:40:16,348 - __main__ - INFO - 📊 Episodes completed this rollout: 8
2025-09-23 18:40:16,348 - __main__ - INFO - 📈 Episode stats: avg return = 0.14, avg length = 164.1
2025-09-23 18:40:16,349 - __main__ - INFO - 🎯 Top 3 training actions: #3(6749), #0(5209), #5(5199)
2025-09-23 18:40:18,050 - __main__ - INFO - 🔄 Synchronized model update at step 28,672
2025-09-23 18:40:18,051 - __main__ - INFO -    HMM interval: 8,846, VAE interval: 8,846
2025-09-23 18:40:18,051 - __main__ - INFO - 🚫 Model training masking: 1989/9216 timesteps masked (21.6%) due to negative rewards (invalid actions)
2025-09-23 18:40:18,362 - __main__ - INFO - 🔄 Capping HMM batch size from 1230 to 128 to prevent OOM
2025-09-23 18:40:18,363 - __main__ - INFO - 🔄 HMM refresh starting at step 28,672 with replay size 128x54
2025-09-23 18:40:21,404 - __main__ - DEBUG - Initial ELBO: -19191.0475
2025-09-23 18:40:21,406 - __main__ - DEBUG - Relative tol: 0.0100
2025-09-23 18:40:21,406 - __main__ - DEBUG - Relative elbo_drop_tol: 0.0100
2025-09-23 18:40:21,407 - __main__ - DEBUG - - Init -500.4290
2025-09-23 18:40:21,407 - __main__ - DEBUG - - Trans -3.3613
2025-09-23 18:40:21,407 - __main__ - DEBUG - - Emit -8797.0081
2025-09-23 18:40:21,407 - __main__ - DEBUG - - Entropy 0.0003
2025-09-23 18:40:21,407 - __main__ - DEBUG - - Dir -23.7972
2025-09-23 18:40:21,407 - __main__ - DEBUG - - NIW -9850.6299
2025-09-23 18:40:21,407 - __main__ - DEBUG - - Beta prior -15.8224
2025-09-23 18:40:24,843 - __main__ - DEBUG - Iter 0: ELBO after FB: -19191.0475 (LL -9300.7980, Δ=0.0000)
2025-09-23 18:40:24,843 - __main__ - DEBUG - Blending stats with ρ_niw=0.0500, ρ_tr=0.0500.
2025-09-23 18:40:24,890 - __main__ - DEBUG - Iter 0: ELBO after NIW update: -17993.8124 (Emit LL -7608.4791, NIW term -9841.9238, Δ=1197.2351)
2025-09-23 18:40:24,937 - __main__ - DEBUG - Iter 0: ELBO after Dirichlet update: -17993.7587 (Trans LL -3.4148, Dir term -23.6900, Δ=0.0537)
2025-09-23 18:40:25,004 - __main__ - DEBUG - Iter 0: ELBO after β update: -17994.4981 (Init LL -501.1269, Dir term -23.7216, logp(β) -15.8323, Δ=-0.7394)
2025-09-23 18:40:28,689 - __main__ - DEBUG - Iter 1: ELBO after FB: -17994.4981 (LL -8113.0204, Δ=-0.0000)
2025-09-23 18:40:28,690 - __main__ - DEBUG - Blending stats with ρ_niw=0.0500, ρ_tr=0.0500.
2025-09-23 18:40:28,737 - __main__ - DEBUG - Iter 1: ELBO after NIW update: -17994.4981 (Emit LL -7608.4791, NIW term -9841.9238, Δ=0.0000)
2025-09-23 18:40:28,784 - __main__ - DEBUG - Iter 1: ELBO after Dirichlet update: -17994.5839 (Trans LL -3.3995, Dir term -23.8227, Δ=-0.0858)
2025-09-23 18:40:28,852 - __main__ - DEBUG - Iter 1: ELBO after β update: -17995.1578 (Init LL -501.6176, Dir term -23.8960, logp(β) -15.8422, Δ=-0.5740)
2025-09-23 18:40:32,539 - __main__ - DEBUG - Iter 2: ELBO after FB: -17995.1578 (LL -8113.4958, Δ=0.0000)
2025-09-23 18:40:32,540 - __main__ - DEBUG - Blending stats with ρ_niw=0.0500, ρ_tr=0.0500.
2025-09-23 18:40:32,587 - __main__ - DEBUG - Iter 2: ELBO after NIW update: -17995.1578 (Emit LL -7608.4791, NIW term -9841.9238, Δ=0.0000)
2025-09-23 18:40:32,634 - __main__ - DEBUG - Iter 2: ELBO after Dirichlet update: -17995.3401 (Trans LL -3.3891, Dir term -24.0887, Δ=-0.1823)
2025-09-23 18:40:32,702 - __main__ - DEBUG - Iter 2: ELBO after β update: -17995.8369 (Init LL -502.0307, Dir term -24.1701, logp(β) -15.8445, Δ=-0.4968)
2025-09-23 18:40:36,352 - __main__ - DEBUG - Iter 3: ELBO after FB: -17995.8369 (LL -8113.8985, Δ=0.0000)
2025-09-23 18:40:36,353 - __main__ - DEBUG - Blending stats with ρ_niw=0.0500, ρ_tr=0.0500.
2025-09-23 18:40:36,400 - __main__ - DEBUG - Iter 3: ELBO after NIW update: -17995.8369 (Emit LL -7608.4791, NIW term -9841.9238, Δ=0.0000)
2025-09-23 18:40:36,448 - __main__ - DEBUG - Iter 3: ELBO after Dirichlet update: -17996.1628 (Trans LL -3.3799, Dir term -24.5051, Δ=-0.3258)
2025-09-23 18:40:36,516 - __main__ - DEBUG - Iter 3: ELBO after β update: -17996.4254 (Init LL -502.1945, Dir term -24.6092, logp(β) -15.8393, Δ=-0.2626)
2025-09-23 18:40:39,921 - __main__ - DEBUG - Iter 4: ELBO after FB: -17996.4254 (LL -8114.0531, Δ=0.0000)
2025-09-23 18:40:39,922 - __main__ - DEBUG - Blending stats with ρ_niw=0.0500, ρ_tr=0.0500.
2025-09-23 18:40:39,969 - __main__ - DEBUG - Iter 4: ELBO after NIW update: -17996.4254 (Emit LL -7608.4791, NIW term -9841.9238, Δ=0.0000)
2025-09-23 18:40:40,016 - __main__ - DEBUG - Iter 4: ELBO after Dirichlet update: -17996.8175 (Trans LL -3.3765, Dir term -25.0047, Δ=-0.3921)
2025-09-23 18:40:40,080 - __main__ - DEBUG - Iter 4: ELBO after β update: -17996.9561 (Init LL -502.2536, Dir term -25.0893, logp(β) -15.8341, Δ=-0.1386)
2025-09-23 18:40:40,082 - __main__ - INFO -    HMM refresh complete: ELBO=-65.7485, iters=0, max iters, states=40
2025-09-23 18:40:40,082 - __main__ - INFO -    ✅ HMM updated (next in 10,615 steps)
2025-09-23 18:40:40,082 - __main__ - INFO - 🔄 VAE refresh starting at step 28,672 with replay size 8x1152
2025-09-23 18:40:40,083 - __main__ - INFO -    Using span sampling (9216 timesteps, too large for full buffer)
2025-09-23 18:41:03,444 - __main__ - INFO -    VAE refresh complete: final_loss=2817.9424, avg_loss=2824.3812, steps=4/4, trend=improving, total_timesteps=9216, span_sampling=32_requested×4_steps, span_len=64
2025-09-23 18:41:03,446 - __main__ - INFO -    ✅ VAE updated (next in 10,615 steps)
2025-09-23 18:41:05,870 - __main__ - INFO - 📊 Episodes completed this rollout: 1
2025-09-23 18:41:05,871 - __main__ - INFO - 📈 Episode stats: avg return = -0.83, avg length = 300.0
2025-09-23 18:41:05,871 - __main__ - INFO - 🎯 Top 3 training actions: #3(7000), #5(5490), #0(5369)
2025-09-23 18:41:10,093 - __main__ - INFO - 📊 Episodes completed this rollout: 5
2025-09-23 18:41:10,094 - __main__ - INFO - 📈 Episode stats: avg return = -0.24, avg length = 298.6
2025-09-23 18:41:10,094 - __main__ - INFO - 🎯 Top 3 training actions: #3(7205), #5(5717), #0(5551)
2025-09-23 18:41:11,796 - __main__ - INFO - 🧪 Starting evaluation with 50 episodes...
2025-09-23 18:41:11,796 - __main__ - INFO -    Eval seed: 51
2025-09-23 18:41:11,796 - __main__ - INFO -    Max episode steps (eval): env default
2025-09-23 18:41:11,797 - nle.env.base - INFO - Not saving any NLE data.
2025-09-23 18:41:13,471 - __main__ - DEBUG - 🎯 Eval HMM masking: step 150 masked due to negative reward
2025-09-23 18:41:15,165 - __main__ - WARNING - ⚠️ Episode 1 terminated due to step limit.
2025-09-23 18:41:19,278 - __main__ - WARNING - ⚠️ Episode 3 terminated due to step limit.
2025-09-23 18:41:25,961 - __main__ - WARNING - ⚠️ Episode 5 terminated due to step limit.
2025-09-23 18:41:28,285 - __main__ - DEBUG - 🎯 Eval HMM masking: step 200 masked due to negative reward
2025-09-23 18:41:29,432 - __main__ - WARNING - ⚠️ Episode 6 terminated due to step limit.
2025-09-23 18:41:32,770 - __main__ - WARNING - ⚠️ Episode 7 terminated due to step limit.
2025-09-23 18:41:34,000 - __main__ - DEBUG - 🎯 Eval HMM masking: step 100 masked due to negative reward
2025-09-23 18:41:34,531 - __main__ - DEBUG - 🎯 Eval HMM masking: step 150 masked due to negative reward
2025-09-23 18:41:36,113 - __main__ - WARNING - ⚠️ Episode 8 terminated due to step limit.
2025-09-23 18:41:41,336 - __main__ - WARNING - ⚠️ Episode 11 terminated due to step limit.
2025-09-23 18:41:44,658 - __main__ - WARNING - ⚠️ Episode 12 terminated due to step limit.
2025-09-23 18:41:47,997 - __main__ - WARNING - ⚠️ Episode 13 terminated due to step limit.
2025-09-23 18:41:48,723 - __main__ - DEBUG - 🎯 Eval HMM masking: step 50 masked due to negative reward
2025-09-23 18:41:51,367 - __main__ - WARNING - ⚠️ Episode 14 terminated due to step limit.
2025-09-23 18:41:59,652 - __main__ - WARNING - ⚠️ Episode 18 terminated due to step limit.
2025-09-23 18:42:03,939 - __main__ - DEBUG - 🎯 Eval HMM masking: step 200 masked due to negative reward
2025-09-23 18:42:05,055 - __main__ - WARNING - ⚠️ Episode 20 terminated due to step limit.
2025-09-23 18:42:10,238 - __main__ - WARNING - ⚠️ Episode 22 terminated due to step limit.
2025-09-23 18:42:14,536 - __main__ - WARNING - ⚠️ Episode 24 terminated due to step limit.
2025-09-23 18:42:18,572 - __main__ - WARNING - ⚠️ Episode 26 terminated due to step limit.
2025-09-23 18:42:23,673 - __main__ - WARNING - ⚠️ Episode 28 terminated due to step limit.
2025-09-23 18:42:30,880 - __main__ - DEBUG - 🎯 Eval HMM masking: step 150 masked due to negative reward
2025-09-23 18:42:32,590 - __main__ - WARNING - ⚠️ Episode 33 terminated due to step limit.
2025-09-23 18:42:33,326 - __main__ - DEBUG - 🎯 Eval HMM masking: step 50 masked due to negative reward
2025-09-23 18:42:36,040 - __main__ - WARNING - ⚠️ Episode 34 terminated due to step limit.
2025-09-23 18:42:36,749 - __main__ - DEBUG - 🎯 Eval HMM masking: step 50 masked due to negative reward
2025-09-23 18:42:39,454 - __main__ - WARNING - ⚠️ Episode 35 terminated due to step limit.
2025-09-23 18:42:42,965 - __main__ - WARNING - ⚠️ Episode 36 terminated due to step limit.
2025-09-23 18:42:46,527 - __main__ - WARNING - ⚠️ Episode 37 terminated due to step limit.
2025-09-23 18:42:47,237 - __main__ - DEBUG - 🎯 Eval HMM masking: step 50 masked due to negative reward
2025-09-23 18:42:49,907 - __main__ - WARNING - ⚠️ Episode 38 terminated due to step limit.
2025-09-23 18:42:51,983 - __main__ - DEBUG - 🎯 Eval HMM masking: step 150 masked due to negative reward
2025-09-23 18:42:53,031 - __main__ - DEBUG - 🎯 Eval HMM masking: step 250 masked due to negative reward
2025-09-23 18:42:53,569 - __main__ - WARNING - ⚠️ Episode 40 terminated due to step limit.
2025-09-23 18:42:56,891 - __main__ - WARNING - ⚠️ Episode 41 terminated due to step limit.
2025-09-23 18:42:57,588 - __main__ - DEBUG - 🎯 Eval HMM masking: step 50 masked due to negative reward
2025-09-23 18:43:00,301 - __main__ - WARNING - ⚠️ Episode 42 terminated due to step limit.
2025-09-23 18:43:01,502 - __main__ - DEBUG - 🎯 Eval HMM masking: step 50 masked due to negative reward
2025-09-23 18:43:02,628 - __main__ - DEBUG - 🎯 Eval HMM masking: step 150 masked due to negative reward
2025-09-23 18:43:04,297 - __main__ - WARNING - ⚠️ Episode 44 terminated due to step limit.
2025-09-23 18:43:05,001 - __main__ - DEBUG - 🎯 Eval HMM masking: step 50 masked due to negative reward
2025-09-23 18:43:07,671 - __main__ - WARNING - ⚠️ Episode 45 terminated due to step limit.
2025-09-23 18:43:12,791 - __main__ - DEBUG - 🎯 Eval HMM masking: step 50 masked due to negative reward
2025-09-23 18:43:14,383 - __main__ - DEBUG - 🎯 Eval HMM masking: step 200 masked due to negative reward
2025-09-23 18:43:15,435 - __main__ - WARNING - ⚠️ Episode 50 terminated due to step limit.
2025-09-23 18:43:15,594 - __main__ - INFO - 📊 Evaluation Results (Current Round):
2025-09-23 18:43:15,594 - __main__ - INFO -    Episodes: 50
2025-09-23 18:43:15,594 - __main__ - INFO -    Time: 123.8s (2.5s/ep)
2025-09-23 18:43:15,594 - __main__ - INFO -    Average Return: 0.189 ± 0.629
2025-09-23 18:43:15,594 - __main__ - INFO -    Success Rate: 44.0%
2025-09-23 18:43:15,594 - __main__ - INFO -    Average Length: 217.5
2025-09-23 18:43:15,594 - __main__ - INFO -    Average Coverage: 74.5 positions
2025-09-23 18:43:15,594 - __main__ - INFO -    Episode Completions: 22 terminated (44.0%), 28 truncated (56.0%)
2025-09-23 18:43:15,594 - __main__ - INFO - 📈 Total Evaluation Statistics:
2025-09-23 18:43:15,594 - __main__ - INFO -    Total Episodes: 150
2025-09-23 18:43:15,594 - __main__ - INFO -    Total Average Return: -0.159 ± 0.650
2025-09-23 18:43:15,595 - __main__ - INFO -    Total Average Length: 248.1 ± 93.4
2025-09-23 18:43:15,595 - __main__ - INFO -    Total Completions: 43 terminated (28.7%), 107 truncated (71.3%)
2025-09-23 18:43:15,595 - __main__ - INFO -    Skill Entropy: 0.001
2025-09-23 18:43:15,595 - __main__ - INFO -    Used Skills: 1.0
2025-09-23 18:43:15,595 - __main__ - INFO -    Effective K: 1.00
2025-09-23 18:43:15,595 - __main__ - INFO - 🎯 Action Usage Statistics:
2025-09-23 18:43:15,595 - __main__ - INFO -    Unique actions in evaluation: 8
2025-09-23 18:43:15,595 - __main__ - INFO -    Unique actions in training: 8
2025-09-23 18:43:15,595 - __main__ - INFO -    Total unique actions: 8
2025-09-23 18:43:15,595 - __main__ - INFO -    Action coverage: 6.6%
2025-09-23 18:43:15,596 - __main__ - INFO -    Train action count: 30720
2025-09-23 18:43:15,596 - __main__ - INFO -    Eval action count: 37221
2025-09-23 18:43:15,596 - __main__ - INFO -    Train action entropy: 1.968
2025-09-23 18:43:15,596 - __main__ - INFO -    Eval action entropy: 1.934
2025-09-23 18:43:15,597 - __main__ - INFO -    Top 3 train actions: #3(7205), #5(5717), #0(5551)
2025-09-23 18:43:15,597 - __main__ - INFO -    Top 3 eval actions: #3(9913), #5(7306), #0(6104)
2025-09-23 18:43:17,920 - __main__ - INFO - 📊 Episodes completed this rollout: 5
2025-09-23 18:43:17,921 - __main__ - INFO - 📈 Episode stats: avg return = 0.14, avg length = 228.8
2025-09-23 18:43:17,921 - __main__ - INFO - 🎯 Top 3 training actions: #3(7384), #5(5866), #0(5719)
2025-09-23 18:43:22,037 - __main__ - INFO - 📊 Episodes completed this rollout: 2
2025-09-23 18:43:22,037 - __main__ - INFO - 📈 Episode stats: avg return = 0.89, avg length = 194.0
2025-09-23 18:43:22,037 - __main__ - INFO - 🎯 Top 3 training actions: #3(7574), #5(6005), #0(5922)
2025-09-23 18:43:26,086 - __main__ - INFO - 📊 Episodes completed this rollout: 6
2025-09-23 18:43:26,086 - __main__ - INFO - 📈 Episode stats: avg return = -0.24, avg length = 266.0
2025-09-23 18:43:26,086 - __main__ - INFO - 🎯 Top 3 training actions: #3(7766), #5(6135), #0(6124)
2025-09-23 18:43:30,129 - __main__ - INFO - 📊 Episodes completed this rollout: 8
2025-09-23 18:43:30,129 - __main__ - INFO - 📈 Episode stats: avg return = 0.56, avg length = 161.4
2025-09-23 18:43:30,130 - __main__ - INFO - 🎯 Top 3 training actions: #3(7975), #0(6357), #5(6244)
2025-09-23 18:43:34,156 - __main__ - INFO - 📊 Episodes completed this rollout: 4
2025-09-23 18:43:34,156 - __main__ - INFO - 📈 Episode stats: avg return = 0.25, avg length = 213.5
2025-09-23 18:43:34,156 - __main__ - INFO - 🎯 Top 3 training actions: #3(8239), #0(6595), #5(6361)
2025-09-23 18:43:38,175 - __main__ - INFO - 📊 Episodes completed this rollout: 2
2025-09-23 18:43:38,175 - __main__ - INFO - 📈 Episode stats: avg return = -0.85, avg length = 300.0
2025-09-23 18:43:38,175 - __main__ - INFO - 🎯 Top 3 training actions: #3(8542), #0(6885), #5(6477)
2025-09-23 18:43:42,182 - __main__ - INFO - 📊 Episodes completed this rollout: 5
2025-09-23 18:43:42,182 - __main__ - INFO - 📈 Episode stats: avg return = -0.31, avg length = 283.0
2025-09-23 18:43:42,182 - __main__ - INFO - 🎯 Top 3 training actions: #3(8774), #0(7127), #5(6662)
2025-09-23 18:43:46,155 - __main__ - INFO - 📊 Episodes completed this rollout: 4
2025-09-23 18:43:46,155 - __main__ - INFO - 📈 Episode stats: avg return = 0.25, avg length = 199.2
2025-09-23 18:43:46,155 - __main__ - INFO - 🎯 Top 3 training actions: #3(8934), #0(7358), #5(6887)
2025-09-23 18:43:50,202 - __main__ - INFO - 📊 Episodes completed this rollout: 6
2025-09-23 18:43:50,203 - __main__ - INFO - 📈 Episode stats: avg return = 0.20, avg length = 212.7
2025-09-23 18:43:50,203 - __main__ - INFO - 🎯 Top 3 training actions: #3(9135), #0(7559), #5(7126)
2025-09-23 18:43:51,864 - __main__ - INFO - 🔄 Synchronized model update at step 39,936
2025-09-23 18:43:51,865 - __main__ - INFO -    HMM interval: 10,615, VAE interval: 10,615
2025-09-23 18:43:51,865 - __main__ - INFO - 🚫 Model training masking: 1419/11264 timesteps masked (12.6%) due to negative rewards (invalid actions)
2025-09-23 18:43:52,214 - __main__ - INFO - 🔄 Capping HMM batch size from 844 to 128 to prevent OOM
2025-09-23 18:43:52,215 - __main__ - INFO - 🔄 HMM refresh starting at step 39,936 with replay size 128x69
2025-09-23 18:43:56,311 - __main__ - DEBUG - Initial ELBO: -27045.2863
2025-09-23 18:43:56,313 - __main__ - DEBUG - Relative tol: 0.0100
2025-09-23 18:43:56,314 - __main__ - DEBUG - Relative elbo_drop_tol: 0.0100
2025-09-23 18:43:56,314 - __main__ - DEBUG - - Init -501.1269
2025-09-23 18:43:56,314 - __main__ - DEBUG - - Trans -7.6659
2025-09-23 18:43:56,314 - __main__ - DEBUG - - Emit -16655.0162
2025-09-23 18:43:56,314 - __main__ - DEBUG - - Entropy 0.0004
2025-09-23 18:43:56,314 - __main__ - DEBUG - - Dir -23.7216
2025-09-23 18:43:56,314 - __main__ - DEBUG - - NIW -9841.9238
2025-09-23 18:43:56,314 - __main__ - DEBUG - - Beta prior -15.8323
2025-09-23 18:44:00,785 - __main__ - DEBUG - Iter 0: ELBO after FB: -27045.2863 (LL -17163.8085, Δ=0.0000)
2025-09-23 18:44:00,786 - __main__ - DEBUG - Blending stats with ρ_niw=0.0500, ρ_tr=0.0500.
2025-09-23 18:44:00,833 - __main__ - DEBUG - Iter 0: ELBO after NIW update: -21246.1741 (Emit LL -10587.6257, NIW term -10110.2021, Δ=5799.1122)
2025-09-23 18:44:00,880 - __main__ - DEBUG - Iter 0: ELBO after Dirichlet update: -21246.0708 (Trans LL -7.4545, Dir term -23.8297, Δ=0.1032)
2025-09-23 18:44:00,948 - __main__ - DEBUG - Iter 0: ELBO after β update: -21246.7455 (Init LL -501.7719, Dir term -23.8491, logp(β) -15.8425, Δ=-0.6746)
2025-09-23 18:44:05,441 - __main__ - DEBUG - Iter 1: ELBO after FB: -21246.7455 (LL -11096.8517, Δ=0.0000)
2025-09-23 18:44:05,442 - __main__ - DEBUG - Blending stats with ρ_niw=0.0500, ρ_tr=0.0500.
2025-09-23 18:44:05,489 - __main__ - DEBUG - Iter 1: ELBO after NIW update: -21246.7455 (Emit LL -10587.6257, NIW term -10110.2021, Δ=0.0000)
2025-09-23 18:44:05,539 - __main__ - DEBUG - Iter 1: ELBO after Dirichlet update: -21246.8144 (Trans LL -7.4243, Dir term -23.9482, Δ=-0.0689)
2025-09-23 18:44:05,609 - __main__ - DEBUG - Iter 1: ELBO after β update: -21247.4097 (Init LL -502.2713, Dir term -24.0342, logp(β) -15.8525, Δ=-0.5953)
2025-09-23 18:44:10,196 - __main__ - DEBUG - Iter 2: ELBO after FB: -21247.4097 (LL -11097.3209, Δ=0.0000)
2025-09-23 18:44:10,197 - __main__ - DEBUG - Blending stats with ρ_niw=0.0500, ρ_tr=0.0500.
2025-09-23 18:44:10,247 - __main__ - DEBUG - Iter 2: ELBO after NIW update: -21247.4097 (Emit LL -10587.6257, NIW term -10110.2021, Δ=0.0000)
2025-09-23 18:44:10,297 - __main__ - DEBUG - Iter 2: ELBO after Dirichlet update: -21247.5922 (Trans LL -7.4010, Dir term -24.2401, Δ=-0.1825)
2025-09-23 18:44:10,367 - __main__ - DEBUG - Iter 2: ELBO after β update: -21248.0892 (Init LL -502.6862, Dir term -24.3202, logp(β) -15.8544, Δ=-0.4970)
2025-09-23 18:44:14,933 - __main__ - DEBUG - Iter 3: ELBO after FB: -21248.0892 (LL -11097.7125, Δ=0.0000)
2025-09-23 18:44:14,933 - __main__ - DEBUG - Blending stats with ρ_niw=0.0500, ρ_tr=0.0500.
2025-09-23 18:44:14,981 - __main__ - DEBUG - Iter 3: ELBO after NIW update: -21248.0892 (Emit LL -10587.6257, NIW term -10110.2021, Δ=0.0000)
2025-09-23 18:44:15,028 - __main__ - DEBUG - Iter 3: ELBO after Dirichlet update: -21248.4036 (Trans LL -7.3818, Dir term -24.6537, Δ=-0.3144)
2025-09-23 18:44:15,097 - __main__ - DEBUG - Iter 3: ELBO after β update: -21248.6446 (Init LL -502.8370, Dir term -24.7500, logp(β) -15.8484, Δ=-0.2410)
2025-09-23 18:44:19,329 - __main__ - DEBUG - Iter 4: ELBO after FB: -21248.6446 (LL -11097.8440, Δ=0.0000)
2025-09-23 18:44:19,329 - __main__ - DEBUG - Blending stats with ρ_niw=0.0500, ρ_tr=0.0500.
2025-09-23 18:44:19,377 - __main__ - DEBUG - Iter 4: ELBO after NIW update: -21248.6446 (Emit LL -10587.6257, NIW term -10110.2021, Δ=0.0000)
2025-09-23 18:44:19,424 - __main__ - DEBUG - Iter 4: ELBO after Dirichlet update: -21249.0319 (Trans LL -7.3749, Dir term -25.1442, Δ=-0.3873)
2025-09-23 18:44:19,476 - __main__ - DEBUG - Iter 4: ELBO after β update: -21248.9447 (Init LL -502.7403, Dir term -25.1546, logp(β) -15.8474, Δ=0.0872)
2025-09-23 18:44:19,478 - __main__ - INFO -    HMM refresh complete: ELBO=-10.9686, iters=0, max iters, states=40
2025-09-23 18:44:19,478 - __main__ - INFO -    ✅ HMM updated (next in 12,000 steps)
2025-09-23 18:44:19,478 - __main__ - INFO - 🔄 VAE refresh starting at step 39,936 with replay size 8x1408
2025-09-23 18:44:19,479 - __main__ - INFO -    Using span sampling (11264 timesteps, too large for full buffer)
2025-09-23 18:44:45,360 - __main__ - INFO -    VAE refresh complete: final_loss=2831.6350, avg_loss=2829.8125, steps=4/4, trend=stable, total_timesteps=11264, span_sampling=32_requested×4_steps, span_len=64
2025-09-23 18:44:45,362 - __main__ - INFO -    ✅ VAE updated (next in 12,000 steps)
2025-09-23 18:44:47,691 - __main__ - INFO - 📊 Episodes completed this rollout: 4
2025-09-23 18:44:47,691 - __main__ - INFO - 📈 Episode stats: avg return = -0.00, avg length = 251.5
2025-09-23 18:44:47,691 - __main__ - INFO - 🎯 Top 3 training actions: #3(9332), #0(7764), #5(7355)
2025-09-23 18:44:49,355 - __main__ - INFO - 🧪 Starting evaluation with 50 episodes...
2025-09-23 18:44:49,355 - __main__ - INFO -    Eval seed: 51
2025-09-23 18:44:49,355 - __main__ - INFO -    Max episode steps (eval): env default
2025-09-23 18:44:49,356 - nle.env.base - INFO - Not saving any NLE data.
2025-09-23 18:44:52,534 - __main__ - WARNING - ⚠️ Episode 1 terminated due to step limit.
2025-09-23 18:44:56,267 - __main__ - WARNING - ⚠️ Episode 3 terminated due to step limit.
2025-09-23 18:45:03,217 - __main__ - WARNING - ⚠️ Episode 6 terminated due to step limit.
2025-09-23 18:45:03,915 - __main__ - DEBUG - 🎯 Eval HMM masking: step 50 masked due to negative reward
2025-09-23 18:45:06,983 - __main__ - DEBUG - 🎯 Eval HMM masking: step 100 masked due to negative reward
2025-09-23 18:45:14,080 - __main__ - DEBUG - 🎯 Eval HMM masking: step 250 masked due to negative reward
2025-09-23 18:45:14,603 - __main__ - WARNING - ⚠️ Episode 11 terminated due to step limit.
2025-09-23 18:45:17,930 - __main__ - WARNING - ⚠️ Episode 12 terminated due to step limit.
2025-09-23 18:45:19,172 - __main__ - DEBUG - 🎯 Eval HMM masking: step 100 masked due to negative reward
2025-09-23 18:45:21,267 - __main__ - WARNING - ⚠️ Episode 13 terminated due to step limit.
2025-09-23 18:45:23,012 - __main__ - DEBUG - 🎯 Eval HMM masking: step 150 masked due to negative reward
2025-09-23 18:45:24,066 - __main__ - DEBUG - 🎯 Eval HMM masking: step 250 masked due to negative reward
2025-09-23 18:45:24,584 - __main__ - WARNING - ⚠️ Episode 14 terminated due to step limit.
2025-09-23 18:45:27,908 - __main__ - WARNING - ⚠️ Episode 15 terminated due to step limit.
2025-09-23 18:45:31,742 - __main__ - WARNING - ⚠️ Episode 17 terminated due to step limit.
2025-09-23 18:45:34,544 - __main__ - DEBUG - 🎯 Eval HMM masking: step 250 masked due to negative reward
2025-09-23 18:45:35,065 - __main__ - WARNING - ⚠️ Episode 18 terminated due to step limit.
2025-09-23 18:45:36,288 - __main__ - DEBUG - 🎯 Eval HMM masking: step 100 masked due to negative reward
2025-09-23 18:45:38,378 - __main__ - WARNING - ⚠️ Episode 19 terminated due to step limit.
2025-09-23 18:45:43,144 - __main__ - WARNING - ⚠️ Episode 22 terminated due to step limit.
2025-09-23 18:45:46,546 - __main__ - WARNING - ⚠️ Episode 23 terminated due to step limit.
2025-09-23 18:45:48,552 - __main__ - DEBUG - 🎯 Eval HMM masking: step 50 masked due to negative reward
2025-09-23 18:45:49,968 - __main__ - DEBUG - 🎯 Eval HMM masking: step 100 masked due to negative reward
2025-09-23 18:45:52,072 - __main__ - WARNING - ⚠️ Episode 27 terminated due to step limit.
2025-09-23 18:45:55,496 - __main__ - WARNING - ⚠️ Episode 28 terminated due to step limit.
2025-09-23 18:45:58,901 - __main__ - WARNING - ⚠️ Episode 29 terminated due to step limit.
2025-09-23 18:46:00,141 - __main__ - DEBUG - 🎯 Eval HMM masking: step 100 masked due to negative reward
2025-09-23 18:46:01,735 - __main__ - DEBUG - 🎯 Eval HMM masking: step 250 masked due to negative reward
2025-09-23 18:46:02,260 - __main__ - WARNING - ⚠️ Episode 30 terminated due to step limit.
2025-09-23 18:46:05,602 - __main__ - WARNING - ⚠️ Episode 31 terminated due to step limit.
2025-09-23 18:46:07,881 - __main__ - DEBUG - 🎯 Eval HMM masking: step 200 masked due to negative reward
2025-09-23 18:46:08,931 - __main__ - WARNING - ⚠️ Episode 32 terminated due to step limit.
2025-09-23 18:46:12,972 - __main__ - WARNING - ⚠️ Episode 35 terminated due to step limit.
2025-09-23 18:46:17,476 - __main__ - WARNING - ⚠️ Episode 37 terminated due to step limit.
2025-09-23 18:46:20,715 - __main__ - DEBUG - 🎯 Eval HMM masking: step 200 masked due to negative reward
2025-09-23 18:46:21,754 - __main__ - WARNING - ⚠️ Episode 39 terminated due to step limit.
2025-09-23 18:46:22,968 - __main__ - DEBUG - 🎯 Eval HMM masking: step 100 masked due to negative reward
2025-09-23 18:46:23,497 - __main__ - DEBUG - 🎯 Eval HMM masking: step 150 masked due to negative reward
2025-09-23 18:46:25,080 - __main__ - WARNING - ⚠️ Episode 40 terminated due to step limit.
2025-09-23 18:46:28,009 - __main__ - DEBUG - 🎯 Eval HMM masking: step 250 masked due to negative reward
2025-09-23 18:46:28,561 - __main__ - WARNING - ⚠️ Episode 41 terminated due to step limit.
2025-09-23 18:46:31,882 - __main__ - WARNING - ⚠️ Episode 42 terminated due to step limit.
2025-09-23 18:46:34,141 - __main__ - DEBUG - 🎯 Eval HMM masking: step 200 masked due to negative reward
2025-09-23 18:46:35,181 - __main__ - WARNING - ⚠️ Episode 43 terminated due to step limit.
2025-09-23 18:46:36,645 - __main__ - DEBUG - 🎯 Eval HMM masking: step 100 masked due to negative reward
2025-09-23 18:46:38,735 - __main__ - WARNING - ⚠️ Episode 45 terminated due to step limit.
2025-09-23 18:46:39,949 - __main__ - DEBUG - 🎯 Eval HMM masking: step 100 masked due to negative reward
2025-09-23 18:46:40,489 - __main__ - DEBUG - 🎯 Eval HMM masking: step 150 masked due to negative reward
2025-09-23 18:46:42,080 - __main__ - WARNING - ⚠️ Episode 46 terminated due to step limit.
2025-09-23 18:46:42,778 - __main__ - DEBUG - 🎯 Eval HMM masking: step 50 masked due to negative reward
2025-09-23 18:46:45,477 - __main__ - WARNING - ⚠️ Episode 47 terminated due to step limit.
2025-09-23 18:46:48,268 - __main__ - DEBUG - 🎯 Eval HMM masking: step 250 masked due to negative reward
2025-09-23 18:46:48,787 - __main__ - WARNING - ⚠️ Episode 48 terminated due to step limit.
2025-09-23 18:46:52,090 - __main__ - WARNING - ⚠️ Episode 49 terminated due to step limit.
2025-09-23 18:46:53,913 - __main__ - INFO - 📊 Evaluation Results (Current Round):
2025-09-23 18:46:53,913 - __main__ - INFO -    Episodes: 50
2025-09-23 18:46:53,913 - __main__ - INFO -    Time: 124.6s (2.5s/ep)
2025-09-23 18:46:53,914 - __main__ - INFO -    Average Return: 0.144 ± 0.636
2025-09-23 18:46:53,914 - __main__ - INFO -    Success Rate: 38.0%
2025-09-23 18:46:53,914 - __main__ - INFO -    Average Length: 223.0
2025-09-23 18:46:53,914 - __main__ - INFO -    Average Coverage: 75.7 positions
2025-09-23 18:46:53,914 - __main__ - INFO -    Episode Completions: 19 terminated (38.0%), 31 truncated (62.0%)
2025-09-23 18:46:53,914 - __main__ - INFO - 📈 Total Evaluation Statistics:
2025-09-23 18:46:53,914 - __main__ - INFO -    Total Episodes: 200
2025-09-23 18:46:53,914 - __main__ - INFO -    Total Average Return: -0.084 ± 0.659
2025-09-23 18:46:53,914 - __main__ - INFO -    Total Average Length: 241.9 ± 97.8
2025-09-23 18:46:53,914 - __main__ - INFO -    Total Completions: 62 terminated (31.0%), 138 truncated (69.0%)
2025-09-23 18:46:53,914 - __main__ - INFO -    Skill Entropy: 0.001
2025-09-23 18:46:53,915 - __main__ - INFO -    Used Skills: 1.0
2025-09-23 18:46:53,915 - __main__ - INFO -    Effective K: 1.00
2025-09-23 18:46:53,915 - __main__ - INFO - 🎯 Action Usage Statistics:
2025-09-23 18:46:53,915 - __main__ - INFO -    Unique actions in evaluation: 8
2025-09-23 18:46:53,915 - __main__ - INFO -    Unique actions in training: 8
2025-09-23 18:46:53,915 - __main__ - INFO -    Total unique actions: 8
2025-09-23 18:46:53,915 - __main__ - INFO -    Action coverage: 6.6%
2025-09-23 18:46:53,915 - __main__ - INFO -    Train action count: 40960
2025-09-23 18:46:53,915 - __main__ - INFO -    Eval action count: 48373
2025-09-23 18:46:53,916 - __main__ - INFO -    Train action entropy: 1.971
2025-09-23 18:46:53,916 - __main__ - INFO -    Eval action entropy: 1.942
2025-09-23 18:46:53,916 - __main__ - INFO -    Top 3 train actions: #3(9332), #0(7764), #5(7355)
2025-09-23 18:46:53,916 - __main__ - INFO -    Top 3 eval actions: #3(12231), #5(9445), #0(8458)
2025-09-23 18:46:56,225 - __main__ - INFO - 📊 Episodes completed this rollout: 6
2025-09-23 18:46:56,225 - __main__ - INFO - 📈 Episode stats: avg return = 0.43, avg length = 219.8
2025-09-23 18:46:56,225 - __main__ - INFO - 🎯 Top 3 training actions: #3(9519), #0(7973), #5(7549)
2025-09-23 18:47:00,216 - __main__ - INFO - 📊 Episodes completed this rollout: 6
2025-09-23 18:47:00,216 - __main__ - INFO - 📈 Episode stats: avg return = 0.46, avg length = 137.8
2025-09-23 18:47:00,217 - __main__ - INFO - 🎯 Top 3 training actions: #3(9739), #0(8219), #5(7716)
2025-09-23 18:47:04,150 - __main__ - INFO - 📊 Episodes completed this rollout: 2
2025-09-23 18:47:04,150 - __main__ - INFO - 📈 Episode stats: avg return = 0.88, avg length = 156.0
2025-09-23 18:47:04,150 - __main__ - INFO - 🎯 Top 3 training actions: #3(9977), #0(8434), #5(7879)
2025-09-23 18:47:08,158 - __main__ - INFO - 📊 Episodes completed this rollout: 6
2025-09-23 18:47:08,159 - __main__ - INFO - 📈 Episode stats: avg return = -0.09, avg length = 274.7
2025-09-23 18:47:08,159 - __main__ - INFO - 🎯 Top 3 training actions: #3(10218), #0(8583), #5(8026)
2025-09-23 18:47:12,098 - __main__ - INFO - 📊 Episodes completed this rollout: 1
2025-09-23 18:47:12,098 - __main__ - INFO - 📈 Episode stats: avg return = -0.30, avg length = 300.0
2025-09-23 18:47:12,098 - __main__ - INFO - 🎯 Top 3 training actions: #3(10424), #0(8726), #5(8145)
2025-09-23 18:47:16,120 - __main__ - INFO - 📊 Episodes completed this rollout: 6
2025-09-23 18:47:16,120 - __main__ - INFO - 📈 Episode stats: avg return = -0.06, avg length = 295.2
2025-09-23 18:47:16,121 - __main__ - INFO - 🎯 Top 3 training actions: #3(10622), #0(8861), #5(8262)
2025-09-23 18:47:20,106 - __main__ - INFO - 📊 Episodes completed this rollout: 3
2025-09-23 18:47:20,106 - __main__ - INFO - 📈 Episode stats: avg return = 0.12, avg length = 233.3
2025-09-23 18:47:20,107 - __main__ - INFO - 🎯 Top 3 training actions: #3(10780), #0(9015), #5(8365)
2025-09-23 18:47:24,208 - __main__ - INFO - 📊 Episodes completed this rollout: 6
2025-09-23 18:47:24,209 - __main__ - INFO - 📈 Episode stats: avg return = 0.53, avg length = 171.3
2025-09-23 18:47:24,209 - __main__ - INFO - 🎯 Top 3 training actions: #3(10997), #0(9197), #5(8482)
2025-09-23 18:47:28,244 - __main__ - INFO - 📊 Episodes completed this rollout: 5
2025-09-23 18:47:28,245 - __main__ - INFO - 📈 Episode stats: avg return = 0.04, avg length = 240.4
2025-09-23 18:47:28,245 - __main__ - INFO - 🎯 Top 3 training actions: #3(11230), #0(9385), #5(8576)
2025-09-23 18:47:29,936 - __main__ - INFO - 🧪 Starting evaluation with 50 episodes...
2025-09-23 18:47:29,936 - __main__ - INFO -    Eval seed: 51
2025-09-23 18:47:29,936 - __main__ - INFO -    Max episode steps (eval): env default
2025-09-23 18:47:29,937 - nle.env.base - INFO - Not saving any NLE data.
2025-09-23 18:47:31,436 - __main__ - DEBUG - 🎯 Eval HMM masking: step 100 masked due to negative reward
2025-09-23 18:47:31,964 - __main__ - DEBUG - 🎯 Eval HMM masking: step 150 masked due to negative reward
2025-09-23 18:47:32,700 - __main__ - DEBUG - 🎯 Eval HMM masking: step 50 masked due to negative reward
2025-09-23 18:47:37,312 - __main__ - WARNING - ⚠️ Episode 4 terminated due to step limit.
2025-09-23 18:47:40,831 - __main__ - DEBUG - 🎯 Eval HMM masking: step 100 masked due to negative reward
2025-09-23 18:47:43,061 - __main__ - WARNING - ⚠️ Episode 6 terminated due to step limit.
2025-09-23 18:47:46,617 - __main__ - WARNING - ⚠️ Episode 7 terminated due to step limit.
2025-09-23 18:47:49,935 - __main__ - WARNING - ⚠️ Episode 8 terminated due to step limit.
2025-09-23 18:47:51,781 - __main__ - DEBUG - 🎯 Eval HMM masking: step 150 masked due to negative reward
2025-09-23 18:47:53,396 - __main__ - WARNING - ⚠️ Episode 10 terminated due to step limit.
2025-09-23 18:47:54,628 - __main__ - DEBUG - 🎯 Eval HMM masking: step 100 masked due to negative reward
2025-09-23 18:47:57,889 - __main__ - DEBUG - 🎯 Eval HMM masking: step 200 masked due to negative reward
2025-09-23 18:48:01,685 - __main__ - WARNING - ⚠️ Episode 13 terminated due to step limit.
2025-09-23 18:48:05,103 - __main__ - WARNING - ⚠️ Episode 14 terminated due to step limit.
2025-09-23 18:48:10,517 - __main__ - WARNING - ⚠️ Episode 16 terminated due to step limit.
2025-09-23 18:48:13,892 - __main__ - WARNING - ⚠️ Episode 17 terminated due to step limit.
2025-09-23 18:48:15,134 - __main__ - DEBUG - 🎯 Eval HMM masking: step 100 masked due to negative reward
2025-09-23 18:48:17,253 - __main__ - WARNING - ⚠️ Episode 18 terminated due to step limit.
2025-09-23 18:48:18,524 - __main__ - DEBUG - 🎯 Eval HMM masking: step 100 masked due to negative reward
2025-09-23 18:48:20,619 - __main__ - WARNING - ⚠️ Episode 19 terminated due to step limit.
2025-09-23 18:48:23,439 - __main__ - DEBUG - 🎯 Eval HMM masking: step 250 masked due to negative reward
2025-09-23 18:48:23,959 - __main__ - WARNING - ⚠️ Episode 20 terminated due to step limit.
2025-09-23 18:48:25,718 - __main__ - DEBUG - 🎯 Eval HMM masking: step 150 masked due to negative reward
2025-09-23 18:48:27,302 - __main__ - WARNING - ⚠️ Episode 21 terminated due to step limit.
2025-09-23 18:48:30,708 - __main__ - WARNING - ⚠️ Episode 22 terminated due to step limit.
2025-09-23 18:48:34,205 - __main__ - WARNING - ⚠️ Episode 23 terminated due to step limit.
2025-09-23 18:48:37,138 - __main__ - DEBUG - 🎯 Eval HMM masking: step 250 masked due to negative reward
2025-09-23 18:48:37,694 - __main__ - WARNING - ⚠️ Episode 24 terminated due to step limit.
2025-09-23 18:48:41,029 - __main__ - WARNING - ⚠️ Episode 25 terminated due to step limit.
2025-09-23 18:48:46,116 - __main__ - WARNING - ⚠️ Episode 28 terminated due to step limit.
2025-09-23 18:48:47,876 - __main__ - DEBUG - 🎯 Eval HMM masking: step 150 masked due to negative reward
2025-09-23 18:48:52,389 - __main__ - WARNING - ⚠️ Episode 30 terminated due to step limit.
2025-09-23 18:48:54,137 - __main__ - DEBUG - 🎯 Eval HMM masking: step 150 masked due to negative reward
2025-09-23 18:48:55,712 - __main__ - WARNING - ⚠️ Episode 31 terminated due to step limit.
2025-09-23 18:49:00,933 - __main__ - WARNING - ⚠️ Episode 34 terminated due to step limit.
2025-09-23 18:49:02,697 - __main__ - DEBUG - 🎯 Eval HMM masking: step 150 masked due to negative reward
2025-09-23 18:49:04,273 - __main__ - WARNING - ⚠️ Episode 35 terminated due to step limit.
2025-09-23 18:49:09,457 - __main__ - DEBUG - 🎯 Eval HMM masking: step 200 masked due to negative reward
2025-09-23 18:49:10,506 - __main__ - WARNING - ⚠️ Episode 37 terminated due to step limit.
2025-09-23 18:49:16,881 - __main__ - DEBUG - 🎯 Eval HMM masking: step 100 masked due to negative reward
2025-09-23 18:49:23,370 - __main__ - WARNING - ⚠️ Episode 42 terminated due to step limit.
2025-09-23 18:49:25,665 - __main__ - DEBUG - 🎯 Eval HMM masking: step 200 masked due to negative reward
2025-09-23 18:49:26,714 - __main__ - WARNING - ⚠️ Episode 43 terminated due to step limit.
2025-09-23 18:49:27,943 - __main__ - DEBUG - 🎯 Eval HMM masking: step 100 masked due to negative reward
2025-09-23 18:49:28,472 - __main__ - DEBUG - 🎯 Eval HMM masking: step 150 masked due to negative reward
2025-09-23 18:49:30,058 - __main__ - WARNING - ⚠️ Episode 44 terminated due to step limit.
2025-09-23 18:49:34,542 - __main__ - WARNING - ⚠️ Episode 46 terminated due to step limit.
2025-09-23 18:49:38,477 - __main__ - DEBUG - 🎯 Eval HMM masking: step 50 masked due to negative reward
2025-09-23 18:49:39,535 - __main__ - DEBUG - 🎯 Eval HMM masking: step 150 masked due to negative reward
2025-09-23 18:49:41,138 - __main__ - WARNING - ⚠️ Episode 48 terminated due to step limit.
2025-09-23 18:49:42,376 - __main__ - DEBUG - 🎯 Eval HMM masking: step 100 masked due to negative reward
2025-09-23 18:49:43,433 - __main__ - DEBUG - 🎯 Eval HMM masking: step 200 masked due to negative reward
2025-09-23 18:49:43,969 - __main__ - DEBUG - 🎯 Eval HMM masking: step 250 masked due to negative reward
2025-09-23 18:49:44,490 - __main__ - WARNING - ⚠️ Episode 49 terminated due to step limit.
2025-09-23 18:49:44,757 - __main__ - INFO - 📊 Evaluation Results (Current Round):
2025-09-23 18:49:44,757 - __main__ - INFO -    Episodes: 50
2025-09-23 18:49:44,757 - __main__ - INFO -    Time: 134.8s (2.7s/ep)
2025-09-23 18:49:44,757 - __main__ - INFO -    Average Return: 0.146 ± 0.595
2025-09-23 18:49:44,757 - __main__ - INFO -    Success Rate: 42.0%
2025-09-23 18:49:44,757 - __main__ - INFO -    Average Length: 239.6
2025-09-23 18:49:44,757 - __main__ - INFO -    Average Coverage: 73.2 positions
2025-09-23 18:49:44,757 - __main__ - INFO -    Episode Completions: 21 terminated (42.0%), 29 truncated (58.0%)
2025-09-23 18:49:44,758 - __main__ - INFO - 📈 Total Evaluation Statistics:
2025-09-23 18:49:44,758 - __main__ - INFO -    Total Episodes: 250
2025-09-23 18:49:44,758 - __main__ - INFO -    Total Average Return: -0.038 ± 0.654
2025-09-23 18:49:44,758 - __main__ - INFO -    Total Average Length: 241.4 ± 96.5
2025-09-23 18:49:44,758 - __main__ - INFO -    Total Completions: 83 terminated (33.2%), 167 truncated (66.8%)
2025-09-23 18:49:44,758 - __main__ - INFO -    Skill Entropy: 0.001
2025-09-23 18:49:44,758 - __main__ - INFO -    Used Skills: 1.0
2025-09-23 18:49:44,758 - __main__ - INFO -    Effective K: 1.00
2025-09-23 18:49:44,758 - __main__ - INFO - 🎯 Action Usage Statistics:
2025-09-23 18:49:44,759 - __main__ - INFO -    Unique actions in evaluation: 8
2025-09-23 18:49:44,759 - __main__ - INFO -    Unique actions in training: 8
2025-09-23 18:49:44,759 - __main__ - INFO -    Total unique actions: 8
2025-09-23 18:49:44,759 - __main__ - INFO -    Action coverage: 6.6%
2025-09-23 18:49:44,759 - __main__ - INFO -    Train action count: 50176
2025-09-23 18:49:44,759 - __main__ - INFO -    Eval action count: 60353
2025-09-23 18:49:44,759 - __main__ - INFO -    Train action entropy: 1.979
2025-09-23 18:49:44,760 - __main__ - INFO -    Eval action entropy: 1.956
2025-09-23 18:49:44,760 - __main__ - INFO -    Top 3 train actions: #3(11230), #0(9385), #5(8576)
2025-09-23 18:49:44,760 - __main__ - INFO -    Top 3 eval actions: #3(15076), #5(10866), #0(10493)
2025-09-23 18:49:47,070 - __main__ - INFO - 📊 Episodes completed this rollout: 2
2025-09-23 18:49:47,070 - __main__ - INFO - 📈 Episode stats: avg return = -0.36, avg length = 300.0
2025-09-23 18:49:47,070 - __main__ - INFO - 🎯 Top 3 training actions: #3(11445), #0(9561), #5(8699)
2025-09-23 18:49:51,105 - __main__ - INFO - 📊 Episodes completed this rollout: 5
2025-09-23 18:49:51,105 - __main__ - INFO - 📈 Episode stats: avg return = -0.25, avg length = 300.0
2025-09-23 18:49:51,106 - __main__ - INFO - 🎯 Top 3 training actions: #3(11694), #0(9726), #5(8823)
2025-09-23 18:49:52,834 - __main__ - INFO - 🔄 Synchronized model update at step 52,224
2025-09-23 18:49:52,835 - __main__ - INFO -    HMM interval: 12,000, VAE interval: 12,000
2025-09-23 18:49:52,836 - __main__ - INFO - 🚫 Model training masking: 624/12288 timesteps masked (5.1%) due to negative rewards (invalid actions)
2025-09-23 18:49:53,203 - __main__ - INFO - 🔄 Capping HMM batch size from 524 to 128 to prevent OOM
2025-09-23 18:49:53,204 - __main__ - INFO - 🔄 HMM refresh starting at step 52,224 with replay size 128x127
2025-09-23 18:50:00,412 - __main__ - DEBUG - Initial ELBO: -26935.5693
2025-09-23 18:50:00,416 - __main__ - DEBUG - Relative tol: 0.0100
2025-09-23 18:50:00,416 - __main__ - DEBUG - Relative elbo_drop_tol: 0.0100
2025-09-23 18:50:00,416 - __main__ - DEBUG - - Init -501.7719
2025-09-23 18:50:00,416 - __main__ - DEBUG - - Trans -12.2464
2025-09-23 18:50:00,417 - __main__ - DEBUG - - Emit -16271.6580
2025-09-23 18:50:00,417 - __main__ - DEBUG - - Entropy 0.0007
2025-09-23 18:50:00,417 - __main__ - DEBUG - - Dir -23.8491
2025-09-23 18:50:00,417 - __main__ - DEBUG - - NIW -10110.2021
2025-09-23 18:50:00,417 - __main__ - DEBUG - - Beta prior -15.8425
2025-09-23 18:50:07,945 - __main__ - DEBUG - Iter 0: ELBO after FB: -26935.5693 (LL -16785.6756, Δ=0.0000)
2025-09-23 18:50:07,946 - __main__ - DEBUG - Blending stats with ρ_niw=0.0500, ρ_tr=0.0500.
2025-09-23 18:50:07,996 - __main__ - DEBUG - Iter 0: ELBO after NIW update: -18488.2585 (Emit LL -7225.3804, NIW term -10709.1689, Δ=8447.3108)
2025-09-23 18:50:08,046 - __main__ - DEBUG - Iter 0: ELBO after Dirichlet update: -18487.7414 (Trans LL -11.3908, Dir term -24.1876, Δ=0.5171)
2025-09-23 18:50:08,119 - __main__ - DEBUG - Iter 0: ELBO after β update: -18488.3613 (Init LL -502.3578, Dir term -24.2111, logp(β) -15.8530, Δ=-0.6199)
2025-09-23 18:50:15,692 - __main__ - DEBUG - Iter 1: ELBO after FB: -18488.3613 (LL -7739.1282, Δ=-0.0000)
2025-09-23 18:50:15,693 - __main__ - DEBUG - Blending stats with ρ_niw=0.0500, ρ_tr=0.0500.
2025-09-23 18:50:15,743 - __main__ - DEBUG - Iter 1: ELBO after NIW update: -18488.3613 (Emit LL -7225.3804, NIW term -10709.1689, Δ=0.0000)
2025-09-23 18:50:15,793 - __main__ - DEBUG - Iter 1: ELBO after Dirichlet update: -18488.4092 (Trans LL -11.3491, Dir term -24.3007, Δ=-0.0479)
2025-09-23 18:50:15,865 - __main__ - DEBUG - Iter 1: ELBO after β update: -18489.0289 (Init LL -502.8801, Dir term -24.3882, logp(β) -15.8629, Δ=-0.6196)
2025-09-23 18:50:23,380 - __main__ - DEBUG - Iter 2: ELBO after FB: -18489.0289 (LL -7739.6088, Δ=0.0000)
2025-09-23 18:50:23,381 - __main__ - DEBUG - Blending stats with ρ_niw=0.0500, ρ_tr=0.0500.
2025-09-23 18:50:23,433 - __main__ - DEBUG - Iter 2: ELBO after NIW update: -18489.0289 (Emit LL -7225.3804, NIW term -10709.1689, Δ=0.0000)
2025-09-23 18:50:23,484 - __main__ - DEBUG - Iter 2: ELBO after Dirichlet update: -18489.1987 (Trans LL -11.3119, Dir term -24.5952, Δ=-0.1698)
2025-09-23 18:50:23,556 - __main__ - DEBUG - Iter 2: ELBO after β update: -18489.6964 (Init LL -503.2918, Dir term -24.6795, logp(β) -15.8647, Δ=-0.4978)
2025-09-23 18:50:31,080 - __main__ - DEBUG - Iter 3: ELBO after FB: -18489.6964 (LL -7739.9833, Δ=0.0000)
2025-09-23 18:50:31,081 - __main__ - DEBUG - Blending stats with ρ_niw=0.0500, ρ_tr=0.0500.
2025-09-23 18:50:31,131 - __main__ - DEBUG - Iter 3: ELBO after NIW update: -18489.6964 (Emit LL -7225.3804, NIW term -10709.1689, Δ=0.0000)
2025-09-23 18:50:31,181 - __main__ - DEBUG - Iter 3: ELBO after Dirichlet update: -18490.0080 (Trans LL -11.2826, Dir term -25.0204, Δ=-0.3116)
2025-09-23 18:50:31,250 - __main__ - DEBUG - Iter 3: ELBO after β update: -18490.1523 (Init LL -503.3765, Dir term -25.0854, logp(β) -15.8592, Δ=-0.1442)
2025-09-23 18:50:38,775 - __main__ - DEBUG - Iter 4: ELBO after FB: -18490.1523 (LL -7740.0387, Δ=0.0000)
2025-09-23 18:50:38,776 - __main__ - DEBUG - Blending stats with ρ_niw=0.0500, ρ_tr=0.0500.
2025-09-23 18:50:38,826 - __main__ - DEBUG - Iter 4: ELBO after NIW update: -18490.1523 (Emit LL -7225.3804, NIW term -10709.1689, Δ=0.0000)
2025-09-23 18:50:38,876 - __main__ - DEBUG - Iter 4: ELBO after Dirichlet update: -18490.4437 (Trans LL -11.2769, Dir term -25.3825, Δ=-0.2914)
2025-09-23 18:50:38,941 - __main__ - DEBUG - Iter 4: ELBO after β update: -18490.5690 (Init LL -503.4318, Dir term -25.4574, logp(β) -15.8543, Δ=-0.1252)
2025-09-23 18:50:38,943 - __main__ - INFO -    HMM refresh complete: ELBO=-38.8274, iters=0, max iters, states=40
2025-09-23 18:50:38,943 - __main__ - INFO -    ✅ HMM updated (next in 12,000 steps)
2025-09-23 18:50:38,943 - __main__ - INFO - 🔄 VAE refresh starting at step 52,224 with replay size 8x1536
2025-09-23 18:50:38,944 - __main__ - INFO -    Using span sampling (12288 timesteps, too large for full buffer)
2025-09-23 18:51:06,726 - __main__ - INFO -    VAE refresh complete: final_loss=2813.9812, avg_loss=2821.9560, steps=4/4, trend=improving, total_timesteps=12288, span_sampling=32_requested×4_steps, span_len=64
2025-09-23 18:51:06,728 - __main__ - INFO -    ✅ VAE updated (next in 12,000 steps)
2025-09-23 18:51:09,016 - __main__ - INFO - 📊 Episodes completed this rollout: 3
2025-09-23 18:51:09,016 - __main__ - INFO - 📈 Episode stats: avg return = 0.56, avg length = 214.7
2025-09-23 18:51:09,016 - __main__ - INFO - 🎯 Top 3 training actions: #3(12018), #0(9844), #5(8926)
2025-09-23 18:51:13,013 - __main__ - INFO - 📊 Episodes completed this rollout: 5
2025-09-23 18:51:13,014 - __main__ - INFO - 📈 Episode stats: avg return = -0.02, avg length = 260.0
2025-09-23 18:51:13,014 - __main__ - INFO - 🎯 Top 3 training actions: #3(12336), #0(9968), #5(9064)
2025-09-23 18:51:17,002 - __main__ - INFO - 📊 Episodes completed this rollout: 4
2025-09-23 18:51:17,002 - __main__ - INFO - 📈 Episode stats: avg return = -0.05, avg length = 232.0
2025-09-23 18:51:17,003 - __main__ - INFO - 🎯 Top 3 training actions: #3(12582), #0(10079), #5(9263)
2025-09-23 18:51:21,019 - __main__ - INFO - 📊 Episodes completed this rollout: 6
2025-09-23 18:51:21,019 - __main__ - INFO - 📈 Episode stats: avg return = 0.25, avg length = 204.8
2025-09-23 18:51:21,019 - __main__ - INFO - 🎯 Top 3 training actions: #3(12816), #0(10199), #5(9430)
2025-09-23 18:51:25,004 - __main__ - INFO - 📊 Episodes completed this rollout: 8
2025-09-23 18:51:25,004 - __main__ - INFO - 📈 Episode stats: avg return = 0.45, avg length = 180.1
2025-09-23 18:51:25,004 - __main__ - INFO - 🎯 Top 3 training actions: #3(13072), #0(10334), #5(9578)
2025-09-23 18:51:28,982 - __main__ - INFO - 📊 Episodes completed this rollout: 4
2025-09-23 18:51:28,983 - __main__ - INFO - 📈 Episode stats: avg return = 0.86, avg length = 136.2
2025-09-23 18:51:28,983 - __main__ - INFO - 🎯 Top 3 training actions: #3(13306), #0(10454), #5(9749)
2025-09-23 18:51:32,932 - __main__ - INFO - 📊 Episodes completed this rollout: 5
2025-09-23 18:51:32,932 - __main__ - INFO - 📈 Episode stats: avg return = 0.65, avg length = 207.8
2025-09-23 18:51:32,932 - __main__ - INFO - 🎯 Top 3 training actions: #3(13470), #0(10607), #5(9913)
2025-09-23 18:51:36,888 - __main__ - INFO - 📊 Episodes completed this rollout: 3
2025-09-23 18:51:36,889 - __main__ - INFO - 📈 Episode stats: avg return = 0.04, avg length = 265.7
2025-09-23 18:51:36,889 - __main__ - INFO - 🎯 Top 3 training actions: #3(13639), #0(10752), #5(10054)
2025-09-23 18:51:38,558 - __main__ - INFO - 🧪 Starting evaluation with 50 episodes...
2025-09-23 18:51:38,558 - __main__ - INFO -    Eval seed: 51
2025-09-23 18:51:38,558 - __main__ - INFO -    Max episode steps (eval): env default
2025-09-23 18:51:38,559 - nle.env.base - INFO - Not saving any NLE data.
2025-09-23 18:51:40,178 - __main__ - DEBUG - 🎯 Eval HMM masking: step 150 masked due to negative reward
2025-09-23 18:51:40,829 - __main__ - DEBUG - 🎯 Eval HMM masking: step 50 masked due to negative reward
2025-09-23 18:51:41,362 - __main__ - DEBUG - 🎯 Eval HMM masking: step 100 masked due to negative reward
2025-09-23 18:51:43,464 - __main__ - WARNING - ⚠️ Episode 2 terminated due to step limit.
2025-09-23 18:51:46,784 - __main__ - WARNING - ⚠️ Episode 3 terminated due to step limit.
2025-09-23 18:51:51,194 - __main__ - DEBUG - 🎯 Eval HMM masking: step 100 masked due to negative reward
2025-09-23 18:51:53,339 - __main__ - WARNING - ⚠️ Episode 6 terminated due to step limit.
2025-09-23 18:51:55,177 - __main__ - DEBUG - 🎯 Eval HMM masking: step 150 masked due to negative reward
2025-09-23 18:51:56,856 - __main__ - WARNING - ⚠️ Episode 7 terminated due to step limit.
2025-09-23 18:52:00,416 - __main__ - WARNING - ⚠️ Episode 8 terminated due to step limit.
2025-09-23 18:52:01,166 - __main__ - DEBUG - 🎯 Eval HMM masking: step 50 masked due to negative reward
2025-09-23 18:52:03,953 - __main__ - WARNING - ⚠️ Episode 9 terminated due to step limit.
2025-09-23 18:52:06,930 - __main__ - DEBUG - 🎯 Eval HMM masking: step 250 masked due to negative reward
2025-09-23 18:52:07,483 - __main__ - WARNING - ⚠️ Episode 10 terminated due to step limit.
2025-09-23 18:52:10,902 - __main__ - WARNING - ⚠️ Episode 11 terminated due to step limit.
2025-09-23 18:52:15,806 - __main__ - WARNING - ⚠️ Episode 14 terminated due to step limit.
2025-09-23 18:52:17,663 - __main__ - DEBUG - 🎯 Eval HMM masking: step 150 masked due to negative reward
2025-09-23 18:52:18,224 - __main__ - DEBUG - 🎯 Eval HMM masking: step 200 masked due to negative reward
2025-09-23 18:52:18,787 - __main__ - DEBUG - 🎯 Eval HMM masking: step 250 masked due to negative reward
2025-09-23 18:52:19,337 - __main__ - WARNING - ⚠️ Episode 15 terminated due to step limit.
2025-09-23 18:52:23,550 - __main__ - WARNING - ⚠️ Episode 18 terminated due to step limit.
2025-09-23 18:52:27,116 - __main__ - WARNING - ⚠️ Episode 19 terminated due to step limit.
2025-09-23 18:52:30,696 - __main__ - WARNING - ⚠️ Episode 20 terminated due to step limit.
2025-09-23 18:52:31,391 - __main__ - DEBUG - 🎯 Eval HMM masking: step 50 masked due to negative reward
2025-09-23 18:52:31,919 - __main__ - DEBUG - 🎯 Eval HMM masking: step 100 masked due to negative reward
2025-09-23 18:52:32,969 - __main__ - DEBUG - 🎯 Eval HMM masking: step 200 masked due to negative reward
2025-09-23 18:52:34,014 - __main__ - WARNING - ⚠️ Episode 21 terminated due to step limit.
2025-09-23 18:52:38,707 - __main__ - DEBUG - 🎯 Eval HMM masking: step 150 masked due to negative reward
2025-09-23 18:52:40,272 - __main__ - WARNING - ⚠️ Episode 24 terminated due to step limit.
2025-09-23 18:52:46,229 - __main__ - DEBUG - 🎯 Eval HMM masking: step 250 masked due to negative reward
2025-09-23 18:52:46,777 - __main__ - WARNING - ⚠️ Episode 26 terminated due to step limit.
2025-09-23 18:52:50,087 - __main__ - WARNING - ⚠️ Episode 27 terminated due to step limit.
2025-09-23 18:52:51,306 - __main__ - DEBUG - 🎯 Eval HMM masking: step 100 masked due to negative reward
2025-09-23 18:52:53,408 - __main__ - WARNING - ⚠️ Episode 28 terminated due to step limit.
2025-09-23 18:52:56,756 - __main__ - WARNING - ⚠️ Episode 29 terminated due to step limit.
2025-09-23 18:52:58,004 - __main__ - DEBUG - 🎯 Eval HMM masking: step 100 masked due to negative reward
2025-09-23 18:53:01,726 - __main__ - WARNING - ⚠️ Episode 32 terminated due to step limit.
2025-09-23 18:53:04,671 - __main__ - DEBUG - 🎯 Eval HMM masking: step 250 masked due to negative reward
2025-09-23 18:53:05,236 - __main__ - WARNING - ⚠️ Episode 33 terminated due to step limit.
2025-09-23 18:53:06,935 - __main__ - DEBUG - 🎯 Eval HMM masking: step 100 masked due to negative reward
2025-09-23 18:53:08,635 - __main__ - DEBUG - 🎯 Eval HMM masking: step 100 masked due to negative reward
2025-09-23 18:53:10,755 - __main__ - WARNING - ⚠️ Episode 37 terminated due to step limit.
2025-09-23 18:53:13,024 - __main__ - DEBUG - 🎯 Eval HMM masking: step 200 masked due to negative reward
2025-09-23 18:53:14,066 - __main__ - WARNING - ⚠️ Episode 38 terminated due to step limit.
2025-09-23 18:53:18,410 - __main__ - WARNING - ⚠️ Episode 40 terminated due to step limit.
2025-09-23 18:53:23,862 - __main__ - WARNING - ⚠️ Episode 42 terminated due to step limit.
2025-09-23 18:53:27,914 - __main__ - WARNING - ⚠️ Episode 44 terminated due to step limit.
2025-09-23 18:53:29,171 - __main__ - DEBUG - 🎯 Eval HMM masking: step 100 masked due to negative reward
2025-09-23 18:53:33,780 - __main__ - WARNING - ⚠️ Episode 46 terminated due to step limit.
2025-09-23 18:53:37,084 - __main__ - WARNING - ⚠️ Episode 47 terminated due to step limit.
2025-09-23 18:53:38,576 - __main__ - DEBUG - 🎯 Eval HMM masking: step 100 masked due to negative reward
2025-09-23 18:53:39,101 - __main__ - DEBUG - 🎯 Eval HMM masking: step 150 masked due to negative reward
2025-09-23 18:53:40,665 - __main__ - WARNING - ⚠️ Episode 49 terminated due to step limit.
2025-09-23 18:53:41,269 - __main__ - INFO - 📊 Evaluation Results (Current Round):
2025-09-23 18:53:41,269 - __main__ - INFO -    Episodes: 50
2025-09-23 18:53:41,269 - __main__ - INFO -    Time: 122.7s (2.5s/ep)
2025-09-23 18:53:41,269 - __main__ - INFO -    Average Return: 0.149 ± 0.634
2025-09-23 18:53:41,269 - __main__ - INFO -    Success Rate: 42.0%
2025-09-23 18:53:41,269 - __main__ - INFO -    Average Length: 216.5
2025-09-23 18:53:41,269 - __main__ - INFO -    Average Coverage: 72.3 positions
2025-09-23 18:53:41,269 - __main__ - INFO -    Episode Completions: 21 terminated (42.0%), 29 truncated (58.0%)
2025-09-23 18:53:41,269 - __main__ - INFO - 📈 Total Evaluation Statistics:
2025-09-23 18:53:41,270 - __main__ - INFO -    Total Episodes: 300
2025-09-23 18:53:41,270 - __main__ - INFO -    Total Average Return: -0.006 ± 0.654
2025-09-23 18:53:41,270 - __main__ - INFO -    Total Average Length: 237.3 ± 99.5
2025-09-23 18:53:41,270 - __main__ - INFO -    Total Completions: 104 terminated (34.7%), 196 truncated (65.3%)
2025-09-23 18:53:41,270 - __main__ - INFO -    Skill Entropy: 0.001
2025-09-23 18:53:41,270 - __main__ - INFO -    Used Skills: 1.0
2025-09-23 18:53:41,270 - __main__ - INFO -    Effective K: 1.00
2025-09-23 18:53:41,270 - __main__ - INFO - 🎯 Action Usage Statistics:
2025-09-23 18:53:41,270 - __main__ - INFO -    Unique actions in evaluation: 8
2025-09-23 18:53:41,270 - __main__ - INFO -    Unique actions in training: 8
2025-09-23 18:53:41,270 - __main__ - INFO -    Total unique actions: 8
2025-09-23 18:53:41,271 - __main__ - INFO -    Action coverage: 6.6%
2025-09-23 18:53:41,271 - __main__ - INFO -    Train action count: 60416
2025-09-23 18:53:41,271 - __main__ - INFO -    Eval action count: 71177
2025-09-23 18:53:41,271 - __main__ - INFO -    Train action entropy: 1.981
2025-09-23 18:53:41,271 - __main__ - INFO -    Eval action entropy: 1.977
2025-09-23 18:53:41,272 - __main__ - INFO -    Top 3 train actions: #3(13639), #0(10752), #5(10054)
2025-09-23 18:53:41,272 - __main__ - INFO -    Top 3 eval actions: #3(16706), #5(12549), #0(11858)
2025-09-23 18:53:43,568 - __main__ - INFO - 📊 Episodes completed this rollout: 3
2025-09-23 18:53:43,569 - __main__ - INFO - 📈 Episode stats: avg return = -0.22, avg length = 300.0
2025-09-23 18:53:43,569 - __main__ - INFO - 🎯 Top 3 training actions: #3(13770), #0(10877), #5(10232)
2025-09-23 18:53:47,583 - __main__ - INFO - 📊 Episodes completed this rollout: 5
2025-09-23 18:53:47,583 - __main__ - INFO - 📈 Episode stats: avg return = -0.02, avg length = 283.6
2025-09-23 18:53:47,584 - __main__ - INFO - 🎯 Top 3 training actions: #3(13914), #0(11031), #5(10395)
2025-09-23 18:53:51,552 - __main__ - INFO - 📊 Episodes completed this rollout: 2
2025-09-23 18:53:51,552 - __main__ - INFO - 📈 Episode stats: avg return = 0.21, avg length = 199.0
2025-09-23 18:53:51,553 - __main__ - INFO - 🎯 Top 3 training actions: #3(14072), #0(11168), #5(10574)
2025-09-23 18:53:55,609 - __main__ - INFO - 📊 Episodes completed this rollout: 8
2025-09-23 18:53:55,609 - __main__ - INFO - 📈 Episode stats: avg return = -0.01, avg length = 237.5
2025-09-23 18:53:55,609 - __main__ - INFO - 🎯 Top 3 training actions: #3(14259), #0(11291), #5(10731)
2025-09-23 18:53:57,295 - __main__ - INFO - 🔄 Synchronized model update at step 64,512
2025-09-23 18:53:57,296 - __main__ - INFO -    HMM interval: 12,000, VAE interval: 12,000
2025-09-23 18:53:57,296 - __main__ - INFO - 🚫 Model training masking: 792/12288 timesteps masked (6.4%) due to negative rewards (invalid actions)
2025-09-23 18:53:57,670 - __main__ - INFO - 🔄 Capping HMM batch size from 605 to 128 to prevent OOM
2025-09-23 18:53:57,671 - __main__ - INFO - 🔄 HMM refresh starting at step 64,512 with replay size 128x128
2025-09-23 18:54:05,000 - __main__ - DEBUG - Initial ELBO: -15325.3816
2025-09-23 18:54:05,005 - __main__ - DEBUG - Relative tol: 0.0100
2025-09-23 18:54:05,005 - __main__ - DEBUG - Relative elbo_drop_tol: 0.0100
2025-09-23 18:54:05,005 - __main__ - DEBUG - - Init -502.3578
2025-09-23 18:54:05,005 - __main__ - DEBUG - - Trans -7.8637
2025-09-23 18:54:05,005 - __main__ - DEBUG - - Emit -4065.9277
2025-09-23 18:54:05,005 - __main__ - DEBUG - - Entropy 0.0007
2025-09-23 18:54:05,005 - __main__ - DEBUG - - Dir -24.2111
2025-09-23 18:54:05,005 - __main__ - DEBUG - - NIW -10709.1689
2025-09-23 18:54:05,005 - __main__ - DEBUG - - Beta prior -15.8530
2025-09-23 18:54:12,597 - __main__ - DEBUG - Iter 0: ELBO after FB: -15325.3816 (LL -4576.1485, Δ=0.0000)
2025-09-23 18:54:12,598 - __main__ - DEBUG - Blending stats with ρ_niw=0.0500, ρ_tr=0.0500.
2025-09-23 18:54:12,651 - __main__ - DEBUG - Iter 0: ELBO after NIW update: -12217.7372 (Emit LL -606.4387, NIW term -11061.0137, Δ=3107.6444)
2025-09-23 18:54:12,700 - __main__ - DEBUG - Iter 0: ELBO after Dirichlet update: -12217.6299 (Trans LL -7.6326, Dir term -24.3349, Δ=0.1073)
2025-09-23 18:54:12,769 - __main__ - DEBUG - Iter 0: ELBO after β update: -12218.2580 (Init LL -502.9407, Dir term -24.3693, logp(β) -15.8638, Δ=-0.6281)
2025-09-23 18:54:20,505 - __main__ - DEBUG - Iter 1: ELBO after FB: -12218.2580 (LL -1117.0112, Δ=0.0000)
2025-09-23 18:54:20,506 - __main__ - DEBUG - Blending stats with ρ_niw=0.0500, ρ_tr=0.0500.
2025-09-23 18:54:20,556 - __main__ - DEBUG - Iter 1: ELBO after NIW update: -12218.2580 (Emit LL -606.4387, NIW term -11061.0137, Δ=0.0000)
2025-09-23 18:54:20,606 - __main__ - DEBUG - Iter 1: ELBO after Dirichlet update: -12218.3152 (Trans LL -7.6046, Dir term -24.4545, Δ=-0.0572)
2025-09-23 18:54:20,673 - __main__ - DEBUG - Iter 1: ELBO after β update: -12218.8782 (Init LL -503.4395, Dir term -24.5090, logp(β) -15.8736, Δ=-0.5630)
2025-09-23 18:54:28,248 - __main__ - DEBUG - Iter 2: ELBO after FB: -12218.8782 (LL -1117.4820, Δ=0.0000)
2025-09-23 18:54:28,249 - __main__ - DEBUG - Blending stats with ρ_niw=0.0500, ρ_tr=0.0500.
2025-09-23 18:54:28,299 - __main__ - DEBUG - Iter 2: ELBO after NIW update: -12218.8782 (Emit LL -606.4387, NIW term -11061.0137, Δ=0.0000)
2025-09-23 18:54:28,349 - __main__ - DEBUG - Iter 2: ELBO after Dirichlet update: -12219.0682 (Trans LL -7.5812, Dir term -24.7223, Δ=-0.1900)
2025-09-23 18:54:28,420 - __main__ - DEBUG - Iter 2: ELBO after β update: -12219.5808 (Init LL -503.8481, Dir term -24.8247, logp(β) -15.8753, Δ=-0.5126)
2025-09-23 18:54:36,112 - __main__ - DEBUG - Iter 3: ELBO after FB: -12219.5808 (LL -1117.8672, Δ=0.0000)
2025-09-23 18:54:36,113 - __main__ - DEBUG - Blending stats with ρ_niw=0.0500, ρ_tr=0.0500.
2025-09-23 18:54:36,163 - __main__ - DEBUG - Iter 3: ELBO after NIW update: -12219.5808 (Emit LL -606.4387, NIW term -11061.0137, Δ=0.0000)
2025-09-23 18:54:36,213 - __main__ - DEBUG - Iter 3: ELBO after Dirichlet update: -12219.8803 (Trans LL -7.5618, Dir term -25.1437, Δ=-0.2995)
2025-09-23 18:54:36,277 - __main__ - DEBUG - Iter 3: ELBO after β update: -12219.9563 (Init LL -503.8750, Dir term -25.1971, logp(β) -15.8708, Δ=-0.0759)
2025-09-23 18:54:44,009 - __main__ - DEBUG - Iter 4: ELBO after FB: -12219.9563 (LL -1117.8747, Δ=0.0000)
2025-09-23 18:54:44,010 - __main__ - DEBUG - Blending stats with ρ_niw=0.0500, ρ_tr=0.0500.
2025-09-23 18:54:44,060 - __main__ - DEBUG - Iter 4: ELBO after NIW update: -12219.9563 (Emit LL -606.4387, NIW term -11061.0137, Δ=0.0000)
2025-09-23 18:54:44,110 - __main__ - DEBUG - Iter 4: ELBO after Dirichlet update: -12220.1829 (Trans LL -7.5602, Dir term -25.4253, Δ=-0.2266)
2025-09-23 18:54:44,171 - __main__ - DEBUG - Iter 4: ELBO after β update: -12220.2850 (Init LL -503.9235, Dir term -25.4827, logp(β) -15.8670, Δ=-0.1021)
2025-09-23 18:54:44,173 - __main__ - INFO -    HMM refresh complete: ELBO=-5.9781, iters=0, max iters, states=40
2025-09-23 18:54:44,173 - __main__ - INFO -    ✅ HMM updated (next in 12,000 steps)
2025-09-23 18:54:44,173 - __main__ - INFO - 🔄 VAE refresh starting at step 64,512 with replay size 8x1536
2025-09-23 18:54:44,174 - __main__ - INFO -    Using span sampling (12288 timesteps, too large for full buffer)
2025-09-23 18:55:11,669 - __main__ - INFO -    VAE refresh complete: final_loss=2802.9087, avg_loss=2811.4656, steps=4/4, trend=improving, total_timesteps=12288, span_sampling=32_requested×4_steps, span_len=64
2025-09-23 18:55:11,671 - __main__ - INFO -    ✅ VAE updated (next in 12,000 steps)
2025-09-23 18:55:13,977 - __main__ - INFO - 📊 Episodes completed this rollout: 1
2025-09-23 18:55:13,977 - __main__ - INFO - 📈 Episode stats: avg return = -0.24, avg length = 300.0
2025-09-23 18:55:13,978 - __main__ - INFO - 🎯 Top 3 training actions: #3(14442), #0(11435), #5(10910)
2025-09-23 18:55:17,984 - __main__ - INFO - 📊 Episodes completed this rollout: 7
2025-09-23 18:55:17,984 - __main__ - INFO - 📈 Episode stats: avg return = 0.17, avg length = 248.4
2025-09-23 18:55:17,984 - __main__ - INFO - 🎯 Top 3 training actions: #3(14670), #0(11592), #5(11080)
2025-09-23 18:55:21,966 - __main__ - INFO - 📊 Episodes completed this rollout: 1
2025-09-23 18:55:21,967 - __main__ - INFO - 📈 Episode stats: avg return = 0.84, avg length = 272.0
2025-09-23 18:55:21,967 - __main__ - INFO - 🎯 Top 3 training actions: #3(14963), #0(11730), #5(11213)
2025-09-23 18:55:25,986 - __main__ - INFO - 📊 Episodes completed this rollout: 4
2025-09-23 18:55:25,987 - __main__ - INFO - 📈 Episode stats: avg return = -0.41, avg length = 300.0
2025-09-23 18:55:25,987 - __main__ - INFO - 🎯 Top 3 training actions: #3(15227), #0(11872), #5(11374)
2025-09-23 18:55:30,015 - __main__ - INFO - 📊 Episodes completed this rollout: 5
2025-09-23 18:55:30,015 - __main__ - INFO - 📈 Episode stats: avg return = -0.21, avg length = 264.6
2025-09-23 18:55:30,016 - __main__ - INFO - 🎯 Top 3 training actions: #3(15437), #0(12037), #5(11515)
2025-09-23 18:55:34,029 - __main__ - INFO - 📊 Episodes completed this rollout: 3
2025-09-23 18:55:34,029 - __main__ - INFO - 📈 Episode stats: avg return = 0.52, avg length = 227.0
2025-09-23 18:55:34,029 - __main__ - INFO - 🎯 Top 3 training actions: #3(15637), #0(12204), #5(11655)
2025-09-23 18:55:35,718 - __main__ - INFO - 🧪 Starting evaluation with 50 episodes...
2025-09-23 18:55:35,718 - __main__ - INFO -    Eval seed: 51
2025-09-23 18:55:35,718 - __main__ - INFO -    Max episode steps (eval): env default
2025-09-23 18:55:35,719 - nle.env.base - INFO - Not saving any NLE data.
2025-09-23 18:55:38,939 - __main__ - WARNING - ⚠️ Episode 1 terminated due to step limit.
2025-09-23 18:55:42,288 - __main__ - WARNING - ⚠️ Episode 2 terminated due to step limit.
2025-09-23 18:55:45,720 - __main__ - WARNING - ⚠️ Episode 4 terminated due to step limit.
2025-09-23 18:55:51,219 - __main__ - DEBUG - 🎯 Eval HMM masking: step 250 masked due to negative reward
2025-09-23 18:55:51,736 - __main__ - WARNING - ⚠️ Episode 6 terminated due to step limit.
2025-09-23 18:55:55,059 - __main__ - WARNING - ⚠️ Episode 7 terminated due to step limit.
2025-09-23 18:55:58,400 - __main__ - WARNING - ⚠️ Episode 8 terminated due to step limit.
2025-09-23 18:56:03,802 - __main__ - WARNING - ⚠️ Episode 12 terminated due to step limit.
2025-09-23 18:56:05,025 - __main__ - DEBUG - 🎯 Eval HMM masking: step 100 masked due to negative reward
2025-09-23 18:56:11,373 - __main__ - WARNING - ⚠️ Episode 15 terminated due to step limit.
2025-09-23 18:56:12,412 - __main__ - DEBUG - 🎯 Eval HMM masking: step 50 masked due to negative reward
2025-09-23 18:56:16,301 - __main__ - DEBUG - 🎯 Eval HMM masking: step 150 masked due to negative reward
2025-09-23 18:56:20,795 - __main__ - WARNING - ⚠️ Episode 20 terminated due to step limit.
2025-09-23 18:56:22,010 - __main__ - DEBUG - 🎯 Eval HMM masking: step 100 masked due to negative reward
2025-09-23 18:56:24,094 - __main__ - WARNING - ⚠️ Episode 21 terminated due to step limit.
2025-09-23 18:56:27,408 - __main__ - WARNING - ⚠️ Episode 22 terminated due to step limit.
2025-09-23 18:56:32,157 - __main__ - DEBUG - 🎯 Eval HMM masking: step 250 masked due to negative reward
2025-09-23 18:56:32,674 - __main__ - WARNING - ⚠️ Episode 26 terminated due to step limit.
2025-09-23 18:56:36,498 - __main__ - WARNING - ⚠️ Episode 28 terminated due to step limit.
2025-09-23 18:56:40,278 - __main__ - WARNING - ⚠️ Episode 30 terminated due to step limit.
2025-09-23 18:56:41,604 - __main__ - DEBUG - 🎯 Eval HMM masking: step 100 masked due to negative reward
2025-09-23 18:56:43,842 - __main__ - WARNING - ⚠️ Episode 31 terminated due to step limit.
2025-09-23 18:56:47,419 - __main__ - WARNING - ⚠️ Episode 32 terminated due to step limit.
2025-09-23 18:56:50,948 - __main__ - WARNING - ⚠️ Episode 33 terminated due to step limit.
2025-09-23 18:56:54,302 - __main__ - WARNING - ⚠️ Episode 34 terminated due to step limit.
2025-09-23 18:56:56,136 - __main__ - DEBUG - 🎯 Eval HMM masking: step 50 masked due to negative reward
2025-09-23 18:57:02,106 - __main__ - WARNING - ⚠️ Episode 38 terminated due to step limit.
2025-09-23 18:57:06,044 - __main__ - WARNING - ⚠️ Episode 40 terminated due to step limit.
2025-09-23 18:57:12,630 - __main__ - WARNING - ⚠️ Episode 42 terminated due to step limit.
2025-09-23 18:57:19,222 - __main__ - DEBUG - 🎯 Eval HMM masking: step 200 masked due to negative reward
2025-09-23 18:57:20,286 - __main__ - WARNING - ⚠️ Episode 47 terminated due to step limit.
2025-09-23 18:57:23,613 - __main__ - WARNING - ⚠️ Episode 48 terminated due to step limit.
2025-09-23 18:57:24,309 - __main__ - DEBUG - 🎯 Eval HMM masking: step 50 masked due to negative reward
2025-09-23 18:57:26,944 - __main__ - WARNING - ⚠️ Episode 49 terminated due to step limit.
2025-09-23 18:57:30,260 - __main__ - WARNING - ⚠️ Episode 50 terminated due to step limit.
2025-09-23 18:57:30,421 - __main__ - INFO - 📊 Evaluation Results (Current Round):
2025-09-23 18:57:30,421 - __main__ - INFO -    Episodes: 50
2025-09-23 18:57:30,421 - __main__ - INFO -    Time: 114.7s (2.3s/ep)
2025-09-23 18:57:30,422 - __main__ - INFO -    Average Return: 0.291 ± 0.608
2025-09-23 18:57:30,422 - __main__ - INFO -    Success Rate: 50.0%
2025-09-23 18:57:30,422 - __main__ - INFO -    Average Length: 205.0
2025-09-23 18:57:30,422 - __main__ - INFO -    Average Coverage: 70.2 positions
2025-09-23 18:57:30,422 - __main__ - INFO -    Episode Completions: 25 terminated (50.0%), 25 truncated (50.0%)
2025-09-23 18:57:30,422 - __main__ - INFO - 📈 Total Evaluation Statistics:
2025-09-23 18:57:30,422 - __main__ - INFO -    Total Episodes: 350
2025-09-23 18:57:30,422 - __main__ - INFO -    Total Average Return: 0.036 ± 0.656
2025-09-23 18:57:30,422 - __main__ - INFO -    Total Average Length: 232.6 ± 102.7
2025-09-23 18:57:30,422 - __main__ - INFO -    Total Completions: 129 terminated (36.9%), 221 truncated (63.1%)
2025-09-23 18:57:30,423 - __main__ - INFO -    Skill Entropy: 0.001
2025-09-23 18:57:30,423 - __main__ - INFO -    Used Skills: 1.0
2025-09-23 18:57:30,423 - __main__ - INFO -    Effective K: 1.00
2025-09-23 18:57:30,423 - __main__ - INFO - 🎯 Action Usage Statistics:
2025-09-23 18:57:30,423 - __main__ - INFO -    Unique actions in evaluation: 8
2025-09-23 18:57:30,423 - __main__ - INFO -    Unique actions in training: 8
2025-09-23 18:57:30,423 - __main__ - INFO -    Total unique actions: 8
2025-09-23 18:57:30,423 - __main__ - INFO -    Action coverage: 6.6%
2025-09-23 18:57:30,423 - __main__ - INFO -    Train action count: 70656
2025-09-23 18:57:30,424 - __main__ - INFO -    Eval action count: 81426
2025-09-23 18:57:30,424 - __main__ - INFO -    Train action entropy: 1.988
2025-09-23 18:57:30,424 - __main__ - INFO -    Eval action entropy: 1.985
2025-09-23 18:57:30,424 - __main__ - INFO -    Top 3 train actions: #3(15637), #0(12204), #5(11655)
2025-09-23 18:57:30,425 - __main__ - INFO -    Top 3 eval actions: #3(18663), #5(14031), #0(13642)
2025-09-23 18:57:32,778 - __main__ - INFO - 📊 Episodes completed this rollout: 9
2025-09-23 18:57:32,779 - __main__ - INFO - 📈 Episode stats: avg return = 0.25, avg length = 188.3
2025-09-23 18:57:32,779 - __main__ - INFO - 🎯 Top 3 training actions: #3(15818), #0(12361), #5(11788)
2025-09-23 18:57:40,709 - __main__ - INFO - 📊 Episodes completed this rollout: 7
2025-09-23 18:57:40,709 - __main__ - INFO - 📈 Episode stats: avg return = -0.15, avg length = 291.0
2025-09-23 18:57:40,709 - __main__ - INFO - 🎯 Top 3 training actions: #3(16194), #0(12740), #5(12090)
2025-09-23 18:57:44,666 - __main__ - INFO - 📊 Episodes completed this rollout: 2
2025-09-23 18:57:44,667 - __main__ - INFO - 📈 Episode stats: avg return = 0.23, avg length = 199.5
2025-09-23 18:57:44,667 - __main__ - INFO - 🎯 Top 3 training actions: #3(16435), #0(12923), #5(12210)
2025-09-23 18:57:48,630 - __main__ - INFO - 📊 Episodes completed this rollout: 5
2025-09-23 18:57:48,631 - __main__ - INFO - 📈 Episode stats: avg return = 0.21, avg length = 232.4
2025-09-23 18:57:48,631 - __main__ - INFO - 🎯 Top 3 training actions: #3(16663), #0(13111), #5(12352)
2025-09-23 18:57:52,602 - __main__ - INFO - 📊 Episodes completed this rollout: 4
2025-09-23 18:57:52,603 - __main__ - INFO - 📈 Episode stats: avg return = 0.08, avg length = 243.2
2025-09-23 18:57:52,603 - __main__ - INFO - 🎯 Top 3 training actions: #3(16887), #0(13300), #5(12472)
2025-09-23 18:57:54,265 - __main__ - INFO - 🔄 Synchronized model update at step 76,800
2025-09-23 18:57:54,265 - __main__ - INFO -    HMM interval: 12,000, VAE interval: 12,000
2025-09-23 18:57:54,266 - __main__ - INFO - 🚫 Model training masking: 972/12288 timesteps masked (7.9%) due to negative rewards (invalid actions)
2025-09-23 18:57:54,639 - __main__ - INFO - 🔄 Capping HMM batch size from 716 to 128 to prevent OOM
2025-09-23 18:57:54,640 - __main__ - INFO - 🔄 HMM refresh starting at step 76,800 with replay size 128x109
2025-09-23 18:58:00,770 - __main__ - DEBUG - Initial ELBO: -13251.4459
2025-09-23 18:58:00,774 - __main__ - DEBUG - Relative tol: 0.0100
2025-09-23 18:58:00,774 - __main__ - DEBUG - Relative elbo_drop_tol: 0.0100
2025-09-23 18:58:00,774 - __main__ - DEBUG - - Init -502.9407
2025-09-23 18:58:00,774 - __main__ - DEBUG - - Trans -9.3677
2025-09-23 18:58:00,774 - __main__ - DEBUG - - Emit -1637.8914
2025-09-23 18:58:00,774 - __main__ - DEBUG - - Entropy 0.0006
2025-09-23 18:58:00,774 - __main__ - DEBUG - - Dir -24.3693
2025-09-23 18:58:00,775 - __main__ - DEBUG - - NIW -11061.0137
2025-09-23 18:58:00,775 - __main__ - DEBUG - - Beta prior -15.8638
2025-09-23 18:58:07,251 - __main__ - DEBUG - Iter 0: ELBO after FB: -13251.4459 (LL -2150.1992, Δ=0.0000)
2025-09-23 18:58:07,252 - __main__ - DEBUG - Blending stats with ρ_niw=0.0500, ρ_tr=0.0500.
2025-09-23 18:58:07,301 - __main__ - DEBUG - Iter 0: ELBO after NIW update: -8154.9691 (Emit LL 3936.6802, NIW term -11539.1084, Δ=5096.4769)
2025-09-23 18:58:07,350 - __main__ - DEBUG - Iter 0: ELBO after Dirichlet update: -8154.7507 (Trans LL -8.9579, Dir term -24.5607, Δ=0.2183)
2025-09-23 18:58:07,419 - __main__ - DEBUG - Iter 0: ELBO after β update: -8155.3569 (Init LL -503.5151, Dir term -24.5815, logp(β) -15.8748, Δ=-0.6062)
2025-09-23 18:58:13,913 - __main__ - DEBUG - Iter 1: ELBO after FB: -8155.3569 (LL 3424.2078, Δ=0.0000)
2025-09-23 18:58:13,914 - __main__ - DEBUG - Blending stats with ρ_niw=0.0500, ρ_tr=0.0500.
2025-09-23 18:58:13,969 - __main__ - DEBUG - Iter 1: ELBO after NIW update: -8155.3569 (Emit LL 3936.6802, NIW term -11539.1084, Δ=0.0000)
2025-09-23 18:58:14,022 - __main__ - DEBUG - Iter 1: ELBO after Dirichlet update: -8155.4155 (Trans LL -8.9255, Dir term -24.6726, Δ=-0.0586)
2025-09-23 18:58:14,091 - __main__ - DEBUG - Iter 1: ELBO after β update: -8155.9807 (Init LL -503.9968, Dir term -24.7465, logp(β) -15.8844, Δ=-0.5652)
2025-09-23 18:58:20,622 - __main__ - DEBUG - Iter 2: ELBO after FB: -8155.9807 (LL 3423.7585, Δ=0.0000)
2025-09-23 18:58:20,623 - __main__ - DEBUG - Blending stats with ρ_niw=0.0500, ρ_tr=0.0500.
2025-09-23 18:58:20,672 - __main__ - DEBUG - Iter 2: ELBO after NIW update: -8155.9807 (Emit LL 3936.6802, NIW term -11539.1084, Δ=0.0000)
2025-09-23 18:58:20,722 - __main__ - DEBUG - Iter 2: ELBO after Dirichlet update: -8156.1610 (Trans LL -8.8987, Dir term -24.9535, Δ=-0.1802)
2025-09-23 18:58:20,793 - __main__ - DEBUG - Iter 2: ELBO after β update: -8156.6460 (Init LL -504.3973, Dir term -25.0365, logp(β) -15.8859, Δ=-0.4850)
2025-09-23 18:58:27,290 - __main__ - DEBUG - Iter 3: ELBO after FB: -8156.6460 (LL 3423.3848, Δ=0.0000)
2025-09-23 18:58:27,291 - __main__ - DEBUG - Blending stats with ρ_niw=0.0500, ρ_tr=0.0500.
2025-09-23 18:58:27,340 - __main__ - DEBUG - Iter 3: ELBO after NIW update: -8156.6460 (Emit LL 3936.6802, NIW term -11539.1084, Δ=0.0000)
2025-09-23 18:58:27,389 - __main__ - DEBUG - Iter 3: ELBO after Dirichlet update: -8156.9631 (Trans LL -8.8767, Dir term -25.3756, Δ=-0.3171)
2025-09-23 18:58:27,461 - __main__ - DEBUG - Iter 3: ELBO after β update: -8157.1652 (Init LL -504.5136, Dir term -25.4688, logp(β) -15.8784, Δ=-0.2020)
2025-09-23 18:58:34,200 - __main__ - DEBUG - Iter 4: ELBO after FB: -8157.1652 (LL 3423.2905, Δ=0.0000)
2025-09-23 18:58:34,201 - __main__ - DEBUG - Blending stats with ρ_niw=0.0500, ρ_tr=0.0500.
2025-09-23 18:58:34,251 - __main__ - DEBUG - Iter 4: ELBO after NIW update: -8157.1652 (Emit LL 3936.6802, NIW term -11539.1084, Δ=0.0000)
2025-09-23 18:58:34,301 - __main__ - DEBUG - Iter 4: ELBO after Dirichlet update: -8157.5650 (Trans LL -8.8701, Dir term -25.8754, Δ=-0.3999)
2025-09-23 18:58:34,358 - __main__ - DEBUG - Iter 4: ELBO after β update: -8157.4762 (Init LL -504.3959, Dir term -25.9066, logp(β) -15.8761, Δ=0.0888)
2025-09-23 18:58:34,360 - __main__ - INFO -    HMM refresh complete: ELBO=1.0545, iters=0, max iters, states=40
2025-09-23 18:58:34,360 - __main__ - INFO -    ✅ HMM updated (next in 12,000 steps)
2025-09-23 18:58:34,360 - __main__ - INFO - 🔄 VAE refresh starting at step 76,800 with replay size 8x1536
2025-09-23 18:58:34,361 - __main__ - INFO -    Using span sampling (12288 timesteps, too large for full buffer)
2025-09-23 18:59:01,126 - __main__ - INFO -    VAE refresh complete: final_loss=2782.2493, avg_loss=2784.6861, steps=4/4, trend=improving, total_timesteps=12288, span_sampling=32_requested×4_steps, span_len=64
2025-09-23 18:59:01,129 - __main__ - INFO -    ✅ VAE updated (next in 12,000 steps)
2025-09-23 18:59:03,431 - __main__ - INFO - 📊 Episodes completed this rollout: 4
2025-09-23 18:59:03,432 - __main__ - INFO - 📈 Episode stats: avg return = 0.01, avg length = 225.5
2025-09-23 18:59:03,432 - __main__ - INFO - 🎯 Top 3 training actions: #3(17095), #0(13452), #5(12578)
2025-09-23 18:59:07,440 - __main__ - INFO - 📊 Episodes completed this rollout: 8
2025-09-23 18:59:07,440 - __main__ - INFO - 📈 Episode stats: avg return = 0.30, avg length = 196.1
2025-09-23 18:59:07,440 - __main__ - INFO - 🎯 Top 3 training actions: #3(17264), #0(13578), #5(12696)
2025-09-23 18:59:11,400 - __main__ - INFO - 📊 Episodes completed this rollout: 5
2025-09-23 18:59:11,401 - __main__ - INFO - 📈 Episode stats: avg return = 0.90, avg length = 99.8
2025-09-23 18:59:11,401 - __main__ - INFO - 🎯 Top 3 training actions: #3(17406), #0(13731), #5(12810)
2025-09-23 18:59:15,390 - __main__ - INFO - 📊 Episodes completed this rollout: 6
2025-09-23 18:59:15,390 - __main__ - INFO - 📈 Episode stats: avg return = 0.12, avg length = 211.8
2025-09-23 18:59:15,391 - __main__ - INFO - 🎯 Top 3 training actions: #3(17574), #0(13887), #5(12934)
2025-09-23 18:59:17,076 - __main__ - INFO - 🧪 Starting evaluation with 50 episodes...
2025-09-23 18:59:17,076 - __main__ - INFO -    Eval seed: 51
2025-09-23 18:59:17,077 - __main__ - INFO -    Max episode steps (eval): env default
2025-09-23 18:59:17,077 - nle.env.base - INFO - Not saving any NLE data.
2025-09-23 18:59:19,566 - __main__ - DEBUG - 🎯 Eval HMM masking: step 200 masked due to negative reward
2025-09-23 18:59:20,678 - __main__ - WARNING - ⚠️ Episode 2 terminated due to step limit.
2025-09-23 18:59:22,442 - __main__ - DEBUG - 🎯 Eval HMM masking: step 150 masked due to negative reward
2025-09-23 18:59:22,984 - __main__ - DEBUG - 🎯 Eval HMM masking: step 200 masked due to negative reward
2025-09-23 18:59:29,788 - __main__ - DEBUG - 🎯 Eval HMM masking: step 200 masked due to negative reward
2025-09-23 18:59:30,903 - __main__ - WARNING - ⚠️ Episode 6 terminated due to step limit.
2025-09-23 18:59:35,853 - __main__ - DEBUG - 🎯 Eval HMM masking: step 250 masked due to negative reward
2025-09-23 18:59:36,405 - __main__ - WARNING - ⚠️ Episode 8 terminated due to step limit.
2025-09-23 18:59:38,269 - __main__ - DEBUG - 🎯 Eval HMM masking: step 150 masked due to negative reward
2025-09-23 18:59:39,948 - __main__ - WARNING - ⚠️ Episode 9 terminated due to step limit.
2025-09-23 18:59:40,654 - __main__ - DEBUG - 🎯 Eval HMM masking: step 50 masked due to negative reward
2025-09-23 18:59:42,759 - __main__ - DEBUG - 🎯 Eval HMM masking: step 250 masked due to negative reward
2025-09-23 18:59:43,277 - __main__ - WARNING - ⚠️ Episode 10 terminated due to step limit.
2025-09-23 18:59:43,973 - __main__ - DEBUG - 🎯 Eval HMM masking: step 50 masked due to negative reward
2025-09-23 18:59:46,623 - __main__ - WARNING - ⚠️ Episode 11 terminated due to step limit.
2025-09-23 18:59:50,202 - __main__ - WARNING - ⚠️ Episode 12 terminated due to step limit.
2025-09-23 18:59:53,536 - __main__ - WARNING - ⚠️ Episode 13 terminated due to step limit.
2025-09-23 18:59:54,233 - __main__ - DEBUG - 🎯 Eval HMM masking: step 50 masked due to negative reward
2025-09-23 19:00:01,273 - __main__ - WARNING - ⚠️ Episode 16 terminated due to step limit.
2025-09-23 19:00:04,717 - __main__ - WARNING - ⚠️ Episode 17 terminated due to step limit.
2025-09-23 19:00:09,324 - __main__ - DEBUG - 🎯 Eval HMM masking: step 100 masked due to negative reward
2025-09-23 19:00:10,899 - __main__ - DEBUG - 🎯 Eval HMM masking: step 250 masked due to negative reward
2025-09-23 19:00:11,445 - __main__ - WARNING - ⚠️ Episode 20 terminated due to step limit.
2025-09-23 19:00:16,081 - __main__ - DEBUG - 🎯 Eval HMM masking: step 150 masked due to negative reward
2025-09-23 19:00:17,659 - __main__ - WARNING - ⚠️ Episode 22 terminated due to step limit.
2025-09-23 19:00:21,028 - __main__ - WARNING - ⚠️ Episode 23 terminated due to step limit.
2025-09-23 19:00:24,497 - __main__ - WARNING - ⚠️ Episode 25 terminated due to step limit.
2025-09-23 19:00:27,857 - __main__ - WARNING - ⚠️ Episode 27 terminated due to step limit.
2025-09-23 19:00:31,400 - __main__ - WARNING - ⚠️ Episode 28 terminated due to step limit.
2025-09-23 19:00:39,729 - __main__ - WARNING - ⚠️ Episode 31 terminated due to step limit.
2025-09-23 19:00:43,377 - __main__ - WARNING - ⚠️ Episode 33 terminated due to step limit.
2025-09-23 19:00:45,858 - __main__ - DEBUG - 🎯 Eval HMM masking: step 200 masked due to negative reward
2025-09-23 19:00:46,908 - __main__ - WARNING - ⚠️ Episode 35 terminated due to step limit.
2025-09-23 19:00:52,581 - __main__ - WARNING - ⚠️ Episode 37 terminated due to step limit.
2025-09-23 19:00:56,482 - __main__ - DEBUG - 🎯 Eval HMM masking: step 250 masked due to negative reward
2025-09-23 19:00:57,004 - __main__ - WARNING - ⚠️ Episode 39 terminated due to step limit.
2025-09-23 19:00:59,825 - __main__ - DEBUG - 🎯 Eval HMM masking: step 250 masked due to negative reward
2025-09-23 19:01:00,346 - __main__ - WARNING - ⚠️ Episode 40 terminated due to step limit.
2025-09-23 19:01:01,067 - __main__ - DEBUG - 🎯 Eval HMM masking: step 50 masked due to negative reward
2025-09-23 19:01:03,689 - __main__ - WARNING - ⚠️ Episode 41 terminated due to step limit.
2025-09-23 19:01:05,960 - __main__ - DEBUG - 🎯 Eval HMM masking: step 200 masked due to negative reward
2025-09-23 19:01:07,009 - __main__ - WARNING - ⚠️ Episode 42 terminated due to step limit.
2025-09-23 19:01:10,395 - __main__ - WARNING - ⚠️ Episode 43 terminated due to step limit.
2025-09-23 19:01:11,091 - __main__ - DEBUG - 🎯 Eval HMM masking: step 50 masked due to negative reward
2025-09-23 19:01:18,636 - __main__ - WARNING - ⚠️ Episode 49 terminated due to step limit.
2025-09-23 19:01:19,920 - __main__ - DEBUG - 🎯 Eval HMM masking: step 100 masked due to negative reward
2025-09-23 19:01:22,061 - __main__ - WARNING - ⚠️ Episode 50 terminated due to step limit.
2025-09-23 19:01:22,227 - __main__ - INFO - 📊 Evaluation Results (Current Round):
2025-09-23 19:01:22,227 - __main__ - INFO -    Episodes: 50
2025-09-23 19:01:22,227 - __main__ - INFO -    Time: 125.2s (2.5s/ep)
2025-09-23 19:01:22,227 - __main__ - INFO -    Average Return: 0.211 ± 0.615
2025-09-23 19:01:22,228 - __main__ - INFO -    Success Rate: 46.0%
2025-09-23 19:01:22,228 - __main__ - INFO -    Average Length: 220.6
2025-09-23 19:01:22,228 - __main__ - INFO -    Average Coverage: 75.3 positions
2025-09-23 19:01:22,228 - __main__ - INFO -    Episode Completions: 23 terminated (46.0%), 27 truncated (54.0%)
2025-09-23 19:01:22,228 - __main__ - INFO - 📈 Total Evaluation Statistics:
2025-09-23 19:01:22,228 - __main__ - INFO -    Total Episodes: 400
2025-09-23 19:01:22,228 - __main__ - INFO -    Total Average Return: 0.058 ± 0.654
2025-09-23 19:01:22,228 - __main__ - INFO -    Total Average Length: 231.1 ± 103.4
2025-09-23 19:01:22,228 - __main__ - INFO -    Total Completions: 152 terminated (38.0%), 248 truncated (62.0%)
2025-09-23 19:01:22,228 - __main__ - INFO -    Skill Entropy: 0.001
2025-09-23 19:01:22,228 - __main__ - INFO -    Used Skills: 1.0
2025-09-23 19:01:22,229 - __main__ - INFO -    Effective K: 1.00
2025-09-23 19:01:22,229 - __main__ - INFO - 🎯 Action Usage Statistics:
2025-09-23 19:01:22,229 - __main__ - INFO -    Unique actions in evaluation: 8
2025-09-23 19:01:22,229 - __main__ - INFO -    Unique actions in training: 8
2025-09-23 19:01:22,229 - __main__ - INFO -    Total unique actions: 8
2025-09-23 19:01:22,229 - __main__ - INFO -    Action coverage: 6.6%
2025-09-23 19:01:22,229 - __main__ - INFO -    Train action count: 80896
2025-09-23 19:01:22,229 - __main__ - INFO -    Eval action count: 92457
2025-09-23 19:01:22,230 - __main__ - INFO -    Train action entropy: 1.995
2025-09-23 19:01:22,230 - __main__ - INFO -    Eval action entropy: 2.000
2025-09-23 19:01:22,230 - __main__ - INFO -    Top 3 train actions: #3(17574), #0(13887), #5(12934)
2025-09-23 19:01:22,230 - __main__ - INFO -    Top 3 eval actions: #3(20415), #5(15408), #0(15129)
2025-09-23 19:01:24,618 - __main__ - INFO - 📊 Episodes completed this rollout: 4
2025-09-23 19:01:24,619 - __main__ - INFO - 📈 Episode stats: avg return = 0.24, avg length = 238.8
2025-09-23 19:01:24,619 - __main__ - INFO - 🎯 Top 3 training actions: #3(17724), #0(14024), #5(13044)
2025-09-23 19:01:28,732 - __main__ - INFO - 📊 Episodes completed this rollout: 5
2025-09-23 19:01:28,733 - __main__ - INFO - 📈 Episode stats: avg return = -0.13, avg length = 240.2
2025-09-23 19:01:28,733 - __main__ - INFO - 🎯 Top 3 training actions: #3(17860), #0(14154), #5(13186)
2025-09-23 19:01:32,807 - __main__ - INFO - 📊 Episodes completed this rollout: 2
2025-09-23 19:01:32,807 - __main__ - INFO - 📈 Episode stats: avg return = -0.30, avg length = 300.0
2025-09-23 19:01:32,807 - __main__ - INFO - 🎯 Top 3 training actions: #3(18014), #0(14280), #5(13306)
2025-09-23 19:01:36,855 - __main__ - INFO - 📊 Episodes completed this rollout: 5
2025-09-23 19:01:36,855 - __main__ - INFO - 📈 Episode stats: avg return = -0.06, avg length = 294.4
2025-09-23 19:01:36,856 - __main__ - INFO - 🎯 Top 3 training actions: #3(18169), #0(14399), #5(13430)
2025-09-23 19:01:40,830 - __main__ - INFO - 📊 Episodes completed this rollout: 3
2025-09-23 19:01:40,830 - __main__ - INFO - 📈 Episode stats: avg return = 0.56, avg length = 227.3
2025-09-23 19:01:40,831 - __main__ - INFO - 🎯 Top 3 training actions: #3(18314), #0(14535), #5(13567)
2025-09-23 19:01:44,851 - __main__ - INFO - 📊 Episodes completed this rollout: 7
2025-09-23 19:01:44,851 - __main__ - INFO - 📈 Episode stats: avg return = 0.34, avg length = 217.9
2025-09-23 19:01:44,851 - __main__ - INFO - 🎯 Top 3 training actions: #3(18451), #0(14696), #5(13702)
2025-09-23 19:01:48,797 - __main__ - INFO - 📊 Episodes completed this rollout: 5
2025-09-23 19:01:48,797 - __main__ - INFO - 📈 Episode stats: avg return = 0.64, avg length = 177.4
2025-09-23 19:01:48,797 - __main__ - INFO - 🎯 Top 3 training actions: #3(18585), #0(14857), #5(13827)
2025-09-23 19:01:52,761 - __main__ - INFO - 📊 Episodes completed this rollout: 5
2025-09-23 19:01:52,761 - __main__ - INFO - 📈 Episode stats: avg return = 0.38, avg length = 202.6
2025-09-23 19:01:52,761 - __main__ - INFO - 🎯 Top 3 training actions: #3(18744), #0(15010), #5(13959)
2025-09-23 19:01:54,484 - __main__ - INFO - 🔄 Synchronized model update at step 89,088
2025-09-23 19:01:54,484 - __main__ - INFO -    HMM interval: 12,000, VAE interval: 12,000
2025-09-23 19:01:54,485 - __main__ - INFO - 🚫 Model training masking: 1320/12288 timesteps masked (10.7%) due to negative rewards (invalid actions)
2025-09-23 19:01:54,876 - __main__ - INFO - 🔄 Capping HMM batch size from 894 to 128 to prevent OOM
2025-09-23 19:01:54,876 - __main__ - INFO - 🔄 HMM refresh starting at step 89,088 with replay size 128x75
2025-09-23 19:01:59,281 - __main__ - DEBUG - Initial ELBO: -8596.9508
2025-09-23 19:01:59,283 - __main__ - DEBUG - Relative tol: 0.0100
2025-09-23 19:01:59,283 - __main__ - DEBUG - Relative elbo_drop_tol: 0.0100
2025-09-23 19:01:59,283 - __main__ - DEBUG - - Init -503.5151
2025-09-23 19:01:59,283 - __main__ - DEBUG - - Trans -6.4848
2025-09-23 19:01:59,284 - __main__ - DEBUG - - Emit 3492.6133
2025-09-23 19:01:59,284 - __main__ - DEBUG - - Entropy 0.0004
2025-09-23 19:01:59,284 - __main__ - DEBUG - - Dir -24.5815
2025-09-23 19:01:59,284 - __main__ - DEBUG - - NIW -11539.1084
2025-09-23 19:01:59,284 - __main__ - DEBUG - - Beta prior -15.8748
2025-09-23 19:02:04,075 - __main__ - DEBUG - Iter 0: ELBO after FB: -8596.9508 (LL 2982.6139, Δ=0.0000)
2025-09-23 19:02:04,076 - __main__ - DEBUG - Blending stats with ρ_niw=0.0500, ρ_tr=0.0500.
2025-09-23 19:02:04,124 - __main__ - DEBUG - Iter 0: ELBO after NIW update: -6224.9916 (Emit LL 6166.7708, NIW term -11841.3066, Δ=2371.9593)
2025-09-23 19:02:04,172 - __main__ - DEBUG - Iter 0: ELBO after Dirichlet update: -6224.9602 (Trans LL -6.3811, Dir term -24.6538, Δ=0.0314)
2025-09-23 19:02:04,238 - __main__ - DEBUG - Iter 0: ELBO after β update: -6225.5466 (Init LL -504.0569, Dir term -24.6871, logp(β) -15.8861, Δ=-0.5864)
2025-09-23 19:02:09,111 - __main__ - DEBUG - Iter 1: ELBO after FB: -6225.5466 (LL 5656.3332, Δ=0.0000)
2025-09-23 19:02:09,111 - __main__ - DEBUG - Blending stats with ρ_niw=0.0500, ρ_tr=0.0500.
2025-09-23 19:02:09,159 - __main__ - DEBUG - Iter 1: ELBO after NIW update: -6225.5466 (Emit LL 6166.7708, NIW term -11841.3066, Δ=0.0000)
2025-09-23 19:02:09,207 - __main__ - DEBUG - Iter 1: ELBO after Dirichlet update: -6225.6000 (Trans LL -6.3596, Dir term -24.7619, Δ=-0.0534)
2025-09-23 19:02:09,276 - __main__ - DEBUG - Iter 1: ELBO after β update: -6226.1534 (Init LL -504.5452, Dir term -24.8179, logp(β) -15.8952, Δ=-0.5533)
2025-09-23 19:02:14,038 - __main__ - DEBUG - Iter 2: ELBO after FB: -6226.1534 (LL 5655.8664, Δ=0.0000)
2025-09-23 19:02:14,038 - __main__ - DEBUG - Blending stats with ρ_niw=0.0500, ρ_tr=0.0500.
2025-09-23 19:02:14,086 - __main__ - DEBUG - Iter 2: ELBO after NIW update: -6226.1534 (Emit LL 6166.7708, NIW term -11841.3066, Δ=0.0000)
2025-09-23 19:02:14,133 - __main__ - DEBUG - Iter 2: ELBO after Dirichlet update: -6226.3505 (Trans LL -6.3403, Dir term -25.0344, Δ=-0.1971)
2025-09-23 19:02:14,202 - __main__ - DEBUG - Iter 2: ELBO after β update: -6226.8352 (Init LL -504.9359, Dir term -25.1272, logp(β) -15.8965, Δ=-0.4847)
2025-09-23 19:02:18,905 - __main__ - DEBUG - Iter 3: ELBO after FB: -6226.8352 (LL 5655.4951, Δ=0.0000)
2025-09-23 19:02:18,905 - __main__ - DEBUG - Blending stats with ρ_niw=0.0500, ρ_tr=0.0500.
2025-09-23 19:02:18,953 - __main__ - DEBUG - Iter 3: ELBO after NIW update: -6226.8352 (Emit LL 6166.7708, NIW term -11841.3066, Δ=0.0000)
2025-09-23 19:02:19,001 - __main__ - DEBUG - Iter 3: ELBO after Dirichlet update: -6227.1527 (Trans LL -6.3251, Dir term -25.4599, Δ=-0.3175)
2025-09-23 19:02:19,068 - __main__ - DEBUG - Iter 3: ELBO after β update: -6227.3339 (Init LL -505.0398, Dir term -25.5440, logp(β) -15.8897, Δ=-0.1812)
2025-09-23 19:02:23,793 - __main__ - DEBUG - Iter 4: ELBO after FB: -6227.3339 (LL 5655.4064, Δ=0.0000)
2025-09-23 19:02:23,794 - __main__ - DEBUG - Blending stats with ρ_niw=0.0500, ρ_tr=0.0500.
2025-09-23 19:02:23,841 - __main__ - DEBUG - Iter 4: ELBO after NIW update: -6227.3339 (Emit LL 6166.7708, NIW term -11841.3066, Δ=0.0000)
2025-09-23 19:02:23,889 - __main__ - DEBUG - Iter 4: ELBO after Dirichlet update: -6227.6992 (Trans LL -6.3209, Dir term -25.9134, Δ=-0.3653)
2025-09-23 19:02:23,946 - __main__ - DEBUG - Iter 4: ELBO after β update: -6227.6430 (Init LL -504.9510, Dir term -25.9491, logp(β) -15.8866, Δ=0.0562)
2025-09-23 19:02:23,947 - __main__ - INFO -    HMM refresh complete: ELBO=31.7328, iters=0, max iters, states=40
2025-09-23 19:02:23,948 - __main__ - INFO -    ✅ HMM updated (next in 12,000 steps)
2025-09-23 19:02:23,948 - __main__ - INFO - 🔄 VAE refresh starting at step 89,088 with replay size 8x1536
2025-09-23 19:02:23,948 - __main__ - INFO -    Using span sampling (12288 timesteps, too large for full buffer)
2025-09-23 19:02:49,929 - __main__ - INFO -    VAE refresh complete: final_loss=2779.3665, avg_loss=2787.0660, steps=4/4, trend=improving, total_timesteps=12288, span_sampling=32_requested×4_steps, span_len=64
2025-09-23 19:02:49,931 - __main__ - INFO -    ✅ VAE updated (next in 12,000 steps)
2025-09-23 19:02:52,216 - __main__ - INFO - 📊 Episodes completed this rollout: 2
2025-09-23 19:02:52,217 - __main__ - INFO - 📈 Episode stats: avg return = -0.34, avg length = 300.0
2025-09-23 19:02:52,217 - __main__ - INFO - 🎯 Top 3 training actions: #3(18907), #0(15177), #5(14099)
2025-09-23 19:02:53,890 - __main__ - INFO - 🧪 Starting evaluation with 50 episodes...
2025-09-23 19:02:53,890 - __main__ - INFO -    Eval seed: 51
2025-09-23 19:02:53,890 - __main__ - INFO -    Max episode steps (eval): env default
2025-09-23 19:02:53,890 - nle.env.base - INFO - Not saving any NLE data.
2025-09-23 19:02:55,594 - __main__ - DEBUG - 🎯 Eval HMM masking: step 150 masked due to negative reward
2025-09-23 19:02:57,267 - __main__ - WARNING - ⚠️ Episode 1 terminated due to step limit.
2025-09-23 19:03:02,351 - __main__ - DEBUG - 🎯 Eval HMM masking: step 100 masked due to negative reward
2025-09-23 19:03:04,585 - __main__ - WARNING - ⚠️ Episode 4 terminated due to step limit.
2025-09-23 19:03:05,329 - __main__ - DEBUG - 🎯 Eval HMM masking: step 50 masked due to negative reward
2025-09-23 19:03:05,892 - __main__ - DEBUG - 🎯 Eval HMM masking: step 100 masked due to negative reward
2025-09-23 19:03:08,029 - __main__ - WARNING - ⚠️ Episode 5 terminated due to step limit.
2025-09-23 19:03:11,329 - __main__ - DEBUG - 🎯 Eval HMM masking: step 50 masked due to negative reward
2025-09-23 19:03:13,981 - __main__ - WARNING - ⚠️ Episode 9 terminated due to step limit.
2025-09-23 19:03:15,743 - __main__ - DEBUG - 🎯 Eval HMM masking: step 150 masked due to negative reward
2025-09-23 19:03:17,323 - __main__ - WARNING - ⚠️ Episode 10 terminated due to step limit.
2025-09-23 19:03:19,608 - __main__ - DEBUG - 🎯 Eval HMM masking: step 200 masked due to negative reward
2025-09-23 19:03:20,651 - __main__ - WARNING - ⚠️ Episode 11 terminated due to step limit.
2025-09-23 19:03:21,349 - __main__ - DEBUG - 🎯 Eval HMM masking: step 50 masked due to negative reward
2025-09-23 19:03:24,034 - __main__ - WARNING - ⚠️ Episode 12 terminated due to step limit.
2025-09-23 19:03:27,379 - __main__ - WARNING - ⚠️ Episode 13 terminated due to step limit.
2025-09-23 19:03:28,624 - __main__ - DEBUG - 🎯 Eval HMM masking: step 100 masked due to negative reward
2025-09-23 19:03:30,874 - __main__ - WARNING - ⚠️ Episode 14 terminated due to step limit.
2025-09-23 19:03:32,742 - __main__ - DEBUG - 🎯 Eval HMM masking: step 100 masked due to negative reward
2025-09-23 19:03:33,836 - __main__ - DEBUG - 🎯 Eval HMM masking: step 200 masked due to negative reward
2025-09-23 19:03:34,878 - __main__ - WARNING - ⚠️ Episode 16 terminated due to step limit.
2025-09-23 19:03:41,494 - __main__ - WARNING - ⚠️ Episode 19 terminated due to step limit.
2025-09-23 19:03:48,869 - __main__ - WARNING - ⚠️ Episode 22 terminated due to step limit.
2025-09-23 19:03:52,190 - __main__ - WARNING - ⚠️ Episode 23 terminated due to step limit.
2025-09-23 19:03:52,970 - __main__ - DEBUG - 🎯 Eval HMM masking: step 50 masked due to negative reward
2025-09-23 19:03:55,161 - __main__ - DEBUG - 🎯 Eval HMM masking: step 200 masked due to negative reward
2025-09-23 19:03:56,206 - __main__ - WARNING - ⚠️ Episode 26 terminated due to step limit.
2025-09-23 19:03:59,907 - __main__ - WARNING - ⚠️ Episode 28 terminated due to step limit.
2025-09-23 19:04:02,250 - __main__ - DEBUG - 🎯 Eval HMM masking: step 200 masked due to negative reward
2025-09-23 19:04:03,329 - __main__ - WARNING - ⚠️ Episode 29 terminated due to step limit.
2025-09-23 19:04:06,642 - __main__ - WARNING - ⚠️ Episode 30 terminated due to step limit.
2025-09-23 19:04:09,959 - __main__ - WARNING - ⚠️ Episode 31 terminated due to step limit.
2025-09-23 19:04:11,185 - __main__ - DEBUG - 🎯 Eval HMM masking: step 100 masked due to negative reward
2025-09-23 19:04:15,198 - __main__ - DEBUG - 🎯 Eval HMM masking: step 50 masked due to negative reward
2025-09-23 19:04:17,838 - __main__ - WARNING - ⚠️ Episode 34 terminated due to step limit.
2025-09-23 19:04:19,060 - __main__ - DEBUG - 🎯 Eval HMM masking: step 100 masked due to negative reward
2025-09-23 19:04:21,173 - __main__ - WARNING - ⚠️ Episode 35 terminated due to step limit.
2025-09-23 19:04:23,765 - __main__ - DEBUG - 🎯 Eval HMM masking: step 150 masked due to negative reward
2025-09-23 19:04:25,358 - __main__ - WARNING - ⚠️ Episode 37 terminated due to step limit.
2025-09-23 19:04:28,696 - __main__ - WARNING - ⚠️ Episode 38 terminated due to step limit.
2025-09-23 19:04:34,743 - __main__ - DEBUG - 🎯 Eval HMM masking: step 250 masked due to negative reward
2025-09-23 19:04:35,281 - __main__ - WARNING - ⚠️ Episode 40 terminated due to step limit.
2025-09-23 19:04:39,028 - __main__ - WARNING - ⚠️ Episode 42 terminated due to step limit.
2025-09-23 19:04:42,365 - __main__ - WARNING - ⚠️ Episode 44 terminated due to step limit.
2025-09-23 19:04:43,062 - __main__ - DEBUG - 🎯 Eval HMM masking: step 50 masked due to negative reward
2025-09-23 19:04:43,594 - __main__ - DEBUG - 🎯 Eval HMM masking: step 100 masked due to negative reward
2025-09-23 19:04:47,935 - __main__ - DEBUG - 🎯 Eval HMM masking: step 250 masked due to negative reward
2025-09-23 19:04:48,455 - __main__ - WARNING - ⚠️ Episode 46 terminated due to step limit.
2025-09-23 19:04:49,678 - __main__ - DEBUG - 🎯 Eval HMM masking: step 100 masked due to negative reward
2025-09-23 19:04:52,751 - __main__ - DEBUG - 🎯 Eval HMM masking: step 150 masked due to negative reward
2025-09-23 19:04:53,277 - __main__ - DEBUG - 🎯 Eval HMM masking: step 200 masked due to negative reward
2025-09-23 19:04:54,321 - __main__ - WARNING - ⚠️ Episode 48 terminated due to step limit.
2025-09-23 19:04:55,543 - __main__ - DEBUG - 🎯 Eval HMM masking: step 100 masked due to negative reward
2025-09-23 19:04:57,635 - __main__ - WARNING - ⚠️ Episode 49 terminated due to step limit.
2025-09-23 19:05:00,946 - __main__ - WARNING - ⚠️ Episode 50 terminated due to step limit.
2025-09-23 19:05:01,105 - __main__ - INFO - 📊 Evaluation Results (Current Round):
2025-09-23 19:05:01,105 - __main__ - INFO -    Episodes: 50
2025-09-23 19:05:01,105 - __main__ - INFO -    Time: 127.2s (2.5s/ep)
2025-09-23 19:05:01,105 - __main__ - INFO -    Average Return: 0.161 ± 0.608
2025-09-23 19:05:01,106 - __main__ - INFO -    Success Rate: 42.0%
2025-09-23 19:05:01,106 - __main__ - INFO -    Average Length: 226.8
2025-09-23 19:05:01,106 - __main__ - INFO -    Average Coverage: 76.9 positions
2025-09-23 19:05:01,106 - __main__ - INFO -    Episode Completions: 21 terminated (42.0%), 29 truncated (58.0%)
2025-09-23 19:05:01,106 - __main__ - INFO - 📈 Total Evaluation Statistics:
2025-09-23 19:05:01,106 - __main__ - INFO -    Total Episodes: 450
2025-09-23 19:05:01,106 - __main__ - INFO -    Total Average Return: 0.069 ± 0.649
2025-09-23 19:05:01,106 - __main__ - INFO -    Total Average Length: 230.7 ± 103.5
2025-09-23 19:05:01,106 - __main__ - INFO -    Total Completions: 173 terminated (38.4%), 277 truncated (61.6%)
2025-09-23 19:05:01,106 - __main__ - INFO -    Skill Entropy: 0.001
2025-09-23 19:05:01,107 - __main__ - INFO -    Used Skills: 1.0
2025-09-23 19:05:01,107 - __main__ - INFO -    Effective K: 1.00
2025-09-23 19:05:01,107 - __main__ - INFO - 🎯 Action Usage Statistics:
2025-09-23 19:05:01,107 - __main__ - INFO -    Unique actions in evaluation: 8
2025-09-23 19:05:01,107 - __main__ - INFO -    Unique actions in training: 8
2025-09-23 19:05:01,107 - __main__ - INFO -    Total unique actions: 8
2025-09-23 19:05:01,107 - __main__ - INFO -    Action coverage: 6.6%
2025-09-23 19:05:01,107 - __main__ - INFO -    Train action count: 90112
2025-09-23 19:05:01,107 - __main__ - INFO -    Eval action count: 103795
2025-09-23 19:05:01,108 - __main__ - INFO -    Train action entropy: 2.007
2025-09-23 19:05:01,108 - __main__ - INFO -    Eval action entropy: 2.007
2025-09-23 19:05:01,108 - __main__ - INFO -    Top 3 train actions: #3(18907), #0(15177), #5(14099)
2025-09-23 19:05:01,109 - __main__ - INFO -    Top 3 eval actions: #3(22339), #5(17041), #0(16905)
2025-09-23 19:05:03,495 - __main__ - INFO - 📊 Episodes completed this rollout: 5
2025-09-23 19:05:03,496 - __main__ - INFO - 📈 Episode stats: avg return = -0.38, avg length = 300.0
2025-09-23 19:05:03,496 - __main__ - INFO - 🎯 Top 3 training actions: #3(19077), #0(15333), #5(14223)
2025-09-23 19:05:07,486 - __main__ - INFO - 📊 Episodes completed this rollout: 4
2025-09-23 19:05:07,487 - __main__ - INFO - 📈 Episode stats: avg return = 0.25, avg length = 231.0
2025-09-23 19:05:07,487 - __main__ - INFO - 🎯 Top 3 training actions: #3(19249), #0(15518), #5(14367)
2025-09-23 19:05:11,488 - __main__ - INFO - 📊 Episodes completed this rollout: 3
2025-09-23 19:05:11,488 - __main__ - INFO - 📈 Episode stats: avg return = -0.43, avg length = 300.0
2025-09-23 19:05:11,488 - __main__ - INFO - 🎯 Top 3 training actions: #3(19411), #0(15684), #5(14527)
2025-09-23 19:05:15,490 - __main__ - INFO - 📊 Episodes completed this rollout: 4
2025-09-23 19:05:15,491 - __main__ - INFO - 📈 Episode stats: avg return = 0.25, avg length = 208.8
2025-09-23 19:05:15,491 - __main__ - INFO - 🎯 Top 3 training actions: #3(19617), #0(15824), #5(14681)
2025-09-23 19:05:19,513 - __main__ - INFO - 📊 Episodes completed this rollout: 4
2025-09-23 19:05:19,513 - __main__ - INFO - 📈 Episode stats: avg return = -0.02, avg length = 279.2
2025-09-23 19:05:19,513 - __main__ - INFO - 🎯 Top 3 training actions: #3(19785), #0(15979), #5(14810)
2025-09-23 19:05:23,471 - __main__ - INFO - 📊 Episodes completed this rollout: 4
2025-09-23 19:05:23,471 - __main__ - INFO - 📈 Episode stats: avg return = -0.07, avg length = 280.8
2025-09-23 19:05:23,471 - __main__ - INFO - 🎯 Top 3 training actions: #3(19982), #0(16152), #5(14922)
2025-09-23 19:05:27,443 - __main__ - INFO - 📊 Episodes completed this rollout: 7
2025-09-23 19:05:27,444 - __main__ - INFO - 📈 Episode stats: avg return = 0.23, avg length = 216.9
2025-09-23 19:05:27,444 - __main__ - INFO - 🎯 Top 3 training actions: #3(20154), #0(16317), #5(15041)
2025-09-23 19:05:31,369 - __main__ - INFO - 📊 Episodes completed this rollout: 1
2025-09-23 19:05:31,369 - __main__ - INFO - 📈 Episode stats: avg return = -0.23, avg length = 300.0
2025-09-23 19:05:31,369 - __main__ - INFO - 🎯 Top 3 training actions: #3(20309), #0(16513), #5(15150)
2025-09-23 19:05:35,334 - __main__ - INFO - 📊 Episodes completed this rollout: 5
2025-09-23 19:05:35,334 - __main__ - INFO - 📈 Episode stats: avg return = 0.37, avg length = 209.0
2025-09-23 19:05:35,334 - __main__ - INFO - 🎯 Top 3 training actions: #3(20506), #0(16719), #5(15248)
2025-09-23 19:05:39,303 - __main__ - INFO - 📊 Episodes completed this rollout: 3
2025-09-23 19:05:39,304 - __main__ - INFO - 📈 Episode stats: avg return = -0.29, avg length = 300.0
2025-09-23 19:05:39,304 - __main__ - INFO - 🎯 Top 3 training actions: #3(20707), #0(16963), #5(15361)
2025-09-23 19:05:40,962 - __main__ - INFO - 🧪 Starting evaluation with 50 episodes...
2025-09-23 19:05:40,962 - __main__ - INFO -    Eval seed: 51
2025-09-23 19:05:40,963 - __main__ - INFO -    Max episode steps (eval): env default
2025-09-23 19:05:40,963 - nle.env.base - INFO - Not saving any NLE data.
2025-09-23 19:05:44,151 - __main__ - WARNING - ⚠️ Episode 1 terminated due to step limit.
2025-09-23 19:05:50,051 - __main__ - WARNING - ⚠️ Episode 3 terminated due to step limit.
2025-09-23 19:05:56,467 - __main__ - DEBUG - 🎯 Eval HMM masking: step 200 masked due to negative reward
2025-09-23 19:05:57,515 - __main__ - WARNING - ⚠️ Episode 6 terminated due to step limit.
2025-09-23 19:06:03,622 - __main__ - WARNING - ⚠️ Episode 9 terminated due to step limit.
2025-09-23 19:06:04,382 - __main__ - DEBUG - 🎯 Eval HMM masking: step 50 masked due to negative reward
2025-09-23 19:06:07,960 - __main__ - DEBUG - 🎯 Eval HMM masking: step 150 masked due to negative reward
2025-09-23 19:06:09,526 - __main__ - WARNING - ⚠️ Episode 13 terminated due to step limit.
2025-09-23 19:06:10,749 - __main__ - DEBUG - 🎯 Eval HMM masking: step 100 masked due to negative reward
2025-09-23 19:06:12,840 - __main__ - WARNING - ⚠️ Episode 14 terminated due to step limit.
2025-09-23 19:06:14,588 - __main__ - DEBUG - 🎯 Eval HMM masking: step 150 masked due to negative reward
2025-09-23 19:06:16,162 - __main__ - WARNING - ⚠️ Episode 15 terminated due to step limit.
2025-09-23 19:06:20,465 - __main__ - DEBUG - 🎯 Eval HMM masking: step 100 masked due to negative reward
2025-09-23 19:06:22,563 - __main__ - WARNING - ⚠️ Episode 18 terminated due to step limit.
2025-09-23 19:06:25,881 - __main__ - WARNING - ⚠️ Episode 19 terminated due to step limit.
2025-09-23 19:06:29,236 - __main__ - WARNING - ⚠️ Episode 20 terminated due to step limit.
2025-09-23 19:06:33,435 - __main__ - WARNING - ⚠️ Episode 22 terminated due to step limit.
2025-09-23 19:06:37,755 - __main__ - WARNING - ⚠️ Episode 24 terminated due to step limit.
2025-09-23 19:06:40,565 - __main__ - DEBUG - 🎯 Eval HMM masking: step 250 masked due to negative reward
2025-09-23 19:06:41,089 - __main__ - WARNING - ⚠️ Episode 25 terminated due to step limit.
2025-09-23 19:06:42,322 - __main__ - DEBUG - 🎯 Eval HMM masking: step 100 masked due to negative reward
2025-09-23 19:06:46,913 - __main__ - WARNING - ⚠️ Episode 27 terminated due to step limit.
2025-09-23 19:06:50,229 - __main__ - WARNING - ⚠️ Episode 28 terminated due to step limit.
2025-09-23 19:06:51,456 - __main__ - DEBUG - 🎯 Eval HMM masking: step 100 masked due to negative reward
2025-09-23 19:06:56,735 - __main__ - WARNING - ⚠️ Episode 30 terminated due to step limit.
2025-09-23 19:06:57,430 - __main__ - DEBUG - 🎯 Eval HMM masking: step 50 masked due to negative reward
2025-09-23 19:07:06,142 - __main__ - WARNING - ⚠️ Episode 34 terminated due to step limit.
2025-09-23 19:07:09,738 - __main__ - DEBUG - 🎯 Eval HMM masking: step 200 masked due to negative reward
2025-09-23 19:07:10,268 - __main__ - DEBUG - 🎯 Eval HMM masking: step 250 masked due to negative reward
2025-09-23 19:07:10,791 - __main__ - WARNING - ⚠️ Episode 36 terminated due to step limit.
2025-09-23 19:07:15,111 - __main__ - WARNING - ⚠️ Episode 38 terminated due to step limit.
2025-09-23 19:07:18,437 - __main__ - WARNING - ⚠️ Episode 39 terminated due to step limit.
2025-09-23 19:07:21,754 - __main__ - WARNING - ⚠️ Episode 40 terminated due to step limit.
2025-09-23 19:07:25,083 - __main__ - WARNING - ⚠️ Episode 41 terminated due to step limit.
2025-09-23 19:07:25,870 - __main__ - DEBUG - 🎯 Eval HMM masking: step 50 masked due to negative reward
2025-09-23 19:07:30,663 - __main__ - WARNING - ⚠️ Episode 44 terminated due to step limit.
2025-09-23 19:07:31,901 - __main__ - DEBUG - 🎯 Eval HMM masking: step 100 masked due to negative reward
2025-09-23 19:07:32,430 - __main__ - DEBUG - 🎯 Eval HMM masking: step 150 masked due to negative reward
2025-09-23 19:07:34,019 - __main__ - WARNING - ⚠️ Episode 45 terminated due to step limit.
2025-09-23 19:07:37,349 - __main__ - WARNING - ⚠️ Episode 46 terminated due to step limit.
2025-09-23 19:07:40,736 - __main__ - WARNING - ⚠️ Episode 47 terminated due to step limit.
2025-09-23 19:07:44,158 - __main__ - WARNING - ⚠️ Episode 48 terminated due to step limit.
2025-09-23 19:07:47,644 - __main__ - WARNING - ⚠️ Episode 49 terminated due to step limit.
2025-09-23 19:07:49,445 - __main__ - DEBUG - 🎯 Eval HMM masking: step 150 masked due to negative reward
2025-09-23 19:07:49,962 - __main__ - INFO - 📊 Evaluation Results (Current Round):
2025-09-23 19:07:49,962 - __main__ - INFO -    Episodes: 50
2025-09-23 19:07:49,962 - __main__ - INFO -    Time: 129.0s (2.6s/ep)
2025-09-23 19:07:49,962 - __main__ - INFO -    Average Return: 0.217 ± 0.581
2025-09-23 19:07:49,962 - __main__ - INFO -    Success Rate: 44.0%
2025-09-23 19:07:49,963 - __main__ - INFO -    Average Length: 230.4
2025-09-23 19:07:49,963 - __main__ - INFO -    Average Coverage: 77.5 positions
2025-09-23 19:07:49,963 - __main__ - INFO -    Episode Completions: 22 terminated (44.0%), 28 truncated (56.0%)
2025-09-23 19:07:49,963 - __main__ - INFO - 📈 Total Evaluation Statistics:
2025-09-23 19:07:49,963 - __main__ - INFO -    Total Episodes: 500
2025-09-23 19:07:49,963 - __main__ - INFO -    Total Average Return: 0.084 ± 0.644
2025-09-23 19:07:49,963 - __main__ - INFO -    Total Average Length: 230.6 ± 102.8
2025-09-23 19:07:49,963 - __main__ - INFO -    Total Completions: 195 terminated (39.0%), 305 truncated (61.0%)
2025-09-23 19:07:49,963 - __main__ - INFO -    Skill Entropy: 0.001
2025-09-23 19:07:49,964 - __main__ - INFO -    Used Skills: 1.0
2025-09-23 19:07:49,964 - __main__ - INFO -    Effective K: 1.00
2025-09-23 19:07:49,964 - __main__ - INFO - 🎯 Action Usage Statistics:
2025-09-23 19:07:49,964 - __main__ - INFO -    Unique actions in evaluation: 8
2025-09-23 19:07:49,964 - __main__ - INFO -    Unique actions in training: 8
2025-09-23 19:07:49,964 - __main__ - INFO -    Total unique actions: 8
2025-09-23 19:07:49,964 - __main__ - INFO -    Action coverage: 6.6%
2025-09-23 19:07:49,964 - __main__ - INFO -    Train action count: 100352
2025-09-23 19:07:49,964 - __main__ - INFO -    Eval action count: 115317
2025-09-23 19:07:49,965 - __main__ - INFO -    Train action entropy: 2.011
2025-09-23 19:07:49,965 - __main__ - INFO -    Eval action entropy: 2.009
2025-09-23 19:07:49,965 - __main__ - INFO -    Top 3 train actions: #3(20707), #0(16963), #5(15361)
2025-09-23 19:07:49,965 - __main__ - INFO -    Top 3 eval actions: #3(24443), #0(19364), #5(18291)
2025-09-23 19:07:52,307 - __main__ - INFO - 📊 Episodes completed this rollout: 5
2025-09-23 19:07:52,307 - __main__ - INFO - 📈 Episode stats: avg return = -0.35, avg length = 300.0
2025-09-23 19:07:52,307 - __main__ - INFO - 🎯 Top 3 training actions: #3(20884), #0(17172), #5(15457)
2025-09-23 19:07:54,010 - __main__ - INFO - 🔄 Synchronized model update at step 101,376
2025-09-23 19:07:54,010 - __main__ - INFO -    HMM interval: 12,000, VAE interval: 12,000
2025-09-23 19:07:54,011 - __main__ - INFO - 🚫 Model training masking: 1044/12288 timesteps masked (8.5%) due to negative rewards (invalid actions)
2025-09-23 19:07:54,387 - __main__ - INFO - 🔄 Capping HMM batch size from 751 to 128 to prevent OOM
2025-09-23 19:07:54,388 - __main__ - INFO - 🔄 HMM refresh starting at step 101,376 with replay size 128x128
2025-09-23 19:08:01,602 - __main__ - DEBUG - Initial ELBO: -3133.9747
2025-09-23 19:08:01,606 - __main__ - DEBUG - Relative tol: 0.0100
2025-09-23 19:08:01,606 - __main__ - DEBUG - Relative elbo_drop_tol: 0.0100
2025-09-23 19:08:01,606 - __main__ - DEBUG - - Init -504.0569
2025-09-23 19:08:01,606 - __main__ - DEBUG - - Trans -9.3163
2025-09-23 19:08:01,606 - __main__ - DEBUG - - Emit 9261.2777
2025-09-23 19:08:01,606 - __main__ - DEBUG - - Entropy 0.0007
2025-09-23 19:08:01,607 - __main__ - DEBUG - - Dir -24.6871
2025-09-23 19:08:01,607 - __main__ - DEBUG - - NIW -11841.3066
2025-09-23 19:08:01,607 - __main__ - DEBUG - - Beta prior -15.8861
2025-09-23 19:08:09,177 - __main__ - DEBUG - Iter 0: ELBO after FB: -3133.9747 (LL 8747.9051, Δ=0.0000)
2025-09-23 19:08:09,178 - __main__ - DEBUG - Blending stats with ρ_niw=0.0500, ρ_tr=0.0500.
2025-09-23 19:08:09,228 - __main__ - DEBUG - Iter 0: ELBO after NIW update: 1704.3502 (Emit LL 14659.4171, NIW term -12401.1211, Δ=4838.3250)
2025-09-23 19:08:09,279 - __main__ - DEBUG - Iter 0: ELBO after Dirichlet update: 1704.5757 (Trans LL -8.9146, Dir term -24.8634, Δ=0.2254)
2025-09-23 19:08:09,350 - __main__ - DEBUG - Iter 0: ELBO after β update: 1704.0313 (Init LL -504.5836, Dir term -24.8696, logp(β) -15.8977, Δ=-0.5443)
2025-09-23 19:08:16,952 - __main__ - DEBUG - Iter 1: ELBO after FB: 1704.0313 (LL 14145.9197, Δ=0.0000)
2025-09-23 19:08:16,953 - __main__ - DEBUG - Blending stats with ρ_niw=0.0500, ρ_tr=0.0500.
2025-09-23 19:08:17,003 - __main__ - DEBUG - Iter 1: ELBO after NIW update: 1704.0313 (Emit LL 14659.4171, NIW term -12401.1211, Δ=0.0000)
2025-09-23 19:08:17,053 - __main__ - DEBUG - Iter 1: ELBO after Dirichlet update: 1703.9748 (Trans LL -8.8853, Dir term -24.9554, Δ=-0.0565)
2025-09-23 19:08:17,125 - __main__ - DEBUG - Iter 1: ELBO after β update: 1703.3957 (Init LL -505.0581, Dir term -25.0515, logp(β) -15.9062, Δ=-0.5791)
2025-09-23 19:08:24,712 - __main__ - DEBUG - Iter 2: ELBO after FB: 1703.3957 (LL 14145.4744, Δ=0.0000)
2025-09-23 19:08:24,713 - __main__ - DEBUG - Blending stats with ρ_niw=0.0500, ρ_tr=0.0500.
2025-09-23 19:08:24,763 - __main__ - DEBUG - Iter 2: ELBO after NIW update: 1703.3957 (Emit LL 14659.4171, NIW term -12401.1211, Δ=0.0000)
2025-09-23 19:08:24,813 - __main__ - DEBUG - Iter 2: ELBO after Dirichlet update: 1703.2012 (Trans LL -8.8591, Dir term -25.2722, Δ=-0.1945)
2025-09-23 19:08:24,885 - __main__ - DEBUG - Iter 2: ELBO after β update: 1702.7514 (Init LL -505.4325, Dir term -25.3469, logp(β) -15.9070, Δ=-0.4499)
2025-09-23 19:08:32,653 - __main__ - DEBUG - Iter 3: ELBO after FB: 1702.7514 (LL 14145.1263, Δ=0.0000)
2025-09-23 19:08:32,654 - __main__ - DEBUG - Blending stats with ρ_niw=0.0500, ρ_tr=0.0500.
2025-09-23 19:08:32,704 - __main__ - DEBUG - Iter 3: ELBO after NIW update: 1702.7514 (Emit LL 14659.4171, NIW term -12401.1211, Δ=0.0000)
2025-09-23 19:08:32,753 - __main__ - DEBUG - Iter 3: ELBO after Dirichlet update: 1702.4318 (Trans LL -8.8389, Dir term -25.6866, Δ=-0.3196)
2025-09-23 19:08:32,825 - __main__ - DEBUG - Iter 3: ELBO after β update: 1702.2304 (Init LL -505.5486, Dir term -25.7795, logp(β) -15.8994, Δ=-0.2014)
2025-09-23 19:08:40,416 - __main__ - DEBUG - Iter 4: ELBO after FB: 1702.2304 (LL 14145.0304, Δ=0.0000)
2025-09-23 19:08:40,417 - __main__ - DEBUG - Blending stats with ρ_niw=0.0500, ρ_tr=0.0500.
2025-09-23 19:08:40,468 - __main__ - DEBUG - Iter 4: ELBO after NIW update: 1702.2304 (Emit LL 14659.4171, NIW term -12401.1211, Δ=0.0000)
2025-09-23 19:08:40,518 - __main__ - DEBUG - Iter 4: ELBO after Dirichlet update: 1701.8065 (Trans LL -8.8328, Dir term -26.2094, Δ=-0.4238)
2025-09-23 19:08:40,574 - __main__ - DEBUG - Iter 4: ELBO after β update: 1701.8952 (Init LL -505.4308, Dir term -26.2399, logp(β) -15.8980, Δ=0.0887)
2025-09-23 19:08:40,575 - __main__ - INFO -    HMM refresh complete: ELBO=28.4915, iters=0, max iters, states=40
2025-09-23 19:08:40,576 - __main__ - INFO -    ✅ HMM updated (next in 12,000 steps)
2025-09-23 19:08:40,576 - __main__ - INFO - 🔄 VAE refresh starting at step 101,376 with replay size 8x1536
2025-09-23 19:08:40,576 - __main__ - INFO -    Using span sampling (12288 timesteps, too large for full buffer)
2025-09-23 19:09:07,796 - __main__ - INFO -    VAE refresh complete: final_loss=2766.7393, avg_loss=2774.1696, steps=4/4, trend=improving, total_timesteps=12288, span_sampling=32_requested×4_steps, span_len=64
2025-09-23 19:09:07,798 - __main__ - INFO -    ✅ VAE updated (next in 12,000 steps)
2025-09-23 19:09:10,127 - __main__ - INFO - 📊 Episodes completed this rollout: 5
2025-09-23 19:09:10,127 - __main__ - INFO - 📈 Episode stats: avg return = 0.12, avg length = 223.8
2025-09-23 19:09:10,127 - __main__ - INFO - 🎯 Top 3 training actions: #3(21037), #0(17333), #5(15579)
2025-09-23 19:09:14,156 - __main__ - INFO - 📊 Episodes completed this rollout: 2
2025-09-23 19:09:14,156 - __main__ - INFO - 📈 Episode stats: avg return = -0.34, avg length = 300.0
2025-09-23 19:09:14,156 - __main__ - INFO - 🎯 Top 3 training actions: #3(21194), #0(17499), #5(15720)
2025-09-23 19:09:18,228 - __main__ - INFO - 📊 Episodes completed this rollout: 6
2025-09-23 19:09:18,228 - __main__ - INFO - 📈 Episode stats: avg return = -0.21, avg length = 263.8
2025-09-23 19:09:18,229 - __main__ - INFO - 🎯 Top 3 training actions: #3(21365), #0(17685), #5(15864)
2025-09-23 19:09:22,173 - __main__ - INFO - 📊 Episodes completed this rollout: 4
2025-09-23 19:09:22,174 - __main__ - INFO - 📈 Episode stats: avg return = 0.27, avg length = 195.8
2025-09-23 19:09:22,174 - __main__ - INFO - 🎯 Top 3 training actions: #3(21557), #0(17838), #5(15971)
2025-09-23 19:09:26,104 - __main__ - INFO - 📊 Episodes completed this rollout: 3
2025-09-23 19:09:26,104 - __main__ - INFO - 📈 Episode stats: avg return = 0.43, avg length = 184.3
2025-09-23 19:09:26,105 - __main__ - INFO - 🎯 Top 3 training actions: #3(21718), #0(17988), #5(16081)
2025-09-23 19:09:30,079 - __main__ - INFO - 📊 Episodes completed this rollout: 5
2025-09-23 19:09:30,079 - __main__ - INFO - 📈 Episode stats: avg return = -0.10, avg length = 257.6
2025-09-23 19:09:30,079 - __main__ - INFO - 🎯 Top 3 training actions: #3(21885), #0(18134), #5(16185)
2025-09-23 19:09:34,062 - __main__ - INFO - 📊 Episodes completed this rollout: 6
2025-09-23 19:09:34,063 - __main__ - INFO - 📈 Episode stats: avg return = 0.28, avg length = 226.3
2025-09-23 19:09:34,063 - __main__ - INFO - 🎯 Top 3 training actions: #3(22036), #0(18290), #5(16307)
2025-09-23 19:09:38,010 - __main__ - INFO - 📊 Episodes completed this rollout: 4
2025-09-23 19:09:38,010 - __main__ - INFO - 📈 Episode stats: avg return = 0.36, avg length = 164.5
2025-09-23 19:09:38,010 - __main__ - INFO - 🎯 Top 3 training actions: #3(22180), #0(18461), #5(16416)
2025-09-23 19:09:41,975 - __main__ - INFO - 📊 Episodes completed this rollout: 6
2025-09-23 19:09:41,975 - __main__ - INFO - 📈 Episode stats: avg return = 0.40, avg length = 204.0
2025-09-23 19:09:41,976 - __main__ - INFO - 🎯 Top 3 training actions: #3(22338), #0(18629), #5(16526)
2025-09-23 19:09:43,642 - __main__ - INFO - 🧪 Starting evaluation with 50 episodes...
2025-09-23 19:09:43,642 - __main__ - INFO -    Eval seed: 51
2025-09-23 19:09:43,642 - __main__ - INFO -    Max episode steps (eval): env default
2025-09-23 19:09:43,643 - nle.env.base - INFO - Not saving any NLE data.
2025-09-23 19:09:45,283 - __main__ - DEBUG - 🎯 Eval HMM masking: step 150 masked due to negative reward
2025-09-23 19:09:46,913 - __main__ - WARNING - ⚠️ Episode 1 terminated due to step limit.
2025-09-23 19:09:50,372 - __main__ - WARNING - ⚠️ Episode 2 terminated due to step limit.
2025-09-23 19:09:51,108 - __main__ - DEBUG - 🎯 Eval HMM masking: step 50 masked due to negative reward
2025-09-23 19:09:53,878 - __main__ - WARNING - ⚠️ Episode 3 terminated due to step limit.
2025-09-23 19:09:57,330 - __main__ - WARNING - ⚠️ Episode 4 terminated due to step limit.
2025-09-23 19:10:00,226 - __main__ - DEBUG - 🎯 Eval HMM masking: step 250 masked due to negative reward
2025-09-23 19:10:00,769 - __main__ - WARNING - ⚠️ Episode 5 terminated due to step limit.
2025-09-23 19:10:04,202 - __main__ - WARNING - ⚠️ Episode 6 terminated due to step limit.
2025-09-23 19:10:07,560 - __main__ - WARNING - ⚠️ Episode 7 terminated due to step limit.
2025-09-23 19:10:11,140 - __main__ - DEBUG - 🎯 Eval HMM masking: step 100 masked due to negative reward
2025-09-23 19:10:13,288 - __main__ - WARNING - ⚠️ Episode 9 terminated due to step limit.
2025-09-23 19:10:16,682 - __main__ - WARNING - ⚠️ Episode 10 terminated due to step limit.
2025-09-23 19:10:18,540 - __main__ - DEBUG - 🎯 Eval HMM masking: step 150 masked due to negative reward
2025-09-23 19:10:20,118 - __main__ - WARNING - ⚠️ Episode 11 terminated due to step limit.
2025-09-23 19:10:21,343 - __main__ - DEBUG - 🎯 Eval HMM masking: step 100 masked due to negative reward
2025-09-23 19:10:23,444 - __main__ - WARNING - ⚠️ Episode 12 terminated due to step limit.
2025-09-23 19:10:25,693 - __main__ - DEBUG - 🎯 Eval HMM masking: step 50 masked due to negative reward
2025-09-23 19:10:28,320 - __main__ - WARNING - ⚠️ Episode 14 terminated due to step limit.
2025-09-23 19:10:33,451 - __main__ - WARNING - ⚠️ Episode 18 terminated due to step limit.
2025-09-23 19:10:35,728 - __main__ - DEBUG - 🎯 Eval HMM masking: step 200 masked due to negative reward
2025-09-23 19:10:36,776 - __main__ - WARNING - ⚠️ Episode 19 terminated due to step limit.
2025-09-23 19:10:38,521 - __main__ - DEBUG - 🎯 Eval HMM masking: step 150 masked due to negative reward
2025-09-23 19:10:40,089 - __main__ - WARNING - ⚠️ Episode 20 terminated due to step limit.
2025-09-23 19:10:43,407 - __main__ - WARNING - ⚠️ Episode 21 terminated due to step limit.
2025-09-23 19:10:46,736 - __main__ - WARNING - ⚠️ Episode 22 terminated due to step limit.
2025-09-23 19:10:50,427 - __main__ - DEBUG - 🎯 Eval HMM masking: step 150 masked due to negative reward
2025-09-23 19:10:52,039 - __main__ - WARNING - ⚠️ Episode 24 terminated due to step limit.
2025-09-23 19:10:58,352 - __main__ - WARNING - ⚠️ Episode 27 terminated due to step limit.
2025-09-23 19:11:01,693 - __main__ - WARNING - ⚠️ Episode 28 terminated due to step limit.
2025-09-23 19:11:03,452 - __main__ - DEBUG - 🎯 Eval HMM masking: step 150 masked due to negative reward
2025-09-23 19:11:05,026 - __main__ - WARNING - ⚠️ Episode 29 terminated due to step limit.
2025-09-23 19:11:07,326 - __main__ - DEBUG - 🎯 Eval HMM masking: step 200 masked due to negative reward
2025-09-23 19:11:07,862 - __main__ - DEBUG - 🎯 Eval HMM masking: step 250 masked due to negative reward
2025-09-23 19:11:11,364 - __main__ - WARNING - ⚠️ Episode 31 terminated due to step limit.
2025-09-23 19:11:12,612 - __main__ - DEBUG - 🎯 Eval HMM masking: step 100 masked due to negative reward
2025-09-23 19:11:14,730 - __main__ - WARNING - ⚠️ Episode 32 terminated due to step limit.
2025-09-23 19:11:18,071 - __main__ - WARNING - ⚠️ Episode 33 terminated due to step limit.
2025-09-23 19:11:18,774 - __main__ - DEBUG - 🎯 Eval HMM masking: step 50 masked due to negative reward
2025-09-23 19:11:21,528 - __main__ - WARNING - ⚠️ Episode 34 terminated due to step limit.
2025-09-23 19:11:23,884 - __main__ - DEBUG - 🎯 Eval HMM masking: step 200 masked due to negative reward
2025-09-23 19:11:24,966 - __main__ - WARNING - ⚠️ Episode 35 terminated due to step limit.
2025-09-23 19:11:28,368 - __main__ - DEBUG - 🎯 Eval HMM masking: step 100 masked due to negative reward
2025-09-23 19:11:30,484 - __main__ - WARNING - ⚠️ Episode 37 terminated due to step limit.
2025-09-23 19:11:33,331 - __main__ - DEBUG - 🎯 Eval HMM masking: step 250 masked due to negative reward
2025-09-23 19:11:33,853 - __main__ - WARNING - ⚠️ Episode 38 terminated due to step limit.
2025-09-23 19:11:37,212 - __main__ - WARNING - ⚠️ Episode 39 terminated due to step limit.
2025-09-23 19:11:42,855 - __main__ - DEBUG - 🎯 Eval HMM masking: step 150 masked due to negative reward
2025-09-23 19:11:44,431 - __main__ - WARNING - ⚠️ Episode 44 terminated due to step limit.
2025-09-23 19:11:47,758 - __main__ - WARNING - ⚠️ Episode 45 terminated due to step limit.
2025-09-23 19:11:51,088 - __main__ - WARNING - ⚠️ Episode 46 terminated due to step limit.
2025-09-23 19:11:52,876 - __main__ - DEBUG - 🎯 Eval HMM masking: step 150 masked due to negative reward
2025-09-23 19:11:54,456 - __main__ - WARNING - ⚠️ Episode 47 terminated due to step limit.
2025-09-23 19:12:00,412 - __main__ - WARNING - ⚠️ Episode 50 terminated due to step limit.
2025-09-23 19:12:00,572 - __main__ - INFO - 📊 Evaluation Results (Current Round):
2025-09-23 19:12:00,572 - __main__ - INFO -    Episodes: 50
2025-09-23 19:12:00,572 - __main__ - INFO -    Time: 136.9s (2.7s/ep)
2025-09-23 19:12:00,573 - __main__ - INFO -    Average Return: 0.056 ± 0.575
2025-09-23 19:12:00,573 - __main__ - INFO -    Success Rate: 32.0%
2025-09-23 19:12:00,573 - __main__ - INFO -    Average Length: 243.2
2025-09-23 19:12:00,573 - __main__ - INFO -    Average Coverage: 85.2 positions
2025-09-23 19:12:00,573 - __main__ - INFO -    Episode Completions: 16 terminated (32.0%), 34 truncated (68.0%)
2025-09-23 19:12:00,573 - __main__ - INFO - 📈 Total Evaluation Statistics:
2025-09-23 19:12:00,573 - __main__ - INFO -    Total Episodes: 550
2025-09-23 19:12:00,573 - __main__ - INFO -    Total Average Return: 0.082 ± 0.638
2025-09-23 19:12:00,573 - __main__ - INFO -    Total Average Length: 231.8 ± 101.8
2025-09-23 19:12:00,574 - __main__ - INFO -    Total Completions: 211 terminated (38.4%), 339 truncated (61.6%)
2025-09-23 19:12:00,574 - __main__ - INFO -    Skill Entropy: 0.001
2025-09-23 19:12:00,574 - __main__ - INFO -    Used Skills: 1.0
2025-09-23 19:12:00,574 - __main__ - INFO -    Effective K: 1.00
2025-09-23 19:12:00,574 - __main__ - INFO - 🎯 Action Usage Statistics:
2025-09-23 19:12:00,574 - __main__ - INFO -    Unique actions in evaluation: 8
2025-09-23 19:12:00,574 - __main__ - INFO -    Unique actions in training: 8
2025-09-23 19:12:00,574 - __main__ - INFO -    Total unique actions: 8
2025-09-23 19:12:00,574 - __main__ - INFO -    Action coverage: 6.6%
2025-09-23 19:12:00,575 - __main__ - INFO -    Train action count: 110592
2025-09-23 19:12:00,575 - __main__ - INFO -    Eval action count: 127479
2025-09-23 19:12:00,575 - __main__ - INFO -    Train action entropy: 2.017
2025-09-23 19:12:00,575 - __main__ - INFO -    Eval action entropy: 2.018
2025-09-23 19:12:00,576 - __main__ - INFO -    Top 3 train actions: #3(22338), #0(18629), #5(16526)
2025-09-23 19:12:00,576 - __main__ - INFO -    Top 3 eval actions: #3(26202), #0(21332), #5(19625)
2025-09-23 19:12:02,913 - __main__ - INFO - 📊 Episodes completed this rollout: 5
2025-09-23 19:12:02,913 - __main__ - INFO - 📈 Episode stats: avg return = 0.23, avg length = 215.8
2025-09-23 19:12:02,913 - __main__ - INFO - 🎯 Top 3 training actions: #3(22477), #0(18775), #5(16613)
2025-09-23 19:12:06,907 - __main__ - INFO - 📊 Episodes completed this rollout: 3
2025-09-23 19:12:06,907 - __main__ - INFO - 📈 Episode stats: avg return = 0.07, avg length = 239.3
2025-09-23 19:12:06,907 - __main__ - INFO - 🎯 Top 3 training actions: #3(22629), #0(18942), #5(16724)
2025-09-23 19:12:11,024 - __main__ - INFO - 📊 Episodes completed this rollout: 7
2025-09-23 19:12:11,025 - __main__ - INFO - 📈 Episode stats: avg return = 0.04, avg length = 218.7
2025-09-23 19:12:11,025 - __main__ - INFO - 🎯 Top 3 training actions: #3(22769), #0(19123), #5(16846)
2025-09-23 19:12:12,727 - __main__ - INFO - 🔄 Synchronized model update at step 113,664
2025-09-23 19:12:12,727 - __main__ - INFO -    HMM interval: 12,000, VAE interval: 12,000
2025-09-23 19:12:12,728 - __main__ - INFO - 🚫 Model training masking: 1392/12288 timesteps masked (11.3%) due to negative rewards (invalid actions)
2025-09-23 19:12:13,133 - __main__ - INFO - 🔄 Capping HMM batch size from 992 to 128 to prevent OOM
2025-09-23 19:12:13,134 - __main__ - INFO - 🔄 HMM refresh starting at step 113,664 with replay size 128x63
2025-09-23 19:12:16,919 - __main__ - DEBUG - Initial ELBO: -3688.3993
2025-09-23 19:12:16,921 - __main__ - DEBUG - Relative tol: 0.0100
2025-09-23 19:12:16,922 - __main__ - DEBUG - Relative elbo_drop_tol: 0.0100
2025-09-23 19:12:16,922 - __main__ - DEBUG - - Init -504.5836
2025-09-23 19:12:16,922 - __main__ - DEBUG - - Trans -5.1416
2025-09-23 19:12:16,922 - __main__ - DEBUG - - Emit 9263.2138
2025-09-23 19:12:16,922 - __main__ - DEBUG - - Entropy 0.0004
2025-09-23 19:12:16,922 - __main__ - DEBUG - - Dir -24.8696
2025-09-23 19:12:16,922 - __main__ - DEBUG - - NIW -12401.1211
2025-09-23 19:12:16,922 - __main__ - DEBUG - - Beta prior -15.8977
2025-09-23 19:12:20,887 - __main__ - DEBUG - Iter 0: ELBO after FB: -3688.3993 (LL 8753.4891, Δ=0.0000)
2025-09-23 19:12:20,887 - __main__ - DEBUG - Blending stats with ρ_niw=0.0500, ρ_tr=0.0500.
2025-09-23 19:12:20,936 - __main__ - DEBUG - Iter 0: ELBO after NIW update: -2262.0111 (Emit LL 10925.5249, NIW term -12637.0439, Δ=1426.3883)
2025-09-23 19:12:20,986 - __main__ - DEBUG - Iter 0: ELBO after Dirichlet update: -2261.9993 (Trans LL -5.1282, Dir term -24.8712, Δ=0.0118)
2025-09-23 19:12:21,055 - __main__ - DEBUG - Iter 0: ELBO after β update: -2262.5724 (Init LL -505.1042, Dir term -24.9119, logp(β) -15.9094, Δ=-0.5731)
2025-09-23 19:12:25,226 - __main__ - DEBUG - Iter 1: ELBO after FB: -2262.5724 (LL 10415.2929, Δ=0.0000)
2025-09-23 19:12:25,227 - __main__ - DEBUG - Blending stats with ρ_niw=0.0500, ρ_tr=0.0500.
2025-09-23 19:12:25,276 - __main__ - DEBUG - Iter 1: ELBO after NIW update: -2262.5724 (Emit LL 10925.5249, NIW term -12637.0439, Δ=0.0000)
2025-09-23 19:12:25,326 - __main__ - DEBUG - Iter 1: ELBO after Dirichlet update: -2262.6237 (Trans LL -5.1119, Dir term -24.9795, Δ=-0.0512)
2025-09-23 19:12:25,394 - __main__ - DEBUG - Iter 1: ELBO after β update: -2263.1578 (Init LL -505.5675, Dir term -25.0426, logp(β) -15.9171, Δ=-0.5341)
2025-09-23 19:12:29,550 - __main__ - DEBUG - Iter 2: ELBO after FB: -2263.1578 (LL 10414.8459, Δ=0.0000)
2025-09-23 19:12:29,550 - __main__ - DEBUG - Blending stats with ρ_niw=0.0500, ρ_tr=0.0500.
2025-09-23 19:12:29,600 - __main__ - DEBUG - Iter 2: ELBO after NIW update: -2263.1578 (Emit LL 10925.5249, NIW term -12637.0439, Δ=0.0000)
2025-09-23 19:12:29,649 - __main__ - DEBUG - Iter 2: ELBO after Dirichlet update: -2263.3722 (Trans LL -5.0967, Dir term -25.2722, Δ=-0.2144)
2025-09-23 19:12:29,721 - __main__ - DEBUG - Iter 2: ELBO after β update: -2263.8086 (Init LL -505.9198, Dir term -25.3561, logp(β) -15.9173, Δ=-0.4364)
2025-09-23 19:12:33,721 - __main__ - DEBUG - Iter 3: ELBO after FB: -2263.8086 (LL 10414.5087, Δ=0.0000)
2025-09-23 19:12:33,721 - __main__ - DEBUG - Blending stats with ρ_niw=0.0500, ρ_tr=0.0500.
2025-09-23 19:12:33,768 - __main__ - DEBUG - Iter 3: ELBO after NIW update: -2263.8086 (Emit LL 10925.5249, NIW term -12637.0439, Δ=0.0000)
2025-09-23 19:12:33,817 - __main__ - DEBUG - Iter 3: ELBO after Dirichlet update: -2264.1357 (Trans LL -5.0863, Dir term -25.6937, Δ=-0.3271)
2025-09-23 19:12:33,885 - __main__ - DEBUG - Iter 3: ELBO after β update: -2264.2764 (Init LL -506.0014, Dir term -25.7587, logp(β) -15.9114, Δ=-0.1407)
2025-09-23 19:12:38,038 - __main__ - DEBUG - Iter 4: ELBO after FB: -2264.2764 (LL 10414.4376, Δ=0.0000)
2025-09-23 19:12:38,039 - __main__ - DEBUG - Blending stats with ρ_niw=0.0500, ρ_tr=0.0500.
2025-09-23 19:12:38,086 - __main__ - DEBUG - Iter 4: ELBO after NIW update: -2264.2764 (Emit LL 10925.5249, NIW term -12637.0439, Δ=0.0000)
2025-09-23 19:12:38,133 - __main__ - DEBUG - Iter 4: ELBO after Dirichlet update: -2264.6151 (Trans LL -5.0833, Dir term -26.1003, Δ=-0.3387)
2025-09-23 19:12:38,188 - __main__ - DEBUG - Iter 4: ELBO after β update: -2264.5635 (Init LL -505.9269, Dir term -26.1251, logp(β) -15.9095, Δ=0.0516)
2025-09-23 19:12:38,190 - __main__ - INFO -    HMM refresh complete: ELBO=390.2943, iters=0, max iters, states=40
2025-09-23 19:12:38,190 - __main__ - INFO -    ✅ HMM updated (next in 12,000 steps)
2025-09-23 19:12:38,190 - __main__ - INFO - 🔄 VAE refresh starting at step 113,664 with replay size 8x1536
2025-09-23 19:12:38,191 - __main__ - INFO -    Using span sampling (12288 timesteps, too large for full buffer)
2025-09-23 19:13:04,971 - __main__ - INFO -    VAE refresh complete: final_loss=2756.8108, avg_loss=2758.8762, steps=4/4, trend=improving, total_timesteps=12288, span_sampling=32_requested×4_steps, span_len=64
2025-09-23 19:13:04,973 - __main__ - INFO -    ✅ VAE updated (next in 12,000 steps)
2025-09-23 19:13:07,295 - __main__ - INFO - 📊 Episodes completed this rollout: 5
2025-09-23 19:13:07,296 - __main__ - INFO - 📈 Episode stats: avg return = 0.41, avg length = 192.8
2025-09-23 19:13:07,296 - __main__ - INFO - 🎯 Top 3 training actions: #3(22894), #0(19317), #5(16953)
2025-09-23 19:13:11,311 - __main__ - INFO - 📊 Episodes completed this rollout: 5
2025-09-23 19:13:11,311 - __main__ - INFO - 📈 Episode stats: avg return = 0.60, avg length = 176.2
2025-09-23 19:13:11,311 - __main__ - INFO - 🎯 Top 3 training actions: #3(23012), #0(19492), #5(17055)
2025-09-23 19:13:15,299 - __main__ - INFO - 📊 Episodes completed this rollout: 1
2025-09-23 19:13:15,299 - __main__ - INFO - 📈 Episode stats: avg return = -0.28, avg length = 300.0
2025-09-23 19:13:15,300 - __main__ - INFO - 🎯 Top 3 training actions: #3(23137), #0(19668), #5(17174)
2025-09-23 19:13:19,348 - __main__ - INFO - 📊 Episodes completed this rollout: 6
2025-09-23 19:13:19,349 - __main__ - INFO - 📈 Episode stats: avg return = -0.12, avg length = 290.5
2025-09-23 19:13:19,349 - __main__ - INFO - 🎯 Top 3 training actions: #3(23259), #0(19847), #5(17276)
2025-09-23 19:13:23,371 - __main__ - INFO - 📊 Episodes completed this rollout: 3
2025-09-23 19:13:23,371 - __main__ - INFO - 📈 Episode stats: avg return = 0.18, avg length = 251.7
2025-09-23 19:13:23,371 - __main__ - INFO - 🎯 Top 3 training actions: #3(23366), #0(20016), #5(17365)
2025-09-23 19:13:27,444 - __main__ - INFO - 📊 Episodes completed this rollout: 6
2025-09-23 19:13:27,444 - __main__ - INFO - 📈 Episode stats: avg return = 0.43, avg length = 210.5
2025-09-23 19:13:27,445 - __main__ - INFO - 🎯 Top 3 training actions: #3(23517), #0(20191), #5(17462)
2025-09-23 19:13:31,445 - __main__ - INFO - 📊 Episodes completed this rollout: 7
2025-09-23 19:13:31,445 - __main__ - INFO - 📈 Episode stats: avg return = 0.56, avg length = 164.9
2025-09-23 19:13:31,446 - __main__ - INFO - 🎯 Top 3 training actions: #3(23669), #0(20376), #5(17560)
2025-09-23 19:13:33,129 - __main__ - INFO - 🧪 Starting evaluation with 50 episodes...
2025-09-23 19:13:33,129 - __main__ - INFO -    Eval seed: 51
2025-09-23 19:13:33,129 - __main__ - INFO -    Max episode steps (eval): env default
2025-09-23 19:13:33,129 - nle.env.base - INFO - Not saving any NLE data.
2025-09-23 19:13:34,765 - __main__ - DEBUG - 🎯 Eval HMM masking: step 150 masked due to negative reward
2025-09-23 19:13:36,355 - __main__ - WARNING - ⚠️ Episode 1 terminated due to step limit.
2025-09-23 19:13:37,054 - __main__ - DEBUG - 🎯 Eval HMM masking: step 50 masked due to negative reward
2025-09-23 19:13:44,671 - __main__ - DEBUG - 🎯 Eval HMM masking: step 250 masked due to negative reward
2025-09-23 19:13:45,190 - __main__ - WARNING - ⚠️ Episode 5 terminated due to step limit.
2025-09-23 19:13:45,890 - __main__ - DEBUG - 🎯 Eval HMM masking: step 50 masked due to negative reward
2025-09-23 19:13:48,506 - __main__ - WARNING - ⚠️ Episode 6 terminated due to step limit.
2025-09-23 19:13:57,189 - __main__ - DEBUG - 🎯 Eval HMM masking: step 50 masked due to negative reward
2025-09-23 19:13:58,296 - __main__ - DEBUG - 🎯 Eval HMM masking: step 150 masked due to negative reward
2025-09-23 19:14:02,058 - __main__ - WARNING - ⚠️ Episode 14 terminated due to step limit.
2025-09-23 19:14:07,176 - __main__ - DEBUG - 🎯 Eval HMM masking: step 200 masked due to negative reward
2025-09-23 19:14:08,238 - __main__ - WARNING - ⚠️ Episode 17 terminated due to step limit.
2025-09-23 19:14:11,578 - __main__ - DEBUG - 🎯 Eval HMM masking: step 250 masked due to negative reward
2025-09-23 19:14:12,097 - __main__ - WARNING - ⚠️ Episode 19 terminated due to step limit.
2025-09-23 19:14:13,857 - __main__ - DEBUG - 🎯 Eval HMM masking: step 150 masked due to negative reward
2025-09-23 19:14:17,458 - __main__ - WARNING - ⚠️ Episode 21 terminated due to step limit.
2025-09-23 19:14:20,799 - __main__ - WARNING - ⚠️ Episode 22 terminated due to step limit.
2025-09-23 19:14:23,828 - __main__ - DEBUG - 🎯 Eval HMM masking: step 100 masked due to negative reward
2025-09-23 19:14:25,932 - __main__ - WARNING - ⚠️ Episode 24 terminated due to step limit.
2025-09-23 19:14:27,157 - __main__ - DEBUG - 🎯 Eval HMM masking: step 100 masked due to negative reward
2025-09-23 19:14:27,686 - __main__ - DEBUG - 🎯 Eval HMM masking: step 150 masked due to negative reward
2025-09-23 19:14:28,817 - __main__ - DEBUG - 🎯 Eval HMM masking: step 250 masked due to negative reward
2025-09-23 19:14:32,660 - __main__ - WARNING - ⚠️ Episode 26 terminated due to step limit.
2025-09-23 19:14:35,825 - __main__ - DEBUG - 🎯 Eval HMM masking: step 150 masked due to negative reward
2025-09-23 19:14:37,397 - __main__ - WARNING - ⚠️ Episode 28 terminated due to step limit.
2025-09-23 19:14:40,758 - __main__ - WARNING - ⚠️ Episode 29 terminated due to step limit.
2025-09-23 19:14:44,083 - __main__ - WARNING - ⚠️ Episode 30 terminated due to step limit.
2025-09-23 19:14:49,155 - __main__ - WARNING - ⚠️ Episode 33 terminated due to step limit.
2025-09-23 19:14:52,481 - __main__ - WARNING - ⚠️ Episode 34 terminated due to step limit.
2025-09-23 19:14:54,308 - __main__ - DEBUG - 🎯 Eval HMM masking: step 100 masked due to negative reward
2025-09-23 19:14:57,860 - __main__ - DEBUG - 🎯 Eval HMM masking: step 250 masked due to negative reward
2025-09-23 19:14:58,380 - __main__ - WARNING - ⚠️ Episode 37 terminated due to step limit.
2025-09-23 19:15:01,789 - __main__ - WARNING - ⚠️ Episode 38 terminated due to step limit.
2025-09-23 19:15:03,027 - __main__ - DEBUG - 🎯 Eval HMM masking: step 100 masked due to negative reward
2025-09-23 19:15:05,150 - __main__ - WARNING - ⚠️ Episode 39 terminated due to step limit.
2025-09-23 19:15:05,853 - __main__ - DEBUG - 🎯 Eval HMM masking: step 50 masked due to negative reward
2025-09-23 19:15:09,946 - __main__ - DEBUG - 🎯 Eval HMM masking: step 250 masked due to negative reward
2025-09-23 19:15:10,469 - __main__ - WARNING - ⚠️ Episode 41 terminated due to step limit.
2025-09-23 19:15:11,171 - __main__ - DEBUG - 🎯 Eval HMM masking: step 50 masked due to negative reward
2025-09-23 19:15:13,332 - __main__ - DEBUG - 🎯 Eval HMM masking: step 250 masked due to negative reward
2025-09-23 19:15:13,888 - __main__ - WARNING - ⚠️ Episode 42 terminated due to step limit.
2025-09-23 19:15:15,120 - __main__ - DEBUG - 🎯 Eval HMM masking: step 100 masked due to negative reward
2025-09-23 19:15:17,206 - __main__ - WARNING - ⚠️ Episode 43 terminated due to step limit.
2025-09-23 19:15:20,584 - __main__ - DEBUG - 🎯 Eval HMM masking: step 250 masked due to negative reward
2025-09-23 19:15:21,100 - __main__ - WARNING - ⚠️ Episode 45 terminated due to step limit.
2025-09-23 19:15:21,796 - __main__ - DEBUG - 🎯 Eval HMM masking: step 50 masked due to negative reward
2025-09-23 19:15:24,461 - __main__ - WARNING - ⚠️ Episode 46 terminated due to step limit.
2025-09-23 19:15:27,761 - __main__ - WARNING - ⚠️ Episode 47 terminated due to step limit.
2025-09-23 19:15:31,065 - __main__ - WARNING - ⚠️ Episode 48 terminated due to step limit.
2025-09-23 19:15:31,822 - __main__ - DEBUG - 🎯 Eval HMM masking: step 50 masked due to negative reward
2025-09-23 19:15:33,675 - __main__ - DEBUG - 🎯 Eval HMM masking: step 100 masked due to negative reward
2025-09-23 19:15:35,776 - __main__ - WARNING - ⚠️ Episode 50 terminated due to step limit.
2025-09-23 19:15:35,945 - __main__ - INFO - 📊 Evaluation Results (Current Round):
2025-09-23 19:15:35,945 - __main__ - INFO -    Episodes: 50
2025-09-23 19:15:35,945 - __main__ - INFO -    Time: 122.8s (2.5s/ep)
2025-09-23 19:15:35,945 - __main__ - INFO -    Average Return: 0.226 ± 0.628
2025-09-23 19:15:35,945 - __main__ - INFO -    Success Rate: 48.0%
2025-09-23 19:15:35,945 - __main__ - INFO -    Average Length: 219.9
2025-09-23 19:15:35,945 - __main__ - INFO -    Average Coverage: 79.3 positions
2025-09-23 19:15:35,945 - __main__ - INFO -    Episode Completions: 24 terminated (48.0%), 26 truncated (52.0%)
2025-09-23 19:15:35,945 - __main__ - INFO - 📈 Total Evaluation Statistics:
2025-09-23 19:15:35,945 - __main__ - INFO -    Total Episodes: 600
2025-09-23 19:15:35,946 - __main__ - INFO -    Total Average Return: 0.094 ± 0.639
2025-09-23 19:15:35,946 - __main__ - INFO -    Total Average Length: 230.8 ± 101.3
2025-09-23 19:15:35,946 - __main__ - INFO -    Total Completions: 235 terminated (39.2%), 365 truncated (60.8%)
2025-09-23 19:15:35,946 - __main__ - INFO -    Skill Entropy: 0.001
2025-09-23 19:15:35,946 - __main__ - INFO -    Used Skills: 1.0
2025-09-23 19:15:35,946 - __main__ - INFO -    Effective K: 1.00
2025-09-23 19:15:35,946 - __main__ - INFO - 🎯 Action Usage Statistics:
2025-09-23 19:15:35,946 - __main__ - INFO -    Unique actions in evaluation: 8
2025-09-23 19:15:35,946 - __main__ - INFO -    Unique actions in training: 8
2025-09-23 19:15:35,946 - __main__ - INFO -    Total unique actions: 8
2025-09-23 19:15:35,946 - __main__ - INFO -    Action coverage: 6.6%
2025-09-23 19:15:35,947 - __main__ - INFO -    Train action count: 120832
2025-09-23 19:15:35,947 - __main__ - INFO -    Eval action count: 138472
2025-09-23 19:15:35,947 - __main__ - INFO -    Train action entropy: 2.026
2025-09-23 19:15:35,947 - __main__ - INFO -    Eval action entropy: 2.025
2025-09-23 19:15:35,948 - __main__ - INFO -    Top 3 train actions: #3(23669), #0(20376), #5(17560)
2025-09-23 19:15:35,948 - __main__ - INFO -    Top 3 eval actions: #3(27722), #0(23426), #5(20798)
2025-09-23 19:15:38,293 - __main__ - INFO - 📊 Episodes completed this rollout: 6
2025-09-23 19:15:38,294 - __main__ - INFO - 📈 Episode stats: avg return = 0.31, avg length = 185.2
2025-09-23 19:15:38,294 - __main__ - INFO - 🎯 Top 3 training actions: #3(23802), #0(20567), #5(17663)
2025-09-23 19:15:42,378 - __main__ - INFO - 📊 Episodes completed this rollout: 3
2025-09-23 19:15:42,378 - __main__ - INFO - 📈 Episode stats: avg return = 0.51, avg length = 168.3
2025-09-23 19:15:42,379 - __main__ - INFO - 🎯 Top 3 training actions: #3(23934), #0(20764), #5(17791)
2025-09-23 19:15:46,454 - __main__ - INFO - 📊 Episodes completed this rollout: 4
2025-09-23 19:15:46,454 - __main__ - INFO - 📈 Episode stats: avg return = -0.01, avg length = 280.8
2025-09-23 19:15:46,455 - __main__ - INFO - 🎯 Top 3 training actions: #3(24058), #0(20982), #5(17925)
2025-09-23 19:15:50,469 - __main__ - INFO - 📊 Episodes completed this rollout: 5
2025-09-23 19:15:50,470 - __main__ - INFO - 📈 Episode stats: avg return = 0.37, avg length = 233.4
2025-09-23 19:15:50,470 - __main__ - INFO - 🎯 Top 3 training actions: #3(24181), #0(21164), #5(18038)
2025-09-23 19:15:54,482 - __main__ - INFO - 📊 Episodes completed this rollout: 3
2025-09-23 19:15:54,482 - __main__ - INFO - 📈 Episode stats: avg return = -0.03, avg length = 239.0
2025-09-23 19:15:54,483 - __main__ - INFO - 🎯 Top 3 training actions: #3(24307), #0(21343), #5(18146)
2025-09-23 19:15:56,174 - __main__ - INFO - 🔄 Synchronized model update at step 125,952
2025-09-23 19:15:56,174 - __main__ - INFO -    HMM interval: 12,000, VAE interval: 12,000
2025-09-23 19:15:56,175 - __main__ - INFO - 🚫 Model training masking: 1776/12288 timesteps masked (14.5%) due to negative rewards (invalid actions)
2025-09-23 19:15:56,559 - __main__ - INFO - 🔄 Capping HMM batch size from 991 to 128 to prevent OOM
2025-09-23 19:15:56,560 - __main__ - INFO - 🔄 HMM refresh starting at step 125,952 with replay size 128x78
2025-09-23 19:16:00,974 - __main__ - DEBUG - Initial ELBO: -1941.4333
2025-09-23 19:16:00,977 - __main__ - DEBUG - Relative tol: 0.0100
2025-09-23 19:16:00,977 - __main__ - DEBUG - Relative elbo_drop_tol: 0.0100
2025-09-23 19:16:00,977 - __main__ - DEBUG - - Init -505.1042
2025-09-23 19:16:00,978 - __main__ - DEBUG - - Trans -4.9224
2025-09-23 19:16:00,978 - __main__ - DEBUG - - Emit 11246.4582
2025-09-23 19:16:00,978 - __main__ - DEBUG - - Entropy 0.0004
2025-09-23 19:16:00,978 - __main__ - DEBUG - - Dir -24.9119
2025-09-23 19:16:00,978 - __main__ - DEBUG - - NIW -12637.0439
2025-09-23 19:16:00,978 - __main__ - DEBUG - - Beta prior -15.9094
2025-09-23 19:16:05,772 - __main__ - DEBUG - Iter 0: ELBO after FB: -1941.4333 (LL 10736.4320, Δ=0.0000)
2025-09-23 19:16:05,772 - __main__ - DEBUG - Blending stats with ρ_niw=0.0500, ρ_tr=0.0500.
2025-09-23 19:16:05,820 - __main__ - DEBUG - Iter 0: ELBO after NIW update: -597.7881 (Emit LL 12821.2586, NIW term -12868.1992, Δ=1343.6451)
2025-09-23 19:16:05,870 - __main__ - DEBUG - Iter 0: ELBO after Dirichlet update: -597.7613 (Trans LL -4.9213, Dir term -24.8862, Δ=0.0269)
2025-09-23 19:16:05,935 - __main__ - DEBUG - Iter 0: ELBO after β update: -598.3230 (Init LL -505.6239, Dir term -24.9163, logp(β) -15.9214, Δ=-0.5617)
2025-09-23 19:16:10,690 - __main__ - DEBUG - Iter 1: ELBO after FB: -598.3230 (LL 12310.7139, Δ=0.0000)
2025-09-23 19:16:10,691 - __main__ - DEBUG - Blending stats with ρ_niw=0.0500, ρ_tr=0.0500.
2025-09-23 19:16:10,739 - __main__ - DEBUG - Iter 1: ELBO after NIW update: -598.3230 (Emit LL 12821.2586, NIW term -12868.1992, Δ=0.0000)
2025-09-23 19:16:10,787 - __main__ - DEBUG - Iter 1: ELBO after Dirichlet update: -598.3869 (Trans LL -4.9056, Dir term -24.9959, Δ=-0.0639)
2025-09-23 19:16:10,857 - __main__ - DEBUG - Iter 1: ELBO after β update: -598.8920 (Init LL -506.0671, Dir term -25.0513, logp(β) -15.9279, Δ=-0.5051)
2025-09-23 19:16:15,661 - __main__ - DEBUG - Iter 2: ELBO after FB: -598.8920 (LL 12310.2864, Δ=0.0000)
2025-09-23 19:16:15,662 - __main__ - DEBUG - Blending stats with ρ_niw=0.0500, ρ_tr=0.0500.
2025-09-23 19:16:15,709 - __main__ - DEBUG - Iter 2: ELBO after NIW update: -598.8920 (Emit LL 12821.2586, NIW term -12868.1992, Δ=0.0000)
2025-09-23 19:16:15,757 - __main__ - DEBUG - Iter 2: ELBO after Dirichlet update: -599.1115 (Trans LL -4.8922, Dir term -25.2842, Δ=-0.2195)
2025-09-23 19:16:15,827 - __main__ - DEBUG - Iter 2: ELBO after β update: -599.5317 (Init LL -506.3960, Dir term -25.3760, logp(β) -15.9274, Δ=-0.4202)
2025-09-23 19:16:20,604 - __main__ - DEBUG - Iter 3: ELBO after FB: -599.5317 (LL 12309.9709, Δ=0.0000)
2025-09-23 19:16:20,605 - __main__ - DEBUG - Blending stats with ρ_niw=0.0500, ρ_tr=0.0500.
2025-09-23 19:16:20,653 - __main__ - DEBUG - Iter 3: ELBO after NIW update: -599.5317 (Emit LL 12821.2586, NIW term -12868.1992, Δ=0.0000)
2025-09-23 19:16:20,701 - __main__ - DEBUG - Iter 3: ELBO after Dirichlet update: -599.8689 (Trans LL -4.8827, Dir term -25.7226, Δ=-0.3372)
2025-09-23 19:16:20,756 - __main__ - DEBUG - Iter 3: ELBO after β update: -599.8289 (Init LL -506.3351, Dir term -25.7451, logp(β) -15.9258, Δ=0.0400)
2025-09-23 19:16:25,515 - __main__ - DEBUG - Iter 4: ELBO after FB: -599.8289 (LL 12310.0412, Δ=0.0000)
2025-09-23 19:16:25,516 - __main__ - DEBUG - Blending stats with ρ_niw=0.0500, ρ_tr=0.0500.
2025-09-23 19:16:25,564 - __main__ - DEBUG - Iter 4: ELBO after NIW update: -599.8289 (Emit LL 12821.2586, NIW term -12868.1992, Δ=0.0000)
2025-09-23 19:16:25,611 - __main__ - DEBUG - Iter 4: ELBO after Dirichlet update: -599.9340 (Trans LL -4.8844, Dir term -25.8486, Δ=-0.1051)
2025-09-23 19:16:25,673 - __main__ - DEBUG - Iter 4: ELBO after β update: -600.1361 (Init LL -506.4784, Dir term -25.9131, logp(β) -15.9201, Δ=-0.2021)
2025-09-23 19:16:25,675 - __main__ - INFO -    HMM refresh complete: ELBO=309.0774, iters=0, max iters, states=40
2025-09-23 19:16:25,675 - __main__ - INFO -    ✅ HMM updated (next in 12,000 steps)
2025-09-23 19:16:25,675 - __main__ - INFO - 🔄 VAE refresh starting at step 125,952 with replay size 8x1536
2025-09-23 19:16:25,676 - __main__ - INFO -    Using span sampling (12288 timesteps, too large for full buffer)
2025-09-23 19:16:50,763 - __main__ - INFO -    VAE refresh complete: final_loss=2749.6838, avg_loss=2752.3778, steps=4/4, trend=improving, total_timesteps=12288, span_sampling=32_requested×4_steps, span_len=64
2025-09-23 19:16:50,765 - __main__ - INFO -    ✅ VAE updated (next in 12,000 steps)
2025-09-23 19:16:53,107 - __main__ - INFO - 📊 Episodes completed this rollout: 5
2025-09-23 19:16:53,107 - __main__ - INFO - 📈 Episode stats: avg return = -0.28, avg length = 300.0
2025-09-23 19:16:53,107 - __main__ - INFO - 🎯 Top 3 training actions: #3(24446), #0(21526), #5(18257)
2025-09-23 19:16:57,068 - __main__ - INFO - 📊 Episodes completed this rollout: 4
2025-09-23 19:16:57,069 - __main__ - INFO - 📈 Episode stats: avg return = -0.11, avg length = 267.2
2025-09-23 19:16:57,069 - __main__ - INFO - 🎯 Top 3 training actions: #3(24581), #0(21721), #5(18353)
2025-09-23 19:17:01,031 - __main__ - INFO - 📊 Episodes completed this rollout: 4
2025-09-23 19:17:01,032 - __main__ - INFO - 📈 Episode stats: avg return = 0.04, avg length = 226.5
2025-09-23 19:17:01,032 - __main__ - INFO - 🎯 Top 3 training actions: #3(24685), #0(21918), #5(18465)
2025-09-23 19:17:04,986 - __main__ - INFO - 📊 Episodes completed this rollout: 5
2025-09-23 19:17:04,986 - __main__ - INFO - 📈 Episode stats: avg return = 0.42, avg length = 175.8
2025-09-23 19:17:04,986 - __main__ - INFO - 🎯 Top 3 training actions: #3(24791), #0(22114), #5(18573)
2025-09-23 19:17:06,727 - __main__ - INFO - 🧪 Starting evaluation with 50 episodes...
2025-09-23 19:17:06,727 - __main__ - INFO -    Eval seed: 51
2025-09-23 19:17:06,727 - __main__ - INFO -    Max episode steps (eval): env default
2025-09-23 19:17:06,727 - nle.env.base - INFO - Not saving any NLE data.
2025-09-23 19:17:09,914 - __main__ - WARNING - ⚠️ Episode 1 terminated due to step limit.
2025-09-23 19:17:15,411 - __main__ - WARNING - ⚠️ Episode 5 terminated due to step limit.
2025-09-23 19:17:18,751 - __main__ - WARNING - ⚠️ Episode 6 terminated due to step limit.
2025-09-23 19:17:19,450 - __main__ - DEBUG - 🎯 Eval HMM masking: step 50 masked due to negative reward
2025-09-23 19:17:22,099 - __main__ - WARNING - ⚠️ Episode 7 terminated due to step limit.
2025-09-23 19:17:25,574 - __main__ - WARNING - ⚠️ Episode 8 terminated due to step limit.
2025-09-23 19:17:29,105 - __main__ - WARNING - ⚠️ Episode 9 terminated due to step limit.
2025-09-23 19:17:31,374 - __main__ - DEBUG - 🎯 Eval HMM masking: step 200 masked due to negative reward
2025-09-23 19:17:32,418 - __main__ - WARNING - ⚠️ Episode 10 terminated due to step limit.
2025-09-23 19:17:35,728 - __main__ - WARNING - ⚠️ Episode 11 terminated due to step limit.
2025-09-23 19:17:39,239 - __main__ - WARNING - ⚠️ Episode 12 terminated due to step limit.
2025-09-23 19:17:46,196 - __main__ - WARNING - ⚠️ Episode 16 terminated due to step limit.
2025-09-23 19:17:49,538 - __main__ - WARNING - ⚠️ Episode 17 terminated due to step limit.
2025-09-23 19:17:50,235 - __main__ - DEBUG - 🎯 Eval HMM masking: step 50 masked due to negative reward
2025-09-23 19:17:57,697 - __main__ - DEBUG - 🎯 Eval HMM masking: step 250 masked due to negative reward
2025-09-23 19:17:58,221 - __main__ - WARNING - ⚠️ Episode 21 terminated due to step limit.
2025-09-23 19:18:06,366 - __main__ - WARNING - ⚠️ Episode 24 terminated due to step limit.
2025-09-23 19:18:08,684 - __main__ - DEBUG - 🎯 Eval HMM masking: step 200 masked due to negative reward
2025-09-23 19:18:09,214 - __main__ - DEBUG - 🎯 Eval HMM masking: step 250 masked due to negative reward
2025-09-23 19:18:12,892 - __main__ - WARNING - ⚠️ Episode 26 terminated due to step limit.
2025-09-23 19:18:16,840 - __main__ - WARNING - ⚠️ Episode 28 terminated due to step limit.
2025-09-23 19:18:19,738 - __main__ - DEBUG - 🎯 Eval HMM masking: step 250 masked due to negative reward
2025-09-23 19:18:20,265 - __main__ - WARNING - ⚠️ Episode 29 terminated due to step limit.
2025-09-23 19:18:22,082 - __main__ - DEBUG - 🎯 Eval HMM masking: step 150 masked due to negative reward
2025-09-23 19:18:26,368 - __main__ - DEBUG - 🎯 Eval HMM masking: step 200 masked due to negative reward
2025-09-23 19:18:27,472 - __main__ - WARNING - ⚠️ Episode 33 terminated due to step limit.
2025-09-23 19:18:28,169 - __main__ - DEBUG - 🎯 Eval HMM masking: step 50 masked due to negative reward
2025-09-23 19:18:31,126 - __main__ - DEBUG - 🎯 Eval HMM masking: step 50 masked due to negative reward
2025-09-23 19:18:33,815 - __main__ - WARNING - ⚠️ Episode 35 terminated due to step limit.
2025-09-23 19:18:37,198 - __main__ - WARNING - ⚠️ Episode 36 terminated due to step limit.
2025-09-23 19:18:39,508 - __main__ - DEBUG - 🎯 Eval HMM masking: step 200 masked due to negative reward
2025-09-23 19:18:40,605 - __main__ - WARNING - ⚠️ Episode 37 terminated due to step limit.
2025-09-23 19:18:46,173 - __main__ - WARNING - ⚠️ Episode 40 terminated due to step limit.
2025-09-23 19:18:48,464 - __main__ - DEBUG - 🎯 Eval HMM masking: step 200 masked due to negative reward
2025-09-23 19:18:52,001 - __main__ - WARNING - ⚠️ Episode 42 terminated due to step limit.
2025-09-23 19:18:56,386 - __main__ - DEBUG - 🎯 Eval HMM masking: step 200 masked due to negative reward
2025-09-23 19:18:57,441 - __main__ - WARNING - ⚠️ Episode 45 terminated due to step limit.
2025-09-23 19:19:00,774 - __main__ - WARNING - ⚠️ Episode 46 terminated due to step limit.
2025-09-23 19:19:04,155 - __main__ - WARNING - ⚠️ Episode 47 terminated due to step limit.
2025-09-23 19:19:08,755 - __main__ - WARNING - ⚠️ Episode 49 terminated due to step limit.
2025-09-23 19:19:11,077 - __main__ - DEBUG - 🎯 Eval HMM masking: step 200 masked due to negative reward
2025-09-23 19:19:12,229 - __main__ - WARNING - ⚠️ Episode 50 terminated due to step limit.
2025-09-23 19:19:12,398 - __main__ - INFO - 📊 Evaluation Results (Current Round):
2025-09-23 19:19:12,399 - __main__ - INFO -    Episodes: 50
2025-09-23 19:19:12,399 - __main__ - INFO -    Time: 125.7s (2.5s/ep)
2025-09-23 19:19:12,399 - __main__ - INFO -    Average Return: 0.217 ± 0.607
2025-09-23 19:19:12,399 - __main__ - INFO -    Success Rate: 46.0%
2025-09-23 19:19:12,399 - __main__ - INFO -    Average Length: 222.7
2025-09-23 19:19:12,399 - __main__ - INFO -    Average Coverage: 78.7 positions
2025-09-23 19:19:12,399 - __main__ - INFO -    Episode Completions: 23 terminated (46.0%), 27 truncated (54.0%)
2025-09-23 19:19:12,399 - __main__ - INFO - 📈 Total Evaluation Statistics:
2025-09-23 19:19:12,399 - __main__ - INFO -    Total Episodes: 650
2025-09-23 19:19:12,399 - __main__ - INFO -    Total Average Return: 0.103 ± 0.637
2025-09-23 19:19:12,400 - __main__ - INFO -    Total Average Length: 230.2 ± 101.6
2025-09-23 19:19:12,400 - __main__ - INFO -    Total Completions: 258 terminated (39.7%), 392 truncated (60.3%)
2025-09-23 19:19:12,400 - __main__ - INFO -    Skill Entropy: 0.001
2025-09-23 19:19:12,400 - __main__ - INFO -    Used Skills: 1.0
2025-09-23 19:19:12,400 - __main__ - INFO -    Effective K: 1.00
2025-09-23 19:19:12,400 - __main__ - INFO - 🎯 Action Usage Statistics:
2025-09-23 19:19:12,400 - __main__ - INFO -    Unique actions in evaluation: 8
2025-09-23 19:19:12,400 - __main__ - INFO -    Unique actions in training: 8
2025-09-23 19:19:12,400 - __main__ - INFO -    Total unique actions: 8
2025-09-23 19:19:12,400 - __main__ - INFO -    Action coverage: 6.6%
2025-09-23 19:19:12,400 - __main__ - INFO -    Train action count: 130048
2025-09-23 19:19:12,401 - __main__ - INFO -    Eval action count: 149609
2025-09-23 19:19:12,401 - __main__ - INFO -    Train action entropy: 2.032
2025-09-23 19:19:12,401 - __main__ - INFO -    Eval action entropy: 2.031
2025-09-23 19:19:12,401 - __main__ - INFO -    Top 3 train actions: #3(24791), #0(22114), #5(18573)
2025-09-23 19:19:12,401 - __main__ - INFO -    Top 3 eval actions: #3(29120), #0(25352), #5(22075)
2025-09-23 19:19:14,708 - __main__ - INFO - 📊 Episodes completed this rollout: 4
2025-09-23 19:19:14,708 - __main__ - INFO - 📈 Episode stats: avg return = -0.10, avg length = 280.0
2025-09-23 19:19:14,709 - __main__ - INFO - 🎯 Top 3 training actions: #3(24913), #0(22263), #5(18684)
2025-09-23 19:19:18,655 - __main__ - INFO - 📊 Episodes completed this rollout: 3
2025-09-23 19:19:18,655 - __main__ - INFO - 📈 Episode stats: avg return = 0.02, avg length = 292.7
2025-09-23 19:19:18,655 - __main__ - INFO - 🎯 Top 3 training actions: #3(25023), #0(22435), #5(18817)
2025-09-23 19:19:22,626 - __main__ - INFO - 📊 Episodes completed this rollout: 3
2025-09-23 19:19:22,626 - __main__ - INFO - 📈 Episode stats: avg return = -0.53, avg length = 300.0
2025-09-23 19:19:22,626 - __main__ - INFO - 🎯 Top 3 training actions: #3(25165), #0(22586), #5(18938)
2025-09-23 19:19:26,643 - __main__ - INFO - 📊 Episodes completed this rollout: 5
2025-09-23 19:19:26,643 - __main__ - INFO - 📈 Episode stats: avg return = -0.29, avg length = 300.0
2025-09-23 19:19:26,643 - __main__ - INFO - 🎯 Top 3 training actions: #3(25288), #0(22733), #5(19046)
2025-09-23 19:19:30,584 - __main__ - INFO - 📊 Episodes completed this rollout: 5
2025-09-23 19:19:30,585 - __main__ - INFO - 📈 Episode stats: avg return = 0.45, avg length = 196.0
2025-09-23 19:19:30,585 - __main__ - INFO - 🎯 Top 3 training actions: #3(25436), #0(22872), #5(19170)
2025-09-23 19:19:34,559 - __main__ - INFO - 📊 Episodes completed this rollout: 2
2025-09-23 19:19:34,559 - __main__ - INFO - 📈 Episode stats: avg return = 0.25, avg length = 272.5
2025-09-23 19:19:34,559 - __main__ - INFO - 🎯 Top 3 training actions: #3(25580), #0(23045), #5(19274)
2025-09-23 19:19:38,600 - __main__ - INFO - 📊 Episodes completed this rollout: 7
2025-09-23 19:19:38,600 - __main__ - INFO - 📈 Episode stats: avg return = 0.15, avg length = 243.1
2025-09-23 19:19:38,600 - __main__ - INFO - 🎯 Top 3 training actions: #3(25709), #0(23206), #5(19399)
2025-09-23 19:19:42,577 - __main__ - INFO - 📊 Episodes completed this rollout: 1
2025-09-23 19:19:42,577 - __main__ - INFO - 📈 Episode stats: avg return = 0.92, avg length = 134.0
2025-09-23 19:19:42,578 - __main__ - INFO - 🎯 Top 3 training actions: #3(25862), #0(23354), #5(19512)
2025-09-23 19:19:44,320 - __main__ - INFO - 🔄 Synchronized model update at step 138,240
2025-09-23 19:19:44,323 - __main__ - INFO -    HMM interval: 12,000, VAE interval: 12,000
2025-09-23 19:19:44,323 - __main__ - INFO - 🚫 Model training masking: 1536/12288 timesteps masked (12.5%) due to negative rewards (invalid actions)
2025-09-23 19:19:44,701 - __main__ - INFO - 🔄 Capping HMM batch size from 919 to 128 to prevent OOM
2025-09-23 19:19:44,702 - __main__ - INFO - 🔄 HMM refresh starting at step 138,240 with replay size 128x95
2025-09-23 19:19:50,069 - __main__ - DEBUG - Initial ELBO: 689.7259
2025-09-23 19:19:50,073 - __main__ - DEBUG - Relative tol: 0.0100
2025-09-23 19:19:50,073 - __main__ - DEBUG - Relative elbo_drop_tol: 0.0100
2025-09-23 19:19:50,073 - __main__ - DEBUG - - Init -505.6239
2025-09-23 19:19:50,073 - __main__ - DEBUG - - Trans -5.2824
2025-09-23 19:19:50,073 - __main__ - DEBUG - - Emit 14109.6686
2025-09-23 19:19:50,073 - __main__ - DEBUG - - Entropy 0.0005
2025-09-23 19:19:50,073 - __main__ - DEBUG - - Dir -24.9163
2025-09-23 19:19:50,073 - __main__ - DEBUG - - NIW -12868.1992
2025-09-23 19:19:50,073 - __main__ - DEBUG - - Beta prior -15.9214
2025-09-23 19:19:55,720 - __main__ - DEBUG - Iter 0: ELBO after FB: 689.7259 (LL 13598.7628, Δ=0.0000)
2025-09-23 19:19:55,721 - __main__ - DEBUG - Blending stats with ρ_niw=0.0500, ρ_tr=0.0500.
2025-09-23 19:19:55,770 - __main__ - DEBUG - Iter 0: ELBO after NIW update: 2204.7700 (Emit LL 15903.7312, NIW term -13147.2178, Δ=1515.0441)
2025-09-23 19:19:55,819 - __main__ - DEBUG - Iter 0: ELBO after Dirichlet update: 2204.7980 (Trans LL -5.2608, Dir term -24.9099, Δ=0.0280)
2025-09-23 19:19:55,889 - __main__ - DEBUG - Iter 0: ELBO after β update: 2204.2446 (Init LL -506.1450, Dir term -24.9301, logp(β) -15.9335, Δ=-0.5534)
2025-09-23 19:20:01,842 - __main__ - DEBUG - Iter 1: ELBO after FB: 2204.2446 (LL 15392.3260, Δ=0.0000)
2025-09-23 19:20:01,843 - __main__ - DEBUG - Blending stats with ρ_niw=0.0500, ρ_tr=0.0500.
2025-09-23 19:20:01,892 - __main__ - DEBUG - Iter 1: ELBO after NIW update: 2204.2446 (Emit LL 15903.7312, NIW term -13147.2178, Δ=0.0000)
2025-09-23 19:20:01,941 - __main__ - DEBUG - Iter 1: ELBO after Dirichlet update: 2204.1838 (Trans LL -5.2446, Dir term -25.0072, Δ=-0.0608)
2025-09-23 19:20:02,007 - __main__ - DEBUG - Iter 1: ELBO after β update: 2203.6728 (Init LL -506.5858, Dir term -25.0715, logp(β) -15.9393, Δ=-0.5109)
2025-09-23 19:20:08,069 - __main__ - DEBUG - Iter 2: ELBO after FB: 2203.6728 (LL 15391.9014, Δ=0.0000)
2025-09-23 19:20:08,069 - __main__ - DEBUG - Blending stats with ρ_niw=0.0500, ρ_tr=0.0500.
2025-09-23 19:20:08,121 - __main__ - DEBUG - Iter 2: ELBO after NIW update: 2203.6728 (Emit LL 15903.7312, NIW term -13147.2178, Δ=0.0000)
2025-09-23 19:20:08,170 - __main__ - DEBUG - Iter 2: ELBO after Dirichlet update: 2203.4574 (Trans LL -5.2302, Dir term -25.3013, Δ=-0.2155)
2025-09-23 19:20:08,242 - __main__ - DEBUG - Iter 2: ELBO after β update: 2203.1018 (Init LL -506.8729, Dir term -25.3714, logp(β) -15.9377, Δ=-0.3556)
2025-09-23 19:20:14,296 - __main__ - DEBUG - Iter 3: ELBO after FB: 2203.1018 (LL 15391.6287, Δ=0.0000)
2025-09-23 19:20:14,296 - __main__ - DEBUG - Blending stats with ρ_niw=0.0500, ρ_tr=0.0500.
2025-09-23 19:20:14,350 - __main__ - DEBUG - Iter 3: ELBO after NIW update: 2203.1018 (Emit LL 15903.7312, NIW term -13147.2178, Δ=0.0000)
2025-09-23 19:20:14,404 - __main__ - DEBUG - Iter 3: ELBO after Dirichlet update: 2202.7506 (Trans LL -5.2212, Dir term -25.7316, Δ=-0.3512)
2025-09-23 19:20:14,476 - __main__ - DEBUG - Iter 3: ELBO after β update: 2202.6407 (Init LL -506.9124, Dir term -25.8063, logp(β) -15.9334, Δ=-0.1099)
2025-09-23 19:20:20,555 - __main__ - DEBUG - Iter 4: ELBO after FB: 2202.6407 (LL 15391.5982, Δ=0.0000)
2025-09-23 19:20:20,556 - __main__ - DEBUG - Blending stats with ρ_niw=0.0500, ρ_tr=0.0500.
2025-09-23 19:20:20,608 - __main__ - DEBUG - Iter 4: ELBO after NIW update: 2202.6407 (Emit LL 15903.7312, NIW term -13147.2178, Δ=0.0000)
2025-09-23 19:20:20,660 - __main__ - DEBUG - Iter 4: ELBO after Dirichlet update: 2202.3432 (Trans LL -5.2200, Dir term -26.1049, Δ=-0.2975)
2025-09-23 19:20:20,720 - __main__ - DEBUG - Iter 4: ELBO after β update: 2202.3341 (Init LL -506.8884, Dir term -26.1400, logp(β) -15.9315, Δ=-0.0091)
2025-09-23 19:20:20,722 - __main__ - INFO -    HMM refresh complete: ELBO=197.4513, iters=0, max iters, states=40
2025-09-23 19:20:20,722 - __main__ - INFO -    ✅ HMM updated (next in 12,000 steps)
2025-09-23 19:20:20,722 - __main__ - INFO - 🔄 VAE refresh starting at step 138,240 with replay size 8x1536
2025-09-23 19:20:20,723 - __main__ - INFO -    Using span sampling (12288 timesteps, too large for full buffer)
2025-09-23 19:20:46,441 - __main__ - INFO -    VAE refresh complete: final_loss=2724.4966, avg_loss=2731.6111, steps=4/4, trend=improving, total_timesteps=12288, span_sampling=32_requested×4_steps, span_len=64
2025-09-23 19:20:46,443 - __main__ - INFO -    ✅ VAE updated (next in 12,000 steps)
2025-09-23 19:20:48,849 - __main__ - INFO - 📊 Episodes completed this rollout: 7
2025-09-23 19:20:48,849 - __main__ - INFO - 📈 Episode stats: avg return = 0.05, avg length = 219.6
2025-09-23 19:20:48,849 - __main__ - INFO - 🎯 Top 3 training actions: #3(26008), #0(23516), #5(19638)
2025-09-23 19:20:52,819 - __main__ - INFO - 📊 Episodes completed this rollout: 5
2025-09-23 19:20:52,819 - __main__ - INFO - 📈 Episode stats: avg return = 0.12, avg length = 218.4
2025-09-23 19:20:52,820 - __main__ - INFO - 🎯 Top 3 training actions: #3(26164), #0(23660), #5(19765)
2025-09-23 19:20:54,513 - __main__ - INFO - 🧪 Starting evaluation with 50 episodes...
2025-09-23 19:20:54,513 - __main__ - INFO -    Eval seed: 51
2025-09-23 19:20:54,513 - __main__ - INFO -    Max episode steps (eval): env default
2025-09-23 19:20:54,514 - nle.env.base - INFO - Not saving any NLE data.
2025-09-23 19:20:57,944 - __main__ - DEBUG - 🎯 Eval HMM masking: step 250 masked due to negative reward
2025-09-23 19:20:58,463 - __main__ - WARNING - ⚠️ Episode 2 terminated due to step limit.
2025-09-23 19:21:00,204 - __main__ - DEBUG - 🎯 Eval HMM masking: step 150 masked due to negative reward
2025-09-23 19:21:03,894 - __main__ - WARNING - ⚠️ Episode 4 terminated due to step limit.
2025-09-23 19:21:07,207 - __main__ - WARNING - ⚠️ Episode 5 terminated due to step limit.
2025-09-23 19:21:09,473 - __main__ - DEBUG - 🎯 Eval HMM masking: step 200 masked due to negative reward
2025-09-23 19:21:10,513 - __main__ - WARNING - ⚠️ Episode 6 terminated due to step limit.
2025-09-23 19:21:14,655 - __main__ - WARNING - ⚠️ Episode 8 terminated due to step limit.
2025-09-23 19:21:18,027 - __main__ - WARNING - ⚠️ Episode 9 terminated due to step limit.
2025-09-23 19:21:18,727 - __main__ - DEBUG - 🎯 Eval HMM masking: step 50 masked due to negative reward
2025-09-23 19:21:21,581 - __main__ - DEBUG - 🎯 Eval HMM masking: step 50 masked due to negative reward
2025-09-23 19:21:24,325 - __main__ - DEBUG - 🎯 Eval HMM masking: step 150 masked due to negative reward
2025-09-23 19:21:25,927 - __main__ - WARNING - ⚠️ Episode 14 terminated due to step limit.
2025-09-23 19:21:34,910 - __main__ - WARNING - ⚠️ Episode 20 terminated due to step limit.
2025-09-23 19:21:38,417 - __main__ - WARNING - ⚠️ Episode 21 terminated due to step limit.
2025-09-23 19:21:40,233 - __main__ - DEBUG - 🎯 Eval HMM masking: step 150 masked due to negative reward
2025-09-23 19:21:41,862 - __main__ - WARNING - ⚠️ Episode 22 terminated due to step limit.
2025-09-23 19:21:42,569 - __main__ - DEBUG - 🎯 Eval HMM masking: step 50 masked due to negative reward
2025-09-23 19:21:45,266 - __main__ - WARNING - ⚠️ Episode 23 terminated due to step limit.
2025-09-23 19:21:48,030 - __main__ - DEBUG - 🎯 Eval HMM masking: step 100 masked due to negative reward
2025-09-23 19:21:49,176 - __main__ - DEBUG - 🎯 Eval HMM masking: step 200 masked due to negative reward
2025-09-23 19:21:52,543 - __main__ - WARNING - ⚠️ Episode 26 terminated due to step limit.
2025-09-23 19:21:55,867 - __main__ - WARNING - ⚠️ Episode 27 terminated due to step limit.
2025-09-23 19:21:59,174 - __main__ - WARNING - ⚠️ Episode 28 terminated due to step limit.
2025-09-23 19:22:05,500 - __main__ - WARNING - ⚠️ Episode 30 terminated due to step limit.
2025-09-23 19:22:06,195 - __main__ - DEBUG - 🎯 Eval HMM masking: step 50 masked due to negative reward
2025-09-23 19:22:10,027 - __main__ - DEBUG - 🎯 Eval HMM masking: step 150 masked due to negative reward
2025-09-23 19:22:11,595 - __main__ - WARNING - ⚠️ Episode 32 terminated due to step limit.
2025-09-23 19:22:16,203 - __main__ - WARNING - ⚠️ Episode 35 terminated due to step limit.
2025-09-23 19:22:19,586 - __main__ - WARNING - ⚠️ Episode 36 terminated due to step limit.
2025-09-23 19:22:22,961 - __main__ - WARNING - ⚠️ Episode 37 terminated due to step limit.
2025-09-23 19:22:26,263 - __main__ - WARNING - ⚠️ Episode 38 terminated due to step limit.
2025-09-23 19:22:33,193 - __main__ - DEBUG - 🎯 Eval HMM masking: step 150 masked due to negative reward
2025-09-23 19:22:34,841 - __main__ - WARNING - ⚠️ Episode 43 terminated due to step limit.
2025-09-23 19:22:40,763 - __main__ - WARNING - ⚠️ Episode 46 terminated due to step limit.
2025-09-23 19:22:43,032 - __main__ - DEBUG - 🎯 Eval HMM masking: step 200 masked due to negative reward
2025-09-23 19:22:44,116 - __main__ - WARNING - ⚠️ Episode 47 terminated due to step limit.
2025-09-23 19:22:47,580 - __main__ - WARNING - ⚠️ Episode 48 terminated due to step limit.
2025-09-23 19:22:50,773 - __main__ - DEBUG - 🎯 Eval HMM masking: step 150 masked due to negative reward
2025-09-23 19:22:52,475 - __main__ - WARNING - ⚠️ Episode 50 terminated due to step limit.
2025-09-23 19:22:52,644 - __main__ - INFO - 📊 Evaluation Results (Current Round):
2025-09-23 19:22:52,644 - __main__ - INFO -    Episodes: 50
2025-09-23 19:22:52,645 - __main__ - INFO -    Time: 118.1s (2.4s/ep)
2025-09-23 19:22:52,645 - __main__ - INFO -    Average Return: 0.275 ± 0.601
2025-09-23 19:22:52,645 - __main__ - INFO -    Success Rate: 50.0%
2025-09-23 19:22:52,645 - __main__ - INFO -    Average Length: 209.4
2025-09-23 19:22:52,645 - __main__ - INFO -    Average Coverage: 77.3 positions
2025-09-23 19:22:52,645 - __main__ - INFO -    Episode Completions: 25 terminated (50.0%), 25 truncated (50.0%)
2025-09-23 19:22:52,645 - __main__ - INFO - 📈 Total Evaluation Statistics:
2025-09-23 19:22:52,645 - __main__ - INFO -    Total Episodes: 700
2025-09-23 19:22:52,645 - __main__ - INFO -    Total Average Return: 0.115 ± 0.636
2025-09-23 19:22:52,645 - __main__ - INFO -    Total Average Length: 228.7 ± 101.9
2025-09-23 19:22:52,646 - __main__ - INFO -    Total Completions: 283 terminated (40.4%), 417 truncated (59.6%)
2025-09-23 19:22:52,646 - __main__ - INFO -    Skill Entropy: 0.001
2025-09-23 19:22:52,646 - __main__ - INFO -    Used Skills: 1.0
2025-09-23 19:22:52,646 - __main__ - INFO -    Effective K: 1.00
2025-09-23 19:22:52,646 - __main__ - INFO - 🎯 Action Usage Statistics:
2025-09-23 19:22:52,646 - __main__ - INFO -    Unique actions in evaluation: 8
2025-09-23 19:22:52,646 - __main__ - INFO -    Unique actions in training: 8
2025-09-23 19:22:52,646 - __main__ - INFO -    Total unique actions: 8
2025-09-23 19:22:52,646 - __main__ - INFO -    Action coverage: 6.6%
2025-09-23 19:22:52,646 - __main__ - INFO -    Train action count: 140288
2025-09-23 19:22:52,646 - __main__ - INFO -    Eval action count: 160081
2025-09-23 19:22:52,647 - __main__ - INFO -    Train action entropy: 2.037
2025-09-23 19:22:52,647 - __main__ - INFO -    Eval action entropy: 2.035
2025-09-23 19:22:52,647 - __main__ - INFO -    Top 3 train actions: #3(26164), #0(23660), #5(19765)
2025-09-23 19:22:52,647 - __main__ - INFO -    Top 3 eval actions: #3(30622), #0(26945), #5(23327)
2025-09-23 19:22:54,959 - __main__ - INFO - 📊 Episodes completed this rollout: 5
2025-09-23 19:22:54,959 - __main__ - INFO - 📈 Episode stats: avg return = 0.63, avg length = 165.6
2025-09-23 19:22:54,959 - __main__ - INFO - 🎯 Top 3 training actions: #3(26302), #0(23805), #5(19889)
2025-09-23 19:22:58,969 - __main__ - INFO - 📊 Episodes completed this rollout: 4
2025-09-23 19:22:58,969 - __main__ - INFO - 📈 Episode stats: avg return = -0.24, avg length = 300.0
2025-09-23 19:22:58,970 - __main__ - INFO - 🎯 Top 3 training actions: #3(26446), #0(23974), #5(20011)
2025-09-23 19:23:02,898 - __main__ - INFO - 📊 Episodes completed this rollout: 3
2025-09-23 19:23:02,899 - __main__ - INFO - 📈 Episode stats: avg return = 0.46, avg length = 186.7
2025-09-23 19:23:02,899 - __main__ - INFO - 🎯 Top 3 training actions: #3(26571), #0(24120), #5(20146)
2025-09-23 19:23:06,868 - __main__ - INFO - 📊 Episodes completed this rollout: 7
2025-09-23 19:23:06,868 - __main__ - INFO - 📈 Episode stats: avg return = 0.19, avg length = 220.6
2025-09-23 19:23:06,869 - __main__ - INFO - 🎯 Top 3 training actions: #3(26724), #0(24268), #5(20254)
2025-09-23 19:23:10,828 - __main__ - INFO - 📊 Episodes completed this rollout: 4
2025-09-23 19:23:10,828 - __main__ - INFO - 📈 Episode stats: avg return = 0.19, avg length = 203.2
2025-09-23 19:23:10,828 - __main__ - INFO - 🎯 Top 3 training actions: #3(26860), #0(24402), #5(20373)
2025-09-23 19:23:14,790 - __main__ - INFO - 📊 Episodes completed this rollout: 5
2025-09-23 19:23:14,790 - __main__ - INFO - 📈 Episode stats: avg return = -0.10, avg length = 280.2
2025-09-23 19:23:14,791 - __main__ - INFO - 🎯 Top 3 training actions: #3(27001), #0(24547), #5(20488)
2025-09-23 19:23:18,728 - __main__ - INFO - 📊 Episodes completed this rollout: 4
2025-09-23 19:23:18,728 - __main__ - INFO - 📈 Episode stats: avg return = 0.53, avg length = 170.0
2025-09-23 19:23:18,729 - __main__ - INFO - 🎯 Top 3 training actions: #3(27123), #0(24726), #5(20597)
2025-09-23 19:23:22,713 - __main__ - INFO - 📊 Episodes completed this rollout: 4
2025-09-23 19:23:22,713 - __main__ - INFO - 📈 Episode stats: avg return = -0.00, avg length = 253.0
2025-09-23 19:23:22,714 - __main__ - INFO - 🎯 Top 3 training actions: #3(27261), #0(24880), #5(20712)
2025-09-23 19:23:26,750 - __main__ - INFO - 📊 Episodes completed this rollout: 4
2025-09-23 19:23:26,750 - __main__ - INFO - 📈 Episode stats: avg return = 0.28, avg length = 166.2
2025-09-23 19:23:26,751 - __main__ - INFO - 🎯 Top 3 training actions: #3(27403), #0(25050), #5(20804)
2025-09-23 19:23:30,764 - __main__ - INFO - 📊 Episodes completed this rollout: 5
2025-09-23 19:23:30,764 - __main__ - INFO - 📈 Episode stats: avg return = -0.05, avg length = 251.8
2025-09-23 19:23:30,764 - __main__ - INFO - 🎯 Top 3 training actions: #3(27535), #0(25220), #5(20911)
2025-09-23 19:23:32,449 - __main__ - INFO - 🔄 Synchronized model update at step 150,528
2025-09-23 19:23:32,449 - __main__ - INFO -    HMM interval: 12,000, VAE interval: 12,000
2025-09-23 19:23:32,450 - __main__ - INFO - 🚫 Model training masking: 1620/12288 timesteps masked (13.2%) due to negative rewards (invalid actions)
2025-09-23 19:23:32,835 - __main__ - INFO - 🔄 Capping HMM batch size from 1003 to 128 to prevent OOM
2025-09-23 19:23:32,836 - __main__ - INFO - 🔄 HMM refresh starting at step 150,528 with replay size 128x80
2025-09-23 19:23:37,388 - __main__ - DEBUG - Initial ELBO: 7289.0474
2025-09-23 19:23:37,391 - __main__ - DEBUG - Relative tol: 0.0100
2025-09-23 19:23:37,391 - __main__ - DEBUG - Relative elbo_drop_tol: 0.0100
2025-09-23 19:23:37,391 - __main__ - DEBUG - - Init -506.1450
2025-09-23 19:23:37,392 - __main__ - DEBUG - - Trans -6.8206
2025-09-23 19:23:37,392 - __main__ - DEBUG - - Emit 20990.0940
2025-09-23 19:23:37,392 - __main__ - DEBUG - - Entropy 0.0005
2025-09-23 19:23:37,392 - __main__ - DEBUG - - Dir -24.9301
2025-09-23 19:23:37,392 - __main__ - DEBUG - - NIW -13147.2178
2025-09-23 19:23:37,392 - __main__ - DEBUG - - Beta prior -15.9335
2025-09-23 19:23:42,542 - __main__ - DEBUG - Iter 0: ELBO after FB: 7289.0474 (LL 20477.1288, Δ=0.0000)
2025-09-23 19:23:42,543 - __main__ - DEBUG - Blending stats with ρ_niw=0.0500, ρ_tr=0.0500.
2025-09-23 19:23:42,592 - __main__ - DEBUG - Iter 0: ELBO after NIW update: 9586.3440 (Emit LL 23737.6132, NIW term -13597.4404, Δ=2297.2966)
2025-09-23 19:23:42,640 - __main__ - DEBUG - Iter 0: ELBO after Dirichlet update: 9586.4021 (Trans LL -6.6907, Dir term -25.0019, Δ=0.0581)
2025-09-23 19:23:42,709 - __main__ - DEBUG - Iter 0: ELBO after β update: 9585.8542 (Init LL -506.6616, Dir term -25.0210, logp(β) -15.9458, Δ=-0.5479)
2025-09-23 19:23:47,639 - __main__ - DEBUG - Iter 1: ELBO after FB: 9585.8542 (LL 23224.2614, Δ=0.0000)
2025-09-23 19:23:47,639 - __main__ - DEBUG - Blending stats with ρ_niw=0.0500, ρ_tr=0.0500.
2025-09-23 19:23:47,688 - __main__ - DEBUG - Iter 1: ELBO after NIW update: 9585.8542 (Emit LL 23737.6132, NIW term -13597.4404, Δ=0.0000)
2025-09-23 19:23:47,737 - __main__ - DEBUG - Iter 1: ELBO after Dirichlet update: 9585.7752 (Trans LL -6.6690, Dir term -25.1218, Δ=-0.0790)
2025-09-23 19:23:47,807 - __main__ - DEBUG - Iter 1: ELBO after β update: 9585.2556 (Init LL -507.1016, Dir term -25.1963, logp(β) -15.9508, Δ=-0.5196)
2025-09-23 19:23:52,666 - __main__ - DEBUG - Iter 2: ELBO after FB: 9585.2556 (LL 23223.8431, Δ=0.0000)
2025-09-23 19:23:52,666 - __main__ - DEBUG - Blending stats with ρ_niw=0.0500, ρ_tr=0.0500.
2025-09-23 19:23:52,715 - __main__ - DEBUG - Iter 2: ELBO after NIW update: 9585.2556 (Emit LL 23737.6132, NIW term -13597.4404, Δ=0.0000)
2025-09-23 19:23:52,763 - __main__ - DEBUG - Iter 2: ELBO after Dirichlet update: 9585.0599 (Trans LL -6.6519, Dir term -25.4091, Δ=-0.1957)
2025-09-23 19:23:52,834 - __main__ - DEBUG - Iter 2: ELBO after β update: 9584.7592 (Init LL -507.3404, Dir term -25.4734, logp(β) -15.9484, Δ=-0.3007)
2025-09-23 19:23:58,010 - __main__ - DEBUG - Iter 3: ELBO after FB: 9584.7592 (LL 23223.6215, Δ=0.0000)
2025-09-23 19:23:58,011 - __main__ - DEBUG - Blending stats with ρ_niw=0.0500, ρ_tr=0.0500.
2025-09-23 19:23:58,063 - __main__ - DEBUG - Iter 3: ELBO after NIW update: 9584.7592 (Emit LL 23737.6132, NIW term -13597.4404, Δ=0.0000)
2025-09-23 19:23:58,116 - __main__ - DEBUG - Iter 3: ELBO after Dirichlet update: 9584.4320 (Trans LL -6.6410, Dir term -25.8116, Δ=-0.3273)
2025-09-23 19:23:58,173 - __main__ - DEBUG - Iter 3: ELBO after β update: 9584.5054 (Init LL -507.2414, Dir term -25.8382, logp(β) -15.9472, Δ=0.0734)
2025-09-23 19:24:03,464 - __main__ - DEBUG - Iter 4: ELBO after FB: 9584.5054 (LL 23223.7313, Δ=0.0000)
2025-09-23 19:24:03,464 - __main__ - DEBUG - Blending stats with ρ_niw=0.0500, ρ_tr=0.0500.
2025-09-23 19:24:03,516 - __main__ - DEBUG - Iter 4: ELBO after NIW update: 9584.5054 (Emit LL 23737.6132, NIW term -13597.4404, Δ=0.0000)
2025-09-23 19:24:03,568 - __main__ - DEBUG - Iter 4: ELBO after Dirichlet update: 9584.4157 (Trans LL -6.6464, Dir term -25.9225, Δ=-0.0897)
2025-09-23 19:24:03,635 - __main__ - DEBUG - Iter 4: ELBO after β update: 9584.2404 (Init LL -507.3911, Dir term -25.9523, logp(β) -15.9430, Δ=-0.1753)
2025-09-23 19:24:03,637 - __main__ - INFO -    HMM refresh complete: ELBO=36.1328, iters=0, max iters, states=40
2025-09-23 19:24:03,637 - __main__ - INFO -    ✅ HMM updated (next in 12,000 steps)
2025-09-23 19:24:03,637 - __main__ - INFO - 🔄 VAE refresh starting at step 150,528 with replay size 8x1536
2025-09-23 19:24:03,638 - __main__ - INFO -    Using span sampling (12288 timesteps, too large for full buffer)
2025-09-23 19:24:29,979 - __main__ - INFO -    VAE refresh complete: final_loss=2714.6587, avg_loss=2721.6204, steps=4/4, trend=improving, total_timesteps=12288, span_sampling=32_requested×4_steps, span_len=64
2025-09-23 19:24:29,981 - __main__ - INFO -    ✅ VAE updated (next in 12,000 steps)
2025-09-23 19:24:29,984 - __main__ - INFO - 🧪 Starting evaluation with 50 episodes...
2025-09-23 19:24:29,984 - __main__ - INFO -    Eval seed: 51
2025-09-23 19:24:29,985 - __main__ - INFO -    Max episode steps (eval): env default
2025-09-23 19:24:29,985 - nle.env.base - INFO - Not saving any NLE data.
2025-09-23 19:24:31,586 - __main__ - DEBUG - 🎯 Eval HMM masking: step 150 masked due to negative reward
2025-09-23 19:24:32,112 - __main__ - DEBUG - 🎯 Eval HMM masking: step 200 masked due to negative reward
2025-09-23 19:24:33,156 - __main__ - WARNING - ⚠️ Episode 1 terminated due to step limit.
2025-09-23 19:24:37,954 - __main__ - WARNING - ⚠️ Episode 3 terminated due to step limit.
2025-09-23 19:24:41,266 - __main__ - WARNING - ⚠️ Episode 4 terminated due to step limit.
2025-09-23 19:24:42,534 - __main__ - DEBUG - 🎯 Eval HMM masking: step 100 masked due to negative reward
2025-09-23 19:24:49,179 - __main__ - WARNING - ⚠️ Episode 8 terminated due to step limit.
2025-09-23 19:24:50,891 - __main__ - DEBUG - 🎯 Eval HMM masking: step 100 masked due to negative reward
2025-09-23 19:24:51,454 - __main__ - DEBUG - 🎯 Eval HMM masking: step 150 masked due to negative reward
2025-09-23 19:24:53,090 - __main__ - WARNING - ⚠️ Episode 10 terminated due to step limit.
2025-09-23 19:24:56,933 - __main__ - WARNING - ⚠️ Episode 12 terminated due to step limit.
2025-09-23 19:25:00,310 - __main__ - WARNING - ⚠️ Episode 13 terminated due to step limit.
2025-09-23 19:25:03,690 - __main__ - WARNING - ⚠️ Episode 14 terminated due to step limit.
2025-09-23 19:25:04,394 - __main__ - DEBUG - 🎯 Eval HMM masking: step 50 masked due to negative reward
2025-09-23 19:25:07,045 - __main__ - WARNING - ⚠️ Episode 15 terminated due to step limit.
2025-09-23 19:25:08,652 - __main__ - DEBUG - 🎯 Eval HMM masking: step 50 masked due to negative reward
2025-09-23 19:25:14,821 - __main__ - DEBUG - 🎯 Eval HMM masking: step 50 masked due to negative reward
2025-09-23 19:25:17,462 - __main__ - WARNING - ⚠️ Episode 20 terminated due to step limit.
2025-09-23 19:25:20,799 - __main__ - WARNING - ⚠️ Episode 21 terminated due to step limit.
2025-09-23 19:25:24,121 - __main__ - WARNING - ⚠️ Episode 22 terminated due to step limit.
2025-09-23 19:25:27,439 - __main__ - WARNING - ⚠️ Episode 23 terminated due to step limit.
2025-09-23 19:25:30,813 - __main__ - WARNING - ⚠️ Episode 24 terminated due to step limit.
2025-09-23 19:25:33,617 - __main__ - DEBUG - 🎯 Eval HMM masking: step 250 masked due to negative reward
2025-09-23 19:25:34,134 - __main__ - WARNING - ⚠️ Episode 25 terminated due to step limit.
2025-09-23 19:25:37,122 - __main__ - DEBUG - 🎯 Eval HMM masking: step 200 masked due to negative reward
2025-09-23 19:25:38,164 - __main__ - WARNING - ⚠️ Episode 27 terminated due to step limit.
2025-09-23 19:25:40,679 - __main__ - DEBUG - 🎯 Eval HMM masking: step 50 masked due to negative reward
2025-09-23 19:25:43,298 - __main__ - WARNING - ⚠️ Episode 31 terminated due to step limit.
2025-09-23 19:25:45,563 - __main__ - DEBUG - 🎯 Eval HMM masking: step 200 masked due to negative reward
2025-09-23 19:25:46,641 - __main__ - WARNING - ⚠️ Episode 32 terminated due to step limit.
2025-09-23 19:25:48,910 - __main__ - DEBUG - 🎯 Eval HMM masking: step 200 masked due to negative reward
2025-09-23 19:25:49,950 - __main__ - WARNING - ⚠️ Episode 33 terminated due to step limit.
2025-09-23 19:25:53,306 - __main__ - DEBUG - 🎯 Eval HMM masking: step 100 masked due to negative reward
2025-09-23 19:25:54,355 - __main__ - DEBUG - 🎯 Eval HMM masking: step 200 masked due to negative reward
2025-09-23 19:25:55,402 - __main__ - WARNING - ⚠️ Episode 35 terminated due to step limit.
2025-09-23 19:25:58,722 - __main__ - WARNING - ⚠️ Episode 36 terminated due to step limit.
2025-09-23 19:26:02,176 - __main__ - WARNING - ⚠️ Episode 37 terminated due to step limit.
2025-09-23 19:26:06,825 - __main__ - WARNING - ⚠️ Episode 39 terminated due to step limit.
2025-09-23 19:26:08,678 - __main__ - DEBUG - 🎯 Eval HMM masking: step 150 masked due to negative reward
2025-09-23 19:26:10,326 - __main__ - WARNING - ⚠️ Episode 40 terminated due to step limit.
2025-09-23 19:26:12,368 - __main__ - DEBUG - 🎯 Eval HMM masking: step 100 masked due to negative reward
2025-09-23 19:26:14,460 - __main__ - WARNING - ⚠️ Episode 42 terminated due to step limit.
2025-09-23 19:26:17,816 - __main__ - WARNING - ⚠️ Episode 43 terminated due to step limit.
2025-09-23 19:26:21,134 - __main__ - WARNING - ⚠️ Episode 44 terminated due to step limit.
2025-09-23 19:26:24,431 - __main__ - WARNING - ⚠️ Episode 45 terminated due to step limit.
2025-09-23 19:26:25,649 - __main__ - DEBUG - 🎯 Eval HMM masking: step 100 masked due to negative reward
2025-09-23 19:26:27,736 - __main__ - WARNING - ⚠️ Episode 46 terminated due to step limit.
2025-09-23 19:26:28,957 - __main__ - DEBUG - 🎯 Eval HMM masking: step 100 masked due to negative reward
2025-09-23 19:26:33,635 - __main__ - WARNING - ⚠️ Episode 48 terminated due to step limit.
2025-09-23 19:26:35,385 - __main__ - DEBUG - 🎯 Eval HMM masking: step 150 masked due to negative reward
2025-09-23 19:26:36,959 - __main__ - WARNING - ⚠️ Episode 49 terminated due to step limit.
2025-09-23 19:26:40,277 - __main__ - WARNING - ⚠️ Episode 50 terminated due to step limit.
2025-09-23 19:26:40,435 - __main__ - INFO - 📊 Evaluation Results (Current Round):
2025-09-23 19:26:40,435 - __main__ - INFO -    Episodes: 50
2025-09-23 19:26:40,435 - __main__ - INFO -    Time: 130.5s (2.6s/ep)
2025-09-23 19:26:40,436 - __main__ - INFO -    Average Return: 0.113 ± 0.601
2025-09-23 19:26:40,436 - __main__ - INFO -    Success Rate: 36.0%
2025-09-23 19:26:40,436 - __main__ - INFO -    Average Length: 232.9
2025-09-23 19:26:40,436 - __main__ - INFO -    Average Coverage: 80.9 positions
2025-09-23 19:26:40,436 - __main__ - INFO -    Episode Completions: 18 terminated (36.0%), 32 truncated (64.0%)
2025-09-23 19:26:40,436 - __main__ - INFO - 📈 Total Evaluation Statistics:
2025-09-23 19:26:40,436 - __main__ - INFO -    Total Episodes: 750
2025-09-23 19:26:40,436 - __main__ - INFO -    Total Average Return: 0.115 ± 0.634
2025-09-23 19:26:40,436 - __main__ - INFO -    Total Average Length: 229.0 ± 101.7
2025-09-23 19:26:40,436 - __main__ - INFO -    Total Completions: 301 terminated (40.1%), 449 truncated (59.9%)
2025-09-23 19:26:40,436 - __main__ - INFO -    Skill Entropy: 0.001
2025-09-23 19:26:40,437 - __main__ - INFO -    Used Skills: 1.0
2025-09-23 19:26:40,437 - __main__ - INFO -    Effective K: 1.00
2025-09-23 19:26:40,437 - __main__ - INFO - 🎯 Action Usage Statistics:
2025-09-23 19:26:40,437 - __main__ - INFO -    Unique actions in evaluation: 8
2025-09-23 19:26:40,437 - __main__ - INFO -    Unique actions in training: 8
2025-09-23 19:26:40,437 - __main__ - INFO -    Total unique actions: 8
2025-09-23 19:26:40,437 - __main__ - INFO -    Action coverage: 6.6%
2025-09-23 19:26:40,437 - __main__ - INFO -    Train action count: 150528
2025-09-23 19:26:40,437 - __main__ - INFO -    Eval action count: 171726
2025-09-23 19:26:40,438 - __main__ - INFO -    Train action entropy: 2.040
2025-09-23 19:26:40,438 - __main__ - INFO -    Eval action entropy: 2.037
2025-09-23 19:26:40,438 - __main__ - INFO -    Top 3 train actions: #3(27535), #0(25220), #5(20911)
2025-09-23 19:26:40,438 - __main__ - INFO -    Top 3 eval actions: #3(32285), #0(28921), #5(24544)
2025-09-23 19:26:42,764 - __main__ - INFO - 📊 Episodes completed this rollout: 4
2025-09-23 19:26:42,764 - __main__ - INFO - 📈 Episode stats: avg return = 0.01, avg length = 244.8
2025-09-23 19:26:42,764 - __main__ - INFO - 🎯 Top 3 training actions: #3(27688), #0(25374), #5(21001)
2025-09-23 19:26:46,761 - __main__ - INFO - 📊 Episodes completed this rollout: 6
2025-09-23 19:26:46,761 - __main__ - INFO - 📈 Episode stats: avg return = 0.31, avg length = 225.7
2025-09-23 19:26:46,761 - __main__ - INFO - 🎯 Top 3 training actions: #3(27825), #0(25558), #5(21105)
2025-09-23 19:26:50,829 - __main__ - INFO - 📊 Episodes completed this rollout: 3
2025-09-23 19:26:50,829 - __main__ - INFO - 📈 Episode stats: avg return = -0.26, avg length = 300.0
2025-09-23 19:26:50,829 - __main__ - INFO - 🎯 Top 3 training actions: #3(27984), #0(25756), #5(21221)
2025-09-23 19:26:54,857 - __main__ - INFO - 📊 Episodes completed this rollout: 7
2025-09-23 19:26:54,857 - __main__ - INFO - 📈 Episode stats: avg return = 0.34, avg length = 214.6
2025-09-23 19:26:54,857 - __main__ - INFO - 🎯 Top 3 training actions: #3(28151), #0(25945), #5(21331)
2025-09-23 19:26:58,816 - __main__ - INFO - 📊 Episodes completed this rollout: 3
2025-09-23 19:26:58,817 - __main__ - INFO - 📈 Episode stats: avg return = 0.37, avg length = 201.3
2025-09-23 19:26:58,817 - __main__ - INFO - 🎯 Top 3 training actions: #3(28292), #0(26141), #5(21439)
2025-09-23 19:27:02,814 - __main__ - INFO - 📊 Episodes completed this rollout: 5
2025-09-23 19:27:02,814 - __main__ - INFO - 📈 Episode stats: avg return = 0.42, avg length = 147.2
2025-09-23 19:27:02,814 - __main__ - INFO - 🎯 Top 3 training actions: #3(28460), #0(26347), #5(21533)
2025-09-23 19:27:06,845 - __main__ - INFO - 📊 Episodes completed this rollout: 3
2025-09-23 19:27:06,846 - __main__ - INFO - 📈 Episode stats: avg return = -0.37, avg length = 300.0
2025-09-23 19:27:06,846 - __main__ - INFO - 🎯 Top 3 training actions: #3(28598), #0(26550), #5(21638)
2025-09-23 19:27:10,919 - __main__ - INFO - 📊 Episodes completed this rollout: 7
2025-09-23 19:27:10,919 - __main__ - INFO - 📈 Episode stats: avg return = 0.14, avg length = 205.4
2025-09-23 19:27:10,920 - __main__ - INFO - 🎯 Top 3 training actions: #3(28737), #0(26778), #5(21741)
2025-09-23 19:27:14,965 - __main__ - INFO - 📊 Episodes completed this rollout: 5
2025-09-23 19:27:14,965 - __main__ - INFO - 📈 Episode stats: avg return = 0.16, avg length = 236.8
2025-09-23 19:27:14,965 - __main__ - INFO - 🎯 Top 3 training actions: #3(28883), #0(27040), #5(21851)
2025-09-23 19:27:18,921 - __main__ - INFO - 📊 Episodes completed this rollout: 2
2025-09-23 19:27:18,921 - __main__ - INFO - 📈 Episode stats: avg return = 0.12, avg length = 251.5
2025-09-23 19:27:18,922 - __main__ - INFO - 🎯 Top 3 training actions: #3(28986), #0(27328), #5(21945)
2025-09-23 19:27:20,577 - __main__ - INFO - 🧪 Starting evaluation with 50 episodes...
2025-09-23 19:27:20,577 - __main__ - INFO -    Eval seed: 51
2025-09-23 19:27:20,577 - __main__ - INFO -    Max episode steps (eval): env default
2025-09-23 19:27:20,577 - nle.env.base - INFO - Not saving any NLE data.
2025-09-23 19:27:23,092 - __main__ - DEBUG - 🎯 Eval HMM masking: step 50 masked due to negative reward
2025-09-23 19:27:24,145 - __main__ - DEBUG - 🎯 Eval HMM masking: step 150 masked due to negative reward
2025-09-23 19:27:25,722 - __main__ - WARNING - ⚠️ Episode 3 terminated due to step limit.
2025-09-23 19:27:29,167 - __main__ - WARNING - ⚠️ Episode 4 terminated due to step limit.
2025-09-23 19:27:31,531 - __main__ - DEBUG - 🎯 Eval HMM masking: step 200 masked due to negative reward
2025-09-23 19:27:32,624 - __main__ - WARNING - ⚠️ Episode 5 terminated due to step limit.
2025-09-23 19:27:37,622 - __main__ - WARNING - ⚠️ Episode 7 terminated due to step limit.
2025-09-23 19:27:38,344 - __main__ - DEBUG - 🎯 Eval HMM masking: step 50 masked due to negative reward
2025-09-23 19:27:40,985 - __main__ - WARNING - ⚠️ Episode 8 terminated due to step limit.
2025-09-23 19:27:47,188 - __main__ - WARNING - ⚠️ Episode 10 terminated due to step limit.
2025-09-23 19:27:51,056 - __main__ - DEBUG - 🎯 Eval HMM masking: step 150 masked due to negative reward
2025-09-23 19:27:52,681 - __main__ - WARNING - ⚠️ Episode 12 terminated due to step limit.
2025-09-23 19:27:53,949 - __main__ - DEBUG - 🎯 Eval HMM masking: step 100 masked due to negative reward
2025-09-23 19:27:56,137 - __main__ - WARNING - ⚠️ Episode 13 terminated due to step limit.
2025-09-23 19:27:59,621 - __main__ - WARNING - ⚠️ Episode 14 terminated due to step limit.
2025-09-23 19:28:03,029 - __main__ - WARNING - ⚠️ Episode 15 terminated due to step limit.
2025-09-23 19:28:05,172 - __main__ - DEBUG - 🎯 Eval HMM masking: step 50 masked due to negative reward
2025-09-23 19:28:06,830 - __main__ - DEBUG - 🎯 Eval HMM masking: step 200 masked due to negative reward
2025-09-23 19:28:07,381 - __main__ - DEBUG - 🎯 Eval HMM masking: step 250 masked due to negative reward
2025-09-23 19:28:07,899 - __main__ - WARNING - ⚠️ Episode 17 terminated due to step limit.
2025-09-23 19:28:08,603 - __main__ - DEBUG - 🎯 Eval HMM masking: step 50 masked due to negative reward
2025-09-23 19:28:10,722 - __main__ - DEBUG - 🎯 Eval HMM masking: step 250 masked due to negative reward
2025-09-23 19:28:13,371 - __main__ - DEBUG - 🎯 Eval HMM masking: step 200 masked due to negative reward
2025-09-23 19:28:14,467 - __main__ - WARNING - ⚠️ Episode 19 terminated due to step limit.
2025-09-23 19:28:18,200 - __main__ - DEBUG - 🎯 Eval HMM masking: step 250 masked due to negative reward
2025-09-23 19:28:18,721 - __main__ - WARNING - ⚠️ Episode 21 terminated due to step limit.
2025-09-23 19:28:22,396 - __main__ - WARNING - ⚠️ Episode 23 terminated due to step limit.
2025-09-23 19:28:25,816 - __main__ - WARNING - ⚠️ Episode 24 terminated due to step limit.
2025-09-23 19:28:27,097 - __main__ - DEBUG - 🎯 Eval HMM masking: step 100 masked due to negative reward
2025-09-23 19:28:27,634 - __main__ - DEBUG - 🎯 Eval HMM masking: step 150 masked due to negative reward
2025-09-23 19:28:32,252 - __main__ - WARNING - ⚠️ Episode 26 terminated due to step limit.
2025-09-23 19:28:32,966 - __main__ - DEBUG - 🎯 Eval HMM masking: step 50 masked due to negative reward
2025-09-23 19:28:35,676 - __main__ - WARNING - ⚠️ Episode 27 terminated due to step limit.
2025-09-23 19:28:36,378 - __main__ - DEBUG - 🎯 Eval HMM masking: step 50 masked due to negative reward
2025-09-23 19:28:39,057 - __main__ - WARNING - ⚠️ Episode 28 terminated due to step limit.
2025-09-23 19:28:40,842 - __main__ - DEBUG - 🎯 Eval HMM masking: step 150 masked due to negative reward
2025-09-23 19:28:42,483 - __main__ - WARNING - ⚠️ Episode 29 terminated due to step limit.
2025-09-23 19:28:44,754 - __main__ - DEBUG - 🎯 Eval HMM masking: step 200 masked due to negative reward
2025-09-23 19:28:45,801 - __main__ - WARNING - ⚠️ Episode 30 terminated due to step limit.
2025-09-23 19:28:48,182 - __main__ - DEBUG - 🎯 Eval HMM masking: step 150 masked due to negative reward
2025-09-23 19:28:49,768 - __main__ - WARNING - ⚠️ Episode 32 terminated due to step limit.
2025-09-23 19:28:53,786 - __main__ - WARNING - ⚠️ Episode 34 terminated due to step limit.
2025-09-23 19:28:56,072 - __main__ - DEBUG - 🎯 Eval HMM masking: step 200 masked due to negative reward
2025-09-23 19:28:57,169 - __main__ - WARNING - ⚠️ Episode 35 terminated due to step limit.
2025-09-23 19:29:00,002 - __main__ - DEBUG - 🎯 Eval HMM masking: step 250 masked due to negative reward
2025-09-23 19:29:00,523 - __main__ - WARNING - ⚠️ Episode 36 terminated due to step limit.
2025-09-23 19:29:08,855 - __main__ - DEBUG - 🎯 Eval HMM masking: step 200 masked due to negative reward
2025-09-23 19:29:09,991 - __main__ - WARNING - ⚠️ Episode 41 terminated due to step limit.
2025-09-23 19:29:11,237 - __main__ - DEBUG - 🎯 Eval HMM masking: step 100 masked due to negative reward
2025-09-23 19:29:12,829 - __main__ - DEBUG - 🎯 Eval HMM masking: step 250 masked due to negative reward
2025-09-23 19:29:13,347 - __main__ - WARNING - ⚠️ Episode 42 terminated due to step limit.
2025-09-23 19:29:16,670 - __main__ - WARNING - ⚠️ Episode 43 terminated due to step limit.
2025-09-23 19:29:19,983 - __main__ - WARNING - ⚠️ Episode 44 terminated due to step limit.
2025-09-23 19:29:20,681 - __main__ - DEBUG - 🎯 Eval HMM masking: step 50 masked due to negative reward
2025-09-23 19:29:23,355 - __main__ - WARNING - ⚠️ Episode 45 terminated due to step limit.
2025-09-23 19:29:26,716 - __main__ - WARNING - ⚠️ Episode 46 terminated due to step limit.
2025-09-23 19:29:31,027 - __main__ - WARNING - ⚠️ Episode 48 terminated due to step limit.
2025-09-23 19:29:34,383 - __main__ - WARNING - ⚠️ Episode 49 terminated due to step limit.
2025-09-23 19:29:37,741 - __main__ - WARNING - ⚠️ Episode 50 terminated due to step limit.
2025-09-23 19:29:37,900 - __main__ - INFO - 📊 Evaluation Results (Current Round):
2025-09-23 19:29:37,900 - __main__ - INFO -    Episodes: 50
2025-09-23 19:29:37,900 - __main__ - INFO -    Time: 137.3s (2.7s/ep)
2025-09-23 19:29:37,900 - __main__ - INFO -    Average Return: 0.011 ± 0.593
2025-09-23 19:29:37,900 - __main__ - INFO -    Success Rate: 34.0%
2025-09-23 19:29:37,900 - __main__ - INFO -    Average Length: 242.4
2025-09-23 19:29:37,900 - __main__ - INFO -    Average Coverage: 76.3 positions
2025-09-23 19:29:37,901 - __main__ - INFO -    Episode Completions: 17 terminated (34.0%), 33 truncated (66.0%)
2025-09-23 19:29:37,901 - __main__ - INFO - 📈 Total Evaluation Statistics:
2025-09-23 19:29:37,901 - __main__ - INFO -    Total Episodes: 800
2025-09-23 19:29:37,901 - __main__ - INFO -    Total Average Return: 0.109 ± 0.632
2025-09-23 19:29:37,901 - __main__ - INFO -    Total Average Length: 229.8 ± 101.3
2025-09-23 19:29:37,901 - __main__ - INFO -    Total Completions: 318 terminated (39.8%), 482 truncated (60.2%)
2025-09-23 19:29:37,901 - __main__ - INFO -    Skill Entropy: 0.001
2025-09-23 19:29:37,901 - __main__ - INFO -    Used Skills: 1.0
2025-09-23 19:29:37,901 - __main__ - INFO -    Effective K: 1.00
2025-09-23 19:29:37,901 - __main__ - INFO - 🎯 Action Usage Statistics:
2025-09-23 19:29:37,901 - __main__ - INFO -    Unique actions in evaluation: 8
2025-09-23 19:29:37,902 - __main__ - INFO -    Unique actions in training: 8
2025-09-23 19:29:37,902 - __main__ - INFO -    Total unique actions: 8
2025-09-23 19:29:37,902 - __main__ - INFO -    Action coverage: 6.6%
2025-09-23 19:29:37,902 - __main__ - INFO -    Train action count: 160768
2025-09-23 19:29:37,902 - __main__ - INFO -    Eval action count: 183847
2025-09-23 19:29:37,902 - __main__ - INFO -    Train action entropy: 2.040
2025-09-23 19:29:37,903 - __main__ - INFO -    Eval action entropy: 2.038
2025-09-23 19:29:37,903 - __main__ - INFO -    Top 3 train actions: #3(28986), #0(27328), #5(21945)
2025-09-23 19:29:37,903 - __main__ - INFO -    Top 3 eval actions: #3(33717), #0(31896), #5(25786)
2025-09-23 19:29:40,267 - __main__ - INFO - 📊 Episodes completed this rollout: 8
2025-09-23 19:29:40,268 - __main__ - INFO - 📈 Episode stats: avg return = 0.07, avg length = 224.5
2025-09-23 19:29:40,268 - __main__ - INFO - 🎯 Top 3 training actions: #3(29109), #0(27580), #5(22027)
2025-09-23 19:29:44,237 - __main__ - INFO - 📊 Episodes completed this rollout: 2
2025-09-23 19:29:44,237 - __main__ - INFO - 📈 Episode stats: avg return = 0.81, avg length = 182.0
2025-09-23 19:29:44,237 - __main__ - INFO - 🎯 Top 3 training actions: #3(29228), #0(27816), #5(22145)
2025-09-23 19:29:45,927 - __main__ - INFO - 🔄 Synchronized model update at step 162,816
2025-09-23 19:29:45,927 - __main__ - INFO -    HMM interval: 12,000, VAE interval: 12,000
2025-09-23 19:29:45,928 - __main__ - INFO - 🚫 Model training masking: 1104/12288 timesteps masked (9.0%) due to negative rewards (invalid actions)
2025-09-23 19:29:46,302 - __main__ - INFO - 🔄 Capping HMM batch size from 751 to 128 to prevent OOM
2025-09-23 19:29:46,303 - __main__ - INFO - 🔄 HMM refresh starting at step 162,816 with replay size 128x105
2025-09-23 19:29:52,221 - __main__ - DEBUG - Initial ELBO: 9297.7226
2025-09-23 19:29:52,225 - __main__ - DEBUG - Relative tol: 0.0100
2025-09-23 19:29:52,225 - __main__ - DEBUG - Relative elbo_drop_tol: 0.0100
2025-09-23 19:29:52,225 - __main__ - DEBUG - - Init -506.6616
2025-09-23 19:29:52,225 - __main__ - DEBUG - - Trans -6.4774
2025-09-23 19:29:52,225 - __main__ - DEBUG - - Emit 23449.2682
2025-09-23 19:29:52,225 - __main__ - DEBUG - - Entropy 0.0006
2025-09-23 19:29:52,226 - __main__ - DEBUG - - Dir -25.0210
2025-09-23 19:29:52,226 - __main__ - DEBUG - - NIW -13597.4404
2025-09-23 19:29:52,226 - __main__ - DEBUG - - Beta prior -15.9458
2025-09-23 19:29:58,671 - __main__ - DEBUG - Iter 0: ELBO after FB: 9297.7226 (LL 22936.1298, Δ=0.0000)
2025-09-23 19:29:58,672 - __main__ - DEBUG - Blending stats with ρ_niw=0.0500, ρ_tr=0.0500.
2025-09-23 19:29:58,723 - __main__ - DEBUG - Iter 0: ELBO after NIW update: 11225.4451 (Emit LL 25811.4252, NIW term -14031.8750, Δ=1927.7225)
2025-09-23 19:29:58,774 - __main__ - DEBUG - Iter 0: ELBO after Dirichlet update: 11225.4819 (Trans LL -6.3735, Dir term -25.0881, Δ=0.0368)
2025-09-23 19:29:58,844 - __main__ - DEBUG - Iter 0: ELBO after β update: 11224.9410 (Init LL -507.1619, Dir term -25.1162, logp(β) -15.9583, Δ=-0.5409)
2025-09-23 19:30:05,120 - __main__ - DEBUG - Iter 1: ELBO after FB: 11224.9410 (LL 25297.8904, Δ=0.0000)
2025-09-23 19:30:05,121 - __main__ - DEBUG - Blending stats with ρ_niw=0.0500, ρ_tr=0.0500.
2025-09-23 19:30:05,170 - __main__ - DEBUG - Iter 1: ELBO after NIW update: 11224.9410 (Emit LL 25811.4252, NIW term -14031.8750, Δ=0.0000)
2025-09-23 19:30:05,220 - __main__ - DEBUG - Iter 1: ELBO after Dirichlet update: 11224.8855 (Trans LL -6.3539, Dir term -25.1912, Δ=-0.0555)
2025-09-23 19:30:05,290 - __main__ - DEBUG - Iter 1: ELBO after β update: 11224.3754 (Init LL -507.6031, Dir term -25.2556, logp(β) -15.9628, Δ=-0.5101)
2025-09-23 19:30:11,527 - __main__ - DEBUG - Iter 2: ELBO after FB: 11224.3754 (LL 25297.4688, Δ=0.0000)
2025-09-23 19:30:11,528 - __main__ - DEBUG - Blending stats with ρ_niw=0.0500, ρ_tr=0.0500.
2025-09-23 19:30:11,583 - __main__ - DEBUG - Iter 2: ELBO after NIW update: 11224.3754 (Emit LL 25811.4252, NIW term -14031.8750, Δ=0.0000)
2025-09-23 19:30:11,638 - __main__ - DEBUG - Iter 2: ELBO after Dirichlet update: 11224.1493 (Trans LL -6.3374, Dir term -25.4982, Δ=-0.2260)
2025-09-23 19:30:11,718 - __main__ - DEBUG - Iter 2: ELBO after β update: 11223.8781 (Init LL -507.7943, Dir term -25.5823, logp(β) -15.9588, Δ=-0.2713)
2025-09-23 19:30:17,972 - __main__ - DEBUG - Iter 3: ELBO after FB: 11223.8781 (LL 25297.2942, Δ=0.0000)
2025-09-23 19:30:17,972 - __main__ - DEBUG - Blending stats with ρ_niw=0.0500, ρ_tr=0.0500.
2025-09-23 19:30:18,022 - __main__ - DEBUG - Iter 3: ELBO after NIW update: 11223.8781 (Emit LL 25811.4252, NIW term -14031.8750, Δ=0.0000)
2025-09-23 19:30:18,071 - __main__ - DEBUG - Iter 3: ELBO after Dirichlet update: 11223.5404 (Trans LL -6.3298, Dir term -25.9275, Δ=-0.3377)
2025-09-23 19:30:18,130 - __main__ - DEBUG - Iter 3: ELBO after β update: 11223.6010 (Init LL -507.7210, Dir term -25.9428, logp(β) -15.9562, Δ=0.0606)
2025-09-23 19:30:24,633 - __main__ - DEBUG - Iter 4: ELBO after FB: 11223.6010 (LL 25297.3750, Δ=0.0000)
2025-09-23 19:30:24,634 - __main__ - DEBUG - Blending stats with ρ_niw=0.0500, ρ_tr=0.0500.
2025-09-23 19:30:24,684 - __main__ - DEBUG - Iter 4: ELBO after NIW update: 11223.6010 (Emit LL 25811.4252, NIW term -14031.8750, Δ=0.0000)
2025-09-23 19:30:24,734 - __main__ - DEBUG - Iter 4: ELBO after Dirichlet update: 11223.4246 (Trans LL -6.3329, Dir term -26.1161, Δ=-0.1764)
2025-09-23 19:30:24,791 - __main__ - DEBUG - Iter 4: ELBO after β update: 11223.2960 (Init LL -507.8301, Dir term -26.1377, logp(β) -15.9541, Δ=-0.1286)
2025-09-23 19:30:24,793 - __main__ - INFO -    HMM refresh complete: ELBO=388.1983, iters=0, max iters, states=40
2025-09-23 19:30:24,793 - __main__ - INFO -    ✅ HMM updated (next in 12,000 steps)
2025-09-23 19:30:24,793 - __main__ - INFO - 🔄 VAE refresh starting at step 162,816 with replay size 8x1536
2025-09-23 19:30:24,794 - __main__ - INFO -    Using span sampling (12288 timesteps, too large for full buffer)
2025-09-23 19:30:51,093 - __main__ - INFO -    VAE refresh complete: final_loss=2706.5630, avg_loss=2711.5814, steps=4/4, trend=improving, total_timesteps=12288, span_sampling=32_requested×4_steps, span_len=64
2025-09-23 19:30:51,095 - __main__ - INFO -    ✅ VAE updated (next in 12,000 steps)
2025-09-23 19:30:53,423 - __main__ - INFO - 📊 Episodes completed this rollout: 5
2025-09-23 19:30:53,423 - __main__ - INFO - 📈 Episode stats: avg return = -0.05, avg length = 289.2
2025-09-23 19:30:53,423 - __main__ - INFO - 🎯 Top 3 training actions: #3(29357), #0(28001), #5(22277)
2025-09-23 19:30:57,360 - __main__ - INFO - 📊 Episodes completed this rollout: 3
2025-09-23 19:30:57,360 - __main__ - INFO - 📈 Episode stats: avg return = 0.06, avg length = 212.0
2025-09-23 19:30:57,361 - __main__ - INFO - 🎯 Top 3 training actions: #3(29474), #0(28192), #5(22405)
2025-09-23 19:31:01,318 - __main__ - INFO - 📊 Episodes completed this rollout: 5
2025-09-23 19:31:01,319 - __main__ - INFO - 📈 Episode stats: avg return = 0.14, avg length = 211.4
2025-09-23 19:31:01,319 - __main__ - INFO - 🎯 Top 3 training actions: #3(29624), #0(28344), #5(22527)
2025-09-23 19:31:05,302 - __main__ - INFO - 📊 Episodes completed this rollout: 4
2025-09-23 19:31:05,302 - __main__ - INFO - 📈 Episode stats: avg return = 0.05, avg length = 275.2
2025-09-23 19:31:05,302 - __main__ - INFO - 🎯 Top 3 training actions: #3(29775), #0(28505), #5(22648)
2025-09-23 19:31:09,266 - __main__ - INFO - 📊 Episodes completed this rollout: 6
2025-09-23 19:31:09,266 - __main__ - INFO - 📈 Episode stats: avg return = 0.66, avg length = 198.2
2025-09-23 19:31:09,266 - __main__ - INFO - 🎯 Top 3 training actions: #3(29921), #0(28668), #5(22775)
2025-09-23 19:31:13,224 - __main__ - INFO - 📊 Episodes completed this rollout: 4
2025-09-23 19:31:13,225 - __main__ - INFO - 📈 Episode stats: avg return = 0.22, avg length = 212.5
2025-09-23 19:31:13,225 - __main__ - INFO - 🎯 Top 3 training actions: #3(30036), #0(28818), #5(22894)
2025-09-23 19:31:17,228 - __main__ - INFO - 📊 Episodes completed this rollout: 4
2025-09-23 19:31:17,228 - __main__ - INFO - 📈 Episode stats: avg return = 0.09, avg length = 230.8
2025-09-23 19:31:17,228 - __main__ - INFO - 🎯 Top 3 training actions: #3(30183), #0(28989), #5(23001)
2025-09-23 19:31:21,229 - __main__ - INFO - 📊 Episodes completed this rollout: 5
2025-09-23 19:31:21,230 - __main__ - INFO - 📈 Episode stats: avg return = 0.23, avg length = 213.0
2025-09-23 19:31:21,230 - __main__ - INFO - 🎯 Top 3 training actions: #3(30349), #0(29155), #5(23105)
2025-09-23 19:31:22,924 - __main__ - INFO - 🧪 Starting evaluation with 50 episodes...
2025-09-23 19:31:22,924 - __main__ - INFO -    Eval seed: 51
2025-09-23 19:31:22,924 - __main__ - INFO -    Max episode steps (eval): env default
2025-09-23 19:31:22,925 - nle.env.base - INFO - Not saving any NLE data.
2025-09-23 19:31:25,055 - __main__ - DEBUG - 🎯 Eval HMM masking: step 50 masked due to negative reward
2025-09-23 19:31:27,687 - __main__ - WARNING - ⚠️ Episode 2 terminated due to step limit.
2025-09-23 19:31:31,998 - __main__ - WARNING - ⚠️ Episode 5 terminated due to step limit.
2025-09-23 19:31:34,786 - __main__ - DEBUG - 🎯 Eval HMM masking: step 250 masked due to negative reward
2025-09-23 19:31:35,303 - __main__ - WARNING - ⚠️ Episode 6 terminated due to step limit.
2025-09-23 19:31:40,354 - __main__ - WARNING - ⚠️ Episode 9 terminated due to step limit.
2025-09-23 19:31:43,908 - __main__ - WARNING - ⚠️ Episode 11 terminated due to step limit.
2025-09-23 19:31:46,227 - __main__ - DEBUG - 🎯 Eval HMM masking: step 200 masked due to negative reward
2025-09-23 19:31:47,297 - __main__ - WARNING - ⚠️ Episode 12 terminated due to step limit.
2025-09-23 19:31:53,870 - __main__ - WARNING - ⚠️ Episode 15 terminated due to step limit.
2025-09-23 19:31:57,224 - __main__ - WARNING - ⚠️ Episode 16 terminated due to step limit.
2025-09-23 19:32:00,553 - __main__ - WARNING - ⚠️ Episode 17 terminated due to step limit.
2025-09-23 19:32:03,368 - __main__ - DEBUG - 🎯 Eval HMM masking: step 250 masked due to negative reward
2025-09-23 19:32:03,887 - __main__ - WARNING - ⚠️ Episode 18 terminated due to step limit.
2025-09-23 19:32:04,584 - __main__ - DEBUG - 🎯 Eval HMM masking: step 50 masked due to negative reward
2025-09-23 19:32:07,205 - __main__ - WARNING - ⚠️ Episode 19 terminated due to step limit.
2025-09-23 19:32:07,900 - __main__ - DEBUG - 🎯 Eval HMM masking: step 50 masked due to negative reward
2025-09-23 19:32:10,549 - __main__ - WARNING - ⚠️ Episode 20 terminated due to step limit.
2025-09-23 19:32:13,092 - __main__ - DEBUG - 🎯 Eval HMM masking: step 200 masked due to negative reward
2025-09-23 19:32:14,140 - __main__ - WARNING - ⚠️ Episode 22 terminated due to step limit.
2025-09-23 19:32:15,893 - __main__ - DEBUG - 🎯 Eval HMM masking: step 150 masked due to negative reward
2025-09-23 19:32:16,947 - __main__ - DEBUG - 🎯 Eval HMM masking: step 250 masked due to negative reward
2025-09-23 19:32:17,477 - __main__ - WARNING - ⚠️ Episode 23 terminated due to step limit.
2025-09-23 19:32:22,163 - __main__ - DEBUG - 🎯 Eval HMM masking: step 150 masked due to negative reward
2025-09-23 19:32:23,215 - __main__ - DEBUG - 🎯 Eval HMM masking: step 250 masked due to negative reward
2025-09-23 19:32:23,738 - __main__ - WARNING - ⚠️ Episode 26 terminated due to step limit.
2025-09-23 19:32:25,486 - __main__ - DEBUG - 🎯 Eval HMM masking: step 150 masked due to negative reward
2025-09-23 19:32:27,056 - __main__ - WARNING - ⚠️ Episode 27 terminated due to step limit.
2025-09-23 19:32:30,381 - __main__ - WARNING - ⚠️ Episode 28 terminated due to step limit.
2025-09-23 19:32:33,698 - __main__ - WARNING - ⚠️ Episode 29 terminated due to step limit.
2025-09-23 19:32:34,391 - __main__ - DEBUG - 🎯 Eval HMM masking: step 50 masked due to negative reward
2025-09-23 19:32:37,017 - __main__ - WARNING - ⚠️ Episode 30 terminated due to step limit.
2025-09-23 19:32:41,729 - __main__ - DEBUG - 🎯 Eval HMM masking: step 250 masked due to negative reward
2025-09-23 19:32:42,247 - __main__ - WARNING - ⚠️ Episode 32 terminated due to step limit.
2025-09-23 19:32:45,564 - __main__ - WARNING - ⚠️ Episode 33 terminated due to step limit.
2025-09-23 19:32:46,263 - __main__ - DEBUG - 🎯 Eval HMM masking: step 50 masked due to negative reward
2025-09-23 19:32:46,791 - __main__ - DEBUG - 🎯 Eval HMM masking: step 100 masked due to negative reward
2025-09-23 19:32:48,886 - __main__ - WARNING - ⚠️ Episode 34 terminated due to step limit.
2025-09-23 19:32:49,616 - __main__ - DEBUG - 🎯 Eval HMM masking: step 50 masked due to negative reward
2025-09-23 19:32:50,724 - __main__ - DEBUG - 🎯 Eval HMM masking: step 150 masked due to negative reward
2025-09-23 19:32:51,831 - __main__ - DEBUG - 🎯 Eval HMM masking: step 250 masked due to negative reward
2025-09-23 19:32:52,379 - __main__ - WARNING - ⚠️ Episode 35 terminated due to step limit.
2025-09-23 19:32:53,660 - __main__ - DEBUG - 🎯 Eval HMM masking: step 100 masked due to negative reward
2025-09-23 19:32:55,866 - __main__ - WARNING - ⚠️ Episode 36 terminated due to step limit.
2025-09-23 19:32:57,693 - __main__ - DEBUG - 🎯 Eval HMM masking: step 150 masked due to negative reward
2025-09-23 19:32:59,425 - __main__ - DEBUG - 🎯 Eval HMM masking: step 100 masked due to negative reward
2025-09-23 19:33:01,586 - __main__ - DEBUG - 🎯 Eval HMM masking: step 150 masked due to negative reward
2025-09-23 19:33:03,167 - __main__ - WARNING - ⚠️ Episode 39 terminated due to step limit.
2025-09-23 19:33:06,529 - __main__ - WARNING - ⚠️ Episode 40 terminated due to step limit.
2025-09-23 19:33:10,515 - __main__ - WARNING - ⚠️ Episode 42 terminated due to step limit.
2025-09-23 19:33:11,786 - __main__ - DEBUG - 🎯 Eval HMM masking: step 100 masked due to negative reward
2025-09-23 19:33:16,226 - __main__ - WARNING - ⚠️ Episode 45 terminated due to step limit.
2025-09-23 19:33:17,463 - __main__ - DEBUG - 🎯 Eval HMM masking: step 100 masked due to negative reward
2025-09-23 19:33:19,568 - __main__ - WARNING - ⚠️ Episode 46 terminated due to step limit.
2025-09-23 19:33:22,911 - __main__ - WARNING - ⚠️ Episode 47 terminated due to step limit.
2025-09-23 19:33:27,612 - __main__ - WARNING - ⚠️ Episode 49 terminated due to step limit.
2025-09-23 19:33:30,929 - __main__ - WARNING - ⚠️ Episode 50 terminated due to step limit.
2025-09-23 19:33:31,089 - __main__ - INFO - 📊 Evaluation Results (Current Round):
2025-09-23 19:33:31,089 - __main__ - INFO -    Episodes: 50
2025-09-23 19:33:31,089 - __main__ - INFO -    Time: 128.2s (2.6s/ep)
2025-09-23 19:33:31,089 - __main__ - INFO -    Average Return: 0.117 ± 0.581
2025-09-23 19:33:31,089 - __main__ - INFO -    Success Rate: 36.0%
2025-09-23 19:33:31,089 - __main__ - INFO -    Average Length: 229.2
2025-09-23 19:33:31,089 - __main__ - INFO -    Average Coverage: 78.9 positions
2025-09-23 19:33:31,089 - __main__ - INFO -    Episode Completions: 18 terminated (36.0%), 32 truncated (64.0%)
2025-09-23 19:33:31,089 - __main__ - INFO - 📈 Total Evaluation Statistics:
2025-09-23 19:33:31,089 - __main__ - INFO -    Total Episodes: 850
2025-09-23 19:33:31,089 - __main__ - INFO -    Total Average Return: 0.109 ± 0.629
2025-09-23 19:33:31,090 - __main__ - INFO -    Total Average Length: 229.8 ± 101.3
2025-09-23 19:33:31,090 - __main__ - INFO -    Total Completions: 336 terminated (39.5%), 514 truncated (60.5%)
2025-09-23 19:33:31,090 - __main__ - INFO -    Skill Entropy: 0.001
2025-09-23 19:33:31,090 - __main__ - INFO -    Used Skills: 1.0
2025-09-23 19:33:31,090 - __main__ - INFO -    Effective K: 1.00
2025-09-23 19:33:31,090 - __main__ - INFO - 🎯 Action Usage Statistics:
2025-09-23 19:33:31,090 - __main__ - INFO -    Unique actions in evaluation: 8
2025-09-23 19:33:31,090 - __main__ - INFO -    Unique actions in training: 8
2025-09-23 19:33:31,090 - __main__ - INFO -    Total unique actions: 8
2025-09-23 19:33:31,090 - __main__ - INFO -    Action coverage: 6.6%
2025-09-23 19:33:31,091 - __main__ - INFO -    Train action count: 171008
2025-09-23 19:33:31,091 - __main__ - INFO -    Eval action count: 195305
2025-09-23 19:33:31,091 - __main__ - INFO -    Train action entropy: 2.043
2025-09-23 19:33:31,091 - __main__ - INFO -    Eval action entropy: 2.040
2025-09-23 19:33:31,092 - __main__ - INFO -    Top 3 train actions: #3(30349), #0(29155), #5(23105)
2025-09-23 19:33:31,092 - __main__ - INFO -    Top 3 eval actions: #3(35487), #0(33847), #5(26988)
2025-09-23 19:33:33,415 - __main__ - INFO - 📊 Episodes completed this rollout: 4
2025-09-23 19:33:33,415 - __main__ - INFO - 📈 Episode stats: avg return = -0.00, avg length = 237.0
2025-09-23 19:33:33,415 - __main__ - INFO - 🎯 Top 3 training actions: #3(30503), #0(29312), #5(23193)
2025-09-23 19:33:37,444 - __main__ - INFO - 📊 Episodes completed this rollout: 3
2025-09-23 19:33:37,445 - __main__ - INFO - 📈 Episode stats: avg return = -0.00, avg length = 291.0
2025-09-23 19:33:37,445 - __main__ - INFO - 🎯 Top 3 training actions: #3(30672), #0(29512), #1(23327)
2025-09-23 19:33:41,482 - __main__ - INFO - 📊 Episodes completed this rollout: 5
2025-09-23 19:33:41,482 - __main__ - INFO - 📈 Episode stats: avg return = -0.09, avg length = 265.4
2025-09-23 19:33:41,482 - __main__ - INFO - 🎯 Top 3 training actions: #3(30846), #0(29723), #1(23503)
2025-09-23 19:33:45,466 - __main__ - INFO - 📊 Episodes completed this rollout: 8
2025-09-23 19:33:45,466 - __main__ - INFO - 📈 Episode stats: avg return = 0.42, avg length = 159.2
2025-09-23 19:33:45,466 - __main__ - INFO - 🎯 Top 3 training actions: #3(31054), #0(29958), #1(23640)
2025-09-23 19:33:47,153 - __main__ - INFO - 🔄 Synchronized model update at step 175,104
2025-09-23 19:33:47,154 - __main__ - INFO -    HMM interval: 12,000, VAE interval: 12,000
2025-09-23 19:33:47,154 - __main__ - INFO - 🚫 Model training masking: 828/12288 timesteps masked (6.7%) due to negative rewards (invalid actions)
2025-09-23 19:33:47,525 - __main__ - INFO - 🔄 Capping HMM batch size from 596 to 128 to prevent OOM
2025-09-23 19:33:47,525 - __main__ - INFO - 🔄 HMM refresh starting at step 175,104 with replay size 128x113
2025-09-23 19:33:54,020 - __main__ - DEBUG - Initial ELBO: 24517.0841
2025-09-23 19:33:54,024 - __main__ - DEBUG - Relative tol: 0.0100
2025-09-23 19:33:54,024 - __main__ - DEBUG - Relative elbo_drop_tol: 0.0100
2025-09-23 19:33:54,024 - __main__ - DEBUG - - Init -507.1619
2025-09-23 19:33:54,024 - __main__ - DEBUG - - Trans -9.9417
2025-09-23 19:33:54,024 - __main__ - DEBUG - - Emit 39107.1365
2025-09-23 19:33:54,024 - __main__ - DEBUG - - Entropy 0.0006
2025-09-23 19:33:54,024 - __main__ - DEBUG - - Dir -25.1162
2025-09-23 19:33:54,024 - __main__ - DEBUG - - NIW -14031.8750
2025-09-23 19:33:54,024 - __main__ - DEBUG - - Beta prior -15.9583
2025-09-23 19:34:01,202 - __main__ - DEBUG - Iter 0: ELBO after FB: 24517.0841 (LL 38590.0335, Δ=0.0000)
2025-09-23 19:34:01,203 - __main__ - DEBUG - Blending stats with ρ_niw=0.0500, ρ_tr=0.0500.
2025-09-23 19:34:01,253 - __main__ - DEBUG - Iter 0: ELBO after NIW update: 29324.9205 (Emit LL 44738.0139, NIW term -14854.9160, Δ=4807.8364)
2025-09-23 19:34:01,302 - __main__ - DEBUG - Iter 0: ELBO after Dirichlet update: 29325.1854 (Trans LL -9.4567, Dir term -25.3362, Δ=0.2650)
2025-09-23 19:34:01,372 - __main__ - DEBUG - Iter 0: ELBO after β update: 29324.6808 (Init LL -507.6210, Dir term -25.3691, logp(β) -15.9709, Δ=-0.5047)
2025-09-23 19:34:08,377 - __main__ - DEBUG - Iter 1: ELBO after FB: 29324.6808 (LL 44220.9368, Δ=0.0000)
2025-09-23 19:34:08,378 - __main__ - DEBUG - Blending stats with ρ_niw=0.0500, ρ_tr=0.0500.
2025-09-23 19:34:08,427 - __main__ - DEBUG - Iter 1: ELBO after NIW update: 29324.6808 (Emit LL 44738.0139, NIW term -14854.9160, Δ=0.0000)
2025-09-23 19:34:08,477 - __main__ - DEBUG - Iter 1: ELBO after Dirichlet update: 29324.6364 (Trans LL -9.4308, Dir term -25.4393, Δ=-0.0443)
2025-09-23 19:34:08,550 - __main__ - DEBUG - Iter 1: ELBO after β update: 29324.1232 (Init LL -508.0722, Dir term -25.4970, logp(β) -15.9753, Δ=-0.5132)
2025-09-23 19:34:15,616 - __main__ - DEBUG - Iter 2: ELBO after FB: 29324.1232 (LL 44220.5115, Δ=0.0000)
2025-09-23 19:34:15,617 - __main__ - DEBUG - Blending stats with ρ_niw=0.0500, ρ_tr=0.0500.
2025-09-23 19:34:15,668 - __main__ - DEBUG - Iter 2: ELBO after NIW update: 29324.1232 (Emit LL 44738.0139, NIW term -14854.9160, Δ=0.0000)
2025-09-23 19:34:15,720 - __main__ - DEBUG - Iter 2: ELBO after Dirichlet update: 29323.9157 (Trans LL -9.4050, Dir term -25.7304, Δ=-0.2075)
2025-09-23 19:34:15,789 - __main__ - DEBUG - Iter 2: ELBO after β update: 29323.7027 (Init LL -508.2242, Dir term -25.7968, logp(β) -15.9698, Δ=-0.2130)
2025-09-23 19:34:22,897 - __main__ - DEBUG - Iter 3: ELBO after FB: 29323.7027 (LL 44220.3853, Δ=0.0000)
2025-09-23 19:34:22,898 - __main__ - DEBUG - Blending stats with ρ_niw=0.0500, ρ_tr=0.0500.
2025-09-23 19:34:22,950 - __main__ - DEBUG - Iter 3: ELBO after NIW update: 29323.7027 (Emit LL 44738.0139, NIW term -14854.9160, Δ=0.0000)
2025-09-23 19:34:23,002 - __main__ - DEBUG - Iter 3: ELBO after Dirichlet update: 29323.3633 (Trans LL -9.3956, Dir term -26.1456, Δ=-0.3394)
2025-09-23 19:34:23,062 - __main__ - DEBUG - Iter 3: ELBO after β update: 29323.3730 (Init LL -508.1810, Dir term -26.1811, logp(β) -15.9678, Δ=0.0097)
2025-09-23 19:34:30,074 - __main__ - DEBUG - Iter 4: ELBO after FB: 29323.3730 (LL 44220.4379, Δ=0.0000)
2025-09-23 19:34:30,075 - __main__ - DEBUG - Blending stats with ρ_niw=0.0500, ρ_tr=0.0500.
2025-09-23 19:34:30,124 - __main__ - DEBUG - Iter 4: ELBO after NIW update: 29323.3730 (Emit LL 44738.0139, NIW term -14854.9160, Δ=0.0000)
2025-09-23 19:34:30,174 - __main__ - DEBUG - Iter 4: ELBO after Dirichlet update: 29323.1674 (Trans LL -9.3979, Dir term -26.3844, Δ=-0.2056)
2025-09-23 19:34:30,238 - __main__ - DEBUG - Iter 4: ELBO after β update: 29322.9783 (Init LL -508.3160, Dir term -26.4418, logp(β) -15.9645, Δ=-0.1891)
2025-09-23 19:34:30,239 - __main__ - INFO -    HMM refresh complete: ELBO=64.7691, iters=0, max iters, states=40
2025-09-23 19:34:30,239 - __main__ - INFO -    ✅ HMM updated (next in 12,000 steps)
2025-09-23 19:34:30,240 - __main__ - INFO - 🔄 VAE refresh starting at step 175,104 with replay size 8x1536
2025-09-23 19:34:30,240 - __main__ - INFO -    Using span sampling (12288 timesteps, too large for full buffer)
2025-09-23 19:34:57,424 - __main__ - INFO -    VAE refresh complete: final_loss=2695.7666, avg_loss=2699.7782, steps=4/4, trend=improving, total_timesteps=12288, span_sampling=32_requested×4_steps, span_len=64
2025-09-23 19:34:57,426 - __main__ - INFO -    ✅ VAE updated (next in 12,000 steps)
2025-09-23 19:34:59,720 - __main__ - INFO - 📊 Episodes completed this rollout: 2
2025-09-23 19:34:59,721 - __main__ - INFO - 📈 Episode stats: avg return = -0.21, avg length = 300.0
2025-09-23 19:34:59,721 - __main__ - INFO - 🎯 Top 3 training actions: #3(31272), #0(30208), #1(23761)
2025-09-23 19:35:03,751 - __main__ - INFO - 📊 Episodes completed this rollout: 6
2025-09-23 19:35:03,751 - __main__ - INFO - 📈 Episode stats: avg return = 0.14, avg length = 244.2
2025-09-23 19:35:03,751 - __main__ - INFO - 🎯 Top 3 training actions: #3(31483), #0(30425), #1(23875)
2025-09-23 19:35:07,735 - __main__ - INFO - 📊 Episodes completed this rollout: 3
2025-09-23 19:35:07,735 - __main__ - INFO - 📈 Episode stats: avg return = 0.42, avg length = 257.3
2025-09-23 19:35:07,735 - __main__ - INFO - 🎯 Top 3 training actions: #3(31738), #0(30666), #1(23987)
2025-09-23 19:35:11,709 - __main__ - INFO - 📊 Episodes completed this rollout: 2
2025-09-23 19:35:11,709 - __main__ - INFO - 📈 Episode stats: avg return = -0.38, avg length = 300.0
2025-09-23 19:35:11,709 - __main__ - INFO - 🎯 Top 3 training actions: #3(31992), #0(30903), #1(24112)
2025-09-23 19:35:15,740 - __main__ - INFO - 📊 Episodes completed this rollout: 7
2025-09-23 19:35:15,740 - __main__ - INFO - 📈 Episode stats: avg return = 0.14, avg length = 193.6
2025-09-23 19:35:15,741 - __main__ - INFO - 🎯 Top 3 training actions: #3(32217), #0(31089), #1(24292)
2025-09-23 19:35:17,427 - __main__ - INFO - 🧪 Starting evaluation with 50 episodes...
2025-09-23 19:35:17,427 - __main__ - INFO -    Eval seed: 51
2025-09-23 19:35:17,427 - __main__ - INFO -    Max episode steps (eval): env default
2025-09-23 19:35:17,428 - nle.env.base - INFO - Not saving any NLE data.
2025-09-23 19:35:20,610 - __main__ - WARNING - ⚠️ Episode 1 terminated due to step limit.
2025-09-23 19:35:23,943 - __main__ - WARNING - ⚠️ Episode 2 terminated due to step limit.
2025-09-23 19:35:27,332 - __main__ - WARNING - ⚠️ Episode 3 terminated due to step limit.
2025-09-23 19:35:28,560 - __main__ - DEBUG - 🎯 Eval HMM masking: step 100 masked due to negative reward
2025-09-23 19:35:35,787 - __main__ - WARNING - ⚠️ Episode 8 terminated due to step limit.
2025-09-23 19:35:37,560 - __main__ - DEBUG - 🎯 Eval HMM masking: step 150 masked due to negative reward
2025-09-23 19:35:38,099 - __main__ - DEBUG - 🎯 Eval HMM masking: step 200 masked due to negative reward
2025-09-23 19:35:39,156 - __main__ - WARNING - ⚠️ Episode 9 terminated due to step limit.
2025-09-23 19:35:40,920 - __main__ - DEBUG - 🎯 Eval HMM masking: step 150 masked due to negative reward
2025-09-23 19:35:45,712 - __main__ - WARNING - ⚠️ Episode 11 terminated due to step limit.
2025-09-23 19:35:49,810 - __main__ - DEBUG - 🎯 Eval HMM masking: step 200 masked due to negative reward
2025-09-23 19:35:50,874 - __main__ - WARNING - ⚠️ Episode 13 terminated due to step limit.
2025-09-23 19:35:53,684 - __main__ - DEBUG - 🎯 Eval HMM masking: step 200 masked due to negative reward
2025-09-23 19:35:54,725 - __main__ - WARNING - ⚠️ Episode 15 terminated due to step limit.
2025-09-23 19:36:00,623 - __main__ - DEBUG - 🎯 Eval HMM masking: step 200 masked due to negative reward
2025-09-23 19:36:01,677 - __main__ - WARNING - ⚠️ Episode 18 terminated due to step limit.
2025-09-23 19:36:05,028 - __main__ - WARNING - ⚠️ Episode 19 terminated due to step limit.
2025-09-23 19:36:05,726 - __main__ - DEBUG - 🎯 Eval HMM masking: step 50 masked due to negative reward
2025-09-23 19:36:06,256 - __main__ - DEBUG - 🎯 Eval HMM masking: step 100 masked due to negative reward
2025-09-23 19:36:08,355 - __main__ - WARNING - ⚠️ Episode 20 terminated due to step limit.
2025-09-23 19:36:12,278 - __main__ - WARNING - ⚠️ Episode 23 terminated due to step limit.
2025-09-23 19:36:15,620 - __main__ - WARNING - ⚠️ Episode 24 terminated due to step limit.
2025-09-23 19:36:18,951 - __main__ - WARNING - ⚠️ Episode 25 terminated due to step limit.
2025-09-23 19:36:20,214 - __main__ - DEBUG - 🎯 Eval HMM masking: step 100 masked due to negative reward
2025-09-23 19:36:22,456 - __main__ - WARNING - ⚠️ Episode 26 terminated due to step limit.
2025-09-23 19:36:23,763 - __main__ - DEBUG - 🎯 Eval HMM masking: step 100 masked due to negative reward
2025-09-23 19:36:26,012 - __main__ - WARNING - ⚠️ Episode 27 terminated due to step limit.
2025-09-23 19:36:33,195 - __main__ - WARNING - ⚠️ Episode 29 terminated due to step limit.
2025-09-23 19:36:33,943 - __main__ - DEBUG - 🎯 Eval HMM masking: step 50 masked due to negative reward
2025-09-23 19:36:39,053 - __main__ - WARNING - ⚠️ Episode 31 terminated due to step limit.
2025-09-23 19:36:42,626 - __main__ - WARNING - ⚠️ Episode 32 terminated due to step limit.
2025-09-23 19:36:43,370 - __main__ - DEBUG - 🎯 Eval HMM masking: step 50 masked due to negative reward
2025-09-23 19:36:46,189 - __main__ - WARNING - ⚠️ Episode 33 terminated due to step limit.
2025-09-23 19:36:49,672 - __main__ - WARNING - ⚠️ Episode 34 terminated due to step limit.
2025-09-23 19:36:50,932 - __main__ - DEBUG - 🎯 Eval HMM masking: step 100 masked due to negative reward
2025-09-23 19:36:51,492 - __main__ - DEBUG - 🎯 Eval HMM masking: step 150 masked due to negative reward
2025-09-23 19:36:53,069 - __main__ - WARNING - ⚠️ Episode 35 terminated due to step limit.
2025-09-23 19:36:55,695 - __main__ - DEBUG - 🎯 Eval HMM masking: step 150 masked due to negative reward
2025-09-23 19:36:57,272 - __main__ - WARNING - ⚠️ Episode 38 terminated due to step limit.
2025-09-23 19:36:58,517 - __main__ - DEBUG - 🎯 Eval HMM masking: step 100 masked due to negative reward
2025-09-23 19:37:00,704 - __main__ - WARNING - ⚠️ Episode 39 terminated due to step limit.
2025-09-23 19:37:04,729 - __main__ - WARNING - ⚠️ Episode 41 terminated due to step limit.
2025-09-23 19:37:05,955 - __main__ - DEBUG - 🎯 Eval HMM masking: step 100 masked due to negative reward
2025-09-23 19:37:08,056 - __main__ - WARNING - ⚠️ Episode 42 terminated due to step limit.
2025-09-23 19:37:09,810 - __main__ - DEBUG - 🎯 Eval HMM masking: step 150 masked due to negative reward
2025-09-23 19:37:10,872 - __main__ - DEBUG - 🎯 Eval HMM masking: step 250 masked due to negative reward
2025-09-23 19:37:11,397 - __main__ - WARNING - ⚠️ Episode 43 terminated due to step limit.
2025-09-23 19:37:13,143 - __main__ - DEBUG - 🎯 Eval HMM masking: step 150 masked due to negative reward
2025-09-23 19:37:14,754 - __main__ - WARNING - ⚠️ Episode 44 terminated due to step limit.
2025-09-23 19:37:15,452 - __main__ - DEBUG - 🎯 Eval HMM masking: step 50 masked due to negative reward
2025-09-23 19:37:18,080 - __main__ - WARNING - ⚠️ Episode 45 terminated due to step limit.
2025-09-23 19:37:21,422 - __main__ - WARNING - ⚠️ Episode 46 terminated due to step limit.
2025-09-23 19:37:22,742 - __main__ - DEBUG - 🎯 Eval HMM masking: step 50 masked due to negative reward
2025-09-23 19:37:23,800 - __main__ - DEBUG - 🎯 Eval HMM masking: step 150 masked due to negative reward
2025-09-23 19:37:25,377 - __main__ - WARNING - ⚠️ Episode 48 terminated due to step limit.
2025-09-23 19:37:28,712 - __main__ - WARNING - ⚠️ Episode 49 terminated due to step limit.
2025-09-23 19:37:32,228 - __main__ - WARNING - ⚠️ Episode 50 terminated due to step limit.
2025-09-23 19:37:32,400 - __main__ - INFO - 📊 Evaluation Results (Current Round):
2025-09-23 19:37:32,400 - __main__ - INFO -    Episodes: 50
2025-09-23 19:37:32,400 - __main__ - INFO -    Time: 135.0s (2.7s/ep)
2025-09-23 19:37:32,400 - __main__ - INFO -    Average Return: 0.025 ± 0.606
2025-09-23 19:37:32,400 - __main__ - INFO -    Success Rate: 34.0%
2025-09-23 19:37:32,400 - __main__ - INFO -    Average Length: 238.0
2025-09-23 19:37:32,400 - __main__ - INFO -    Average Coverage: 71.8 positions
2025-09-23 19:37:32,400 - __main__ - INFO -    Episode Completions: 17 terminated (34.0%), 33 truncated (66.0%)
2025-09-23 19:37:32,400 - __main__ - INFO - 📈 Total Evaluation Statistics:
2025-09-23 19:37:32,400 - __main__ - INFO -    Total Episodes: 900
2025-09-23 19:37:32,401 - __main__ - INFO -    Total Average Return: 0.105 ± 0.628
2025-09-23 19:37:32,401 - __main__ - INFO -    Total Average Length: 230.2 ± 101.4
2025-09-23 19:37:32,401 - __main__ - INFO -    Total Completions: 353 terminated (39.2%), 547 truncated (60.8%)
2025-09-23 19:37:32,401 - __main__ - INFO -    Skill Entropy: 0.001
2025-09-23 19:37:32,401 - __main__ - INFO -    Used Skills: 1.0
2025-09-23 19:37:32,401 - __main__ - INFO -    Effective K: 1.00
2025-09-23 19:37:32,401 - __main__ - INFO - 🎯 Action Usage Statistics:
2025-09-23 19:37:32,401 - __main__ - INFO -    Unique actions in evaluation: 8
2025-09-23 19:37:32,401 - __main__ - INFO -    Unique actions in training: 8
2025-09-23 19:37:32,401 - __main__ - INFO -    Total unique actions: 8
2025-09-23 19:37:32,402 - __main__ - INFO -    Action coverage: 6.6%
2025-09-23 19:37:32,402 - __main__ - INFO -    Train action count: 180224
2025-09-23 19:37:32,402 - __main__ - INFO -    Eval action count: 207204
2025-09-23 19:37:32,402 - __main__ - INFO -    Train action entropy: 2.041
2025-09-23 19:37:32,402 - __main__ - INFO -    Eval action entropy: 2.035
2025-09-23 19:37:32,403 - __main__ - INFO -    Top 3 train actions: #3(32217), #0(31089), #1(24292)
2025-09-23 19:37:32,403 - __main__ - INFO -    Top 3 eval actions: #3(38490), #0(35869), #5(28866)
2025-09-23 19:37:34,792 - __main__ - INFO - 📊 Episodes completed this rollout: 6
2025-09-23 19:37:34,792 - __main__ - INFO - 📈 Episode stats: avg return = 0.29, avg length = 197.8
2025-09-23 19:37:34,792 - __main__ - INFO - 🎯 Top 3 training actions: #3(32475), #0(31240), #1(24462)
2025-09-23 19:37:38,866 - __main__ - INFO - 📊 Episodes completed this rollout: 5
2025-09-23 19:37:38,866 - __main__ - INFO - 📈 Episode stats: avg return = 0.12, avg length = 216.0
2025-09-23 19:37:38,866 - __main__ - INFO - 🎯 Top 3 training actions: #3(32781), #0(31408), #1(24622)
2025-09-23 19:37:42,904 - __main__ - INFO - 📊 Episodes completed this rollout: 3
2025-09-23 19:37:42,904 - __main__ - INFO - 📈 Episode stats: avg return = -0.32, avg length = 300.0
2025-09-23 19:37:42,905 - __main__ - INFO - 🎯 Top 3 training actions: #3(33099), #0(31555), #1(24806)
2025-09-23 19:37:46,916 - __main__ - INFO - 📊 Episodes completed this rollout: 6
2025-09-23 19:37:46,916 - __main__ - INFO - 📈 Episode stats: avg return = 0.50, avg length = 206.8
2025-09-23 19:37:46,916 - __main__ - INFO - 🎯 Top 3 training actions: #3(33386), #0(31752), #1(25010)
2025-09-23 19:37:50,938 - __main__ - INFO - 📊 Episodes completed this rollout: 3
2025-09-23 19:37:50,938 - __main__ - INFO - 📈 Episode stats: avg return = 0.50, avg length = 226.7
2025-09-23 19:37:50,938 - __main__ - INFO - 🎯 Top 3 training actions: #3(33661), #0(31973), #1(25224)
2025-09-23 19:37:54,922 - __main__ - INFO - 📊 Episodes completed this rollout: 5
2025-09-23 19:37:54,922 - __main__ - INFO - 📈 Episode stats: avg return = 0.15, avg length = 218.2
2025-09-23 19:37:54,922 - __main__ - INFO - 🎯 Top 3 training actions: #3(33948), #0(32203), #1(25411)
2025-09-23 19:37:58,941 - __main__ - INFO - 📊 Episodes completed this rollout: 5
2025-09-23 19:37:58,941 - __main__ - INFO - 📈 Episode stats: avg return = -0.18, avg length = 267.0
2025-09-23 19:37:58,941 - __main__ - INFO - 🎯 Top 3 training actions: #3(34244), #0(32485), #1(25541)
2025-09-23 19:38:00,611 - __main__ - INFO - 🔄 Synchronized model update at step 187,392
2025-09-23 19:38:00,612 - __main__ - INFO -    HMM interval: 12,000, VAE interval: 12,000
2025-09-23 19:38:00,612 - __main__ - INFO - 🚫 Model training masking: 1584/12288 timesteps masked (12.9%) due to negative rewards (invalid actions)
2025-09-23 19:38:01,006 - __main__ - INFO - 🔄 Capping HMM batch size from 1097 to 128 to prevent OOM
2025-09-23 19:38:01,007 - __main__ - INFO - 🔄 HMM refresh starting at step 187,392 with replay size 128x127
2025-09-23 19:38:08,288 - __main__ - DEBUG - Initial ELBO: 4499.6317
2025-09-23 19:38:08,293 - __main__ - DEBUG - Relative tol: 0.0100
2025-09-23 19:38:08,293 - __main__ - DEBUG - Relative elbo_drop_tol: 0.0100
2025-09-23 19:38:08,293 - __main__ - DEBUG - - Init -507.6210
2025-09-23 19:38:08,293 - __main__ - DEBUG - - Trans -3.9931
2025-09-23 19:38:08,293 - __main__ - DEBUG - - Emit 19907.5012
2025-09-23 19:38:08,293 - __main__ - DEBUG - - Entropy 0.0007
2025-09-23 19:38:08,294 - __main__ - DEBUG - - Dir -25.3691
2025-09-23 19:38:08,294 - __main__ - DEBUG - - NIW -14854.9160
2025-09-23 19:38:08,294 - __main__ - DEBUG - - Beta prior -15.9709
2025-09-23 19:38:16,142 - __main__ - DEBUG - Iter 0: ELBO after FB: 4499.6317 (LL 19395.8878, Δ=0.0000)
2025-09-23 19:38:16,143 - __main__ - DEBUG - Blending stats with ρ_niw=0.0500, ρ_tr=0.0500.
2025-09-23 19:38:16,195 - __main__ - DEBUG - Iter 0: ELBO after NIW update: 5211.3307 (Emit LL 20803.3672, NIW term -15039.0830, Δ=711.6990)
2025-09-23 19:38:16,247 - __main__ - DEBUG - Iter 0: ELBO after Dirichlet update: 5211.3735 (Trans LL -4.0298, Dir term -25.2897, Δ=0.0427)
2025-09-23 19:38:16,318 - __main__ - DEBUG - Iter 0: ELBO after β update: 5210.8907 (Init LL -508.0759, Dir term -25.3049, logp(β) -15.9837, Δ=-0.4828)
2025-09-23 19:38:24,302 - __main__ - DEBUG - Iter 1: ELBO after FB: 5210.8907 (LL 20291.2622, Δ=0.0000)
2025-09-23 19:38:24,304 - __main__ - DEBUG - Blending stats with ρ_niw=0.0500, ρ_tr=0.0500.
2025-09-23 19:38:24,354 - __main__ - DEBUG - Iter 1: ELBO after NIW update: 5210.8907 (Emit LL 20803.3672, NIW term -15039.0830, Δ=0.0000)
2025-09-23 19:38:24,404 - __main__ - DEBUG - Iter 1: ELBO after Dirichlet update: 5210.7992 (Trans LL -4.0189, Dir term -25.4073, Δ=-0.0915)
2025-09-23 19:38:24,476 - __main__ - DEBUG - Iter 1: ELBO after β update: 5210.2792 (Init LL -508.5281, Dir term -25.4713, logp(β) -15.9876, Δ=-0.5200)
2025-09-23 19:38:32,317 - __main__ - DEBUG - Iter 2: ELBO after FB: 5210.2792 (LL 20290.8210, Δ=0.0000)
2025-09-23 19:38:32,318 - __main__ - DEBUG - Blending stats with ρ_niw=0.0500, ρ_tr=0.0500.
2025-09-23 19:38:32,368 - __main__ - DEBUG - Iter 2: ELBO after NIW update: 5210.2792 (Emit LL 20803.3672, NIW term -15039.0830, Δ=0.0000)
2025-09-23 19:38:32,419 - __main__ - DEBUG - Iter 2: ELBO after Dirichlet update: 5210.0801 (Trans LL -4.0079, Dir term -25.6812, Δ=-0.1990)
2025-09-23 19:38:32,494 - __main__ - DEBUG - Iter 2: ELBO after β update: 5209.8776 (Init LL -508.6802, Dir term -25.7369, logp(β) -15.9822, Δ=-0.2025)
2025-09-23 19:38:40,427 - __main__ - DEBUG - Iter 3: ELBO after FB: 5209.8776 (LL 20290.6798, Δ=0.0000)
2025-09-23 19:38:40,428 - __main__ - DEBUG - Blending stats with ρ_niw=0.0500, ρ_tr=0.0500.
2025-09-23 19:38:40,478 - __main__ - DEBUG - Iter 3: ELBO after NIW update: 5209.8776 (Emit LL 20803.3672, NIW term -15039.0830, Δ=0.0000)
2025-09-23 19:38:40,528 - __main__ - DEBUG - Iter 3: ELBO after Dirichlet update: 5209.5149 (Trans LL -4.0040, Dir term -26.1036, Δ=-0.3627)
2025-09-23 19:38:40,590 - __main__ - DEBUG - Iter 3: ELBO after β update: 5209.5029 (Init LL -508.6364, Dir term -26.1630, logp(β) -15.9787, Δ=-0.0120)
2025-09-23 19:38:48,452 - __main__ - DEBUG - Iter 4: ELBO after FB: 5209.5029 (LL 20290.7276, Δ=0.0000)
2025-09-23 19:38:48,453 - __main__ - DEBUG - Blending stats with ρ_niw=0.0500, ρ_tr=0.0500.
2025-09-23 19:38:48,505 - __main__ - DEBUG - Iter 4: ELBO after NIW update: 5209.5029 (Emit LL 20803.3672, NIW term -15039.0830, Δ=0.0000)
2025-09-23 19:38:48,561 - __main__ - DEBUG - Iter 4: ELBO after Dirichlet update: 5209.2492 (Trans LL -4.0050, Dir term -26.4157, Δ=-0.2536)
2025-09-23 19:38:48,621 - __main__ - DEBUG - Iter 4: ELBO after β update: 5209.1299 (Init LL -508.7316, Dir term -26.4407, logp(β) -15.9778, Δ=-0.1194)
2025-09-23 19:38:48,623 - __main__ - INFO -    HMM refresh complete: ELBO=31.2037, iters=0, max iters, states=40
2025-09-23 19:38:48,623 - __main__ - INFO -    ✅ HMM updated (next in 12,000 steps)
2025-09-23 19:38:48,623 - __main__ - INFO - 🔄 VAE refresh starting at step 187,392 with replay size 8x1536
2025-09-23 19:38:48,624 - __main__ - INFO -    Using span sampling (12288 timesteps, too large for full buffer)
2025-09-23 19:39:14,235 - __main__ - INFO -    VAE refresh complete: final_loss=2673.1108, avg_loss=2679.0466, steps=4/4, trend=improving, total_timesteps=12288, span_sampling=32_requested×4_steps, span_len=64
2025-09-23 19:39:14,237 - __main__ - INFO -    ✅ VAE updated (next in 12,000 steps)
2025-09-23 19:39:16,534 - __main__ - INFO - 📊 Episodes completed this rollout: 2
2025-09-23 19:39:16,535 - __main__ - INFO - 📈 Episode stats: avg return = 0.96, avg length = 152.5
2025-09-23 19:39:16,535 - __main__ - INFO - 🎯 Top 3 training actions: #3(34574), #0(32778), #1(25667)
2025-09-23 19:39:20,531 - __main__ - INFO - 📊 Episodes completed this rollout: 6
2025-09-23 19:39:20,532 - __main__ - INFO - 📈 Episode stats: avg return = -0.16, avg length = 274.7
2025-09-23 19:39:20,532 - __main__ - INFO - 🎯 Top 3 training actions: #3(34830), #0(33074), #1(25784)
2025-09-23 19:39:24,579 - __main__ - INFO - 📊 Episodes completed this rollout: 3
2025-09-23 19:39:24,580 - __main__ - INFO - 📈 Episode stats: avg return = 0.41, avg length = 177.3
2025-09-23 19:39:24,580 - __main__ - INFO - 🎯 Top 3 training actions: #3(35073), #0(33301), #1(25931)
2025-09-23 19:39:26,283 - __main__ - INFO - 🧪 Starting evaluation with 50 episodes...
2025-09-23 19:39:26,283 - __main__ - INFO -    Eval seed: 51
2025-09-23 19:39:26,283 - __main__ - INFO -    Max episode steps (eval): env default
2025-09-23 19:39:26,284 - nle.env.base - INFO - Not saving any NLE data.
2025-09-23 19:39:29,661 - __main__ - WARNING - ⚠️ Episode 1 terminated due to step limit.
2025-09-23 19:39:33,818 - __main__ - WARNING - ⚠️ Episode 3 terminated due to step limit.
2025-09-23 19:39:35,663 - __main__ - DEBUG - 🎯 Eval HMM masking: step 150 masked due to negative reward
2025-09-23 19:39:37,341 - __main__ - WARNING - ⚠️ Episode 4 terminated due to step limit.
2025-09-23 19:39:40,218 - __main__ - DEBUG - 🎯 Eval HMM masking: step 150 masked due to negative reward
2025-09-23 19:39:44,818 - __main__ - DEBUG - 🎯 Eval HMM masking: step 200 masked due to negative reward
2025-09-23 19:39:45,930 - __main__ - WARNING - ⚠️ Episode 8 terminated due to step limit.
2025-09-23 19:39:48,373 - __main__ - DEBUG - 🎯 Eval HMM masking: step 200 masked due to negative reward
2025-09-23 19:39:49,494 - __main__ - WARNING - ⚠️ Episode 9 terminated due to step limit.
2025-09-23 19:39:50,231 - __main__ - DEBUG - 🎯 Eval HMM masking: step 50 masked due to negative reward
2025-09-23 19:39:51,918 - __main__ - DEBUG - 🎯 Eval HMM masking: step 200 masked due to negative reward
2025-09-23 19:39:54,755 - __main__ - DEBUG - 🎯 Eval HMM masking: step 150 masked due to negative reward
2025-09-23 19:39:55,864 - __main__ - DEBUG - 🎯 Eval HMM masking: step 250 masked due to negative reward
2025-09-23 19:39:56,416 - __main__ - WARNING - ⚠️ Episode 11 terminated due to step limit.
2025-09-23 19:39:57,720 - __main__ - DEBUG - 🎯 Eval HMM masking: step 100 masked due to negative reward
2025-09-23 19:39:59,954 - __main__ - WARNING - ⚠️ Episode 12 terminated due to step limit.
2025-09-23 19:40:03,491 - __main__ - WARNING - ⚠️ Episode 13 terminated due to step limit.
2025-09-23 19:40:04,224 - __main__ - DEBUG - 🎯 Eval HMM masking: step 50 masked due to negative reward
2025-09-23 19:40:07,028 - __main__ - WARNING - ⚠️ Episode 14 terminated due to step limit.
2025-09-23 19:40:10,508 - __main__ - WARNING - ⚠️ Episode 15 terminated due to step limit.
2025-09-23 19:40:14,217 - __main__ - WARNING - ⚠️ Episode 17 terminated due to step limit.
2025-09-23 19:40:18,075 - __main__ - DEBUG - 🎯 Eval HMM masking: step 100 masked due to negative reward
2025-09-23 19:40:20,281 - __main__ - WARNING - ⚠️ Episode 19 terminated due to step limit.
2025-09-23 19:40:24,906 - __main__ - DEBUG - 🎯 Eval HMM masking: step 150 masked due to negative reward
2025-09-23 19:40:25,464 - __main__ - DEBUG - 🎯 Eval HMM masking: step 200 masked due to negative reward
2025-09-23 19:40:29,716 - __main__ - WARNING - ⚠️ Episode 22 terminated due to step limit.
2025-09-23 19:40:34,160 - __main__ - WARNING - ⚠️ Episode 24 terminated due to step limit.
2025-09-23 19:40:37,593 - __main__ - WARNING - ⚠️ Episode 25 terminated due to step limit.
2025-09-23 19:40:41,063 - __main__ - WARNING - ⚠️ Episode 26 terminated due to step limit.
2025-09-23 19:40:44,524 - __main__ - WARNING - ⚠️ Episode 27 terminated due to step limit.
2025-09-23 19:40:45,798 - __main__ - DEBUG - 🎯 Eval HMM masking: step 100 masked due to negative reward
2025-09-23 19:40:47,977 - __main__ - WARNING - ⚠️ Episode 28 terminated due to step limit.
2025-09-23 19:40:50,886 - __main__ - DEBUG - 🎯 Eval HMM masking: step 250 masked due to negative reward
2025-09-23 19:40:51,423 - __main__ - WARNING - ⚠️ Episode 29 terminated due to step limit.
2025-09-23 19:40:52,695 - __main__ - DEBUG - 🎯 Eval HMM masking: step 100 masked due to negative reward
2025-09-23 19:40:54,916 - __main__ - WARNING - ⚠️ Episode 30 terminated due to step limit.
2025-09-23 19:40:58,358 - __main__ - WARNING - ⚠️ Episode 31 terminated due to step limit.
2025-09-23 19:41:01,695 - __main__ - WARNING - ⚠️ Episode 32 terminated due to step limit.
2025-09-23 19:41:07,545 - __main__ - WARNING - ⚠️ Episode 34 terminated due to step limit.
2025-09-23 19:41:08,246 - __main__ - DEBUG - 🎯 Eval HMM masking: step 50 masked due to negative reward
2025-09-23 19:41:11,079 - __main__ - DEBUG - 🎯 Eval HMM masking: step 150 masked due to negative reward
2025-09-23 19:41:11,639 - __main__ - DEBUG - 🎯 Eval HMM masking: step 200 masked due to negative reward
2025-09-23 19:41:12,699 - __main__ - WARNING - ⚠️ Episode 36 terminated due to step limit.
2025-09-23 19:41:16,351 - __main__ - DEBUG - 🎯 Eval HMM masking: step 200 masked due to negative reward
2025-09-23 19:41:16,882 - __main__ - DEBUG - 🎯 Eval HMM masking: step 250 masked due to negative reward
2025-09-23 19:41:17,407 - __main__ - WARNING - ⚠️ Episode 38 terminated due to step limit.
2025-09-23 19:41:20,843 - __main__ - WARNING - ⚠️ Episode 40 terminated due to step limit.
2025-09-23 19:41:24,167 - __main__ - WARNING - ⚠️ Episode 41 terminated due to step limit.
2025-09-23 19:41:28,391 - __main__ - WARNING - ⚠️ Episode 43 terminated due to step limit.
2025-09-23 19:41:31,711 - __main__ - WARNING - ⚠️ Episode 44 terminated due to step limit.
2025-09-23 19:41:37,043 - __main__ - WARNING - ⚠️ Episode 46 terminated due to step limit.
2025-09-23 19:41:37,741 - __main__ - DEBUG - 🎯 Eval HMM masking: step 50 masked due to negative reward
2025-09-23 19:41:40,372 - __main__ - WARNING - ⚠️ Episode 47 terminated due to step limit.
2025-09-23 19:41:41,595 - __main__ - DEBUG - 🎯 Eval HMM masking: step 100 masked due to negative reward
2025-09-23 19:41:43,737 - __main__ - WARNING - ⚠️ Episode 48 terminated due to step limit.
2025-09-23 19:41:47,080 - __main__ - WARNING - ⚠️ Episode 49 terminated due to step limit.
2025-09-23 19:41:47,336 - __main__ - INFO - 📊 Evaluation Results (Current Round):
2025-09-23 19:41:47,336 - __main__ - INFO -    Episodes: 50
2025-09-23 19:41:47,336 - __main__ - INFO -    Time: 141.1s (2.8s/ep)
2025-09-23 19:41:47,336 - __main__ - INFO -    Average Return: 0.023 ± 0.585
2025-09-23 19:41:47,336 - __main__ - INFO -    Success Rate: 34.0%
2025-09-23 19:41:47,336 - __main__ - INFO -    Average Length: 246.4
2025-09-23 19:41:47,336 - __main__ - INFO -    Average Coverage: 74.6 positions
2025-09-23 19:41:47,336 - __main__ - INFO -    Episode Completions: 17 terminated (34.0%), 33 truncated (66.0%)
2025-09-23 19:41:47,336 - __main__ - INFO - 📈 Total Evaluation Statistics:
2025-09-23 19:41:47,336 - __main__ - INFO -    Total Episodes: 950
2025-09-23 19:41:47,337 - __main__ - INFO -    Total Average Return: 0.100 ± 0.626
2025-09-23 19:41:47,337 - __main__ - INFO -    Total Average Length: 231.1 ± 100.9
2025-09-23 19:41:47,337 - __main__ - INFO -    Total Completions: 370 terminated (38.9%), 580 truncated (61.1%)
2025-09-23 19:41:47,337 - __main__ - INFO -    Skill Entropy: 0.001
2025-09-23 19:41:47,337 - __main__ - INFO -    Used Skills: 1.0
2025-09-23 19:41:47,337 - __main__ - INFO -    Effective K: 1.00
2025-09-23 19:41:47,337 - __main__ - INFO - 🎯 Action Usage Statistics:
2025-09-23 19:41:47,337 - __main__ - INFO -    Unique actions in evaluation: 8
2025-09-23 19:41:47,337 - __main__ - INFO -    Unique actions in training: 8
2025-09-23 19:41:47,337 - __main__ - INFO -    Total unique actions: 8
2025-09-23 19:41:47,337 - __main__ - INFO -    Action coverage: 6.6%
2025-09-23 19:41:47,338 - __main__ - INFO -    Train action count: 190464
2025-09-23 19:41:47,338 - __main__ - INFO -    Eval action count: 219523
2025-09-23 19:41:47,338 - __main__ - INFO -    Train action entropy: 2.034
2025-09-23 19:41:47,338 - __main__ - INFO -    Eval action entropy: 2.029
2025-09-23 19:41:47,339 - __main__ - INFO -    Top 3 train actions: #3(35073), #0(33301), #1(25931)
2025-09-23 19:41:47,339 - __main__ - INFO -    Top 3 eval actions: #3(41712), #0(38256), #5(31968)
2025-09-23 19:41:49,684 - __main__ - INFO - 📊 Episodes completed this rollout: 6
2025-09-23 19:41:49,684 - __main__ - INFO - 📈 Episode stats: avg return = -0.03, avg length = 249.8
2025-09-23 19:41:49,684 - __main__ - INFO - 🎯 Top 3 training actions: #3(35316), #0(33501), #5(26088)
2025-09-23 19:41:53,650 - __main__ - INFO - 📊 Episodes completed this rollout: 3
2025-09-23 19:41:53,651 - __main__ - INFO - 📈 Episode stats: avg return = -0.06, avg length = 294.7
2025-09-23 19:41:53,651 - __main__ - INFO - 🎯 Top 3 training actions: #3(35568), #0(33688), #5(26340)
2025-09-23 19:41:57,736 - __main__ - INFO - 📊 Episodes completed this rollout: 5
2025-09-23 19:41:57,737 - __main__ - INFO - 📈 Episode stats: avg return = 0.04, avg length = 233.8
2025-09-23 19:41:57,737 - __main__ - INFO - 🎯 Top 3 training actions: #3(35812), #0(33897), #5(26613)
2025-09-23 19:42:01,801 - __main__ - INFO - 📊 Episodes completed this rollout: 1
2025-09-23 19:42:01,801 - __main__ - INFO - 📈 Episode stats: avg return = -0.38, avg length = 300.0
2025-09-23 19:42:01,802 - __main__ - INFO - 🎯 Top 3 training actions: #3(36088), #0(34173), #5(26888)
2025-09-23 19:42:05,915 - __main__ - INFO - 📊 Episodes completed this rollout: 7
2025-09-23 19:42:05,915 - __main__ - INFO - 📈 Episode stats: avg return = 0.04, avg length = 240.3
2025-09-23 19:42:05,916 - __main__ - INFO - 🎯 Top 3 training actions: #3(36407), #0(34476), #5(27112)
2025-09-23 19:42:09,867 - __main__ - INFO - 📊 Episodes completed this rollout: 2
2025-09-23 19:42:09,868 - __main__ - INFO - 📈 Episode stats: avg return = -0.29, avg length = 300.0
2025-09-23 19:42:09,868 - __main__ - INFO - 🎯 Top 3 training actions: #3(36688), #0(34858), #5(27335)
2025-09-23 19:42:13,846 - __main__ - INFO - 📊 Episodes completed this rollout: 7
2025-09-23 19:42:13,846 - __main__ - INFO - 📈 Episode stats: avg return = 0.02, avg length = 260.3
2025-09-23 19:42:13,847 - __main__ - INFO - 🎯 Top 3 training actions: #3(37003), #0(35122), #5(27583)
2025-09-23 19:42:17,822 - __main__ - INFO - 📊 Episodes completed this rollout: 2
2025-09-23 19:42:17,823 - __main__ - INFO - 📈 Episode stats: avg return = 0.42, avg length = 180.5
2025-09-23 19:42:17,823 - __main__ - INFO - 🎯 Top 3 training actions: #3(37303), #0(35357), #5(27843)
2025-09-23 19:42:21,824 - __main__ - INFO - 📊 Episodes completed this rollout: 5
2025-09-23 19:42:21,825 - __main__ - INFO - 📈 Episode stats: avg return = -0.02, avg length = 295.2
2025-09-23 19:42:21,825 - __main__ - INFO - 🎯 Top 3 training actions: #3(37641), #0(35582), #5(28077)
2025-09-23 19:42:23,479 - __main__ - INFO - 🔄 Synchronized model update at step 199,680
2025-09-23 19:42:23,480 - __main__ - INFO -    HMM interval: 12,000, VAE interval: 12,000
2025-09-23 19:42:23,480 - __main__ - INFO - 🚫 Model training masking: 1584/12288 timesteps masked (12.9%) due to negative rewards (invalid actions)
2025-09-23 19:42:23,866 - __main__ - INFO - 🔄 Capping HMM batch size from 1027 to 128 to prevent OOM
2025-09-23 19:42:23,866 - __main__ - INFO - 🔄 HMM refresh starting at step 199,680 with replay size 128x77
2025-09-23 19:42:28,193 - __main__ - DEBUG - Initial ELBO: 5478.5710
2025-09-23 19:42:28,195 - __main__ - DEBUG - Relative tol: 0.0100
2025-09-23 19:42:28,195 - __main__ - DEBUG - Relative elbo_drop_tol: 0.0100
2025-09-23 19:42:28,196 - __main__ - DEBUG - - Init -508.0759
2025-09-23 19:42:28,196 - __main__ - DEBUG - - Trans -4.2816
2025-09-23 19:42:28,196 - __main__ - DEBUG - - Emit 21071.2997
2025-09-23 19:42:28,196 - __main__ - DEBUG - - Entropy 0.0004
2025-09-23 19:42:28,196 - __main__ - DEBUG - - Dir -25.3049
2025-09-23 19:42:28,196 - __main__ - DEBUG - - NIW -15039.0830
2025-09-23 19:42:28,196 - __main__ - DEBUG - - Beta prior -15.9837
2025-09-23 19:42:32,935 - __main__ - DEBUG - Iter 0: ELBO after FB: 5478.5710 (LL 20558.9426, Δ=0.0000)
2025-09-23 19:42:32,935 - __main__ - DEBUG - Blending stats with ρ_niw=0.0500, ρ_tr=0.0500.
2025-09-23 19:42:32,985 - __main__ - DEBUG - Iter 0: ELBO after NIW update: 6581.2339 (Emit LL 22389.5954, NIW term -15254.7158, Δ=1102.6629)
2025-09-23 19:42:33,033 - __main__ - DEBUG - Iter 0: ELBO after Dirichlet update: 6581.2458 (Trans LL -4.3085, Dir term -25.2662, Δ=0.0119)
2025-09-23 19:42:33,100 - __main__ - DEBUG - Iter 0: ELBO after β update: 6580.7610 (Init LL -508.5244, Dir term -25.2897, logp(β) -15.9964, Δ=-0.4847)
2025-09-23 19:42:37,815 - __main__ - DEBUG - Iter 1: ELBO after FB: 6580.7610 (LL 21876.7630, Δ=0.0000)
2025-09-23 19:42:37,816 - __main__ - DEBUG - Blending stats with ρ_niw=0.0500, ρ_tr=0.0500.
2025-09-23 19:42:37,863 - __main__ - DEBUG - Iter 1: ELBO after NIW update: 6580.7610 (Emit LL 22389.5954, NIW term -15254.7158, Δ=0.0000)
2025-09-23 19:42:37,911 - __main__ - DEBUG - Iter 1: ELBO after Dirichlet update: 6580.7218 (Trans LL -4.2969, Dir term -25.3405, Δ=-0.0392)
2025-09-23 19:42:37,980 - __main__ - DEBUG - Iter 1: ELBO after β update: 6580.1957 (Init LL -508.9771, Dir term -25.4103, logp(β) -16.0001, Δ=-0.5261)
2025-09-23 19:42:42,837 - __main__ - DEBUG - Iter 2: ELBO after FB: 6580.1957 (LL 21876.3218, Δ=0.0000)
2025-09-23 19:42:42,838 - __main__ - DEBUG - Blending stats with ρ_niw=0.0500, ρ_tr=0.0500.
2025-09-23 19:42:42,885 - __main__ - DEBUG - Iter 2: ELBO after NIW update: 6580.1957 (Emit LL 22389.5954, NIW term -15254.7158, Δ=0.0000)
2025-09-23 19:42:42,933 - __main__ - DEBUG - Iter 2: ELBO after Dirichlet update: 6579.9507 (Trans LL -4.2858, Dir term -25.6663, Δ=-0.2450)
2025-09-23 19:42:43,001 - __main__ - DEBUG - Iter 2: ELBO after β update: 6579.7462 (Init LL -509.1298, Dir term -25.7235, logp(β) -15.9947, Δ=-0.2046)
2025-09-23 19:42:47,742 - __main__ - DEBUG - Iter 3: ELBO after FB: 6579.7462 (LL 21876.1802, Δ=0.0000)
2025-09-23 19:42:47,743 - __main__ - DEBUG - Blending stats with ρ_niw=0.0500, ρ_tr=0.0500.
2025-09-23 19:42:47,792 - __main__ - DEBUG - Iter 3: ELBO after NIW update: 6579.7462 (Emit LL 22389.5954, NIW term -15254.7158, Δ=0.0000)
2025-09-23 19:42:47,840 - __main__ - DEBUG - Iter 3: ELBO after Dirichlet update: 6579.3869 (Trans LL -4.2816, Dir term -26.0869, Δ=-0.3592)
2025-09-23 19:42:47,899 - __main__ - DEBUG - Iter 3: ELBO after β update: 6579.3901 (Init LL -509.0828, Dir term -26.1343, logp(β) -15.9912, Δ=0.0032)
2025-09-23 19:42:52,732 - __main__ - DEBUG - Iter 4: ELBO after FB: 6579.3901 (LL 21876.2314, Δ=0.0000)
2025-09-23 19:42:52,732 - __main__ - DEBUG - Blending stats with ρ_niw=0.0500, ρ_tr=0.0500.
2025-09-23 19:42:52,783 - __main__ - DEBUG - Iter 4: ELBO after NIW update: 6579.3901 (Emit LL 22389.5954, NIW term -15254.7158, Δ=0.0000)
2025-09-23 19:42:52,833 - __main__ - DEBUG - Iter 4: ELBO after Dirichlet update: 6579.1406 (Trans LL -4.2827, Dir term -26.3827, Δ=-0.2495)
2025-09-23 19:42:52,888 - __main__ - DEBUG - Iter 4: ELBO after β update: 6579.0440 (Init LL -509.1529, Dir term -26.4104, logp(β) -15.9900, Δ=-0.0966)
2025-09-23 19:42:52,890 - __main__ - INFO -    HMM refresh complete: ELBO=50.1968, iters=0, max iters, states=40
2025-09-23 19:42:52,890 - __main__ - INFO -    ✅ HMM updated (next in 12,000 steps)
2025-09-23 19:42:52,890 - __main__ - INFO - 🔄 VAE refresh starting at step 199,680 with replay size 8x1536
2025-09-23 19:42:52,891 - __main__ - INFO -    Using span sampling (12288 timesteps, too large for full buffer)
2025-09-23 19:43:18,903 - __main__ - INFO -    VAE refresh complete: final_loss=2669.5337, avg_loss=2672.6785, steps=4/4, trend=improving, total_timesteps=12288, span_sampling=32_requested×4_steps, span_len=64
2025-09-23 19:43:18,906 - __main__ - INFO -    ✅ VAE updated (next in 12,000 steps)
2025-09-23 19:43:18,909 - __main__ - INFO - ⏱️  Training completed in 4372.51 seconds
2025-09-23 19:43:18,910 - __main__ - INFO - 💾 Saving final PPO checkpoint...
2025-09-23 19:43:18,917 - __main__ - INFO - 💾 Final checkpoint saved: checkpoints/ablation_baseline_curiosity_skill_only_MiniHack_Room_Random_15x15_v0_20250923-183023/ppo_policy.pth
2025-09-23 19:43:18,922 - __main__ - INFO - 📊 Collected 286 training log entries
2025-09-23 19:43:18,922 - __main__ - INFO - ☁️  Uploading all model components to HuggingFace...
2025-09-23 19:43:19,064 - __main__ - INFO - 📦 Created/verified repository: CatkinChen/nethack-ppo-ablation-baseline_curiosity_skill_only
2025-09-23 19:43:19,064 - __main__ - INFO - 📤 Uploading PPO policy checkpoint...
2025-09-23 19:43:22,048 - __main__ - INFO - 📤 Uploading VAE model...
2025-09-23 19:43:25,209 - __main__ - INFO - ✅ VAE model uploaded successfully
2025-09-23 19:43:25,209 - __main__ - INFO - 📤 Uploading HMM model...
2025-09-23 19:43:27,486 - __main__ - INFO - ✅ HMM model uploaded successfully
2025-09-23 19:43:27,487 - __main__ - INFO - 📝 Creating model card...
2025-09-23 19:43:28,151 - __main__ - INFO - ✅ Model card uploaded successfully
2025-09-23 19:43:28,151 - __main__ - INFO - 📄 Uploading training configuration...
2025-09-23 19:43:28,681 - __main__ - INFO - ✅ Training configuration uploaded successfully
2025-09-23 19:43:28,681 - __main__ - INFO - 🎉 All model components uploaded to: https://huggingface.co/CatkinChen/nethack-ppo-ablation-baseline_curiosity_skill_only
2025-09-23 19:43:28,681 - __main__ - INFO - 📈 Uploading training artifacts...
2025-09-23 19:43:31,992 - __main__ - INFO - ✅ Training artifacts uploaded successfully
2025-09-23 19:43:32,651 - __main__ - INFO - 🎉 Training completed successfully!
