2025-09-23 20:55:35,964 - __main__ - INFO - ================================================================================
2025-09-23 20:55:35,964 - __main__ - INFO - Starting Online PPO Training with Pretrained Models
2025-09-23 20:55:35,964 - __main__ - INFO - Environment: MiniHack-Room-Random-15x15-v0
2025-09-23 20:55:35,964 - __main__ - INFO - VAE Repository: CatkinChen/nethack-vae-hmm
2025-09-23 20:55:35,964 - __main__ - INFO - HMM Repository: CatkinChen/nethack-hmm
2025-09-23 20:55:35,964 - __main__ - INFO - Total Timesteps: 195
2025-09-23 20:55:35,965 - __main__ - INFO - ================================================================================
2025-09-23 20:55:35,965 - __main__ - INFO - 🔧 Using device: cuda
2025-09-23 20:55:35,965 - __main__ - INFO - 🆕 Fresh training mode: Loading models from separate repos
2025-09-23 20:55:35,965 - __main__ - INFO - 🎨 Loading pretrained VAE model...
2025-09-23 20:55:36,491 - __main__ - INFO - 🧠 Loading pretrained HMM model...
2025-09-23 20:55:36,783 - __main__ - INFO - ✅ VAE model loaded successfully
2025-09-23 20:55:36,783 - __main__ - INFO -    - Latent dimension: 96
2025-09-23 20:55:36,783 - __main__ - INFO -    - Skills: 40
2025-09-23 20:55:36,783 - __main__ - INFO - ✅ HMM model loaded successfully
2025-09-23 20:55:36,783 - __main__ - INFO -    🏷️  HMM Round: 4
2025-09-23 20:55:36,783 - __main__ - INFO -    📅 Created: 2025-09-15T21:41:06.331217
2025-09-23 20:55:36,784 - __main__ - INFO - 🎮 Creating environment: MiniHack-Room-Random-15x15-v0
2025-09-23 20:55:36,784 - nle.env.base - INFO - Not saving any NLE data.
2025-09-23 20:55:36,800 - __main__ - INFO -    - Observation space: Dict('blstats': Box(-2147483648, 2147483647, (27,), int64), 'chars': Box(0, 255, (21, 79), uint8), 'chars_crop': Box(0, 255, (9, 9), uint8), 'colors': Box(0, 15, (21, 79), uint8), 'colors_crop': Box(0, 15, (9, 9), uint8), 'glyphs': Box(0, 5976, (21, 79), int16), 'glyphs_crop': Box(0, 5976, (9, 9), int16), 'message': Box(0, 255, (256,), uint8), 'specials': Box(0, 255, (21, 79), uint8), 'specials_crop': Box(0, 255, (9, 9), uint8))
2025-09-23 20:55:36,800 - __main__ - INFO -    - Action space: Discrete(8)
2025-09-23 20:55:36,826 - __main__ - INFO - 🔄 HMM posterior set as prior for online updates with tempered weight 0.2
2025-09-23 20:55:36,826 - __main__ - INFO - 🔄 Using provided VAE config
2025-09-23 20:55:36,826 - __main__ - INFO -    - VAE prior mode set to 'hmm' for online training
2025-09-23 20:55:37,824 - __main__ - INFO - 📊 W&B initialized with run name: ablation_baseline_full_curiosity_MiniHack_Room_Random_15x15_v0_20250923-205535
2025-09-23 20:55:37,825 - __main__ - INFO - 🚀 Initializing PPO trainer...
2025-09-23 20:55:37,825 - nle.env.base - INFO - Not saving any NLE data.
2025-09-23 20:55:37,841 - nle.env.base - INFO - Not saving any NLE data.
2025-09-23 20:55:37,855 - nle.env.base - INFO - Not saving any NLE data.
2025-09-23 20:55:37,868 - nle.env.base - INFO - Not saving any NLE data.
2025-09-23 20:55:37,884 - nle.env.base - INFO - Not saving any NLE data.
2025-09-23 20:55:37,897 - nle.env.base - INFO - Not saving any NLE data.
2025-09-23 20:55:37,911 - nle.env.base - INFO - Not saving any NLE data.
2025-09-23 20:55:37,924 - nle.env.base - INFO - Not saving any NLE data.
2025-09-23 20:55:38,820 - __main__ - INFO - ✅ PPO trainer initialized successfully
2025-09-23 20:55:38,821 - __main__ - INFO - 🆕 Starting fresh PPO training (no checkpoint loading)
2025-09-23 20:55:38,821 - __main__ - INFO - 🏋️  Starting PPO training...
2025-09-23 20:55:39,237 - __main__ - INFO - 🎮 Action Mapping Debug (step 0, timestep 0):
2025-09-23 20:55:39,237 - __main__ - INFO -    Global actions sampled: [7 1 2 0 7 1 3 4]
2025-09-23 20:55:39,238 - __main__ - INFO -    Local actions mapped:   [7 1 2 0 7 1 3 4]
2025-09-23 20:55:39,238 - __main__ - INFO -    Available env actions:  (<CompassDirection.N: 107>, <CompassDirection.E: 108>, <CompassDirection.S: 106>, <CompassDirection.W: 104>, <CompassDirection.NE: 117>, <CompassDirection.SE: 110>, <CompassDirection.SW: 98>, <CompassDirection.NW: 121>)
2025-09-23 20:55:39,238 - __main__ - INFO -    Action mapping:         ['local_0->global_0(107)', 'local_1->global_1(108)', 'local_2->global_2(106)', 'local_3->global_3(104)', 'local_4->global_4(117)', 'local_5->global_5(110)', 'local_6->global_6(98)', 'local_7->global_7(121)']
2025-09-23 20:55:39,238 - __main__ - INFO -    Valid global indices:   [0 1 2 3 4 5 6 7] (total: 8)
2025-09-23 20:55:39,238 - __main__ - INFO -    Global->Local mapping:  ['env0:g7->l7', 'env1:g1->l1', 'env2:g2->l2', 'env3:g0->l0', 'env4:g7->l7', 'env5:g1->l1', 'env6:g3->l3', 'env7:g4->l4']
2025-09-23 20:55:45,473 - __main__ - INFO - 📊 Episodes completed this rollout: 1
2025-09-23 20:55:45,473 - __main__ - INFO - 📈 Episode stats: avg return = 0.89, avg length = 149.0
2025-09-23 20:55:45,495 - __main__ - INFO - 🎯 Top 3 training actions: #0(309), #5(291), #6(278)
2025-09-23 20:55:49,708 - __main__ - INFO - 📊 Episodes completed this rollout: 11
2025-09-23 20:55:49,708 - __main__ - INFO - 📈 Episode stats: avg return = 0.15, avg length = 198.7
2025-09-23 20:55:49,708 - __main__ - INFO - 🎯 Top 3 training actions: #0(458), #6(415), #5(393)
2025-09-23 20:55:53,645 - __main__ - INFO - 📊 Episodes completed this rollout: 4
2025-09-23 20:55:53,645 - __main__ - INFO - 📈 Episode stats: avg return = 0.73, avg length = 171.0
2025-09-23 20:55:53,645 - __main__ - INFO - 🎯 Top 3 training actions: #0(613), #7(577), #6(559)
2025-09-23 20:55:57,604 - __main__ - INFO - 📊 Episodes completed this rollout: 5
2025-09-23 20:55:57,604 - __main__ - INFO - 📈 Episode stats: avg return = 0.01, avg length = 204.6
2025-09-23 20:55:57,604 - __main__ - INFO - 🎯 Top 3 training actions: #0(837), #7(745), #3(668)
2025-09-23 20:55:59,321 - __main__ - INFO - 🔄 Synchronized model update at step 5,120
2025-09-23 20:55:59,321 - __main__ - INFO -    HMM interval: 5,120, VAE interval: 5,120
2025-09-23 20:55:59,322 - __main__ - INFO - 🚫 Model training masking: 1075/5120 timesteps masked (21.0%) due to negative rewards (invalid actions)
2025-09-23 20:55:59,488 - __main__ - INFO - 🔄 Capping HMM batch size from 637 to 128 to prevent OOM
2025-09-23 20:55:59,488 - __main__ - INFO - 🔄 HMM refresh starting at step 5,120 with replay size 128x58
2025-09-23 20:56:02,779 - __main__ - DEBUG - Initial ELBO: -185616.1678
2025-09-23 20:56:02,780 - __main__ - DEBUG - Relative tol: 0.0100
2025-09-23 20:56:02,780 - __main__ - DEBUG - Relative elbo_drop_tol: 0.0100
2025-09-23 20:56:02,780 - __main__ - DEBUG - - Init -546.5525
2025-09-23 20:56:02,780 - __main__ - DEBUG - - Trans -1279.4264
2025-09-23 20:56:02,780 - __main__ - DEBUG - - Emit -183776.3939
2025-09-23 20:56:02,780 - __main__ - DEBUG - - Entropy 1.9855
2025-09-23 20:56:02,780 - __main__ - DEBUG - - Dir 0.0000
2025-09-23 20:56:02,780 - __main__ - DEBUG - - NIW 0.0003
2025-09-23 20:56:02,780 - __main__ - DEBUG - - Beta prior -15.7809
2025-09-23 20:56:06,471 - __main__ - DEBUG - Iter 0: ELBO after FB: -185616.1678 (LL -185600.3873, Δ=0.0000)
2025-09-23 20:56:06,472 - __main__ - DEBUG - First pass after reset, using full stats.
2025-09-23 20:56:06,517 - __main__ - DEBUG - Iter 0: ELBO after NIW update: -56769.4643 (Emit LL -44295.6256, NIW term -10634.0645, Δ=128846.7035)
2025-09-23 20:56:06,563 - __main__ - DEBUG - Iter 0: ELBO after Dirichlet update: -55789.9286 (Trans LL -126.5921, Dir term -173.2986, Δ=979.5357)
2025-09-23 20:56:06,633 - __main__ - DEBUG - Iter 0: ELBO after β update: -55790.6797 (Init LL -547.2402, Dir term -173.3536, logp(β) -15.7892, Δ=-0.7511)
2025-09-23 20:56:10,353 - __main__ - DEBUG - Iter 1: ELBO after FB: -46421.1744 (LL -35597.9672, Δ=9369.5053)
2025-09-23 20:56:10,353 - __main__ - DEBUG - First pass after reset, using full stats.
2025-09-23 20:56:10,401 - __main__ - DEBUG - Iter 1: ELBO after NIW update: -26726.5811 (Emit LL -16593.5966, NIW term -9398.6172, Δ=19694.5933)
2025-09-23 20:56:10,449 - __main__ - DEBUG - Iter 1: ELBO after Dirichlet update: -26550.1565 (Trans LL -9.6420, Dir term -34.0739, Δ=176.4245)
2025-09-23 20:56:10,516 - __main__ - DEBUG - Iter 1: ELBO after β update: -26551.0405 (Init LL -499.2366, Dir term -34.1589, logp(β) -15.7976, Δ=-0.8839)
2025-09-23 20:56:14,249 - __main__ - DEBUG - Iter 2: ELBO after FB: -24041.3129 (LL -14592.7392, Δ=2509.7276)
2025-09-23 20:56:14,250 - __main__ - DEBUG - First pass after reset, using full stats.
2025-09-23 20:56:14,296 - __main__ - DEBUG - Iter 2: ELBO after NIW update: -21520.3767 (Emit LL -12932.9677, NIW term -8032.3579, Δ=2520.9362)
2025-09-23 20:56:14,342 - __main__ - DEBUG - Iter 2: ELBO after Dirichlet update: -21507.1218 (Trans LL -4.8159, Dir term -21.9735, Δ=13.2549)
2025-09-23 20:56:14,407 - __main__ - DEBUG - Iter 2: ELBO after β update: -21507.0513 (Init LL -499.0515, Dir term -22.0552, logp(β) -15.8033, Δ=0.0706)
2025-09-23 20:56:18,123 - __main__ - DEBUG - Iter 3: ELBO after FB: -21507.0511 (LL -13436.8346, Δ=0.0002)
2025-09-23 20:56:18,124 - __main__ - DEBUG - First pass after reset, using full stats.
2025-09-23 20:56:18,170 - __main__ - DEBUG - Iter 3: ELBO after NIW update: -21507.0511 (Emit LL -12932.9675, NIW term -8032.3579, Δ=0.0000)
2025-09-23 20:56:18,216 - __main__ - DEBUG - Iter 3: ELBO after Dirichlet update: -21507.3372 (Trans LL -4.8209, Dir term -22.3363, Δ=-0.2862)
2025-09-23 20:56:18,284 - __main__ - DEBUG - Iter 3: ELBO after β update: -21508.0644 (Init LL -499.6688, Dir term -22.4475, logp(β) -15.8021, Δ=-0.7271)
2025-09-23 20:56:22,110 - __main__ - DEBUG - Iter 4: ELBO after FB: -21508.0644 (LL -13437.4569, Δ=0.0000)
2025-09-23 20:56:22,111 - __main__ - DEBUG - First pass after reset, using full stats.
2025-09-23 20:56:22,159 - __main__ - DEBUG - Iter 4: ELBO after NIW update: -21508.0644 (Emit LL -12932.9675, NIW term -8032.3579, Δ=0.0000)
2025-09-23 20:56:22,206 - __main__ - DEBUG - Iter 4: ELBO after Dirichlet update: -21508.4766 (Trans LL -4.8015, Dir term -22.8791, Δ=-0.4122)
2025-09-23 20:56:22,269 - __main__ - DEBUG - Iter 4: ELBO after β update: -21508.5332 (Init LL -499.6378, Dir term -22.9721, logp(β) -15.7967, Δ=-0.0567)
2025-09-23 20:56:22,270 - __main__ - INFO -    HMM refresh complete: ELBO=-40.3971, iters=0, max iters, states=40
2025-09-23 20:56:22,271 - __main__ - INFO -    ✅ HMM updated (next in 6,144 steps)
2025-09-23 20:56:22,271 - __main__ - INFO - 🔄 VAE refresh starting at step 5,120 with replay size 8x640
2025-09-23 20:56:22,271 - __main__ - INFO -    Using span sampling (5120 timesteps, too large for full buffer)
2025-09-23 20:56:45,591 - __main__ - INFO -    VAE refresh complete: final_loss=2879.1992, avg_loss=2890.0143, steps=4/4, trend=improving, total_timesteps=5120, span_sampling=32_requested×4_steps, span_len=64
2025-09-23 20:56:45,593 - __main__ - INFO -    ✅ VAE updated (next in 6,144 steps)
2025-09-23 20:56:47,867 - __main__ - INFO - 📊 Episodes completed this rollout: 4
2025-09-23 20:56:47,867 - __main__ - INFO - 📈 Episode stats: avg return = -0.83, avg length = 300.0
2025-09-23 20:56:47,867 - __main__ - INFO - 🎯 Top 3 training actions: #0(1082), #7(899), #2(830)
2025-09-23 20:56:51,847 - __main__ - INFO - 📊 Episodes completed this rollout: 5
2025-09-23 20:56:51,848 - __main__ - INFO - 📈 Episode stats: avg return = 0.53, avg length = 171.8
2025-09-23 20:56:51,848 - __main__ - INFO - 🎯 Top 3 training actions: #0(1397), #2(1032), #7(990)
2025-09-23 20:56:55,911 - __main__ - INFO - 📊 Episodes completed this rollout: 5
2025-09-23 20:56:55,911 - __main__ - INFO - 📈 Episode stats: avg return = -0.28, avg length = 258.2
2025-09-23 20:56:55,911 - __main__ - INFO - 🎯 Top 3 training actions: #0(1638), #2(1270), #7(1063)
2025-09-23 20:56:59,882 - __main__ - INFO - 📊 Episodes completed this rollout: 3
2025-09-23 20:56:59,882 - __main__ - INFO - 📈 Episode stats: avg return = 0.57, avg length = 207.0
2025-09-23 20:56:59,882 - __main__ - INFO - 🎯 Top 3 training actions: #0(1869), #2(1472), #7(1154)
2025-09-23 20:57:03,890 - __main__ - INFO - 📊 Episodes completed this rollout: 4
2025-09-23 20:57:03,890 - __main__ - INFO - 📈 Episode stats: avg return = -0.25, avg length = 300.0
2025-09-23 20:57:03,891 - __main__ - INFO - 🎯 Top 3 training actions: #0(2140), #2(1619), #3(1296)
2025-09-23 20:57:05,626 - __main__ - INFO - 🧪 Starting evaluation with 50 episodes...
2025-09-23 20:57:05,626 - __main__ - INFO -    Eval seed: 51
2025-09-23 20:57:05,626 - __main__ - INFO -    Max episode steps (eval): env default
2025-09-23 20:57:05,627 - nle.env.base - INFO - Not saving any NLE data.
2025-09-23 20:57:08,821 - __main__ - WARNING - ⚠️ Episode 1 terminated due to step limit.
2025-09-23 20:57:13,059 - __main__ - DEBUG - 🎯 Eval HMM masking: step 150 masked due to negative reward
2025-09-23 20:57:14,602 - __main__ - WARNING - ⚠️ Episode 3 terminated due to step limit.
2025-09-23 20:57:18,008 - __main__ - DEBUG - 🎯 Eval HMM masking: step 50 masked due to negative reward
2025-09-23 20:57:20,596 - __main__ - WARNING - ⚠️ Episode 5 terminated due to step limit.
2025-09-23 20:57:24,999 - __main__ - WARNING - ⚠️ Episode 7 terminated due to step limit.
2025-09-23 20:57:25,681 - __main__ - DEBUG - 🎯 Eval HMM masking: step 50 masked due to negative reward
2025-09-23 20:57:28,534 - __main__ - DEBUG - 🎯 Eval HMM masking: step 100 masked due to negative reward
2025-09-23 20:57:29,054 - __main__ - DEBUG - 🎯 Eval HMM masking: step 150 masked due to negative reward
2025-09-23 20:57:30,089 - __main__ - DEBUG - 🎯 Eval HMM masking: step 250 masked due to negative reward
2025-09-23 20:57:30,600 - __main__ - WARNING - ⚠️ Episode 10 terminated due to step limit.
2025-09-23 20:57:32,346 - __main__ - DEBUG - 🎯 Eval HMM masking: step 150 masked due to negative reward
2025-09-23 20:57:33,884 - __main__ - WARNING - ⚠️ Episode 11 terminated due to step limit.
2025-09-23 20:57:37,142 - __main__ - WARNING - ⚠️ Episode 12 terminated due to step limit.
2025-09-23 20:57:38,355 - __main__ - DEBUG - 🎯 Eval HMM masking: step 100 masked due to negative reward
2025-09-23 20:57:38,896 - __main__ - DEBUG - 🎯 Eval HMM masking: step 150 masked due to negative reward
2025-09-23 20:57:40,513 - __main__ - WARNING - ⚠️ Episode 13 terminated due to step limit.
2025-09-23 20:57:43,961 - __main__ - WARNING - ⚠️ Episode 14 terminated due to step limit.
2025-09-23 20:57:47,247 - __main__ - WARNING - ⚠️ Episode 15 terminated due to step limit.
2025-09-23 20:57:50,632 - __main__ - WARNING - ⚠️ Episode 16 terminated due to step limit.
2025-09-23 20:57:54,904 - __main__ - WARNING - ⚠️ Episode 18 terminated due to step limit.
2025-09-23 20:57:58,208 - __main__ - WARNING - ⚠️ Episode 19 terminated due to step limit.
2025-09-23 20:58:01,493 - __main__ - WARNING - ⚠️ Episode 20 terminated due to step limit.
2025-09-23 20:58:02,683 - __main__ - DEBUG - 🎯 Eval HMM masking: step 100 masked due to negative reward
2025-09-23 20:58:04,735 - __main__ - WARNING - ⚠️ Episode 21 terminated due to step limit.
2025-09-23 20:58:10,024 - __main__ - DEBUG - 🎯 Eval HMM masking: step 200 masked due to negative reward
2025-09-23 20:58:11,078 - __main__ - WARNING - ⚠️ Episode 23 terminated due to step limit.
2025-09-23 20:58:14,327 - __main__ - DEBUG - 🎯 Eval HMM masking: step 50 masked due to negative reward
2025-09-23 20:58:14,844 - __main__ - DEBUG - 🎯 Eval HMM masking: step 100 masked due to negative reward
2025-09-23 20:58:16,909 - __main__ - WARNING - ⚠️ Episode 25 terminated due to step limit.
2025-09-23 20:58:20,177 - __main__ - WARNING - ⚠️ Episode 26 terminated due to step limit.
2025-09-23 20:58:25,197 - __main__ - DEBUG - 🎯 Eval HMM masking: step 250 masked due to negative reward
2025-09-23 20:58:25,706 - __main__ - WARNING - ⚠️ Episode 28 terminated due to step limit.
2025-09-23 20:58:26,390 - __main__ - DEBUG - 🎯 Eval HMM masking: step 50 masked due to negative reward
2025-09-23 20:58:34,520 - __main__ - DEBUG - 🎯 Eval HMM masking: step 200 masked due to negative reward
2025-09-23 20:58:35,060 - __main__ - DEBUG - 🎯 Eval HMM masking: step 250 masked due to negative reward
2025-09-23 20:58:35,594 - __main__ - WARNING - ⚠️ Episode 33 terminated due to step limit.
2025-09-23 20:58:38,968 - __main__ - WARNING - ⚠️ Episode 34 terminated due to step limit.
2025-09-23 20:58:40,744 - __main__ - DEBUG - 🎯 Eval HMM masking: step 150 masked due to negative reward
2025-09-23 20:58:42,335 - __main__ - WARNING - ⚠️ Episode 35 terminated due to step limit.
2025-09-23 20:58:44,083 - __main__ - DEBUG - 🎯 Eval HMM masking: step 150 masked due to negative reward
2025-09-23 20:58:44,596 - __main__ - DEBUG - 🎯 Eval HMM masking: step 200 masked due to negative reward
2025-09-23 20:58:45,617 - __main__ - WARNING - ⚠️ Episode 36 terminated due to step limit.
2025-09-23 20:58:49,846 - __main__ - WARNING - ⚠️ Episode 38 terminated due to step limit.
2025-09-23 20:58:51,558 - __main__ - DEBUG - 🎯 Eval HMM masking: step 150 masked due to negative reward
2025-09-23 20:58:52,587 - __main__ - DEBUG - 🎯 Eval HMM masking: step 250 masked due to negative reward
2025-09-23 20:58:53,095 - __main__ - WARNING - ⚠️ Episode 39 terminated due to step limit.
2025-09-23 20:58:55,832 - __main__ - DEBUG - 🎯 Eval HMM masking: step 250 masked due to negative reward
2025-09-23 20:58:56,338 - __main__ - WARNING - ⚠️ Episode 40 terminated due to step limit.
2025-09-23 20:58:58,578 - __main__ - DEBUG - 🎯 Eval HMM masking: step 200 masked due to negative reward
2025-09-23 20:58:59,604 - __main__ - WARNING - ⚠️ Episode 41 terminated due to step limit.
2025-09-23 20:59:02,883 - __main__ - WARNING - ⚠️ Episode 42 terminated due to step limit.
2025-09-23 20:59:04,082 - __main__ - DEBUG - 🎯 Eval HMM masking: step 100 masked due to negative reward
2025-09-23 20:59:06,206 - __main__ - WARNING - ⚠️ Episode 43 terminated due to step limit.
2025-09-23 20:59:11,693 - __main__ - DEBUG - 🎯 Eval HMM masking: step 250 masked due to negative reward
2025-09-23 20:59:12,223 - __main__ - WARNING - ⚠️ Episode 45 terminated due to step limit.
2025-09-23 20:59:17,166 - __main__ - DEBUG - 🎯 Eval HMM masking: step 150 masked due to negative reward
2025-09-23 20:59:18,798 - __main__ - WARNING - ⚠️ Episode 48 terminated due to step limit.
2025-09-23 20:59:22,501 - __main__ - WARNING - ⚠️ Episode 50 terminated due to step limit.
2025-09-23 20:59:22,657 - __main__ - INFO - 📊 Evaluation Results (Current Round):
2025-09-23 20:59:22,657 - __main__ - INFO -    Episodes: 50
2025-09-23 20:59:22,657 - __main__ - INFO -    Time: 137.0s (2.7s/ep)
2025-09-23 20:59:22,657 - __main__ - INFO -    Average Return: 0.078 ± 0.603
2025-09-23 20:59:22,657 - __main__ - INFO -    Success Rate: 36.0%
2025-09-23 20:59:22,657 - __main__ - INFO -    Average Length: 248.1
2025-09-23 20:59:22,657 - __main__ - INFO -    Average Coverage: 80.5 positions
2025-09-23 20:59:22,657 - __main__ - INFO -    Episode Completions: 18 terminated (36.0%), 32 truncated (64.0%)
2025-09-23 20:59:22,657 - __main__ - INFO - 📈 Total Evaluation Statistics:
2025-09-23 20:59:22,657 - __main__ - INFO -    Total Episodes: 50
2025-09-23 20:59:22,658 - __main__ - INFO -    Total Average Return: 0.078 ± 0.603
2025-09-23 20:59:22,658 - __main__ - INFO -    Total Average Length: 248.1 ± 81.7
2025-09-23 20:59:22,658 - __main__ - INFO -    Total Completions: 18 terminated (36.0%), 32 truncated (64.0%)
2025-09-23 20:59:22,658 - __main__ - INFO -    Skill Entropy: 0.001
2025-09-23 20:59:22,658 - __main__ - INFO -    Used Skills: 1.0
2025-09-23 20:59:22,658 - __main__ - INFO -    Effective K: 1.00
2025-09-23 20:59:22,658 - __main__ - INFO - 🎯 Action Usage Statistics:
2025-09-23 20:59:22,658 - __main__ - INFO -    Unique actions in evaluation: 8
2025-09-23 20:59:22,658 - __main__ - INFO -    Unique actions in training: 8
2025-09-23 20:59:22,658 - __main__ - INFO -    Total unique actions: 8
2025-09-23 20:59:22,658 - __main__ - INFO -    Action coverage: 6.6%
2025-09-23 20:59:22,659 - __main__ - INFO -    Train action count: 10240
2025-09-23 20:59:22,659 - __main__ - INFO -    Eval action count: 12407
2025-09-23 20:59:22,659 - __main__ - INFO -    Train action entropy: 2.035
2025-09-23 20:59:22,659 - __main__ - INFO -    Eval action entropy: 2.002
2025-09-23 20:59:22,660 - __main__ - INFO -    Top 3 train actions: #0(2140), #2(1619), #3(1296)
2025-09-23 20:59:22,660 - __main__ - INFO -    Top 3 eval actions: #2(2199), #0(2198), #5(1987)
2025-09-23 20:59:24,896 - __main__ - INFO - 📊 Episodes completed this rollout: 4
2025-09-23 20:59:24,897 - __main__ - INFO - 📈 Episode stats: avg return = 0.55, avg length = 201.5
2025-09-23 20:59:24,897 - __main__ - INFO - 🎯 Top 3 training actions: #0(2318), #2(1788), #3(1453)
2025-09-23 20:59:26,650 - __main__ - INFO - 🔄 Synchronized model update at step 11,264
2025-09-23 20:59:26,651 - __main__ - INFO -    HMM interval: 6,144, VAE interval: 6,144
2025-09-23 20:59:26,651 - __main__ - INFO - 🚫 Model training masking: 276/6144 timesteps masked (4.5%) due to negative rewards (invalid actions)
2025-09-23 20:59:26,828 - __main__ - INFO - 🔄 Capping HMM batch size from 242 to 128 to prevent OOM
2025-09-23 20:59:26,828 - __main__ - INFO - 🔄 HMM refresh starting at step 11,264 with replay size 128x128
2025-09-23 20:59:34,157 - __main__ - DEBUG - Initial ELBO: -61612.4256
2025-09-23 20:59:34,158 - __main__ - DEBUG - Relative tol: 0.0100
2025-09-23 20:59:34,158 - __main__ - DEBUG - Relative elbo_drop_tol: 0.0100
2025-09-23 20:59:34,158 - __main__ - DEBUG - - Init -499.0515
2025-09-23 20:59:34,158 - __main__ - DEBUG - - Trans -25.4239
2025-09-23 20:59:34,158 - __main__ - DEBUG - - Emit -53017.7344
2025-09-23 20:59:34,158 - __main__ - DEBUG - - Entropy 0.0007
2025-09-23 20:59:34,158 - __main__ - DEBUG - - Dir -22.0552
2025-09-23 20:59:34,158 - __main__ - DEBUG - - NIW -8032.3579
2025-09-23 20:59:34,158 - __main__ - DEBUG - - Beta prior -15.8033
2025-09-23 20:59:41,829 - __main__ - DEBUG - Iter 0: ELBO after FB: -61612.4256 (LL -53542.2091, Δ=0.0000)
2025-09-23 20:59:41,830 - __main__ - DEBUG - Blending stats with ρ_niw=0.0500, ρ_tr=0.0500.
2025-09-23 20:59:41,880 - __main__ - DEBUG - Iter 0: ELBO after NIW update: -55882.7173 (Emit LL -46476.4720, NIW term -8843.9121, Δ=5729.7083)
2025-09-23 20:59:41,929 - __main__ - DEBUG - Iter 0: ELBO after Dirichlet update: -55878.9295 (Trans LL -21.1987, Dir term -22.4925, Δ=3.7879)
2025-09-23 20:59:42,001 - __main__ - DEBUG - Iter 0: ELBO after β update: -55879.7664 (Init LL -499.8471, Dir term -22.5246, logp(β) -15.8126, Δ=-0.8369)
2025-09-23 20:59:49,660 - __main__ - DEBUG - Iter 1: ELBO after FB: -55879.7664 (LL -46997.5171, Δ=0.0000)
2025-09-23 20:59:49,661 - __main__ - DEBUG - Blending stats with ρ_niw=0.0500, ρ_tr=0.0500.
2025-09-23 20:59:49,712 - __main__ - DEBUG - Iter 1: ELBO after NIW update: -55879.7664 (Emit LL -46476.4720, NIW term -8843.9121, Δ=0.0000)
2025-09-23 20:59:49,762 - __main__ - DEBUG - Iter 1: ELBO after Dirichlet update: -55879.7591 (Trans LL -21.0901, Dir term -22.6259, Δ=0.0073)
2025-09-23 20:59:49,836 - __main__ - DEBUG - Iter 1: ELBO after β update: -55880.3291 (Init LL -500.3386, Dir term -22.6947, logp(β) -15.8223, Δ=-0.5700)
2025-09-23 20:59:57,495 - __main__ - DEBUG - Iter 2: ELBO after FB: -55880.3291 (LL -46997.9000, Δ=0.0000)
2025-09-23 20:59:57,496 - __main__ - DEBUG - Blending stats with ρ_niw=0.0500, ρ_tr=0.0500.
2025-09-23 20:59:57,545 - __main__ - DEBUG - Iter 2: ELBO after NIW update: -55880.3291 (Emit LL -46476.4720, NIW term -8843.9121, Δ=0.0000)
2025-09-23 20:59:57,594 - __main__ - DEBUG - Iter 2: ELBO after Dirichlet update: -55880.4652 (Trans LL -21.0231, Dir term -22.8978, Δ=-0.1361)
2025-09-23 20:59:57,663 - __main__ - DEBUG - Iter 2: ELBO after β update: -55880.9729 (Init LL -500.7533, Dir term -22.9881, logp(β) -15.8250, Δ=-0.5078)
2025-09-23 21:00:05,411 - __main__ - DEBUG - Iter 3: ELBO after FB: -55880.9729 (LL -46998.2477, Δ=0.0000)
2025-09-23 21:00:05,412 - __main__ - DEBUG - Blending stats with ρ_niw=0.0500, ρ_tr=0.0500.
2025-09-23 21:00:05,460 - __main__ - DEBUG - Iter 3: ELBO after NIW update: -55880.9729 (Emit LL -46476.4720, NIW term -8843.9121, Δ=0.0000)
2025-09-23 21:00:05,509 - __main__ - DEBUG - Iter 3: ELBO after Dirichlet update: -55881.2332 (Trans LL -20.9666, Dir term -23.3049, Δ=-0.2603)
2025-09-23 21:00:05,580 - __main__ - DEBUG - Iter 3: ELBO after β update: -55881.6282 (Init LL -501.0288, Dir term -23.4265, logp(β) -15.8230, Δ=-0.3950)
2025-09-23 21:00:13,167 - __main__ - DEBUG - Iter 4: ELBO after FB: -55881.6282 (LL -46998.4666, Δ=0.0000)
2025-09-23 21:00:13,168 - __main__ - DEBUG - Blending stats with ρ_niw=0.0500, ρ_tr=0.0500.
2025-09-23 21:00:13,217 - __main__ - DEBUG - Iter 4: ELBO after NIW update: -55881.6282 (Emit LL -46476.4720, NIW term -8843.9121, Δ=0.0000)
2025-09-23 21:00:13,266 - __main__ - DEBUG - Iter 4: ELBO after Dirichlet update: -55881.9992 (Trans LL -20.9294, Dir term -23.8347, Δ=-0.3710)
2025-09-23 21:00:13,331 - __main__ - DEBUG - Iter 4: ELBO after β update: -55882.0308 (Init LL -501.0204, Dir term -23.8801, logp(β) -15.8176, Δ=-0.0316)
2025-09-23 21:00:13,332 - __main__ - INFO -    HMM refresh complete: ELBO=-588.3361, iters=0, max iters, states=40
2025-09-23 21:00:13,333 - __main__ - INFO -    ✅ HMM updated (next in 7,372 steps)
2025-09-23 21:00:13,333 - __main__ - INFO - 🔄 VAE refresh starting at step 11,264 with replay size 8x768
2025-09-23 21:00:13,333 - __main__ - INFO -    Using span sampling (6144 timesteps, too large for full buffer)
2025-09-23 21:00:40,486 - __main__ - INFO -    VAE refresh complete: final_loss=2859.1897, avg_loss=2866.6962, steps=4/4, trend=improving, total_timesteps=6144, span_sampling=32_requested×4_steps, span_len=64
2025-09-23 21:00:40,488 - __main__ - INFO -    ✅ VAE updated (next in 7,372 steps)
2025-09-23 21:00:42,778 - __main__ - INFO - 📊 Episodes completed this rollout: 5
2025-09-23 21:00:42,779 - __main__ - INFO - 📈 Episode stats: avg return = -0.07, avg length = 268.6
2025-09-23 21:00:42,779 - __main__ - INFO - 🎯 Top 3 training actions: #0(2450), #2(2015), #3(1622)
2025-09-23 21:00:46,760 - __main__ - INFO - 📊 Episodes completed this rollout: 2
2025-09-23 21:00:46,760 - __main__ - INFO - 📈 Episode stats: avg return = -0.51, avg length = 300.0
2025-09-23 21:00:46,761 - __main__ - INFO - 🎯 Top 3 training actions: #0(2616), #2(2200), #3(1817)
2025-09-23 21:00:50,802 - __main__ - INFO - 📊 Episodes completed this rollout: 6
2025-09-23 21:00:50,802 - __main__ - INFO - 📈 Episode stats: avg return = -0.37, avg length = 293.3
2025-09-23 21:00:50,802 - __main__ - INFO - 🎯 Top 3 training actions: #0(2829), #2(2326), #3(2052)
2025-09-23 21:00:54,751 - __main__ - INFO - 📊 Episodes completed this rollout: 3
2025-09-23 21:00:54,751 - __main__ - INFO - 📈 Episode stats: avg return = 0.95, avg length = 110.0
2025-09-23 21:00:54,751 - __main__ - INFO - 🎯 Top 3 training actions: #0(2990), #2(2450), #3(2307)
2025-09-23 21:00:58,749 - __main__ - INFO - 📊 Episodes completed this rollout: 5
2025-09-23 21:00:58,750 - __main__ - INFO - 📈 Episode stats: avg return = -0.19, avg length = 254.4
2025-09-23 21:00:58,750 - __main__ - INFO - 🎯 Top 3 training actions: #0(3133), #2(2557), #3(2500)
2025-09-23 21:01:02,845 - __main__ - INFO - 📊 Episodes completed this rollout: 4
2025-09-23 21:01:02,845 - __main__ - INFO - 📈 Episode stats: avg return = 0.22, avg length = 263.8
2025-09-23 21:01:02,845 - __main__ - INFO - 🎯 Top 3 training actions: #0(3267), #3(2695), #2(2650)
2025-09-23 21:01:06,891 - __main__ - INFO - 📊 Episodes completed this rollout: 4
2025-09-23 21:01:06,891 - __main__ - INFO - 📈 Episode stats: avg return = 0.48, avg length = 174.0
2025-09-23 21:01:06,891 - __main__ - INFO - 🎯 Top 3 training actions: #0(3427), #3(2840), #2(2769)
2025-09-23 21:01:10,940 - __main__ - INFO - 📊 Episodes completed this rollout: 6
2025-09-23 21:01:10,940 - __main__ - INFO - 📈 Episode stats: avg return = 0.01, avg length = 256.0
2025-09-23 21:01:10,940 - __main__ - INFO - 🎯 Top 3 training actions: #0(3645), #3(2947), #5(2898)
2025-09-23 21:01:12,654 - __main__ - INFO - 🔄 Synchronized model update at step 19,456
2025-09-23 21:01:12,655 - __main__ - INFO -    HMM interval: 7,372, VAE interval: 7,372
2025-09-23 21:01:12,655 - __main__ - INFO - 🚫 Model training masking: 1672/8192 timesteps masked (20.4%) due to negative rewards (invalid actions)
2025-09-23 21:01:12,914 - __main__ - INFO - 🔄 Capping HMM batch size from 911 to 128 to prevent OOM
2025-09-23 21:01:12,914 - __main__ - INFO - 🔄 HMM refresh starting at step 19,456 with replay size 128x99
2025-09-23 21:01:18,398 - __main__ - DEBUG - Initial ELBO: -25279.0552
2025-09-23 21:01:18,398 - __main__ - DEBUG - Relative tol: 0.0100
2025-09-23 21:01:18,398 - __main__ - DEBUG - Relative elbo_drop_tol: 0.0100
2025-09-23 21:01:18,398 - __main__ - DEBUG - - Init -499.8471
2025-09-23 21:01:18,398 - __main__ - DEBUG - - Trans -7.3584
2025-09-23 21:01:18,398 - __main__ - DEBUG - - Emit -15889.6009
2025-09-23 21:01:18,398 - __main__ - DEBUG - - Entropy 0.0006
2025-09-23 21:01:18,398 - __main__ - DEBUG - - Dir -22.5246
2025-09-23 21:01:18,399 - __main__ - DEBUG - - NIW -8843.9121
2025-09-23 21:01:18,399 - __main__ - DEBUG - - Beta prior -15.8126
2025-09-23 21:01:24,358 - __main__ - DEBUG - Iter 0: ELBO after FB: -25279.0552 (LL -16396.8059, Δ=0.0000)
2025-09-23 21:01:24,358 - __main__ - DEBUG - Blending stats with ρ_niw=0.0500, ρ_tr=0.0500.
2025-09-23 21:01:24,407 - __main__ - DEBUG - Iter 0: ELBO after NIW update: -23954.6826 (Emit LL -14407.1375, NIW term -9002.0029, Δ=1324.3726)
2025-09-23 21:01:24,458 - __main__ - DEBUG - Iter 0: ELBO after Dirichlet update: -23954.6088 (Trans LL -7.1771, Dir term -22.6321, Δ=0.0738)
2025-09-23 21:01:24,529 - __main__ - DEBUG - Iter 0: ELBO after β update: -23955.4233 (Init LL -500.6252, Dir term -22.6590, logp(β) -15.8221, Δ=-0.8145)
2025-09-23 21:01:30,694 - __main__ - DEBUG - Iter 1: ELBO after FB: -23955.4233 (LL -14914.9393, Δ=0.0000)
2025-09-23 21:01:30,694 - __main__ - DEBUG - Blending stats with ρ_niw=0.0500, ρ_tr=0.0500.
2025-09-23 21:01:30,742 - __main__ - DEBUG - Iter 1: ELBO after NIW update: -23955.4233 (Emit LL -14407.1375, NIW term -9002.0029, Δ=0.0000)
2025-09-23 21:01:30,790 - __main__ - DEBUG - Iter 1: ELBO after Dirichlet update: -23955.4897 (Trans LL -7.1415, Dir term -22.7610, Δ=-0.0664)
2025-09-23 21:01:30,860 - __main__ - DEBUG - Iter 1: ELBO after β update: -23956.0581 (Init LL -501.1144, Dir term -22.8304, logp(β) -15.8319, Δ=-0.5684)
2025-09-23 21:01:36,934 - __main__ - DEBUG - Iter 2: ELBO after FB: -23956.0581 (LL -14915.3928, Δ=0.0000)
2025-09-23 21:01:36,935 - __main__ - DEBUG - Blending stats with ρ_niw=0.0500, ρ_tr=0.0500.
2025-09-23 21:01:36,986 - __main__ - DEBUG - Iter 2: ELBO after NIW update: -23956.0581 (Emit LL -14407.1375, NIW term -9002.0029, Δ=0.0000)
2025-09-23 21:01:37,037 - __main__ - DEBUG - Iter 2: ELBO after Dirichlet update: -23956.2321 (Trans LL -7.1193, Dir term -23.0266, Δ=-0.1740)
2025-09-23 21:01:37,107 - __main__ - DEBUG - Iter 2: ELBO after β update: -23956.7462 (Init LL -501.5253, Dir term -23.1274, logp(β) -15.8344, Δ=-0.5141)
2025-09-23 21:01:43,326 - __main__ - DEBUG - Iter 3: ELBO after FB: -23956.7462 (LL -14915.7815, Δ=0.0000)
2025-09-23 21:01:43,327 - __main__ - DEBUG - Blending stats with ρ_niw=0.0500, ρ_tr=0.0500.
2025-09-23 21:01:43,375 - __main__ - DEBUG - Iter 3: ELBO after NIW update: -23956.7462 (Emit LL -14407.1375, NIW term -9002.0029, Δ=0.0000)
2025-09-23 21:01:43,423 - __main__ - DEBUG - Iter 3: ELBO after Dirichlet update: -23957.0470 (Trans LL -7.1007, Dir term -23.4467, Δ=-0.3008)
2025-09-23 21:01:43,493 - __main__ - DEBUG - Iter 3: ELBO after β update: -23957.3567 (Init LL -501.7459, Dir term -23.5391, logp(β) -15.8311, Δ=-0.3097)
2025-09-23 21:01:49,781 - __main__ - DEBUG - Iter 4: ELBO after FB: -23957.3567 (LL -14915.9836, Δ=0.0000)
2025-09-23 21:01:49,781 - __main__ - DEBUG - Blending stats with ρ_niw=0.0500, ρ_tr=0.0500.
2025-09-23 21:01:49,829 - __main__ - DEBUG - Iter 4: ELBO after NIW update: -23957.3567 (Emit LL -14407.1375, NIW term -9002.0029, Δ=0.0000)
2025-09-23 21:01:49,877 - __main__ - DEBUG - Iter 4: ELBO after Dirichlet update: -23957.7449 (Trans LL -7.0904, Dir term -23.9376, Δ=-0.3882)
2025-09-23 21:01:49,942 - __main__ - DEBUG - Iter 4: ELBO after β update: -23957.8019 (Init LL -501.7379, Dir term -24.0081, logp(β) -15.8256, Δ=-0.0570)
2025-09-23 21:01:49,944 - __main__ - INFO -    HMM refresh complete: ELBO=-110.0654, iters=0, max iters, states=40
2025-09-23 21:01:49,944 - __main__ - INFO -    ✅ HMM updated (next in 8,846 steps)
2025-09-23 21:01:49,944 - __main__ - INFO - 🔄 VAE refresh starting at step 19,456 with replay size 8x1024
2025-09-23 21:01:49,945 - __main__ - INFO -    Using span sampling (8192 timesteps, too large for full buffer)
2025-09-23 21:02:13,155 - __main__ - INFO -    VAE refresh complete: final_loss=2843.6580, avg_loss=2846.7649, steps=4/4, trend=improving, total_timesteps=8192, span_sampling=32_requested×4_steps, span_len=64
2025-09-23 21:02:13,157 - __main__ - INFO -    ✅ VAE updated (next in 8,846 steps)
2025-09-23 21:02:15,419 - __main__ - INFO - 📊 Episodes completed this rollout: 4
2025-09-23 21:02:15,419 - __main__ - INFO - 📈 Episode stats: avg return = -0.04, avg length = 243.8
2025-09-23 21:02:15,419 - __main__ - INFO - 🎯 Top 3 training actions: #0(3920), #5(3167), #3(3046)
2025-09-23 21:02:17,161 - __main__ - INFO - 🧪 Starting evaluation with 50 episodes...
2025-09-23 21:02:17,161 - __main__ - INFO -    Eval seed: 51
2025-09-23 21:02:17,161 - __main__ - INFO -    Max episode steps (eval): env default
2025-09-23 21:02:17,161 - nle.env.base - INFO - Not saving any NLE data.
2025-09-23 21:02:18,814 - __main__ - DEBUG - 🎯 Eval HMM masking: step 150 masked due to negative reward
2025-09-23 21:02:23,162 - __main__ - WARNING - ⚠️ Episode 2 terminated due to step limit.
2025-09-23 21:02:27,224 - __main__ - WARNING - ⚠️ Episode 4 terminated due to step limit.
2025-09-23 21:02:28,935 - __main__ - DEBUG - 🎯 Eval HMM masking: step 150 masked due to negative reward
2025-09-23 21:02:30,476 - __main__ - WARNING - ⚠️ Episode 5 terminated due to step limit.
2025-09-23 21:02:34,714 - __main__ - WARNING - ⚠️ Episode 7 terminated due to step limit.
2025-09-23 21:02:36,425 - __main__ - DEBUG - 🎯 Eval HMM masking: step 150 masked due to negative reward
2025-09-23 21:02:36,942 - __main__ - DEBUG - 🎯 Eval HMM masking: step 200 masked due to negative reward
2025-09-23 21:02:37,977 - __main__ - WARNING - ⚠️ Episode 8 terminated due to step limit.
2025-09-23 21:02:39,192 - __main__ - DEBUG - 🎯 Eval HMM masking: step 50 masked due to negative reward
2025-09-23 21:02:40,756 - __main__ - DEBUG - 🎯 Eval HMM masking: step 200 masked due to negative reward
2025-09-23 21:02:41,775 - __main__ - WARNING - ⚠️ Episode 10 terminated due to step limit.
2025-09-23 21:02:45,075 - __main__ - WARNING - ⚠️ Episode 11 terminated due to step limit.
2025-09-23 21:02:46,475 - __main__ - DEBUG - 🎯 Eval HMM masking: step 100 masked due to negative reward
2025-09-23 21:02:48,048 - __main__ - DEBUG - 🎯 Eval HMM masking: step 250 masked due to negative reward
2025-09-23 21:02:48,570 - __main__ - WARNING - ⚠️ Episode 13 terminated due to step limit.
2025-09-23 21:02:50,319 - __main__ - DEBUG - 🎯 Eval HMM masking: step 150 masked due to negative reward
2025-09-23 21:02:50,837 - __main__ - DEBUG - 🎯 Eval HMM masking: step 200 masked due to negative reward
2025-09-23 21:02:51,859 - __main__ - WARNING - ⚠️ Episode 14 terminated due to step limit.
2025-09-23 21:02:53,058 - __main__ - DEBUG - 🎯 Eval HMM masking: step 100 masked due to negative reward
2025-09-23 21:02:55,172 - __main__ - WARNING - ⚠️ Episode 15 terminated due to step limit.
2025-09-23 21:02:58,430 - __main__ - WARNING - ⚠️ Episode 16 terminated due to step limit.
2025-09-23 21:02:59,626 - __main__ - DEBUG - 🎯 Eval HMM masking: step 100 masked due to negative reward
2025-09-23 21:03:01,119 - __main__ - DEBUG - 🎯 Eval HMM masking: step 100 masked due to negative reward
2025-09-23 21:03:01,635 - __main__ - DEBUG - 🎯 Eval HMM masking: step 150 masked due to negative reward
2025-09-23 21:03:02,664 - __main__ - DEBUG - 🎯 Eval HMM masking: step 250 masked due to negative reward
2025-09-23 21:03:03,178 - __main__ - WARNING - ⚠️ Episode 19 terminated due to step limit.
2025-09-23 21:03:06,422 - __main__ - WARNING - ⚠️ Episode 20 terminated due to step limit.
2025-09-23 21:03:07,626 - __main__ - DEBUG - 🎯 Eval HMM masking: step 100 masked due to negative reward
2025-09-23 21:03:14,052 - __main__ - DEBUG - 🎯 Eval HMM masking: step 150 masked due to negative reward
2025-09-23 21:03:14,573 - __main__ - DEBUG - 🎯 Eval HMM masking: step 200 masked due to negative reward
2025-09-23 21:03:15,600 - __main__ - WARNING - ⚠️ Episode 24 terminated due to step limit.
2025-09-23 21:03:20,474 - __main__ - DEBUG - 🎯 Eval HMM masking: step 200 masked due to negative reward
2025-09-23 21:03:20,989 - __main__ - DEBUG - 🎯 Eval HMM masking: step 250 masked due to negative reward
2025-09-23 21:03:21,497 - __main__ - WARNING - ⚠️ Episode 26 terminated due to step limit.
2025-09-23 21:03:26,119 - __main__ - DEBUG - 🎯 Eval HMM masking: step 250 masked due to negative reward
2025-09-23 21:03:26,632 - __main__ - WARNING - ⚠️ Episode 28 terminated due to step limit.
2025-09-23 21:03:28,395 - __main__ - DEBUG - 🎯 Eval HMM masking: step 150 masked due to negative reward
2025-09-23 21:03:29,931 - __main__ - WARNING - ⚠️ Episode 29 terminated due to step limit.
2025-09-23 21:03:31,659 - __main__ - DEBUG - 🎯 Eval HMM masking: step 150 masked due to negative reward
2025-09-23 21:03:32,176 - __main__ - DEBUG - 🎯 Eval HMM masking: step 200 masked due to negative reward
2025-09-23 21:03:33,208 - __main__ - WARNING - ⚠️ Episode 30 terminated due to step limit.
2025-09-23 21:03:35,944 - __main__ - DEBUG - 🎯 Eval HMM masking: step 250 masked due to negative reward
2025-09-23 21:03:36,988 - __main__ - DEBUG - 🎯 Eval HMM masking: step 50 masked due to negative reward
2025-09-23 21:03:38,533 - __main__ - DEBUG - 🎯 Eval HMM masking: step 200 masked due to negative reward
2025-09-23 21:03:39,559 - __main__ - WARNING - ⚠️ Episode 33 terminated due to step limit.
2025-09-23 21:03:42,314 - __main__ - DEBUG - 🎯 Eval HMM masking: step 250 masked due to negative reward
2025-09-23 21:03:42,826 - __main__ - WARNING - ⚠️ Episode 34 terminated due to step limit.
2025-09-23 21:03:46,751 - __main__ - WARNING - ⚠️ Episode 38 terminated due to step limit.
2025-09-23 21:03:48,461 - __main__ - DEBUG - 🎯 Eval HMM masking: step 150 masked due to negative reward
2025-09-23 21:03:50,667 - __main__ - DEBUG - 🎯 Eval HMM masking: step 100 masked due to negative reward
2025-09-23 21:03:51,185 - __main__ - DEBUG - 🎯 Eval HMM masking: step 150 masked due to negative reward
2025-09-23 21:03:52,711 - __main__ - WARNING - ⚠️ Episode 40 terminated due to step limit.
2025-09-23 21:03:55,960 - __main__ - WARNING - ⚠️ Episode 41 terminated due to step limit.
2025-09-23 21:03:58,889 - __main__ - DEBUG - 🎯 Eval HMM masking: step 250 masked due to negative reward
2025-09-23 21:03:59,425 - __main__ - WARNING - ⚠️ Episode 42 terminated due to step limit.
2025-09-23 21:04:01,821 - __main__ - DEBUG - 🎯 Eval HMM masking: step 200 masked due to negative reward
2025-09-23 21:04:02,373 - __main__ - DEBUG - 🎯 Eval HMM masking: step 250 masked due to negative reward
2025-09-23 21:04:02,916 - __main__ - WARNING - ⚠️ Episode 44 terminated due to step limit.
2025-09-23 21:04:04,149 - __main__ - DEBUG - 🎯 Eval HMM masking: step 100 masked due to negative reward
2025-09-23 21:04:05,789 - __main__ - DEBUG - 🎯 Eval HMM masking: step 250 masked due to negative reward
2025-09-23 21:04:06,332 - __main__ - WARNING - ⚠️ Episode 45 terminated due to step limit.
2025-09-23 21:04:09,794 - __main__ - WARNING - ⚠️ Episode 46 terminated due to step limit.
2025-09-23 21:04:12,168 - __main__ - DEBUG - 🎯 Eval HMM masking: step 200 masked due to negative reward
2025-09-23 21:04:15,812 - __main__ - WARNING - ⚠️ Episode 48 terminated due to step limit.
2025-09-23 21:04:17,014 - __main__ - DEBUG - 🎯 Eval HMM masking: step 100 masked due to negative reward
2025-09-23 21:04:18,094 - __main__ - DEBUG - 🎯 Eval HMM masking: step 200 masked due to negative reward
2025-09-23 21:04:19,177 - __main__ - WARNING - ⚠️ Episode 49 terminated due to step limit.
2025-09-23 21:04:20,340 - __main__ - INFO - 📊 Evaluation Results (Current Round):
2025-09-23 21:04:20,340 - __main__ - INFO -    Episodes: 50
2025-09-23 21:04:20,340 - __main__ - INFO -    Time: 123.2s (2.5s/ep)
2025-09-23 21:04:20,340 - __main__ - INFO -    Average Return: -0.000 ± 0.722
2025-09-23 21:04:20,340 - __main__ - INFO -    Success Rate: 42.0%
2025-09-23 21:04:20,340 - __main__ - INFO -    Average Length: 223.1
2025-09-23 21:04:20,340 - __main__ - INFO -    Average Coverage: 56.5 positions
2025-09-23 21:04:20,340 - __main__ - INFO -    Episode Completions: 21 terminated (42.0%), 29 truncated (58.0%)
2025-09-23 21:04:20,340 - __main__ - INFO - 📈 Total Evaluation Statistics:
2025-09-23 21:04:20,340 - __main__ - INFO -    Total Episodes: 100
2025-09-23 21:04:20,340 - __main__ - INFO -    Total Average Return: 0.039 ± 0.667
2025-09-23 21:04:20,341 - __main__ - INFO -    Total Average Length: 235.6 ± 98.8
2025-09-23 21:04:20,341 - __main__ - INFO -    Total Completions: 39 terminated (39.0%), 61 truncated (61.0%)
2025-09-23 21:04:20,341 - __main__ - INFO -    Skill Entropy: 0.002
2025-09-23 21:04:20,341 - __main__ - INFO -    Used Skills: 1.0
2025-09-23 21:04:20,341 - __main__ - INFO -    Effective K: 1.00
2025-09-23 21:04:20,341 - __main__ - INFO - 🎯 Action Usage Statistics:
2025-09-23 21:04:20,341 - __main__ - INFO -    Unique actions in evaluation: 8
2025-09-23 21:04:20,341 - __main__ - INFO -    Unique actions in training: 8
2025-09-23 21:04:20,341 - __main__ - INFO -    Total unique actions: 8
2025-09-23 21:04:20,341 - __main__ - INFO -    Action coverage: 6.6%
2025-09-23 21:04:20,341 - __main__ - INFO -    Train action count: 20480
2025-09-23 21:04:20,342 - __main__ - INFO -    Eval action count: 23563
2025-09-23 21:04:20,342 - __main__ - INFO -    Train action entropy: 2.030
2025-09-23 21:04:20,342 - __main__ - INFO -    Eval action entropy: 1.978
2025-09-23 21:04:20,342 - __main__ - INFO -    Top 3 train actions: #0(3920), #5(3167), #3(3046)
2025-09-23 21:04:20,342 - __main__ - INFO -    Top 3 eval actions: #0(5186), #5(4544), #3(3398)
2025-09-23 21:04:22,653 - __main__ - INFO - 📊 Episodes completed this rollout: 3
2025-09-23 21:04:22,653 - __main__ - INFO - 📈 Episode stats: avg return = -0.30, avg length = 266.3
2025-09-23 21:04:22,653 - __main__ - INFO - 🎯 Top 3 training actions: #0(4189), #5(3409), #3(3166)
2025-09-23 21:04:26,743 - __main__ - INFO - 📊 Episodes completed this rollout: 4
2025-09-23 21:04:26,743 - __main__ - INFO - 📈 Episode stats: avg return = 0.02, avg length = 267.2
2025-09-23 21:04:26,744 - __main__ - INFO - 🎯 Top 3 training actions: #0(4439), #5(3590), #3(3327)
2025-09-23 21:04:30,749 - __main__ - INFO - 📊 Episodes completed this rollout: 3
2025-09-23 21:04:30,750 - __main__ - INFO - 📈 Episode stats: avg return = -0.51, avg length = 300.0
2025-09-23 21:04:30,750 - __main__ - INFO - 🎯 Top 3 training actions: #0(4655), #5(3783), #3(3492)
2025-09-23 21:04:34,775 - __main__ - INFO - 📊 Episodes completed this rollout: 6
2025-09-23 21:04:34,775 - __main__ - INFO - 📈 Episode stats: avg return = 0.28, avg length = 192.0
2025-09-23 21:04:34,775 - __main__ - INFO - 🎯 Top 3 training actions: #0(4840), #5(3924), #3(3695)
2025-09-23 21:04:38,801 - __main__ - INFO - 📊 Episodes completed this rollout: 6
2025-09-23 21:04:38,801 - __main__ - INFO - 📈 Episode stats: avg return = 0.35, avg length = 167.7
2025-09-23 21:04:38,801 - __main__ - INFO - 🎯 Top 3 training actions: #0(4995), #5(4053), #3(3915)
2025-09-23 21:04:42,825 - __main__ - INFO - 📊 Episodes completed this rollout: 4
2025-09-23 21:04:42,825 - __main__ - INFO - 📈 Episode stats: avg return = -0.21, avg length = 235.0
2025-09-23 21:04:42,825 - __main__ - INFO - 🎯 Top 3 training actions: #0(5118), #5(4173), #3(4120)
2025-09-23 21:04:46,816 - __main__ - INFO - 📊 Episodes completed this rollout: 7
2025-09-23 21:04:46,816 - __main__ - INFO - 📈 Episode stats: avg return = 0.48, avg length = 157.9
2025-09-23 21:04:46,816 - __main__ - INFO - 🎯 Top 3 training actions: #0(5224), #5(4309), #3(4288)
2025-09-23 21:04:50,820 - __main__ - INFO - 📊 Episodes completed this rollout: 8
2025-09-23 21:04:50,820 - __main__ - INFO - 📈 Episode stats: avg return = 0.23, avg length = 166.0
2025-09-23 21:04:50,820 - __main__ - INFO - 🎯 Top 3 training actions: #0(5332), #3(4423), #5(4422)
2025-09-23 21:04:52,539 - __main__ - INFO - 🔄 Synchronized model update at step 28,672
2025-09-23 21:04:52,539 - __main__ - INFO -    HMM interval: 8,846, VAE interval: 8,846
2025-09-23 21:04:52,540 - __main__ - INFO - 🚫 Model training masking: 747/9216 timesteps masked (8.1%) due to negative rewards (invalid actions)
2025-09-23 21:04:52,816 - __main__ - INFO - 🔄 Capping HMM batch size from 546 to 128 to prevent OOM
2025-09-23 21:04:52,816 - __main__ - INFO - 🔄 HMM refresh starting at step 28,672 with replay size 128x104
2025-09-23 21:04:58,686 - __main__ - DEBUG - Initial ELBO: -33523.1553
2025-09-23 21:04:58,686 - __main__ - DEBUG - Relative tol: 0.0100
2025-09-23 21:04:58,686 - __main__ - DEBUG - Relative elbo_drop_tol: 0.0100
2025-09-23 21:04:58,687 - __main__ - DEBUG - - Init -500.6252
2025-09-23 21:04:58,687 - __main__ - DEBUG - - Trans -12.6644
2025-09-23 21:04:58,687 - __main__ - DEBUG - - Emit -23969.3823
2025-09-23 21:04:58,687 - __main__ - DEBUG - - Entropy 0.0006
2025-09-23 21:04:58,687 - __main__ - DEBUG - - Dir -22.6590
2025-09-23 21:04:58,687 - __main__ - DEBUG - - NIW -9002.0029
2025-09-23 21:04:58,687 - __main__ - DEBUG - - Beta prior -15.8221
2025-09-23 21:05:05,090 - __main__ - DEBUG - Iter 0: ELBO after FB: -33523.1553 (LL -24482.6713, Δ=0.0000)
2025-09-23 21:05:05,091 - __main__ - DEBUG - Blending stats with ρ_niw=0.0500, ρ_tr=0.0500.
2025-09-23 21:05:05,141 - __main__ - DEBUG - Iter 0: ELBO after NIW update: -27345.4837 (Emit LL -17328.5915, NIW term -9465.1221, Δ=6177.6716)
2025-09-23 21:05:05,191 - __main__ - DEBUG - Iter 0: ELBO after Dirichlet update: -27344.8982 (Trans LL -11.7331, Dir term -23.0048, Δ=0.5855)
2025-09-23 21:05:05,264 - __main__ - DEBUG - Iter 0: ELBO after β update: -27345.6558 (Init LL -501.3588, Dir term -23.0191, logp(β) -15.8319, Δ=-0.7576)
2025-09-23 21:05:11,523 - __main__ - DEBUG - Iter 1: ELBO after FB: -27345.6558 (LL -17841.6828, Δ=0.0000)
2025-09-23 21:05:11,524 - __main__ - DEBUG - Blending stats with ρ_niw=0.0500, ρ_tr=0.0500.
2025-09-23 21:05:11,572 - __main__ - DEBUG - Iter 1: ELBO after NIW update: -27345.6558 (Emit LL -17328.5915, NIW term -9465.1221, Δ=0.0000)
2025-09-23 21:05:11,620 - __main__ - DEBUG - Iter 1: ELBO after Dirichlet update: -27345.7028 (Trans LL -11.6775, Dir term -23.1216, Δ=-0.0470)
2025-09-23 21:05:11,691 - __main__ - DEBUG - Iter 1: ELBO after β update: -27346.2809 (Init LL -501.8459, Dir term -23.2027, logp(β) -15.8418, Δ=-0.5781)
2025-09-23 21:05:18,016 - __main__ - DEBUG - Iter 2: ELBO after FB: -27346.2809 (LL -17842.1143, Δ=0.0000)
2025-09-23 21:05:18,017 - __main__ - DEBUG - Blending stats with ρ_niw=0.0500, ρ_tr=0.0500.
2025-09-23 21:05:18,066 - __main__ - DEBUG - Iter 2: ELBO after NIW update: -27346.2809 (Emit LL -17328.5915, NIW term -9465.1221, Δ=0.0000)
2025-09-23 21:05:18,115 - __main__ - DEBUG - Iter 2: ELBO after Dirichlet update: -27346.4506 (Trans LL -11.6419, Dir term -23.4080, Δ=-0.1697)
2025-09-23 21:05:18,181 - __main__ - DEBUG - Iter 2: ELBO after β update: -27346.9512 (Init LL -502.2549, Dir term -23.4972, logp(β) -15.8441, Δ=-0.5006)
2025-09-23 21:05:24,578 - __main__ - DEBUG - Iter 3: ELBO after FB: -27346.9512 (LL -17842.4878, Δ=0.0000)
2025-09-23 21:05:24,579 - __main__ - DEBUG - Blending stats with ρ_niw=0.0500, ρ_tr=0.0500.
2025-09-23 21:05:24,629 - __main__ - DEBUG - Iter 3: ELBO after NIW update: -27346.9512 (Emit LL -17328.5915, NIW term -9465.1221, Δ=0.0000)
2025-09-23 21:05:24,679 - __main__ - DEBUG - Iter 3: ELBO after Dirichlet update: -27347.2374 (Trans LL -11.6119, Dir term -23.8134, Δ=-0.2861)
2025-09-23 21:05:24,751 - __main__ - DEBUG - Iter 3: ELBO after β update: -27347.4832 (Init LL -502.4134, Dir term -23.9060, logp(β) -15.8389, Δ=-0.2458)
2025-09-23 21:05:31,011 - __main__ - DEBUG - Iter 4: ELBO after FB: -27347.4832 (LL -17842.6162, Δ=0.0000)
2025-09-23 21:05:31,012 - __main__ - DEBUG - Blending stats with ρ_niw=0.0500, ρ_tr=0.0500.
2025-09-23 21:05:31,062 - __main__ - DEBUG - Iter 4: ELBO after NIW update: -27347.4832 (Emit LL -17328.5915, NIW term -9465.1221, Δ=0.0000)
2025-09-23 21:05:31,114 - __main__ - DEBUG - Iter 4: ELBO after Dirichlet update: -27347.8816 (Trans LL -11.6000, Dir term -24.3162, Δ=-0.3984)
2025-09-23 21:05:31,172 - __main__ - DEBUG - Iter 4: ELBO after β update: -27347.9003 (Init LL -502.3814, Dir term -24.3699, logp(β) -15.8360, Δ=-0.0188)
2025-09-23 21:05:31,174 - __main__ - INFO -    HMM refresh complete: ELBO=-29.7432, iters=0, max iters, states=40
2025-09-23 21:05:31,174 - __main__ - INFO -    ✅ HMM updated (next in 10,615 steps)
2025-09-23 21:05:31,174 - __main__ - INFO - 🔄 VAE refresh starting at step 28,672 with replay size 8x1152
2025-09-23 21:05:31,175 - __main__ - INFO -    Using span sampling (9216 timesteps, too large for full buffer)
2025-09-23 21:05:57,574 - __main__ - INFO -    VAE refresh complete: final_loss=2836.8477, avg_loss=2840.4865, steps=4/4, trend=improving, total_timesteps=9216, span_sampling=32_requested×4_steps, span_len=64
2025-09-23 21:05:57,576 - __main__ - INFO -    ✅ VAE updated (next in 10,615 steps)
2025-09-23 21:05:59,783 - __main__ - INFO - 📊 Episodes completed this rollout: 2
2025-09-23 21:05:59,784 - __main__ - INFO - 📈 Episode stats: avg return = 0.21, avg length = 272.0
2025-09-23 21:05:59,784 - __main__ - INFO - 🎯 Top 3 training actions: #0(5459), #5(4540), #3(4525)
2025-09-23 21:06:03,808 - __main__ - INFO - 📊 Episodes completed this rollout: 5
2025-09-23 21:06:03,808 - __main__ - INFO - 📈 Episode stats: avg return = 0.46, avg length = 212.4
2025-09-23 21:06:03,808 - __main__ - INFO - 🎯 Top 3 training actions: #0(5584), #3(4645), #5(4642)
2025-09-23 21:06:05,563 - __main__ - INFO - 🧪 Starting evaluation with 50 episodes...
2025-09-23 21:06:05,564 - __main__ - INFO -    Eval seed: 51
2025-09-23 21:06:05,564 - __main__ - INFO -    Max episode steps (eval): env default
2025-09-23 21:06:05,564 - nle.env.base - INFO - Not saving any NLE data.
2025-09-23 21:06:07,669 - __main__ - DEBUG - 🎯 Eval HMM masking: step 200 masked due to negative reward
2025-09-23 21:06:08,221 - __main__ - DEBUG - 🎯 Eval HMM masking: step 250 masked due to negative reward
2025-09-23 21:06:08,762 - __main__ - WARNING - ⚠️ Episode 1 terminated due to step limit.
2025-09-23 21:06:11,347 - __main__ - DEBUG - 🎯 Eval HMM masking: step 150 masked due to negative reward
2025-09-23 21:06:11,878 - __main__ - DEBUG - 🎯 Eval HMM masking: step 200 masked due to negative reward
2025-09-23 21:06:12,949 - __main__ - WARNING - ⚠️ Episode 3 terminated due to step limit.
2025-09-23 21:06:14,694 - __main__ - DEBUG - 🎯 Eval HMM masking: step 150 masked due to negative reward
2025-09-23 21:06:18,454 - __main__ - WARNING - ⚠️ Episode 5 terminated due to step limit.
2025-09-23 21:06:21,709 - __main__ - WARNING - ⚠️ Episode 6 terminated due to step limit.
2025-09-23 21:06:22,391 - __main__ - DEBUG - 🎯 Eval HMM masking: step 50 masked due to negative reward
2025-09-23 21:06:24,952 - __main__ - WARNING - ⚠️ Episode 7 terminated due to step limit.
2025-09-23 21:06:26,150 - __main__ - DEBUG - 🎯 Eval HMM masking: step 100 masked due to negative reward
2025-09-23 21:06:26,673 - __main__ - DEBUG - 🎯 Eval HMM masking: step 150 masked due to negative reward
2025-09-23 21:06:29,017 - __main__ - DEBUG - 🎯 Eval HMM masking: step 100 masked due to negative reward
2025-09-23 21:06:31,091 - __main__ - WARNING - ⚠️ Episode 10 terminated due to step limit.
2025-09-23 21:06:34,355 - __main__ - WARNING - ⚠️ Episode 11 terminated due to step limit.
2025-09-23 21:06:37,695 - __main__ - WARNING - ⚠️ Episode 12 terminated due to step limit.
2025-09-23 21:06:39,436 - __main__ - DEBUG - 🎯 Eval HMM masking: step 150 masked due to negative reward
2025-09-23 21:06:41,088 - __main__ - WARNING - ⚠️ Episode 13 terminated due to step limit.
2025-09-23 21:06:44,560 - __main__ - WARNING - ⚠️ Episode 14 terminated due to step limit.
2025-09-23 21:06:45,834 - __main__ - DEBUG - 🎯 Eval HMM masking: step 100 masked due to negative reward
2025-09-23 21:06:48,015 - __main__ - WARNING - ⚠️ Episode 15 terminated due to step limit.
2025-09-23 21:06:52,720 - __main__ - WARNING - ⚠️ Episode 17 terminated due to step limit.
2025-09-23 21:06:55,653 - __main__ - DEBUG - 🎯 Eval HMM masking: step 250 masked due to negative reward
2025-09-23 21:06:56,196 - __main__ - WARNING - ⚠️ Episode 18 terminated due to step limit.
2025-09-23 21:06:58,575 - __main__ - DEBUG - 🎯 Eval HMM masking: step 200 masked due to negative reward
2025-09-23 21:07:01,144 - __main__ - DEBUG - 🎯 Eval HMM masking: step 200 masked due to negative reward
2025-09-23 21:07:02,232 - __main__ - WARNING - ⚠️ Episode 20 terminated due to step limit.
2025-09-23 21:07:05,918 - __main__ - DEBUG - 🎯 Eval HMM masking: step 150 masked due to negative reward
2025-09-23 21:07:07,456 - __main__ - WARNING - ⚠️ Episode 22 terminated due to step limit.
2025-09-23 21:07:11,249 - __main__ - DEBUG - 🎯 Eval HMM masking: step 150 masked due to negative reward
2025-09-23 21:07:12,801 - __main__ - WARNING - ⚠️ Episode 24 terminated due to step limit.
2025-09-23 21:07:18,135 - __main__ - WARNING - ⚠️ Episode 26 terminated due to step limit.
2025-09-23 21:07:19,334 - __main__ - DEBUG - 🎯 Eval HMM masking: step 100 masked due to negative reward
2025-09-23 21:07:24,406 - __main__ - DEBUG - 🎯 Eval HMM masking: step 50 masked due to negative reward
2025-09-23 21:07:25,945 - __main__ - DEBUG - 🎯 Eval HMM masking: step 200 masked due to negative reward
2025-09-23 21:07:28,566 - __main__ - DEBUG - 🎯 Eval HMM masking: step 200 masked due to negative reward
2025-09-23 21:07:29,704 - __main__ - WARNING - ⚠️ Episode 31 terminated due to step limit.
2025-09-23 21:07:35,273 - __main__ - WARNING - ⚠️ Episode 33 terminated due to step limit.
2025-09-23 21:07:36,497 - __main__ - DEBUG - 🎯 Eval HMM masking: step 50 masked due to negative reward
2025-09-23 21:07:39,178 - __main__ - WARNING - ⚠️ Episode 35 terminated due to step limit.
2025-09-23 21:07:41,675 - __main__ - DEBUG - 🎯 Eval HMM masking: step 100 masked due to negative reward
2025-09-23 21:07:43,740 - __main__ - WARNING - ⚠️ Episode 37 terminated due to step limit.
2025-09-23 21:07:44,996 - __main__ - DEBUG - 🎯 Eval HMM masking: step 100 masked due to negative reward
2025-09-23 21:07:47,179 - __main__ - WARNING - ⚠️ Episode 38 terminated due to step limit.
2025-09-23 21:07:53,731 - __main__ - DEBUG - 🎯 Eval HMM masking: step 200 masked due to negative reward
2025-09-23 21:07:54,748 - __main__ - WARNING - ⚠️ Episode 41 terminated due to step limit.
2025-09-23 21:07:58,007 - __main__ - WARNING - ⚠️ Episode 42 terminated due to step limit.
2025-09-23 21:08:00,314 - __main__ - DEBUG - 🎯 Eval HMM masking: step 200 masked due to negative reward
2025-09-23 21:08:01,408 - __main__ - WARNING - ⚠️ Episode 43 terminated due to step limit.
2025-09-23 21:08:02,613 - __main__ - DEBUG - 🎯 Eval HMM masking: step 100 masked due to negative reward
2025-09-23 21:08:04,665 - __main__ - WARNING - ⚠️ Episode 44 terminated due to step limit.
2025-09-23 21:08:08,291 - __main__ - WARNING - ⚠️ Episode 46 terminated due to step limit.
2025-09-23 21:08:11,739 - __main__ - WARNING - ⚠️ Episode 47 terminated due to step limit.
2025-09-23 21:08:12,949 - __main__ - DEBUG - 🎯 Eval HMM masking: step 100 masked due to negative reward
2025-09-23 21:08:15,028 - __main__ - WARNING - ⚠️ Episode 48 terminated due to step limit.
2025-09-23 21:08:16,226 - __main__ - DEBUG - 🎯 Eval HMM masking: step 100 masked due to negative reward
2025-09-23 21:08:17,781 - __main__ - DEBUG - 🎯 Eval HMM masking: step 250 masked due to negative reward
2025-09-23 21:08:18,293 - __main__ - WARNING - ⚠️ Episode 49 terminated due to step limit.
2025-09-23 21:08:20,063 - __main__ - DEBUG - 🎯 Eval HMM masking: step 150 masked due to negative reward
2025-09-23 21:08:21,639 - __main__ - WARNING - ⚠️ Episode 50 terminated due to step limit.
2025-09-23 21:08:21,799 - __main__ - INFO - 📊 Evaluation Results (Current Round):
2025-09-23 21:08:21,799 - __main__ - INFO -    Episodes: 50
2025-09-23 21:08:21,799 - __main__ - INFO -    Time: 136.2s (2.7s/ep)
2025-09-23 21:08:21,800 - __main__ - INFO -    Average Return: 0.065 ± 0.623
2025-09-23 21:08:21,800 - __main__ - INFO -    Success Rate: 38.0%
2025-09-23 21:08:21,800 - __main__ - INFO -    Average Length: 245.3
2025-09-23 21:08:21,800 - __main__ - INFO -    Average Coverage: 81.7 positions
2025-09-23 21:08:21,800 - __main__ - INFO -    Episode Completions: 19 terminated (38.0%), 31 truncated (62.0%)
2025-09-23 21:08:21,800 - __main__ - INFO - 📈 Total Evaluation Statistics:
2025-09-23 21:08:21,800 - __main__ - INFO -    Total Episodes: 150
2025-09-23 21:08:21,800 - __main__ - INFO -    Total Average Return: 0.048 ± 0.652
2025-09-23 21:08:21,800 - __main__ - INFO -    Total Average Length: 238.9 ± 93.9
2025-09-23 21:08:21,800 - __main__ - INFO -    Total Completions: 58 terminated (38.7%), 92 truncated (61.3%)
2025-09-23 21:08:21,800 - __main__ - INFO -    Skill Entropy: 0.001
2025-09-23 21:08:21,800 - __main__ - INFO -    Used Skills: 1.0
2025-09-23 21:08:21,801 - __main__ - INFO -    Effective K: 1.00
2025-09-23 21:08:21,801 - __main__ - INFO - 🎯 Action Usage Statistics:
2025-09-23 21:08:21,801 - __main__ - INFO -    Unique actions in evaluation: 8
2025-09-23 21:08:21,801 - __main__ - INFO -    Unique actions in training: 8
2025-09-23 21:08:21,801 - __main__ - INFO -    Total unique actions: 8
2025-09-23 21:08:21,801 - __main__ - INFO -    Action coverage: 6.6%
2025-09-23 21:08:21,801 - __main__ - INFO -    Train action count: 30720
2025-09-23 21:08:21,801 - __main__ - INFO -    Eval action count: 35828
2025-09-23 21:08:21,802 - __main__ - INFO -    Train action entropy: 2.037
2025-09-23 21:08:21,802 - __main__ - INFO -    Eval action entropy: 2.030
2025-09-23 21:08:21,802 - __main__ - INFO -    Top 3 train actions: #0(5584), #3(4645), #5(4642)
2025-09-23 21:08:21,802 - __main__ - INFO -    Top 3 eval actions: #0(6652), #5(5939), #2(5641)
2025-09-23 21:08:24,120 - __main__ - INFO - 📊 Episodes completed this rollout: 5
2025-09-23 21:08:24,120 - __main__ - INFO - 📈 Episode stats: avg return = -0.12, avg length = 269.2
2025-09-23 21:08:24,120 - __main__ - INFO - 🎯 Top 3 training actions: #0(5705), #5(4766), #2(4746)
2025-09-23 21:08:28,129 - __main__ - INFO - 📊 Episodes completed this rollout: 4
2025-09-23 21:08:28,130 - __main__ - INFO - 📈 Episode stats: avg return = 0.32, avg length = 197.2
2025-09-23 21:08:28,130 - __main__ - INFO - 🎯 Top 3 training actions: #0(5838), #2(4945), #5(4890)
2025-09-23 21:08:32,156 - __main__ - INFO - 📊 Episodes completed this rollout: 3
2025-09-23 21:08:32,156 - __main__ - INFO - 📈 Episode stats: avg return = -0.41, avg length = 300.0
2025-09-23 21:08:32,156 - __main__ - INFO - 🎯 Top 3 training actions: #0(5939), #2(5178), #5(5022)
2025-09-23 21:08:36,156 - __main__ - INFO - 📊 Episodes completed this rollout: 8
2025-09-23 21:08:36,156 - __main__ - INFO - 📈 Episode stats: avg return = 0.28, avg length = 229.0
2025-09-23 21:08:36,156 - __main__ - INFO - 🎯 Top 3 training actions: #0(6063), #2(5420), #5(5128)
2025-09-23 21:08:40,143 - __main__ - INFO - 📊 Episodes completed this rollout: 4
2025-09-23 21:08:40,144 - __main__ - INFO - 📈 Episode stats: avg return = 0.91, avg length = 79.0
2025-09-23 21:08:40,144 - __main__ - INFO - 🎯 Top 3 training actions: #0(6242), #2(5621), #5(5214)
2025-09-23 21:08:44,127 - __main__ - INFO - 📊 Episodes completed this rollout: 5
2025-09-23 21:08:44,127 - __main__ - INFO - 📈 Episode stats: avg return = 0.14, avg length = 224.6
2025-09-23 21:08:44,127 - __main__ - INFO - 🎯 Top 3 training actions: #0(6455), #2(5774), #5(5318)
2025-09-23 21:08:48,133 - __main__ - INFO - 📊 Episodes completed this rollout: 3
2025-09-23 21:08:48,134 - __main__ - INFO - 📈 Episode stats: avg return = -0.56, avg length = 300.0
2025-09-23 21:08:48,134 - __main__ - INFO - 🎯 Top 3 training actions: #0(6697), #2(5918), #5(5424)
2025-09-23 21:08:52,144 - __main__ - INFO - 📊 Episodes completed this rollout: 3
2025-09-23 21:08:52,145 - __main__ - INFO - 📈 Episode stats: avg return = -0.62, avg length = 300.0
2025-09-23 21:08:52,145 - __main__ - INFO - 🎯 Top 3 training actions: #0(6887), #2(6131), #5(5546)
2025-09-23 21:08:56,215 - __main__ - INFO - 📊 Episodes completed this rollout: 8
2025-09-23 21:08:56,215 - __main__ - INFO - 📈 Episode stats: avg return = 0.27, avg length = 194.1
2025-09-23 21:08:56,216 - __main__ - INFO - 🎯 Top 3 training actions: #0(7064), #2(6353), #5(5674)
2025-09-23 21:08:57,940 - __main__ - INFO - 🔄 Synchronized model update at step 39,936
2025-09-23 21:08:57,940 - __main__ - INFO -    HMM interval: 10,615, VAE interval: 10,615
2025-09-23 21:08:57,941 - __main__ - INFO - 🚫 Model training masking: 968/11264 timesteps masked (8.6%) due to negative rewards (invalid actions)
2025-09-23 21:08:58,270 - __main__ - INFO - 🔄 Capping HMM batch size from 611 to 128 to prevent OOM
2025-09-23 21:08:58,271 - __main__ - INFO - 🔄 HMM refresh starting at step 39,936 with replay size 128x91
2025-09-23 21:09:03,564 - __main__ - DEBUG - Initial ELBO: -26171.3437
2025-09-23 21:09:03,568 - __main__ - DEBUG - Relative tol: 0.0100
2025-09-23 21:09:03,568 - __main__ - DEBUG - Relative elbo_drop_tol: 0.0100
2025-09-23 21:09:03,568 - __main__ - DEBUG - - Init -501.3588
2025-09-23 21:09:03,568 - __main__ - DEBUG - - Trans -12.0830
2025-09-23 21:09:03,568 - __main__ - DEBUG - - Emit -16153.9294
2025-09-23 21:09:03,568 - __main__ - DEBUG - - Entropy 0.0005
2025-09-23 21:09:03,568 - __main__ - DEBUG - - Dir -23.0191
2025-09-23 21:09:03,568 - __main__ - DEBUG - - NIW -9465.1221
2025-09-23 21:09:03,568 - __main__ - DEBUG - - Beta prior -15.8319
2025-09-23 21:09:09,328 - __main__ - DEBUG - Iter 0: ELBO after FB: -26171.3437 (LL -16667.3707, Δ=0.0000)
2025-09-23 21:09:09,329 - __main__ - DEBUG - Blending stats with ρ_niw=0.0500, ρ_tr=0.0500.
2025-09-23 21:09:09,378 - __main__ - DEBUG - Iter 0: ELBO after NIW update: -21225.5497 (Emit LL -10693.6120, NIW term -9979.6455, Δ=4945.7940)
2025-09-23 21:09:09,428 - __main__ - DEBUG - Iter 0: ELBO after Dirichlet update: -21225.0428 (Trans LL -11.2563, Dir term -23.3389, Δ=0.5069)
2025-09-23 21:09:09,495 - __main__ - DEBUG - Iter 0: ELBO after β update: -21225.7595 (Init LL -502.0228, Dir term -23.3814, logp(β) -15.8420, Δ=-0.7167)
2025-09-23 21:09:14,915 - __main__ - DEBUG - Iter 1: ELBO after FB: -21225.7595 (LL -11206.8905, Δ=0.0000)
2025-09-23 21:09:14,915 - __main__ - DEBUG - Blending stats with ρ_niw=0.0500, ρ_tr=0.0500.
2025-09-23 21:09:14,963 - __main__ - DEBUG - Iter 1: ELBO after NIW update: -21225.7595 (Emit LL -10693.6120, NIW term -9979.6455, Δ=0.0000)
2025-09-23 21:09:15,010 - __main__ - DEBUG - Iter 1: ELBO after Dirichlet update: -21225.8184 (Trans LL -11.2094, Dir term -23.4873, Δ=-0.0589)
2025-09-23 21:09:15,079 - __main__ - DEBUG - Iter 1: ELBO after β update: -21226.3752 (Init LL -502.5147, Dir term -23.5421, logp(β) -15.8520, Δ=-0.5568)
2025-09-23 21:09:20,414 - __main__ - DEBUG - Iter 2: ELBO after FB: -21226.3752 (LL -11207.3355, Δ=0.0000)
2025-09-23 21:09:20,414 - __main__ - DEBUG - Blending stats with ρ_niw=0.0500, ρ_tr=0.0500.
2025-09-23 21:09:20,462 - __main__ - DEBUG - Iter 2: ELBO after NIW update: -21226.3752 (Emit LL -10693.6120, NIW term -9979.6455, Δ=0.0000)
2025-09-23 21:09:20,511 - __main__ - DEBUG - Iter 2: ELBO after Dirichlet update: -21226.5431 (Trans LL -11.1737, Dir term -23.7457, Δ=-0.1679)
2025-09-23 21:09:20,574 - __main__ - DEBUG - Iter 2: ELBO after β update: -21227.0615 (Init LL -502.9281, Dir term -23.8488, logp(β) -15.8540, Δ=-0.5184)
2025-09-23 21:09:25,901 - __main__ - DEBUG - Iter 3: ELBO after FB: -21227.0615 (LL -11207.7132, Δ=0.0000)
2025-09-23 21:09:25,902 - __main__ - DEBUG - Blending stats with ρ_niw=0.0500, ρ_tr=0.0500.
2025-09-23 21:09:25,950 - __main__ - DEBUG - Iter 3: ELBO after NIW update: -21227.0615 (Emit LL -10693.6120, NIW term -9979.6455, Δ=0.0000)
2025-09-23 21:09:25,998 - __main__ - DEBUG - Iter 3: ELBO after Dirichlet update: -21227.3724 (Trans LL -11.1446, Dir term -24.1887, Δ=-0.3108)
2025-09-23 21:09:26,066 - __main__ - DEBUG - Iter 3: ELBO after β update: -21227.6032 (Init LL -503.0780, Dir term -24.2757, logp(β) -15.8480, Δ=-0.2309)
2025-09-23 21:09:31,523 - __main__ - DEBUG - Iter 4: ELBO after FB: -21227.6032 (LL -11207.8341, Δ=0.0000)
2025-09-23 21:09:31,524 - __main__ - DEBUG - Blending stats with ρ_niw=0.0500, ρ_tr=0.0500.
2025-09-23 21:09:31,572 - __main__ - DEBUG - Iter 4: ELBO after NIW update: -21227.6032 (Emit LL -10693.6120, NIW term -9979.6455, Δ=0.0000)
2025-09-23 21:09:31,620 - __main__ - DEBUG - Iter 4: ELBO after Dirichlet update: -21227.9704 (Trans LL -11.1334, Dir term -24.6541, Δ=-0.3672)
2025-09-23 21:09:31,687 - __main__ - DEBUG - Iter 4: ELBO after β update: -21228.1340 (Init LL -503.1460, Dir term -24.7561, logp(β) -15.8415, Δ=-0.1636)
2025-09-23 21:09:31,688 - __main__ - INFO -    HMM refresh complete: ELBO=-106.6627, iters=0, max iters, states=40
2025-09-23 21:09:31,688 - __main__ - INFO -    ✅ HMM updated (next in 12,000 steps)
2025-09-23 21:09:31,689 - __main__ - INFO - 🔄 VAE refresh starting at step 39,936 with replay size 8x1408
2025-09-23 21:09:31,689 - __main__ - INFO -    Using span sampling (11264 timesteps, too large for full buffer)
2025-09-23 21:09:57,653 - __main__ - INFO -    VAE refresh complete: final_loss=2826.7578, avg_loss=2828.2476, steps=4/4, trend=improving, total_timesteps=11264, span_sampling=32_requested×4_steps, span_len=64
2025-09-23 21:09:57,655 - __main__ - INFO -    ✅ VAE updated (next in 12,000 steps)
2025-09-23 21:09:59,890 - __main__ - INFO - 📊 Episodes completed this rollout: 3
2025-09-23 21:09:59,891 - __main__ - INFO - 📈 Episode stats: avg return = 0.40, avg length = 224.0
2025-09-23 21:09:59,891 - __main__ - INFO - 🎯 Top 3 training actions: #0(7232), #2(6605), #5(5804)
2025-09-23 21:10:01,666 - __main__ - INFO - 🧪 Starting evaluation with 50 episodes...
2025-09-23 21:10:01,666 - __main__ - INFO -    Eval seed: 51
2025-09-23 21:10:01,666 - __main__ - INFO -    Max episode steps (eval): env default
2025-09-23 21:10:01,667 - nle.env.base - INFO - Not saving any NLE data.
2025-09-23 21:10:02,726 - __main__ - DEBUG - 🎯 Eval HMM masking: step 100 masked due to negative reward
2025-09-23 21:10:04,826 - __main__ - WARNING - ⚠️ Episode 1 terminated due to step limit.
2025-09-23 21:10:09,529 - __main__ - DEBUG - 🎯 Eval HMM masking: step 50 masked due to negative reward
2025-09-23 21:10:12,096 - __main__ - WARNING - ⚠️ Episode 5 terminated due to step limit.
2025-09-23 21:10:15,476 - __main__ - WARNING - ⚠️ Episode 6 terminated due to step limit.
2025-09-23 21:10:19,667 - __main__ - DEBUG - 🎯 Eval HMM masking: step 250 masked due to negative reward
2025-09-23 21:10:20,172 - __main__ - WARNING - ⚠️ Episode 9 terminated due to step limit.
2025-09-23 21:10:22,396 - __main__ - DEBUG - 🎯 Eval HMM masking: step 200 masked due to negative reward
2025-09-23 21:10:23,417 - __main__ - WARNING - ⚠️ Episode 10 terminated due to step limit.
2025-09-23 21:10:24,610 - __main__ - DEBUG - 🎯 Eval HMM masking: step 100 masked due to negative reward
2025-09-23 21:10:25,128 - __main__ - DEBUG - 🎯 Eval HMM masking: step 150 masked due to negative reward
2025-09-23 21:10:27,158 - __main__ - DEBUG - 🎯 Eval HMM masking: step 100 masked due to negative reward
2025-09-23 21:10:29,204 - __main__ - WARNING - ⚠️ Episode 12 terminated due to step limit.
2025-09-23 21:10:31,930 - __main__ - DEBUG - 🎯 Eval HMM masking: step 250 masked due to negative reward
2025-09-23 21:10:32,434 - __main__ - WARNING - ⚠️ Episode 13 terminated due to step limit.
2025-09-23 21:10:33,135 - __main__ - DEBUG - 🎯 Eval HMM masking: step 50 masked due to negative reward
2025-09-23 21:10:33,651 - __main__ - DEBUG - 🎯 Eval HMM masking: step 100 masked due to negative reward
2025-09-23 21:10:34,676 - __main__ - DEBUG - 🎯 Eval HMM masking: step 200 masked due to negative reward
2025-09-23 21:10:35,702 - __main__ - WARNING - ⚠️ Episode 14 terminated due to step limit.
2025-09-23 21:10:36,418 - __main__ - DEBUG - 🎯 Eval HMM masking: step 50 masked due to negative reward
2025-09-23 21:10:40,875 - __main__ - WARNING - ⚠️ Episode 17 terminated due to step limit.
2025-09-23 21:10:41,554 - __main__ - DEBUG - 🎯 Eval HMM masking: step 50 masked due to negative reward
2025-09-23 21:10:46,949 - __main__ - WARNING - ⚠️ Episode 20 terminated due to step limit.
2025-09-23 21:10:49,782 - __main__ - DEBUG - 🎯 Eval HMM masking: step 250 masked due to negative reward
2025-09-23 21:10:50,324 - __main__ - WARNING - ⚠️ Episode 21 terminated due to step limit.
2025-09-23 21:10:57,020 - __main__ - WARNING - ⚠️ Episode 24 terminated due to step limit.
2025-09-23 21:10:57,701 - __main__ - DEBUG - 🎯 Eval HMM masking: step 50 masked due to negative reward
2025-09-23 21:10:58,732 - __main__ - DEBUG - 🎯 Eval HMM masking: step 150 masked due to negative reward
2025-09-23 21:11:00,279 - __main__ - WARNING - ⚠️ Episode 25 terminated due to step limit.
2025-09-23 21:11:01,480 - __main__ - DEBUG - 🎯 Eval HMM masking: step 100 masked due to negative reward
2025-09-23 21:11:01,999 - __main__ - DEBUG - 🎯 Eval HMM masking: step 150 masked due to negative reward
2025-09-23 21:11:03,552 - __main__ - WARNING - ⚠️ Episode 26 terminated due to step limit.
2025-09-23 21:11:04,766 - __main__ - DEBUG - 🎯 Eval HMM masking: step 100 masked due to negative reward
2025-09-23 21:11:06,905 - __main__ - DEBUG - 🎯 Eval HMM masking: step 100 masked due to negative reward
2025-09-23 21:11:09,086 - __main__ - WARNING - ⚠️ Episode 28 terminated due to step limit.
2025-09-23 21:11:12,329 - __main__ - DEBUG - 🎯 Eval HMM masking: step 200 masked due to negative reward
2025-09-23 21:11:13,401 - __main__ - WARNING - ⚠️ Episode 30 terminated due to step limit.
2025-09-23 21:11:16,720 - __main__ - WARNING - ⚠️ Episode 32 terminated due to step limit.
2025-09-23 21:11:19,994 - __main__ - WARNING - ⚠️ Episode 33 terminated due to step limit.
2025-09-23 21:11:23,419 - __main__ - WARNING - ⚠️ Episode 34 terminated due to step limit.
2025-09-23 21:11:27,701 - __main__ - WARNING - ⚠️ Episode 36 terminated due to step limit.
2025-09-23 21:11:30,005 - __main__ - DEBUG - 🎯 Eval HMM masking: step 200 masked due to negative reward
2025-09-23 21:11:31,031 - __main__ - WARNING - ⚠️ Episode 37 terminated due to step limit.
2025-09-23 21:11:32,237 - __main__ - DEBUG - 🎯 Eval HMM masking: step 100 masked due to negative reward
2025-09-23 21:11:34,296 - __main__ - WARNING - ⚠️ Episode 38 terminated due to step limit.
2025-09-23 21:11:37,163 - __main__ - DEBUG - 🎯 Eval HMM masking: step 250 masked due to negative reward
2025-09-23 21:11:37,672 - __main__ - WARNING - ⚠️ Episode 39 terminated due to step limit.
2025-09-23 21:11:38,352 - __main__ - DEBUG - 🎯 Eval HMM masking: step 50 masked due to negative reward
2025-09-23 21:11:39,410 - __main__ - DEBUG - 🎯 Eval HMM masking: step 150 masked due to negative reward
2025-09-23 21:11:44,222 - __main__ - WARNING - ⚠️ Episode 41 terminated due to step limit.
2025-09-23 21:11:47,551 - __main__ - WARNING - ⚠️ Episode 42 terminated due to step limit.
2025-09-23 21:11:48,289 - __main__ - DEBUG - 🎯 Eval HMM masking: step 50 masked due to negative reward
2025-09-23 21:11:48,826 - __main__ - DEBUG - 🎯 Eval HMM masking: step 100 masked due to negative reward
2025-09-23 21:11:49,920 - __main__ - DEBUG - 🎯 Eval HMM masking: step 200 masked due to negative reward
2025-09-23 21:11:51,015 - __main__ - WARNING - ⚠️ Episode 43 terminated due to step limit.
2025-09-23 21:11:54,310 - __main__ - DEBUG - 🎯 Eval HMM masking: step 150 masked due to negative reward
2025-09-23 21:11:54,827 - __main__ - DEBUG - 🎯 Eval HMM masking: step 200 masked due to negative reward
2025-09-23 21:11:55,855 - __main__ - WARNING - ⚠️ Episode 45 terminated due to step limit.
2025-09-23 21:11:58,172 - __main__ - DEBUG - 🎯 Eval HMM masking: step 200 masked due to negative reward
2025-09-23 21:11:59,215 - __main__ - WARNING - ⚠️ Episode 47 terminated due to step limit.
2025-09-23 21:12:03,065 - __main__ - DEBUG - 🎯 Eval HMM masking: step 50 masked due to negative reward
2025-09-23 21:12:05,673 - __main__ - WARNING - ⚠️ Episode 49 terminated due to step limit.
2025-09-23 21:12:07,401 - __main__ - DEBUG - 🎯 Eval HMM masking: step 150 masked due to negative reward
2025-09-23 21:12:07,918 - __main__ - DEBUG - 🎯 Eval HMM masking: step 200 masked due to negative reward
2025-09-23 21:12:08,942 - __main__ - WARNING - ⚠️ Episode 50 terminated due to step limit.
2025-09-23 21:12:09,099 - __main__ - INFO - 📊 Evaluation Results (Current Round):
2025-09-23 21:12:09,099 - __main__ - INFO -    Episodes: 50
2025-09-23 21:12:09,099 - __main__ - INFO -    Time: 127.4s (2.5s/ep)
2025-09-23 21:12:09,100 - __main__ - INFO -    Average Return: -0.018 ± 0.676
2025-09-23 21:12:09,100 - __main__ - INFO -    Success Rate: 40.0%
2025-09-23 21:12:09,100 - __main__ - INFO -    Average Length: 231.5
2025-09-23 21:12:09,100 - __main__ - INFO -    Average Coverage: 61.7 positions
2025-09-23 21:12:09,100 - __main__ - INFO -    Episode Completions: 20 terminated (40.0%), 30 truncated (60.0%)
2025-09-23 21:12:09,100 - __main__ - INFO - 📈 Total Evaluation Statistics:
2025-09-23 21:12:09,101 - __main__ - INFO -    Total Episodes: 200
2025-09-23 21:12:09,101 - __main__ - INFO -    Total Average Return: 0.031 ± 0.659
2025-09-23 21:12:09,101 - __main__ - INFO -    Total Average Length: 237.0 ± 96.7
2025-09-23 21:12:09,101 - __main__ - INFO -    Total Completions: 78 terminated (39.0%), 122 truncated (61.0%)
2025-09-23 21:12:09,101 - __main__ - INFO -    Skill Entropy: 0.002
2025-09-23 21:12:09,101 - __main__ - INFO -    Used Skills: 1.0
2025-09-23 21:12:09,101 - __main__ - INFO -    Effective K: 1.00
2025-09-23 21:12:09,101 - __main__ - INFO - 🎯 Action Usage Statistics:
2025-09-23 21:12:09,101 - __main__ - INFO -    Unique actions in evaluation: 8
2025-09-23 21:12:09,101 - __main__ - INFO -    Unique actions in training: 8
2025-09-23 21:12:09,101 - __main__ - INFO -    Total unique actions: 8
2025-09-23 21:12:09,101 - __main__ - INFO -    Action coverage: 6.6%
2025-09-23 21:12:09,102 - __main__ - INFO -    Train action count: 40960
2025-09-23 21:12:09,102 - __main__ - INFO -    Eval action count: 47403
2025-09-23 21:12:09,102 - __main__ - INFO -    Train action entropy: 2.041
2025-09-23 21:12:09,102 - __main__ - INFO -    Eval action entropy: 2.019
2025-09-23 21:12:09,103 - __main__ - INFO -    Top 3 train actions: #0(7232), #2(6605), #5(5804)
2025-09-23 21:12:09,103 - __main__ - INFO -    Top 3 eval actions: #2(9145), #0(8627), #5(7165)
2025-09-23 21:12:11,413 - __main__ - INFO - 📊 Episodes completed this rollout: 4
2025-09-23 21:12:11,414 - __main__ - INFO - 📈 Episode stats: avg return = -0.48, avg length = 300.0
2025-09-23 21:12:11,414 - __main__ - INFO - 🎯 Top 3 training actions: #0(7396), #2(6917), #5(5914)
2025-09-23 21:12:15,412 - __main__ - INFO - 📊 Episodes completed this rollout: 3
2025-09-23 21:12:15,413 - __main__ - INFO - 📈 Episode stats: avg return = -0.00, avg length = 261.0
2025-09-23 21:12:15,413 - __main__ - INFO - 🎯 Top 3 training actions: #0(7641), #2(7125), #5(6034)
2025-09-23 21:12:19,443 - __main__ - INFO - 📊 Episodes completed this rollout: 3
2025-09-23 21:12:19,443 - __main__ - INFO - 📈 Episode stats: avg return = 0.40, avg length = 209.0
2025-09-23 21:12:19,443 - __main__ - INFO - 🎯 Top 3 training actions: #0(7897), #2(7318), #5(6155)
2025-09-23 21:12:23,559 - __main__ - INFO - 📊 Episodes completed this rollout: 6
2025-09-23 21:12:23,559 - __main__ - INFO - 📈 Episode stats: avg return = 0.18, avg length = 209.3
2025-09-23 21:12:23,559 - __main__ - INFO - 🎯 Top 3 training actions: #0(8163), #2(7533), #5(6255)
2025-09-23 21:12:27,585 - __main__ - INFO - 📊 Episodes completed this rollout: 5
2025-09-23 21:12:27,585 - __main__ - INFO - 📈 Episode stats: avg return = 0.05, avg length = 250.2
2025-09-23 21:12:27,586 - __main__ - INFO - 🎯 Top 3 training actions: #0(8418), #2(7723), #5(6380)
2025-09-23 21:12:31,662 - __main__ - INFO - 📊 Episodes completed this rollout: 5
2025-09-23 21:12:31,663 - __main__ - INFO - 📈 Episode stats: avg return = 0.09, avg length = 207.8
2025-09-23 21:12:31,663 - __main__ - INFO - 🎯 Top 3 training actions: #0(8641), #2(7895), #5(6525)
2025-09-23 21:12:35,725 - __main__ - INFO - 📊 Episodes completed this rollout: 2
2025-09-23 21:12:35,725 - __main__ - INFO - 📈 Episode stats: avg return = -0.30, avg length = 300.0
2025-09-23 21:12:35,725 - __main__ - INFO - 🎯 Top 3 training actions: #0(8819), #2(8073), #5(6678)
2025-09-23 21:12:39,854 - __main__ - INFO - 📊 Episodes completed this rollout: 8
2025-09-23 21:12:39,854 - __main__ - INFO - 📈 Episode stats: avg return = -0.02, avg length = 235.0
2025-09-23 21:12:39,855 - __main__ - INFO - 🎯 Top 3 training actions: #0(8983), #2(8236), #5(6815)
2025-09-23 21:12:43,896 - __main__ - INFO - 📊 Episodes completed this rollout: 2
2025-09-23 21:12:43,896 - __main__ - INFO - 📈 Episode stats: avg return = -0.45, avg length = 300.0
2025-09-23 21:12:43,896 - __main__ - INFO - 🎯 Top 3 training actions: #0(9162), #2(8404), #5(6959)
2025-09-23 21:12:45,652 - __main__ - INFO - 🧪 Starting evaluation with 50 episodes...
2025-09-23 21:12:45,652 - __main__ - INFO -    Eval seed: 51
2025-09-23 21:12:45,652 - __main__ - INFO -    Max episode steps (eval): env default
2025-09-23 21:12:45,653 - nle.env.base - INFO - Not saving any NLE data.
2025-09-23 21:12:47,224 - __main__ - DEBUG - 🎯 Eval HMM masking: step 150 masked due to negative reward
2025-09-23 21:12:47,740 - __main__ - DEBUG - 🎯 Eval HMM masking: step 200 masked due to negative reward
2025-09-23 21:12:48,766 - __main__ - WARNING - ⚠️ Episode 1 terminated due to step limit.
2025-09-23 21:12:52,058 - __main__ - WARNING - ⚠️ Episode 2 terminated due to step limit.
2025-09-23 21:12:55,488 - __main__ - WARNING - ⚠️ Episode 3 terminated due to step limit.
2025-09-23 21:13:00,519 - __main__ - WARNING - ⚠️ Episode 5 terminated due to step limit.
2025-09-23 21:13:01,242 - __main__ - DEBUG - 🎯 Eval HMM masking: step 50 masked due to negative reward
2025-09-23 21:13:01,788 - __main__ - DEBUG - 🎯 Eval HMM masking: step 100 masked due to negative reward
2025-09-23 21:13:03,967 - __main__ - WARNING - ⚠️ Episode 6 terminated due to step limit.
2025-09-23 21:13:06,769 - __main__ - DEBUG - 🎯 Eval HMM masking: step 250 masked due to negative reward
2025-09-23 21:13:07,278 - __main__ - WARNING - ⚠️ Episode 7 terminated due to step limit.
2025-09-23 21:13:09,516 - __main__ - DEBUG - 🎯 Eval HMM masking: step 200 masked due to negative reward
2025-09-23 21:13:10,542 - __main__ - WARNING - ⚠️ Episode 8 terminated due to step limit.
2025-09-23 21:13:12,246 - __main__ - DEBUG - 🎯 Eval HMM masking: step 150 masked due to negative reward
2025-09-23 21:13:13,779 - __main__ - WARNING - ⚠️ Episode 9 terminated due to step limit.
2025-09-23 21:13:19,254 - __main__ - WARNING - ⚠️ Episode 11 terminated due to step limit.
2025-09-23 21:13:23,143 - __main__ - WARNING - ⚠️ Episode 13 terminated due to step limit.
2025-09-23 21:13:23,827 - __main__ - DEBUG - 🎯 Eval HMM masking: step 50 masked due to negative reward
2025-09-23 21:13:26,406 - __main__ - WARNING - ⚠️ Episode 14 terminated due to step limit.
2025-09-23 21:13:27,606 - __main__ - DEBUG - 🎯 Eval HMM masking: step 100 masked due to negative reward
2025-09-23 21:13:29,659 - __main__ - WARNING - ⚠️ Episode 15 terminated due to step limit.
2025-09-23 21:13:32,902 - __main__ - WARNING - ⚠️ Episode 16 terminated due to step limit.
2025-09-23 21:13:36,081 - __main__ - DEBUG - 🎯 Eval HMM masking: step 150 masked due to negative reward
2025-09-23 21:13:37,611 - __main__ - WARNING - ⚠️ Episode 18 terminated due to step limit.
2025-09-23 21:13:40,883 - __main__ - WARNING - ⚠️ Episode 19 terminated due to step limit.
2025-09-23 21:13:44,133 - __main__ - WARNING - ⚠️ Episode 20 terminated due to step limit.
2025-09-23 21:13:47,384 - __main__ - WARNING - ⚠️ Episode 21 terminated due to step limit.
2025-09-23 21:13:52,189 - __main__ - WARNING - ⚠️ Episode 23 terminated due to step limit.
2025-09-23 21:13:53,403 - __main__ - DEBUG - 🎯 Eval HMM masking: step 100 masked due to negative reward
2025-09-23 21:13:54,467 - __main__ - DEBUG - 🎯 Eval HMM masking: step 50 masked due to negative reward
2025-09-23 21:13:56,009 - __main__ - DEBUG - 🎯 Eval HMM masking: step 200 masked due to negative reward
2025-09-23 21:13:57,028 - __main__ - WARNING - ⚠️ Episode 25 terminated due to step limit.
2025-09-23 21:13:58,735 - __main__ - DEBUG - 🎯 Eval HMM masking: step 150 masked due to negative reward
2025-09-23 21:14:04,093 - __main__ - DEBUG - 🎯 Eval HMM masking: step 250 masked due to negative reward
2025-09-23 21:14:04,599 - __main__ - WARNING - ⚠️ Episode 29 terminated due to step limit.
2025-09-23 21:14:07,952 - __main__ - WARNING - ⚠️ Episode 30 terminated due to step limit.
2025-09-23 21:14:11,250 - __main__ - WARNING - ⚠️ Episode 31 terminated due to step limit.
2025-09-23 21:14:12,441 - __main__ - DEBUG - 🎯 Eval HMM masking: step 100 masked due to negative reward
2025-09-23 21:14:13,473 - __main__ - DEBUG - 🎯 Eval HMM masking: step 200 masked due to negative reward
2025-09-23 21:14:13,985 - __main__ - DEBUG - 🎯 Eval HMM masking: step 250 masked due to negative reward
2025-09-23 21:14:14,492 - __main__ - WARNING - ⚠️ Episode 32 terminated due to step limit.
2025-09-23 21:14:17,736 - __main__ - WARNING - ⚠️ Episode 33 terminated due to step limit.
2025-09-23 21:14:21,760 - __main__ - WARNING - ⚠️ Episode 35 terminated due to step limit.
2025-09-23 21:14:25,036 - __main__ - WARNING - ⚠️ Episode 36 terminated due to step limit.
2025-09-23 21:14:28,365 - __main__ - WARNING - ⚠️ Episode 37 terminated due to step limit.
2025-09-23 21:14:29,090 - __main__ - DEBUG - 🎯 Eval HMM masking: step 50 masked due to negative reward
2025-09-23 21:14:31,764 - __main__ - WARNING - ⚠️ Episode 38 terminated due to step limit.
2025-09-23 21:14:33,982 - __main__ - DEBUG - 🎯 Eval HMM masking: step 200 masked due to negative reward
2025-09-23 21:14:34,999 - __main__ - WARNING - ⚠️ Episode 39 terminated due to step limit.
2025-09-23 21:14:36,696 - __main__ - DEBUG - 🎯 Eval HMM masking: step 150 masked due to negative reward
2025-09-23 21:14:39,951 - __main__ - DEBUG - 🎯 Eval HMM masking: step 50 masked due to negative reward
2025-09-23 21:14:45,127 - __main__ - WARNING - ⚠️ Episode 43 terminated due to step limit.
2025-09-23 21:14:45,805 - __main__ - DEBUG - 🎯 Eval HMM masking: step 50 masked due to negative reward
2025-09-23 21:14:46,318 - __main__ - DEBUG - 🎯 Eval HMM masking: step 100 masked due to negative reward
2025-09-23 21:14:52,257 - __main__ - WARNING - ⚠️ Episode 46 terminated due to step limit.
2025-09-23 21:14:55,988 - __main__ - DEBUG - 🎯 Eval HMM masking: step 50 masked due to negative reward
2025-09-23 21:15:00,234 - __main__ - DEBUG - 🎯 Eval HMM masking: step 150 masked due to negative reward
2025-09-23 21:15:01,854 - __main__ - WARNING - ⚠️ Episode 49 terminated due to step limit.
2025-09-23 21:15:05,097 - __main__ - WARNING - ⚠️ Episode 50 terminated due to step limit.
2025-09-23 21:15:05,254 - __main__ - INFO - 📊 Evaluation Results (Current Round):
2025-09-23 21:15:05,254 - __main__ - INFO -    Episodes: 50
2025-09-23 21:15:05,254 - __main__ - INFO -    Time: 139.6s (2.8s/ep)
2025-09-23 21:15:05,254 - __main__ - INFO -    Average Return: 0.044 ± 0.572
2025-09-23 21:15:05,254 - __main__ - INFO -    Success Rate: 34.0%
2025-09-23 21:15:05,254 - __main__ - INFO -    Average Length: 255.3
2025-09-23 21:15:05,254 - __main__ - INFO -    Average Coverage: 87.3 positions
2025-09-23 21:15:05,254 - __main__ - INFO -    Episode Completions: 17 terminated (34.0%), 33 truncated (66.0%)
2025-09-23 21:15:05,255 - __main__ - INFO - 📈 Total Evaluation Statistics:
2025-09-23 21:15:05,255 - __main__ - INFO -    Total Episodes: 250
2025-09-23 21:15:05,255 - __main__ - INFO -    Total Average Return: 0.034 ± 0.643
2025-09-23 21:15:05,255 - __main__ - INFO -    Total Average Length: 240.7 ± 93.4
2025-09-23 21:15:05,255 - __main__ - INFO -    Total Completions: 95 terminated (38.0%), 155 truncated (62.0%)
2025-09-23 21:15:05,255 - __main__ - INFO -    Skill Entropy: 0.001
2025-09-23 21:15:05,255 - __main__ - INFO -    Used Skills: 1.0
2025-09-23 21:15:05,255 - __main__ - INFO -    Effective K: 1.00
2025-09-23 21:15:05,255 - __main__ - INFO - 🎯 Action Usage Statistics:
2025-09-23 21:15:05,256 - __main__ - INFO -    Unique actions in evaluation: 8
2025-09-23 21:15:05,256 - __main__ - INFO -    Unique actions in training: 8
2025-09-23 21:15:05,256 - __main__ - INFO -    Total unique actions: 8
2025-09-23 21:15:05,256 - __main__ - INFO -    Action coverage: 6.6%
2025-09-23 21:15:05,256 - __main__ - INFO -    Train action count: 50176
2025-09-23 21:15:05,256 - __main__ - INFO -    Eval action count: 60166
2025-09-23 21:15:05,257 - __main__ - INFO -    Train action entropy: 2.034
2025-09-23 21:15:05,257 - __main__ - INFO -    Eval action entropy: 2.030
2025-09-23 21:15:05,257 - __main__ - INFO -    Top 3 train actions: #0(9162), #2(8404), #5(6959)
2025-09-23 21:15:05,257 - __main__ - INFO -    Top 3 eval actions: #2(11139), #0(10681), #5(8914)
2025-09-23 21:15:07,579 - __main__ - INFO - 📊 Episodes completed this rollout: 4
2025-09-23 21:15:07,579 - __main__ - INFO - 📈 Episode stats: avg return = 0.30, avg length = 253.5
2025-09-23 21:15:07,580 - __main__ - INFO - 🎯 Top 3 training actions: #0(9325), #2(8567), #5(7103)
2025-09-23 21:15:11,640 - __main__ - INFO - 📊 Episodes completed this rollout: 5
2025-09-23 21:15:11,640 - __main__ - INFO - 📈 Episode stats: avg return = 0.17, avg length = 213.8
2025-09-23 21:15:11,640 - __main__ - INFO - 🎯 Top 3 training actions: #0(9511), #2(8704), #5(7247)
2025-09-23 21:15:13,409 - __main__ - INFO - 🔄 Synchronized model update at step 52,224
2025-09-23 21:15:13,409 - __main__ - INFO -    HMM interval: 12,000, VAE interval: 12,000
2025-09-23 21:15:13,410 - __main__ - INFO - 🚫 Model training masking: 1344/12288 timesteps masked (10.9%) due to negative rewards (invalid actions)
2025-09-23 21:15:13,776 - __main__ - INFO - 🔄 Capping HMM batch size from 811 to 128 to prevent OOM
2025-09-23 21:15:13,776 - __main__ - INFO - 🔄 HMM refresh starting at step 52,224 with replay size 128x88
2025-09-23 21:15:18,623 - __main__ - DEBUG - Initial ELBO: -18332.9059
2025-09-23 21:15:18,626 - __main__ - DEBUG - Relative tol: 0.0100
2025-09-23 21:15:18,626 - __main__ - DEBUG - Relative elbo_drop_tol: 0.0100
2025-09-23 21:15:18,626 - __main__ - DEBUG - - Init -502.0228
2025-09-23 21:15:18,626 - __main__ - DEBUG - - Trans -10.0380
2025-09-23 21:15:18,626 - __main__ - DEBUG - - Emit -7801.9766
2025-09-23 21:15:18,626 - __main__ - DEBUG - - Entropy 0.0005
2025-09-23 21:15:18,626 - __main__ - DEBUG - - Dir -23.3814
2025-09-23 21:15:18,626 - __main__ - DEBUG - - NIW -9979.6455
2025-09-23 21:15:18,626 - __main__ - DEBUG - - Beta prior -15.8420
2025-09-23 21:15:24,013 - __main__ - DEBUG - Iter 0: ELBO after FB: -18332.9059 (LL -8314.0369, Δ=0.0000)
2025-09-23 21:15:24,014 - __main__ - DEBUG - Blending stats with ρ_niw=0.0500, ρ_tr=0.0500.
2025-09-23 21:15:24,062 - __main__ - DEBUG - Iter 0: ELBO after NIW update: -15068.9555 (Emit LL -4085.0604, NIW term -10432.6113, Δ=3263.9504)
2025-09-23 21:15:24,109 - __main__ - DEBUG - Iter 0: ELBO after Dirichlet update: -15068.6756 (Trans LL -9.5359, Dir term -23.6036, Δ=0.2799)
2025-09-23 21:15:24,177 - __main__ - DEBUG - Iter 0: ELBO after β update: -15069.3116 (Init LL -502.6259, Dir term -23.6261, logp(β) -15.8526, Δ=-0.6360)
2025-09-23 21:15:29,370 - __main__ - DEBUG - Iter 1: ELBO after FB: -15069.3116 (LL -4597.2217, Δ=0.0000)
2025-09-23 21:15:29,370 - __main__ - DEBUG - Blending stats with ρ_niw=0.0500, ρ_tr=0.0500.
2025-09-23 21:15:29,418 - __main__ - DEBUG - Iter 1: ELBO after NIW update: -15069.3116 (Emit LL -4085.0604, NIW term -10432.6113, Δ=0.0000)
2025-09-23 21:15:29,466 - __main__ - DEBUG - Iter 1: ELBO after Dirichlet update: -15069.3656 (Trans LL -9.5007, Dir term -23.7152, Δ=-0.0540)
2025-09-23 21:15:29,535 - __main__ - DEBUG - Iter 1: ELBO after β update: -15069.9664 (Init LL -503.1530, Dir term -23.7790, logp(β) -15.8625, Δ=-0.6008)
2025-09-23 21:15:34,683 - __main__ - DEBUG - Iter 2: ELBO after FB: -15069.9664 (LL -4597.7136, Δ=0.0000)
2025-09-23 21:15:34,683 - __main__ - DEBUG - Blending stats with ρ_niw=0.0500, ρ_tr=0.0500.
2025-09-23 21:15:34,731 - __main__ - DEBUG - Iter 2: ELBO after NIW update: -15069.9664 (Emit LL -4085.0604, NIW term -10432.6113, Δ=0.0000)
2025-09-23 21:15:34,778 - __main__ - DEBUG - Iter 2: ELBO after Dirichlet update: -15070.1549 (Trans LL -9.4681, Dir term -24.0001, Δ=-0.1885)
2025-09-23 21:15:34,848 - __main__ - DEBUG - Iter 2: ELBO after β update: -15070.6493 (Init LL -503.5624, Dir term -24.0833, logp(β) -15.8643, Δ=-0.4944)
2025-09-23 21:15:39,999 - __main__ - DEBUG - Iter 3: ELBO after FB: -15070.6493 (LL -4598.0904, Δ=0.0000)
2025-09-23 21:15:39,999 - __main__ - DEBUG - Blending stats with ρ_niw=0.0500, ρ_tr=0.0500.
2025-09-23 21:15:40,047 - __main__ - DEBUG - Iter 3: ELBO after NIW update: -15070.6493 (Emit LL -4085.0604, NIW term -10432.6113, Δ=0.0000)
2025-09-23 21:15:40,094 - __main__ - DEBUG - Iter 3: ELBO after Dirichlet update: -15070.9572 (Trans LL -9.4438, Dir term -24.4155, Δ=-0.3079)
2025-09-23 21:15:40,164 - __main__ - DEBUG - Iter 3: ELBO after β update: -15071.1734 (Init LL -503.6783, Dir term -24.5226, logp(β) -15.8574, Δ=-0.2162)
2025-09-23 21:15:45,309 - __main__ - DEBUG - Iter 4: ELBO after FB: -15071.1734 (LL -4598.1820, Δ=0.0000)
2025-09-23 21:15:45,310 - __main__ - DEBUG - Blending stats with ρ_niw=0.0500, ρ_tr=0.0500.
2025-09-23 21:15:45,358 - __main__ - DEBUG - Iter 4: ELBO after NIW update: -15071.1734 (Emit LL -4085.0604, NIW term -10432.6113, Δ=0.0000)
2025-09-23 21:15:45,405 - __main__ - DEBUG - Iter 4: ELBO after Dirichlet update: -15071.5575 (Trans LL -9.4371, Dir term -24.9134, Δ=-0.3841)
2025-09-23 21:15:45,465 - __main__ - DEBUG - Iter 4: ELBO after β update: -15071.5450 (Init LL -503.6279, Dir term -24.9546, logp(β) -15.8540, Δ=0.0125)
2025-09-23 21:15:45,466 - __main__ - INFO -    HMM refresh complete: ELBO=-42.1250, iters=0, max iters, states=40
2025-09-23 21:15:45,467 - __main__ - INFO -    ✅ HMM updated (next in 12,000 steps)
2025-09-23 21:15:45,467 - __main__ - INFO - 🔄 VAE refresh starting at step 52,224 with replay size 8x1536
2025-09-23 21:15:45,468 - __main__ - INFO -    Using span sampling (12288 timesteps, too large for full buffer)
2025-09-23 21:16:11,679 - __main__ - INFO -    VAE refresh complete: final_loss=2816.6406, avg_loss=2821.3687, steps=4/4, trend=improving, total_timesteps=12288, span_sampling=32_requested×4_steps, span_len=64
2025-09-23 21:16:11,681 - __main__ - INFO -    ✅ VAE updated (next in 12,000 steps)
2025-09-23 21:16:13,958 - __main__ - INFO - 📊 Episodes completed this rollout: 2
2025-09-23 21:16:13,958 - __main__ - INFO - 📈 Episode stats: avg return = 0.23, avg length = 257.5
2025-09-23 21:16:13,958 - __main__ - INFO - 🎯 Top 3 training actions: #0(9678), #2(8832), #5(7387)
2025-09-23 21:16:18,056 - __main__ - INFO - 📊 Episodes completed this rollout: 7
2025-09-23 21:16:18,056 - __main__ - INFO - 📈 Episode stats: avg return = -0.02, avg length = 258.4
2025-09-23 21:16:18,056 - __main__ - INFO - 🎯 Top 3 training actions: #0(9805), #2(8980), #5(7539)
2025-09-23 21:16:22,117 - __main__ - INFO - 📊 Episodes completed this rollout: 6
2025-09-23 21:16:22,117 - __main__ - INFO - 📈 Episode stats: avg return = 0.68, avg length = 151.2
2025-09-23 21:16:22,117 - __main__ - INFO - 🎯 Top 3 training actions: #0(9920), #2(9112), #5(7702)
2025-09-23 21:16:26,136 - __main__ - INFO - 📊 Episodes completed this rollout: 4
2025-09-23 21:16:26,136 - __main__ - INFO - 📈 Episode stats: avg return = -0.04, avg length = 255.5
2025-09-23 21:16:26,136 - __main__ - INFO - 🎯 Top 3 training actions: #0(10032), #2(9219), #5(7873)
2025-09-23 21:16:30,166 - __main__ - INFO - 📊 Episodes completed this rollout: 3
2025-09-23 21:16:30,166 - __main__ - INFO - 📈 Episode stats: avg return = 0.40, avg length = 214.0
2025-09-23 21:16:30,166 - __main__ - INFO - 🎯 Top 3 training actions: #0(10161), #2(9352), #5(8041)
2025-09-23 21:16:34,273 - __main__ - INFO - 📊 Episodes completed this rollout: 6
2025-09-23 21:16:34,274 - __main__ - INFO - 📈 Episode stats: avg return = 0.12, avg length = 213.2
2025-09-23 21:16:34,274 - __main__ - INFO - 🎯 Top 3 training actions: #0(10293), #2(9487), #5(8200)
2025-09-23 21:16:38,257 - __main__ - INFO - 📊 Episodes completed this rollout: 5
2025-09-23 21:16:38,257 - __main__ - INFO - 📈 Episode stats: avg return = 0.35, avg length = 167.0
2025-09-23 21:16:38,257 - __main__ - INFO - 🎯 Top 3 training actions: #0(10446), #2(9631), #5(8358)
2025-09-23 21:16:42,228 - __main__ - INFO - 📊 Episodes completed this rollout: 5
2025-09-23 21:16:42,228 - __main__ - INFO - 📈 Episode stats: avg return = 0.03, avg length = 248.4
2025-09-23 21:16:42,228 - __main__ - INFO - 🎯 Top 3 training actions: #0(10622), #2(9773), #5(8480)
2025-09-23 21:16:43,949 - __main__ - INFO - 🧪 Starting evaluation with 50 episodes...
2025-09-23 21:16:43,949 - __main__ - INFO -    Eval seed: 51
2025-09-23 21:16:43,949 - __main__ - INFO -    Max episode steps (eval): env default
2025-09-23 21:16:43,950 - nle.env.base - INFO - Not saving any NLE data.
2025-09-23 21:16:45,517 - __main__ - DEBUG - 🎯 Eval HMM masking: step 150 masked due to negative reward
2025-09-23 21:16:46,228 - __main__ - DEBUG - 🎯 Eval HMM masking: step 50 masked due to negative reward
2025-09-23 21:16:48,629 - __main__ - DEBUG - 🎯 Eval HMM masking: step 150 masked due to negative reward
2025-09-23 21:16:49,139 - __main__ - DEBUG - 🎯 Eval HMM masking: step 200 masked due to negative reward
2025-09-23 21:16:50,151 - __main__ - WARNING - ⚠️ Episode 3 terminated due to step limit.
2025-09-23 21:16:55,832 - __main__ - WARNING - ⚠️ Episode 6 terminated due to step limit.
2025-09-23 21:17:00,325 - __main__ - WARNING - ⚠️ Episode 8 terminated due to step limit.
2025-09-23 21:17:03,257 - __main__ - DEBUG - 🎯 Eval HMM masking: step 250 masked due to negative reward
2025-09-23 21:17:03,800 - __main__ - WARNING - ⚠️ Episode 10 terminated due to step limit.
2025-09-23 21:17:07,103 - __main__ - WARNING - ⚠️ Episode 11 terminated due to step limit.
2025-09-23 21:17:08,324 - __main__ - DEBUG - 🎯 Eval HMM masking: step 100 masked due to negative reward
2025-09-23 21:17:10,375 - __main__ - WARNING - ⚠️ Episode 12 terminated due to step limit.
2025-09-23 21:17:11,099 - __main__ - DEBUG - 🎯 Eval HMM masking: step 50 masked due to negative reward
2025-09-23 21:17:13,823 - __main__ - WARNING - ⚠️ Episode 13 terminated due to step limit.
2025-09-23 21:17:17,370 - __main__ - DEBUG - 🎯 Eval HMM masking: step 250 masked due to negative reward
2025-09-23 21:17:17,911 - __main__ - WARNING - ⚠️ Episode 16 terminated due to step limit.
2025-09-23 21:17:21,678 - __main__ - WARNING - ⚠️ Episode 18 terminated due to step limit.
2025-09-23 21:17:25,179 - __main__ - WARNING - ⚠️ Episode 19 terminated due to step limit.
2025-09-23 21:17:27,989 - __main__ - DEBUG - 🎯 Eval HMM masking: step 250 masked due to negative reward
2025-09-23 21:17:28,494 - __main__ - WARNING - ⚠️ Episode 20 terminated due to step limit.
2025-09-23 21:17:31,761 - __main__ - WARNING - ⚠️ Episode 21 terminated due to step limit.
2025-09-23 21:17:35,044 - __main__ - WARNING - ⚠️ Episode 22 terminated due to step limit.
2025-09-23 21:17:38,870 - __main__ - DEBUG - 🎯 Eval HMM masking: step 200 masked due to negative reward
2025-09-23 21:17:39,908 - __main__ - WARNING - ⚠️ Episode 24 terminated due to step limit.
2025-09-23 21:17:47,681 - __main__ - WARNING - ⚠️ Episode 28 terminated due to step limit.
2025-09-23 21:17:55,521 - __main__ - DEBUG - 🎯 Eval HMM masking: step 50 masked due to negative reward
2025-09-23 21:18:00,264 - __main__ - DEBUG - 🎯 Eval HMM masking: step 200 masked due to negative reward
2025-09-23 21:18:01,285 - __main__ - WARNING - ⚠️ Episode 34 terminated due to step limit.
2025-09-23 21:18:04,577 - __main__ - WARNING - ⚠️ Episode 35 terminated due to step limit.
2025-09-23 21:18:05,281 - __main__ - DEBUG - 🎯 Eval HMM masking: step 50 masked due to negative reward
2025-09-23 21:18:07,901 - __main__ - WARNING - ⚠️ Episode 36 terminated due to step limit.
2025-09-23 21:18:11,806 - __main__ - DEBUG - 🎯 Eval HMM masking: step 100 masked due to negative reward
2025-09-23 21:18:12,322 - __main__ - DEBUG - 🎯 Eval HMM masking: step 150 masked due to negative reward
2025-09-23 21:18:13,867 - __main__ - WARNING - ⚠️ Episode 38 terminated due to step limit.
2025-09-23 21:18:17,278 - __main__ - DEBUG - 🎯 Eval HMM masking: step 200 masked due to negative reward
2025-09-23 21:18:18,302 - __main__ - WARNING - ⚠️ Episode 40 terminated due to step limit.
2025-09-23 21:18:18,992 - __main__ - DEBUG - 🎯 Eval HMM masking: step 50 masked due to negative reward
2025-09-23 21:18:21,674 - __main__ - WARNING - ⚠️ Episode 41 terminated due to step limit.
2025-09-23 21:18:25,059 - __main__ - WARNING - ⚠️ Episode 42 terminated due to step limit.
2025-09-23 21:18:29,716 - __main__ - DEBUG - 🎯 Eval HMM masking: step 50 masked due to negative reward
2025-09-23 21:18:32,271 - __main__ - WARNING - ⚠️ Episode 46 terminated due to step limit.
2025-09-23 21:18:33,503 - __main__ - DEBUG - 🎯 Eval HMM masking: step 100 masked due to negative reward
2025-09-23 21:18:35,608 - __main__ - WARNING - ⚠️ Episode 47 terminated due to step limit.
2025-09-23 21:18:36,283 - __main__ - DEBUG - 🎯 Eval HMM masking: step 50 masked due to negative reward
2025-09-23 21:18:40,436 - __main__ - DEBUG - 🎯 Eval HMM masking: step 100 masked due to negative reward
2025-09-23 21:18:41,114 - __main__ - INFO - 📊 Evaluation Results (Current Round):
2025-09-23 21:18:41,115 - __main__ - INFO -    Episodes: 50
2025-09-23 21:18:41,115 - __main__ - INFO -    Time: 117.2s (2.3s/ep)
2025-09-23 21:18:41,115 - __main__ - INFO -    Average Return: 0.286 ± 0.617
2025-09-23 21:18:41,115 - __main__ - INFO -    Success Rate: 52.0%
2025-09-23 21:18:41,115 - __main__ - INFO -    Average Length: 212.7
2025-09-23 21:18:41,115 - __main__ - INFO -    Average Coverage: 79.1 positions
2025-09-23 21:18:41,115 - __main__ - INFO -    Episode Completions: 26 terminated (52.0%), 24 truncated (48.0%)
2025-09-23 21:18:41,115 - __main__ - INFO - 📈 Total Evaluation Statistics:
2025-09-23 21:18:41,115 - __main__ - INFO -    Total Episodes: 300
2025-09-23 21:18:41,115 - __main__ - INFO -    Total Average Return: 0.076 ± 0.645
2025-09-23 21:18:41,116 - __main__ - INFO -    Total Average Length: 236.0 ± 95.2
2025-09-23 21:18:41,116 - __main__ - INFO -    Total Completions: 121 terminated (40.3%), 179 truncated (59.7%)
2025-09-23 21:18:41,116 - __main__ - INFO -    Skill Entropy: 0.001
2025-09-23 21:18:41,116 - __main__ - INFO -    Used Skills: 1.0
2025-09-23 21:18:41,116 - __main__ - INFO -    Effective K: 1.00
2025-09-23 21:18:41,116 - __main__ - INFO - 🎯 Action Usage Statistics:
2025-09-23 21:18:41,116 - __main__ - INFO -    Unique actions in evaluation: 8
2025-09-23 21:18:41,116 - __main__ - INFO -    Unique actions in training: 8
2025-09-23 21:18:41,116 - __main__ - INFO -    Total unique actions: 8
2025-09-23 21:18:41,116 - __main__ - INFO -    Action coverage: 6.6%
2025-09-23 21:18:41,116 - __main__ - INFO -    Train action count: 60416
2025-09-23 21:18:41,117 - __main__ - INFO -    Eval action count: 70799
2025-09-23 21:18:41,117 - __main__ - INFO -    Train action entropy: 2.044
2025-09-23 21:18:41,117 - __main__ - INFO -    Eval action entropy: 2.034
2025-09-23 21:18:41,117 - __main__ - INFO -    Top 3 train actions: #0(10622), #2(9773), #5(8480)
2025-09-23 21:18:41,118 - __main__ - INFO -    Top 3 eval actions: #2(12735), #0(12622), #5(10296)
2025-09-23 21:18:43,451 - __main__ - INFO - 📊 Episodes completed this rollout: 5
2025-09-23 21:18:43,452 - __main__ - INFO - 📈 Episode stats: avg return = 0.41, avg length = 175.8
2025-09-23 21:18:43,452 - __main__ - INFO - 🎯 Top 3 training actions: #0(10801), #2(9931), #5(8610)
2025-09-23 21:18:47,567 - __main__ - INFO - 📊 Episodes completed this rollout: 5
2025-09-23 21:18:47,568 - __main__ - INFO - 📈 Episode stats: avg return = 0.22, avg length = 224.0
2025-09-23 21:18:47,568 - __main__ - INFO - 🎯 Top 3 training actions: #0(11021), #2(10077), #5(8741)
2025-09-23 21:18:51,652 - __main__ - INFO - 📊 Episodes completed this rollout: 4
2025-09-23 21:18:51,652 - __main__ - INFO - 📈 Episode stats: avg return = 0.02, avg length = 250.5
2025-09-23 21:18:51,652 - __main__ - INFO - 🎯 Top 3 training actions: #0(11232), #2(10235), #5(8882)
2025-09-23 21:18:55,693 - __main__ - INFO - 📊 Episodes completed this rollout: 3
2025-09-23 21:18:55,693 - __main__ - INFO - 📈 Episode stats: avg return = 0.01, avg length = 287.7
2025-09-23 21:18:55,693 - __main__ - INFO - 🎯 Top 3 training actions: #0(11477), #2(10390), #5(9062)
2025-09-23 21:18:57,463 - __main__ - INFO - 🔄 Synchronized model update at step 64,512
2025-09-23 21:18:57,464 - __main__ - INFO -    HMM interval: 12,000, VAE interval: 12,000
2025-09-23 21:18:57,465 - __main__ - INFO - 🚫 Model training masking: 900/12288 timesteps masked (7.3%) due to negative rewards (invalid actions)
2025-09-23 21:18:57,825 - __main__ - INFO - 🔄 Capping HMM batch size from 642 to 128 to prevent OOM
2025-09-23 21:18:57,825 - __main__ - INFO - 🔄 HMM refresh starting at step 64,512 with replay size 128x114
2025-09-23 21:19:04,264 - __main__ - DEBUG - Initial ELBO: -13875.6766
2025-09-23 21:19:04,268 - __main__ - DEBUG - Relative tol: 0.0100
2025-09-23 21:19:04,268 - __main__ - DEBUG - Relative elbo_drop_tol: 0.0100
2025-09-23 21:19:04,268 - __main__ - DEBUG - - Init -502.6259
2025-09-23 21:19:04,268 - __main__ - DEBUG - - Trans -9.6337
2025-09-23 21:19:04,268 - __main__ - DEBUG - - Emit -2891.3278
2025-09-23 21:19:04,268 - __main__ - DEBUG - - Entropy 0.0007
2025-09-23 21:19:04,268 - __main__ - DEBUG - - Dir -23.6261
2025-09-23 21:19:04,268 - __main__ - DEBUG - - NIW -10432.6113
2025-09-23 21:19:04,268 - __main__ - DEBUG - - Beta prior -15.8526
2025-09-23 21:19:11,062 - __main__ - DEBUG - Iter 0: ELBO after FB: -13875.6766 (LL -3403.5867, Δ=0.0000)
2025-09-23 21:19:11,062 - __main__ - DEBUG - Blending stats with ρ_niw=0.0500, ρ_tr=0.0500.
2025-09-23 21:19:11,111 - __main__ - DEBUG - Iter 0: ELBO after NIW update: -10676.9039 (Emit LL 771.7028, NIW term -10896.8691, Δ=3198.7727)
2025-09-23 21:19:11,159 - __main__ - DEBUG - Iter 0: ELBO after Dirichlet update: -10676.6701 (Trans LL -9.1898, Dir term -23.8362, Δ=0.2337)
2025-09-23 21:19:11,227 - __main__ - DEBUG - Iter 0: ELBO after β update: -10677.2874 (Init LL -503.2067, Dir term -23.8618, logp(β) -15.8634, Δ=-0.6172)
2025-09-23 21:19:18,311 - __main__ - DEBUG - Iter 1: ELBO after FB: -10677.2874 (LL 259.3069, Δ=0.0000)
2025-09-23 21:19:18,312 - __main__ - DEBUG - Blending stats with ρ_niw=0.0500, ρ_tr=0.0500.
2025-09-23 21:19:18,360 - __main__ - DEBUG - Iter 1: ELBO after NIW update: -10677.2874 (Emit LL 771.7028, NIW term -10896.8691, Δ=0.0000)
2025-09-23 21:19:18,409 - __main__ - DEBUG - Iter 1: ELBO after Dirichlet update: -10677.3535 (Trans LL -9.1560, Dir term -23.9618, Δ=-0.0661)
2025-09-23 21:19:18,480 - __main__ - DEBUG - Iter 1: ELBO after β update: -10677.9457 (Init LL -503.7352, Dir term -24.0156, logp(β) -15.8731, Δ=-0.5922)
2025-09-23 21:19:25,175 - __main__ - DEBUG - Iter 2: ELBO after FB: -10677.9457 (LL 258.8122, Δ=0.0000)
2025-09-23 21:19:25,176 - __main__ - DEBUG - Blending stats with ρ_niw=0.0500, ρ_tr=0.0500.
2025-09-23 21:19:25,225 - __main__ - DEBUG - Iter 2: ELBO after NIW update: -10677.9457 (Emit LL 771.7028, NIW term -10896.8691, Δ=0.0000)
2025-09-23 21:19:25,274 - __main__ - DEBUG - Iter 2: ELBO after Dirichlet update: -10678.1451 (Trans LL -9.1256, Dir term -24.2455, Δ=-0.1994)
2025-09-23 21:19:25,343 - __main__ - DEBUG - Iter 2: ELBO after β update: -10678.6509 (Init LL -504.1378, Dir term -24.3471, logp(β) -15.8748, Δ=-0.5058)
2025-09-23 21:19:32,104 - __main__ - DEBUG - Iter 3: ELBO after FB: -10678.6509 (LL 258.4401, Δ=0.0000)
2025-09-23 21:19:32,105 - __main__ - DEBUG - Blending stats with ρ_niw=0.0500, ρ_tr=0.0500.
2025-09-23 21:19:32,156 - __main__ - DEBUG - Iter 3: ELBO after NIW update: -10678.6509 (Emit LL 771.7028, NIW term -10896.8691, Δ=0.0000)
2025-09-23 21:19:32,208 - __main__ - DEBUG - Iter 3: ELBO after Dirichlet update: -10678.9454 (Trans LL -9.1028, Dir term -24.6643, Δ=-0.2944)
2025-09-23 21:19:32,270 - __main__ - DEBUG - Iter 3: ELBO after β update: -10678.9756 (Init LL -504.1251, Dir term -24.7117, logp(β) -15.8704, Δ=-0.0302)
2025-09-23 21:19:39,323 - __main__ - DEBUG - Iter 4: ELBO after FB: -10678.9756 (LL 258.4756, Δ=0.0000)
2025-09-23 21:19:39,324 - __main__ - DEBUG - Blending stats with ρ_niw=0.0500, ρ_tr=0.0500.
2025-09-23 21:19:39,373 - __main__ - DEBUG - Iter 4: ELBO after NIW update: -10678.9756 (Emit LL 771.7028, NIW term -10896.8691, Δ=0.0000)
2025-09-23 21:19:39,423 - __main__ - DEBUG - Iter 4: ELBO after Dirichlet update: -10679.1984 (Trans LL -9.1036, Dir term -24.9336, Δ=-0.2228)
2025-09-23 21:19:39,485 - __main__ - DEBUG - Iter 4: ELBO after β update: -10679.3803 (Init LL -504.2376, Dir term -25.0083, logp(β) -15.8651, Δ=-0.1818)
2025-09-23 21:19:39,486 - __main__ - INFO -    HMM refresh complete: ELBO=-3.7100, iters=0, max iters, states=40
2025-09-23 21:19:39,487 - __main__ - INFO -    ✅ HMM updated (next in 12,000 steps)
2025-09-23 21:19:39,487 - __main__ - INFO - 🔄 VAE refresh starting at step 64,512 with replay size 8x1536
2025-09-23 21:19:39,487 - __main__ - INFO -    Using span sampling (12288 timesteps, too large for full buffer)
2025-09-23 21:20:06,204 - __main__ - INFO -    VAE refresh complete: final_loss=2812.4697, avg_loss=2813.9389, steps=4/4, trend=improving, total_timesteps=12288, span_sampling=32_requested×4_steps, span_len=64
2025-09-23 21:20:06,206 - __main__ - INFO -    ✅ VAE updated (next in 12,000 steps)
2025-09-23 21:20:08,477 - __main__ - INFO - 📊 Episodes completed this rollout: 4
2025-09-23 21:20:08,477 - __main__ - INFO - 📈 Episode stats: avg return = 0.01, avg length = 236.2
2025-09-23 21:20:08,477 - __main__ - INFO - 🎯 Top 3 training actions: #0(11710), #2(10556), #5(9229)
2025-09-23 21:20:12,610 - __main__ - INFO - 📊 Episodes completed this rollout: 7
2025-09-23 21:20:12,610 - __main__ - INFO - 📈 Episode stats: avg return = 0.42, avg length = 202.7
2025-09-23 21:20:12,610 - __main__ - INFO - 🎯 Top 3 training actions: #0(11886), #2(10717), #5(9412)
2025-09-23 21:20:16,633 - __main__ - INFO - 📊 Episodes completed this rollout: 6
2025-09-23 21:20:16,633 - __main__ - INFO - 📈 Episode stats: avg return = 0.62, avg length = 174.0
2025-09-23 21:20:16,633 - __main__ - INFO - 🎯 Top 3 training actions: #0(12113), #2(10889), #5(9568)
2025-09-23 21:20:20,672 - __main__ - INFO - 📊 Episodes completed this rollout: 2
2025-09-23 21:20:20,672 - __main__ - INFO - 📈 Episode stats: avg return = -0.15, avg length = 300.0
2025-09-23 21:20:20,672 - __main__ - INFO - 🎯 Top 3 training actions: #0(12324), #2(11088), #5(9721)
2025-09-23 21:20:24,751 - __main__ - INFO - 📊 Episodes completed this rollout: 3
2025-09-23 21:20:24,751 - __main__ - INFO - 📈 Episode stats: avg return = -0.52, avg length = 300.0
2025-09-23 21:20:24,751 - __main__ - INFO - 🎯 Top 3 training actions: #0(12545), #2(11287), #5(9856)
2025-09-23 21:20:28,827 - __main__ - INFO - 📊 Episodes completed this rollout: 5
2025-09-23 21:20:28,827 - __main__ - INFO - 📈 Episode stats: avg return = -0.14, avg length = 244.6
2025-09-23 21:20:28,827 - __main__ - INFO - 🎯 Top 3 training actions: #0(12770), #2(11502), #5(9978)
2025-09-23 21:20:30,603 - __main__ - INFO - 🧪 Starting evaluation with 50 episodes...
2025-09-23 21:20:30,603 - __main__ - INFO -    Eval seed: 51
2025-09-23 21:20:30,603 - __main__ - INFO -    Max episode steps (eval): env default
2025-09-23 21:20:30,604 - nle.env.base - INFO - Not saving any NLE data.
2025-09-23 21:20:32,786 - __main__ - DEBUG - 🎯 Eval HMM masking: step 200 masked due to negative reward
2025-09-23 21:20:33,874 - __main__ - WARNING - ⚠️ Episode 1 terminated due to step limit.
2025-09-23 21:20:37,292 - __main__ - WARNING - ⚠️ Episode 2 terminated due to step limit.
2025-09-23 21:20:38,812 - __main__ - DEBUG - 🎯 Eval HMM masking: step 100 masked due to negative reward
2025-09-23 21:20:40,116 - __main__ - DEBUG - 🎯 Eval HMM masking: step 50 masked due to negative reward
2025-09-23 21:20:42,499 - __main__ - DEBUG - 🎯 Eval HMM masking: step 50 masked due to negative reward
2025-09-23 21:20:43,613 - __main__ - DEBUG - 🎯 Eval HMM masking: step 150 masked due to negative reward
2025-09-23 21:20:45,209 - __main__ - WARNING - ⚠️ Episode 8 terminated due to step limit.
2025-09-23 21:20:48,501 - __main__ - WARNING - ⚠️ Episode 9 terminated due to step limit.
2025-09-23 21:20:50,463 - __main__ - DEBUG - 🎯 Eval HMM masking: step 50 masked due to negative reward
2025-09-23 21:20:51,558 - __main__ - DEBUG - 🎯 Eval HMM masking: step 150 masked due to negative reward
2025-09-23 21:20:53,189 - __main__ - WARNING - ⚠️ Episode 11 terminated due to step limit.
2025-09-23 21:20:54,448 - __main__ - DEBUG - 🎯 Eval HMM masking: step 100 masked due to negative reward
2025-09-23 21:20:56,111 - __main__ - DEBUG - 🎯 Eval HMM masking: step 250 masked due to negative reward
2025-09-23 21:20:56,647 - __main__ - WARNING - ⚠️ Episode 12 terminated due to step limit.
2025-09-23 21:21:00,065 - __main__ - WARNING - ⚠️ Episode 13 terminated due to step limit.
2025-09-23 21:21:01,315 - __main__ - DEBUG - 🎯 Eval HMM masking: step 100 masked due to negative reward
2025-09-23 21:21:01,845 - __main__ - DEBUG - 🎯 Eval HMM masking: step 150 masked due to negative reward
2025-09-23 21:21:03,391 - __main__ - WARNING - ⚠️ Episode 14 terminated due to step limit.
2025-09-23 21:21:06,753 - __main__ - WARNING - ⚠️ Episode 15 terminated due to step limit.
2025-09-23 21:21:09,992 - __main__ - WARNING - ⚠️ Episode 16 terminated due to step limit.
2025-09-23 21:21:13,234 - __main__ - WARNING - ⚠️ Episode 17 terminated due to step limit.
2025-09-23 21:21:17,075 - __main__ - WARNING - ⚠️ Episode 19 terminated due to step limit.
2025-09-23 21:21:20,316 - __main__ - WARNING - ⚠️ Episode 20 terminated due to step limit.
2025-09-23 21:21:23,563 - __main__ - WARNING - ⚠️ Episode 21 terminated due to step limit.
2025-09-23 21:21:24,245 - __main__ - DEBUG - 🎯 Eval HMM masking: step 50 masked due to negative reward
2025-09-23 21:21:26,810 - __main__ - WARNING - ⚠️ Episode 22 terminated due to step limit.
2025-09-23 21:21:30,079 - __main__ - WARNING - ⚠️ Episode 23 terminated due to step limit.
2025-09-23 21:21:32,310 - __main__ - DEBUG - 🎯 Eval HMM masking: step 50 masked due to negative reward
2025-09-23 21:21:32,824 - __main__ - DEBUG - 🎯 Eval HMM masking: step 100 masked due to negative reward
2025-09-23 21:21:37,769 - __main__ - DEBUG - 🎯 Eval HMM masking: step 100 masked due to negative reward
2025-09-23 21:21:39,818 - __main__ - WARNING - ⚠️ Episode 30 terminated due to step limit.
2025-09-23 21:21:45,113 - __main__ - WARNING - ⚠️ Episode 34 terminated due to step limit.
2025-09-23 21:21:47,907 - __main__ - DEBUG - 🎯 Eval HMM masking: step 250 masked due to negative reward
2025-09-23 21:21:48,440 - __main__ - WARNING - ⚠️ Episode 35 terminated due to step limit.
2025-09-23 21:21:51,764 - __main__ - WARNING - ⚠️ Episode 36 terminated due to step limit.
2025-09-23 21:21:54,076 - __main__ - DEBUG - 🎯 Eval HMM masking: step 200 masked due to negative reward
2025-09-23 21:21:55,141 - __main__ - WARNING - ⚠️ Episode 37 terminated due to step limit.
2025-09-23 21:22:01,398 - __main__ - DEBUG - 🎯 Eval HMM masking: step 250 masked due to negative reward
2025-09-23 21:22:01,901 - __main__ - WARNING - ⚠️ Episode 40 terminated due to step limit.
2025-09-23 21:22:05,357 - __main__ - DEBUG - 🎯 Eval HMM masking: step 50 masked due to negative reward
2025-09-23 21:22:06,900 - __main__ - DEBUG - 🎯 Eval HMM masking: step 200 masked due to negative reward
2025-09-23 21:22:07,920 - __main__ - WARNING - ⚠️ Episode 42 terminated due to step limit.
2025-09-23 21:22:11,192 - __main__ - WARNING - ⚠️ Episode 43 terminated due to step limit.
2025-09-23 21:22:14,462 - __main__ - WARNING - ⚠️ Episode 44 terminated due to step limit.
2025-09-23 21:22:17,759 - __main__ - WARNING - ⚠️ Episode 45 terminated due to step limit.
2025-09-23 21:22:21,271 - __main__ - WARNING - ⚠️ Episode 48 terminated due to step limit.
2025-09-23 21:22:24,918 - __main__ - INFO - 📊 Evaluation Results (Current Round):
2025-09-23 21:22:24,918 - __main__ - INFO -    Episodes: 50
2025-09-23 21:22:24,918 - __main__ - INFO -    Time: 114.3s (2.3s/ep)
2025-09-23 21:22:24,919 - __main__ - INFO -    Average Return: 0.210 ± 0.650
2025-09-23 21:22:24,919 - __main__ - INFO -    Success Rate: 46.0%
2025-09-23 21:22:24,919 - __main__ - INFO -    Average Length: 207.0
2025-09-23 21:22:24,919 - __main__ - INFO -    Average Coverage: 66.9 positions
2025-09-23 21:22:24,919 - __main__ - INFO -    Episode Completions: 23 terminated (46.0%), 27 truncated (54.0%)
2025-09-23 21:22:24,919 - __main__ - INFO - 📈 Total Evaluation Statistics:
2025-09-23 21:22:24,919 - __main__ - INFO -    Total Episodes: 350
2025-09-23 21:22:24,919 - __main__ - INFO -    Total Average Return: 0.095 ± 0.648
2025-09-23 21:22:24,919 - __main__ - INFO -    Total Average Length: 231.9 ± 98.7
2025-09-23 21:22:24,919 - __main__ - INFO -    Total Completions: 144 terminated (41.1%), 206 truncated (58.9%)
2025-09-23 21:22:24,919 - __main__ - INFO -    Skill Entropy: 0.001
2025-09-23 21:22:24,920 - __main__ - INFO -    Used Skills: 1.0
2025-09-23 21:22:24,920 - __main__ - INFO -    Effective K: 1.00
2025-09-23 21:22:24,920 - __main__ - INFO - 🎯 Action Usage Statistics:
2025-09-23 21:22:24,920 - __main__ - INFO -    Unique actions in evaluation: 8
2025-09-23 21:22:24,920 - __main__ - INFO -    Unique actions in training: 8
2025-09-23 21:22:24,920 - __main__ - INFO -    Total unique actions: 8
2025-09-23 21:22:24,920 - __main__ - INFO -    Action coverage: 6.6%
2025-09-23 21:22:24,920 - __main__ - INFO -    Train action count: 70656
2025-09-23 21:22:24,920 - __main__ - INFO -    Eval action count: 81150
2025-09-23 21:22:24,921 - __main__ - INFO -    Train action entropy: 2.041
2025-09-23 21:22:24,921 - __main__ - INFO -    Eval action entropy: 2.033
2025-09-23 21:22:24,921 - __main__ - INFO -    Top 3 train actions: #0(12770), #2(11502), #5(9978)
2025-09-23 21:22:24,921 - __main__ - INFO -    Top 3 eval actions: #2(14945), #0(14346), #5(11776)
2025-09-23 21:22:27,221 - __main__ - INFO - 📊 Episodes completed this rollout: 5
2025-09-23 21:22:27,221 - __main__ - INFO - 📈 Episode stats: avg return = -0.14, avg length = 282.4
2025-09-23 21:22:27,221 - __main__ - INFO - 🎯 Top 3 training actions: #0(12937), #2(11706), #5(10115)
2025-09-23 21:22:31,265 - __main__ - INFO - 📊 Episodes completed this rollout: 3
2025-09-23 21:22:31,265 - __main__ - INFO - 📈 Episode stats: avg return = 0.17, avg length = 210.7
2025-09-23 21:22:31,265 - __main__ - INFO - 🎯 Top 3 training actions: #0(13104), #2(11899), #5(10265)
2025-09-23 21:22:35,282 - __main__ - INFO - 📊 Episodes completed this rollout: 3
2025-09-23 21:22:35,283 - __main__ - INFO - 📈 Episode stats: avg return = 0.07, avg length = 225.0
2025-09-23 21:22:35,283 - __main__ - INFO - 🎯 Top 3 training actions: #0(13275), #2(12087), #5(10436)
2025-09-23 21:22:39,361 - __main__ - INFO - 📊 Episodes completed this rollout: 10
2025-09-23 21:22:39,361 - __main__ - INFO - 📈 Episode stats: avg return = 0.28, avg length = 185.4
2025-09-23 21:22:39,361 - __main__ - INFO - 🎯 Top 3 training actions: #0(13437), #2(12265), #5(10594)
2025-09-23 21:22:43,338 - __main__ - INFO - 📊 Episodes completed this rollout: 4
2025-09-23 21:22:43,339 - __main__ - INFO - 📈 Episode stats: avg return = 0.21, avg length = 234.8
2025-09-23 21:22:43,339 - __main__ - INFO - 🎯 Top 3 training actions: #0(13594), #2(12435), #5(10739)
2025-09-23 21:22:47,361 - __main__ - INFO - 📊 Episodes completed this rollout: 3
2025-09-23 21:22:47,361 - __main__ - INFO - 📈 Episode stats: avg return = -0.01, avg length = 220.7
2025-09-23 21:22:47,362 - __main__ - INFO - 🎯 Top 3 training actions: #0(13777), #2(12596), #5(10858)
2025-09-23 21:22:49,166 - __main__ - INFO - 🔄 Synchronized model update at step 76,800
2025-09-23 21:22:49,166 - __main__ - INFO -    HMM interval: 12,000, VAE interval: 12,000
2025-09-23 21:22:49,167 - __main__ - INFO - 🚫 Model training masking: 1548/12288 timesteps masked (12.6%) due to negative rewards (invalid actions)
2025-09-23 21:22:49,549 - __main__ - INFO - 🔄 Capping HMM batch size from 992 to 128 to prevent OOM
2025-09-23 21:22:49,550 - __main__ - INFO - 🔄 HMM refresh starting at step 76,800 with replay size 128x96
2025-09-23 21:22:55,079 - __main__ - DEBUG - Initial ELBO: -10736.3611
2025-09-23 21:22:55,082 - __main__ - DEBUG - Relative tol: 0.0100
2025-09-23 21:22:55,083 - __main__ - DEBUG - Relative elbo_drop_tol: 0.0100
2025-09-23 21:22:55,083 - __main__ - DEBUG - - Init -503.2067
2025-09-23 21:22:55,083 - __main__ - DEBUG - - Trans -4.9655
2025-09-23 21:22:55,083 - __main__ - DEBUG - - Emit 708.4048
2025-09-23 21:22:55,083 - __main__ - DEBUG - - Entropy 0.0006
2025-09-23 21:22:55,083 - __main__ - DEBUG - - Dir -23.8618
2025-09-23 21:22:55,083 - __main__ - DEBUG - - NIW -10896.8691
2025-09-23 21:22:55,083 - __main__ - DEBUG - - Beta prior -15.8634
2025-09-23 21:23:00,737 - __main__ - DEBUG - Iter 0: ELBO after FB: -10736.3611 (LL 200.2332, Δ=0.0000)
2025-09-23 21:23:00,738 - __main__ - DEBUG - Blending stats with ρ_niw=0.0500, ρ_tr=0.0500.
2025-09-23 21:23:00,786 - __main__ - DEBUG - Iter 0: ELBO after NIW update: -9586.6539 (Emit LL 2013.6785, NIW term -11052.4355, Δ=1149.7073)
2025-09-23 21:23:00,834 - __main__ - DEBUG - Iter 0: ELBO after Dirichlet update: -9586.6318 (Trans LL -4.9619, Dir term -23.8434, Δ=0.0220)
2025-09-23 21:23:00,902 - __main__ - DEBUG - Iter 0: ELBO after β update: -9587.2425 (Init LL -503.7932, Dir term -23.8566, logp(β) -15.8743, Δ=-0.6106)
2025-09-23 21:23:06,695 - __main__ - DEBUG - Iter 1: ELBO after FB: -9587.2425 (LL 1504.9240, Δ=0.0000)
2025-09-23 21:23:06,696 - __main__ - DEBUG - Blending stats with ρ_niw=0.0500, ρ_tr=0.0500.
2025-09-23 21:23:06,746 - __main__ - DEBUG - Iter 1: ELBO after NIW update: -9587.2425 (Emit LL 2013.6785, NIW term -11052.4355, Δ=0.0000)
2025-09-23 21:23:06,796 - __main__ - DEBUG - Iter 1: ELBO after Dirichlet update: -9587.3437 (Trans LL -4.9436, Dir term -23.9761, Δ=-0.1012)
2025-09-23 21:23:06,869 - __main__ - DEBUG - Iter 1: ELBO after β update: -9587.9191 (Init LL -504.2784, Dir term -24.0567, logp(β) -15.8839, Δ=-0.5754)
2025-09-23 21:23:12,846 - __main__ - DEBUG - Iter 2: ELBO after FB: -9587.9191 (LL 1504.4571, Δ=0.0000)
2025-09-23 21:23:12,847 - __main__ - DEBUG - Blending stats with ρ_niw=0.0500, ρ_tr=0.0500.
2025-09-23 21:23:12,895 - __main__ - DEBUG - Iter 2: ELBO after NIW update: -9587.9191 (Emit LL 2013.6785, NIW term -11052.4355, Δ=0.0000)
2025-09-23 21:23:12,944 - __main__ - DEBUG - Iter 2: ELBO after Dirichlet update: -9588.0941 (Trans LL -4.9290, Dir term -24.2463, Δ=-0.1750)
2025-09-23 21:23:13,013 - __main__ - DEBUG - Iter 2: ELBO after β update: -9588.5783 (Init LL -504.6792, Dir term -24.3282, logp(β) -15.8854, Δ=-0.4842)
2025-09-23 21:23:18,882 - __main__ - DEBUG - Iter 3: ELBO after FB: -9588.5783 (LL 1504.0709, Δ=0.0000)
2025-09-23 21:23:18,883 - __main__ - DEBUG - Blending stats with ρ_niw=0.0500, ρ_tr=0.0500.
2025-09-23 21:23:18,931 - __main__ - DEBUG - Iter 3: ELBO after NIW update: -9588.5783 (Emit LL 2013.6785, NIW term -11052.4355, Δ=0.0000)
2025-09-23 21:23:18,979 - __main__ - DEBUG - Iter 3: ELBO after Dirichlet update: -9588.9108 (Trans LL -4.9162, Dir term -24.6735, Δ=-0.3324)
2025-09-23 21:23:19,049 - __main__ - DEBUG - Iter 3: ELBO after β update: -9589.1069 (Init LL -504.7972, Dir term -24.7590, logp(β) -15.8779, Δ=-0.1961)
2025-09-23 21:23:24,905 - __main__ - DEBUG - Iter 4: ELBO after FB: -9589.1069 (LL 1503.9656, Δ=0.0000)
2025-09-23 21:23:24,906 - __main__ - DEBUG - Blending stats with ρ_niw=0.0500, ρ_tr=0.0500.
2025-09-23 21:23:24,954 - __main__ - DEBUG - Iter 4: ELBO after NIW update: -9589.1069 (Emit LL 2013.6785, NIW term -11052.4355, Δ=0.0000)
2025-09-23 21:23:25,002 - __main__ - DEBUG - Iter 4: ELBO after Dirichlet update: -9589.5086 (Trans LL -4.9125, Dir term -25.1644, Δ=-0.4017)
2025-09-23 21:23:25,062 - __main__ - DEBUG - Iter 4: ELBO after β update: -9589.4825 (Init LL -504.7228, Dir term -25.2166, logp(β) -15.8740, Δ=0.0261)
2025-09-23 21:23:25,063 - __main__ - INFO -    HMM refresh complete: ELBO=0.8183, iters=0, max iters, states=40
2025-09-23 21:23:25,064 - __main__ - INFO -    ✅ HMM updated (next in 12,000 steps)
2025-09-23 21:23:25,064 - __main__ - INFO - 🔄 VAE refresh starting at step 76,800 with replay size 8x1536
2025-09-23 21:23:25,065 - __main__ - INFO -    Using span sampling (12288 timesteps, too large for full buffer)
2025-09-23 21:23:49,941 - __main__ - INFO -    VAE refresh complete: final_loss=2793.4075, avg_loss=2793.6426, steps=4/4, trend=improving, total_timesteps=12288, span_sampling=32_requested×4_steps, span_len=64
2025-09-23 21:23:49,943 - __main__ - INFO -    ✅ VAE updated (next in 12,000 steps)
2025-09-23 21:23:52,326 - __main__ - INFO - 📊 Episodes completed this rollout: 8
2025-09-23 21:23:52,326 - __main__ - INFO - 📈 Episode stats: avg return = 0.43, avg length = 148.2
2025-09-23 21:23:52,326 - __main__ - INFO - 🎯 Top 3 training actions: #0(13925), #2(12753), #5(10981)
2025-09-23 21:23:56,438 - __main__ - INFO - 📊 Episodes completed this rollout: 7
2025-09-23 21:23:56,438 - __main__ - INFO - 📈 Episode stats: avg return = 0.57, avg length = 136.6
2025-09-23 21:23:56,438 - __main__ - INFO - 🎯 Top 3 training actions: #0(14074), #2(12910), #5(11111)
2025-09-23 21:24:00,569 - __main__ - INFO - 📊 Episodes completed this rollout: 7
2025-09-23 21:24:00,569 - __main__ - INFO - 📈 Episode stats: avg return = 0.36, avg length = 214.1
2025-09-23 21:24:00,569 - __main__ - INFO - 🎯 Top 3 training actions: #0(14211), #2(13074), #5(11248)
2025-09-23 21:24:04,562 - __main__ - INFO - 📊 Episodes completed this rollout: 2
2025-09-23 21:24:04,562 - __main__ - INFO - 📈 Episode stats: avg return = 0.33, avg length = 152.0
2025-09-23 21:24:04,562 - __main__ - INFO - 🎯 Top 3 training actions: #0(14378), #2(13220), #5(11387)
2025-09-23 21:24:06,357 - __main__ - INFO - 🧪 Starting evaluation with 50 episodes...
2025-09-23 21:24:06,357 - __main__ - INFO -    Eval seed: 51
2025-09-23 21:24:06,357 - __main__ - INFO -    Max episode steps (eval): env default
2025-09-23 21:24:06,358 - nle.env.base - INFO - Not saving any NLE data.
2025-09-23 21:24:07,976 - __main__ - DEBUG - 🎯 Eval HMM masking: step 150 masked due to negative reward
2025-09-23 21:24:08,517 - __main__ - DEBUG - 🎯 Eval HMM masking: step 200 masked due to negative reward
2025-09-23 21:24:09,034 - __main__ - DEBUG - 🎯 Eval HMM masking: step 250 masked due to negative reward
2025-09-23 21:24:09,559 - __main__ - WARNING - ⚠️ Episode 1 terminated due to step limit.
2025-09-23 21:24:12,899 - __main__ - WARNING - ⚠️ Episode 2 terminated due to step limit.
2025-09-23 21:24:14,567 - __main__ - DEBUG - 🎯 Eval HMM masking: step 100 masked due to negative reward
2025-09-23 21:24:15,643 - __main__ - DEBUG - 🎯 Eval HMM masking: step 200 masked due to negative reward
2025-09-23 21:24:16,696 - __main__ - WARNING - ⚠️ Episode 4 terminated due to step limit.
2025-09-23 21:24:20,409 - __main__ - WARNING - ⚠️ Episode 6 terminated due to step limit.
2025-09-23 21:24:23,810 - __main__ - WARNING - ⚠️ Episode 7 terminated due to step limit.
2025-09-23 21:24:27,151 - __main__ - WARNING - ⚠️ Episode 9 terminated due to step limit.
2025-09-23 21:24:29,283 - __main__ - DEBUG - 🎯 Eval HMM masking: step 50 masked due to negative reward
2025-09-23 21:24:30,314 - __main__ - DEBUG - 🎯 Eval HMM masking: step 150 masked due to negative reward
2025-09-23 21:24:31,910 - __main__ - WARNING - ⚠️ Episode 11 terminated due to step limit.
2025-09-23 21:24:35,167 - __main__ - WARNING - ⚠️ Episode 12 terminated due to step limit.
2025-09-23 21:24:39,873 - __main__ - DEBUG - 🎯 Eval HMM masking: step 50 masked due to negative reward
2025-09-23 21:24:40,400 - __main__ - DEBUG - 🎯 Eval HMM masking: step 100 masked due to negative reward
2025-09-23 21:24:42,044 - __main__ - DEBUG - 🎯 Eval HMM masking: step 250 masked due to negative reward
2025-09-23 21:24:42,585 - __main__ - WARNING - ⚠️ Episode 16 terminated due to step limit.
2025-09-23 21:24:45,864 - __main__ - WARNING - ⚠️ Episode 17 terminated due to step limit.
2025-09-23 21:24:46,547 - __main__ - DEBUG - 🎯 Eval HMM masking: step 50 masked due to negative reward
2025-09-23 21:24:49,115 - __main__ - WARNING - ⚠️ Episode 18 terminated due to step limit.
2025-09-23 21:24:53,049 - __main__ - DEBUG - 🎯 Eval HMM masking: step 50 masked due to negative reward
2025-09-23 21:24:54,196 - __main__ - DEBUG - 🎯 Eval HMM masking: step 150 masked due to negative reward
2025-09-23 21:24:55,831 - __main__ - WARNING - ⚠️ Episode 21 terminated due to step limit.
2025-09-23 21:24:57,618 - __main__ - DEBUG - 🎯 Eval HMM masking: step 150 masked due to negative reward
2025-09-23 21:24:59,175 - __main__ - WARNING - ⚠️ Episode 22 terminated due to step limit.
2025-09-23 21:25:03,140 - __main__ - WARNING - ⚠️ Episode 25 terminated due to step limit.
2025-09-23 21:25:06,347 - __main__ - DEBUG - 🎯 Eval HMM masking: step 200 masked due to negative reward
2025-09-23 21:25:07,383 - __main__ - WARNING - ⚠️ Episode 27 terminated due to step limit.
2025-09-23 21:25:10,798 - __main__ - WARNING - ⚠️ Episode 28 terminated due to step limit.
2025-09-23 21:25:14,290 - __main__ - WARNING - ⚠️ Episode 29 terminated due to step limit.
2025-09-23 21:25:17,787 - __main__ - WARNING - ⚠️ Episode 30 terminated due to step limit.
2025-09-23 21:25:19,497 - __main__ - DEBUG - 🎯 Eval HMM masking: step 150 masked due to negative reward
2025-09-23 21:25:20,529 - __main__ - DEBUG - 🎯 Eval HMM masking: step 250 masked due to negative reward
2025-09-23 21:25:21,037 - __main__ - WARNING - ⚠️ Episode 31 terminated due to step limit.
2025-09-23 21:25:24,286 - __main__ - WARNING - ⚠️ Episode 32 terminated due to step limit.
2025-09-23 21:25:27,616 - __main__ - WARNING - ⚠️ Episode 33 terminated due to step limit.
2025-09-23 21:25:29,340 - __main__ - DEBUG - 🎯 Eval HMM masking: step 150 masked due to negative reward
2025-09-23 21:25:36,863 - __main__ - DEBUG - 🎯 Eval HMM masking: step 150 masked due to negative reward
2025-09-23 21:25:37,909 - __main__ - DEBUG - 🎯 Eval HMM masking: step 250 masked due to negative reward
2025-09-23 21:25:38,417 - __main__ - WARNING - ⚠️ Episode 40 terminated due to step limit.
2025-09-23 21:25:40,165 - __main__ - DEBUG - 🎯 Eval HMM masking: step 150 masked due to negative reward
2025-09-23 21:25:41,205 - __main__ - DEBUG - 🎯 Eval HMM masking: step 250 masked due to negative reward
2025-09-23 21:25:41,711 - __main__ - WARNING - ⚠️ Episode 41 terminated due to step limit.
2025-09-23 21:25:44,957 - __main__ - WARNING - ⚠️ Episode 42 terminated due to step limit.
2025-09-23 21:25:47,181 - __main__ - DEBUG - 🎯 Eval HMM masking: step 200 masked due to negative reward
2025-09-23 21:25:48,206 - __main__ - WARNING - ⚠️ Episode 43 terminated due to step limit.
2025-09-23 21:25:51,468 - __main__ - WARNING - ⚠️ Episode 44 terminated due to step limit.
2025-09-23 21:25:53,708 - __main__ - DEBUG - 🎯 Eval HMM masking: step 200 masked due to negative reward
2025-09-23 21:25:55,904 - __main__ - DEBUG - 🎯 Eval HMM masking: step 200 masked due to negative reward
2025-09-23 21:25:56,942 - __main__ - WARNING - ⚠️ Episode 46 terminated due to step limit.
2025-09-23 21:25:57,639 - __main__ - DEBUG - 🎯 Eval HMM masking: step 50 masked due to negative reward
2025-09-23 21:25:58,674 - __main__ - DEBUG - 🎯 Eval HMM masking: step 150 masked due to negative reward
2025-09-23 21:26:00,212 - __main__ - WARNING - ⚠️ Episode 47 terminated due to step limit.
2025-09-23 21:26:03,466 - __main__ - WARNING - ⚠️ Episode 48 terminated due to step limit.
2025-09-23 21:26:06,725 - __main__ - WARNING - ⚠️ Episode 49 terminated due to step limit.
2025-09-23 21:26:07,269 - __main__ - INFO - 📊 Evaluation Results (Current Round):
2025-09-23 21:26:07,269 - __main__ - INFO -    Episodes: 50
2025-09-23 21:26:07,269 - __main__ - INFO -    Time: 120.9s (2.4s/ep)
2025-09-23 21:26:07,269 - __main__ - INFO -    Average Return: 0.128 ± 0.666
2025-09-23 21:26:07,269 - __main__ - INFO -    Success Rate: 40.0%
2025-09-23 21:26:07,269 - __main__ - INFO -    Average Length: 219.0
2025-09-23 21:26:07,270 - __main__ - INFO -    Average Coverage: 74.0 positions
2025-09-23 21:26:07,270 - __main__ - INFO -    Episode Completions: 20 terminated (40.0%), 30 truncated (60.0%)
2025-09-23 21:26:07,270 - __main__ - INFO - 📈 Total Evaluation Statistics:
2025-09-23 21:26:07,270 - __main__ - INFO -    Total Episodes: 400
2025-09-23 21:26:07,270 - __main__ - INFO -    Total Average Return: 0.099 ± 0.650
2025-09-23 21:26:07,270 - __main__ - INFO -    Total Average Length: 230.2 ± 100.0
2025-09-23 21:26:07,270 - __main__ - INFO -    Total Completions: 164 terminated (41.0%), 236 truncated (59.0%)
2025-09-23 21:26:07,270 - __main__ - INFO -    Skill Entropy: 0.001
2025-09-23 21:26:07,270 - __main__ - INFO -    Used Skills: 1.0
2025-09-23 21:26:07,270 - __main__ - INFO -    Effective K: 1.00
2025-09-23 21:26:07,270 - __main__ - INFO - 🎯 Action Usage Statistics:
2025-09-23 21:26:07,271 - __main__ - INFO -    Unique actions in evaluation: 8
2025-09-23 21:26:07,271 - __main__ - INFO -    Unique actions in training: 8
2025-09-23 21:26:07,271 - __main__ - INFO -    Total unique actions: 8
2025-09-23 21:26:07,271 - __main__ - INFO -    Action coverage: 6.6%
2025-09-23 21:26:07,271 - __main__ - INFO -    Train action count: 80896
2025-09-23 21:26:07,271 - __main__ - INFO -    Eval action count: 92098
2025-09-23 21:26:07,271 - __main__ - INFO -    Train action entropy: 2.044
2025-09-23 21:26:07,272 - __main__ - INFO -    Eval action entropy: 2.037
2025-09-23 21:26:07,272 - __main__ - INFO -    Top 3 train actions: #0(14378), #2(13220), #5(11387)
2025-09-23 21:26:07,272 - __main__ - INFO -    Top 3 eval actions: #2(16640), #0(16220), #5(13206)
2025-09-23 21:26:09,557 - __main__ - INFO - 📊 Episodes completed this rollout: 5
2025-09-23 21:26:09,557 - __main__ - INFO - 📈 Episode stats: avg return = -0.20, avg length = 300.0
2025-09-23 21:26:09,558 - __main__ - INFO - 🎯 Top 3 training actions: #0(14542), #2(13396), #5(11515)
2025-09-23 21:26:13,574 - __main__ - INFO - 📊 Episodes completed this rollout: 7
2025-09-23 21:26:13,574 - __main__ - INFO - 📈 Episode stats: avg return = 0.40, avg length = 179.6
2025-09-23 21:26:13,574 - __main__ - INFO - 🎯 Top 3 training actions: #0(14735), #2(13581), #5(11667)
2025-09-23 21:26:17,553 - __main__ - INFO - 📊 Episodes completed this rollout: 3
2025-09-23 21:26:17,553 - __main__ - INFO - 📈 Episode stats: avg return = 0.50, avg length = 195.0
2025-09-23 21:26:17,553 - __main__ - INFO - 🎯 Top 3 training actions: #0(14979), #2(13781), #5(11802)
2025-09-23 21:26:21,561 - __main__ - INFO - 📊 Episodes completed this rollout: 3
2025-09-23 21:26:21,562 - __main__ - INFO - 📈 Episode stats: avg return = -0.31, avg length = 300.0
2025-09-23 21:26:21,562 - __main__ - INFO - 🎯 Top 3 training actions: #0(15176), #2(13986), #5(11948)
2025-09-23 21:26:25,572 - __main__ - INFO - 📊 Episodes completed this rollout: 5
2025-09-23 21:26:25,572 - __main__ - INFO - 📈 Episode stats: avg return = 0.09, avg length = 214.6
2025-09-23 21:26:25,573 - __main__ - INFO - 🎯 Top 3 training actions: #0(15386), #2(14175), #5(12090)
2025-09-23 21:26:29,578 - __main__ - INFO - 📊 Episodes completed this rollout: 4
2025-09-23 21:26:29,578 - __main__ - INFO - 📈 Episode stats: avg return = -0.13, avg length = 291.8
2025-09-23 21:26:29,579 - __main__ - INFO - 🎯 Top 3 training actions: #0(15605), #2(14333), #5(12230)
2025-09-23 21:26:33,603 - __main__ - INFO - 📊 Episodes completed this rollout: 6
2025-09-23 21:26:33,603 - __main__ - INFO - 📈 Episode stats: avg return = 0.48, avg length = 165.3
2025-09-23 21:26:33,603 - __main__ - INFO - 🎯 Top 3 training actions: #0(15856), #2(14547), #5(12381)
2025-09-23 21:26:37,631 - __main__ - INFO - 📊 Episodes completed this rollout: 4
2025-09-23 21:26:37,631 - __main__ - INFO - 📈 Episode stats: avg return = 0.35, avg length = 263.5
2025-09-23 21:26:37,632 - __main__ - INFO - 🎯 Top 3 training actions: #0(16089), #2(14768), #5(12546)
2025-09-23 21:26:39,392 - __main__ - INFO - 🔄 Synchronized model update at step 89,088
2025-09-23 21:26:39,392 - __main__ - INFO -    HMM interval: 12,000, VAE interval: 12,000
2025-09-23 21:26:39,393 - __main__ - INFO - 🚫 Model training masking: 1332/12288 timesteps masked (10.8%) due to negative rewards (invalid actions)
2025-09-23 21:26:39,767 - __main__ - INFO - 🔄 Capping HMM batch size from 918 to 128 to prevent OOM
2025-09-23 21:26:39,768 - __main__ - INFO - 🔄 HMM refresh starting at step 89,088 with replay size 128x102
2025-09-23 21:26:45,395 - __main__ - DEBUG - Initial ELBO: -8970.0490
2025-09-23 21:26:45,399 - __main__ - DEBUG - Relative tol: 0.0100
2025-09-23 21:26:45,399 - __main__ - DEBUG - Relative elbo_drop_tol: 0.0100
2025-09-23 21:26:45,399 - __main__ - DEBUG - - Init -503.7932
2025-09-23 21:26:45,399 - __main__ - DEBUG - - Trans -5.9511
2025-09-23 21:26:45,399 - __main__ - DEBUG - - Emit 2631.8612
2025-09-23 21:26:45,399 - __main__ - DEBUG - - Entropy 0.0006
2025-09-23 21:26:45,399 - __main__ - DEBUG - - Dir -23.8566
2025-09-23 21:26:45,399 - __main__ - DEBUG - - NIW -11052.4355
2025-09-23 21:26:45,399 - __main__ - DEBUG - - Beta prior -15.8743
2025-09-23 21:26:51,827 - __main__ - DEBUG - Iter 0: ELBO after FB: -8970.0490 (LL 2122.1175, Δ=0.0000)
2025-09-23 21:26:51,827 - __main__ - DEBUG - Blending stats with ρ_niw=0.0500, ρ_tr=0.0500.
2025-09-23 21:26:51,876 - __main__ - DEBUG - Iter 0: ELBO after NIW update: -7205.7193 (Emit LL 4641.5336, NIW term -11297.7783, Δ=1764.3297)
2025-09-23 21:26:51,924 - __main__ - DEBUG - Iter 0: ELBO after Dirichlet update: -7205.6967 (Trans LL -5.8876, Dir term -23.8974, Δ=0.0227)
2025-09-23 21:26:51,995 - __main__ - DEBUG - Iter 0: ELBO after β update: -7206.3148 (Init LL -504.3764, Dir term -23.9212, logp(β) -15.8856, Δ=-0.6181)
2025-09-23 21:26:58,427 - __main__ - DEBUG - Iter 1: ELBO after FB: -7206.3148 (LL 4131.2702, Δ=0.0000)
2025-09-23 21:26:58,428 - __main__ - DEBUG - Blending stats with ρ_niw=0.0500, ρ_tr=0.0500.
2025-09-23 21:26:58,476 - __main__ - DEBUG - Iter 1: ELBO after NIW update: -7206.3148 (Emit LL 4641.5336, NIW term -11297.7783, Δ=0.0000)
2025-09-23 21:26:58,524 - __main__ - DEBUG - Iter 1: ELBO after Dirichlet update: -7206.3937 (Trans LL -5.8662, Dir term -24.0214, Δ=-0.0789)
2025-09-23 21:26:58,595 - __main__ - DEBUG - Iter 1: ELBO after β update: -7206.9389 (Init LL -504.8491, Dir term -24.0848, logp(β) -15.8947, Δ=-0.5452)
2025-09-23 21:27:05,091 - __main__ - DEBUG - Iter 2: ELBO after FB: -7206.9389 (LL 4130.8189, Δ=0.0000)
2025-09-23 21:27:05,092 - __main__ - DEBUG - Blending stats with ρ_niw=0.0500, ρ_tr=0.0500.
2025-09-23 21:27:05,140 - __main__ - DEBUG - Iter 2: ELBO after NIW update: -7206.9389 (Emit LL 4641.5336, NIW term -11297.7783, Δ=0.0000)
2025-09-23 21:27:05,189 - __main__ - DEBUG - Iter 2: ELBO after Dirichlet update: -7207.1267 (Trans LL -5.8487, Dir term -24.2901, Δ=-0.1878)
2025-09-23 21:27:05,259 - __main__ - DEBUG - Iter 2: ELBO after β update: -7207.6159 (Init LL -505.2375, Dir term -24.3896, logp(β) -15.8960, Δ=-0.4892)
2025-09-23 21:27:11,639 - __main__ - DEBUG - Iter 3: ELBO after FB: -7207.6159 (LL 4130.4480, Δ=0.0000)
2025-09-23 21:27:11,640 - __main__ - DEBUG - Blending stats with ρ_niw=0.0500, ρ_tr=0.0500.
2025-09-23 21:27:11,689 - __main__ - DEBUG - Iter 3: ELBO after NIW update: -7207.6159 (Emit LL 4641.5336, NIW term -11297.7783, Δ=0.0000)
2025-09-23 21:27:11,740 - __main__ - DEBUG - Iter 3: ELBO after Dirichlet update: -7207.9232 (Trans LL -5.8350, Dir term -24.7106, Δ=-0.3073)
2025-09-23 21:27:11,804 - __main__ - DEBUG - Iter 3: ELBO after β update: -7208.0649 (Init LL -505.3133, Dir term -24.7825, logp(β) -15.8900, Δ=-0.1416)
2025-09-23 21:27:17,797 - __main__ - DEBUG - Iter 4: ELBO after FB: -7208.0649 (LL 4130.3859, Δ=0.0000)
2025-09-23 21:27:17,798 - __main__ - DEBUG - Blending stats with ρ_niw=0.0500, ρ_tr=0.0500.
2025-09-23 21:27:17,846 - __main__ - DEBUG - Iter 4: ELBO after NIW update: -7208.0649 (Emit LL 4641.5336, NIW term -11297.7783, Δ=0.0000)
2025-09-23 21:27:17,895 - __main__ - DEBUG - Iter 4: ELBO after Dirichlet update: -7208.3940 (Trans LL -5.8322, Dir term -25.1143, Δ=-0.3291)
2025-09-23 21:27:17,954 - __main__ - DEBUG - Iter 4: ELBO after β update: -7208.3733 (Init LL -505.2615, Dir term -25.1487, logp(β) -15.8868, Δ=0.0206)
2025-09-23 21:27:17,956 - __main__ - INFO -    HMM refresh complete: ELBO=-0.8965, iters=0, max iters, states=40
2025-09-23 21:27:17,956 - __main__ - INFO -    ✅ HMM updated (next in 12,000 steps)
2025-09-23 21:27:17,956 - __main__ - INFO - 🔄 VAE refresh starting at step 89,088 with replay size 8x1536
2025-09-23 21:27:17,957 - __main__ - INFO -    Using span sampling (12288 timesteps, too large for full buffer)
2025-09-23 21:27:44,016 - __main__ - INFO -    VAE refresh complete: final_loss=2781.6362, avg_loss=2783.8031, steps=4/4, trend=improving, total_timesteps=12288, span_sampling=32_requested×4_steps, span_len=64
2025-09-23 21:27:44,018 - __main__ - INFO -    ✅ VAE updated (next in 12,000 steps)
2025-09-23 21:27:46,271 - __main__ - INFO - 📊 Episodes completed this rollout: 4
2025-09-23 21:27:46,271 - __main__ - INFO - 📈 Episode stats: avg return = 0.03, avg length = 260.2
2025-09-23 21:27:46,272 - __main__ - INFO - 🎯 Top 3 training actions: #0(16323), #2(15004), #5(12677)
2025-09-23 21:27:48,034 - __main__ - INFO - 🧪 Starting evaluation with 50 episodes...
2025-09-23 21:27:48,034 - __main__ - INFO -    Eval seed: 51
2025-09-23 21:27:48,034 - __main__ - INFO -    Max episode steps (eval): env default
2025-09-23 21:27:48,035 - nle.env.base - INFO - Not saving any NLE data.
2025-09-23 21:27:49,116 - __main__ - DEBUG - 🎯 Eval HMM masking: step 100 masked due to negative reward
2025-09-23 21:27:51,167 - __main__ - WARNING - ⚠️ Episode 1 terminated due to step limit.
2025-09-23 21:27:53,549 - __main__ - DEBUG - 🎯 Eval HMM masking: step 200 masked due to negative reward
2025-09-23 21:27:56,703 - __main__ - DEBUG - 🎯 Eval HMM masking: step 250 masked due to negative reward
2025-09-23 21:27:57,216 - __main__ - WARNING - ⚠️ Episode 6 terminated due to step limit.
2025-09-23 21:28:03,742 - __main__ - WARNING - ⚠️ Episode 9 terminated due to step limit.
2025-09-23 21:28:07,177 - __main__ - WARNING - ⚠️ Episode 10 terminated due to step limit.
2025-09-23 21:28:08,544 - __main__ - DEBUG - 🎯 Eval HMM masking: step 100 masked due to negative reward
2025-09-23 21:28:09,094 - __main__ - DEBUG - 🎯 Eval HMM masking: step 150 masked due to negative reward
2025-09-23 21:28:10,692 - __main__ - WARNING - ⚠️ Episode 12 terminated due to step limit.
2025-09-23 21:28:14,032 - __main__ - DEBUG - 🎯 Eval HMM masking: step 100 masked due to negative reward
2025-09-23 21:28:16,179 - __main__ - WARNING - ⚠️ Episode 15 terminated due to step limit.
2025-09-23 21:28:17,448 - __main__ - DEBUG - 🎯 Eval HMM masking: step 100 masked due to negative reward
2025-09-23 21:28:19,526 - __main__ - WARNING - ⚠️ Episode 16 terminated due to step limit.
2025-09-23 21:28:21,762 - __main__ - DEBUG - 🎯 Eval HMM masking: step 200 masked due to negative reward
2025-09-23 21:28:22,787 - __main__ - WARNING - ⚠️ Episode 17 terminated due to step limit.
2025-09-23 21:28:23,982 - __main__ - DEBUG - 🎯 Eval HMM masking: step 100 masked due to negative reward
2025-09-23 21:28:28,753 - __main__ - DEBUG - 🎯 Eval HMM masking: step 250 masked due to negative reward
2025-09-23 21:28:32,116 - __main__ - WARNING - ⚠️ Episode 20 terminated due to step limit.
2025-09-23 21:28:32,832 - __main__ - DEBUG - 🎯 Eval HMM masking: step 50 masked due to negative reward
2025-09-23 21:28:35,649 - __main__ - WARNING - ⚠️ Episode 21 terminated due to step limit.
2025-09-23 21:28:38,903 - __main__ - WARNING - ⚠️ Episode 22 terminated due to step limit.
2025-09-23 21:28:44,195 - __main__ - WARNING - ⚠️ Episode 25 terminated due to step limit.
2025-09-23 21:28:47,497 - __main__ - WARNING - ⚠️ Episode 26 terminated due to step limit.
2025-09-23 21:28:48,703 - __main__ - DEBUG - 🎯 Eval HMM masking: step 100 masked due to negative reward
2025-09-23 21:28:49,740 - __main__ - DEBUG - 🎯 Eval HMM masking: step 200 masked due to negative reward
2025-09-23 21:28:50,765 - __main__ - WARNING - ⚠️ Episode 27 terminated due to step limit.
2025-09-23 21:28:57,500 - __main__ - WARNING - ⚠️ Episode 29 terminated due to step limit.
2025-09-23 21:29:00,968 - __main__ - WARNING - ⚠️ Episode 31 terminated due to step limit.
2025-09-23 21:29:03,296 - __main__ - DEBUG - 🎯 Eval HMM masking: step 200 masked due to negative reward
2025-09-23 21:29:04,400 - __main__ - WARNING - ⚠️ Episode 32 terminated due to step limit.
2025-09-23 21:29:05,155 - __main__ - DEBUG - 🎯 Eval HMM masking: step 50 masked due to negative reward
2025-09-23 21:29:08,399 - __main__ - DEBUG - 🎯 Eval HMM masking: step 50 masked due to negative reward
2025-09-23 21:29:11,078 - __main__ - WARNING - ⚠️ Episode 34 terminated due to step limit.
2025-09-23 21:29:14,525 - __main__ - WARNING - ⚠️ Episode 35 terminated due to step limit.
2025-09-23 21:29:16,888 - __main__ - DEBUG - 🎯 Eval HMM masking: step 200 masked due to negative reward
2025-09-23 21:29:17,982 - __main__ - WARNING - ⚠️ Episode 36 terminated due to step limit.
2025-09-23 21:29:21,941 - __main__ - WARNING - ⚠️ Episode 38 terminated due to step limit.
2025-09-23 21:29:26,882 - __main__ - DEBUG - 🎯 Eval HMM masking: step 250 masked due to negative reward
2025-09-23 21:29:27,385 - __main__ - WARNING - ⚠️ Episode 41 terminated due to step limit.
2025-09-23 21:29:30,619 - __main__ - WARNING - ⚠️ Episode 42 terminated due to step limit.
2025-09-23 21:29:34,094 - __main__ - WARNING - ⚠️ Episode 43 terminated due to step limit.
2025-09-23 21:29:35,818 - __main__ - DEBUG - 🎯 Eval HMM masking: step 150 masked due to negative reward
2025-09-23 21:29:37,377 - __main__ - WARNING - ⚠️ Episode 44 terminated due to step limit.
2025-09-23 21:29:41,534 - __main__ - WARNING - ⚠️ Episode 46 terminated due to step limit.
2025-09-23 21:29:47,175 - __main__ - DEBUG - 🎯 Eval HMM masking: step 100 masked due to negative reward
2025-09-23 21:29:49,220 - __main__ - WARNING - ⚠️ Episode 49 terminated due to step limit.
2025-09-23 21:29:49,448 - __main__ - INFO - 📊 Evaluation Results (Current Round):
2025-09-23 21:29:49,449 - __main__ - INFO -    Episodes: 50
2025-09-23 21:29:49,449 - __main__ - INFO -    Time: 121.4s (2.4s/ep)
2025-09-23 21:29:49,449 - __main__ - INFO -    Average Return: 0.172 ± 0.648
2025-09-23 21:29:49,449 - __main__ - INFO -    Success Rate: 46.0%
2025-09-23 21:29:49,449 - __main__ - INFO -    Average Length: 218.1
2025-09-23 21:29:49,449 - __main__ - INFO -    Average Coverage: 65.9 positions
2025-09-23 21:29:49,449 - __main__ - INFO -    Episode Completions: 23 terminated (46.0%), 27 truncated (54.0%)
2025-09-23 21:29:49,449 - __main__ - INFO - 📈 Total Evaluation Statistics:
2025-09-23 21:29:49,449 - __main__ - INFO -    Total Episodes: 450
2025-09-23 21:29:49,449 - __main__ - INFO -    Total Average Return: 0.107 ± 0.650
2025-09-23 21:29:49,449 - __main__ - INFO -    Total Average Length: 228.9 ± 101.5
2025-09-23 21:29:49,450 - __main__ - INFO -    Total Completions: 187 terminated (41.6%), 263 truncated (58.4%)
2025-09-23 21:29:49,450 - __main__ - INFO -    Skill Entropy: 0.001
2025-09-23 21:29:49,450 - __main__ - INFO -    Used Skills: 1.0
2025-09-23 21:29:49,450 - __main__ - INFO -    Effective K: 1.00
2025-09-23 21:29:49,450 - __main__ - INFO - 🎯 Action Usage Statistics:
2025-09-23 21:29:49,450 - __main__ - INFO -    Unique actions in evaluation: 8
2025-09-23 21:29:49,450 - __main__ - INFO -    Unique actions in training: 8
2025-09-23 21:29:49,450 - __main__ - INFO -    Total unique actions: 8
2025-09-23 21:29:49,450 - __main__ - INFO -    Action coverage: 6.6%
2025-09-23 21:29:49,450 - __main__ - INFO -    Train action count: 90112
2025-09-23 21:29:49,450 - __main__ - INFO -    Eval action count: 103004
2025-09-23 21:29:49,451 - __main__ - INFO -    Train action entropy: 2.042
2025-09-23 21:29:49,451 - __main__ - INFO -    Eval action entropy: 2.029
2025-09-23 21:29:49,451 - __main__ - INFO -    Top 3 train actions: #0(16323), #2(15004), #5(12677)
2025-09-23 21:29:49,451 - __main__ - INFO -    Top 3 eval actions: #2(19575), #0(18536), #5(14620)
2025-09-23 21:29:51,716 - __main__ - INFO - 📊 Episodes completed this rollout: 4
2025-09-23 21:29:51,716 - __main__ - INFO - 📈 Episode stats: avg return = -0.05, avg length = 287.0
2025-09-23 21:29:51,716 - __main__ - INFO - 🎯 Top 3 training actions: #0(16539), #2(15259), #5(12798)
2025-09-23 21:29:55,808 - __main__ - INFO - 📊 Episodes completed this rollout: 1
2025-09-23 21:29:55,808 - __main__ - INFO - 📈 Episode stats: avg return = -0.45, avg length = 300.0
2025-09-23 21:29:55,808 - __main__ - INFO - 🎯 Top 3 training actions: #0(16754), #2(15479), #5(12920)
2025-09-23 21:29:59,898 - __main__ - INFO - 📊 Episodes completed this rollout: 5
2025-09-23 21:29:59,898 - __main__ - INFO - 📈 Episode stats: avg return = -0.37, avg length = 300.0
2025-09-23 21:29:59,898 - __main__ - INFO - 🎯 Top 3 training actions: #0(16963), #2(15670), #5(13045)
2025-09-23 21:30:03,942 - __main__ - INFO - 📊 Episodes completed this rollout: 2
2025-09-23 21:30:03,943 - __main__ - INFO - 📈 Episode stats: avg return = -0.30, avg length = 300.0
2025-09-23 21:30:03,943 - __main__ - INFO - 🎯 Top 3 training actions: #0(17176), #2(15856), #5(13154)
2025-09-23 21:30:07,947 - __main__ - INFO - 📊 Episodes completed this rollout: 8
2025-09-23 21:30:07,948 - __main__ - INFO - 📈 Episode stats: avg return = 0.06, avg length = 257.9
2025-09-23 21:30:07,948 - __main__ - INFO - 🎯 Top 3 training actions: #0(17385), #2(16024), #5(13249)
2025-09-23 21:30:11,870 - __main__ - INFO - 📊 Episodes completed this rollout: 4
2025-09-23 21:30:11,870 - __main__ - INFO - 📈 Episode stats: avg return = 0.86, avg length = 116.8
2025-09-23 21:30:11,870 - __main__ - INFO - 🎯 Top 3 training actions: #0(17605), #2(16194), #5(13343)
2025-09-23 21:30:15,843 - __main__ - INFO - 📊 Episodes completed this rollout: 6
2025-09-23 21:30:15,843 - __main__ - INFO - 📈 Episode stats: avg return = 0.28, avg length = 243.7
2025-09-23 21:30:15,843 - __main__ - INFO - 🎯 Top 3 training actions: #0(17821), #2(16400), #5(13416)
2025-09-23 21:30:19,791 - __main__ - INFO - 📊 Episodes completed this rollout: 4
2025-09-23 21:30:19,791 - __main__ - INFO - 📈 Episode stats: avg return = 0.29, avg length = 182.0
2025-09-23 21:30:19,791 - __main__ - INFO - 🎯 Top 3 training actions: #0(18021), #2(16594), #5(13500)
2025-09-23 21:30:23,802 - __main__ - INFO - 📊 Episodes completed this rollout: 5
2025-09-23 21:30:23,802 - __main__ - INFO - 📈 Episode stats: avg return = 0.07, avg length = 239.4
2025-09-23 21:30:23,803 - __main__ - INFO - 🎯 Top 3 training actions: #0(18210), #2(16722), #5(13593)
2025-09-23 21:30:27,826 - __main__ - INFO - 📊 Episodes completed this rollout: 3
2025-09-23 21:30:27,826 - __main__ - INFO - 📈 Episode stats: avg return = 0.17, avg length = 238.3
2025-09-23 21:30:27,827 - __main__ - INFO - 🎯 Top 3 training actions: #0(18365), #2(16859), #5(13689)
2025-09-23 21:30:29,579 - __main__ - INFO - 🧪 Starting evaluation with 50 episodes...
2025-09-23 21:30:29,579 - __main__ - INFO -    Eval seed: 51
2025-09-23 21:30:29,579 - __main__ - INFO -    Max episode steps (eval): env default
2025-09-23 21:30:29,580 - nle.env.base - INFO - Not saving any NLE data.
2025-09-23 21:30:31,202 - __main__ - DEBUG - 🎯 Eval HMM masking: step 150 masked due to negative reward
2025-09-23 21:30:32,778 - __main__ - WARNING - ⚠️ Episode 1 terminated due to step limit.
2025-09-23 21:30:35,388 - __main__ - DEBUG - 🎯 Eval HMM masking: step 200 masked due to negative reward
2025-09-23 21:30:36,452 - __main__ - WARNING - ⚠️ Episode 3 terminated due to step limit.
2025-09-23 21:30:37,694 - __main__ - DEBUG - 🎯 Eval HMM masking: step 100 masked due to negative reward
2025-09-23 21:30:39,004 - __main__ - DEBUG - 🎯 Eval HMM masking: step 100 masked due to negative reward
2025-09-23 21:30:41,114 - __main__ - WARNING - ⚠️ Episode 5 terminated due to step limit.
2025-09-23 21:30:43,844 - __main__ - DEBUG - 🎯 Eval HMM masking: step 250 masked due to negative reward
2025-09-23 21:30:44,374 - __main__ - WARNING - ⚠️ Episode 6 terminated due to step limit.
2025-09-23 21:30:47,686 - __main__ - WARNING - ⚠️ Episode 7 terminated due to step limit.
2025-09-23 21:30:49,915 - __main__ - DEBUG - 🎯 Eval HMM masking: step 200 masked due to negative reward
2025-09-23 21:30:50,433 - __main__ - DEBUG - 🎯 Eval HMM masking: step 250 masked due to negative reward
2025-09-23 21:30:50,946 - __main__ - WARNING - ⚠️ Episode 8 terminated due to step limit.
2025-09-23 21:30:52,967 - __main__ - DEBUG - 🎯 Eval HMM masking: step 150 masked due to negative reward
2025-09-23 21:30:57,354 - __main__ - WARNING - ⚠️ Episode 11 terminated due to step limit.
2025-09-23 21:30:59,070 - __main__ - DEBUG - 🎯 Eval HMM masking: step 150 masked due to negative reward
2025-09-23 21:31:00,619 - __main__ - WARNING - ⚠️ Episode 12 terminated due to step limit.
2025-09-23 21:31:03,406 - __main__ - DEBUG - 🎯 Eval HMM masking: step 250 masked due to negative reward
2025-09-23 21:31:03,915 - __main__ - WARNING - ⚠️ Episode 13 terminated due to step limit.
2025-09-23 21:31:07,206 - __main__ - WARNING - ⚠️ Episode 14 terminated due to step limit.
2025-09-23 21:31:07,893 - __main__ - DEBUG - 🎯 Eval HMM masking: step 50 masked due to negative reward
2025-09-23 21:31:09,940 - __main__ - DEBUG - 🎯 Eval HMM masking: step 250 masked due to negative reward
2025-09-23 21:31:10,447 - __main__ - WARNING - ⚠️ Episode 15 terminated due to step limit.
2025-09-23 21:31:13,725 - __main__ - WARNING - ⚠️ Episode 16 terminated due to step limit.
2025-09-23 21:31:18,150 - __main__ - DEBUG - 🎯 Eval HMM masking: step 150 masked due to negative reward
2025-09-23 21:31:19,732 - __main__ - WARNING - ⚠️ Episode 19 terminated due to step limit.
2025-09-23 21:31:20,904 - __main__ - DEBUG - 🎯 Eval HMM masking: step 50 masked due to negative reward
2025-09-23 21:31:23,455 - __main__ - WARNING - ⚠️ Episode 21 terminated due to step limit.
2025-09-23 21:31:25,161 - __main__ - DEBUG - 🎯 Eval HMM masking: step 150 masked due to negative reward
2025-09-23 21:31:26,721 - __main__ - WARNING - ⚠️ Episode 22 terminated due to step limit.
2025-09-23 21:31:29,614 - __main__ - DEBUG - 🎯 Eval HMM masking: step 250 masked due to negative reward
2025-09-23 21:31:30,135 - __main__ - WARNING - ⚠️ Episode 23 terminated due to step limit.
2025-09-23 21:31:33,938 - __main__ - WARNING - ⚠️ Episode 25 terminated due to step limit.
2025-09-23 21:31:37,182 - __main__ - WARNING - ⚠️ Episode 26 terminated due to step limit.
2025-09-23 21:31:40,427 - __main__ - WARNING - ⚠️ Episode 27 terminated due to step limit.
2025-09-23 21:31:41,684 - __main__ - DEBUG - 🎯 Eval HMM masking: step 100 masked due to negative reward
2025-09-23 21:31:43,752 - __main__ - WARNING - ⚠️ Episode 29 terminated due to step limit.
2025-09-23 21:31:47,937 - __main__ - DEBUG - 🎯 Eval HMM masking: step 250 masked due to negative reward
2025-09-23 21:31:48,438 - __main__ - WARNING - ⚠️ Episode 32 terminated due to step limit.
2025-09-23 21:31:51,185 - __main__ - DEBUG - 🎯 Eval HMM masking: step 250 masked due to negative reward
2025-09-23 21:31:51,695 - __main__ - WARNING - ⚠️ Episode 33 terminated due to step limit.
2025-09-23 21:31:59,439 - __main__ - WARNING - ⚠️ Episode 40 terminated due to step limit.
2025-09-23 21:32:02,697 - __main__ - WARNING - ⚠️ Episode 41 terminated due to step limit.
2025-09-23 21:32:06,760 - __main__ - WARNING - ⚠️ Episode 44 terminated due to step limit.
2025-09-23 21:32:09,202 - __main__ - DEBUG - 🎯 Eval HMM masking: step 150 masked due to negative reward
2025-09-23 21:32:10,230 - __main__ - DEBUG - 🎯 Eval HMM masking: step 250 masked due to negative reward
2025-09-23 21:32:10,734 - __main__ - WARNING - ⚠️ Episode 46 terminated due to step limit.
2025-09-23 21:32:14,289 - __main__ - DEBUG - 🎯 Eval HMM masking: step 250 masked due to negative reward
2025-09-23 21:32:14,800 - __main__ - WARNING - ⚠️ Episode 48 terminated due to step limit.
2025-09-23 21:32:17,032 - __main__ - DEBUG - 🎯 Eval HMM masking: step 200 masked due to negative reward
2025-09-23 21:32:18,057 - __main__ - WARNING - ⚠️ Episode 49 terminated due to step limit.
2025-09-23 21:32:20,291 - __main__ - DEBUG - 🎯 Eval HMM masking: step 200 masked due to negative reward
2025-09-23 21:32:20,809 - __main__ - DEBUG - 🎯 Eval HMM masking: step 250 masked due to negative reward
2025-09-23 21:32:21,318 - __main__ - WARNING - ⚠️ Episode 50 terminated due to step limit.
2025-09-23 21:32:21,482 - __main__ - INFO - 📊 Evaluation Results (Current Round):
2025-09-23 21:32:21,483 - __main__ - INFO -    Episodes: 50
2025-09-23 21:32:21,483 - __main__ - INFO -    Time: 111.9s (2.2s/ep)
2025-09-23 21:32:21,483 - __main__ - INFO -    Average Return: 0.120 ± 0.684
2025-09-23 21:32:21,483 - __main__ - INFO -    Success Rate: 42.0%
2025-09-23 21:32:21,483 - __main__ - INFO -    Average Length: 205.0
2025-09-23 21:32:21,483 - __main__ - INFO -    Average Coverage: 61.8 positions
2025-09-23 21:32:21,483 - __main__ - INFO -    Episode Completions: 21 terminated (42.0%), 29 truncated (58.0%)
2025-09-23 21:32:21,483 - __main__ - INFO - 📈 Total Evaluation Statistics:
2025-09-23 21:32:21,483 - __main__ - INFO -    Total Episodes: 500
2025-09-23 21:32:21,484 - __main__ - INFO -    Total Average Return: 0.109 ± 0.654
2025-09-23 21:32:21,484 - __main__ - INFO -    Total Average Length: 226.5 ± 104.0
2025-09-23 21:32:21,484 - __main__ - INFO -    Total Completions: 208 terminated (41.6%), 292 truncated (58.4%)
2025-09-23 21:32:21,484 - __main__ - INFO -    Skill Entropy: 0.001
2025-09-23 21:32:21,484 - __main__ - INFO -    Used Skills: 1.0
2025-09-23 21:32:21,484 - __main__ - INFO -    Effective K: 1.00
2025-09-23 21:32:21,484 - __main__ - INFO - 🎯 Action Usage Statistics:
2025-09-23 21:32:21,484 - __main__ - INFO -    Unique actions in evaluation: 8
2025-09-23 21:32:21,484 - __main__ - INFO -    Unique actions in training: 8
2025-09-23 21:32:21,484 - __main__ - INFO -    Total unique actions: 8
2025-09-23 21:32:21,484 - __main__ - INFO -    Action coverage: 6.6%
2025-09-23 21:32:21,485 - __main__ - INFO -    Train action count: 100352
2025-09-23 21:32:21,485 - __main__ - INFO -    Eval action count: 113252
2025-09-23 21:32:21,485 - __main__ - INFO -    Train action entropy: 2.042
2025-09-23 21:32:21,485 - __main__ - INFO -    Eval action entropy: 2.036
2025-09-23 21:32:21,486 - __main__ - INFO -    Top 3 train actions: #0(18365), #2(16859), #5(13689)
2025-09-23 21:32:21,486 - __main__ - INFO -    Top 3 eval actions: #2(20578), #0(20185), #5(15540)
2025-09-23 21:32:23,827 - __main__ - INFO - 📊 Episodes completed this rollout: 4
2025-09-23 21:32:23,827 - __main__ - INFO - 📈 Episode stats: avg return = 0.30, avg length = 173.0
2025-09-23 21:32:23,827 - __main__ - INFO - 🎯 Top 3 training actions: #0(18524), #2(16956), #5(13774)
2025-09-23 21:32:25,559 - __main__ - INFO - 🔄 Synchronized model update at step 101,376
2025-09-23 21:32:25,559 - __main__ - INFO -    HMM interval: 12,000, VAE interval: 12,000
2025-09-23 21:32:25,560 - __main__ - INFO - 🚫 Model training masking: 1764/12288 timesteps masked (14.4%) due to negative rewards (invalid actions)
2025-09-23 21:32:25,934 - __main__ - INFO - 🔄 Capping HMM batch size from 1064 to 128 to prevent OOM
2025-09-23 21:32:25,935 - __main__ - INFO - 🔄 HMM refresh starting at step 101,376 with replay size 128x103
2025-09-23 21:32:31,640 - __main__ - DEBUG - Initial ELBO: -7168.5573
2025-09-23 21:32:31,644 - __main__ - DEBUG - Relative tol: 0.0100
2025-09-23 21:32:31,644 - __main__ - DEBUG - Relative elbo_drop_tol: 0.0100
2025-09-23 21:32:31,644 - __main__ - DEBUG - - Init -504.3764
2025-09-23 21:32:31,644 - __main__ - DEBUG - - Trans -4.7398
2025-09-23 21:32:31,644 - __main__ - DEBUG - - Emit 4678.1433
2025-09-23 21:32:31,644 - __main__ - DEBUG - - Entropy 0.0006
2025-09-23 21:32:31,644 - __main__ - DEBUG - - Dir -23.9212
2025-09-23 21:32:31,644 - __main__ - DEBUG - - NIW -11297.7783
2025-09-23 21:32:31,644 - __main__ - DEBUG - - Beta prior -15.8856
2025-09-23 21:32:37,978 - __main__ - DEBUG - Iter 0: ELBO after FB: -7168.5573 (LL 4169.0277, Δ=0.0000)
2025-09-23 21:32:37,979 - __main__ - DEBUG - Blending stats with ρ_niw=0.0500, ρ_tr=0.0500.
2025-09-23 21:32:38,027 - __main__ - DEBUG - Iter 0: ELBO after NIW update: -6154.6986 (Emit LL 5864.0791, NIW term -11469.8555, Δ=1013.8587)
2025-09-23 21:32:38,075 - __main__ - DEBUG - Iter 0: ELBO after Dirichlet update: -6154.6741 (Trans LL -4.7473, Dir term -23.8891, Δ=0.0245)
2025-09-23 21:32:38,145 - __main__ - DEBUG - Iter 0: ELBO after β update: -6155.2622 (Init LL -504.9328, Dir term -23.9093, logp(β) -15.8970, Δ=-0.5880)
2025-09-23 21:32:44,128 - __main__ - DEBUG - Iter 1: ELBO after FB: -6155.2622 (LL 5354.3996, Δ=0.0000)
2025-09-23 21:32:44,129 - __main__ - DEBUG - Blending stats with ρ_niw=0.0500, ρ_tr=0.0500.
2025-09-23 21:32:44,177 - __main__ - DEBUG - Iter 1: ELBO after NIW update: -6155.2622 (Emit LL 5864.0791, NIW term -11469.8555, Δ=0.0000)
2025-09-23 21:32:44,225 - __main__ - DEBUG - Iter 1: ELBO after Dirichlet update: -6155.3397 (Trans LL -4.7305, Dir term -24.0036, Δ=-0.0776)
2025-09-23 21:32:44,294 - __main__ - DEBUG - Iter 1: ELBO after β update: -6155.9089 (Init LL -505.4058, Dir term -24.0912, logp(β) -15.9056, Δ=-0.5692)
2025-09-23 21:32:50,710 - __main__ - DEBUG - Iter 2: ELBO after FB: -6155.9089 (LL 5353.9434, Δ=0.0000)
2025-09-23 21:32:50,711 - __main__ - DEBUG - Blending stats with ρ_niw=0.0500, ρ_tr=0.0500.
2025-09-23 21:32:50,760 - __main__ - DEBUG - Iter 2: ELBO after NIW update: -6155.9089 (Emit LL 5864.0791, NIW term -11469.8555, Δ=0.0000)
2025-09-23 21:32:50,808 - __main__ - DEBUG - Iter 2: ELBO after Dirichlet update: -6156.1194 (Trans LL -4.7168, Dir term -24.3154, Δ=-0.2105)
2025-09-23 21:32:50,879 - __main__ - DEBUG - Iter 2: ELBO after β update: -6156.5734 (Init LL -505.7799, Dir term -24.3945, logp(β) -15.9064, Δ=-0.4540)
2025-09-23 21:32:57,311 - __main__ - DEBUG - Iter 3: ELBO after FB: -6156.5734 (LL 5353.5830, Δ=0.0000)
2025-09-23 21:32:57,312 - __main__ - DEBUG - Blending stats with ρ_niw=0.0500, ρ_tr=0.0500.
2025-09-23 21:32:57,361 - __main__ - DEBUG - Iter 3: ELBO after NIW update: -6156.5734 (Emit LL 5864.0791, NIW term -11469.8555, Δ=0.0000)
2025-09-23 21:32:57,409 - __main__ - DEBUG - Iter 3: ELBO after Dirichlet update: -6156.8918 (Trans LL -4.7063, Dir term -24.7235, Δ=-0.3184)
2025-09-23 21:32:57,478 - __main__ - DEBUG - Iter 3: ELBO after β update: -6157.0575 (Init LL -505.8838, Dir term -24.7920, logp(β) -15.8996, Δ=-0.1656)
2025-09-23 21:33:03,518 - __main__ - DEBUG - Iter 4: ELBO after FB: -6157.0575 (LL 5353.4896, Δ=0.0000)
2025-09-23 21:33:03,519 - __main__ - DEBUG - Blending stats with ρ_niw=0.0500, ρ_tr=0.0500.
2025-09-23 21:33:03,567 - __main__ - DEBUG - Iter 4: ELBO after NIW update: -6157.0575 (Emit LL 5864.0791, NIW term -11469.8555, Δ=0.0000)
2025-09-23 21:33:03,616 - __main__ - DEBUG - Iter 4: ELBO after Dirichlet update: -6157.4416 (Trans LL -4.7032, Dir term -25.1792, Δ=-0.3841)
2025-09-23 21:33:03,674 - __main__ - DEBUG - Iter 4: ELBO after β update: -6157.4007 (Init LL -505.7954, Dir term -25.2298, logp(β) -15.8966, Δ=0.0409)
2025-09-23 21:33:03,675 - __main__ - INFO -    HMM refresh complete: ELBO=6.9236, iters=0, max iters, states=40
2025-09-23 21:33:03,676 - __main__ - INFO -    ✅ HMM updated (next in 12,000 steps)
2025-09-23 21:33:03,676 - __main__ - INFO - 🔄 VAE refresh starting at step 101,376 with replay size 8x1536
2025-09-23 21:33:03,676 - __main__ - INFO -    Using span sampling (12288 timesteps, too large for full buffer)
2025-09-23 21:33:28,273 - __main__ - INFO -    VAE refresh complete: final_loss=2771.0891, avg_loss=2775.5236, steps=4/4, trend=improving, total_timesteps=12288, span_sampling=32_requested×4_steps, span_len=64
2025-09-23 21:33:28,276 - __main__ - INFO -    ✅ VAE updated (next in 12,000 steps)
2025-09-23 21:33:30,599 - __main__ - INFO - 📊 Episodes completed this rollout: 8
2025-09-23 21:33:30,599 - __main__ - INFO - 📈 Episode stats: avg return = 0.22, avg length = 187.2
2025-09-23 21:33:30,600 - __main__ - INFO - 🎯 Top 3 training actions: #0(18691), #2(17070), #5(13877)
2025-09-23 21:33:34,632 - __main__ - INFO - 📊 Episodes completed this rollout: 5
2025-09-23 21:33:34,632 - __main__ - INFO - 📈 Episode stats: avg return = 0.11, avg length = 212.0
2025-09-23 21:33:34,632 - __main__ - INFO - 🎯 Top 3 training actions: #0(18873), #2(17176), #5(14024)
2025-09-23 21:33:38,646 - __main__ - INFO - 📊 Episodes completed this rollout: 4
2025-09-23 21:33:38,647 - __main__ - INFO - 📈 Episode stats: avg return = -0.05, avg length = 251.5
2025-09-23 21:33:38,647 - __main__ - INFO - 🎯 Top 3 training actions: #0(19048), #2(17285), #5(14164)
2025-09-23 21:33:42,678 - __main__ - INFO - 📊 Episodes completed this rollout: 4
2025-09-23 21:33:42,679 - __main__ - INFO - 📈 Episode stats: avg return = 0.59, avg length = 229.2
2025-09-23 21:33:42,679 - __main__ - INFO - 🎯 Top 3 training actions: #0(19201), #2(17423), #5(14293)
2025-09-23 21:33:46,642 - __main__ - INFO - 📊 Episodes completed this rollout: 2
2025-09-23 21:33:46,642 - __main__ - INFO - 📈 Episode stats: avg return = 0.05, avg length = 247.0
2025-09-23 21:33:46,642 - __main__ - INFO - 🎯 Top 3 training actions: #0(19379), #2(17545), #5(14414)
2025-09-23 21:33:50,687 - __main__ - INFO - 📊 Episodes completed this rollout: 7
2025-09-23 21:33:50,687 - __main__ - INFO - 📈 Episode stats: avg return = 0.02, avg length = 254.7
2025-09-23 21:33:50,687 - __main__ - INFO - 🎯 Top 3 training actions: #0(19589), #2(17656), #5(14551)
2025-09-23 21:33:54,637 - __main__ - INFO - 📊 Episodes completed this rollout: 2
2025-09-23 21:33:54,637 - __main__ - INFO - 📈 Episode stats: avg return = 0.29, avg length = 215.0
2025-09-23 21:33:54,637 - __main__ - INFO - 🎯 Top 3 training actions: #0(19796), #2(17785), #5(14690)
2025-09-23 21:33:58,641 - __main__ - INFO - 📊 Episodes completed this rollout: 6
2025-09-23 21:33:58,641 - __main__ - INFO - 📈 Episode stats: avg return = 0.12, avg length = 208.3
2025-09-23 21:33:58,642 - __main__ - INFO - 🎯 Top 3 training actions: #0(20043), #2(17884), #5(14835)
2025-09-23 21:34:02,703 - __main__ - INFO - 📊 Episodes completed this rollout: 6
2025-09-23 21:34:02,704 - __main__ - INFO - 📈 Episode stats: avg return = 0.23, avg length = 187.7
2025-09-23 21:34:02,704 - __main__ - INFO - 🎯 Top 3 training actions: #0(20296), #2(18009), #5(14975)
2025-09-23 21:34:04,467 - __main__ - INFO - 🧪 Starting evaluation with 50 episodes...
2025-09-23 21:34:04,467 - __main__ - INFO -    Eval seed: 51
2025-09-23 21:34:04,467 - __main__ - INFO -    Max episode steps (eval): env default
2025-09-23 21:34:04,468 - nle.env.base - INFO - Not saving any NLE data.
2025-09-23 21:34:06,771 - __main__ - DEBUG - 🎯 Eval HMM masking: step 200 masked due to negative reward
2025-09-23 21:34:07,791 - __main__ - WARNING - ⚠️ Episode 2 terminated due to step limit.
2025-09-23 21:34:11,032 - __main__ - WARNING - ⚠️ Episode 3 terminated due to step limit.
2025-09-23 21:34:13,248 - __main__ - DEBUG - 🎯 Eval HMM masking: step 200 masked due to negative reward
2025-09-23 21:34:14,266 - __main__ - WARNING - ⚠️ Episode 4 terminated due to step limit.
2025-09-23 21:34:17,649 - __main__ - WARNING - ⚠️ Episode 5 terminated due to step limit.
2025-09-23 21:34:18,894 - __main__ - DEBUG - 🎯 Eval HMM masking: step 100 masked due to negative reward
2025-09-23 21:34:21,087 - __main__ - WARNING - ⚠️ Episode 6 terminated due to step limit.
2025-09-23 21:34:24,529 - __main__ - WARNING - ⚠️ Episode 7 terminated due to step limit.
2025-09-23 21:34:25,244 - __main__ - DEBUG - 🎯 Eval HMM masking: step 50 masked due to negative reward
2025-09-23 21:34:25,772 - __main__ - DEBUG - 🎯 Eval HMM masking: step 100 masked due to negative reward
2025-09-23 21:34:27,435 - __main__ - DEBUG - 🎯 Eval HMM masking: step 50 masked due to negative reward
2025-09-23 21:34:30,157 - __main__ - WARNING - ⚠️ Episode 9 terminated due to step limit.
2025-09-23 21:34:31,697 - __main__ - DEBUG - 🎯 Eval HMM masking: step 100 masked due to negative reward
2025-09-23 21:34:33,874 - __main__ - WARNING - ⚠️ Episode 11 terminated due to step limit.
2025-09-23 21:34:37,338 - __main__ - WARNING - ⚠️ Episode 12 terminated due to step limit.
2025-09-23 21:34:39,683 - __main__ - DEBUG - 🎯 Eval HMM masking: step 200 masked due to negative reward
2025-09-23 21:34:40,766 - __main__ - WARNING - ⚠️ Episode 13 terminated due to step limit.
2025-09-23 21:34:45,338 - __main__ - WARNING - ⚠️ Episode 15 terminated due to step limit.
2025-09-23 21:34:48,926 - __main__ - DEBUG - 🎯 Eval HMM masking: step 200 masked due to negative reward
2025-09-23 21:34:50,796 - __main__ - DEBUG - 🎯 Eval HMM masking: step 150 masked due to negative reward
2025-09-23 21:34:51,908 - __main__ - DEBUG - 🎯 Eval HMM masking: step 250 masked due to negative reward
2025-09-23 21:34:52,455 - __main__ - WARNING - ⚠️ Episode 18 terminated due to step limit.
2025-09-23 21:34:55,902 - __main__ - WARNING - ⚠️ Episode 19 terminated due to step limit.
2025-09-23 21:34:58,261 - __main__ - DEBUG - 🎯 Eval HMM masking: step 200 masked due to negative reward
2025-09-23 21:34:59,342 - __main__ - WARNING - ⚠️ Episode 20 terminated due to step limit.
2025-09-23 21:35:02,715 - __main__ - DEBUG - 🎯 Eval HMM masking: step 100 masked due to negative reward
2025-09-23 21:35:08,140 - __main__ - DEBUG - 🎯 Eval HMM masking: step 250 masked due to negative reward
2025-09-23 21:35:08,648 - __main__ - WARNING - ⚠️ Episode 24 terminated due to step limit.
2025-09-23 21:35:09,850 - __main__ - DEBUG - 🎯 Eval HMM masking: step 100 masked due to negative reward
2025-09-23 21:35:11,913 - __main__ - WARNING - ⚠️ Episode 25 terminated due to step limit.
2025-09-23 21:35:20,642 - __main__ - DEBUG - 🎯 Eval HMM masking: step 250 masked due to negative reward
2025-09-23 21:35:21,150 - __main__ - WARNING - ⚠️ Episode 31 terminated due to step limit.
2025-09-23 21:35:25,955 - __main__ - DEBUG - 🎯 Eval HMM masking: step 100 masked due to negative reward
2025-09-23 21:35:30,602 - __main__ - WARNING - ⚠️ Episode 35 terminated due to step limit.
2025-09-23 21:35:33,939 - __main__ - WARNING - ⚠️ Episode 36 terminated due to step limit.
2025-09-23 21:35:37,287 - __main__ - WARNING - ⚠️ Episode 37 terminated due to step limit.
2025-09-23 21:35:39,093 - __main__ - DEBUG - 🎯 Eval HMM masking: step 150 masked due to negative reward
2025-09-23 21:35:40,770 - __main__ - WARNING - ⚠️ Episode 38 terminated due to step limit.
2025-09-23 21:35:44,059 - __main__ - WARNING - ⚠️ Episode 39 terminated due to step limit.
2025-09-23 21:35:48,125 - __main__ - WARNING - ⚠️ Episode 41 terminated due to step limit.
2025-09-23 21:35:51,380 - __main__ - WARNING - ⚠️ Episode 42 terminated due to step limit.
2025-09-23 21:35:53,631 - __main__ - DEBUG - 🎯 Eval HMM masking: step 200 masked due to negative reward
2025-09-23 21:35:54,679 - __main__ - WARNING - ⚠️ Episode 43 terminated due to step limit.
2025-09-23 21:35:57,926 - __main__ - WARNING - ⚠️ Episode 44 terminated due to step limit.
2025-09-23 21:36:00,187 - __main__ - DEBUG - 🎯 Eval HMM masking: step 100 masked due to negative reward
2025-09-23 21:36:02,249 - __main__ - WARNING - ⚠️ Episode 46 terminated due to step limit.
2025-09-23 21:36:02,931 - __main__ - DEBUG - 🎯 Eval HMM masking: step 50 masked due to negative reward
2025-09-23 21:36:05,519 - __main__ - WARNING - ⚠️ Episode 47 terminated due to step limit.
2025-09-23 21:36:07,470 - __main__ - DEBUG - 🎯 Eval HMM masking: step 50 masked due to negative reward
2025-09-23 21:36:10,046 - __main__ - WARNING - ⚠️ Episode 49 terminated due to step limit.
2025-09-23 21:36:10,649 - __main__ - INFO - 📊 Evaluation Results (Current Round):
2025-09-23 21:36:10,649 - __main__ - INFO -    Episodes: 50
2025-09-23 21:36:10,649 - __main__ - INFO -    Time: 126.2s (2.5s/ep)
2025-09-23 21:36:10,650 - __main__ - INFO -    Average Return: 0.168 ± 0.635
2025-09-23 21:36:10,650 - __main__ - INFO -    Success Rate: 42.0%
2025-09-23 21:36:10,650 - __main__ - INFO -    Average Length: 226.6
2025-09-23 21:36:10,650 - __main__ - INFO -    Average Coverage: 79.7 positions
2025-09-23 21:36:10,650 - __main__ - INFO -    Episode Completions: 21 terminated (42.0%), 29 truncated (58.0%)
2025-09-23 21:36:10,650 - __main__ - INFO - 📈 Total Evaluation Statistics:
2025-09-23 21:36:10,650 - __main__ - INFO -    Total Episodes: 550
2025-09-23 21:36:10,650 - __main__ - INFO -    Total Average Return: 0.114 ± 0.652
2025-09-23 21:36:10,650 - __main__ - INFO -    Total Average Length: 226.5 ± 103.7
2025-09-23 21:36:10,650 - __main__ - INFO -    Total Completions: 229 terminated (41.6%), 321 truncated (58.4%)
2025-09-23 21:36:10,650 - __main__ - INFO -    Skill Entropy: 0.001
2025-09-23 21:36:10,651 - __main__ - INFO -    Used Skills: 1.0
2025-09-23 21:36:10,651 - __main__ - INFO -    Effective K: 1.00
2025-09-23 21:36:10,651 - __main__ - INFO - 🎯 Action Usage Statistics:
2025-09-23 21:36:10,651 - __main__ - INFO -    Unique actions in evaluation: 8
2025-09-23 21:36:10,651 - __main__ - INFO -    Unique actions in training: 8
2025-09-23 21:36:10,651 - __main__ - INFO -    Total unique actions: 8
2025-09-23 21:36:10,651 - __main__ - INFO -    Action coverage: 6.6%
2025-09-23 21:36:10,651 - __main__ - INFO -    Train action count: 110592
2025-09-23 21:36:10,651 - __main__ - INFO -    Eval action count: 124581
2025-09-23 21:36:10,652 - __main__ - INFO -    Train action entropy: 2.045
2025-09-23 21:36:10,652 - __main__ - INFO -    Eval action entropy: 2.037
2025-09-23 21:36:10,652 - __main__ - INFO -    Top 3 train actions: #0(20296), #2(18009), #5(14975)
2025-09-23 21:36:10,652 - __main__ - INFO -    Top 3 eval actions: #0(22563), #2(21671), #5(17326)
2025-09-23 21:36:12,912 - __main__ - INFO - 📊 Episodes completed this rollout: 3
2025-09-23 21:36:12,913 - __main__ - INFO - 📈 Episode stats: avg return = -0.00, avg length = 256.7
2025-09-23 21:36:12,913 - __main__ - INFO - 🎯 Top 3 training actions: #0(20493), #2(18112), #5(15131)
2025-09-23 21:36:17,057 - __main__ - INFO - 📊 Episodes completed this rollout: 7
2025-09-23 21:36:17,057 - __main__ - INFO - 📈 Episode stats: avg return = 0.20, avg length = 228.6
2025-09-23 21:36:17,057 - __main__ - INFO - 🎯 Top 3 training actions: #0(20680), #2(18212), #5(15308)
2025-09-23 21:36:21,089 - __main__ - INFO - 📊 Episodes completed this rollout: 3
2025-09-23 21:36:21,089 - __main__ - INFO - 📈 Episode stats: avg return = 0.49, avg length = 167.0
2025-09-23 21:36:21,089 - __main__ - INFO - 🎯 Top 3 training actions: #0(20842), #2(18338), #5(15476)
2025-09-23 21:36:22,803 - __main__ - INFO - 🔄 Synchronized model update at step 113,664
2025-09-23 21:36:22,803 - __main__ - INFO -    HMM interval: 12,000, VAE interval: 12,000
2025-09-23 21:36:22,804 - __main__ - INFO - 🚫 Model training masking: 1308/12288 timesteps masked (10.6%) due to negative rewards (invalid actions)
2025-09-23 21:36:23,168 - __main__ - INFO - 🔄 Capping HMM batch size from 785 to 128 to prevent OOM
2025-09-23 21:36:23,169 - __main__ - INFO - 🔄 HMM refresh starting at step 113,664 with replay size 128x108
2025-09-23 21:36:29,464 - __main__ - DEBUG - Initial ELBO: -2073.4065
2025-09-23 21:36:29,468 - __main__ - DEBUG - Relative tol: 0.0100
2025-09-23 21:36:29,468 - __main__ - DEBUG - Relative elbo_drop_tol: 0.0100
2025-09-23 21:36:29,468 - __main__ - DEBUG - - Init -504.9328
2025-09-23 21:36:29,468 - __main__ - DEBUG - - Trans -7.9087
2025-09-23 21:36:29,468 - __main__ - DEBUG - - Emit 9949.0962
2025-09-23 21:36:29,468 - __main__ - DEBUG - - Entropy 0.0006
2025-09-23 21:36:29,468 - __main__ - DEBUG - - Dir -23.9093
2025-09-23 21:36:29,468 - __main__ - DEBUG - - NIW -11469.8555
2025-09-23 21:36:29,468 - __main__ - DEBUG - - Beta prior -15.8970
2025-09-23 21:36:36,200 - __main__ - DEBUG - Iter 0: ELBO after FB: -2073.4065 (LL 9436.2553, Δ=0.0000)
2025-09-23 21:36:36,201 - __main__ - DEBUG - Blending stats with ρ_niw=0.0500, ρ_tr=0.0500.
2025-09-23 21:36:36,250 - __main__ - DEBUG - Iter 0: ELBO after NIW update: 739.1619 (Emit LL 13216.0132, NIW term -11924.2041, Δ=2812.5684)
2025-09-23 21:36:36,299 - __main__ - DEBUG - Iter 0: ELBO after Dirichlet update: 739.2630 (Trans LL -7.6721, Dir term -24.0448, Δ=0.1011)
2025-09-23 21:36:36,368 - __main__ - DEBUG - Iter 0: ELBO after β update: 738.6594 (Init LL -505.4934, Dir term -24.0760, logp(β) -15.9087, Δ=-0.6035)
2025-09-23 21:36:42,679 - __main__ - DEBUG - Iter 1: ELBO after FB: 738.6594 (LL 12702.8483, Δ=0.0000)
2025-09-23 21:36:42,680 - __main__ - DEBUG - Blending stats with ρ_niw=0.0500, ρ_tr=0.0500.
2025-09-23 21:36:42,729 - __main__ - DEBUG - Iter 1: ELBO after NIW update: 738.6594 (Emit LL 13216.0132, NIW term -11924.2041, Δ=0.0000)
2025-09-23 21:36:42,777 - __main__ - DEBUG - Iter 1: ELBO after Dirichlet update: 738.6091 (Trans LL -7.6457, Dir term -24.1528, Δ=-0.0503)
2025-09-23 21:36:42,843 - __main__ - DEBUG - Iter 1: ELBO after β update: 738.0853 (Init LL -505.9470, Dir term -24.2154, logp(β) -15.9164, Δ=-0.5239)
2025-09-23 21:36:49,331 - __main__ - DEBUG - Iter 2: ELBO after FB: 738.0853 (LL 12702.4212, Δ=0.0000)
2025-09-23 21:36:49,332 - __main__ - DEBUG - Blending stats with ρ_niw=0.0500, ρ_tr=0.0500.
2025-09-23 21:36:49,380 - __main__ - DEBUG - Iter 2: ELBO after NIW update: 738.0853 (Emit LL 13216.0132, NIW term -11924.2041, Δ=0.0000)
2025-09-23 21:36:49,429 - __main__ - DEBUG - Iter 2: ELBO after Dirichlet update: 737.8734 (Trans LL -7.6243, Dir term -24.4485, Δ=-0.2118)
2025-09-23 21:36:49,499 - __main__ - DEBUG - Iter 2: ELBO after β update: 737.4350 (Init LL -506.2964, Dir term -24.5372, logp(β) -15.9167, Δ=-0.4384)
2025-09-23 21:36:56,107 - __main__ - DEBUG - Iter 3: ELBO after FB: 737.4350 (LL 12702.0930, Δ=0.0000)
2025-09-23 21:36:56,108 - __main__ - DEBUG - Blending stats with ρ_niw=0.0500, ρ_tr=0.0500.
2025-09-23 21:36:56,156 - __main__ - DEBUG - Iter 3: ELBO after NIW update: 737.4350 (Emit LL 13216.0132, NIW term -11924.2041, Δ=0.0000)
2025-09-23 21:36:56,205 - __main__ - DEBUG - Iter 3: ELBO after Dirichlet update: 737.1163 (Trans LL -7.6089, Dir term -24.8713, Δ=-0.3187)
2025-09-23 21:36:56,261 - __main__ - DEBUG - Iter 3: ELBO after β update: 737.1845 (Init LL -506.2023, Dir term -24.8985, logp(β) -15.9154, Δ=0.0681)
2025-09-23 21:37:02,881 - __main__ - DEBUG - Iter 4: ELBO after FB: 737.1845 (LL 12702.2026, Δ=0.0000)
2025-09-23 21:37:02,882 - __main__ - DEBUG - Blending stats with ρ_niw=0.0500, ρ_tr=0.0500.
2025-09-23 21:37:02,930 - __main__ - DEBUG - Iter 4: ELBO after NIW update: 737.1845 (Emit LL 13216.0132, NIW term -11924.2041, Δ=0.0000)
2025-09-23 21:37:02,978 - __main__ - DEBUG - Iter 4: ELBO after Dirichlet update: 737.1029 (Trans LL -7.6126, Dir term -24.9764, Δ=-0.0816)
2025-09-23 21:37:03,046 - __main__ - DEBUG - Iter 4: ELBO after β update: 736.8483 (Init LL -506.3805, Dir term -25.0605, logp(β) -15.9078, Δ=-0.2546)
2025-09-23 21:37:03,048 - __main__ - INFO -    HMM refresh complete: ELBO=11.4033, iters=0, max iters, states=40
2025-09-23 21:37:03,048 - __main__ - INFO -    ✅ HMM updated (next in 12,000 steps)
2025-09-23 21:37:03,048 - __main__ - INFO - 🔄 VAE refresh starting at step 113,664 with replay size 8x1536
2025-09-23 21:37:03,049 - __main__ - INFO -    Using span sampling (12288 timesteps, too large for full buffer)
2025-09-23 21:37:29,122 - __main__ - INFO -    VAE refresh complete: final_loss=2761.2153, avg_loss=2766.0878, steps=4/4, trend=improving, total_timesteps=12288, span_sampling=32_requested×4_steps, span_len=64
2025-09-23 21:37:29,124 - __main__ - INFO -    ✅ VAE updated (next in 12,000 steps)
2025-09-23 21:37:31,394 - __main__ - INFO - 📊 Episodes completed this rollout: 5
2025-09-23 21:37:31,394 - __main__ - INFO - 📈 Episode stats: avg return = 0.21, avg length = 232.4
2025-09-23 21:37:31,394 - __main__ - INFO - 🎯 Top 3 training actions: #0(21044), #2(18476), #5(15663)
2025-09-23 21:37:35,419 - __main__ - INFO - 📊 Episodes completed this rollout: 5
2025-09-23 21:37:35,419 - __main__ - INFO - 📈 Episode stats: avg return = 0.12, avg length = 257.0
2025-09-23 21:37:35,419 - __main__ - INFO - 🎯 Top 3 training actions: #0(21235), #2(18617), #5(15853)
2025-09-23 21:37:39,453 - __main__ - INFO - 📊 Episodes completed this rollout: 3
2025-09-23 21:37:39,453 - __main__ - INFO - 📈 Episode stats: avg return = 0.11, avg length = 246.0
2025-09-23 21:37:39,453 - __main__ - INFO - 🎯 Top 3 training actions: #0(21407), #2(18749), #5(16048)
2025-09-23 21:37:43,472 - __main__ - INFO - 📊 Episodes completed this rollout: 5
2025-09-23 21:37:43,473 - __main__ - INFO - 📈 Episode stats: avg return = -0.11, avg length = 268.0
2025-09-23 21:37:43,473 - __main__ - INFO - 🎯 Top 3 training actions: #0(21587), #2(18890), #5(16218)
2025-09-23 21:37:47,455 - __main__ - INFO - 📊 Episodes completed this rollout: 3
2025-09-23 21:37:47,455 - __main__ - INFO - 📈 Episode stats: avg return = 0.80, avg length = 162.0
2025-09-23 21:37:47,455 - __main__ - INFO - 🎯 Top 3 training actions: #0(21757), #2(19049), #5(16401)
2025-09-23 21:37:51,489 - __main__ - INFO - 📊 Episodes completed this rollout: 4
2025-09-23 21:37:51,489 - __main__ - INFO - 📈 Episode stats: avg return = -0.27, avg length = 300.0
2025-09-23 21:37:51,490 - __main__ - INFO - 🎯 Top 3 training actions: #0(21961), #2(19174), #5(16597)
2025-09-23 21:37:55,567 - __main__ - INFO - 📊 Episodes completed this rollout: 5
2025-09-23 21:37:55,567 - __main__ - INFO - 📈 Episode stats: avg return = 0.52, avg length = 180.8
2025-09-23 21:37:55,568 - __main__ - INFO - 🎯 Top 3 training actions: #0(22156), #2(19297), #5(16787)
2025-09-23 21:37:57,318 - __main__ - INFO - 🧪 Starting evaluation with 50 episodes...
2025-09-23 21:37:57,318 - __main__ - INFO -    Eval seed: 51
2025-09-23 21:37:57,318 - __main__ - INFO -    Max episode steps (eval): env default
2025-09-23 21:37:57,319 - nle.env.base - INFO - Not saving any NLE data.
2025-09-23 21:38:00,000 - __main__ - DEBUG - 🎯 Eval HMM masking: step 250 masked due to negative reward
2025-09-23 21:38:00,515 - __main__ - WARNING - ⚠️ Episode 1 terminated due to step limit.
2025-09-23 21:38:14,404 - __main__ - DEBUG - 🎯 Eval HMM masking: step 200 masked due to negative reward
2025-09-23 21:38:15,434 - __main__ - WARNING - ⚠️ Episode 9 terminated due to step limit.
2025-09-23 21:38:17,667 - __main__ - DEBUG - 🎯 Eval HMM masking: step 200 masked due to negative reward
2025-09-23 21:38:18,693 - __main__ - WARNING - ⚠️ Episode 10 terminated due to step limit.
2025-09-23 21:38:20,524 - __main__ - DEBUG - 🎯 Eval HMM masking: step 150 masked due to negative reward
2025-09-23 21:38:22,180 - __main__ - WARNING - ⚠️ Episode 11 terminated due to step limit.
2025-09-23 21:38:25,675 - __main__ - WARNING - ⚠️ Episode 12 terminated due to step limit.
2025-09-23 21:38:29,043 - __main__ - WARNING - ⚠️ Episode 14 terminated due to step limit.
2025-09-23 21:38:32,815 - __main__ - WARNING - ⚠️ Episode 16 terminated due to step limit.
2025-09-23 21:38:35,605 - __main__ - DEBUG - 🎯 Eval HMM masking: step 250 masked due to negative reward
2025-09-23 21:38:36,119 - __main__ - WARNING - ⚠️ Episode 18 terminated due to step limit.
2025-09-23 21:38:36,803 - __main__ - DEBUG - 🎯 Eval HMM masking: step 50 masked due to negative reward
2025-09-23 21:38:39,385 - __main__ - WARNING - ⚠️ Episode 19 terminated due to step limit.
2025-09-23 21:38:42,643 - __main__ - WARNING - ⚠️ Episode 20 terminated due to step limit.
2025-09-23 21:38:44,452 - __main__ - DEBUG - 🎯 Eval HMM masking: step 150 masked due to negative reward
2025-09-23 21:38:45,995 - __main__ - WARNING - ⚠️ Episode 22 terminated due to step limit.
2025-09-23 21:38:49,265 - __main__ - WARNING - ⚠️ Episode 23 terminated due to step limit.
2025-09-23 21:38:52,020 - __main__ - DEBUG - 🎯 Eval HMM masking: step 250 masked due to negative reward
2025-09-23 21:38:52,532 - __main__ - WARNING - ⚠️ Episode 24 terminated due to step limit.
2025-09-23 21:38:58,087 - __main__ - WARNING - ⚠️ Episode 27 terminated due to step limit.
2025-09-23 21:39:00,832 - __main__ - DEBUG - 🎯 Eval HMM masking: step 250 masked due to negative reward
2025-09-23 21:39:01,338 - __main__ - WARNING - ⚠️ Episode 28 terminated due to step limit.
2025-09-23 21:39:06,023 - __main__ - WARNING - ⚠️ Episode 31 terminated due to step limit.
2025-09-23 21:39:09,281 - __main__ - WARNING - ⚠️ Episode 32 terminated due to step limit.
2025-09-23 21:39:12,165 - __main__ - DEBUG - 🎯 Eval HMM masking: step 50 masked due to negative reward
2025-09-23 21:39:17,333 - __main__ - WARNING - ⚠️ Episode 35 terminated due to step limit.
2025-09-23 21:39:20,631 - __main__ - WARNING - ⚠️ Episode 36 terminated due to step limit.
2025-09-23 21:39:23,893 - __main__ - WARNING - ⚠️ Episode 37 terminated due to step limit.
2025-09-23 21:39:25,089 - __main__ - DEBUG - 🎯 Eval HMM masking: step 100 masked due to negative reward
2025-09-23 21:39:26,122 - __main__ - DEBUG - 🎯 Eval HMM masking: step 200 masked due to negative reward
2025-09-23 21:39:27,148 - __main__ - WARNING - ⚠️ Episode 38 terminated due to step limit.
2025-09-23 21:39:30,512 - __main__ - WARNING - ⚠️ Episode 39 terminated due to step limit.
2025-09-23 21:39:32,757 - __main__ - DEBUG - 🎯 Eval HMM masking: step 200 masked due to negative reward
2025-09-23 21:39:33,278 - __main__ - DEBUG - 🎯 Eval HMM masking: step 250 masked due to negative reward
2025-09-23 21:39:33,821 - __main__ - WARNING - ⚠️ Episode 40 terminated due to step limit.
2025-09-23 21:39:37,288 - __main__ - WARNING - ⚠️ Episode 41 terminated due to step limit.
2025-09-23 21:39:38,016 - __main__ - DEBUG - 🎯 Eval HMM masking: step 50 masked due to negative reward
2025-09-23 21:39:40,703 - __main__ - WARNING - ⚠️ Episode 42 terminated due to step limit.
2025-09-23 21:39:41,429 - __main__ - DEBUG - 🎯 Eval HMM masking: step 50 masked due to negative reward
2025-09-23 21:39:44,027 - __main__ - WARNING - ⚠️ Episode 43 terminated due to step limit.
2025-09-23 21:39:47,298 - __main__ - WARNING - ⚠️ Episode 44 terminated due to step limit.
2025-09-23 21:39:51,618 - __main__ - WARNING - ⚠️ Episode 46 terminated due to step limit.
2025-09-23 21:39:52,824 - __main__ - DEBUG - 🎯 Eval HMM masking: step 100 masked due to negative reward
2025-09-23 21:39:54,895 - __main__ - WARNING - ⚠️ Episode 47 terminated due to step limit.
2025-09-23 21:39:56,792 - __main__ - DEBUG - 🎯 Eval HMM masking: step 100 masked due to negative reward
2025-09-23 21:39:57,408 - __main__ - INFO - 📊 Evaluation Results (Current Round):
2025-09-23 21:39:57,408 - __main__ - INFO -    Episodes: 50
2025-09-23 21:39:57,408 - __main__ - INFO -    Time: 120.1s (2.4s/ep)
2025-09-23 21:39:57,408 - __main__ - INFO -    Average Return: 0.128 ± 0.674
2025-09-23 21:39:57,408 - __main__ - INFO -    Success Rate: 42.0%
2025-09-23 21:39:57,408 - __main__ - INFO -    Average Length: 217.3
2025-09-23 21:39:57,408 - __main__ - INFO -    Average Coverage: 70.8 positions
2025-09-23 21:39:57,408 - __main__ - INFO -    Episode Completions: 21 terminated (42.0%), 29 truncated (58.0%)
2025-09-23 21:39:57,408 - __main__ - INFO - 📈 Total Evaluation Statistics:
2025-09-23 21:39:57,408 - __main__ - INFO -    Total Episodes: 600
2025-09-23 21:39:57,408 - __main__ - INFO -    Total Average Return: 0.115 ± 0.654
2025-09-23 21:39:57,409 - __main__ - INFO -    Total Average Length: 225.7 ± 104.6
2025-09-23 21:39:57,409 - __main__ - INFO -    Total Completions: 250 terminated (41.7%), 350 truncated (58.3%)
2025-09-23 21:39:57,409 - __main__ - INFO -    Skill Entropy: 0.001
2025-09-23 21:39:57,409 - __main__ - INFO -    Used Skills: 1.0
2025-09-23 21:39:57,409 - __main__ - INFO -    Effective K: 1.00
2025-09-23 21:39:57,409 - __main__ - INFO - 🎯 Action Usage Statistics:
2025-09-23 21:39:57,409 - __main__ - INFO -    Unique actions in evaluation: 8
2025-09-23 21:39:57,409 - __main__ - INFO -    Unique actions in training: 8
2025-09-23 21:39:57,409 - __main__ - INFO -    Total unique actions: 8
2025-09-23 21:39:57,409 - __main__ - INFO -    Action coverage: 6.6%
2025-09-23 21:39:57,410 - __main__ - INFO -    Train action count: 120832
2025-09-23 21:39:57,410 - __main__ - INFO -    Eval action count: 135445
2025-09-23 21:39:57,410 - __main__ - INFO -    Train action entropy: 2.045
2025-09-23 21:39:57,410 - __main__ - INFO -    Eval action entropy: 2.038
2025-09-23 21:39:57,411 - __main__ - INFO -    Top 3 train actions: #0(22156), #2(19297), #5(16787)
2025-09-23 21:39:57,411 - __main__ - INFO -    Top 3 eval actions: #0(24686), #2(23063), #5(19022)
2025-09-23 21:39:59,684 - __main__ - INFO - 📊 Episodes completed this rollout: 5
2025-09-23 21:39:59,684 - __main__ - INFO - 📈 Episode stats: avg return = -0.13, avg length = 245.6
2025-09-23 21:39:59,684 - __main__ - INFO - 🎯 Top 3 training actions: #0(22334), #2(19424), #5(16931)
2025-09-23 21:40:03,700 - __main__ - INFO - 📊 Episodes completed this rollout: 3
2025-09-23 21:40:03,700 - __main__ - INFO - 📈 Episode stats: avg return = -0.32, avg length = 300.0
2025-09-23 21:40:03,700 - __main__ - INFO - 🎯 Top 3 training actions: #0(22520), #2(19555), #5(17058)
2025-09-23 21:40:07,820 - __main__ - INFO - 📊 Episodes completed this rollout: 7
2025-09-23 21:40:07,821 - __main__ - INFO - 📈 Episode stats: avg return = 0.25, avg length = 200.6
2025-09-23 21:40:07,821 - __main__ - INFO - 🎯 Top 3 training actions: #0(22705), #2(19699), #5(17193)
2025-09-23 21:40:11,867 - __main__ - INFO - 📊 Episodes completed this rollout: 4
2025-09-23 21:40:11,867 - __main__ - INFO - 📈 Episode stats: avg return = 0.33, avg length = 190.5
2025-09-23 21:40:11,867 - __main__ - INFO - 🎯 Top 3 training actions: #0(22884), #2(19835), #5(17328)
2025-09-23 21:40:15,871 - __main__ - INFO - 📊 Episodes completed this rollout: 4
2025-09-23 21:40:15,871 - __main__ - INFO - 📈 Episode stats: avg return = -0.21, avg length = 300.0
2025-09-23 21:40:15,871 - __main__ - INFO - 🎯 Top 3 training actions: #0(23043), #2(19977), #5(17450)
2025-09-23 21:40:17,616 - __main__ - INFO - 🔄 Synchronized model update at step 125,952
2025-09-23 21:40:17,617 - __main__ - INFO -    HMM interval: 12,000, VAE interval: 12,000
2025-09-23 21:40:17,618 - __main__ - INFO - 🚫 Model training masking: 1344/12288 timesteps masked (10.9%) due to negative rewards (invalid actions)
2025-09-23 21:40:17,980 - __main__ - INFO - 🔄 Capping HMM batch size from 786 to 128 to prevent OOM
2025-09-23 21:40:17,981 - __main__ - INFO - 🔄 HMM refresh starting at step 125,952 with replay size 128x93
2025-09-23 21:40:23,087 - __main__ - DEBUG - Initial ELBO: -813.2690
2025-09-23 21:40:23,090 - __main__ - DEBUG - Relative tol: 0.0100
2025-09-23 21:40:23,090 - __main__ - DEBUG - Relative elbo_drop_tol: 0.0100
2025-09-23 21:40:23,090 - __main__ - DEBUG - - Init -505.4934
2025-09-23 21:40:23,090 - __main__ - DEBUG - - Trans -6.3826
2025-09-23 21:40:23,090 - __main__ - DEBUG - - Emit 11662.7954
2025-09-23 21:40:23,091 - __main__ - DEBUG - - Entropy 0.0005
2025-09-23 21:40:23,091 - __main__ - DEBUG - - Dir -24.0760
2025-09-23 21:40:23,091 - __main__ - DEBUG - - NIW -11924.2041
2025-09-23 21:40:23,091 - __main__ - DEBUG - - Beta prior -15.9087
2025-09-23 21:40:28,894 - __main__ - DEBUG - Iter 0: ELBO after FB: -813.2690 (LL 11150.9199, Δ=0.0000)
2025-09-23 21:40:28,895 - __main__ - DEBUG - Blending stats with ρ_niw=0.0500, ρ_tr=0.0500.
2025-09-23 21:40:28,943 - __main__ - DEBUG - Iter 0: ELBO after NIW update: 954.9732 (Emit LL 13781.1899, NIW term -12274.3564, Δ=1768.2422)
2025-09-23 21:40:28,992 - __main__ - DEBUG - Iter 0: ELBO after Dirichlet update: 955.0303 (Trans LL -6.2873, Dir term -24.1143, Δ=0.0571)
2025-09-23 21:40:29,059 - __main__ - DEBUG - Iter 0: ELBO after β update: 954.4650 (Init LL -506.0172, Dir term -24.1439, logp(β) -15.9207, Δ=-0.5653)
2025-09-23 21:40:34,477 - __main__ - DEBUG - Iter 1: ELBO after FB: 954.4650 (LL 13268.8860, Δ=0.0000)
2025-09-23 21:40:34,477 - __main__ - DEBUG - Blending stats with ρ_niw=0.0500, ρ_tr=0.0500.
2025-09-23 21:40:34,526 - __main__ - DEBUG - Iter 1: ELBO after NIW update: 954.4650 (Emit LL 13781.1899, NIW term -12274.3564, Δ=0.0000)
2025-09-23 21:40:34,574 - __main__ - DEBUG - Iter 1: ELBO after Dirichlet update: 954.4000 (Trans LL -6.2665, Dir term -24.2297, Δ=-0.0650)
2025-09-23 21:40:34,640 - __main__ - DEBUG - Iter 1: ELBO after β update: 953.8911 (Init LL -506.4644, Dir term -24.2849, logp(β) -15.9272, Δ=-0.5089)
2025-09-23 21:40:40,383 - __main__ - DEBUG - Iter 2: ELBO after FB: 953.8911 (LL 13268.4596, Δ=0.0000)
2025-09-23 21:40:40,384 - __main__ - DEBUG - Blending stats with ρ_niw=0.0500, ρ_tr=0.0500.
2025-09-23 21:40:40,433 - __main__ - DEBUG - Iter 2: ELBO after NIW update: 953.8911 (Emit LL 13781.1899, NIW term -12274.3564, Δ=0.0000)
2025-09-23 21:40:40,483 - __main__ - DEBUG - Iter 2: ELBO after Dirichlet update: 953.6700 (Trans LL -6.2494, Dir term -24.5231, Δ=-0.2211)
2025-09-23 21:40:40,552 - __main__ - DEBUG - Iter 2: ELBO after β update: 953.2459 (Init LL -506.7935, Dir term -24.6185, logp(β) -15.9268, Δ=-0.4241)
2025-09-23 21:40:46,246 - __main__ - DEBUG - Iter 3: ELBO after FB: 953.2459 (LL 13268.1476, Δ=0.0000)
2025-09-23 21:40:46,246 - __main__ - DEBUG - Blending stats with ρ_niw=0.0500, ρ_tr=0.0500.
2025-09-23 21:40:46,295 - __main__ - DEBUG - Iter 3: ELBO after NIW update: 953.2459 (Emit LL 13781.1899, NIW term -12274.3564, Δ=0.0000)
2025-09-23 21:40:46,343 - __main__ - DEBUG - Iter 3: ELBO after Dirichlet update: 952.9215 (Trans LL -6.2365, Dir term -24.9557, Δ=-0.3244)
2025-09-23 21:40:46,410 - __main__ - DEBUG - Iter 3: ELBO after β update: 952.7701 (Init LL -506.8819, Dir term -25.0241, logp(β) -15.9214, Δ=-0.1514)
2025-09-23 21:40:52,071 - __main__ - DEBUG - Iter 4: ELBO after FB: 952.7701 (LL 13268.0721, Δ=0.0000)
2025-09-23 21:40:52,072 - __main__ - DEBUG - Blending stats with ρ_niw=0.0500, ρ_tr=0.0500.
2025-09-23 21:40:52,120 - __main__ - DEBUG - Iter 4: ELBO after NIW update: 952.7701 (Emit LL 13781.1899, NIW term -12274.3564, Δ=0.0000)
2025-09-23 21:40:52,170 - __main__ - DEBUG - Iter 4: ELBO after Dirichlet update: 952.4427 (Trans LL -6.2335, Dir term -25.3546, Δ=-0.3274)
2025-09-23 21:40:52,228 - __main__ - DEBUG - Iter 4: ELBO after β update: 952.4908 (Init LL -506.8109, Dir term -25.3793, logp(β) -15.9196, Δ=0.0481)
2025-09-23 21:40:52,230 - __main__ - INFO -    HMM refresh complete: ELBO=34.9862, iters=0, max iters, states=40
2025-09-23 21:40:52,230 - __main__ - INFO -    ✅ HMM updated (next in 12,000 steps)
2025-09-23 21:40:52,230 - __main__ - INFO - 🔄 VAE refresh starting at step 125,952 with replay size 8x1536
2025-09-23 21:40:52,231 - __main__ - INFO -    Using span sampling (12288 timesteps, too large for full buffer)
2025-09-23 21:41:17,726 - __main__ - INFO -    VAE refresh complete: final_loss=2746.0076, avg_loss=2752.3947, steps=4/4, trend=improving, total_timesteps=12288, span_sampling=32_requested×4_steps, span_len=64
2025-09-23 21:41:17,728 - __main__ - INFO -    ✅ VAE updated (next in 12,000 steps)
2025-09-23 21:41:19,971 - __main__ - INFO - 📊 Episodes completed this rollout: 3
2025-09-23 21:41:19,971 - __main__ - INFO - 📈 Episode stats: avg return = 0.01, avg length = 276.3
2025-09-23 21:41:19,972 - __main__ - INFO - 🎯 Top 3 training actions: #0(23200), #2(20132), #5(17576)
2025-09-23 21:41:23,915 - __main__ - INFO - 📊 Episodes completed this rollout: 3
2025-09-23 21:41:23,915 - __main__ - INFO - 📈 Episode stats: avg return = 0.08, avg length = 243.3
2025-09-23 21:41:23,915 - __main__ - INFO - 🎯 Top 3 training actions: #0(23371), #2(20279), #5(17704)
2025-09-23 21:41:27,888 - __main__ - INFO - 📊 Episodes completed this rollout: 5
2025-09-23 21:41:27,888 - __main__ - INFO - 📈 Episode stats: avg return = -0.29, avg length = 300.0
2025-09-23 21:41:27,888 - __main__ - INFO - 🎯 Top 3 training actions: #0(23512), #2(20429), #5(17838)
2025-09-23 21:41:31,826 - __main__ - INFO - 📊 Episodes completed this rollout: 2
2025-09-23 21:41:31,826 - __main__ - INFO - 📈 Episode stats: avg return = -0.33, avg length = 300.0
2025-09-23 21:41:31,827 - __main__ - INFO - 🎯 Top 3 training actions: #0(23669), #2(20584), #5(17975)
2025-09-23 21:41:33,539 - __main__ - INFO - 🧪 Starting evaluation with 50 episodes...
2025-09-23 21:41:33,540 - __main__ - INFO -    Eval seed: 51
2025-09-23 21:41:33,540 - __main__ - INFO -    Max episode steps (eval): env default
2025-09-23 21:41:33,540 - nle.env.base - INFO - Not saving any NLE data.
2025-09-23 21:41:35,130 - __main__ - DEBUG - 🎯 Eval HMM masking: step 150 masked due to negative reward
2025-09-23 21:41:35,658 - __main__ - DEBUG - 🎯 Eval HMM masking: step 200 masked due to negative reward
2025-09-23 21:41:36,709 - __main__ - WARNING - ⚠️ Episode 1 terminated due to step limit.
2025-09-23 21:41:40,032 - __main__ - WARNING - ⚠️ Episode 2 terminated due to step limit.
2025-09-23 21:41:41,726 - __main__ - DEBUG - 🎯 Eval HMM masking: step 100 masked due to negative reward
2025-09-23 21:41:43,781 - __main__ - WARNING - ⚠️ Episode 4 terminated due to step limit.
2025-09-23 21:41:46,019 - __main__ - DEBUG - 🎯 Eval HMM masking: step 200 masked due to negative reward
2025-09-23 21:41:47,099 - __main__ - WARNING - ⚠️ Episode 5 terminated due to step limit.
2025-09-23 21:41:53,922 - __main__ - DEBUG - 🎯 Eval HMM masking: step 150 masked due to negative reward
2025-09-23 21:41:55,488 - __main__ - WARNING - ⚠️ Episode 9 terminated due to step limit.
2025-09-23 21:41:57,557 - __main__ - DEBUG - 🎯 Eval HMM masking: step 150 masked due to negative reward
2025-09-23 21:42:05,650 - __main__ - WARNING - ⚠️ Episode 15 terminated due to step limit.
2025-09-23 21:42:07,376 - __main__ - DEBUG - 🎯 Eval HMM masking: step 150 masked due to negative reward
2025-09-23 21:42:08,403 - __main__ - DEBUG - 🎯 Eval HMM masking: step 250 masked due to negative reward
2025-09-23 21:42:08,908 - __main__ - WARNING - ⚠️ Episode 16 terminated due to step limit.
2025-09-23 21:42:13,551 - __main__ - DEBUG - 🎯 Eval HMM masking: step 150 masked due to negative reward
2025-09-23 21:42:17,766 - __main__ - WARNING - ⚠️ Episode 20 terminated due to step limit.
2025-09-23 21:42:20,548 - __main__ - DEBUG - 🎯 Eval HMM masking: step 250 masked due to negative reward
2025-09-23 21:42:21,055 - __main__ - WARNING - ⚠️ Episode 22 terminated due to step limit.
2025-09-23 21:42:24,787 - __main__ - DEBUG - 🎯 Eval HMM masking: step 100 masked due to negative reward
2025-09-23 21:42:26,910 - __main__ - WARNING - ⚠️ Episode 25 terminated due to step limit.
2025-09-23 21:42:30,187 - __main__ - WARNING - ⚠️ Episode 26 terminated due to step limit.
2025-09-23 21:42:35,905 - __main__ - WARNING - ⚠️ Episode 29 terminated due to step limit.
2025-09-23 21:42:37,932 - __main__ - DEBUG - 🎯 Eval HMM masking: step 150 masked due to negative reward
2025-09-23 21:42:39,480 - __main__ - WARNING - ⚠️ Episode 31 terminated due to step limit.
2025-09-23 21:42:42,818 - __main__ - WARNING - ⚠️ Episode 32 terminated due to step limit.
2025-09-23 21:42:47,822 - __main__ - DEBUG - 🎯 Eval HMM masking: step 200 masked due to negative reward
2025-09-23 21:42:48,851 - __main__ - WARNING - ⚠️ Episode 34 terminated due to step limit.
2025-09-23 21:42:52,109 - __main__ - WARNING - ⚠️ Episode 35 terminated due to step limit.
2025-09-23 21:42:53,308 - __main__ - DEBUG - 🎯 Eval HMM masking: step 100 masked due to negative reward
2025-09-23 21:42:55,364 - __main__ - WARNING - ⚠️ Episode 36 terminated due to step limit.
2025-09-23 21:43:00,932 - __main__ - DEBUG - 🎯 Eval HMM masking: step 250 masked due to negative reward
2025-09-23 21:43:01,455 - __main__ - WARNING - ⚠️ Episode 38 terminated due to step limit.
2025-09-23 21:43:04,756 - __main__ - WARNING - ⚠️ Episode 39 terminated due to step limit.
2025-09-23 21:43:08,038 - __main__ - WARNING - ⚠️ Episode 40 terminated due to step limit.
2025-09-23 21:43:08,725 - __main__ - DEBUG - 🎯 Eval HMM masking: step 50 masked due to negative reward
2025-09-23 21:43:10,281 - __main__ - DEBUG - 🎯 Eval HMM masking: step 200 masked due to negative reward
2025-09-23 21:43:11,313 - __main__ - WARNING - ⚠️ Episode 41 terminated due to step limit.
2025-09-23 21:43:12,010 - __main__ - DEBUG - 🎯 Eval HMM masking: step 50 masked due to negative reward
2025-09-23 21:43:13,046 - __main__ - DEBUG - 🎯 Eval HMM masking: step 150 masked due to negative reward
2025-09-23 21:43:16,481 - __main__ - WARNING - ⚠️ Episode 43 terminated due to step limit.
2025-09-23 21:43:18,962 - __main__ - DEBUG - 🎯 Eval HMM masking: step 50 masked due to negative reward
2025-09-23 21:43:21,562 - __main__ - WARNING - ⚠️ Episode 45 terminated due to step limit.
2025-09-23 21:43:23,296 - __main__ - DEBUG - 🎯 Eval HMM masking: step 150 masked due to negative reward
2025-09-23 21:43:24,854 - __main__ - WARNING - ⚠️ Episode 46 terminated due to step limit.
2025-09-23 21:43:32,990 - __main__ - WARNING - ⚠️ Episode 50 terminated due to step limit.
2025-09-23 21:43:33,155 - __main__ - INFO - 📊 Evaluation Results (Current Round):
2025-09-23 21:43:33,155 - __main__ - INFO -    Episodes: 50
2025-09-23 21:43:33,155 - __main__ - INFO -    Time: 119.6s (2.4s/ep)
2025-09-23 21:43:33,155 - __main__ - INFO -    Average Return: 0.254 ± 0.636
2025-09-23 21:43:33,155 - __main__ - INFO -    Success Rate: 50.0%
2025-09-23 21:43:33,155 - __main__ - INFO -    Average Length: 217.6
2025-09-23 21:43:33,155 - __main__ - INFO -    Average Coverage: 78.6 positions
2025-09-23 21:43:33,155 - __main__ - INFO -    Episode Completions: 25 terminated (50.0%), 25 truncated (50.0%)
2025-09-23 21:43:33,155 - __main__ - INFO - 📈 Total Evaluation Statistics:
2025-09-23 21:43:33,155 - __main__ - INFO -    Total Episodes: 650
2025-09-23 21:43:33,156 - __main__ - INFO -    Total Average Return: 0.126 ± 0.654
2025-09-23 21:43:33,156 - __main__ - INFO -    Total Average Length: 225.1 ± 104.5
2025-09-23 21:43:33,156 - __main__ - INFO -    Total Completions: 275 terminated (42.3%), 375 truncated (57.7%)
2025-09-23 21:43:33,156 - __main__ - INFO -    Skill Entropy: 0.001
2025-09-23 21:43:33,156 - __main__ - INFO -    Used Skills: 1.0
2025-09-23 21:43:33,156 - __main__ - INFO -    Effective K: 1.00
2025-09-23 21:43:33,156 - __main__ - INFO - 🎯 Action Usage Statistics:
2025-09-23 21:43:33,156 - __main__ - INFO -    Unique actions in evaluation: 8
2025-09-23 21:43:33,156 - __main__ - INFO -    Unique actions in training: 8
2025-09-23 21:43:33,156 - __main__ - INFO -    Total unique actions: 8
2025-09-23 21:43:33,156 - __main__ - INFO -    Action coverage: 6.6%
2025-09-23 21:43:33,157 - __main__ - INFO -    Train action count: 130048
2025-09-23 21:43:33,157 - __main__ - INFO -    Eval action count: 146324
2025-09-23 21:43:33,157 - __main__ - INFO -    Train action entropy: 2.047
2025-09-23 21:43:33,157 - __main__ - INFO -    Eval action entropy: 2.040
2025-09-23 21:43:33,158 - __main__ - INFO -    Top 3 train actions: #0(23669), #2(20584), #5(17975)
2025-09-23 21:43:33,158 - __main__ - INFO -    Top 3 eval actions: #0(26548), #2(24587), #5(20345)
2025-09-23 21:43:35,480 - __main__ - INFO - 📊 Episodes completed this rollout: 6
2025-09-23 21:43:35,480 - __main__ - INFO - 📈 Episode stats: avg return = -0.33, avg length = 300.0
2025-09-23 21:43:35,480 - __main__ - INFO - 🎯 Top 3 training actions: #0(23848), #2(20723), #5(18080)
2025-09-23 21:43:39,486 - __main__ - INFO - 📊 Episodes completed this rollout: 2
2025-09-23 21:43:39,487 - __main__ - INFO - 📈 Episode stats: avg return = 0.25, avg length = 225.0
2025-09-23 21:43:39,487 - __main__ - INFO - 🎯 Top 3 training actions: #0(24038), #2(20866), #5(18195)
2025-09-23 21:43:43,624 - __main__ - INFO - 📊 Episodes completed this rollout: 9
2025-09-23 21:43:43,624 - __main__ - INFO - 📈 Episode stats: avg return = 0.40, avg length = 166.1
2025-09-23 21:43:43,625 - __main__ - INFO - 🎯 Top 3 training actions: #0(24256), #2(21022), #5(18315)
2025-09-23 21:43:47,665 - __main__ - INFO - 📊 Episodes completed this rollout: 3
2025-09-23 21:43:47,665 - __main__ - INFO - 📈 Episode stats: avg return = 0.39, avg length = 170.0
2025-09-23 21:43:47,665 - __main__ - INFO - 🎯 Top 3 training actions: #0(24487), #2(21205), #5(18408)
2025-09-23 21:43:51,685 - __main__ - INFO - 📊 Episodes completed this rollout: 5
2025-09-23 21:43:51,685 - __main__ - INFO - 📈 Episode stats: avg return = 0.17, avg length = 223.8
2025-09-23 21:43:51,685 - __main__ - INFO - 🎯 Top 3 training actions: #0(24706), #2(21350), #5(18530)
2025-09-23 21:43:55,753 - __main__ - INFO - 📊 Episodes completed this rollout: 9
2025-09-23 21:43:55,754 - __main__ - INFO - 📈 Episode stats: avg return = 0.53, avg length = 151.7
2025-09-23 21:43:55,754 - __main__ - INFO - 🎯 Top 3 training actions: #0(24910), #2(21481), #5(18651)
2025-09-23 21:43:59,718 - __main__ - INFO - 📊 Episodes completed this rollout: 2
2025-09-23 21:43:59,718 - __main__ - INFO - 📈 Episode stats: avg return = 0.34, avg length = 238.0
2025-09-23 21:43:59,718 - __main__ - INFO - 🎯 Top 3 training actions: #0(25092), #2(21636), #5(18798)
2025-09-23 21:44:03,733 - __main__ - INFO - 📊 Episodes completed this rollout: 6
2025-09-23 21:44:03,733 - __main__ - INFO - 📈 Episode stats: avg return = 0.16, avg length = 235.5
2025-09-23 21:44:03,733 - __main__ - INFO - 🎯 Top 3 training actions: #0(25317), #2(21794), #5(18941)
2025-09-23 21:44:05,471 - __main__ - INFO - 🔄 Synchronized model update at step 138,240
2025-09-23 21:44:05,471 - __main__ - INFO -    HMM interval: 12,000, VAE interval: 12,000
2025-09-23 21:44:05,472 - __main__ - INFO - 🚫 Model training masking: 1104/12288 timesteps masked (9.0%) due to negative rewards (invalid actions)
2025-09-23 21:44:05,837 - __main__ - INFO - 🔄 Capping HMM batch size from 763 to 128 to prevent OOM
2025-09-23 21:44:05,838 - __main__ - INFO - 🔄 HMM refresh starting at step 138,240 with replay size 128x128
2025-09-23 21:44:13,132 - __main__ - DEBUG - Initial ELBO: 4615.9196
2025-09-23 21:44:13,137 - __main__ - DEBUG - Relative tol: 0.0100
2025-09-23 21:44:13,137 - __main__ - DEBUG - Relative elbo_drop_tol: 0.0100
2025-09-23 21:44:13,137 - __main__ - DEBUG - - Init -506.0172
2025-09-23 21:44:13,137 - __main__ - DEBUG - - Trans -7.7340
2025-09-23 21:44:13,137 - __main__ - DEBUG - - Emit 17444.0911
2025-09-23 21:44:13,137 - __main__ - DEBUG - - Entropy 0.0007
2025-09-23 21:44:13,137 - __main__ - DEBUG - - Dir -24.1439
2025-09-23 21:44:13,137 - __main__ - DEBUG - - NIW -12274.3564
2025-09-23 21:44:13,137 - __main__ - DEBUG - - Beta prior -15.9207
2025-09-23 21:44:20,949 - __main__ - DEBUG - Iter 0: ELBO after FB: 4615.9196 (LL 16930.3407, Δ=0.0000)
2025-09-23 21:44:20,950 - __main__ - DEBUG - Blending stats with ρ_niw=0.0500, ρ_tr=0.0500.
2025-09-23 21:44:21,001 - __main__ - DEBUG - Iter 0: ELBO after NIW update: 6988.9677 (Emit LL 20312.8707, NIW term -12770.0879, Δ=2373.0481)
2025-09-23 21:44:21,050 - __main__ - DEBUG - Iter 0: ELBO after Dirichlet update: 6989.0679 (Trans LL -7.5152, Dir term -24.2626, Δ=0.1002)
2025-09-23 21:44:21,114 - __main__ - DEBUG - Iter 0: ELBO after β update: 6988.5165 (Init LL -506.5367, Dir term -24.2824, logp(β) -15.9328, Δ=-0.5514)
2025-09-23 21:44:28,875 - __main__ - DEBUG - Iter 1: ELBO after FB: 6988.5165 (LL 19798.8195, Δ=0.0000)
2025-09-23 21:44:28,877 - __main__ - DEBUG - Blending stats with ρ_niw=0.0500, ρ_tr=0.0500.
2025-09-23 21:44:28,927 - __main__ - DEBUG - Iter 1: ELBO after NIW update: 6988.5165 (Emit LL 20312.8707, NIW term -12770.0879, Δ=0.0000)
2025-09-23 21:44:28,976 - __main__ - DEBUG - Iter 1: ELBO after Dirichlet update: 6988.4493 (Trans LL -7.4919, Dir term -24.3729, Δ=-0.0672)
2025-09-23 21:44:29,048 - __main__ - DEBUG - Iter 1: ELBO after β update: 6987.9305 (Init LL -506.9778, Dir term -24.4448, logp(β) -15.9386, Δ=-0.5188)
2025-09-23 21:44:36,855 - __main__ - DEBUG - Iter 2: ELBO after FB: 6987.9305 (LL 19798.4018, Δ=0.0000)
2025-09-23 21:44:36,856 - __main__ - DEBUG - Blending stats with ρ_niw=0.0500, ρ_tr=0.0500.
2025-09-23 21:44:36,905 - __main__ - DEBUG - Iter 2: ELBO after NIW update: 6987.9305 (Emit LL 20312.8707, NIW term -12770.0879, Δ=0.0000)
2025-09-23 21:44:36,954 - __main__ - DEBUG - Iter 2: ELBO after Dirichlet update: 6987.7309 (Trans LL -7.4723, Dir term -24.6639, Δ=-0.1996)
2025-09-23 21:44:37,025 - __main__ - DEBUG - Iter 2: ELBO after β update: 6987.3707 (Init LL -507.2657, Dir term -24.7377, logp(β) -15.9371, Δ=-0.3603)
2025-09-23 21:44:44,476 - __main__ - DEBUG - Iter 3: ELBO after FB: 6987.3707 (LL 19798.1334, Δ=0.0000)
2025-09-23 21:44:44,477 - __main__ - DEBUG - Blending stats with ρ_niw=0.0500, ρ_tr=0.0500.
2025-09-23 21:44:44,526 - __main__ - DEBUG - Iter 3: ELBO after NIW update: 6987.3707 (Emit LL 20312.8707, NIW term -12770.0879, Δ=0.0000)
2025-09-23 21:44:44,575 - __main__ - DEBUG - Iter 3: ELBO after Dirichlet update: 6987.0329 (Trans LL -7.4588, Dir term -25.0891, Δ=-0.3378)
2025-09-23 21:44:44,646 - __main__ - DEBUG - Iter 3: ELBO after β update: 6986.8238 (Init LL -507.3820, Dir term -25.1884, logp(β) -15.9305, Δ=-0.2091)
2025-09-23 21:44:52,490 - __main__ - DEBUG - Iter 4: ELBO after FB: 6986.8238 (LL 19798.0306, Δ=0.0000)
2025-09-23 21:44:52,491 - __main__ - DEBUG - Blending stats with ρ_niw=0.0500, ρ_tr=0.0500.
2025-09-23 21:44:52,543 - __main__ - DEBUG - Iter 4: ELBO after NIW update: 6986.8238 (Emit LL 20312.8707, NIW term -12770.0879, Δ=0.0000)
2025-09-23 21:44:52,595 - __main__ - DEBUG - Iter 4: ELBO after Dirichlet update: 6986.3798 (Trans LL -7.4535, Dir term -25.6377, Δ=-0.4440)
2025-09-23 21:44:52,653 - __main__ - DEBUG - Iter 4: ELBO after β update: 6986.4729 (Init LL -507.2731, Dir term -25.6544, logp(β) -15.9295, Δ=0.0931)
2025-09-23 21:44:52,655 - __main__ - INFO -    HMM refresh complete: ELBO=19.4029, iters=0, max iters, states=40
2025-09-23 21:44:52,655 - __main__ - INFO -    ✅ HMM updated (next in 12,000 steps)
2025-09-23 21:44:52,655 - __main__ - INFO - 🔄 VAE refresh starting at step 138,240 with replay size 8x1536
2025-09-23 21:44:52,656 - __main__ - INFO -    Using span sampling (12288 timesteps, too large for full buffer)
2025-09-23 21:45:19,234 - __main__ - INFO -    VAE refresh complete: final_loss=2735.2229, avg_loss=2742.4511, steps=4/4, trend=improving, total_timesteps=12288, span_sampling=32_requested×4_steps, span_len=64
2025-09-23 21:45:19,237 - __main__ - INFO -    ✅ VAE updated (next in 12,000 steps)
2025-09-23 21:45:21,506 - __main__ - INFO - 📊 Episodes completed this rollout: 5
2025-09-23 21:45:21,507 - __main__ - INFO - 📈 Episode stats: avg return = 0.42, avg length = 179.0
2025-09-23 21:45:21,507 - __main__ - INFO - 🎯 Top 3 training actions: #0(25499), #2(21927), #5(19085)
2025-09-23 21:45:25,485 - __main__ - INFO - 📊 Episodes completed this rollout: 6
2025-09-23 21:45:25,486 - __main__ - INFO - 📈 Episode stats: avg return = 0.12, avg length = 254.7
2025-09-23 21:45:25,486 - __main__ - INFO - 🎯 Top 3 training actions: #0(25693), #2(22054), #5(19214)
2025-09-23 21:45:27,199 - __main__ - INFO - 🧪 Starting evaluation with 50 episodes...
2025-09-23 21:45:27,199 - __main__ - INFO -    Eval seed: 51
2025-09-23 21:45:27,199 - __main__ - INFO -    Max episode steps (eval): env default
2025-09-23 21:45:27,199 - nle.env.base - INFO - Not saving any NLE data.
2025-09-23 21:45:28,772 - __main__ - DEBUG - 🎯 Eval HMM masking: step 150 masked due to negative reward
2025-09-23 21:45:31,992 - __main__ - DEBUG - 🎯 Eval HMM masking: step 50 masked due to negative reward
2025-09-23 21:45:34,546 - __main__ - WARNING - ⚠️ Episode 4 terminated due to step limit.
2025-09-23 21:45:36,267 - __main__ - DEBUG - 🎯 Eval HMM masking: step 150 masked due to negative reward
2025-09-23 21:45:37,822 - __main__ - WARNING - ⚠️ Episode 5 terminated due to step limit.
2025-09-23 21:45:39,538 - __main__ - DEBUG - 🎯 Eval HMM masking: step 150 masked due to negative reward
2025-09-23 21:45:42,829 - __main__ - WARNING - ⚠️ Episode 7 terminated due to step limit.
2025-09-23 21:45:46,076 - __main__ - WARNING - ⚠️ Episode 8 terminated due to step limit.
2025-09-23 21:45:47,815 - __main__ - DEBUG - 🎯 Eval HMM masking: step 100 masked due to negative reward
2025-09-23 21:45:50,961 - __main__ - DEBUG - 🎯 Eval HMM masking: step 150 masked due to negative reward
2025-09-23 21:45:52,580 - __main__ - WARNING - ⚠️ Episode 12 terminated due to step limit.
2025-09-23 21:45:59,263 - __main__ - WARNING - ⚠️ Episode 15 terminated due to step limit.
2025-09-23 21:46:01,009 - __main__ - DEBUG - 🎯 Eval HMM masking: step 150 masked due to negative reward
2025-09-23 21:46:02,551 - __main__ - WARNING - ⚠️ Episode 16 terminated due to step limit.
2025-09-23 21:46:04,808 - __main__ - DEBUG - 🎯 Eval HMM masking: step 200 masked due to negative reward
2025-09-23 21:46:12,716 - __main__ - DEBUG - 🎯 Eval HMM masking: step 200 masked due to negative reward
2025-09-23 21:46:13,836 - __main__ - DEBUG - 🎯 Eval HMM masking: step 50 masked due to negative reward
2025-09-23 21:46:21,544 - __main__ - DEBUG - 🎯 Eval HMM masking: step 100 masked due to negative reward
2025-09-23 21:46:23,656 - __main__ - WARNING - ⚠️ Episode 27 terminated due to step limit.
2025-09-23 21:46:25,757 - __main__ - DEBUG - 🎯 Eval HMM masking: step 50 masked due to negative reward
2025-09-23 21:46:26,793 - __main__ - DEBUG - 🎯 Eval HMM masking: step 150 masked due to negative reward
2025-09-23 21:46:31,455 - __main__ - WARNING - ⚠️ Episode 32 terminated due to step limit.
2025-09-23 21:46:32,653 - __main__ - DEBUG - 🎯 Eval HMM masking: step 100 masked due to negative reward
2025-09-23 21:46:34,712 - __main__ - WARNING - ⚠️ Episode 33 terminated due to step limit.
2025-09-23 21:46:35,395 - __main__ - DEBUG - 🎯 Eval HMM masking: step 50 masked due to negative reward
2025-09-23 21:46:39,208 - __main__ - DEBUG - 🎯 Eval HMM masking: step 250 masked due to negative reward
2025-09-23 21:46:42,480 - __main__ - WARNING - ⚠️ Episode 36 terminated due to step limit.
2025-09-23 21:46:46,003 - __main__ - DEBUG - 🎯 Eval HMM masking: step 150 masked due to negative reward
2025-09-23 21:46:47,545 - __main__ - WARNING - ⚠️ Episode 40 terminated due to step limit.
2025-09-23 21:46:49,789 - __main__ - DEBUG - 🎯 Eval HMM masking: step 200 masked due to negative reward
2025-09-23 21:46:50,814 - __main__ - WARNING - ⚠️ Episode 41 terminated due to step limit.
2025-09-23 21:46:54,119 - __main__ - WARNING - ⚠️ Episode 42 terminated due to step limit.
2025-09-23 21:46:56,896 - __main__ - DEBUG - 🎯 Eval HMM masking: step 250 masked due to negative reward
2025-09-23 21:46:57,402 - __main__ - WARNING - ⚠️ Episode 43 terminated due to step limit.
2025-09-23 21:47:05,104 - __main__ - DEBUG - 🎯 Eval HMM masking: step 250 masked due to negative reward
2025-09-23 21:47:05,613 - __main__ - WARNING - ⚠️ Episode 47 terminated due to step limit.
2025-09-23 21:47:06,853 - __main__ - DEBUG - 🎯 Eval HMM masking: step 100 masked due to negative reward
2025-09-23 21:47:09,071 - __main__ - WARNING - ⚠️ Episode 48 terminated due to step limit.
2025-09-23 21:47:10,316 - __main__ - DEBUG - 🎯 Eval HMM masking: step 100 masked due to negative reward
2025-09-23 21:47:12,385 - __main__ - WARNING - ⚠️ Episode 49 terminated due to step limit.
2025-09-23 21:47:14,333 - __main__ - INFO - 📊 Evaluation Results (Current Round):
2025-09-23 21:47:14,333 - __main__ - INFO -    Episodes: 50
2025-09-23 21:47:14,333 - __main__ - INFO -    Time: 107.1s (2.1s/ep)
2025-09-23 21:47:14,333 - __main__ - INFO -    Average Return: 0.428 ± 0.582
2025-09-23 21:47:14,333 - __main__ - INFO -    Success Rate: 64.0%
2025-09-23 21:47:14,333 - __main__ - INFO -    Average Length: 195.4
2025-09-23 21:47:14,334 - __main__ - INFO -    Average Coverage: 71.0 positions
2025-09-23 21:47:14,334 - __main__ - INFO -    Episode Completions: 32 terminated (64.0%), 18 truncated (36.0%)
2025-09-23 21:47:14,334 - __main__ - INFO - 📈 Total Evaluation Statistics:
2025-09-23 21:47:14,334 - __main__ - INFO -    Total Episodes: 700
2025-09-23 21:47:14,334 - __main__ - INFO -    Total Average Return: 0.147 ± 0.654
2025-09-23 21:47:14,334 - __main__ - INFO -    Total Average Length: 223.0 ± 104.8
2025-09-23 21:47:14,334 - __main__ - INFO -    Total Completions: 307 terminated (43.9%), 393 truncated (56.1%)
2025-09-23 21:47:14,334 - __main__ - INFO -    Skill Entropy: 0.001
2025-09-23 21:47:14,334 - __main__ - INFO -    Used Skills: 1.0
2025-09-23 21:47:14,334 - __main__ - INFO -    Effective K: 1.00
2025-09-23 21:47:14,334 - __main__ - INFO - 🎯 Action Usage Statistics:
2025-09-23 21:47:14,335 - __main__ - INFO -    Unique actions in evaluation: 8
2025-09-23 21:47:14,335 - __main__ - INFO -    Unique actions in training: 8
2025-09-23 21:47:14,335 - __main__ - INFO -    Total unique actions: 8
2025-09-23 21:47:14,335 - __main__ - INFO -    Action coverage: 6.6%
2025-09-23 21:47:14,335 - __main__ - INFO -    Train action count: 140288
2025-09-23 21:47:14,335 - __main__ - INFO -    Eval action count: 156092
2025-09-23 21:47:14,335 - __main__ - INFO -    Train action entropy: 2.048
2025-09-23 21:47:14,336 - __main__ - INFO -    Eval action entropy: 2.041
2025-09-23 21:47:14,336 - __main__ - INFO -    Top 3 train actions: #0(25693), #2(22054), #5(19214)
2025-09-23 21:47:14,336 - __main__ - INFO -    Top 3 eval actions: #0(28483), #2(25953), #5(21671)
2025-09-23 21:47:16,592 - __main__ - INFO - 📊 Episodes completed this rollout: 3
2025-09-23 21:47:16,592 - __main__ - INFO - 📈 Episode stats: avg return = 0.46, avg length = 199.3
2025-09-23 21:47:16,592 - __main__ - INFO - 🎯 Top 3 training actions: #0(25881), #2(22202), #5(19362)
2025-09-23 21:47:20,600 - __main__ - INFO - 📊 Episodes completed this rollout: 2
2025-09-23 21:47:20,600 - __main__ - INFO - 📈 Episode stats: avg return = 0.29, avg length = 285.5
2025-09-23 21:47:20,600 - __main__ - INFO - 🎯 Top 3 training actions: #0(26068), #2(22346), #5(19514)
2025-09-23 21:47:24,707 - __main__ - INFO - 📊 Episodes completed this rollout: 7
2025-09-23 21:47:24,707 - __main__ - INFO - 📈 Episode stats: avg return = 0.05, avg length = 247.1
2025-09-23 21:47:24,708 - __main__ - INFO - 🎯 Top 3 training actions: #0(26291), #2(22474), #5(19671)
2025-09-23 21:47:28,740 - __main__ - INFO - 📊 Episodes completed this rollout: 3
2025-09-23 21:47:28,741 - __main__ - INFO - 📈 Episode stats: avg return = 0.53, avg length = 163.7
2025-09-23 21:47:28,741 - __main__ - INFO - 🎯 Top 3 training actions: #0(26470), #2(22632), #5(19823)
2025-09-23 21:47:32,790 - __main__ - INFO - 📊 Episodes completed this rollout: 4
2025-09-23 21:47:32,790 - __main__ - INFO - 📈 Episode stats: avg return = -0.25, avg length = 300.0
2025-09-23 21:47:32,791 - __main__ - INFO - 🎯 Top 3 training actions: #0(26686), #2(22759), #5(19970)
2025-09-23 21:47:36,817 - __main__ - INFO - 📊 Episodes completed this rollout: 5
2025-09-23 21:47:36,817 - __main__ - INFO - 📈 Episode stats: avg return = -0.03, avg length = 244.8
2025-09-23 21:47:36,817 - __main__ - INFO - 🎯 Top 3 training actions: #0(26854), #2(22894), #5(20106)
2025-09-23 21:47:40,900 - __main__ - INFO - 📊 Episodes completed this rollout: 6
2025-09-23 21:47:40,901 - __main__ - INFO - 📈 Episode stats: avg return = 0.43, avg length = 204.2
2025-09-23 21:47:40,901 - __main__ - INFO - 🎯 Top 3 training actions: #0(27025), #2(23047), #5(20259)
2025-09-23 21:47:44,942 - __main__ - INFO - 📊 Episodes completed this rollout: 2
2025-09-23 21:47:44,942 - __main__ - INFO - 📈 Episode stats: avg return = 0.20, avg length = 279.5
2025-09-23 21:47:44,942 - __main__ - INFO - 🎯 Top 3 training actions: #0(27198), #2(23184), #5(20420)
2025-09-23 21:47:48,968 - __main__ - INFO - 📊 Episodes completed this rollout: 5
2025-09-23 21:47:48,968 - __main__ - INFO - 📈 Episode stats: avg return = 0.56, avg length = 219.0
2025-09-23 21:47:48,968 - __main__ - INFO - 🎯 Top 3 training actions: #0(27368), #2(23305), #5(20551)
2025-09-23 21:47:52,979 - __main__ - INFO - 📊 Episodes completed this rollout: 3
2025-09-23 21:47:52,980 - __main__ - INFO - 📈 Episode stats: avg return = -0.30, avg length = 300.0
2025-09-23 21:47:52,980 - __main__ - INFO - 🎯 Top 3 training actions: #0(27534), #2(23446), #5(20696)
2025-09-23 21:47:54,766 - __main__ - INFO - 🔄 Synchronized model update at step 150,528
2025-09-23 21:47:54,766 - __main__ - INFO -    HMM interval: 12,000, VAE interval: 12,000
2025-09-23 21:47:54,767 - __main__ - INFO - 🚫 Model training masking: 1056/12288 timesteps masked (8.6%) due to negative rewards (invalid actions)
2025-09-23 21:47:55,129 - __main__ - INFO - 🔄 Capping HMM batch size from 702 to 128 to prevent OOM
2025-09-23 21:47:55,129 - __main__ - INFO - 🔄 HMM refresh starting at step 150,528 with replay size 128x104
2025-09-23 21:48:01,222 - __main__ - DEBUG - Initial ELBO: 8616.3938
2025-09-23 21:48:01,226 - __main__ - DEBUG - Relative tol: 0.0100
2025-09-23 21:48:01,226 - __main__ - DEBUG - Relative elbo_drop_tol: 0.0100
2025-09-23 21:48:01,226 - __main__ - DEBUG - - Init -506.5367
2025-09-23 21:48:01,226 - __main__ - DEBUG - - Trans -8.0442
2025-09-23 21:48:01,226 - __main__ - DEBUG - - Emit 21941.2771
2025-09-23 21:48:01,226 - __main__ - DEBUG - - Entropy 0.0006
2025-09-23 21:48:01,226 - __main__ - DEBUG - - Dir -24.2824
2025-09-23 21:48:01,226 - __main__ - DEBUG - - NIW -12770.0879
2025-09-23 21:48:01,226 - __main__ - DEBUG - - Beta prior -15.9328
2025-09-23 21:48:07,614 - __main__ - DEBUG - Iter 0: ELBO after FB: 8616.3938 (LL 21426.6968, Δ=0.0000)
2025-09-23 21:48:07,614 - __main__ - DEBUG - Blending stats with ρ_niw=0.0500, ρ_tr=0.0500.
2025-09-23 21:48:07,663 - __main__ - DEBUG - Iter 0: ELBO after NIW update: 11194.9891 (Emit LL 25068.4369, NIW term -13318.6523, Δ=2578.5954)
2025-09-23 21:48:07,713 - __main__ - DEBUG - Iter 0: ELBO after Dirichlet update: 11195.1036 (Trans LL -7.7947, Dir term -24.4174, Δ=0.1145)
2025-09-23 21:48:07,785 - __main__ - DEBUG - Iter 0: ELBO after β update: 11194.5396 (Init LL -507.0539, Dir term -24.4519, logp(β) -15.9451, Δ=-0.5640)
2025-09-23 21:48:14,257 - __main__ - DEBUG - Iter 1: ELBO after FB: 11194.5396 (LL 24553.5889, Δ=0.0000)
2025-09-23 21:48:14,258 - __main__ - DEBUG - Blending stats with ρ_niw=0.0500, ρ_tr=0.0500.
2025-09-23 21:48:14,306 - __main__ - DEBUG - Iter 1: ELBO after NIW update: 11194.5396 (Emit LL 25068.4369, NIW term -13318.6523, Δ=0.0000)
2025-09-23 21:48:14,354 - __main__ - DEBUG - Iter 1: ELBO after Dirichlet update: 11194.4587 (Trans LL -7.7697, Dir term -24.5578, Δ=-0.0809)
2025-09-23 21:48:14,423 - __main__ - DEBUG - Iter 1: ELBO after β update: 11193.9565 (Init LL -507.4926, Dir term -24.6162, logp(β) -15.9501, Δ=-0.5021)
2025-09-23 21:48:20,706 - __main__ - DEBUG - Iter 2: ELBO after FB: 11193.9565 (LL 24553.1752, Δ=0.0000)
2025-09-23 21:48:20,707 - __main__ - DEBUG - Blending stats with ρ_niw=0.0500, ρ_tr=0.0500.
2025-09-23 21:48:20,756 - __main__ - DEBUG - Iter 2: ELBO after NIW update: 11193.9565 (Emit LL 25068.4369, NIW term -13318.6523, Δ=0.0000)
2025-09-23 21:48:20,804 - __main__ - DEBUG - Iter 2: ELBO after Dirichlet update: 11193.7654 (Trans LL -7.7496, Dir term -24.8274, Δ=-0.1911)
2025-09-23 21:48:20,870 - __main__ - DEBUG - Iter 2: ELBO after β update: 11193.4442 (Init LL -507.7319, Dir term -24.9117, logp(β) -15.9477, Δ=-0.3212)
2025-09-23 21:48:27,107 - __main__ - DEBUG - Iter 3: ELBO after FB: 11193.4442 (LL 24552.9560, Δ=0.0000)
2025-09-23 21:48:27,108 - __main__ - DEBUG - Blending stats with ρ_niw=0.0500, ρ_tr=0.0500.
2025-09-23 21:48:27,158 - __main__ - DEBUG - Iter 3: ELBO after NIW update: 11193.4442 (Emit LL 25068.4369, NIW term -13318.6523, Δ=0.0000)
2025-09-23 21:48:27,208 - __main__ - DEBUG - Iter 3: ELBO after Dirichlet update: 11193.1205 (Trans LL -7.7383, Dir term -25.2467, Δ=-0.3237)
2025-09-23 21:48:27,275 - __main__ - DEBUG - Iter 3: ELBO after β update: 11193.0385 (Init LL -507.7534, Dir term -25.3119, logp(β) -15.9430, Δ=-0.0820)
2025-09-23 21:48:33,810 - __main__ - DEBUG - Iter 4: ELBO after FB: 11193.0385 (LL 24552.9458, Δ=0.0000)
2025-09-23 21:48:33,811 - __main__ - DEBUG - Blending stats with ρ_niw=0.0500, ρ_tr=0.0500.
2025-09-23 21:48:33,862 - __main__ - DEBUG - Iter 4: ELBO after NIW update: 11193.0385 (Emit LL 25068.4369, NIW term -13318.6523, Δ=0.0000)
2025-09-23 21:48:33,912 - __main__ - DEBUG - Iter 4: ELBO after Dirichlet update: 11192.7173 (Trans LL -7.7367, Dir term -25.6348, Δ=-0.3212)
2025-09-23 21:48:33,975 - __main__ - DEBUG - Iter 4: ELBO after β update: 11192.5990 (Init LL -507.8368, Dir term -25.6735, logp(β) -15.9392, Δ=-0.1183)
2025-09-23 21:48:33,977 - __main__ - INFO -    HMM refresh complete: ELBO=633.9354, iters=0, max iters, states=40
2025-09-23 21:48:33,977 - __main__ - INFO -    ✅ HMM updated (next in 12,000 steps)
2025-09-23 21:48:33,977 - __main__ - INFO - 🔄 VAE refresh starting at step 150,528 with replay size 8x1536
2025-09-23 21:48:33,978 - __main__ - INFO -    Using span sampling (12288 timesteps, too large for full buffer)
2025-09-23 21:49:00,382 - __main__ - INFO -    VAE refresh complete: final_loss=2731.3508, avg_loss=2733.7303, steps=4/4, trend=improving, total_timesteps=12288, span_sampling=32_requested×4_steps, span_len=64
2025-09-23 21:49:00,385 - __main__ - INFO -    ✅ VAE updated (next in 12,000 steps)
2025-09-23 21:49:00,389 - __main__ - INFO - 🧪 Starting evaluation with 50 episodes...
2025-09-23 21:49:00,389 - __main__ - INFO -    Eval seed: 51
2025-09-23 21:49:00,389 - __main__ - INFO -    Max episode steps (eval): env default
2025-09-23 21:49:00,390 - nle.env.base - INFO - Not saving any NLE data.
2025-09-23 21:49:02,878 - __main__ - DEBUG - 🎯 Eval HMM masking: step 100 masked due to negative reward
2025-09-23 21:49:03,984 - __main__ - DEBUG - 🎯 Eval HMM masking: step 200 masked due to negative reward
2025-09-23 21:49:05,043 - __main__ - WARNING - ⚠️ Episode 2 terminated due to step limit.
2025-09-23 21:49:06,272 - __main__ - DEBUG - 🎯 Eval HMM masking: step 100 masked due to negative reward
2025-09-23 21:49:08,463 - __main__ - WARNING - ⚠️ Episode 3 terminated due to step limit.
2025-09-23 21:49:10,811 - __main__ - DEBUG - 🎯 Eval HMM masking: step 200 masked due to negative reward
2025-09-23 21:49:11,898 - __main__ - WARNING - ⚠️ Episode 4 terminated due to step limit.
2025-09-23 21:49:13,177 - __main__ - DEBUG - 🎯 Eval HMM masking: step 100 masked due to negative reward
2025-09-23 21:49:18,766 - __main__ - WARNING - ⚠️ Episode 7 terminated due to step limit.
2025-09-23 21:49:24,728 - __main__ - DEBUG - 🎯 Eval HMM masking: step 200 masked due to negative reward
2025-09-23 21:49:25,785 - __main__ - WARNING - ⚠️ Episode 10 terminated due to step limit.
2025-09-23 21:49:29,219 - __main__ - WARNING - ⚠️ Episode 11 terminated due to step limit.
2025-09-23 21:49:36,821 - __main__ - WARNING - ⚠️ Episode 14 terminated due to step limit.
2025-09-23 21:49:38,053 - __main__ - DEBUG - 🎯 Eval HMM masking: step 100 masked due to negative reward
2025-09-23 21:49:40,243 - __main__ - WARNING - ⚠️ Episode 15 terminated due to step limit.
2025-09-23 21:49:43,584 - __main__ - WARNING - ⚠️ Episode 16 terminated due to step limit.
2025-09-23 21:49:44,309 - __main__ - DEBUG - 🎯 Eval HMM masking: step 50 masked due to negative reward
2025-09-23 21:49:48,317 - __main__ - DEBUG - 🎯 Eval HMM masking: step 150 masked due to negative reward
2025-09-23 21:49:49,951 - __main__ - WARNING - ⚠️ Episode 19 terminated due to step limit.
2025-09-23 21:49:52,812 - __main__ - DEBUG - 🎯 Eval HMM masking: step 250 masked due to negative reward
2025-09-23 21:49:53,325 - __main__ - WARNING - ⚠️ Episode 20 terminated due to step limit.
2025-09-23 21:49:55,129 - __main__ - DEBUG - 🎯 Eval HMM masking: step 150 masked due to negative reward
2025-09-23 21:49:56,771 - __main__ - WARNING - ⚠️ Episode 21 terminated due to step limit.
2025-09-23 21:50:00,216 - __main__ - WARNING - ⚠️ Episode 22 terminated due to step limit.
2025-09-23 21:50:02,003 - __main__ - DEBUG - 🎯 Eval HMM masking: step 150 masked due to negative reward
2025-09-23 21:50:03,615 - __main__ - WARNING - ⚠️ Episode 23 terminated due to step limit.
2025-09-23 21:50:04,822 - __main__ - DEBUG - 🎯 Eval HMM masking: step 100 masked due to negative reward
2025-09-23 21:50:06,880 - __main__ - WARNING - ⚠️ Episode 24 terminated due to step limit.
2025-09-23 21:50:09,647 - __main__ - DEBUG - 🎯 Eval HMM masking: step 250 masked due to negative reward
2025-09-23 21:50:10,152 - __main__ - WARNING - ⚠️ Episode 25 terminated due to step limit.
2025-09-23 21:50:13,407 - __main__ - WARNING - ⚠️ Episode 26 terminated due to step limit.
2025-09-23 21:50:17,780 - __main__ - WARNING - ⚠️ Episode 29 terminated due to step limit.
2025-09-23 21:50:21,055 - __main__ - WARNING - ⚠️ Episode 30 terminated due to step limit.
2025-09-23 21:50:25,272 - __main__ - DEBUG - 🎯 Eval HMM masking: step 200 masked due to negative reward
2025-09-23 21:50:28,841 - __main__ - WARNING - ⚠️ Episode 33 terminated due to step limit.
2025-09-23 21:50:32,898 - __main__ - WARNING - ⚠️ Episode 36 terminated due to step limit.
2025-09-23 21:50:35,195 - __main__ - DEBUG - 🎯 Eval HMM masking: step 100 masked due to negative reward
2025-09-23 21:50:36,217 - __main__ - DEBUG - 🎯 Eval HMM masking: step 200 masked due to negative reward
2025-09-23 21:50:36,728 - __main__ - DEBUG - 🎯 Eval HMM masking: step 250 masked due to negative reward
2025-09-23 21:50:37,233 - __main__ - WARNING - ⚠️ Episode 38 terminated due to step limit.
2025-09-23 21:50:38,537 - __main__ - DEBUG - 🎯 Eval HMM masking: step 50 masked due to negative reward
2025-09-23 21:50:39,566 - __main__ - DEBUG - 🎯 Eval HMM masking: step 150 masked due to negative reward
2025-09-23 21:50:41,105 - __main__ - WARNING - ⚠️ Episode 40 terminated due to step limit.
2025-09-23 21:50:42,142 - __main__ - DEBUG - 🎯 Eval HMM masking: step 50 masked due to negative reward
2025-09-23 21:50:44,198 - __main__ - DEBUG - 🎯 Eval HMM masking: step 50 masked due to negative reward
2025-09-23 21:50:47,385 - __main__ - DEBUG - 🎯 Eval HMM masking: step 200 masked due to negative reward
2025-09-23 21:50:47,901 - __main__ - DEBUG - 🎯 Eval HMM masking: step 250 masked due to negative reward
2025-09-23 21:50:48,408 - __main__ - WARNING - ⚠️ Episode 44 terminated due to step limit.
2025-09-23 21:50:51,658 - __main__ - WARNING - ⚠️ Episode 45 terminated due to step limit.
2025-09-23 21:50:55,237 - __main__ - DEBUG - 🎯 Eval HMM masking: step 50 masked due to negative reward
2025-09-23 21:50:57,307 - __main__ - DEBUG - 🎯 Eval HMM masking: step 250 masked due to negative reward
2025-09-23 21:50:57,832 - __main__ - WARNING - ⚠️ Episode 47 terminated due to step limit.
2025-09-23 21:50:59,035 - __main__ - DEBUG - 🎯 Eval HMM masking: step 100 masked due to negative reward
2025-09-23 21:51:03,655 - __main__ - WARNING - ⚠️ Episode 49 terminated due to step limit.
2025-09-23 21:51:06,994 - __main__ - WARNING - ⚠️ Episode 50 terminated due to step limit.
2025-09-23 21:51:07,150 - __main__ - INFO - 📊 Evaluation Results (Current Round):
2025-09-23 21:51:07,150 - __main__ - INFO -    Episodes: 50
2025-09-23 21:51:07,150 - __main__ - INFO -    Time: 126.8s (2.5s/ep)
2025-09-23 21:51:07,151 - __main__ - INFO -    Average Return: 0.165 ± 0.612
2025-09-23 21:51:07,151 - __main__ - INFO -    Success Rate: 44.0%
2025-09-23 21:51:07,151 - __main__ - INFO -    Average Length: 227.6
2025-09-23 21:51:07,151 - __main__ - INFO -    Average Coverage: 78.8 positions
2025-09-23 21:51:07,151 - __main__ - INFO -    Episode Completions: 22 terminated (44.0%), 28 truncated (56.0%)
2025-09-23 21:51:07,151 - __main__ - INFO - 📈 Total Evaluation Statistics:
2025-09-23 21:51:07,151 - __main__ - INFO -    Total Episodes: 750
2025-09-23 21:51:07,151 - __main__ - INFO -    Total Average Return: 0.148 ± 0.651
2025-09-23 21:51:07,151 - __main__ - INFO -    Total Average Length: 223.3 ± 104.2
2025-09-23 21:51:07,151 - __main__ - INFO -    Total Completions: 329 terminated (43.9%), 421 truncated (56.1%)
2025-09-23 21:51:07,152 - __main__ - INFO -    Skill Entropy: 0.001
2025-09-23 21:51:07,152 - __main__ - INFO -    Used Skills: 1.0
2025-09-23 21:51:07,152 - __main__ - INFO -    Effective K: 1.00
2025-09-23 21:51:07,152 - __main__ - INFO - 🎯 Action Usage Statistics:
2025-09-23 21:51:07,152 - __main__ - INFO -    Unique actions in evaluation: 8
2025-09-23 21:51:07,152 - __main__ - INFO -    Unique actions in training: 8
2025-09-23 21:51:07,152 - __main__ - INFO -    Total unique actions: 8
2025-09-23 21:51:07,152 - __main__ - INFO -    Action coverage: 6.6%
2025-09-23 21:51:07,152 - __main__ - INFO -    Train action count: 150528
2025-09-23 21:51:07,152 - __main__ - INFO -    Eval action count: 167471
2025-09-23 21:51:07,153 - __main__ - INFO -    Train action entropy: 2.048
2025-09-23 21:51:07,153 - __main__ - INFO -    Eval action entropy: 2.042
2025-09-23 21:51:07,153 - __main__ - INFO -    Top 3 train actions: #0(27534), #2(23446), #5(20696)
2025-09-23 21:51:07,153 - __main__ - INFO -    Top 3 eval actions: #0(30373), #2(27442), #5(23294)
2025-09-23 21:51:09,426 - __main__ - INFO - 📊 Episodes completed this rollout: 5
2025-09-23 21:51:09,426 - __main__ - INFO - 📈 Episode stats: avg return = 0.20, avg length = 217.0
2025-09-23 21:51:09,426 - __main__ - INFO - 🎯 Top 3 training actions: #0(27694), #2(23581), #5(20827)
2025-09-23 21:51:13,407 - __main__ - INFO - 📊 Episodes completed this rollout: 5
2025-09-23 21:51:13,407 - __main__ - INFO - 📈 Episode stats: avg return = 0.36, avg length = 245.8
2025-09-23 21:51:13,408 - __main__ - INFO - 🎯 Top 3 training actions: #0(27888), #2(23712), #5(20964)
2025-09-23 21:51:17,359 - __main__ - INFO - 📊 Episodes completed this rollout: 2
2025-09-23 21:51:17,359 - __main__ - INFO - 📈 Episode stats: avg return = 0.80, avg length = 219.0
2025-09-23 21:51:17,359 - __main__ - INFO - 🎯 Top 3 training actions: #0(28066), #2(23847), #5(21118)
2025-09-23 21:51:21,424 - __main__ - INFO - 📊 Episodes completed this rollout: 8
2025-09-23 21:51:21,424 - __main__ - INFO - 📈 Episode stats: avg return = 0.25, avg length = 235.6
2025-09-23 21:51:21,425 - __main__ - INFO - 🎯 Top 3 training actions: #0(28231), #2(23990), #5(21261)
2025-09-23 21:51:25,402 - __main__ - INFO - 📊 Episodes completed this rollout: 1
2025-09-23 21:51:25,402 - __main__ - INFO - 📈 Episode stats: avg return = 0.92, avg length = 162.0
2025-09-23 21:51:25,403 - __main__ - INFO - 🎯 Top 3 training actions: #0(28404), #2(24133), #5(21422)
2025-09-23 21:51:29,414 - __main__ - INFO - 📊 Episodes completed this rollout: 7
2025-09-23 21:51:29,414 - __main__ - INFO - 📈 Episode stats: avg return = 0.02, avg length = 216.9
2025-09-23 21:51:29,414 - __main__ - INFO - 🎯 Top 3 training actions: #0(28571), #2(24272), #5(21570)
2025-09-23 21:51:33,532 - __main__ - INFO - 📊 Episodes completed this rollout: 4
2025-09-23 21:51:33,533 - __main__ - INFO - 📈 Episode stats: avg return = 0.25, avg length = 239.5
2025-09-23 21:51:33,533 - __main__ - INFO - 🎯 Top 3 training actions: #0(28739), #2(24407), #5(21727)
2025-09-23 21:51:37,528 - __main__ - INFO - 📊 Episodes completed this rollout: 4
2025-09-23 21:51:37,528 - __main__ - INFO - 📈 Episode stats: avg return = -0.02, avg length = 238.5
2025-09-23 21:51:37,528 - __main__ - INFO - 🎯 Top 3 training actions: #0(28915), #2(24553), #5(21856)
2025-09-23 21:51:41,717 - __main__ - INFO - 📊 Episodes completed this rollout: 6
2025-09-23 21:51:41,718 - __main__ - INFO - 📈 Episode stats: avg return = 0.08, avg length = 229.7
2025-09-23 21:51:41,718 - __main__ - INFO - 🎯 Top 3 training actions: #0(29055), #2(24651), #5(21991)
2025-09-23 21:51:45,726 - __main__ - INFO - 📊 Episodes completed this rollout: 4
2025-09-23 21:51:45,726 - __main__ - INFO - 📈 Episode stats: avg return = 0.56, avg length = 156.8
2025-09-23 21:51:45,727 - __main__ - INFO - 🎯 Top 3 training actions: #0(29145), #2(24739), #5(22113)
2025-09-23 21:51:47,480 - __main__ - INFO - 🧪 Starting evaluation with 50 episodes...
2025-09-23 21:51:47,480 - __main__ - INFO -    Eval seed: 51
2025-09-23 21:51:47,480 - __main__ - INFO -    Max episode steps (eval): env default
2025-09-23 21:51:47,481 - nle.env.base - INFO - Not saving any NLE data.
2025-09-23 21:51:49,938 - __main__ - DEBUG - 🎯 Eval HMM masking: step 50 masked due to negative reward
2025-09-23 21:51:50,996 - __main__ - DEBUG - 🎯 Eval HMM masking: step 150 masked due to negative reward
2025-09-23 21:51:52,589 - __main__ - WARNING - ⚠️ Episode 3 terminated due to step limit.
2025-09-23 21:51:58,018 - __main__ - WARNING - ⚠️ Episode 7 terminated due to step limit.
2025-09-23 21:52:02,056 - __main__ - WARNING - ⚠️ Episode 9 terminated due to step limit.
2025-09-23 21:52:05,880 - __main__ - WARNING - ⚠️ Episode 11 terminated due to step limit.
2025-09-23 21:52:06,594 - __main__ - DEBUG - 🎯 Eval HMM masking: step 50 masked due to negative reward
2025-09-23 21:52:09,333 - __main__ - WARNING - ⚠️ Episode 12 terminated due to step limit.
2025-09-23 21:52:16,784 - __main__ - WARNING - ⚠️ Episode 16 terminated due to step limit.
2025-09-23 21:52:20,172 - __main__ - WARNING - ⚠️ Episode 17 terminated due to step limit.
2025-09-23 21:52:23,595 - __main__ - WARNING - ⚠️ Episode 18 terminated due to step limit.
2025-09-23 21:52:27,042 - __main__ - WARNING - ⚠️ Episode 19 terminated due to step limit.
2025-09-23 21:52:27,733 - __main__ - DEBUG - 🎯 Eval HMM masking: step 50 masked due to negative reward
2025-09-23 21:52:31,544 - __main__ - WARNING - ⚠️ Episode 21 terminated due to step limit.
2025-09-23 21:52:33,304 - __main__ - DEBUG - 🎯 Eval HMM masking: step 150 masked due to negative reward
2025-09-23 21:52:34,831 - __main__ - WARNING - ⚠️ Episode 22 terminated due to step limit.
2025-09-23 21:52:38,712 - __main__ - DEBUG - 🎯 Eval HMM masking: step 200 masked due to negative reward
2025-09-23 21:52:46,499 - __main__ - WARNING - ⚠️ Episode 27 terminated due to step limit.
2025-09-23 21:52:49,794 - __main__ - WARNING - ⚠️ Episode 28 terminated due to step limit.
2025-09-23 21:52:50,485 - __main__ - DEBUG - 🎯 Eval HMM masking: step 50 masked due to negative reward
2025-09-23 21:52:53,059 - __main__ - WARNING - ⚠️ Episode 29 terminated due to step limit.
2025-09-23 21:52:57,976 - __main__ - WARNING - ⚠️ Episode 31 terminated due to step limit.
2025-09-23 21:53:01,227 - __main__ - WARNING - ⚠️ Episode 32 terminated due to step limit.
2025-09-23 21:53:04,478 - __main__ - WARNING - ⚠️ Episode 33 terminated due to step limit.
2025-09-23 21:53:07,892 - __main__ - DEBUG - 🎯 Eval HMM masking: step 150 masked due to negative reward
2025-09-23 21:53:09,442 - __main__ - WARNING - ⚠️ Episode 35 terminated due to step limit.
2025-09-23 21:53:12,035 - __main__ - DEBUG - 🎯 Eval HMM masking: step 50 masked due to negative reward
2025-09-23 21:53:17,493 - __main__ - DEBUG - 🎯 Eval HMM masking: step 100 masked due to negative reward
2025-09-23 21:53:19,537 - __main__ - WARNING - ⚠️ Episode 41 terminated due to step limit.
2025-09-23 21:53:24,139 - __main__ - WARNING - ⚠️ Episode 43 terminated due to step limit.
2025-09-23 21:53:25,328 - __main__ - DEBUG - 🎯 Eval HMM masking: step 100 masked due to negative reward
2025-09-23 21:53:29,356 - __main__ - WARNING - ⚠️ Episode 45 terminated due to step limit.
2025-09-23 21:53:32,688 - __main__ - WARNING - ⚠️ Episode 46 terminated due to step limit.
2025-09-23 21:53:33,393 - __main__ - DEBUG - 🎯 Eval HMM masking: step 50 masked due to negative reward
2025-09-23 21:53:34,497 - __main__ - DEBUG - 🎯 Eval HMM masking: step 150 masked due to negative reward
2025-09-23 21:53:36,136 - __main__ - WARNING - ⚠️ Episode 47 terminated due to step limit.
2025-09-23 21:53:39,456 - __main__ - WARNING - ⚠️ Episode 48 terminated due to step limit.
2025-09-23 21:53:41,173 - __main__ - DEBUG - 🎯 Eval HMM masking: step 150 masked due to negative reward
2025-09-23 21:53:45,967 - __main__ - WARNING - ⚠️ Episode 50 terminated due to step limit.
2025-09-23 21:53:46,123 - __main__ - INFO - 📊 Evaluation Results (Current Round):
2025-09-23 21:53:46,123 - __main__ - INFO -    Episodes: 50
2025-09-23 21:53:46,123 - __main__ - INFO -    Time: 118.6s (2.4s/ep)
2025-09-23 21:53:46,123 - __main__ - INFO -    Average Return: 0.276 ± 0.592
2025-09-23 21:53:46,123 - __main__ - INFO -    Success Rate: 50.0%
2025-09-23 21:53:46,123 - __main__ - INFO -    Average Length: 215.2
2025-09-23 21:53:46,123 - __main__ - INFO -    Average Coverage: 78.3 positions
2025-09-23 21:53:46,123 - __main__ - INFO -    Episode Completions: 25 terminated (50.0%), 25 truncated (50.0%)
2025-09-23 21:53:46,124 - __main__ - INFO - 📈 Total Evaluation Statistics:
2025-09-23 21:53:46,124 - __main__ - INFO -    Total Episodes: 800
2025-09-23 21:53:46,124 - __main__ - INFO -    Total Average Return: 0.156 ± 0.648
2025-09-23 21:53:46,124 - __main__ - INFO -    Total Average Length: 222.8 ± 103.9
2025-09-23 21:53:46,124 - __main__ - INFO -    Total Completions: 354 terminated (44.2%), 446 truncated (55.8%)
2025-09-23 21:53:46,124 - __main__ - INFO -    Skill Entropy: 0.001
2025-09-23 21:53:46,124 - __main__ - INFO -    Used Skills: 1.0
2025-09-23 21:53:46,124 - __main__ - INFO -    Effective K: 1.00
2025-09-23 21:53:46,124 - __main__ - INFO - 🎯 Action Usage Statistics:
2025-09-23 21:53:46,124 - __main__ - INFO -    Unique actions in evaluation: 8
2025-09-23 21:53:46,124 - __main__ - INFO -    Unique actions in training: 8
2025-09-23 21:53:46,125 - __main__ - INFO -    Total unique actions: 8
2025-09-23 21:53:46,125 - __main__ - INFO -    Action coverage: 6.6%
2025-09-23 21:53:46,125 - __main__ - INFO -    Train action count: 160768
2025-09-23 21:53:46,125 - __main__ - INFO -    Eval action count: 178233
2025-09-23 21:53:46,125 - __main__ - INFO -    Train action entropy: 2.050
2025-09-23 21:53:46,125 - __main__ - INFO -    Eval action entropy: 2.047
2025-09-23 21:53:46,126 - __main__ - INFO -    Top 3 train actions: #0(29145), #2(24739), #5(22113)
2025-09-23 21:53:46,126 - __main__ - INFO -    Top 3 eval actions: #0(31412), #2(28391), #5(24665)
2025-09-23 21:53:48,379 - __main__ - INFO - 📊 Episodes completed this rollout: 4
2025-09-23 21:53:48,380 - __main__ - INFO - 📈 Episode stats: avg return = 0.23, avg length = 239.0
2025-09-23 21:53:48,380 - __main__ - INFO - 🎯 Top 3 training actions: #0(29233), #2(24833), #5(22224)
2025-09-23 21:53:52,374 - __main__ - INFO - 📊 Episodes completed this rollout: 7
2025-09-23 21:53:52,375 - __main__ - INFO - 📈 Episode stats: avg return = 0.34, avg length = 197.9
2025-09-23 21:53:52,375 - __main__ - INFO - 🎯 Top 3 training actions: #0(29375), #2(24931), #5(22349)
2025-09-23 21:53:54,116 - __main__ - INFO - 🔄 Synchronized model update at step 162,816
2025-09-23 21:53:54,116 - __main__ - INFO -    HMM interval: 12,000, VAE interval: 12,000
2025-09-23 21:53:54,117 - __main__ - INFO - 🚫 Model training masking: 1140/12288 timesteps masked (9.3%) due to negative rewards (invalid actions)
2025-09-23 21:53:54,477 - __main__ - INFO - 🔄 Capping HMM batch size from 654 to 128 to prevent OOM
2025-09-23 21:53:54,477 - __main__ - INFO - 🔄 HMM refresh starting at step 162,816 with replay size 128x107
2025-09-23 21:54:00,334 - __main__ - DEBUG - Initial ELBO: 17965.6443
2025-09-23 21:54:00,337 - __main__ - DEBUG - Relative tol: 0.0100
2025-09-23 21:54:00,337 - __main__ - DEBUG - Relative elbo_drop_tol: 0.0100
2025-09-23 21:54:00,338 - __main__ - DEBUG - - Init -507.0539
2025-09-23 21:54:00,338 - __main__ - DEBUG - - Trans -10.1635
2025-09-23 21:54:00,338 - __main__ - DEBUG - - Emit 31841.9105
2025-09-23 21:54:00,338 - __main__ - DEBUG - - Entropy 0.0006
2025-09-23 21:54:00,338 - __main__ - DEBUG - - Dir -24.4519
2025-09-23 21:54:00,338 - __main__ - DEBUG - - NIW -13318.6523
2025-09-23 21:54:00,338 - __main__ - DEBUG - - Beta prior -15.9451
2025-09-23 21:54:06,566 - __main__ - DEBUG - Iter 0: ELBO after FB: 17965.6443 (LL 31324.6936, Δ=0.0000)
2025-09-23 21:54:06,566 - __main__ - DEBUG - Blending stats with ρ_niw=0.0500, ρ_tr=0.0500.
2025-09-23 21:54:06,615 - __main__ - DEBUG - Iter 0: ELBO after NIW update: 22400.6198 (Emit LL 37063.4592, NIW term -14105.2256, Δ=4434.9756)
2025-09-23 21:54:06,664 - __main__ - DEBUG - Iter 0: ELBO after Dirichlet update: 22400.9160 (Trans LL -9.6451, Dir term -24.6742, Δ=0.2962)
2025-09-23 21:54:06,733 - __main__ - DEBUG - Iter 0: ELBO after β update: 22400.3889 (Init LL -507.5398, Dir term -24.7030, logp(β) -15.9576, Δ=-0.5272)
2025-09-23 21:54:13,211 - __main__ - DEBUG - Iter 1: ELBO after FB: 22400.3889 (LL 36546.2750, Δ=0.0000)
2025-09-23 21:54:13,212 - __main__ - DEBUG - Blending stats with ρ_niw=0.0500, ρ_tr=0.0500.
2025-09-23 21:54:13,263 - __main__ - DEBUG - Iter 1: ELBO after NIW update: 22400.3889 (Emit LL 37063.4592, NIW term -14105.2256, Δ=0.0000)
2025-09-23 21:54:13,313 - __main__ - DEBUG - Iter 1: ELBO after Dirichlet update: 22400.3155 (Trans LL -9.6157, Dir term -24.8057, Δ=-0.0733)
2025-09-23 21:54:13,386 - __main__ - DEBUG - Iter 1: ELBO after β update: 22399.8141 (Init LL -507.9805, Dir term -24.8618, logp(β) -15.9621, Δ=-0.5015)
2025-09-23 21:54:20,036 - __main__ - DEBUG - Iter 2: ELBO after FB: 22399.8141 (LL 36545.8636, Δ=0.0000)
2025-09-23 21:54:20,036 - __main__ - DEBUG - Blending stats with ρ_niw=0.0500, ρ_tr=0.0500.
2025-09-23 21:54:20,086 - __main__ - DEBUG - Iter 2: ELBO after NIW update: 22399.8141 (Emit LL 37063.4592, NIW term -14105.2256, Δ=0.0000)
2025-09-23 21:54:20,136 - __main__ - DEBUG - Iter 2: ELBO after Dirichlet update: 22399.6059 (Trans LL -9.5905, Dir term -25.0952, Δ=-0.2082)
2025-09-23 21:54:20,207 - __main__ - DEBUG - Iter 2: ELBO after β update: 22399.3341 (Init LL -508.1736, Dir term -25.1778, logp(β) -15.9582, Δ=-0.2718)
2025-09-23 21:54:26,815 - __main__ - DEBUG - Iter 3: ELBO after FB: 22399.3341 (LL 36545.6957, Δ=0.0000)
2025-09-23 21:54:26,816 - __main__ - DEBUG - Blending stats with ρ_niw=0.0500, ρ_tr=0.0500.
2025-09-23 21:54:26,866 - __main__ - DEBUG - Iter 3: ELBO after NIW update: 22399.3341 (Emit LL 37063.4592, NIW term -14105.2256, Δ=0.0000)
2025-09-23 21:54:26,914 - __main__ - DEBUG - Iter 3: ELBO after Dirichlet update: 22399.0087 (Trans LL -9.5800, Dir term -25.5137, Δ=-0.3254)
2025-09-23 21:54:26,974 - __main__ - DEBUG - Iter 3: ELBO after β update: 22399.0294 (Init LL -508.1350, Dir term -25.5351, logp(β) -15.9548, Δ=0.0207)
2025-09-23 21:54:33,516 - __main__ - DEBUG - Iter 4: ELBO after FB: 22399.0294 (LL 36545.7448, Δ=0.0000)
2025-09-23 21:54:33,516 - __main__ - DEBUG - Blending stats with ρ_niw=0.0500, ρ_tr=0.0500.
2025-09-23 21:54:33,566 - __main__ - DEBUG - Iter 4: ELBO after NIW update: 22399.0294 (Emit LL 37063.4592, NIW term -14105.2256, Δ=0.0000)
2025-09-23 21:54:33,615 - __main__ - DEBUG - Iter 4: ELBO after Dirichlet update: 22398.7843 (Trans LL -9.5811, Dir term -25.7791, Δ=-0.2451)
2025-09-23 21:54:33,669 - __main__ - DEBUG - Iter 4: ELBO after β update: 22398.6598 (Init LL -508.2151, Dir term -25.8252, logp(β) -15.9531, Δ=-0.1244)
2025-09-23 21:54:33,671 - __main__ - INFO -    HMM refresh complete: ELBO=1532.3638, iters=0, max iters, states=40
2025-09-23 21:54:33,671 - __main__ - INFO -    ✅ HMM updated (next in 12,000 steps)
2025-09-23 21:54:33,671 - __main__ - INFO - 🔄 VAE refresh starting at step 162,816 with replay size 8x1536
2025-09-23 21:54:33,672 - __main__ - INFO -    Using span sampling (12288 timesteps, too large for full buffer)
2025-09-23 21:55:00,254 - __main__ - INFO -    VAE refresh complete: final_loss=2719.6086, avg_loss=2721.2057, steps=4/4, trend=improving, total_timesteps=12288, span_sampling=32_requested×4_steps, span_len=64
2025-09-23 21:55:00,256 - __main__ - INFO -    ✅ VAE updated (next in 12,000 steps)
2025-09-23 21:55:02,500 - __main__ - INFO - 📊 Episodes completed this rollout: 1
2025-09-23 21:55:02,500 - __main__ - INFO - 📈 Episode stats: avg return = -0.28, avg length = 300.0
2025-09-23 21:55:02,500 - __main__ - INFO - 🎯 Top 3 training actions: #0(29485), #2(25031), #5(22512)
2025-09-23 21:55:06,537 - __main__ - INFO - 📊 Episodes completed this rollout: 9
2025-09-23 21:55:06,537 - __main__ - INFO - 📈 Episode stats: avg return = 0.13, avg length = 217.0
2025-09-23 21:55:06,538 - __main__ - INFO - 🎯 Top 3 training actions: #0(29590), #2(25194), #5(22627)
2025-09-23 21:55:10,618 - __main__ - INFO - 📊 Episodes completed this rollout: 6
2025-09-23 21:55:10,618 - __main__ - INFO - 📈 Episode stats: avg return = 0.53, avg length = 140.7
2025-09-23 21:55:10,618 - __main__ - INFO - 🎯 Top 3 training actions: #0(29666), #2(25328), #5(22723)
2025-09-23 21:55:14,571 - __main__ - INFO - 📊 Episodes completed this rollout: 1
2025-09-23 21:55:14,571 - __main__ - INFO - 📈 Episode stats: avg return = -0.30, avg length = 300.0
2025-09-23 21:55:14,571 - __main__ - INFO - 🎯 Top 3 training actions: #0(29758), #2(25489), #5(22799)
2025-09-23 21:55:18,620 - __main__ - INFO - 📊 Episodes completed this rollout: 8
2025-09-23 21:55:18,620 - __main__ - INFO - 📈 Episode stats: avg return = 0.11, avg length = 231.8
2025-09-23 21:55:18,620 - __main__ - INFO - 🎯 Top 3 training actions: #0(29841), #2(25616), #5(22886)
2025-09-23 21:55:22,646 - __main__ - INFO - 📊 Episodes completed this rollout: 6
2025-09-23 21:55:22,646 - __main__ - INFO - 📈 Episode stats: avg return = 0.67, avg length = 131.0
2025-09-23 21:55:22,647 - __main__ - INFO - 🎯 Top 3 training actions: #0(29904), #2(25738), #5(22982)
2025-09-23 21:55:26,743 - __main__ - INFO - 📊 Episodes completed this rollout: 9
2025-09-23 21:55:26,743 - __main__ - INFO - 📈 Episode stats: avg return = 0.62, avg length = 123.9
2025-09-23 21:55:26,743 - __main__ - INFO - 🎯 Top 3 training actions: #0(29978), #2(25857), #5(23075)
2025-09-23 21:55:30,823 - __main__ - INFO - 📊 Episodes completed this rollout: 4
2025-09-23 21:55:30,823 - __main__ - INFO - 📈 Episode stats: avg return = 0.26, avg length = 156.5
2025-09-23 21:55:30,823 - __main__ - INFO - 🎯 Top 3 training actions: #0(30070), #2(26021), #5(23163)
2025-09-23 21:55:32,608 - __main__ - INFO - 🧪 Starting evaluation with 50 episodes...
2025-09-23 21:55:32,608 - __main__ - INFO -    Eval seed: 51
2025-09-23 21:55:32,608 - __main__ - INFO -    Max episode steps (eval): env default
2025-09-23 21:55:32,608 - nle.env.base - INFO - Not saving any NLE data.
2025-09-23 21:55:41,976 - __main__ - WARNING - ⚠️ Episode 5 terminated due to step limit.
2025-09-23 21:55:45,204 - __main__ - WARNING - ⚠️ Episode 6 terminated due to step limit.
2025-09-23 21:55:48,533 - __main__ - WARNING - ⚠️ Episode 7 terminated due to step limit.
2025-09-23 21:55:51,803 - __main__ - WARNING - ⚠️ Episode 8 terminated due to step limit.
2025-09-23 21:55:55,163 - __main__ - WARNING - ⚠️ Episode 10 terminated due to step limit.
2025-09-23 21:55:59,349 - __main__ - WARNING - ⚠️ Episode 12 terminated due to step limit.
2025-09-23 21:56:01,587 - __main__ - DEBUG - 🎯 Eval HMM masking: step 200 masked due to negative reward
2025-09-23 21:56:02,641 - __main__ - WARNING - ⚠️ Episode 13 terminated due to step limit.
2025-09-23 21:56:06,071 - __main__ - WARNING - ⚠️ Episode 15 terminated due to step limit.
2025-09-23 21:56:13,335 - __main__ - WARNING - ⚠️ Episode 18 terminated due to step limit.
2025-09-23 21:56:16,828 - __main__ - WARNING - ⚠️ Episode 19 terminated due to step limit.
2025-09-23 21:56:23,885 - __main__ - WARNING - ⚠️ Episode 23 terminated due to step limit.
2025-09-23 21:56:28,363 - __main__ - DEBUG - 🎯 Eval HMM masking: step 200 masked due to negative reward
2025-09-23 21:56:29,441 - __main__ - WARNING - ⚠️ Episode 25 terminated due to step limit.
2025-09-23 21:56:34,803 - __main__ - WARNING - ⚠️ Episode 27 terminated due to step limit.
2025-09-23 21:56:38,063 - __main__ - WARNING - ⚠️ Episode 28 terminated due to step limit.
2025-09-23 21:56:41,317 - __main__ - WARNING - ⚠️ Episode 29 terminated due to step limit.
2025-09-23 21:56:44,567 - __main__ - WARNING - ⚠️ Episode 30 terminated due to step limit.
2025-09-23 21:56:46,806 - __main__ - DEBUG - 🎯 Eval HMM masking: step 200 masked due to negative reward
2025-09-23 21:56:47,830 - __main__ - WARNING - ⚠️ Episode 31 terminated due to step limit.
2025-09-23 21:56:53,209 - __main__ - WARNING - ⚠️ Episode 34 terminated due to step limit.
2025-09-23 21:56:54,412 - __main__ - DEBUG - 🎯 Eval HMM masking: step 100 masked due to negative reward
2025-09-23 21:56:56,506 - __main__ - WARNING - ⚠️ Episode 35 terminated due to step limit.
2025-09-23 21:56:57,206 - __main__ - DEBUG - 🎯 Eval HMM masking: step 50 masked due to negative reward
2025-09-23 21:56:59,805 - __main__ - WARNING - ⚠️ Episode 36 terminated due to step limit.
2025-09-23 21:57:01,522 - __main__ - DEBUG - 🎯 Eval HMM masking: step 150 masked due to negative reward
2025-09-23 21:57:03,063 - __main__ - WARNING - ⚠️ Episode 37 terminated due to step limit.
2025-09-23 21:57:06,336 - __main__ - WARNING - ⚠️ Episode 38 terminated due to step limit.
2025-09-23 21:57:09,705 - __main__ - WARNING - ⚠️ Episode 39 terminated due to step limit.
2025-09-23 21:57:13,010 - __main__ - WARNING - ⚠️ Episode 40 terminated due to step limit.
2025-09-23 21:57:14,731 - __main__ - DEBUG - 🎯 Eval HMM masking: step 150 masked due to negative reward
2025-09-23 21:57:16,285 - __main__ - WARNING - ⚠️ Episode 41 terminated due to step limit.
2025-09-23 21:57:19,657 - __main__ - WARNING - ⚠️ Episode 42 terminated due to step limit.
2025-09-23 21:57:23,853 - __main__ - WARNING - ⚠️ Episode 44 terminated due to step limit.
2025-09-23 21:57:26,091 - __main__ - DEBUG - 🎯 Eval HMM masking: step 200 masked due to negative reward
2025-09-23 21:57:27,115 - __main__ - WARNING - ⚠️ Episode 45 terminated due to step limit.
2025-09-23 21:57:33,690 - __main__ - WARNING - ⚠️ Episode 47 terminated due to step limit.
2025-09-23 21:57:37,458 - __main__ - INFO - 📊 Evaluation Results (Current Round):
2025-09-23 21:57:37,458 - __main__ - INFO -    Episodes: 50
2025-09-23 21:57:37,458 - __main__ - INFO -    Time: 124.8s (2.5s/ep)
2025-09-23 21:57:37,458 - __main__ - INFO -    Average Return: 0.183 ± 0.595
2025-09-23 21:57:37,458 - __main__ - INFO -    Success Rate: 42.0%
2025-09-23 21:57:37,458 - __main__ - INFO -    Average Length: 226.9
2025-09-23 21:57:37,459 - __main__ - INFO -    Average Coverage: 77.6 positions
2025-09-23 21:57:37,459 - __main__ - INFO -    Episode Completions: 21 terminated (42.0%), 29 truncated (58.0%)
2025-09-23 21:57:37,459 - __main__ - INFO - 📈 Total Evaluation Statistics:
2025-09-23 21:57:37,459 - __main__ - INFO -    Total Episodes: 850
2025-09-23 21:57:37,459 - __main__ - INFO -    Total Average Return: 0.158 ± 0.645
2025-09-23 21:57:37,459 - __main__ - INFO -    Total Average Length: 223.0 ± 103.8
2025-09-23 21:57:37,459 - __main__ - INFO -    Total Completions: 375 terminated (44.1%), 475 truncated (55.9%)
2025-09-23 21:57:37,459 - __main__ - INFO -    Skill Entropy: 0.001
2025-09-23 21:57:37,459 - __main__ - INFO -    Used Skills: 1.0
2025-09-23 21:57:37,459 - __main__ - INFO -    Effective K: 1.00
2025-09-23 21:57:37,459 - __main__ - INFO - 🎯 Action Usage Statistics:
2025-09-23 21:57:37,460 - __main__ - INFO -    Unique actions in evaluation: 8
2025-09-23 21:57:37,460 - __main__ - INFO -    Unique actions in training: 8
2025-09-23 21:57:37,460 - __main__ - INFO -    Total unique actions: 8
2025-09-23 21:57:37,460 - __main__ - INFO -    Action coverage: 6.6%
2025-09-23 21:57:37,460 - __main__ - INFO -    Train action count: 171008
2025-09-23 21:57:37,460 - __main__ - INFO -    Eval action count: 189579
2025-09-23 21:57:37,460 - __main__ - INFO -    Train action entropy: 2.054
2025-09-23 21:57:37,461 - __main__ - INFO -    Eval action entropy: 2.050
2025-09-23 21:57:37,461 - __main__ - INFO -    Top 3 train actions: #0(30070), #2(26021), #5(23163)
2025-09-23 21:57:37,461 - __main__ - INFO -    Top 3 eval actions: #0(32508), #2(30531), #5(25648)
2025-09-23 21:57:39,745 - __main__ - INFO - 📊 Episodes completed this rollout: 6
2025-09-23 21:57:39,745 - __main__ - INFO - 📈 Episode stats: avg return = 0.19, avg length = 257.3
2025-09-23 21:57:39,745 - __main__ - INFO - 🎯 Top 3 training actions: #0(30169), #2(26216), #5(23256)
2025-09-23 21:57:43,776 - __main__ - INFO - 📊 Episodes completed this rollout: 2
2025-09-23 21:57:43,776 - __main__ - INFO - 📈 Episode stats: avg return = 0.20, avg length = 212.5
2025-09-23 21:57:43,777 - __main__ - INFO - 🎯 Top 3 training actions: #0(30275), #2(26414), #5(23363)
2025-09-23 21:57:47,794 - __main__ - INFO - 📊 Episodes completed this rollout: 6
2025-09-23 21:57:47,794 - __main__ - INFO - 📈 Episode stats: avg return = -0.10, avg length = 262.3
2025-09-23 21:57:47,795 - __main__ - INFO - 🎯 Top 3 training actions: #0(30399), #2(26606), #5(23485)
2025-09-23 21:57:51,780 - __main__ - INFO - 📊 Episodes completed this rollout: 5
2025-09-23 21:57:51,780 - __main__ - INFO - 📈 Episode stats: avg return = 0.39, avg length = 145.6
2025-09-23 21:57:51,780 - __main__ - INFO - 🎯 Top 3 training actions: #0(30521), #2(26846), #5(23594)
2025-09-23 21:57:53,528 - __main__ - INFO - 🔄 Synchronized model update at step 175,104
2025-09-23 21:57:53,529 - __main__ - INFO -    HMM interval: 12,000, VAE interval: 12,000
2025-09-23 21:57:53,530 - __main__ - INFO - 🚫 Model training masking: 1140/12288 timesteps masked (9.3%) due to negative rewards (invalid actions)
2025-09-23 21:57:53,893 - __main__ - INFO - 🔄 Capping HMM batch size from 680 to 128 to prevent OOM
2025-09-23 21:57:53,893 - __main__ - INFO - 🔄 HMM refresh starting at step 175,104 with replay size 128x1536
2025-09-23 21:59:24,094 - __main__ - DEBUG - Initial ELBO: 13103.7720
2025-09-23 21:59:24,094 - __main__ - DEBUG - Relative tol: 0.0100
2025-09-23 21:59:24,094 - __main__ - DEBUG - Relative elbo_drop_tol: 0.0100
2025-09-23 21:59:24,095 - __main__ - DEBUG - - Init -507.5398
2025-09-23 21:59:24,095 - __main__ - DEBUG - - Trans -7.2743
2025-09-23 21:59:24,095 - __main__ - DEBUG - - Emit 27764.4634
2025-09-23 21:59:24,095 - __main__ - DEBUG - - Entropy 0.0089
2025-09-23 21:59:24,095 - __main__ - DEBUG - - Dir -24.7030
2025-09-23 21:59:24,095 - __main__ - DEBUG - - NIW -14105.2256
2025-09-23 21:59:24,095 - __main__ - DEBUG - - Beta prior -15.9576
2025-09-23 22:00:52,619 - __main__ - DEBUG - Iter 0: ELBO after FB: 13103.7720 (LL 27249.6582, Δ=0.0000)
2025-09-23 22:00:52,620 - __main__ - DEBUG - Blending stats with ρ_niw=0.0500, ρ_tr=0.0500.
2025-09-23 22:00:52,705 - __main__ - DEBUG - Iter 0: ELBO after NIW update: 15393.9369 (Emit LL 30567.1205, NIW term -14617.7178, Δ=2290.1649)
2025-09-23 22:00:52,788 - __main__ - DEBUG - Iter 0: ELBO after Dirichlet update: 15394.0060 (Trans LL -7.1018, Dir term -24.8065, Δ=0.0691)
2025-09-23 22:00:52,889 - __main__ - DEBUG - Iter 0: ELBO after β update: 15393.5167 (Init LL -507.9994, Dir term -24.8235, logp(β) -15.9703, Δ=-0.4893)
2025-09-23 22:02:22,510 - __main__ - DEBUG - Iter 1: ELBO after FB: 15393.5167 (LL 30052.0282, Δ=0.0000)
2025-09-23 22:02:22,510 - __main__ - DEBUG - Blending stats with ρ_niw=0.0500, ρ_tr=0.0500.
2025-09-23 22:02:22,594 - __main__ - DEBUG - Iter 1: ELBO after NIW update: 15393.5167 (Emit LL 30567.1205, NIW term -14617.7178, Δ=0.0000)
2025-09-23 22:02:22,678 - __main__ - DEBUG - Iter 1: ELBO after Dirichlet update: 15393.4443 (Trans LL -7.0820, Dir term -24.9156, Δ=-0.0724)
2025-09-23 22:02:22,784 - __main__ - DEBUG - Iter 1: ELBO after β update: 15392.9349 (Init LL -508.4478, Dir term -24.9723, logp(β) -15.9746, Δ=-0.5095)
2025-09-23 22:03:51,889 - __main__ - DEBUG - Iter 2: ELBO after FB: 15392.9349 (LL 30051.5996, Δ=0.0000)
2025-09-23 22:03:51,894 - __main__ - DEBUG - Blending stats with ρ_niw=0.0500, ρ_tr=0.0500.
2025-09-23 22:03:51,978 - __main__ - DEBUG - Iter 2: ELBO after NIW update: 15392.9349 (Emit LL 30567.1205, NIW term -14617.7178, Δ=0.0000)
2025-09-23 22:03:52,062 - __main__ - DEBUG - Iter 2: ELBO after Dirichlet update: 15392.7295 (Trans LL -7.0630, Dir term -25.1966, Δ=-0.2053)
2025-09-23 22:03:52,168 - __main__ - DEBUG - Iter 2: ELBO after β update: 15392.5008 (Init LL -508.5995, Dir term -25.2792, logp(β) -15.9692, Δ=-0.2287)
2025-09-23 22:05:19,448 - __main__ - DEBUG - Iter 3: ELBO after FB: 15392.5008 (LL 30051.4669, Δ=0.0000)
2025-09-23 22:05:19,448 - __main__ - DEBUG - Blending stats with ρ_niw=0.0500, ρ_tr=0.0500.
2025-09-23 22:05:19,531 - __main__ - DEBUG - Iter 3: ELBO after NIW update: 15392.5008 (Emit LL 30567.1205, NIW term -14617.7178, Δ=0.0000)
2025-09-23 22:05:19,615 - __main__ - DEBUG - Iter 3: ELBO after Dirichlet update: 15392.1608 (Trans LL -7.0567, Dir term -25.6255, Δ=-0.3400)
2025-09-23 22:05:19,707 - __main__ - DEBUG - Iter 3: ELBO after β update: 15392.2066 (Init LL -508.5464, Dir term -25.6336, logp(β) -15.9683, Δ=0.0458)
2025-09-23 22:06:48,371 - __main__ - DEBUG - Iter 4: ELBO after FB: 15392.2066 (LL 30051.5263, Δ=0.0000)
2025-09-23 22:06:48,372 - __main__ - DEBUG - Blending stats with ρ_niw=0.0500, ρ_tr=0.0500.
2025-09-23 22:06:48,457 - __main__ - DEBUG - Iter 4: ELBO after NIW update: 15392.2066 (Emit LL 30567.1205, NIW term -14617.7178, Δ=0.0000)
2025-09-23 22:06:48,540 - __main__ - DEBUG - Iter 4: ELBO after Dirichlet update: 15392.0560 (Trans LL -7.0590, Dir term -25.7818, Δ=-0.1506)
2025-09-23 22:06:48,630 - __main__ - DEBUG - Iter 4: ELBO after β update: 15391.9430 (Init LL -508.6325, Dir term -25.8102, logp(β) -15.9668, Δ=-0.1130)
2025-09-23 22:06:48,632 - __main__ - INFO -    HMM refresh complete: ELBO=590.4085, iters=0, max iters, states=40
2025-09-23 22:06:48,632 - __main__ - INFO -    ✅ HMM updated (next in 12,000 steps)
2025-09-23 22:06:48,632 - __main__ - INFO - 🔄 VAE refresh starting at step 175,104 with replay size 8x1536
2025-09-23 22:06:48,633 - __main__ - INFO -    Using span sampling (12288 timesteps, too large for full buffer)
2025-09-23 22:07:14,855 - __main__ - INFO -    VAE refresh complete: final_loss=2698.3472, avg_loss=2700.9935, steps=4/4, trend=improving, total_timesteps=12288, span_sampling=32_requested×4_steps, span_len=64
2025-09-23 22:07:14,857 - __main__ - INFO -    ✅ VAE updated (next in 12,000 steps)
2025-09-23 22:07:17,134 - __main__ - INFO - 📊 Episodes completed this rollout: 4
2025-09-23 22:07:17,135 - __main__ - INFO - 📈 Episode stats: avg return = -0.01, avg length = 246.8
2025-09-23 22:07:17,135 - __main__ - INFO - 🎯 Top 3 training actions: #0(30636), #2(27100), #5(23709)
2025-09-23 22:07:21,226 - __main__ - INFO - 📊 Episodes completed this rollout: 5
2025-09-23 22:07:21,226 - __main__ - INFO - 📈 Episode stats: avg return = -0.10, avg length = 272.2
2025-09-23 22:07:21,227 - __main__ - INFO - 🎯 Top 3 training actions: #0(30779), #2(27283), #5(23818)
2025-09-23 22:07:25,158 - __main__ - INFO - 📊 Episodes completed this rollout: 2
2025-09-23 22:07:25,158 - __main__ - INFO - 📈 Episode stats: avg return = 0.82, avg length = 247.5
2025-09-23 22:07:25,159 - __main__ - INFO - 🎯 Top 3 training actions: #0(30916), #2(27463), #5(23936)
2025-09-23 22:07:29,161 - __main__ - INFO - 📊 Episodes completed this rollout: 8
2025-09-23 22:07:29,161 - __main__ - INFO - 📈 Episode stats: avg return = 0.14, avg length = 197.5
2025-09-23 22:07:29,161 - __main__ - INFO - 🎯 Top 3 training actions: #0(31033), #2(27625), #5(24040)
2025-09-23 22:07:33,110 - __main__ - INFO - 📊 Episodes completed this rollout: 4
2025-09-23 22:07:33,111 - __main__ - INFO - 📈 Episode stats: avg return = 0.17, avg length = 218.2
2025-09-23 22:07:33,111 - __main__ - INFO - 🎯 Top 3 training actions: #0(31149), #2(27809), #5(24148)
2025-09-23 22:07:34,868 - __main__ - INFO - 🧪 Starting evaluation with 50 episodes...
2025-09-23 22:07:34,868 - __main__ - INFO -    Eval seed: 51
2025-09-23 22:07:34,868 - __main__ - INFO -    Max episode steps (eval): env default
2025-09-23 22:07:34,868 - nle.env.base - INFO - Not saving any NLE data.
2025-09-23 22:07:36,459 - __main__ - DEBUG - 🎯 Eval HMM masking: step 150 masked due to negative reward
2025-09-23 22:07:36,973 - __main__ - DEBUG - 🎯 Eval HMM masking: step 200 masked due to negative reward
2025-09-23 22:07:38,002 - __main__ - WARNING - ⚠️ Episode 1 terminated due to step limit.
2025-09-23 22:07:40,740 - __main__ - DEBUG - 🎯 Eval HMM masking: step 250 masked due to negative reward
2025-09-23 22:07:41,246 - __main__ - WARNING - ⚠️ Episode 2 terminated due to step limit.
2025-09-23 22:07:44,496 - __main__ - WARNING - ⚠️ Episode 3 terminated due to step limit.
2025-09-23 22:07:47,746 - __main__ - WARNING - ⚠️ Episode 4 terminated due to step limit.
2025-09-23 22:07:50,498 - __main__ - DEBUG - 🎯 Eval HMM masking: step 250 masked due to negative reward
2025-09-23 22:07:52,295 - __main__ - DEBUG - 🎯 Eval HMM masking: step 150 masked due to negative reward
2025-09-23 22:07:53,327 - __main__ - DEBUG - 🎯 Eval HMM masking: step 250 masked due to negative reward
2025-09-23 22:07:53,870 - __main__ - WARNING - ⚠️ Episode 6 terminated due to step limit.
2025-09-23 22:07:57,139 - __main__ - WARNING - ⚠️ Episode 7 terminated due to step limit.
2025-09-23 22:08:01,590 - __main__ - DEBUG - 🎯 Eval HMM masking: step 150 masked due to negative reward
2025-09-23 22:08:03,131 - __main__ - WARNING - ⚠️ Episode 9 terminated due to step limit.
2025-09-23 22:08:04,846 - __main__ - DEBUG - 🎯 Eval HMM masking: step 150 masked due to negative reward
2025-09-23 22:08:08,422 - __main__ - WARNING - ⚠️ Episode 11 terminated due to step limit.
2025-09-23 22:08:12,714 - __main__ - DEBUG - 🎯 Eval HMM masking: step 100 masked due to negative reward
2025-09-23 22:08:14,770 - __main__ - WARNING - ⚠️ Episode 13 terminated due to step limit.
2025-09-23 22:08:21,000 - __main__ - DEBUG - 🎯 Eval HMM masking: step 100 masked due to negative reward
2025-09-23 22:08:26,281 - __main__ - DEBUG - 🎯 Eval HMM masking: step 250 masked due to negative reward
2025-09-23 22:08:26,811 - __main__ - WARNING - ⚠️ Episode 21 terminated due to step limit.
2025-09-23 22:08:27,498 - __main__ - DEBUG - 🎯 Eval HMM masking: step 50 masked due to negative reward
2025-09-23 22:08:28,015 - __main__ - DEBUG - 🎯 Eval HMM masking: step 100 masked due to negative reward
2025-09-23 22:08:30,069 - __main__ - WARNING - ⚠️ Episode 22 terminated due to step limit.
2025-09-23 22:08:30,858 - __main__ - DEBUG - 🎯 Eval HMM masking: step 50 masked due to negative reward
2025-09-23 22:08:33,827 - __main__ - DEBUG - 🎯 Eval HMM masking: step 100 masked due to negative reward
2025-09-23 22:08:35,368 - __main__ - DEBUG - 🎯 Eval HMM masking: step 250 masked due to negative reward
2025-09-23 22:08:35,878 - __main__ - WARNING - ⚠️ Episode 25 terminated due to step limit.
2025-09-23 22:08:36,566 - __main__ - DEBUG - 🎯 Eval HMM masking: step 50 masked due to negative reward
2025-09-23 22:08:41,204 - __main__ - WARNING - ⚠️ Episode 27 terminated due to step limit.
2025-09-23 22:08:44,900 - __main__ - WARNING - ⚠️ Episode 29 terminated due to step limit.
2025-09-23 22:08:48,165 - __main__ - WARNING - ⚠️ Episode 30 terminated due to step limit.
2025-09-23 22:08:51,415 - __main__ - WARNING - ⚠️ Episode 31 terminated due to step limit.
2025-09-23 22:08:53,664 - __main__ - DEBUG - 🎯 Eval HMM masking: step 200 masked due to negative reward
2025-09-23 22:08:54,724 - __main__ - WARNING - ⚠️ Episode 32 terminated due to step limit.
2025-09-23 22:08:59,279 - __main__ - WARNING - ⚠️ Episode 34 terminated due to step limit.
2025-09-23 22:09:05,862 - __main__ - WARNING - ⚠️ Episode 39 terminated due to step limit.
2025-09-23 22:09:10,396 - __main__ - WARNING - ⚠️ Episode 41 terminated due to step limit.
2025-09-23 22:09:11,600 - __main__ - DEBUG - 🎯 Eval HMM masking: step 100 masked due to negative reward
2025-09-23 22:09:16,594 - __main__ - WARNING - ⚠️ Episode 43 terminated due to step limit.
2025-09-23 22:09:20,936 - __main__ - DEBUG - 🎯 Eval HMM masking: step 50 masked due to negative reward
2025-09-23 22:09:23,521 - __main__ - WARNING - ⚠️ Episode 46 terminated due to step limit.
2025-09-23 22:09:27,452 - __main__ - DEBUG - 🎯 Eval HMM masking: step 50 masked due to negative reward
2025-09-23 22:09:33,328 - __main__ - WARNING - ⚠️ Episode 49 terminated due to step limit.
2025-09-23 22:09:36,621 - __main__ - WARNING - ⚠️ Episode 50 terminated due to step limit.
2025-09-23 22:09:36,779 - __main__ - INFO - 📊 Evaluation Results (Current Round):
2025-09-23 22:09:36,779 - __main__ - INFO -    Episodes: 50
2025-09-23 22:09:36,779 - __main__ - INFO -    Time: 121.9s (2.4s/ep)
2025-09-23 22:09:36,779 - __main__ - INFO -    Average Return: 0.256 ± 0.615
2025-09-23 22:09:36,779 - __main__ - INFO -    Success Rate: 52.0%
2025-09-23 22:09:36,779 - __main__ - INFO -    Average Length: 223.7
2025-09-23 22:09:36,779 - __main__ - INFO -    Average Coverage: 78.5 positions
2025-09-23 22:09:36,779 - __main__ - INFO -    Episode Completions: 26 terminated (52.0%), 24 truncated (48.0%)
2025-09-23 22:09:36,779 - __main__ - INFO - 📈 Total Evaluation Statistics:
2025-09-23 22:09:36,780 - __main__ - INFO -    Total Episodes: 900
2025-09-23 22:09:36,780 - __main__ - INFO -    Total Average Return: 0.163 ± 0.644
2025-09-23 22:09:36,780 - __main__ - INFO -    Total Average Length: 223.1 ± 103.8
2025-09-23 22:09:36,780 - __main__ - INFO -    Total Completions: 401 terminated (44.6%), 499 truncated (55.4%)
2025-09-23 22:09:36,780 - __main__ - INFO -    Skill Entropy: 0.001
2025-09-23 22:09:36,780 - __main__ - INFO -    Used Skills: 1.0
2025-09-23 22:09:36,780 - __main__ - INFO -    Effective K: 1.00
2025-09-23 22:09:36,780 - __main__ - INFO - 🎯 Action Usage Statistics:
2025-09-23 22:09:36,780 - __main__ - INFO -    Unique actions in evaluation: 8
2025-09-23 22:09:36,780 - __main__ - INFO -    Unique actions in training: 8
2025-09-23 22:09:36,780 - __main__ - INFO -    Total unique actions: 8
2025-09-23 22:09:36,781 - __main__ - INFO -    Action coverage: 6.6%
2025-09-23 22:09:36,781 - __main__ - INFO -    Train action count: 180224
2025-09-23 22:09:36,781 - __main__ - INFO -    Eval action count: 200764
2025-09-23 22:09:36,781 - __main__ - INFO -    Train action entropy: 2.055
2025-09-23 22:09:36,781 - __main__ - INFO -    Eval action entropy: 2.051
2025-09-23 22:09:36,782 - __main__ - INFO -    Top 3 train actions: #0(31149), #2(27809), #5(24148)
2025-09-23 22:09:36,782 - __main__ - INFO -    Top 3 eval actions: #0(33589), #2(32613), #5(26825)
2025-09-23 22:09:39,126 - __main__ - INFO - 📊 Episodes completed this rollout: 5
2025-09-23 22:09:39,126 - __main__ - INFO - 📈 Episode stats: avg return = 0.31, avg length = 160.4
2025-09-23 22:09:39,126 - __main__ - INFO - 🎯 Top 3 training actions: #0(31260), #2(27989), #5(24232)
2025-09-23 22:09:43,154 - __main__ - INFO - 📊 Episodes completed this rollout: 4
2025-09-23 22:09:43,155 - __main__ - INFO - 📈 Episode stats: avg return = -0.05, avg length = 237.0
2025-09-23 22:09:43,155 - __main__ - INFO - 🎯 Top 3 training actions: #0(31377), #2(28139), #5(24350)
2025-09-23 22:09:47,185 - __main__ - INFO - 📊 Episodes completed this rollout: 7
2025-09-23 22:09:47,185 - __main__ - INFO - 📈 Episode stats: avg return = 0.32, avg length = 232.0
2025-09-23 22:09:47,185 - __main__ - INFO - 🎯 Top 3 training actions: #0(31484), #2(28288), #5(24480)
2025-09-23 22:09:51,189 - __main__ - INFO - 📊 Episodes completed this rollout: 2
2025-09-23 22:09:51,189 - __main__ - INFO - 📈 Episode stats: avg return = 0.87, avg length = 228.0
2025-09-23 22:09:51,190 - __main__ - INFO - 🎯 Top 3 training actions: #0(31582), #2(28451), #5(24591)
2025-09-23 22:09:55,271 - __main__ - INFO - 📊 Episodes completed this rollout: 4
2025-09-23 22:09:55,271 - __main__ - INFO - 📈 Episode stats: avg return = -0.29, avg length = 300.0
2025-09-23 22:09:55,272 - __main__ - INFO - 🎯 Top 3 training actions: #0(31691), #2(28609), #5(24707)
2025-09-23 22:09:59,321 - __main__ - INFO - 📊 Episodes completed this rollout: 5
2025-09-23 22:09:59,322 - __main__ - INFO - 📈 Episode stats: avg return = 0.43, avg length = 204.4
2025-09-23 22:09:59,322 - __main__ - INFO - 🎯 Top 3 training actions: #0(31798), #2(28752), #5(24829)
2025-09-23 22:10:03,392 - __main__ - INFO - 📊 Episodes completed this rollout: 4
2025-09-23 22:10:03,392 - __main__ - INFO - 📈 Episode stats: avg return = 0.20, avg length = 220.5
2025-09-23 22:10:03,392 - __main__ - INFO - 🎯 Top 3 training actions: #0(31906), #2(28897), #5(24953)
2025-09-23 22:10:05,167 - __main__ - INFO - 🔄 Synchronized model update at step 187,392
2025-09-23 22:10:05,167 - __main__ - INFO -    HMM interval: 12,000, VAE interval: 12,000
2025-09-23 22:10:05,168 - __main__ - INFO - 🚫 Model training masking: 1164/12288 timesteps masked (9.5%) due to negative rewards (invalid actions)
2025-09-23 22:10:05,541 - __main__ - INFO - 🔄 Capping HMM batch size from 812 to 128 to prevent OOM
2025-09-23 22:10:05,541 - __main__ - INFO - 🔄 HMM refresh starting at step 187,392 with replay size 128x66
2025-09-23 22:10:09,449 - __main__ - DEBUG - Initial ELBO: 20902.4068
2025-09-23 22:10:09,451 - __main__ - DEBUG - Relative tol: 0.0100
2025-09-23 22:10:09,451 - __main__ - DEBUG - Relative elbo_drop_tol: 0.0100
2025-09-23 22:10:09,451 - __main__ - DEBUG - - Init -507.9994
2025-09-23 22:10:09,451 - __main__ - DEBUG - - Trans -8.2954
2025-09-23 22:10:09,451 - __main__ - DEBUG - - Emit 36077.2127
2025-09-23 22:10:09,452 - __main__ - DEBUG - - Entropy 0.0004
2025-09-23 22:10:09,452 - __main__ - DEBUG - - Dir -24.8235
2025-09-23 22:10:09,452 - __main__ - DEBUG - - NIW -14617.7178
2025-09-23 22:10:09,452 - __main__ - DEBUG - - Beta prior -15.9703
2025-09-23 22:10:13,721 - __main__ - DEBUG - Iter 0: ELBO after FB: 20902.4068 (LL 35560.9183, Δ=0.0000)
2025-09-23 22:10:13,721 - __main__ - DEBUG - Blending stats with ρ_niw=0.0500, ρ_tr=0.0500.
2025-09-23 22:10:13,770 - __main__ - DEBUG - Iter 0: ELBO after NIW update: 23659.1247 (Emit LL 39482.3388, NIW term -15266.1260, Δ=2756.7179)
2025-09-23 22:10:13,818 - __main__ - DEBUG - Iter 0: ELBO after Dirichlet update: 23659.2565 (Trans LL -8.0171, Dir term -24.9699, Δ=0.1318)
2025-09-23 22:10:13,885 - __main__ - DEBUG - Iter 0: ELBO after β update: 23658.7996 (Init LL -508.4279, Dir term -24.9855, logp(β) -15.9830, Δ=-0.4569)
2025-09-23 22:10:17,905 - __main__ - DEBUG - Iter 1: ELBO after FB: 23658.7996 (LL 38965.8941, Δ=0.0000)
2025-09-23 22:10:17,905 - __main__ - DEBUG - Blending stats with ρ_niw=0.0500, ρ_tr=0.0500.
2025-09-23 22:10:17,952 - __main__ - DEBUG - Iter 1: ELBO after NIW update: 23658.7996 (Emit LL 39482.3388, NIW term -15266.1260, Δ=0.0000)
2025-09-23 22:10:17,998 - __main__ - DEBUG - Iter 1: ELBO after Dirichlet update: 23658.7365 (Trans LL -7.9968, Dir term -25.0689, Δ=-0.0631)
2025-09-23 22:10:18,066 - __main__ - DEBUG - Iter 1: ELBO after β update: 23658.1911 (Init LL -508.9067, Dir term -25.1317, logp(β) -15.9869, Δ=-0.5454)
2025-09-23 22:10:22,074 - __main__ - DEBUG - Iter 2: ELBO after FB: 23658.1911 (LL 38965.4356, Δ=0.0000)
2025-09-23 22:10:22,075 - __main__ - DEBUG - Blending stats with ρ_niw=0.0500, ρ_tr=0.0500.
2025-09-23 22:10:22,121 - __main__ - DEBUG - Iter 2: ELBO after NIW update: 23658.1911 (Emit LL 39482.3388, NIW term -15266.1260, Δ=0.0000)
2025-09-23 22:10:22,167 - __main__ - DEBUG - Iter 2: ELBO after Dirichlet update: 23657.9710 (Trans LL -7.9746, Dir term -25.3740, Δ=-0.2201)
2025-09-23 22:10:22,235 - __main__ - DEBUG - Iter 2: ELBO after β update: 23657.7616 (Init LL -509.0503, Dir term -25.4452, logp(β) -15.9815, Δ=-0.2094)
2025-09-23 22:10:26,474 - __main__ - DEBUG - Iter 3: ELBO after FB: 23657.7616 (LL 38965.3143, Δ=0.0000)
2025-09-23 22:10:26,475 - __main__ - DEBUG - Blending stats with ρ_niw=0.0500, ρ_tr=0.0500.
2025-09-23 22:10:26,524 - __main__ - DEBUG - Iter 3: ELBO after NIW update: 23657.7616 (Emit LL 39482.3388, NIW term -15266.1260, Δ=0.0000)
2025-09-23 22:10:26,573 - __main__ - DEBUG - Iter 3: ELBO after Dirichlet update: 23657.4112 (Trans LL -7.9672, Dir term -25.8029, Δ=-0.3504)
2025-09-23 22:10:26,635 - __main__ - DEBUG - Iter 3: ELBO after β update: 23657.3450 (Init LL -509.0551, Dir term -25.8691, logp(β) -15.9768, Δ=-0.0662)
2025-09-23 22:10:30,754 - __main__ - DEBUG - Iter 4: ELBO after FB: 23657.3450 (LL 38965.3169, Δ=0.0000)
2025-09-23 22:10:30,755 - __main__ - DEBUG - Blending stats with ρ_niw=0.0500, ρ_tr=0.0500.
2025-09-23 22:10:30,802 - __main__ - DEBUG - Iter 4: ELBO after NIW update: 23657.3450 (Emit LL 39482.3388, NIW term -15266.1260, Δ=0.0000)
2025-09-23 22:10:30,848 - __main__ - DEBUG - Iter 4: ELBO after Dirichlet update: 23656.9872 (Trans LL -7.9672, Dir term -26.2269, Δ=-0.3577)
2025-09-23 22:10:30,898 - __main__ - DEBUG - Iter 4: ELBO after β update: 23657.0184 (Init LL -509.0135, Dir term -26.2367, logp(β) -15.9773, Δ=0.0312)
2025-09-23 22:10:30,899 - __main__ - INFO -    HMM refresh complete: ELBO=167.3393, iters=0, max iters, states=40
2025-09-23 22:10:30,899 - __main__ - INFO -    ✅ HMM updated (next in 12,000 steps)
2025-09-23 22:10:30,900 - __main__ - INFO - 🔄 VAE refresh starting at step 187,392 with replay size 8x1536
2025-09-23 22:10:30,900 - __main__ - INFO -    Using span sampling (12288 timesteps, too large for full buffer)
2025-09-23 22:10:56,770 - __main__ - INFO -    VAE refresh complete: final_loss=2685.0061, avg_loss=2689.9763, steps=4/4, trend=improving, total_timesteps=12288, span_sampling=32_requested×4_steps, span_len=64
2025-09-23 22:10:56,772 - __main__ - INFO -    ✅ VAE updated (next in 12,000 steps)
2025-09-23 22:10:59,085 - __main__ - INFO - 📊 Episodes completed this rollout: 5
2025-09-23 22:10:59,085 - __main__ - INFO - 📈 Episode stats: avg return = -0.12, avg length = 257.6
2025-09-23 22:10:59,085 - __main__ - INFO - 🎯 Top 3 training actions: #0(32014), #2(29048), #5(25076)
2025-09-23 22:11:03,115 - __main__ - INFO - 📊 Episodes completed this rollout: 5
2025-09-23 22:11:03,115 - __main__ - INFO - 📈 Episode stats: avg return = 0.44, avg length = 239.6
2025-09-23 22:11:03,116 - __main__ - INFO - 🎯 Top 3 training actions: #0(32112), #2(29214), #5(25199)
2025-09-23 22:11:07,121 - __main__ - INFO - 📊 Episodes completed this rollout: 5
2025-09-23 22:11:07,121 - __main__ - INFO - 📈 Episode stats: avg return = 0.92, avg length = 121.6
2025-09-23 22:11:07,121 - __main__ - INFO - 🎯 Top 3 training actions: #0(32221), #2(29364), #5(25299)
2025-09-23 22:11:08,875 - __main__ - INFO - 🧪 Starting evaluation with 50 episodes...
2025-09-23 22:11:08,875 - __main__ - INFO -    Eval seed: 51
2025-09-23 22:11:08,875 - __main__ - INFO -    Max episode steps (eval): env default
2025-09-23 22:11:08,876 - nle.env.base - INFO - Not saving any NLE data.
2025-09-23 22:11:12,556 - __main__ - DEBUG - 🎯 Eval HMM masking: step 200 masked due to negative reward
2025-09-23 22:11:13,644 - __main__ - WARNING - ⚠️ Episode 2 terminated due to step limit.
2025-09-23 22:11:16,907 - __main__ - WARNING - ⚠️ Episode 3 terminated due to step limit.
2025-09-23 22:11:25,066 - __main__ - WARNING - ⚠️ Episode 8 terminated due to step limit.
2025-09-23 22:11:28,349 - __main__ - WARNING - ⚠️ Episode 9 terminated due to step limit.
2025-09-23 22:11:31,667 - __main__ - WARNING - ⚠️ Episode 10 terminated due to step limit.
2025-09-23 22:11:32,382 - __main__ - DEBUG - 🎯 Eval HMM masking: step 50 masked due to negative reward
2025-09-23 22:11:37,424 - __main__ - WARNING - ⚠️ Episode 12 terminated due to step limit.
2025-09-23 22:11:42,292 - __main__ - WARNING - ⚠️ Episode 14 terminated due to step limit.
2025-09-23 22:11:45,607 - __main__ - WARNING - ⚠️ Episode 15 terminated due to step limit.
2025-09-23 22:11:48,925 - __main__ - WARNING - ⚠️ Episode 16 terminated due to step limit.
2025-09-23 22:11:54,484 - __main__ - WARNING - ⚠️ Episode 18 terminated due to step limit.
2025-09-23 22:11:58,580 - __main__ - DEBUG - 🎯 Eval HMM masking: step 50 masked due to negative reward
2025-09-23 22:12:01,183 - __main__ - WARNING - ⚠️ Episode 21 terminated due to step limit.
2025-09-23 22:12:04,622 - __main__ - WARNING - ⚠️ Episode 22 terminated due to step limit.
2025-09-23 22:12:13,665 - __main__ - WARNING - ⚠️ Episode 26 terminated due to step limit.
2025-09-23 22:12:14,351 - __main__ - DEBUG - 🎯 Eval HMM masking: step 50 masked due to negative reward
2025-09-23 22:12:16,959 - __main__ - WARNING - ⚠️ Episode 27 terminated due to step limit.
2025-09-23 22:12:17,795 - __main__ - DEBUG - 🎯 Eval HMM masking: step 50 masked due to negative reward
2025-09-23 22:12:18,825 - __main__ - DEBUG - 🎯 Eval HMM masking: step 150 masked due to negative reward
2025-09-23 22:12:20,374 - __main__ - WARNING - ⚠️ Episode 29 terminated due to step limit.
2025-09-23 22:12:21,572 - __main__ - DEBUG - 🎯 Eval HMM masking: step 100 masked due to negative reward
2025-09-23 22:12:25,823 - __main__ - DEBUG - 🎯 Eval HMM masking: step 200 masked due to negative reward
2025-09-23 22:12:26,854 - __main__ - WARNING - ⚠️ Episode 31 terminated due to step limit.
2025-09-23 22:12:29,601 - __main__ - DEBUG - 🎯 Eval HMM masking: step 250 masked due to negative reward
2025-09-23 22:12:30,109 - __main__ - WARNING - ⚠️ Episode 32 terminated due to step limit.
2025-09-23 22:12:30,795 - __main__ - DEBUG - 🎯 Eval HMM masking: step 50 masked due to negative reward
2025-09-23 22:12:32,081 - __main__ - DEBUG - 🎯 Eval HMM masking: step 100 masked due to negative reward
2025-09-23 22:12:34,174 - __main__ - WARNING - ⚠️ Episode 34 terminated due to step limit.
2025-09-23 22:12:37,445 - __main__ - WARNING - ⚠️ Episode 35 terminated due to step limit.
2025-09-23 22:12:38,641 - __main__ - DEBUG - 🎯 Eval HMM masking: step 100 masked due to negative reward
2025-09-23 22:12:39,668 - __main__ - DEBUG - 🎯 Eval HMM masking: step 200 masked due to negative reward
2025-09-23 22:12:40,686 - __main__ - WARNING - ⚠️ Episode 36 terminated due to step limit.
2025-09-23 22:12:41,883 - __main__ - DEBUG - 🎯 Eval HMM masking: step 100 masked due to negative reward
2025-09-23 22:12:42,911 - __main__ - DEBUG - 🎯 Eval HMM masking: step 200 masked due to negative reward
2025-09-23 22:12:43,934 - __main__ - WARNING - ⚠️ Episode 37 terminated due to step limit.
2025-09-23 22:12:44,734 - __main__ - DEBUG - 🎯 Eval HMM masking: step 50 masked due to negative reward
2025-09-23 22:12:45,247 - __main__ - DEBUG - 🎯 Eval HMM masking: step 100 masked due to negative reward
2025-09-23 22:12:47,298 - __main__ - WARNING - ⚠️ Episode 40 terminated due to step limit.
2025-09-23 22:12:52,013 - __main__ - WARNING - ⚠️ Episode 43 terminated due to step limit.
2025-09-23 22:12:57,411 - __main__ - WARNING - ⚠️ Episode 45 terminated due to step limit.
2025-09-23 22:12:59,936 - __main__ - DEBUG - 🎯 Eval HMM masking: step 200 masked due to negative reward
2025-09-23 22:13:00,952 - __main__ - WARNING - ⚠️ Episode 47 terminated due to step limit.
2025-09-23 22:13:01,633 - __main__ - DEBUG - 🎯 Eval HMM masking: step 50 masked due to negative reward
2025-09-23 22:13:04,199 - __main__ - WARNING - ⚠️ Episode 48 terminated due to step limit.
2025-09-23 22:13:07,487 - __main__ - WARNING - ⚠️ Episode 49 terminated due to step limit.
2025-09-23 22:13:10,740 - __main__ - WARNING - ⚠️ Episode 50 terminated due to step limit.
2025-09-23 22:13:10,896 - __main__ - INFO - 📊 Evaluation Results (Current Round):
2025-09-23 22:13:10,896 - __main__ - INFO -    Episodes: 50
2025-09-23 22:13:10,896 - __main__ - INFO -    Time: 122.0s (2.4s/ep)
2025-09-23 22:13:10,896 - __main__ - INFO -    Average Return: 0.196 ± 0.618
2025-09-23 22:13:10,896 - __main__ - INFO -    Success Rate: 44.0%
2025-09-23 22:13:10,896 - __main__ - INFO -    Average Length: 222.6
2025-09-23 22:13:10,896 - __main__ - INFO -    Average Coverage: 77.8 positions
2025-09-23 22:13:10,896 - __main__ - INFO -    Episode Completions: 22 terminated (44.0%), 28 truncated (56.0%)
2025-09-23 22:13:10,896 - __main__ - INFO - 📈 Total Evaluation Statistics:
2025-09-23 22:13:10,896 - __main__ - INFO -    Total Episodes: 950
2025-09-23 22:13:10,897 - __main__ - INFO -    Total Average Return: 0.165 ± 0.643
2025-09-23 22:13:10,897 - __main__ - INFO -    Total Average Length: 223.0 ± 104.0
2025-09-23 22:13:10,897 - __main__ - INFO -    Total Completions: 423 terminated (44.5%), 527 truncated (55.5%)
2025-09-23 22:13:10,897 - __main__ - INFO -    Skill Entropy: 0.001
2025-09-23 22:13:10,897 - __main__ - INFO -    Used Skills: 1.0
2025-09-23 22:13:10,897 - __main__ - INFO -    Effective K: 1.00
2025-09-23 22:13:10,897 - __main__ - INFO - 🎯 Action Usage Statistics:
2025-09-23 22:13:10,897 - __main__ - INFO -    Unique actions in evaluation: 8
2025-09-23 22:13:10,897 - __main__ - INFO -    Unique actions in training: 8
2025-09-23 22:13:10,897 - __main__ - INFO -    Total unique actions: 8
2025-09-23 22:13:10,897 - __main__ - INFO -    Action coverage: 6.6%
2025-09-23 22:13:10,898 - __main__ - INFO -    Train action count: 190464
2025-09-23 22:13:10,898 - __main__ - INFO -    Eval action count: 211893
2025-09-23 22:13:10,898 - __main__ - INFO -    Train action entropy: 2.057
2025-09-23 22:13:10,898 - __main__ - INFO -    Eval action entropy: 2.053
2025-09-23 22:13:10,899 - __main__ - INFO -    Top 3 train actions: #0(32221), #2(29364), #5(25299)
2025-09-23 22:13:10,899 - __main__ - INFO -    Top 3 eval actions: #0(34789), #2(34309), #5(28107)
2025-09-23 22:13:13,182 - __main__ - INFO - 📊 Episodes completed this rollout: 7
2025-09-23 22:13:13,182 - __main__ - INFO - 📈 Episode stats: avg return = 0.23, avg length = 209.7
2025-09-23 22:13:13,182 - __main__ - INFO - 🎯 Top 3 training actions: #0(32321), #2(29519), #5(25408)
2025-09-23 22:13:17,241 - __main__ - INFO - 📊 Episodes completed this rollout: 7
2025-09-23 22:13:17,241 - __main__ - INFO - 📈 Episode stats: avg return = 0.52, avg length = 142.4
2025-09-23 22:13:17,241 - __main__ - INFO - 🎯 Top 3 training actions: #0(32442), #2(29664), #5(25530)
2025-09-23 22:13:21,327 - __main__ - INFO - 📊 Episodes completed this rollout: 4
2025-09-23 22:13:21,327 - __main__ - INFO - 📈 Episode stats: avg return = 0.65, avg length = 136.5
2025-09-23 22:13:21,327 - __main__ - INFO - 🎯 Top 3 training actions: #0(32535), #2(29822), #5(25657)
2025-09-23 22:13:25,398 - __main__ - INFO - 📊 Episodes completed this rollout: 4
2025-09-23 22:13:25,398 - __main__ - INFO - 📈 Episode stats: avg return = -0.00, avg length = 280.0
2025-09-23 22:13:25,398 - __main__ - INFO - 🎯 Top 3 training actions: #0(32620), #2(29990), #5(25762)
2025-09-23 22:13:29,439 - __main__ - INFO - 📊 Episodes completed this rollout: 5
2025-09-23 22:13:29,439 - __main__ - INFO - 📈 Episode stats: avg return = -0.08, avg length = 251.6
2025-09-23 22:13:29,440 - __main__ - INFO - 🎯 Top 3 training actions: #0(32689), #2(30159), #5(25868)
2025-09-23 22:13:33,434 - __main__ - INFO - 📊 Episodes completed this rollout: 3
2025-09-23 22:13:33,434 - __main__ - INFO - 📈 Episode stats: avg return = -0.39, avg length = 300.0
2025-09-23 22:13:33,434 - __main__ - INFO - 🎯 Top 3 training actions: #0(32743), #2(30308), #5(25991)
2025-09-23 22:13:37,439 - __main__ - INFO - 📊 Episodes completed this rollout: 4
2025-09-23 22:13:37,439 - __main__ - INFO - 📈 Episode stats: avg return = 0.09, avg length = 264.0
2025-09-23 22:13:37,439 - __main__ - INFO - 🎯 Top 3 training actions: #0(32811), #2(30530), #5(26104)
2025-09-23 22:13:41,491 - __main__ - INFO - 📊 Episodes completed this rollout: 6
2025-09-23 22:13:41,491 - __main__ - INFO - 📈 Episode stats: avg return = 0.30, avg length = 189.3
2025-09-23 22:13:41,491 - __main__ - INFO - 🎯 Top 3 training actions: #0(32894), #2(30758), #5(26231)
2025-09-23 22:13:45,458 - __main__ - INFO - 📊 Episodes completed this rollout: 3
2025-09-23 22:13:45,459 - __main__ - INFO - 📈 Episode stats: avg return = -0.25, avg length = 300.0
2025-09-23 22:13:45,459 - __main__ - INFO - 🎯 Top 3 training actions: #0(32978), #2(30960), #5(26359)
2025-09-23 22:13:47,167 - __main__ - INFO - 🔄 Synchronized model update at step 199,680
2025-09-23 22:13:47,167 - __main__ - INFO -    HMM interval: 12,000, VAE interval: 12,000
2025-09-23 22:13:47,168 - __main__ - INFO - 🚫 Model training masking: 1272/12288 timesteps masked (10.4%) due to negative rewards (invalid actions)
2025-09-23 22:13:47,527 - __main__ - INFO - 🔄 Capping HMM batch size from 751 to 128 to prevent OOM
2025-09-23 22:13:47,528 - __main__ - INFO - 🔄 HMM refresh starting at step 199,680 with replay size 128x111
2025-09-23 22:13:53,715 - __main__ - DEBUG - Initial ELBO: 21386.1206
2025-09-23 22:13:53,719 - __main__ - DEBUG - Relative tol: 0.0100
2025-09-23 22:13:53,719 - __main__ - DEBUG - Relative elbo_drop_tol: 0.0100
2025-09-23 22:13:53,719 - __main__ - DEBUG - - Init -508.4279
2025-09-23 22:13:53,720 - __main__ - DEBUG - - Trans -7.5127
2025-09-23 22:13:53,720 - __main__ - DEBUG - - Emit 37209.1551
2025-09-23 22:13:53,720 - __main__ - DEBUG - - Entropy 0.0006
2025-09-23 22:13:53,720 - __main__ - DEBUG - - Dir -24.9855
2025-09-23 22:13:53,720 - __main__ - DEBUG - - NIW -15266.1260
2025-09-23 22:13:53,720 - __main__ - DEBUG - - Beta prior -15.9830
2025-09-23 22:14:00,155 - __main__ - DEBUG - Iter 0: ELBO after FB: 21386.1206 (LL 36693.2151, Δ=0.0000)
2025-09-23 22:14:00,156 - __main__ - DEBUG - Blending stats with ρ_niw=0.0500, ρ_tr=0.0500.
2025-09-23 22:14:00,204 - __main__ - DEBUG - Iter 0: ELBO after NIW update: 23740.9171 (Emit LL 40145.2708, NIW term -15847.4453, Δ=2354.7964)
2025-09-23 22:14:00,252 - __main__ - DEBUG - Iter 0: ELBO after Dirichlet update: 23740.9953 (Trans LL -7.3186, Dir term -25.1013, Δ=0.0783)
2025-09-23 22:14:00,320 - __main__ - DEBUG - Iter 0: ELBO after β update: 23740.5437 (Init LL -508.8338, Dir term -25.1342, logp(β) -15.9959, Δ=-0.4516)
2025-09-23 22:14:06,723 - __main__ - DEBUG - Iter 1: ELBO after FB: 23740.5437 (LL 39629.1191, Δ=0.0000)
2025-09-23 22:14:06,724 - __main__ - DEBUG - Blending stats with ρ_niw=0.0500, ρ_tr=0.0500.
2025-09-23 22:14:06,772 - __main__ - DEBUG - Iter 1: ELBO after NIW update: 23740.5437 (Emit LL 40145.2708, NIW term -15847.4453, Δ=0.0000)
2025-09-23 22:14:06,821 - __main__ - DEBUG - Iter 1: ELBO after Dirichlet update: 23740.4927 (Trans LL -7.3004, Dir term -25.2034, Δ=-0.0510)
2025-09-23 22:14:06,890 - __main__ - DEBUG - Iter 1: ELBO after β update: 23739.9662 (Init LL -509.3033, Dir term -25.2567, logp(β) -15.9995, Δ=-0.5265)
2025-09-23 22:14:13,559 - __main__ - DEBUG - Iter 2: ELBO after FB: 23739.9662 (LL 39628.6677, Δ=0.0000)
2025-09-23 22:14:13,559 - __main__ - DEBUG - Blending stats with ρ_niw=0.0500, ρ_tr=0.0500.
2025-09-23 22:14:13,608 - __main__ - DEBUG - Iter 2: ELBO after NIW update: 23739.9662 (Emit LL 40145.2708, NIW term -15847.4453, Δ=0.0000)
2025-09-23 22:14:13,657 - __main__ - DEBUG - Iter 2: ELBO after Dirichlet update: 23739.7446 (Trans LL -7.2805, Dir term -25.4982, Δ=-0.2215)
2025-09-23 22:14:13,724 - __main__ - DEBUG - Iter 2: ELBO after β update: 23739.5149 (Init LL -509.4585, Dir term -25.5782, logp(β) -15.9942, Δ=-0.2298)
2025-09-23 22:14:20,512 - __main__ - DEBUG - Iter 3: ELBO after FB: 23739.5149 (LL 39628.5325, Δ=0.0000)
2025-09-23 22:14:20,513 - __main__ - DEBUG - Blending stats with ρ_niw=0.0500, ρ_tr=0.0500.
2025-09-23 22:14:20,564 - __main__ - DEBUG - Iter 3: ELBO after NIW update: 23739.5149 (Emit LL 40145.2708, NIW term -15847.4453, Δ=0.0000)
2025-09-23 22:14:20,614 - __main__ - DEBUG - Iter 3: ELBO after Dirichlet update: 23739.1427 (Trans LL -7.2735, Dir term -25.9573, Δ=-0.3722)
2025-09-23 22:14:20,673 - __main__ - DEBUG - Iter 3: ELBO after β update: 23739.2014 (Init LL -509.3694, Dir term -25.9897, logp(β) -15.9921, Δ=0.0587)
2025-09-23 22:14:27,575 - __main__ - DEBUG - Iter 4: ELBO after FB: 23739.2014 (LL 39628.6285, Δ=0.0000)
2025-09-23 22:14:27,576 - __main__ - DEBUG - Blending stats with ρ_niw=0.0500, ρ_tr=0.0500.
2025-09-23 22:14:27,627 - __main__ - DEBUG - Iter 4: ELBO after NIW update: 23739.2014 (Emit LL 40145.2708, NIW term -15847.4453, Δ=0.0000)
2025-09-23 22:14:27,678 - __main__ - DEBUG - Iter 4: ELBO after Dirichlet update: 23739.0641 (Trans LL -7.2779, Dir term -26.1226, Δ=-0.1372)
2025-09-23 22:14:27,730 - __main__ - DEBUG - Iter 4: ELBO after β update: 23739.0238 (Init LL -509.4116, Dir term -26.1216, logp(β) -15.9913, Δ=-0.0403)
2025-09-23 22:14:27,731 - __main__ - INFO -    HMM refresh complete: ELBO=119.4333, iters=0, max iters, states=40
2025-09-23 22:14:27,731 - __main__ - INFO -    ✅ HMM updated (next in 12,000 steps)
2025-09-23 22:14:27,731 - __main__ - INFO - 🔄 VAE refresh starting at step 199,680 with replay size 8x1536
2025-09-23 22:14:27,732 - __main__ - INFO -    Using span sampling (12288 timesteps, too large for full buffer)
2025-09-23 22:14:54,054 - __main__ - INFO -    VAE refresh complete: final_loss=2668.7512, avg_loss=2677.8572, steps=4/4, trend=improving, total_timesteps=12288, span_sampling=32_requested×4_steps, span_len=64
2025-09-23 22:14:54,056 - __main__ - INFO -    ✅ VAE updated (next in 12,000 steps)
2025-09-23 22:14:54,061 - __main__ - INFO - ⏱️  Training completed in 4755.24 seconds
2025-09-23 22:14:54,061 - __main__ - INFO - 💾 Saving final PPO checkpoint...
2025-09-23 22:14:54,069 - __main__ - INFO - 💾 Final checkpoint saved: checkpoints/ablation_baseline_full_curiosity_MiniHack_Room_Random_15x15_v0_20250923-205535/ppo_policy.pth
2025-09-23 22:14:54,075 - __main__ - INFO - 📊 Collected 286 training log entries
2025-09-23 22:14:54,075 - __main__ - INFO - ☁️  Uploading all model components to HuggingFace...
2025-09-23 22:14:54,527 - __main__ - INFO - 📦 Created/verified repository: CatkinChen/nethack-ppo-ablation-baseline_full_curiosity
2025-09-23 22:14:54,528 - __main__ - INFO - 📤 Uploading PPO policy checkpoint...
2025-09-23 22:14:57,858 - __main__ - INFO - 📤 Uploading VAE model...
2025-09-23 22:15:01,050 - __main__ - INFO - ✅ VAE model uploaded successfully
2025-09-23 22:15:01,050 - __main__ - INFO - 📤 Uploading HMM model...
2025-09-23 22:15:03,391 - __main__ - INFO - ✅ HMM model uploaded successfully
2025-09-23 22:15:03,392 - __main__ - INFO - 📝 Creating model card...
2025-09-23 22:15:04,108 - __main__ - INFO - ✅ Model card uploaded successfully
2025-09-23 22:15:04,108 - __main__ - INFO - 📄 Uploading training configuration...
2025-09-23 22:15:05,009 - __main__ - INFO - ✅ Training configuration uploaded successfully
2025-09-23 22:15:05,009 - __main__ - INFO - 🎉 All model components uploaded to: https://huggingface.co/CatkinChen/nethack-ppo-ablation-baseline_full_curiosity
2025-09-23 22:15:05,009 - __main__ - INFO - 📈 Uploading training artifacts...
2025-09-23 22:15:08,332 - __main__ - INFO - ✅ Training artifacts uploaded successfully
2025-09-23 22:15:09,088 - __main__ - INFO - 🎉 Training completed successfully!
