2025-09-28 09:52:01,362 - __main__ - INFO - ================================================================================
2025-09-28 09:52:01,363 - __main__ - INFO - Starting Online PPO Training with Pretrained Models
2025-09-28 09:52:01,363 - __main__ - INFO - Environment: MiniHack-KeyRoom-S15-v0
2025-09-28 09:52:01,363 - __main__ - INFO - VAE Repository: None
2025-09-28 09:52:01,363 - __main__ - INFO - HMM Repository: None
2025-09-28 09:52:01,363 - __main__ - INFO - Total Timesteps: 195
2025-09-28 09:52:01,363 - __main__ - INFO - ================================================================================
2025-09-28 09:52:01,363 - __main__ - INFO - 🔧 Using device: cuda
2025-09-28 09:52:01,363 - __main__ - INFO - 🔄 Resume mode: Loading all models from unified repo: CatkinChen/nethack-ppo-ablation-baseline_rnd
2025-09-28 09:52:01,363 - __main__ - INFO - 🎨 Loading VAE from unified repo...
2025-09-28 09:52:03,547 - __main__ - INFO - ✅ VAE loaded from vae_model.pth
2025-09-28 09:52:03,547 - __main__ - INFO - 🧠 Loading HMM from unified repo...
2025-09-28 09:52:05,157 - __main__ - INFO - ✅ HMM loaded from hmm_model.pt
2025-09-28 09:52:05,157 - __main__ - INFO - ✅ VAE model loaded successfully
2025-09-28 09:52:05,157 - __main__ - INFO -    - Latent dimension: 96
2025-09-28 09:52:05,157 - __main__ - INFO -    - Skills: 40
2025-09-28 09:52:05,157 - __main__ - INFO - ✅ HMM model loaded successfully
2025-09-28 09:52:05,157 - __main__ - INFO -    🏷️  HMM Round: None
2025-09-28 09:52:05,157 - __main__ - INFO -    📅 Created: 2025-09-28T03:29:01.031651
2025-09-28 09:52:05,157 - __main__ - INFO - 🎮 Creating environment: MiniHack-KeyRoom-S15-v0
2025-09-28 09:52:05,157 - nle.env.base - INFO - Not saving any NLE data.
2025-09-28 09:52:05,176 - __main__ - INFO -    - Observation space: Dict('blstats': Box(-2147483648, 2147483647, (27,), int64), 'chars': Box(0, 255, (21, 79), uint8), 'chars_crop': Box(0, 255, (9, 9), uint8), 'colors': Box(0, 15, (21, 79), uint8), 'colors_crop': Box(0, 15, (9, 9), uint8), 'glyphs': Box(0, 5976, (21, 79), int16), 'glyphs_crop': Box(0, 5976, (9, 9), int16), 'message': Box(0, 255, (256,), uint8), 'specials': Box(0, 255, (21, 79), uint8), 'specials_crop': Box(0, 255, (9, 9), uint8))
2025-09-28 09:52:05,176 - __main__ - INFO -    - Action space: Discrete(10)
2025-09-28 09:52:05,202 - __main__ - INFO - 🔄 HMM posterior set as prior for online updates with tempered weight 0.2
2025-09-28 09:52:05,202 - __main__ - INFO - 🔄 Using provided VAE config
2025-09-28 09:52:05,202 - __main__ - INFO -    - VAE prior mode set to 'hmm' for online training
2025-09-28 09:52:06,212 - __main__ - INFO - 📊 W&B initialized with run name: ablation_baseline_rnd_MiniHack_KeyRoom_S15_v0_20250928-095201
2025-09-28 09:52:06,213 - __main__ - INFO - 🚀 Initializing PPO trainer...
2025-09-28 09:52:06,213 - nle.env.base - INFO - Not saving any NLE data.
2025-09-28 09:52:06,229 - nle.env.base - INFO - Not saving any NLE data.
2025-09-28 09:52:06,243 - nle.env.base - INFO - Not saving any NLE data.
2025-09-28 09:52:06,257 - nle.env.base - INFO - Not saving any NLE data.
2025-09-28 09:52:06,271 - nle.env.base - INFO - Not saving any NLE data.
2025-09-28 09:52:06,286 - nle.env.base - INFO - Not saving any NLE data.
2025-09-28 09:52:06,300 - nle.env.base - INFO - Not saving any NLE data.
2025-09-28 09:52:06,314 - nle.env.base - INFO - Not saving any NLE data.
2025-09-28 09:52:07,214 - __main__ - INFO - ✅ PPO trainer initialized successfully
2025-09-28 09:52:07,214 - __main__ - INFO - 🔄 Loading existing PPO checkpoint for continuation...
2025-09-28 09:52:07,214 - __main__ - INFO - 📥 Loading PPO checkpoint from HuggingFace: CatkinChen/nethack-ppo-ablation-baseline_rnd
2025-09-28 09:52:09,026 - __main__ - INFO - ✅ PPO checkpoint loaded from HuggingFace
2025-09-28 09:52:09,027 - __main__ - INFO - ✅ Actor-critic model state restored
2025-09-28 09:52:09,027 - __main__ - INFO - ✅ Optimizer state restored
2025-09-28 09:52:09,027 - __main__ - INFO - ✅ RND model state restored
2025-09-28 09:52:09,028 - __main__ - INFO - ✅ RND optimizer state restored
2025-09-28 09:52:09,028 - __main__ - INFO - ✅ Training resumed from step 199,680
2025-09-28 09:52:09,028 - __main__ - INFO - 🔄 Global step counter reset to 0 as requested
2025-09-28 09:52:09,028 - __main__ - INFO - ℹ️  Loaded training configuration from checkpoint
2025-09-28 09:52:09,028 - __main__ - WARNING - ⚠️  Environment changed: None → MiniHack-KeyRoom-S15-v0
2025-09-28 09:52:09,028 - __main__ - INFO - 🎯 PPO checkpoint restoration completed successfully
2025-09-28 09:52:09,028 - __main__ - INFO - 🏋️  Starting PPO training...
2025-09-28 09:52:09,436 - __main__ - INFO - 🎮 Action Mapping Debug (step 0, timestep 0):
2025-09-28 09:52:09,436 - __main__ - INFO -    Global actions sampled: [ 1  1  1 61 24  1  3  3]
2025-09-28 09:52:09,436 - __main__ - INFO -    Local actions mapped:   [1 1 1 8 9 1 3 3]
2025-09-28 09:52:09,437 - __main__ - INFO -    Available env actions:  (<CompassDirection.N: 107>, <CompassDirection.E: 108>, <CompassDirection.S: 106>, <CompassDirection.W: 104>, <CompassDirection.NE: 117>, <CompassDirection.SE: 110>, <CompassDirection.SW: 98>, <CompassDirection.NW: 121>, <Command.PICKUP: 44>, <Command.APPLY: 97>)
2025-09-28 09:52:09,437 - __main__ - INFO -    Action mapping:         ['local_0->global_0(107)', 'local_1->global_1(108)', 'local_2->global_2(106)', 'local_3->global_3(104)', 'local_4->global_4(117)', 'local_5->global_5(110)', 'local_6->global_6(98)', 'local_7->global_7(121)', 'local_8->global_61(44)', 'local_9->global_24(97)']
2025-09-28 09:52:09,437 - __main__ - INFO -    Valid global indices:   [ 0  1  2  3  4  5  6  7 24 61] (total: 10)
2025-09-28 09:52:09,437 - __main__ - INFO -    Global->Local mapping:  ['env0:g1->l1', 'env1:g1->l1', 'env2:g1->l1', 'env3:g61->l8', 'env4:g24->l9', 'env5:g1->l1', 'env6:g3->l3', 'env7:g3->l3']
2025-09-28 09:52:09,443 - __main__ - INFO - 🚫 Negative Reward Masking (step 0, timestep 0):
2025-09-28 09:52:09,443 - __main__ - INFO -    Environments masked due to prev negative rewards: 0/8
2025-09-28 09:52:09,443 - __main__ - INFO -    Environments with current negative rewards: 3/8
2025-09-28 09:52:09,443 - __main__ - INFO -    Rewards: [-0.01  0.    0.   -0.01 -0.01  0.    0.    0.  ]
2025-09-28 09:52:21,500 - __main__ - INFO - 📊 Episodes completed this rollout: 8
2025-09-28 09:52:21,500 - __main__ - INFO - 📈 Episode stats: avg return = -2.50, avg length = 400.0
2025-09-28 09:52:21,522 - __main__ - INFO - 🎯 Top 3 training actions: #1(1840), #0(599), #2(495)
2025-09-28 09:52:25,738 - __main__ - INFO - 🔄 Synchronized model update at step 5,120
2025-09-28 09:52:25,738 - __main__ - INFO -    HMM interval: 5,120, VAE interval: 5,120
2025-09-28 09:52:25,739 - __main__ - INFO - 🚫 Model training masking: 1095/5120 timesteps masked (21.4%) due to negative rewards (invalid actions)
2025-09-28 09:52:25,908 - __main__ - INFO - 🔄 Capping HMM batch size from 738 to 128 to prevent OOM
2025-09-28 09:52:25,909 - __main__ - INFO - 🔄 HMM refresh starting at step 5,120 with replay size 128x33
2025-09-28 09:52:27,855 - __main__ - DEBUG - Initial ELBO: 12718.5414
2025-09-28 09:52:27,855 - __main__ - DEBUG - Relative tol: 0.0100
2025-09-28 09:52:27,855 - __main__ - DEBUG - Relative elbo_drop_tol: 0.0100
2025-09-28 09:52:27,855 - __main__ - DEBUG - - Init -517.5283
2025-09-28 09:52:27,856 - __main__ - DEBUG - - Trans -5.7978
2025-09-28 09:52:27,856 - __main__ - DEBUG - - Emit 13236.4474
2025-09-28 09:52:27,856 - __main__ - DEBUG - - Entropy 0.0002
2025-09-28 09:52:27,856 - __main__ - DEBUG - - Dir 25.0991
2025-09-28 09:52:27,856 - __main__ - DEBUG - - NIW 0.0003
2025-09-28 09:52:27,856 - __main__ - DEBUG - - Beta prior -19.6795
2025-09-28 09:52:30,024 - __main__ - DEBUG - Iter 0: ELBO after FB: 12718.5414 (LL 12713.1214, Δ=0.0000)
2025-09-28 09:52:30,025 - __main__ - DEBUG - First pass after reset, using full stats.
2025-09-28 09:52:30,070 - __main__ - DEBUG - Iter 0: ELBO after NIW update: 19938.7500 (Emit LL 24885.6949, NIW term -4429.0386, Δ=7220.2086)
2025-09-28 09:52:30,115 - __main__ - DEBUG - Iter 0: ELBO after Dirichlet update: 19953.9808 (Trans LL -3.1569, Dir term 37.6890, Δ=15.2308)
2025-09-28 09:52:30,188 - __main__ - DEBUG - Iter 0: ELBO after β update: 25680218.1243 (Init LL -517.6376, Dir term 25660302.0000, logp(β) -19.7376, Δ=25660264.1435)
2025-09-28 09:52:32,378 - __main__ - DEBUG - Iter 1: ELBO after FB: 25680218.1243 (LL 24364.9005, Δ=0.0000)
2025-09-28 09:52:32,378 - __main__ - DEBUG - First pass after reset, using full stats.
2025-09-28 09:52:32,424 - __main__ - DEBUG - Iter 1: ELBO after NIW update: 25680218.1243 (Emit LL 24885.6949, NIW term -4429.0386, Δ=0.0000)
2025-09-28 09:52:32,470 - __main__ - DEBUG - Iter 1: ELBO after Dirichlet update: 25932244.1248 (Trans LL -3.1564, Dir term 25912328.0000, Δ=252026.0005)
2025-09-28 09:52:32,537 - __main__ - DEBUG - Iter 1: ELBO after β update: 51382591.9534 (Init LL -517.7514, Dir term 51362676.0000, logp(β) -19.7953, Δ=25450347.8286)
2025-09-28 09:52:34,730 - __main__ - DEBUG - Iter 2: ELBO after FB: 51382591.9534 (LL 24364.7873, Δ=0.0000)
2025-09-28 09:52:34,730 - __main__ - DEBUG - First pass after reset, using full stats.
2025-09-28 09:52:34,778 - __main__ - DEBUG - Iter 2: ELBO after NIW update: 51382591.9534 (Emit LL 24885.6949, NIW term -4429.0386, Δ=0.0000)
2025-09-28 09:52:34,824 - __main__ - DEBUG - Iter 2: ELBO after Dirichlet update: 51252151.9542 (Trans LL -3.1556, Dir term 51232236.0000, Δ=-130439.9992)
2025-09-28 09:52:34,890 - __main__ - DEBUG - Iter 2: ELBO after β update: 76489459.7772 (Init LL -517.8693, Dir term 76469544.0000, logp(β) -19.8544, Δ=25237307.8230)
2025-09-28 09:52:37,067 - __main__ - DEBUG - Iter 3: ELBO after FB: 76489459.7772 (LL 24364.6702, Δ=0.0000)
2025-09-28 09:52:37,067 - __main__ - DEBUG - First pass after reset, using full stats.
2025-09-28 09:52:37,113 - __main__ - DEBUG - Iter 3: ELBO after NIW update: 76489459.7772 (Emit LL 24885.6949, NIW term -4429.0386, Δ=0.0000)
2025-09-28 09:52:37,158 - __main__ - DEBUG - Iter 3: ELBO after Dirichlet update: 75678699.7778 (Trans LL -3.1550, Dir term 75658784.0000, Δ=-810759.9995)
2025-09-28 09:52:37,225 - __main__ - DEBUG - Iter 3: ELBO after β update: 100681019.5963 (Init LL -517.9915, Dir term 100661104.0000, logp(β) -19.9137, Δ=25002319.8185)
2025-09-28 09:52:39,441 - __main__ - DEBUG - Iter 4: ELBO after FB: 100681019.5963 (LL 24364.5485, Δ=0.0000)
2025-09-28 09:52:39,441 - __main__ - DEBUG - First pass after reset, using full stats.
2025-09-28 09:52:39,488 - __main__ - DEBUG - Iter 4: ELBO after NIW update: 100681019.5963 (Emit LL 24885.6949, NIW term -4429.0386, Δ=0.0000)
2025-09-28 09:52:39,536 - __main__ - DEBUG - Iter 4: ELBO after Dirichlet update: 98926083.5971 (Trans LL -3.1542, Dir term 98906168.0000, Δ=-1754935.9992)
2025-09-28 09:52:39,603 - __main__ - DEBUG - Iter 4: ELBO after β update: 123668931.4117 (Init LL -518.1180, Dir term 123649016.0000, logp(β) -19.9726, Δ=24742847.8145)
2025-09-28 09:52:39,605 - __main__ - INFO -    HMM refresh complete: ELBO=176.5212, iters=0, max iters, states=40
2025-09-28 09:52:39,605 - __main__ - INFO -    ✅ HMM updated (next in 6,144 steps)
2025-09-28 09:52:39,605 - __main__ - INFO - 🔄 VAE refresh starting at step 5,120 with replay size 8x640
2025-09-28 09:52:39,606 - __main__ - INFO -    Using span sampling (5120 timesteps, too large for full buffer)
2025-09-28 09:53:01,774 - __main__ - INFO -    VAE refresh complete: final_loss=2421.0969, avg_loss=2441.5840, steps=4/4, trend=improving, total_timesteps=5120, span_sampling=32_requested×4_steps, span_len=64
2025-09-28 09:53:01,776 - __main__ - INFO -    ✅ VAE updated (next in 6,144 steps)
2025-09-28 09:53:07,391 - __main__ - INFO - 📊 Episodes completed this rollout: 8
2025-09-28 09:53:07,392 - __main__ - INFO - 📈 Episode stats: avg return = -0.77, avg length = 400.0
2025-09-28 09:53:07,392 - __main__ - INFO - 🎯 Top 3 training actions: #1(2363), #2(1314), #0(1264)
2025-09-28 09:53:17,276 - __main__ - INFO - 📊 Episodes completed this rollout: 8
2025-09-28 09:53:17,276 - __main__ - INFO - 📈 Episode stats: avg return = -0.54, avg length = 400.0
2025-09-28 09:53:17,276 - __main__ - INFO - 🎯 Top 3 training actions: #1(2816), #2(2273), #0(2065)
2025-09-28 09:53:18,298 - __main__ - INFO - 🧪 Starting evaluation with 50 episodes...
2025-09-28 09:53:18,298 - __main__ - INFO -    Eval seed: 51
2025-09-28 09:53:18,298 - __main__ - INFO -    Max episode steps (eval): env default
2025-09-28 09:53:18,299 - nle.env.base - INFO - Not saving any NLE data.
2025-09-28 09:53:22,521 - __main__ - WARNING - ⚠️ Episode 1 terminated due to step limit.
2025-09-28 09:53:26,910 - __main__ - WARNING - ⚠️ Episode 2 terminated due to step limit.
2025-09-28 09:53:31,303 - __main__ - WARNING - ⚠️ Episode 3 terminated due to step limit.
2025-09-28 09:53:33,625 - __main__ - DEBUG - 🎯 Eval HMM masking: step 200 masked due to negative reward
2025-09-28 09:53:34,709 - __main__ - DEBUG - 🎯 Eval HMM masking: step 300 masked due to negative reward
2025-09-28 09:53:35,774 - __main__ - WARNING - ⚠️ Episode 4 terminated due to step limit.
2025-09-28 09:53:36,541 - __main__ - DEBUG - 🎯 Eval HMM masking: step 50 masked due to negative reward
2025-09-28 09:53:37,085 - __main__ - DEBUG - 🎯 Eval HMM masking: step 100 masked due to negative reward
2025-09-28 09:53:39,264 - __main__ - DEBUG - 🎯 Eval HMM masking: step 300 masked due to negative reward
2025-09-28 09:53:40,337 - __main__ - WARNING - ⚠️ Episode 5 terminated due to step limit.
2025-09-28 09:53:43,268 - __main__ - DEBUG - 🎯 Eval HMM masking: step 250 masked due to negative reward
2025-09-28 09:53:43,789 - __main__ - DEBUG - 🎯 Eval HMM masking: step 300 masked due to negative reward
2025-09-28 09:53:44,826 - __main__ - WARNING - ⚠️ Episode 6 terminated due to step limit.
2025-09-28 09:53:49,323 - __main__ - WARNING - ⚠️ Episode 7 terminated due to step limit.
2025-09-28 09:53:53,339 - __main__ - DEBUG - 🎯 Eval HMM masking: step 350 masked due to negative reward
2025-09-28 09:53:53,848 - __main__ - WARNING - ⚠️ Episode 8 terminated due to step limit.
2025-09-28 09:53:58,235 - __main__ - WARNING - ⚠️ Episode 9 terminated due to step limit.
2025-09-28 09:54:02,630 - __main__ - WARNING - ⚠️ Episode 10 terminated due to step limit.
2025-09-28 09:54:05,963 - __main__ - DEBUG - 🎯 Eval HMM masking: step 300 masked due to negative reward
2025-09-28 09:54:06,485 - __main__ - DEBUG - 🎯 Eval HMM masking: step 350 masked due to negative reward
2025-09-28 09:54:06,994 - __main__ - WARNING - ⚠️ Episode 11 terminated due to step limit.
2025-09-28 09:54:07,725 - __main__ - DEBUG - 🎯 Eval HMM masking: step 50 masked due to negative reward
2025-09-28 09:54:11,329 - __main__ - WARNING - ⚠️ Episode 12 terminated due to step limit.
2025-09-28 09:54:14,653 - __main__ - DEBUG - 🎯 Eval HMM masking: step 300 masked due to negative reward
2025-09-28 09:54:15,177 - __main__ - DEBUG - 🎯 Eval HMM masking: step 350 masked due to negative reward
2025-09-28 09:54:15,687 - __main__ - WARNING - ⚠️ Episode 13 terminated due to step limit.
2025-09-28 09:54:19,506 - __main__ - DEBUG - 🎯 Eval HMM masking: step 350 masked due to negative reward
2025-09-28 09:54:20,016 - __main__ - WARNING - ⚠️ Episode 14 terminated due to step limit.
2025-09-28 09:54:21,267 - __main__ - DEBUG - 🎯 Eval HMM masking: step 100 masked due to negative reward
2025-09-28 09:54:21,782 - __main__ - DEBUG - 🎯 Eval HMM masking: step 150 masked due to negative reward
2025-09-28 09:54:22,296 - __main__ - DEBUG - 🎯 Eval HMM masking: step 200 masked due to negative reward
2025-09-28 09:54:23,327 - __main__ - DEBUG - 🎯 Eval HMM masking: step 300 masked due to negative reward
2025-09-28 09:54:23,842 - __main__ - DEBUG - 🎯 Eval HMM masking: step 350 masked due to negative reward
2025-09-28 09:54:24,347 - __main__ - WARNING - ⚠️ Episode 15 terminated due to step limit.
2025-09-28 09:54:28,680 - __main__ - WARNING - ⚠️ Episode 16 terminated due to step limit.
2025-09-28 09:54:31,484 - __main__ - DEBUG - 🎯 Eval HMM masking: step 250 masked due to negative reward
2025-09-28 09:54:33,071 - __main__ - WARNING - ⚠️ Episode 17 terminated due to step limit.
2025-09-28 09:54:33,812 - __main__ - DEBUG - 🎯 Eval HMM masking: step 50 masked due to negative reward
2025-09-28 09:54:34,843 - __main__ - DEBUG - 🎯 Eval HMM masking: step 150 masked due to negative reward
2025-09-28 09:54:35,359 - __main__ - DEBUG - 🎯 Eval HMM masking: step 200 masked due to negative reward
2025-09-28 09:54:36,917 - __main__ - DEBUG - 🎯 Eval HMM masking: step 350 masked due to negative reward
2025-09-28 09:54:37,430 - __main__ - WARNING - ⚠️ Episode 18 terminated due to step limit.
2025-09-28 09:54:39,726 - __main__ - DEBUG - 🎯 Eval HMM masking: step 200 masked due to negative reward
2025-09-28 09:54:41,798 - __main__ - WARNING - ⚠️ Episode 19 terminated due to step limit.
2025-09-28 09:54:44,085 - __main__ - DEBUG - 🎯 Eval HMM masking: step 200 masked due to negative reward
2025-09-28 09:54:45,118 - __main__ - DEBUG - 🎯 Eval HMM masking: step 300 masked due to negative reward
2025-09-28 09:54:46,143 - __main__ - WARNING - ⚠️ Episode 20 terminated due to step limit.
2025-09-28 09:54:47,911 - __main__ - DEBUG - 🎯 Eval HMM masking: step 150 masked due to negative reward
2025-09-28 09:54:49,461 - __main__ - DEBUG - 🎯 Eval HMM masking: step 300 masked due to negative reward
2025-09-28 09:54:50,489 - __main__ - WARNING - ⚠️ Episode 21 terminated due to step limit.
2025-09-28 09:54:54,854 - __main__ - WARNING - ⚠️ Episode 22 terminated due to step limit.
2025-09-28 09:54:56,106 - __main__ - DEBUG - 🎯 Eval HMM masking: step 100 masked due to negative reward
2025-09-28 09:54:59,194 - __main__ - WARNING - ⚠️ Episode 23 terminated due to step limit.
2025-09-28 09:55:00,444 - __main__ - DEBUG - 🎯 Eval HMM masking: step 100 masked due to negative reward
2025-09-28 09:55:03,049 - __main__ - DEBUG - 🎯 Eval HMM masking: step 350 masked due to negative reward
2025-09-28 09:55:03,602 - __main__ - WARNING - ⚠️ Episode 24 terminated due to step limit.
2025-09-28 09:55:08,066 - __main__ - WARNING - ⚠️ Episode 25 terminated due to step limit.
2025-09-28 09:55:11,874 - __main__ - DEBUG - 🎯 Eval HMM masking: step 350 masked due to negative reward
2025-09-28 09:55:12,380 - __main__ - WARNING - ⚠️ Episode 26 terminated due to step limit.
2025-09-28 09:55:14,141 - __main__ - DEBUG - 🎯 Eval HMM masking: step 150 masked due to negative reward
2025-09-28 09:55:16,709 - __main__ - WARNING - ⚠️ Episode 27 terminated due to step limit.
2025-09-28 09:55:18,469 - __main__ - DEBUG - 🎯 Eval HMM masking: step 150 masked due to negative reward
2025-09-28 09:55:18,994 - __main__ - DEBUG - 🎯 Eval HMM masking: step 200 masked due to negative reward
2025-09-28 09:55:19,509 - __main__ - DEBUG - 🎯 Eval HMM masking: step 250 masked due to negative reward
2025-09-28 09:55:21,046 - __main__ - WARNING - ⚠️ Episode 28 terminated due to step limit.
2025-09-28 09:55:23,318 - __main__ - DEBUG - 🎯 Eval HMM masking: step 200 masked due to negative reward
2025-09-28 09:55:25,367 - __main__ - WARNING - ⚠️ Episode 29 terminated due to step limit.
2025-09-28 09:55:29,687 - __main__ - WARNING - ⚠️ Episode 30 terminated due to step limit.
2025-09-28 09:55:30,417 - __main__ - DEBUG - 🎯 Eval HMM masking: step 50 masked due to negative reward
2025-09-28 09:55:30,931 - __main__ - DEBUG - 🎯 Eval HMM masking: step 100 masked due to negative reward
2025-09-28 09:55:31,960 - __main__ - DEBUG - 🎯 Eval HMM masking: step 200 masked due to negative reward
2025-09-28 09:55:32,989 - __main__ - DEBUG - 🎯 Eval HMM masking: step 300 masked due to negative reward
2025-09-28 09:55:33,504 - __main__ - DEBUG - 🎯 Eval HMM masking: step 350 masked due to negative reward
2025-09-28 09:55:34,011 - __main__ - WARNING - ⚠️ Episode 31 terminated due to step limit.
2025-09-28 09:55:34,740 - __main__ - DEBUG - 🎯 Eval HMM masking: step 50 masked due to negative reward
2025-09-28 09:55:35,802 - __main__ - DEBUG - 🎯 Eval HMM masking: step 150 masked due to negative reward
2025-09-28 09:55:38,369 - __main__ - WARNING - ⚠️ Episode 32 terminated due to step limit.
2025-09-28 09:55:40,641 - __main__ - DEBUG - 🎯 Eval HMM masking: step 200 masked due to negative reward
2025-09-28 09:55:42,180 - __main__ - DEBUG - 🎯 Eval HMM masking: step 350 masked due to negative reward
2025-09-28 09:55:42,686 - __main__ - WARNING - ⚠️ Episode 33 terminated due to step limit.
2025-09-28 09:55:45,468 - __main__ - DEBUG - 🎯 Eval HMM masking: step 250 masked due to negative reward
2025-09-28 09:55:45,984 - __main__ - DEBUG - 🎯 Eval HMM masking: step 300 masked due to negative reward
2025-09-28 09:55:46,502 - __main__ - DEBUG - 🎯 Eval HMM masking: step 350 masked due to negative reward
2025-09-28 09:55:47,011 - __main__ - WARNING - ⚠️ Episode 34 terminated due to step limit.
2025-09-28 09:55:51,466 - __main__ - WARNING - ⚠️ Episode 35 terminated due to step limit.
2025-09-28 09:55:53,789 - __main__ - DEBUG - 🎯 Eval HMM masking: step 200 masked due to negative reward
2025-09-28 09:55:55,864 - __main__ - WARNING - ⚠️ Episode 36 terminated due to step limit.
2025-09-28 09:55:58,683 - __main__ - DEBUG - 🎯 Eval HMM masking: step 250 masked due to negative reward
2025-09-28 09:56:00,240 - __main__ - WARNING - ⚠️ Episode 37 terminated due to step limit.
2025-09-28 09:56:03,118 - __main__ - DEBUG - 🎯 Eval HMM masking: step 250 masked due to negative reward
2025-09-28 09:56:04,653 - __main__ - WARNING - ⚠️ Episode 38 terminated due to step limit.
2025-09-28 09:56:09,054 - __main__ - WARNING - ⚠️ Episode 39 terminated due to step limit.
2025-09-28 09:56:09,789 - __main__ - DEBUG - 🎯 Eval HMM masking: step 50 masked due to negative reward
2025-09-28 09:56:13,417 - __main__ - WARNING - ⚠️ Episode 40 terminated due to step limit.
2025-09-28 09:56:14,169 - __main__ - DEBUG - 🎯 Eval HMM masking: step 50 masked due to negative reward
2025-09-28 09:56:15,220 - __main__ - DEBUG - 🎯 Eval HMM masking: step 150 masked due to negative reward
2025-09-28 09:56:17,796 - __main__ - WARNING - ⚠️ Episode 41 terminated due to step limit.
2025-09-28 09:56:18,551 - __main__ - DEBUG - 🎯 Eval HMM masking: step 50 masked due to negative reward
2025-09-28 09:56:19,082 - __main__ - DEBUG - 🎯 Eval HMM masking: step 100 masked due to negative reward
2025-09-28 09:56:20,637 - __main__ - DEBUG - 🎯 Eval HMM masking: step 250 masked due to negative reward
2025-09-28 09:56:22,188 - __main__ - WARNING - ⚠️ Episode 42 terminated due to step limit.
2025-09-28 09:56:26,656 - __main__ - WARNING - ⚠️ Episode 43 terminated due to step limit.
2025-09-28 09:56:31,056 - __main__ - WARNING - ⚠️ Episode 44 terminated due to step limit.
2025-09-28 09:56:32,317 - __main__ - DEBUG - 🎯 Eval HMM masking: step 100 masked due to negative reward
2025-09-28 09:56:35,402 - __main__ - WARNING - ⚠️ Episode 45 terminated due to step limit.
2025-09-28 09:56:39,773 - __main__ - WARNING - ⚠️ Episode 46 terminated due to step limit.
2025-09-28 09:56:43,610 - __main__ - DEBUG - 🎯 Eval HMM masking: step 350 masked due to negative reward
2025-09-28 09:56:44,120 - __main__ - WARNING - ⚠️ Episode 47 terminated due to step limit.
2025-09-28 09:56:46,918 - __main__ - DEBUG - 🎯 Eval HMM masking: step 250 masked due to negative reward
2025-09-28 09:56:48,459 - __main__ - WARNING - ⚠️ Episode 48 terminated due to step limit.
2025-09-28 09:56:51,324 - __main__ - DEBUG - 🎯 Eval HMM masking: step 250 masked due to negative reward
2025-09-28 09:56:51,883 - __main__ - DEBUG - 🎯 Eval HMM masking: step 300 masked due to negative reward
2025-09-28 09:56:52,960 - __main__ - WARNING - ⚠️ Episode 49 terminated due to step limit.
2025-09-28 09:56:57,370 - __main__ - WARNING - ⚠️ Episode 50 terminated due to step limit.
2025-09-28 09:56:57,587 - __main__ - INFO - 📊 Evaluation Results (Current Round):
2025-09-28 09:56:57,587 - __main__ - INFO -    Episodes: 50
2025-09-28 09:56:57,587 - __main__ - INFO -    Time: 219.3s (4.4s/ep)
2025-09-28 09:56:57,588 - __main__ - INFO -    Average Return: -0.691 ± 0.285
2025-09-28 09:56:57,588 - __main__ - INFO -    Success Rate: 0.0%
2025-09-28 09:56:57,588 - __main__ - INFO -    Average Length: 400.0
2025-09-28 09:56:57,588 - __main__ - INFO -    Average Coverage: 71.8 positions
2025-09-28 09:56:57,588 - __main__ - INFO -    Episode Completions: 0 terminated (0.0%), 50 truncated (100.0%)
2025-09-28 09:56:57,588 - __main__ - INFO - 📈 Total Evaluation Statistics:
2025-09-28 09:56:57,588 - __main__ - INFO -    Total Episodes: 50
2025-09-28 09:56:57,588 - __main__ - INFO -    Total Average Return: -0.691 ± 0.285
2025-09-28 09:56:57,588 - __main__ - INFO -    Total Average Length: 400.0 ± 0.0
2025-09-28 09:56:57,588 - __main__ - INFO -    Total Completions: 0 terminated (0.0%), 50 truncated (100.0%)
2025-09-28 09:56:57,588 - __main__ - INFO -    Skill Entropy: 0.013
2025-09-28 09:56:57,589 - __main__ - INFO -    Used Skills: 2.5
2025-09-28 09:56:57,589 - __main__ - INFO -    Effective K: 1.34
2025-09-28 09:56:57,589 - __main__ - INFO - 🎯 Action Usage Statistics:
2025-09-28 09:56:57,589 - __main__ - INFO -    Unique actions in evaluation: 10
2025-09-28 09:56:57,589 - __main__ - INFO -    Unique actions in training: 10
2025-09-28 09:56:57,589 - __main__ - INFO -    Total unique actions: 10
2025-09-28 09:56:57,589 - __main__ - INFO -    Action coverage: 8.3%
2025-09-28 09:56:57,589 - __main__ - INFO -    Train action count: 10240
2025-09-28 09:56:57,589 - __main__ - INFO -    Eval action count: 20000
2025-09-28 09:56:57,590 - __main__ - INFO -    Train action entropy: 1.866
2025-09-28 09:56:57,590 - __main__ - INFO -    Eval action entropy: 1.643
2025-09-28 09:56:57,590 - __main__ - INFO -    Top 3 train actions: #1(2816), #2(2273), #0(2065)
2025-09-28 09:56:57,590 - __main__ - INFO -    Top 3 eval actions: #0(6582), #2(6189), #3(2655)
2025-09-28 09:57:00,925 - __main__ - INFO - 🔄 Synchronized model update at step 11,264
2025-09-28 09:57:00,926 - __main__ - INFO -    HMM interval: 6,144, VAE interval: 6,144
2025-09-28 09:57:00,926 - __main__ - INFO - 🚫 Model training masking: 924/6144 timesteps masked (15.0%) due to negative rewards (invalid actions)
2025-09-28 09:57:01,107 - __main__ - INFO - 🔄 Capping HMM batch size from 428 to 128 to prevent OOM
2025-09-28 09:57:01,108 - __main__ - INFO - 🔄 HMM refresh starting at step 11,264 with replay size 128x93
2025-09-28 09:57:06,402 - __main__ - DEBUG - Initial ELBO: 123693076.8209
2025-09-28 09:57:06,402 - __main__ - DEBUG - Relative tol: 0.0100
2025-09-28 09:57:06,402 - __main__ - DEBUG - Relative elbo_drop_tol: 0.0100
2025-09-28 09:57:06,402 - __main__ - DEBUG - - Init -518.1180
2025-09-28 09:57:06,402 - __main__ - DEBUG - - Trans -8.6233
2025-09-28 09:57:06,402 - __main__ - DEBUG - - Emit 49036.5728
2025-09-28 09:57:06,403 - __main__ - DEBUG - - Entropy 0.0005
2025-09-28 09:57:06,403 - __main__ - DEBUG - - Dir 123649016.0000
2025-09-28 09:57:06,403 - __main__ - DEBUG - - NIW -4429.0386
2025-09-28 09:57:06,403 - __main__ - DEBUG - - Beta prior -19.9726
2025-09-28 09:57:12,255 - __main__ - DEBUG - Iter 0: ELBO after FB: 123693076.8209 (LL 48509.8320, Δ=0.0000)
2025-09-28 09:57:12,256 - __main__ - DEBUG - Blending stats with ρ_niw=0.0500, ρ_tr=0.0500.
2025-09-28 09:57:12,304 - __main__ - DEBUG - Iter 0: ELBO after NIW update: 123697200.8159 (Emit LL 53503.7173, NIW term -4772.1880, Δ=4123.9951)
2025-09-28 09:57:12,353 - __main__ - DEBUG - Iter 0: ELBO after Dirichlet update: 48171.0611 (Trans LL -8.3414, Dir term -14.0366, Δ=-123649029.7548)
2025-09-28 09:57:12,419 - __main__ - DEBUG - Iter 0: ELBO after β update: 24912476.9075 (Init LL -518.2488, Dir term 24864292.0000, logp(β) -20.0321, Δ=24864305.8464)
2025-09-28 09:57:17,968 - __main__ - DEBUG - Iter 1: ELBO after FB: 24912476.9075 (LL 52977.1276, Δ=0.0000)
2025-09-28 09:57:17,968 - __main__ - DEBUG - Blending stats with ρ_niw=0.0500, ρ_tr=0.0500.
2025-09-28 09:57:18,017 - __main__ - DEBUG - Iter 1: ELBO after NIW update: 24912476.9075 (Emit LL 53503.7173, NIW term -4772.1880, Δ=0.0000)
2025-09-28 09:57:18,065 - __main__ - DEBUG - Iter 1: ELBO after Dirichlet update: 25437664.9097 (Trans LL -8.3392, Dir term 25389480.0000, Δ=525188.0022)
2025-09-28 09:57:18,136 - __main__ - DEBUG - Iter 1: ELBO after β update: 50144108.7147 (Init LL -518.3840, Dir term 50095924.0000, logp(β) -20.0920, Δ=24706443.8050)
2025-09-28 09:57:23,815 - __main__ - DEBUG - Iter 2: ELBO after FB: 50144108.7147 (LL 52976.9947, Δ=0.0000)
2025-09-28 09:57:23,816 - __main__ - DEBUG - Blending stats with ρ_niw=0.0500, ρ_tr=0.0500.
2025-09-28 09:57:23,867 - __main__ - DEBUG - Iter 2: ELBO after NIW update: 50144108.7147 (Emit LL 53503.7173, NIW term -4772.1880, Δ=0.0000)
2025-09-28 09:57:23,916 - __main__ - DEBUG - Iter 2: ELBO after Dirichlet update: 50079052.7170 (Trans LL -8.3369, Dir term 50030868.0000, Δ=-65055.9978)
2025-09-28 09:57:23,989 - __main__ - DEBUG - Iter 2: ELBO after β update: 74576336.5180 (Init LL -518.5234, Dir term 74528152.0000, logp(β) -20.1516, Δ=24497283.8010)
2025-09-28 09:57:29,451 - __main__ - DEBUG - Iter 3: ELBO after FB: 74576336.5180 (LL 52976.8575, Δ=0.0000)
2025-09-28 09:57:29,452 - __main__ - DEBUG - Blending stats with ρ_niw=0.0500, ρ_tr=0.0500.
2025-09-28 09:57:29,502 - __main__ - DEBUG - Iter 3: ELBO after NIW update: 74576336.5180 (Emit LL 53503.7173, NIW term -4772.1880, Δ=0.0000)
2025-09-28 09:57:29,552 - __main__ - DEBUG - Iter 3: ELBO after Dirichlet update: 74216496.5202 (Trans LL -8.3347, Dir term 74168312.0000, Δ=-359839.9978)
2025-09-28 09:57:29,624 - __main__ - DEBUG - Iter 3: ELBO after β update: 98505568.3161 (Init LL -518.6672, Dir term 98457384.0000, logp(β) -20.2119, Δ=24289071.7959)
2025-09-28 09:57:35,173 - __main__ - DEBUG - Iter 4: ELBO after FB: 98505568.3161 (LL 52976.7160, Δ=0.0000)
2025-09-28 09:57:35,174 - __main__ - DEBUG - Blending stats with ρ_niw=0.0500, ρ_tr=0.0500.
2025-09-28 09:57:35,224 - __main__ - DEBUG - Iter 4: ELBO after NIW update: 98505568.3161 (Emit LL 53503.7173, NIW term -4772.1880, Δ=0.0000)
2025-09-28 09:57:35,273 - __main__ - DEBUG - Iter 4: ELBO after Dirichlet update: 97933256.3183 (Trans LL -8.3324, Dir term 97885072.0000, Δ=-572311.9978)
2025-09-28 09:57:35,344 - __main__ - DEBUG - Iter 4: ELBO after β update: 122040736.1095 (Init LL -518.8153, Dir term 121992552.0000, logp(β) -20.2726, Δ=24107479.7912)
2025-09-28 09:57:35,346 - __main__ - INFO -    HMM refresh complete: ELBO=1413.2551, iters=0, max iters, states=40
2025-09-28 09:57:35,346 - __main__ - INFO -    ✅ HMM updated (next in 7,372 steps)
2025-09-28 09:57:35,346 - __main__ - INFO - 🔄 VAE refresh starting at step 11,264 with replay size 8x768
2025-09-28 09:57:35,347 - __main__ - INFO -    Using span sampling (6144 timesteps, too large for full buffer)
2025-09-28 09:57:59,144 - __main__ - INFO -    VAE refresh complete: final_loss=2358.2913, avg_loss=2368.7710, steps=4/4, trend=improving, total_timesteps=6144, span_sampling=32_requested×4_steps, span_len=64
2025-09-28 09:57:59,146 - __main__ - INFO -    ✅ VAE updated (next in 7,372 steps)
2025-09-28 09:58:04,670 - __main__ - INFO - 📊 Episodes completed this rollout: 8
2025-09-28 09:58:04,671 - __main__ - INFO - 📈 Episode stats: avg return = -0.66, avg length = 400.0
2025-09-28 09:58:04,671 - __main__ - INFO - 🎯 Top 3 training actions: #2(3195), #1(3195), #0(3039)
2025-09-28 09:58:14,632 - __main__ - INFO - 📊 Episodes completed this rollout: 8
2025-09-28 09:58:14,633 - __main__ - INFO - 📈 Episode stats: avg return = -0.53, avg length = 400.0
2025-09-28 09:58:14,633 - __main__ - INFO - 🎯 Top 3 training actions: #2(4079), #0(3875), #1(3654)
2025-09-28 09:58:24,712 - __main__ - INFO - 📊 Episodes completed this rollout: 8
2025-09-28 09:58:24,713 - __main__ - INFO - 📈 Episode stats: avg return = -0.57, avg length = 400.0
2025-09-28 09:58:24,713 - __main__ - INFO - 🎯 Top 3 training actions: #2(5045), #0(4774), #1(4152)
2025-09-28 09:58:25,735 - __main__ - INFO - 🔄 Synchronized model update at step 19,456
2025-09-28 09:58:25,735 - __main__ - INFO -    HMM interval: 7,372, VAE interval: 7,372
2025-09-28 09:58:25,736 - __main__ - INFO - 🚫 Model training masking: 936/8192 timesteps masked (11.4%) due to negative rewards (invalid actions)
2025-09-28 09:58:26,009 - __main__ - INFO - 🔄 Capping HMM batch size from 712 to 128 to prevent OOM
2025-09-28 09:58:26,009 - __main__ - INFO - 🔄 HMM refresh starting at step 19,456 with replay size 128x104
2025-09-28 09:58:31,976 - __main__ - DEBUG - Initial ELBO: 122022486.9759
2025-09-28 09:58:31,976 - __main__ - DEBUG - Relative tol: 0.0100
2025-09-28 09:58:31,976 - __main__ - DEBUG - Relative elbo_drop_tol: 0.0100
2025-09-28 09:58:31,976 - __main__ - DEBUG - - Init -518.8153
2025-09-28 09:58:31,976 - __main__ - DEBUG - - Trans -5.2634
2025-09-28 09:58:31,976 - __main__ - DEBUG - - Emit 35251.5146
2025-09-28 09:58:31,976 - __main__ - DEBUG - - Entropy 0.0006
2025-09-28 09:58:31,976 - __main__ - DEBUG - - Dir 121992552.0000
2025-09-28 09:58:31,976 - __main__ - DEBUG - - NIW -4772.1880
2025-09-28 09:58:31,977 - __main__ - DEBUG - - Beta prior -20.2726
2025-09-28 09:58:38,357 - __main__ - DEBUG - Iter 0: ELBO after FB: 122022486.9759 (LL 34727.4365, Δ=0.0000)
2025-09-28 09:58:38,358 - __main__ - DEBUG - Blending stats with ρ_niw=0.0500, ρ_tr=0.0500.
2025-09-28 09:58:38,408 - __main__ - DEBUG - Iter 0: ELBO after NIW update: 122023275.6387 (Emit LL 36153.5319, NIW term -4885.5425, Δ=788.6628)
2025-09-28 09:58:38,458 - __main__ - DEBUG - Iter 0: ELBO after Dirichlet update: 30718.8222 (Trans LL -5.2194, Dir term -4.8605, Δ=-121992556.8164)
2025-09-28 09:58:38,526 - __main__ - DEBUG - Iter 0: ELBO after β update: 24105237.4694 (Init LL -518.9678, Dir term 24074514.0000, logp(β) -20.3334, Δ=24074518.6471)
2025-09-28 09:58:44,792 - __main__ - DEBUG - Iter 1: ELBO after FB: 24105237.4694 (LL 35629.3453, Δ=0.0000)
2025-09-28 09:58:44,793 - __main__ - DEBUG - Blending stats with ρ_niw=0.0500, ρ_tr=0.0500.
2025-09-28 09:58:44,841 - __main__ - DEBUG - Iter 1: ELBO after NIW update: 24105237.4694 (Emit LL 36153.5319, NIW term -4885.5425, Δ=0.0000)
2025-09-28 09:58:44,889 - __main__ - DEBUG - Iter 1: ELBO after Dirichlet update: 24614287.4713 (Trans LL -5.2175, Dir term 24583564.0000, Δ=509050.0019)
2025-09-28 09:58:44,960 - __main__ - DEBUG - Iter 1: ELBO after β update: 48531983.2547 (Init LL -519.1246, Dir term 48501260.0000, logp(β) -20.3931, Δ=23917695.7834)
2025-09-28 09:58:51,038 - __main__ - DEBUG - Iter 2: ELBO after FB: 48531983.2547 (LL 35629.1903, Δ=0.0000)
2025-09-28 09:58:51,039 - __main__ - DEBUG - Blending stats with ρ_niw=0.0500, ρ_tr=0.0500.
2025-09-28 09:58:51,088 - __main__ - DEBUG - Iter 2: ELBO after NIW update: 48531983.2547 (Emit LL 36153.5319, NIW term -4885.5425, Δ=0.0000)
2025-09-28 09:58:51,136 - __main__ - DEBUG - Iter 2: ELBO after Dirichlet update: 49039035.2561 (Trans LL -5.2161, Dir term 49008312.0000, Δ=507052.0014)
2025-09-28 09:58:51,207 - __main__ - DEBUG - Iter 2: ELBO after β update: 72799819.0334 (Init LL -519.2859, Dir term 72769096.0000, logp(β) -20.4546, Δ=23760783.7772)
2025-09-28 09:58:57,262 - __main__ - DEBUG - Iter 3: ELBO after FB: 72799819.0334 (LL 35629.0305, Δ=0.0000)
2025-09-28 09:58:57,263 - __main__ - DEBUG - Blending stats with ρ_niw=0.0500, ρ_tr=0.0500.
2025-09-28 09:58:57,311 - __main__ - DEBUG - Iter 3: ELBO after NIW update: 72799819.0334 (Emit LL 36153.5319, NIW term -4885.5425, Δ=0.0000)
2025-09-28 09:58:57,360 - __main__ - DEBUG - Iter 3: ELBO after Dirichlet update: 72413691.0348 (Trans LL -5.2146, Dir term 72382968.0000, Δ=-386127.9986)
2025-09-28 09:58:57,431 - __main__ - DEBUG - Iter 3: ELBO after β update: 95968882.8082 (Init LL -519.4515, Dir term 95938160.0000, logp(β) -20.5157, Δ=23555191.7734)
2025-09-28 09:59:03,740 - __main__ - DEBUG - Iter 4: ELBO after FB: 95968882.8082 (LL 35628.8663, Δ=0.0000)
2025-09-28 09:59:03,741 - __main__ - DEBUG - Blending stats with ρ_niw=0.0500, ρ_tr=0.0500.
2025-09-28 09:59:03,792 - __main__ - DEBUG - Iter 4: ELBO after NIW update: 95968882.8082 (Emit LL 36153.5319, NIW term -4885.5425, Δ=0.0000)
2025-09-28 09:59:03,842 - __main__ - DEBUG - Iter 4: ELBO after Dirichlet update: 96220226.8096 (Trans LL -5.2132, Dir term 96189504.0000, Δ=251344.0014)
2025-09-28 09:59:03,910 - __main__ - DEBUG - Iter 4: ELBO after β update: 119619018.5775 (Init LL -519.6215, Dir term 119588296.0000, logp(β) -20.5778, Δ=23398791.7679)
2025-09-28 09:59:03,912 - __main__ - INFO -    HMM refresh complete: ELBO=62.6402, iters=0, max iters, states=40
2025-09-28 09:59:03,912 - __main__ - INFO -    ✅ HMM updated (next in 8,846 steps)
2025-09-28 09:59:03,912 - __main__ - INFO - 🔄 VAE refresh starting at step 19,456 with replay size 8x1024
2025-09-28 09:59:03,913 - __main__ - INFO -    Using span sampling (8192 timesteps, too large for full buffer)
2025-09-28 09:59:28,317 - __main__ - INFO -    VAE refresh complete: final_loss=2362.9153, avg_loss=2370.8486, steps=4/4, trend=improving, total_timesteps=8192, span_sampling=32_requested×4_steps, span_len=64
2025-09-28 09:59:28,319 - __main__ - INFO -    ✅ VAE updated (next in 8,846 steps)
2025-09-28 09:59:31,550 - __main__ - INFO - 🧪 Starting evaluation with 50 episodes...
2025-09-28 09:59:31,550 - __main__ - INFO -    Eval seed: 51
2025-09-28 09:59:31,550 - __main__ - INFO -    Max episode steps (eval): env default
2025-09-28 09:59:31,551 - nle.env.base - INFO - Not saving any NLE data.
2025-09-28 09:59:32,618 - __main__ - DEBUG - 🎯 Eval HMM masking: step 100 masked due to negative reward
2025-09-28 09:59:35,706 - __main__ - WARNING - ⚠️ Episode 1 terminated due to step limit.
2025-09-28 09:59:40,249 - __main__ - WARNING - ⚠️ Episode 2 terminated due to step limit.
2025-09-28 09:59:42,639 - __main__ - DEBUG - 🎯 Eval HMM masking: step 200 masked due to negative reward
2025-09-28 09:59:44,784 - __main__ - WARNING - ⚠️ Episode 3 terminated due to step limit.
2025-09-28 09:59:48,144 - __main__ - DEBUG - 🎯 Eval HMM masking: step 300 masked due to negative reward
2025-09-28 09:59:49,167 - __main__ - WARNING - ⚠️ Episode 4 terminated due to step limit.
2025-09-28 09:59:52,661 - __main__ - DEBUG - 🎯 Eval HMM masking: step 300 masked due to negative reward
2025-09-28 09:59:53,693 - __main__ - WARNING - ⚠️ Episode 5 terminated due to step limit.
2025-09-28 09:59:55,503 - __main__ - DEBUG - 🎯 Eval HMM masking: step 150 masked due to negative reward
2025-09-28 09:59:56,547 - __main__ - DEBUG - 🎯 Eval HMM masking: step 250 masked due to negative reward
2025-09-28 09:59:58,081 - __main__ - WARNING - ⚠️ Episode 6 terminated due to step limit.
2025-09-28 10:00:02,445 - __main__ - WARNING - ⚠️ Episode 7 terminated due to step limit.
2025-09-28 10:00:04,739 - __main__ - DEBUG - 🎯 Eval HMM masking: step 200 masked due to negative reward
2025-09-28 10:00:06,306 - __main__ - DEBUG - 🎯 Eval HMM masking: step 350 masked due to negative reward
2025-09-28 10:00:06,826 - __main__ - WARNING - ⚠️ Episode 8 terminated due to step limit.
2025-09-28 10:00:11,173 - __main__ - WARNING - ⚠️ Episode 9 terminated due to step limit.
2025-09-28 10:00:14,503 - __main__ - DEBUG - 🎯 Eval HMM masking: step 300 masked due to negative reward
2025-09-28 10:00:15,528 - __main__ - WARNING - ⚠️ Episode 10 terminated due to step limit.
2025-09-28 10:00:17,844 - __main__ - DEBUG - 🎯 Eval HMM masking: step 200 masked due to negative reward
2025-09-28 10:00:19,964 - __main__ - WARNING - ⚠️ Episode 11 terminated due to step limit.
2025-09-28 10:00:21,738 - __main__ - DEBUG - 🎯 Eval HMM masking: step 150 masked due to negative reward
2025-09-28 10:00:24,313 - __main__ - WARNING - ⚠️ Episode 12 terminated due to step limit.
2025-09-28 10:00:28,672 - __main__ - WARNING - ⚠️ Episode 13 terminated due to step limit.
2025-09-28 10:00:29,924 - __main__ - DEBUG - 🎯 Eval HMM masking: step 100 masked due to negative reward
2025-09-28 10:00:31,477 - __main__ - DEBUG - 🎯 Eval HMM masking: step 250 masked due to negative reward
2025-09-28 10:00:33,018 - __main__ - WARNING - ⚠️ Episode 14 terminated due to step limit.
2025-09-28 10:00:34,268 - __main__ - DEBUG - 🎯 Eval HMM masking: step 100 masked due to negative reward
2025-09-28 10:00:37,500 - __main__ - WARNING - ⚠️ Episode 15 terminated due to step limit.
2025-09-28 10:00:38,248 - __main__ - DEBUG - 🎯 Eval HMM masking: step 50 masked due to negative reward
2025-09-28 10:00:38,769 - __main__ - DEBUG - 🎯 Eval HMM masking: step 100 masked due to negative reward
2025-09-28 10:00:39,840 - __main__ - DEBUG - 🎯 Eval HMM masking: step 200 masked due to negative reward
2025-09-28 10:00:41,908 - __main__ - WARNING - ⚠️ Episode 16 terminated due to step limit.
2025-09-28 10:00:43,671 - __main__ - DEBUG - 🎯 Eval HMM masking: step 150 masked due to negative reward
2025-09-28 10:00:45,742 - __main__ - DEBUG - 🎯 Eval HMM masking: step 350 masked due to negative reward
2025-09-28 10:00:46,255 - __main__ - WARNING - ⚠️ Episode 17 terminated due to step limit.
2025-09-28 10:00:47,001 - __main__ - DEBUG - 🎯 Eval HMM masking: step 50 masked due to negative reward
2025-09-28 10:00:48,548 - __main__ - DEBUG - 🎯 Eval HMM masking: step 200 masked due to negative reward
2025-09-28 10:00:50,651 - __main__ - WARNING - ⚠️ Episode 18 terminated due to step limit.
2025-09-28 10:00:51,398 - __main__ - DEBUG - 🎯 Eval HMM masking: step 50 masked due to negative reward
2025-09-28 10:00:52,960 - __main__ - DEBUG - 🎯 Eval HMM masking: step 200 masked due to negative reward
2025-09-28 10:00:55,022 - __main__ - WARNING - ⚠️ Episode 19 terminated due to step limit.
2025-09-28 10:00:58,881 - __main__ - DEBUG - 🎯 Eval HMM masking: step 350 masked due to negative reward
2025-09-28 10:00:59,395 - __main__ - WARNING - ⚠️ Episode 20 terminated due to step limit.
2025-09-28 10:01:03,817 - __main__ - WARNING - ⚠️ Episode 21 terminated due to step limit.
2025-09-28 10:01:08,161 - __main__ - WARNING - ⚠️ Episode 22 terminated due to step limit.
2025-09-28 10:01:12,582 - __main__ - WARNING - ⚠️ Episode 23 terminated due to step limit.
2025-09-28 10:01:14,398 - __main__ - DEBUG - 🎯 Eval HMM masking: step 150 masked due to negative reward
2025-09-28 10:01:17,050 - __main__ - WARNING - ⚠️ Episode 24 terminated due to step limit.
2025-09-28 10:01:17,824 - __main__ - DEBUG - 🎯 Eval HMM masking: step 50 masked due to negative reward
2025-09-28 10:01:21,525 - __main__ - WARNING - ⚠️ Episode 25 terminated due to step limit.
2025-09-28 10:01:23,934 - __main__ - DEBUG - 🎯 Eval HMM masking: step 200 masked due to negative reward
2025-09-28 10:01:26,010 - __main__ - WARNING - ⚠️ Episode 26 terminated due to step limit.
2025-09-28 10:01:30,329 - __main__ - WARNING - ⚠️ Episode 27 terminated due to step limit.
2025-09-28 10:01:34,643 - __main__ - WARNING - ⚠️ Episode 28 terminated due to step limit.
2025-09-28 10:01:39,095 - __main__ - WARNING - ⚠️ Episode 29 terminated due to step limit.
2025-09-28 10:01:41,394 - __main__ - DEBUG - 🎯 Eval HMM masking: step 200 masked due to negative reward
2025-09-28 10:01:43,445 - __main__ - WARNING - ⚠️ Episode 30 terminated due to step limit.
2025-09-28 10:01:47,772 - __main__ - WARNING - ⚠️ Episode 31 terminated due to step limit.
2025-09-28 10:01:50,084 - __main__ - DEBUG - 🎯 Eval HMM masking: step 200 masked due to negative reward
2025-09-28 10:01:51,631 - __main__ - DEBUG - 🎯 Eval HMM masking: step 350 masked due to negative reward
2025-09-28 10:01:52,141 - __main__ - WARNING - ⚠️ Episode 32 terminated due to step limit.
2025-09-28 10:01:55,539 - __main__ - DEBUG - 🎯 Eval HMM masking: step 300 masked due to negative reward
2025-09-28 10:01:56,060 - __main__ - DEBUG - 🎯 Eval HMM masking: step 350 masked due to negative reward
2025-09-28 10:01:56,578 - __main__ - WARNING - ⚠️ Episode 33 terminated due to step limit.
2025-09-28 10:02:00,950 - __main__ - WARNING - ⚠️ Episode 34 terminated due to step limit.
2025-09-28 10:02:05,326 - __main__ - WARNING - ⚠️ Episode 35 terminated due to step limit.
2025-09-28 10:02:09,725 - __main__ - WARNING - ⚠️ Episode 36 terminated due to step limit.
2025-09-28 10:02:14,171 - __main__ - WARNING - ⚠️ Episode 37 terminated due to step limit.
2025-09-28 10:02:16,956 - __main__ - DEBUG - 🎯 Eval HMM masking: step 250 masked due to negative reward
2025-09-28 10:02:18,486 - __main__ - WARNING - ⚠️ Episode 38 terminated due to step limit.
2025-09-28 10:02:20,258 - __main__ - DEBUG - 🎯 Eval HMM masking: step 150 masked due to negative reward
2025-09-28 10:02:22,856 - __main__ - WARNING - ⚠️ Episode 39 terminated due to step limit.
2025-09-28 10:02:23,612 - __main__ - DEBUG - 🎯 Eval HMM masking: step 50 masked due to negative reward
2025-09-28 10:02:27,266 - __main__ - WARNING - ⚠️ Episode 40 terminated due to step limit.
2025-09-28 10:02:31,708 - __main__ - WARNING - ⚠️ Episode 41 terminated due to step limit.
2025-09-28 10:02:32,968 - __main__ - DEBUG - 🎯 Eval HMM masking: step 100 masked due to negative reward
2025-09-28 10:02:36,084 - __main__ - WARNING - ⚠️ Episode 42 terminated due to step limit.
2025-09-28 10:02:40,422 - __main__ - WARNING - ⚠️ Episode 43 terminated due to step limit.
2025-09-28 10:02:44,784 - __main__ - WARNING - ⚠️ Episode 44 terminated due to step limit.
2025-09-28 10:02:46,056 - __main__ - DEBUG - 🎯 Eval HMM masking: step 100 masked due to negative reward
2025-09-28 10:02:49,211 - __main__ - WARNING - ⚠️ Episode 45 terminated due to step limit.
2025-09-28 10:02:53,091 - __main__ - DEBUG - 🎯 Eval HMM masking: step 350 masked due to negative reward
2025-09-28 10:02:53,604 - __main__ - WARNING - ⚠️ Episode 46 terminated due to step limit.
2025-09-28 10:02:57,979 - __main__ - WARNING - ⚠️ Episode 47 terminated due to step limit.
2025-09-28 10:02:58,720 - __main__ - DEBUG - 🎯 Eval HMM masking: step 50 masked due to negative reward
2025-09-28 10:03:00,785 - __main__ - DEBUG - 🎯 Eval HMM masking: step 250 masked due to negative reward
2025-09-28 10:03:02,334 - __main__ - WARNING - ⚠️ Episode 48 terminated due to step limit.
2025-09-28 10:03:05,185 - __main__ - DEBUG - 🎯 Eval HMM masking: step 250 masked due to negative reward
2025-09-28 10:03:06,768 - __main__ - WARNING - ⚠️ Episode 49 terminated due to step limit.
2025-09-28 10:03:11,113 - __main__ - WARNING - ⚠️ Episode 50 terminated due to step limit.
2025-09-28 10:03:11,319 - __main__ - INFO - 📊 Evaluation Results (Current Round):
2025-09-28 10:03:11,319 - __main__ - INFO -    Episodes: 50
2025-09-28 10:03:11,319 - __main__ - INFO -    Time: 219.8s (4.4s/ep)
2025-09-28 10:03:11,320 - __main__ - INFO -    Average Return: -0.512 ± 0.194
2025-09-28 10:03:11,320 - __main__ - INFO -    Success Rate: 0.0%
2025-09-28 10:03:11,320 - __main__ - INFO -    Average Length: 400.0
2025-09-28 10:03:11,320 - __main__ - INFO -    Average Coverage: 82.5 positions
2025-09-28 10:03:11,320 - __main__ - INFO -    Episode Completions: 0 terminated (0.0%), 50 truncated (100.0%)
2025-09-28 10:03:11,320 - __main__ - INFO - 📈 Total Evaluation Statistics:
2025-09-28 10:03:11,320 - __main__ - INFO -    Total Episodes: 100
2025-09-28 10:03:11,320 - __main__ - INFO -    Total Average Return: -0.601 ± 0.260
2025-09-28 10:03:11,320 - __main__ - INFO -    Total Average Length: 400.0 ± 0.0
2025-09-28 10:03:11,320 - __main__ - INFO -    Total Completions: 0 terminated (0.0%), 100 truncated (100.0%)
2025-09-28 10:03:11,321 - __main__ - INFO -    Skill Entropy: 0.053
2025-09-28 10:03:11,321 - __main__ - INFO -    Used Skills: 3.0
2025-09-28 10:03:11,321 - __main__ - INFO -    Effective K: 2.06
2025-09-28 10:03:11,321 - __main__ - INFO - 🎯 Action Usage Statistics:
2025-09-28 10:03:11,321 - __main__ - INFO -    Unique actions in evaluation: 10
2025-09-28 10:03:11,321 - __main__ - INFO -    Unique actions in training: 10
2025-09-28 10:03:11,321 - __main__ - INFO -    Total unique actions: 10
2025-09-28 10:03:11,321 - __main__ - INFO -    Action coverage: 8.3%
2025-09-28 10:03:11,321 - __main__ - INFO -    Train action count: 20480
2025-09-28 10:03:11,321 - __main__ - INFO -    Eval action count: 40000
2025-09-28 10:03:11,322 - __main__ - INFO -    Train action entropy: 1.804
2025-09-28 10:03:11,322 - __main__ - INFO -    Eval action entropy: 1.647
2025-09-28 10:03:11,322 - __main__ - INFO -    Top 3 train actions: #2(5331), #0(5110), #1(4298)
2025-09-28 10:03:11,322 - __main__ - INFO -    Top 3 eval actions: #2(12460), #0(12054), #1(5676)
2025-09-28 10:03:16,928 - __main__ - INFO - 📊 Episodes completed this rollout: 8
2025-09-28 10:03:16,928 - __main__ - INFO - 📈 Episode stats: avg return = -0.55, avg length = 400.0
2025-09-28 10:03:16,928 - __main__ - INFO - 🎯 Top 3 training actions: #2(6006), #0(5636), #1(4696)
2025-09-28 10:03:26,763 - __main__ - INFO - 📊 Episodes completed this rollout: 8
2025-09-28 10:03:26,764 - __main__ - INFO - 📈 Episode stats: avg return = -0.58, avg length = 400.0
2025-09-28 10:03:26,764 - __main__ - INFO - 🎯 Top 3 training actions: #2(6813), #0(6412), #1(5324)
2025-09-28 10:03:37,654 - __main__ - INFO - 🔄 Synchronized model update at step 28,672
2025-09-28 10:03:37,654 - __main__ - INFO -    HMM interval: 8,846, VAE interval: 8,846
2025-09-28 10:03:37,655 - __main__ - INFO - 🚫 Model training masking: 1719/9216 timesteps masked (18.7%) due to negative rewards (invalid actions)
2025-09-28 10:03:37,950 - __main__ - INFO - 🔄 Capping HMM batch size from 979 to 128 to prevent OOM
2025-09-28 10:03:37,951 - __main__ - INFO - 🔄 HMM refresh starting at step 28,672 with replay size 128x61
2025-09-28 10:03:41,374 - __main__ - DEBUG - Initial ELBO: 119610649.4606
2025-09-28 10:03:41,377 - __main__ - DEBUG - Relative tol: 0.0100
2025-09-28 10:03:41,377 - __main__ - DEBUG - Relative elbo_drop_tol: 0.0100
2025-09-28 10:03:41,377 - __main__ - DEBUG - - Init -519.6215
2025-09-28 10:03:41,377 - __main__ - DEBUG - - Trans -3.9900
2025-09-28 10:03:41,377 - __main__ - DEBUG - - Emit 27783.1920
2025-09-28 10:03:41,377 - __main__ - DEBUG - - Entropy 0.0003
2025-09-28 10:03:41,377 - __main__ - DEBUG - - Dir 119588296.0000
2025-09-28 10:03:41,377 - __main__ - DEBUG - - NIW -4885.5425
2025-09-28 10:03:41,377 - __main__ - DEBUG - - Beta prior -20.5778
2025-09-28 10:03:45,068 - __main__ - DEBUG - Iter 0: ELBO after FB: 119610649.4606 (LL 27259.5809, Δ=0.0000)
2025-09-28 10:03:45,069 - __main__ - DEBUG - Blending stats with ρ_niw=0.0500, ρ_tr=0.0500.
2025-09-28 10:03:45,116 - __main__ - DEBUG - Iter 0: ELBO after NIW update: 119611587.7954 (Emit LL 28751.9525, NIW term -4915.9683, Δ=938.3348)
2025-09-28 10:03:45,164 - __main__ - DEBUG - Iter 0: ELBO after Dirichlet update: 23287.1779 (Trans LL -3.9943, Dir term -4.6132, Δ=-119588300.6175)
2025-09-28 10:03:45,228 - __main__ - DEBUG - Iter 0: ELBO after β update: 23314825.5540 (Init LL -519.7958, Dir term 23291534.0000, logp(β) -20.6404, Δ=23291538.3762)
2025-09-28 10:03:48,940 - __main__ - DEBUG - Iter 1: ELBO after FB: 23314825.5540 (LL 28228.1627, Δ=0.0000)
2025-09-28 10:03:48,940 - __main__ - DEBUG - Blending stats with ρ_niw=0.0500, ρ_tr=0.0500.
2025-09-28 10:03:48,987 - __main__ - DEBUG - Iter 1: ELBO after NIW update: 23314825.5540 (Emit LL 28751.9525, NIW term -4915.9683, Δ=0.0000)
2025-09-28 10:03:49,033 - __main__ - DEBUG - Iter 1: ELBO after Dirichlet update: 23809925.5555 (Trans LL -3.9929, Dir term 23786634.0000, Δ=495100.0014)
2025-09-28 10:03:49,102 - __main__ - DEBUG - Iter 1: ELBO after β update: 46946299.3138 (Init LL -519.9747, Dir term 46923008.0000, logp(β) -20.7032, Δ=23136373.7583)
2025-09-28 10:03:52,825 - __main__ - DEBUG - Iter 2: ELBO after FB: 46946299.3138 (LL 28227.9853, Δ=0.0000)
2025-09-28 10:03:52,826 - __main__ - DEBUG - Blending stats with ρ_niw=0.0500, ρ_tr=0.0500.
2025-09-28 10:03:52,872 - __main__ - DEBUG - Iter 2: ELBO after NIW update: 46946299.3138 (Emit LL 28751.9525, NIW term -4915.9683, Δ=0.0000)
2025-09-28 10:03:52,919 - __main__ - DEBUG - Iter 2: ELBO after Dirichlet update: 47435591.3145 (Trans LL -3.9922, Dir term 47412300.0000, Δ=489292.0007)
2025-09-28 10:03:52,988 - __main__ - DEBUG - Iter 2: ELBO after β update: 70415859.0685 (Init LL -520.1579, Dir term 70392568.0000, logp(β) -20.7661, Δ=22980267.7539)
2025-09-28 10:03:56,801 - __main__ - DEBUG - Iter 3: ELBO after FB: 70415859.0685 (LL 28227.8028, Δ=0.0000)
2025-09-28 10:03:56,801 - __main__ - DEBUG - Blending stats with ρ_niw=0.0500, ρ_tr=0.0500.
2025-09-28 10:03:56,849 - __main__ - DEBUG - Iter 3: ELBO after NIW update: 70415859.0685 (Emit LL 28751.9525, NIW term -4915.9683, Δ=0.0000)
2025-09-28 10:03:56,897 - __main__ - DEBUG - Iter 3: ELBO after Dirichlet update: 70906147.0699 (Trans LL -3.9907, Dir term 70882856.0000, Δ=490288.0014)
2025-09-28 10:03:56,964 - __main__ - DEBUG - Iter 3: ELBO after β update: 93732562.8189 (Init LL -520.3456, Dir term 93709272.0000, logp(β) -20.8294, Δ=22826415.7490)
2025-09-28 10:04:00,710 - __main__ - DEBUG - Iter 4: ELBO after FB: 93732562.8189 (LL 28227.6165, Δ=0.0000)
2025-09-28 10:04:00,710 - __main__ - DEBUG - Blending stats with ρ_niw=0.0500, ρ_tr=0.0500.
2025-09-28 10:04:00,759 - __main__ - DEBUG - Iter 4: ELBO after NIW update: 93732562.8189 (Emit LL 28751.9525, NIW term -4915.9683, Δ=0.0000)
2025-09-28 10:04:00,807 - __main__ - DEBUG - Iter 4: ELBO after Dirichlet update: 93015618.8203 (Trans LL -3.9893, Dir term 92992328.0000, Δ=-716943.9986)
2025-09-28 10:04:00,876 - __main__ - DEBUG - Iter 4: ELBO after β update: 115639202.5647 (Init LL -520.5377, Dir term 115615912.0000, logp(β) -20.8930, Δ=22623583.7443)
2025-09-28 10:04:00,878 - __main__ - INFO -    HMM refresh complete: ELBO=27.8287, iters=0, max iters, states=40
2025-09-28 10:04:00,878 - __main__ - INFO -    ✅ HMM updated (next in 10,615 steps)
2025-09-28 10:04:00,879 - __main__ - INFO - 🔄 VAE refresh starting at step 28,672 with replay size 8x1152
2025-09-28 10:04:00,879 - __main__ - INFO -    Using span sampling (9216 timesteps, too large for full buffer)
2025-09-28 10:04:23,509 - __main__ - INFO -    VAE refresh complete: final_loss=2321.6912, avg_loss=2327.1454, steps=4/4, trend=improving, total_timesteps=9216, span_sampling=32_requested×4_steps, span_len=64
2025-09-28 10:04:23,512 - __main__ - INFO -    ✅ VAE updated (next in 10,615 steps)
2025-09-28 10:04:25,857 - __main__ - INFO - 📊 Episodes completed this rollout: 8
2025-09-28 10:04:25,857 - __main__ - INFO - 📈 Episode stats: avg return = -0.73, avg length = 400.0
2025-09-28 10:04:25,857 - __main__ - INFO - 🎯 Top 3 training actions: #2(7643), #0(7339), #1(6359)
2025-09-28 10:04:30,177 - __main__ - INFO - 🧪 Starting evaluation with 50 episodes...
2025-09-28 10:04:30,177 - __main__ - INFO -    Eval seed: 51
2025-09-28 10:04:30,177 - __main__ - INFO -    Max episode steps (eval): env default
2025-09-28 10:04:30,178 - nle.env.base - INFO - Not saving any NLE data.
2025-09-28 10:04:34,524 - __main__ - WARNING - ⚠️ Episode 1 terminated due to step limit.
2025-09-28 10:04:38,935 - __main__ - WARNING - ⚠️ Episode 2 terminated due to step limit.
2025-09-28 10:04:41,260 - __main__ - DEBUG - 🎯 Eval HMM masking: step 200 masked due to negative reward
2025-09-28 10:04:43,327 - __main__ - WARNING - ⚠️ Episode 3 terminated due to step limit.
2025-09-28 10:04:46,652 - __main__ - DEBUG - 🎯 Eval HMM masking: step 300 masked due to negative reward
2025-09-28 10:04:47,746 - __main__ - WARNING - ⚠️ Episode 4 terminated due to step limit.
2025-09-28 10:04:50,041 - __main__ - DEBUG - 🎯 Eval HMM masking: step 200 masked due to negative reward
2025-09-28 10:04:51,077 - __main__ - DEBUG - 🎯 Eval HMM masking: step 300 masked due to negative reward
2025-09-28 10:04:52,129 - __main__ - WARNING - ⚠️ Episode 5 terminated due to step limit.
2025-09-28 10:04:55,627 - __main__ - DEBUG - 🎯 Eval HMM masking: step 300 masked due to negative reward
2025-09-28 10:04:56,673 - __main__ - WARNING - ⚠️ Episode 6 terminated due to step limit.
2025-09-28 10:04:58,963 - __main__ - DEBUG - 🎯 Eval HMM masking: step 200 masked due to negative reward
2025-09-28 10:05:01,134 - __main__ - WARNING - ⚠️ Episode 7 terminated due to step limit.
2025-09-28 10:05:02,403 - __main__ - DEBUG - 🎯 Eval HMM masking: step 100 masked due to negative reward
2025-09-28 10:05:05,519 - __main__ - WARNING - ⚠️ Episode 8 terminated due to step limit.
2025-09-28 10:05:09,958 - __main__ - WARNING - ⚠️ Episode 9 terminated due to step limit.
2025-09-28 10:05:12,291 - __main__ - DEBUG - 🎯 Eval HMM masking: step 200 masked due to negative reward
2025-09-28 10:05:14,396 - __main__ - WARNING - ⚠️ Episode 10 terminated due to step limit.
2025-09-28 10:05:17,760 - __main__ - DEBUG - 🎯 Eval HMM masking: step 300 masked due to negative reward
2025-09-28 10:05:18,282 - __main__ - DEBUG - 🎯 Eval HMM masking: step 350 masked due to negative reward
2025-09-28 10:05:18,802 - __main__ - WARNING - ⚠️ Episode 11 terminated due to step limit.
2025-09-28 10:05:20,053 - __main__ - DEBUG - 🎯 Eval HMM masking: step 100 masked due to negative reward
2025-09-28 10:05:23,157 - __main__ - WARNING - ⚠️ Episode 12 terminated due to step limit.
2025-09-28 10:05:24,431 - __main__ - DEBUG - 🎯 Eval HMM masking: step 100 masked due to negative reward
2025-09-28 10:05:25,474 - __main__ - DEBUG - 🎯 Eval HMM masking: step 200 masked due to negative reward
2025-09-28 10:05:27,558 - __main__ - WARNING - ⚠️ Episode 13 terminated due to step limit.
2025-09-28 10:05:28,818 - __main__ - DEBUG - 🎯 Eval HMM masking: step 100 masked due to negative reward
2025-09-28 10:05:30,380 - __main__ - DEBUG - 🎯 Eval HMM masking: step 250 masked due to negative reward
2025-09-28 10:05:30,898 - __main__ - DEBUG - 🎯 Eval HMM masking: step 300 masked due to negative reward
2025-09-28 10:05:31,420 - __main__ - DEBUG - 🎯 Eval HMM masking: step 350 masked due to negative reward
2025-09-28 10:05:31,931 - __main__ - WARNING - ⚠️ Episode 14 terminated due to step limit.
2025-09-28 10:05:35,290 - __main__ - DEBUG - 🎯 Eval HMM masking: step 300 masked due to negative reward
2025-09-28 10:05:35,810 - __main__ - DEBUG - 🎯 Eval HMM masking: step 350 masked due to negative reward
2025-09-28 10:05:36,324 - __main__ - WARNING - ⚠️ Episode 15 terminated due to step limit.
2025-09-28 10:05:37,079 - __main__ - DEBUG - 🎯 Eval HMM masking: step 50 masked due to negative reward
2025-09-28 10:05:37,604 - __main__ - DEBUG - 🎯 Eval HMM masking: step 100 masked due to negative reward
2025-09-28 10:05:39,151 - __main__ - DEBUG - 🎯 Eval HMM masking: step 250 masked due to negative reward
2025-09-28 10:05:40,700 - __main__ - WARNING - ⚠️ Episode 16 terminated due to step limit.
2025-09-28 10:05:45,052 - __main__ - WARNING - ⚠️ Episode 17 terminated due to step limit.
2025-09-28 10:05:47,340 - __main__ - DEBUG - 🎯 Eval HMM masking: step 200 masked due to negative reward
2025-09-28 10:05:49,398 - __main__ - WARNING - ⚠️ Episode 18 terminated due to step limit.
2025-09-28 10:05:53,782 - __main__ - WARNING - ⚠️ Episode 19 terminated due to step limit.
2025-09-28 10:05:58,129 - __main__ - WARNING - ⚠️ Episode 20 terminated due to step limit.
2025-09-28 10:05:59,378 - __main__ - DEBUG - 🎯 Eval HMM masking: step 100 masked due to negative reward
2025-09-28 10:05:59,895 - __main__ - DEBUG - 🎯 Eval HMM masking: step 150 masked due to negative reward
2025-09-28 10:06:02,465 - __main__ - WARNING - ⚠️ Episode 21 terminated due to step limit.
2025-09-28 10:06:03,724 - __main__ - DEBUG - 🎯 Eval HMM masking: step 100 masked due to negative reward
2025-09-28 10:06:06,856 - __main__ - WARNING - ⚠️ Episode 22 terminated due to step limit.
2025-09-28 10:06:11,234 - __main__ - WARNING - ⚠️ Episode 23 terminated due to step limit.
2025-09-28 10:06:11,975 - __main__ - DEBUG - 🎯 Eval HMM masking: step 50 masked due to negative reward
2025-09-28 10:06:15,591 - __main__ - WARNING - ⚠️ Episode 24 terminated due to step limit.
2025-09-28 10:06:16,339 - __main__ - DEBUG - 🎯 Eval HMM masking: step 50 masked due to negative reward
2025-09-28 10:06:17,902 - __main__ - DEBUG - 🎯 Eval HMM masking: step 200 masked due to negative reward
2025-09-28 10:06:19,965 - __main__ - WARNING - ⚠️ Episode 25 terminated due to step limit.
2025-09-28 10:06:21,219 - __main__ - DEBUG - 🎯 Eval HMM masking: step 100 masked due to negative reward
2025-09-28 10:06:21,739 - __main__ - DEBUG - 🎯 Eval HMM masking: step 150 masked due to negative reward
2025-09-28 10:06:23,809 - __main__ - DEBUG - 🎯 Eval HMM masking: step 350 masked due to negative reward
2025-09-28 10:06:24,318 - __main__ - WARNING - ⚠️ Episode 26 terminated due to step limit.
2025-09-28 10:06:28,710 - __main__ - WARNING - ⚠️ Episode 27 terminated due to step limit.
2025-09-28 10:06:33,073 - __main__ - WARNING - ⚠️ Episode 28 terminated due to step limit.
2025-09-28 10:06:37,478 - __main__ - WARNING - ⚠️ Episode 29 terminated due to step limit.
2025-09-28 10:06:40,284 - __main__ - DEBUG - 🎯 Eval HMM masking: step 250 masked due to negative reward
2025-09-28 10:06:40,802 - __main__ - DEBUG - 🎯 Eval HMM masking: step 300 masked due to negative reward
2025-09-28 10:06:41,830 - __main__ - WARNING - ⚠️ Episode 30 terminated due to step limit.
2025-09-28 10:06:46,186 - __main__ - WARNING - ⚠️ Episode 31 terminated due to step limit.
2025-09-28 10:06:47,968 - __main__ - DEBUG - 🎯 Eval HMM masking: step 150 masked due to negative reward
2025-09-28 10:06:50,046 - __main__ - DEBUG - 🎯 Eval HMM masking: step 350 masked due to negative reward
2025-09-28 10:06:50,559 - __main__ - WARNING - ⚠️ Episode 32 terminated due to step limit.
2025-09-28 10:06:54,917 - __main__ - WARNING - ⚠️ Episode 33 terminated due to step limit.
2025-09-28 10:06:55,658 - __main__ - DEBUG - 🎯 Eval HMM masking: step 50 masked due to negative reward
2025-09-28 10:06:56,181 - __main__ - DEBUG - 🎯 Eval HMM masking: step 100 masked due to negative reward
2025-09-28 10:06:59,283 - __main__ - WARNING - ⚠️ Episode 34 terminated due to step limit.
2025-09-28 10:07:00,540 - __main__ - DEBUG - 🎯 Eval HMM masking: step 100 masked due to negative reward
2025-09-28 10:07:03,641 - __main__ - WARNING - ⚠️ Episode 35 terminated due to step limit.
2025-09-28 10:07:04,384 - __main__ - DEBUG - 🎯 Eval HMM masking: step 50 masked due to negative reward
2025-09-28 10:07:08,037 - __main__ - WARNING - ⚠️ Episode 36 terminated due to step limit.
2025-09-28 10:07:12,418 - __main__ - WARNING - ⚠️ Episode 37 terminated due to step limit.
2025-09-28 10:07:13,171 - __main__ - DEBUG - 🎯 Eval HMM masking: step 50 masked due to negative reward
2025-09-28 10:07:16,785 - __main__ - WARNING - ⚠️ Episode 38 terminated due to step limit.
2025-09-28 10:07:17,525 - __main__ - DEBUG - 🎯 Eval HMM masking: step 50 masked due to negative reward
2025-09-28 10:07:21,154 - __main__ - WARNING - ⚠️ Episode 39 terminated due to step limit.
2025-09-28 10:07:21,900 - __main__ - DEBUG - 🎯 Eval HMM masking: step 50 masked due to negative reward
2025-09-28 10:07:25,510 - __main__ - WARNING - ⚠️ Episode 40 terminated due to step limit.
2025-09-28 10:07:29,859 - __main__ - WARNING - ⚠️ Episode 41 terminated due to step limit.
2025-09-28 10:07:31,114 - __main__ - DEBUG - 🎯 Eval HMM masking: step 100 masked due to negative reward
2025-09-28 10:07:34,208 - __main__ - WARNING - ⚠️ Episode 42 terminated due to step limit.
2025-09-28 10:07:38,656 - __main__ - WARNING - ⚠️ Episode 43 terminated due to step limit.
2025-09-28 10:07:42,164 - __main__ - DEBUG - 🎯 Eval HMM masking: step 300 masked due to negative reward
2025-09-28 10:07:43,202 - __main__ - WARNING - ⚠️ Episode 44 terminated due to step limit.
2025-09-28 10:07:47,556 - __main__ - WARNING - ⚠️ Episode 45 terminated due to step limit.
2025-09-28 10:07:50,364 - __main__ - DEBUG - 🎯 Eval HMM masking: step 250 masked due to negative reward
2025-09-28 10:07:51,904 - __main__ - WARNING - ⚠️ Episode 46 terminated due to step limit.
2025-09-28 10:07:53,662 - __main__ - DEBUG - 🎯 Eval HMM masking: step 150 masked due to negative reward
2025-09-28 10:07:56,252 - __main__ - WARNING - ⚠️ Episode 47 terminated due to step limit.
2025-09-28 10:07:59,561 - __main__ - DEBUG - 🎯 Eval HMM masking: step 300 masked due to negative reward
2025-09-28 10:08:00,581 - __main__ - WARNING - ⚠️ Episode 48 terminated due to step limit.
2025-09-28 10:08:03,390 - __main__ - DEBUG - 🎯 Eval HMM masking: step 250 masked due to negative reward
2025-09-28 10:08:04,926 - __main__ - WARNING - ⚠️ Episode 49 terminated due to step limit.
2025-09-28 10:08:06,688 - __main__ - DEBUG - 🎯 Eval HMM masking: step 150 masked due to negative reward
2025-09-28 10:08:08,235 - __main__ - DEBUG - 🎯 Eval HMM masking: step 300 masked due to negative reward
2025-09-28 10:08:09,262 - __main__ - WARNING - ⚠️ Episode 50 terminated due to step limit.
2025-09-28 10:08:09,471 - __main__ - INFO - 📊 Evaluation Results (Current Round):
2025-09-28 10:08:09,471 - __main__ - INFO -    Episodes: 50
2025-09-28 10:08:09,471 - __main__ - INFO -    Time: 219.3s (4.4s/ep)
2025-09-28 10:08:09,471 - __main__ - INFO -    Average Return: -0.556 ± 0.206
2025-09-28 10:08:09,471 - __main__ - INFO -    Success Rate: 0.0%
2025-09-28 10:08:09,471 - __main__ - INFO -    Average Length: 400.0
2025-09-28 10:08:09,471 - __main__ - INFO -    Average Coverage: 80.4 positions
2025-09-28 10:08:09,471 - __main__ - INFO -    Episode Completions: 0 terminated (0.0%), 50 truncated (100.0%)
2025-09-28 10:08:09,471 - __main__ - INFO - 📈 Total Evaluation Statistics:
2025-09-28 10:08:09,472 - __main__ - INFO -    Total Episodes: 150
2025-09-28 10:08:09,472 - __main__ - INFO -    Total Average Return: -0.586 ± 0.244
2025-09-28 10:08:09,472 - __main__ - INFO -    Total Average Length: 400.0 ± 0.0
2025-09-28 10:08:09,472 - __main__ - INFO -    Total Completions: 0 terminated (0.0%), 150 truncated (100.0%)
2025-09-28 10:08:09,472 - __main__ - INFO -    Skill Entropy: 0.002
2025-09-28 10:08:09,472 - __main__ - INFO -    Used Skills: 3.0
2025-09-28 10:08:09,472 - __main__ - INFO -    Effective K: 1.75
2025-09-28 10:08:09,472 - __main__ - INFO - 🎯 Action Usage Statistics:
2025-09-28 10:08:09,472 - __main__ - INFO -    Unique actions in evaluation: 10
2025-09-28 10:08:09,472 - __main__ - INFO -    Unique actions in training: 10
2025-09-28 10:08:09,472 - __main__ - INFO -    Total unique actions: 10
2025-09-28 10:08:09,473 - __main__ - INFO -    Action coverage: 8.3%
2025-09-28 10:08:09,473 - __main__ - INFO -    Train action count: 30720
2025-09-28 10:08:09,473 - __main__ - INFO -    Eval action count: 60000
2025-09-28 10:08:09,473 - __main__ - INFO -    Train action entropy: 1.759
2025-09-28 10:08:09,473 - __main__ - INFO -    Eval action entropy: 1.664
2025-09-28 10:08:09,474 - __main__ - INFO -    Top 3 train actions: #2(7881), #0(7473), #1(6647)
2025-09-28 10:08:09,474 - __main__ - INFO -    Top 3 eval actions: #2(15993), #0(15535), #3(11873)
2025-09-28 10:08:15,058 - __main__ - INFO - 📊 Episodes completed this rollout: 8
2025-09-28 10:08:15,058 - __main__ - INFO - 📈 Episode stats: avg return = -0.69, avg length = 400.0
2025-09-28 10:08:15,058 - __main__ - INFO - 🎯 Top 3 training actions: #2(8225), #0(7881), #1(7250)
2025-09-28 10:08:24,896 - __main__ - INFO - 📊 Episodes completed this rollout: 8
2025-09-28 10:08:24,896 - __main__ - INFO - 📈 Episode stats: avg return = -0.91, avg length = 400.0
2025-09-28 10:08:24,896 - __main__ - INFO - 🎯 Top 3 training actions: #2(8763), #0(8462), #1(8094)
2025-09-28 10:08:34,738 - __main__ - INFO - 📊 Episodes completed this rollout: 8
2025-09-28 10:08:34,739 - __main__ - INFO - 📈 Episode stats: avg return = -0.68, avg length = 400.0
2025-09-28 10:08:34,739 - __main__ - INFO - 🎯 Top 3 training actions: #2(9425), #0(9136), #1(8923)
2025-09-28 10:08:38,955 - __main__ - INFO - 🔄 Synchronized model update at step 39,936
2025-09-28 10:08:38,955 - __main__ - INFO -    HMM interval: 10,615, VAE interval: 10,615
2025-09-28 10:08:38,956 - __main__ - INFO - 🚫 Model training masking: 1595/11264 timesteps masked (14.2%) due to negative rewards (invalid actions)
2025-09-28 10:08:39,305 - __main__ - INFO - 🔄 Capping HMM batch size from 1074 to 128 to prevent OOM
2025-09-28 10:08:39,305 - __main__ - INFO - 🔄 HMM refresh starting at step 39,936 with replay size 128x102
2025-09-28 10:08:45,138 - __main__ - DEBUG - Initial ELBO: 115640578.1920
2025-09-28 10:08:45,139 - __main__ - DEBUG - Relative tol: 0.0100
2025-09-28 10:08:45,139 - __main__ - DEBUG - Relative elbo_drop_tol: 0.0100
2025-09-28 10:08:45,139 - __main__ - DEBUG - - Init -520.5377
2025-09-28 10:08:45,139 - __main__ - DEBUG - - Trans -4.3304
2025-09-28 10:08:45,139 - __main__ - DEBUG - - Emit 30127.9208
2025-09-28 10:08:45,139 - __main__ - DEBUG - - Entropy 0.0006
2025-09-28 10:08:45,139 - __main__ - DEBUG - - Dir 115615912.0000
2025-09-28 10:08:45,139 - __main__ - DEBUG - - NIW -4915.9683
2025-09-28 10:08:45,139 - __main__ - DEBUG - - Beta prior -20.8930
2025-09-28 10:08:51,330 - __main__ - DEBUG - Iter 0: ELBO after FB: 115640578.1920 (LL 29603.0532, Δ=0.0000)
2025-09-28 10:08:51,331 - __main__ - DEBUG - Blending stats with ρ_niw=0.0500, ρ_tr=0.0500.
2025-09-28 10:08:51,381 - __main__ - DEBUG - Iter 0: ELBO after NIW update: 115641295.0231 (Emit LL 30907.3862, NIW term -4978.6025, Δ=716.8311)
2025-09-28 10:08:51,431 - __main__ - DEBUG - Iter 0: ELBO after Dirichlet update: 25392.9266 (Trans LL -4.3257, Dir term 9.8988, Δ=-115615902.0964)
2025-09-28 10:08:51,501 - __main__ - DEBUG - Iter 0: ELBO after β update: 22542678.7672 (Init LL -520.7343, Dir term 22517296.0000, logp(β) -20.9570, Δ=22517285.8406)
2025-09-28 10:08:57,491 - __main__ - DEBUG - Iter 1: ELBO after FB: 22542678.7672 (LL 30382.3267, Δ=0.0000)
2025-09-28 10:08:57,492 - __main__ - DEBUG - Blending stats with ρ_niw=0.0500, ρ_tr=0.0500.
2025-09-28 10:08:57,543 - __main__ - DEBUG - Iter 1: ELBO after NIW update: 22542678.7672 (Emit LL 30907.3862, NIW term -4978.6025, Δ=0.0000)
2025-09-28 10:08:57,591 - __main__ - DEBUG - Iter 1: ELBO after Dirichlet update: 23020620.7688 (Trans LL -4.3242, Dir term 22995238.0000, Δ=477942.0016)
2025-09-28 10:08:57,662 - __main__ - DEBUG - Iter 1: ELBO after β update: 45383698.5036 (Init LL -520.9354, Dir term 45358316.0000, logp(β) -21.0212, Δ=22363077.7348)
2025-09-28 10:09:03,817 - __main__ - DEBUG - Iter 2: ELBO after FB: 45383698.5036 (LL 30382.1273, Δ=0.0000)
2025-09-28 10:09:03,817 - __main__ - DEBUG - Blending stats with ρ_niw=0.0500, ρ_tr=0.0500.
2025-09-28 10:09:03,868 - __main__ - DEBUG - Iter 2: ELBO after NIW update: 45383698.5036 (Emit LL 30907.3862, NIW term -4978.6025, Δ=0.0000)
2025-09-28 10:09:03,919 - __main__ - DEBUG - Iter 2: ELBO after Dirichlet update: 45860730.5051 (Trans LL -4.3226, Dir term 45835348.0000, Δ=477032.0016)
2025-09-28 10:09:03,993 - __main__ - DEBUG - Iter 2: ELBO after β update: 68070422.2353 (Init LL -521.1409, Dir term 68045040.0000, logp(β) -21.0855, Δ=22209691.7301)
2025-09-28 10:09:10,312 - __main__ - DEBUG - Iter 3: ELBO after FB: 68070422.2353 (LL 30381.9233, Δ=0.0000)
2025-09-28 10:09:10,313 - __main__ - DEBUG - Blending stats with ρ_niw=0.0500, ρ_tr=0.0500.
2025-09-28 10:09:10,362 - __main__ - DEBUG - Iter 3: ELBO after NIW update: 68070422.2353 (Emit LL 30907.3862, NIW term -4978.6025, Δ=0.0000)
2025-09-28 10:09:10,411 - __main__ - DEBUG - Iter 3: ELBO after Dirichlet update: 68544670.2368 (Trans LL -4.3210, Dir term 68519288.0000, Δ=474248.0016)
2025-09-28 10:09:10,481 - __main__ - DEBUG - Iter 3: ELBO after β update: 90601821.9621 (Init LL -521.3510, Dir term 90576440.0000, logp(β) -21.1501, Δ=22057151.7253)
2025-09-28 10:09:16,560 - __main__ - DEBUG - Iter 4: ELBO after FB: 90601821.9621 (LL 30381.7148, Δ=0.0000)
2025-09-28 10:09:16,562 - __main__ - DEBUG - Blending stats with ρ_niw=0.0500, ρ_tr=0.0500.
2025-09-28 10:09:16,612 - __main__ - DEBUG - Iter 4: ELBO after NIW update: 90601821.9621 (Emit LL 30907.3862, NIW term -4978.6025, Δ=0.0000)
2025-09-28 10:09:16,663 - __main__ - DEBUG - Iter 4: ELBO after Dirichlet update: 91070085.9641 (Trans LL -4.3190, Dir term 91044704.0000, Δ=468264.0020)
2025-09-28 10:09:16,736 - __main__ - DEBUG - Iter 4: ELBO after β update: 112974101.6845 (Init LL -521.5654, Dir term 112948720.0000, logp(β) -21.2153, Δ=21904015.7204)
2025-09-28 10:09:16,738 - __main__ - INFO -    HMM refresh complete: ELBO=25.4050, iters=0, max iters, states=40
2025-09-28 10:09:16,738 - __main__ - INFO -    ✅ HMM updated (next in 12,000 steps)
2025-09-28 10:09:16,738 - __main__ - INFO - 🔄 VAE refresh starting at step 39,936 with replay size 8x1408
2025-09-28 10:09:16,739 - __main__ - INFO -    Using span sampling (11264 timesteps, too large for full buffer)
2025-09-28 10:09:40,663 - __main__ - INFO -    VAE refresh complete: final_loss=2311.5522, avg_loss=2315.8468, steps=4/4, trend=improving, total_timesteps=11264, span_sampling=32_requested×4_steps, span_len=64
2025-09-28 10:09:40,665 - __main__ - INFO -    ✅ VAE updated (next in 12,000 steps)
2025-09-28 10:09:43,938 - __main__ - INFO - 🧪 Starting evaluation with 50 episodes...
2025-09-28 10:09:43,938 - __main__ - INFO -    Eval seed: 51
2025-09-28 10:09:43,938 - __main__ - INFO -    Max episode steps (eval): env default
2025-09-28 10:09:43,939 - nle.env.base - INFO - Not saving any NLE data.
2025-09-28 10:09:48,109 - __main__ - WARNING - ⚠️ Episode 1 terminated due to step limit.
2025-09-28 10:09:48,840 - __main__ - DEBUG - 🎯 Eval HMM masking: step 50 masked due to negative reward
2025-09-28 10:09:52,435 - __main__ - WARNING - ⚠️ Episode 2 terminated due to step limit.
2025-09-28 10:09:55,739 - __main__ - DEBUG - 🎯 Eval HMM masking: step 300 masked due to negative reward
2025-09-28 10:09:56,773 - __main__ - WARNING - ⚠️ Episode 3 terminated due to step limit.
2025-09-28 10:10:00,077 - __main__ - DEBUG - 🎯 Eval HMM masking: step 300 masked due to negative reward
2025-09-28 10:10:01,099 - __main__ - WARNING - ⚠️ Episode 4 terminated due to step limit.
2025-09-28 10:10:02,355 - __main__ - DEBUG - 🎯 Eval HMM masking: step 100 masked due to negative reward
2025-09-28 10:10:04,469 - __main__ - DEBUG - 🎯 Eval HMM masking: step 300 masked due to negative reward
2025-09-28 10:10:05,494 - __main__ - WARNING - ⚠️ Episode 5 terminated due to step limit.
2025-09-28 10:10:06,756 - __main__ - DEBUG - 🎯 Eval HMM masking: step 100 masked due to negative reward
2025-09-28 10:10:07,276 - __main__ - DEBUG - 🎯 Eval HMM masking: step 150 masked due to negative reward
2025-09-28 10:10:08,324 - __main__ - DEBUG - 🎯 Eval HMM masking: step 250 masked due to negative reward
2025-09-28 10:10:08,865 - __main__ - DEBUG - 🎯 Eval HMM masking: step 300 masked due to negative reward
2025-09-28 10:10:09,923 - __main__ - WARNING - ⚠️ Episode 6 terminated due to step limit.
2025-09-28 10:10:10,672 - __main__ - DEBUG - 🎯 Eval HMM masking: step 50 masked due to negative reward
2025-09-28 10:10:14,278 - __main__ - WARNING - ⚠️ Episode 7 terminated due to step limit.
2025-09-28 10:10:17,187 - __main__ - DEBUG - 🎯 Eval HMM masking: step 250 masked due to negative reward
2025-09-28 10:10:18,771 - __main__ - WARNING - ⚠️ Episode 8 terminated due to step limit.
2025-09-28 10:10:20,042 - __main__ - DEBUG - 🎯 Eval HMM masking: step 100 masked due to negative reward
2025-09-28 10:10:23,138 - __main__ - WARNING - ⚠️ Episode 9 terminated due to step limit.
2025-09-28 10:10:27,498 - __main__ - WARNING - ⚠️ Episode 10 terminated due to step limit.
2025-09-28 10:10:30,963 - __main__ - DEBUG - 🎯 Eval HMM masking: step 300 masked due to negative reward
2025-09-28 10:10:31,480 - __main__ - DEBUG - 🎯 Eval HMM masking: step 350 masked due to negative reward
2025-09-28 10:10:31,988 - __main__ - WARNING - ⚠️ Episode 11 terminated due to step limit.
2025-09-28 10:10:33,238 - __main__ - DEBUG - 🎯 Eval HMM masking: step 100 masked due to negative reward
2025-09-28 10:10:35,328 - __main__ - DEBUG - 🎯 Eval HMM masking: step 300 masked due to negative reward
2025-09-28 10:10:36,356 - __main__ - WARNING - ⚠️ Episode 12 terminated due to step limit.
2025-09-28 10:10:40,680 - __main__ - WARNING - ⚠️ Episode 13 terminated due to step limit.
2025-09-28 10:10:41,928 - __main__ - DEBUG - 🎯 Eval HMM masking: step 100 masked due to negative reward
2025-09-28 10:10:42,444 - __main__ - DEBUG - 🎯 Eval HMM masking: step 150 masked due to negative reward
2025-09-28 10:10:43,985 - __main__ - DEBUG - 🎯 Eval HMM masking: step 300 masked due to negative reward
2025-09-28 10:10:44,525 - __main__ - DEBUG - 🎯 Eval HMM masking: step 350 masked due to negative reward
2025-09-28 10:10:45,059 - __main__ - WARNING - ⚠️ Episode 14 terminated due to step limit.
2025-09-28 10:10:46,311 - __main__ - DEBUG - 🎯 Eval HMM masking: step 100 masked due to negative reward
2025-09-28 10:10:48,402 - __main__ - DEBUG - 🎯 Eval HMM masking: step 300 masked due to negative reward
2025-09-28 10:10:48,919 - __main__ - DEBUG - 🎯 Eval HMM masking: step 350 masked due to negative reward
2025-09-28 10:10:49,430 - __main__ - WARNING - ⚠️ Episode 15 terminated due to step limit.
2025-09-28 10:10:53,753 - __main__ - WARNING - ⚠️ Episode 16 terminated due to step limit.
2025-09-28 10:10:58,088 - __main__ - WARNING - ⚠️ Episode 17 terminated due to step limit.
2025-09-28 10:10:59,850 - __main__ - DEBUG - 🎯 Eval HMM masking: step 150 masked due to negative reward
2025-09-28 10:11:00,363 - __main__ - DEBUG - 🎯 Eval HMM masking: step 200 masked due to negative reward
2025-09-28 10:11:02,412 - __main__ - WARNING - ⚠️ Episode 18 terminated due to step limit.
2025-09-28 10:11:03,141 - __main__ - DEBUG - 🎯 Eval HMM masking: step 50 masked due to negative reward
2025-09-28 10:11:04,218 - __main__ - DEBUG - 🎯 Eval HMM masking: step 150 masked due to negative reward
2025-09-28 10:11:06,833 - __main__ - WARNING - ⚠️ Episode 19 terminated due to step limit.
2025-09-28 10:11:11,144 - __main__ - WARNING - ⚠️ Episode 20 terminated due to step limit.
2025-09-28 10:11:12,400 - __main__ - DEBUG - 🎯 Eval HMM masking: step 100 masked due to negative reward
2025-09-28 10:11:12,913 - __main__ - DEBUG - 🎯 Eval HMM masking: step 150 masked due to negative reward
2025-09-28 10:11:14,459 - __main__ - DEBUG - 🎯 Eval HMM masking: step 300 masked due to negative reward
2025-09-28 10:11:14,975 - __main__ - DEBUG - 🎯 Eval HMM masking: step 350 masked due to negative reward
2025-09-28 10:11:15,482 - __main__ - WARNING - ⚠️ Episode 21 terminated due to step limit.
2025-09-28 10:11:19,925 - __main__ - WARNING - ⚠️ Episode 22 terminated due to step limit.
2025-09-28 10:11:21,181 - __main__ - DEBUG - 🎯 Eval HMM masking: step 100 masked due to negative reward
2025-09-28 10:11:24,270 - __main__ - WARNING - ⚠️ Episode 23 terminated due to step limit.
2025-09-28 10:11:27,071 - __main__ - DEBUG - 🎯 Eval HMM masking: step 250 masked due to negative reward
2025-09-28 10:11:28,608 - __main__ - WARNING - ⚠️ Episode 24 terminated due to step limit.
2025-09-28 10:11:32,439 - __main__ - DEBUG - 🎯 Eval HMM masking: step 350 masked due to negative reward
2025-09-28 10:11:32,945 - __main__ - WARNING - ⚠️ Episode 25 terminated due to step limit.
2025-09-28 10:11:34,197 - __main__ - DEBUG - 🎯 Eval HMM masking: step 100 masked due to negative reward
2025-09-28 10:11:34,715 - __main__ - DEBUG - 🎯 Eval HMM masking: step 150 masked due to negative reward
2025-09-28 10:11:35,750 - __main__ - DEBUG - 🎯 Eval HMM masking: step 250 masked due to negative reward
2025-09-28 10:11:37,303 - __main__ - WARNING - ⚠️ Episode 26 terminated due to step limit.
2025-09-28 10:11:38,558 - __main__ - DEBUG - 🎯 Eval HMM masking: step 100 masked due to negative reward
2025-09-28 10:11:39,079 - __main__ - DEBUG - 🎯 Eval HMM masking: step 150 masked due to negative reward
2025-09-28 10:11:40,643 - __main__ - DEBUG - 🎯 Eval HMM masking: step 300 masked due to negative reward
2025-09-28 10:11:41,676 - __main__ - WARNING - ⚠️ Episode 27 terminated due to step limit.
2025-09-28 10:11:44,046 - __main__ - DEBUG - 🎯 Eval HMM masking: step 200 masked due to negative reward
2025-09-28 10:11:46,223 - __main__ - WARNING - ⚠️ Episode 28 terminated due to step limit.
2025-09-28 10:11:50,699 - __main__ - WARNING - ⚠️ Episode 29 terminated due to step limit.
2025-09-28 10:11:52,513 - __main__ - DEBUG - 🎯 Eval HMM masking: step 150 masked due to negative reward
2025-09-28 10:11:54,072 - __main__ - DEBUG - 🎯 Eval HMM masking: step 300 masked due to negative reward
2025-09-28 10:11:55,108 - __main__ - WARNING - ⚠️ Episode 30 terminated due to step limit.
2025-09-28 10:11:57,397 - __main__ - DEBUG - 🎯 Eval HMM masking: step 200 masked due to negative reward
2025-09-28 10:11:58,466 - __main__ - DEBUG - 🎯 Eval HMM masking: step 300 masked due to negative reward
2025-09-28 10:11:59,500 - __main__ - WARNING - ⚠️ Episode 31 terminated due to step limit.
2025-09-28 10:12:00,785 - __main__ - DEBUG - 🎯 Eval HMM masking: step 100 masked due to negative reward
2025-09-28 10:12:01,302 - __main__ - DEBUG - 🎯 Eval HMM masking: step 150 masked due to negative reward
2025-09-28 10:12:01,820 - __main__ - DEBUG - 🎯 Eval HMM masking: step 200 masked due to negative reward
2025-09-28 10:12:03,388 - __main__ - DEBUG - 🎯 Eval HMM masking: step 350 masked due to negative reward
2025-09-28 10:12:03,895 - __main__ - WARNING - ⚠️ Episode 32 terminated due to step limit.
2025-09-28 10:12:06,201 - __main__ - DEBUG - 🎯 Eval HMM masking: step 200 masked due to negative reward
2025-09-28 10:12:08,316 - __main__ - WARNING - ⚠️ Episode 33 terminated due to step limit.
2025-09-28 10:12:09,582 - __main__ - DEBUG - 🎯 Eval HMM masking: step 100 masked due to negative reward
2025-09-28 10:12:10,637 - __main__ - DEBUG - 🎯 Eval HMM masking: step 200 masked due to negative reward
2025-09-28 10:12:11,169 - __main__ - DEBUG - 🎯 Eval HMM masking: step 250 masked due to negative reward
2025-09-28 10:12:12,727 - __main__ - WARNING - ⚠️ Episode 34 terminated due to step limit.
2025-09-28 10:12:16,134 - __main__ - DEBUG - 🎯 Eval HMM masking: step 300 masked due to negative reward
2025-09-28 10:12:16,655 - __main__ - DEBUG - 🎯 Eval HMM masking: step 350 masked due to negative reward
2025-09-28 10:12:17,163 - __main__ - WARNING - ⚠️ Episode 35 terminated due to step limit.
2025-09-28 10:12:21,573 - __main__ - WARNING - ⚠️ Episode 36 terminated due to step limit.
2025-09-28 10:12:23,898 - __main__ - DEBUG - 🎯 Eval HMM masking: step 200 masked due to negative reward
2025-09-28 10:12:25,986 - __main__ - WARNING - ⚠️ Episode 37 terminated due to step limit.
2025-09-28 10:12:30,356 - __main__ - WARNING - ⚠️ Episode 38 terminated due to step limit.
2025-09-28 10:12:33,152 - __main__ - DEBUG - 🎯 Eval HMM masking: step 250 masked due to negative reward
2025-09-28 10:12:34,685 - __main__ - WARNING - ⚠️ Episode 39 terminated due to step limit.
2025-09-28 10:12:35,421 - __main__ - DEBUG - 🎯 Eval HMM masking: step 50 masked due to negative reward
2025-09-28 10:12:35,950 - __main__ - DEBUG - 🎯 Eval HMM masking: step 100 masked due to negative reward
2025-09-28 10:12:36,471 - __main__ - DEBUG - 🎯 Eval HMM masking: step 150 masked due to negative reward
2025-09-28 10:12:36,994 - __main__ - DEBUG - 🎯 Eval HMM masking: step 200 masked due to negative reward
2025-09-28 10:12:37,515 - __main__ - DEBUG - 🎯 Eval HMM masking: step 250 masked due to negative reward
2025-09-28 10:12:38,034 - __main__ - DEBUG - 🎯 Eval HMM masking: step 300 masked due to negative reward
2025-09-28 10:12:38,553 - __main__ - DEBUG - 🎯 Eval HMM masking: step 350 masked due to negative reward
2025-09-28 10:12:39,069 - __main__ - WARNING - ⚠️ Episode 40 terminated due to step limit.
2025-09-28 10:12:41,901 - __main__ - DEBUG - 🎯 Eval HMM masking: step 250 masked due to negative reward
2025-09-28 10:12:43,452 - __main__ - WARNING - ⚠️ Episode 41 terminated due to step limit.
2025-09-28 10:12:47,794 - __main__ - WARNING - ⚠️ Episode 42 terminated due to step limit.
2025-09-28 10:12:49,583 - __main__ - DEBUG - 🎯 Eval HMM masking: step 150 masked due to negative reward
2025-09-28 10:12:52,251 - __main__ - WARNING - ⚠️ Episode 43 terminated due to step limit.
2025-09-28 10:12:55,094 - __main__ - DEBUG - 🎯 Eval HMM masking: step 250 masked due to negative reward
2025-09-28 10:12:55,616 - __main__ - DEBUG - 🎯 Eval HMM masking: step 300 masked due to negative reward
2025-09-28 10:12:56,652 - __main__ - WARNING - ⚠️ Episode 44 terminated due to step limit.
2025-09-28 10:13:01,021 - __main__ - WARNING - ⚠️ Episode 45 terminated due to step limit.
2025-09-28 10:13:02,802 - __main__ - DEBUG - 🎯 Eval HMM masking: step 150 masked due to negative reward
2025-09-28 10:13:05,388 - __main__ - WARNING - ⚠️ Episode 46 terminated due to step limit.
2025-09-28 10:13:07,169 - __main__ - DEBUG - 🎯 Eval HMM masking: step 150 masked due to negative reward
2025-09-28 10:13:09,243 - __main__ - DEBUG - 🎯 Eval HMM masking: step 350 masked due to negative reward
2025-09-28 10:13:09,756 - __main__ - WARNING - ⚠️ Episode 47 terminated due to step limit.
2025-09-28 10:13:12,575 - __main__ - DEBUG - 🎯 Eval HMM masking: step 250 masked due to negative reward
2025-09-28 10:13:14,127 - __main__ - WARNING - ⚠️ Episode 48 terminated due to step limit.
2025-09-28 10:13:16,960 - __main__ - DEBUG - 🎯 Eval HMM masking: step 250 masked due to negative reward
2025-09-28 10:13:17,482 - __main__ - DEBUG - 🎯 Eval HMM masking: step 300 masked due to negative reward
2025-09-28 10:13:18,517 - __main__ - WARNING - ⚠️ Episode 49 terminated due to step limit.
2025-09-28 10:13:21,873 - __main__ - DEBUG - 🎯 Eval HMM masking: step 300 masked due to negative reward
2025-09-28 10:13:22,908 - __main__ - WARNING - ⚠️ Episode 50 terminated due to step limit.
2025-09-28 10:13:23,117 - __main__ - INFO - 📊 Evaluation Results (Current Round):
2025-09-28 10:13:23,117 - __main__ - INFO -    Episodes: 50
2025-09-28 10:13:23,117 - __main__ - INFO -    Time: 219.2s (4.4s/ep)
2025-09-28 10:13:23,117 - __main__ - INFO -    Average Return: -0.750 ± 0.319
2025-09-28 10:13:23,117 - __main__ - INFO -    Success Rate: 0.0%
2025-09-28 10:13:23,117 - __main__ - INFO -    Average Length: 400.0
2025-09-28 10:13:23,117 - __main__ - INFO -    Average Coverage: 70.3 positions
2025-09-28 10:13:23,117 - __main__ - INFO -    Episode Completions: 0 terminated (0.0%), 50 truncated (100.0%)
2025-09-28 10:13:23,117 - __main__ - INFO - 📈 Total Evaluation Statistics:
2025-09-28 10:13:23,117 - __main__ - INFO -    Total Episodes: 200
2025-09-28 10:13:23,117 - __main__ - INFO -    Total Average Return: -0.627 ± 0.274
2025-09-28 10:13:23,118 - __main__ - INFO -    Total Average Length: 400.0 ± 0.0
2025-09-28 10:13:23,118 - __main__ - INFO -    Total Completions: 0 terminated (0.0%), 200 truncated (100.0%)
2025-09-28 10:13:23,118 - __main__ - INFO -    Skill Entropy: 0.004
2025-09-28 10:13:23,118 - __main__ - INFO -    Used Skills: 3.0
2025-09-28 10:13:23,118 - __main__ - INFO -    Effective K: 1.91
2025-09-28 10:13:23,118 - __main__ - INFO - 🎯 Action Usage Statistics:
2025-09-28 10:13:23,118 - __main__ - INFO -    Unique actions in evaluation: 10
2025-09-28 10:13:23,118 - __main__ - INFO -    Unique actions in training: 10
2025-09-28 10:13:23,118 - __main__ - INFO -    Total unique actions: 10
2025-09-28 10:13:23,118 - __main__ - INFO -    Action coverage: 8.3%
2025-09-28 10:13:23,118 - __main__ - INFO -    Train action count: 40960
2025-09-28 10:13:23,119 - __main__ - INFO -    Eval action count: 80000
2025-09-28 10:13:23,119 - __main__ - INFO -    Train action entropy: 1.736
2025-09-28 10:13:23,119 - __main__ - INFO -    Eval action entropy: 1.665
2025-09-28 10:13:23,120 - __main__ - INFO -    Top 3 train actions: #2(9890), #0(9613), #1(9377)
2025-09-28 10:13:23,120 - __main__ - INFO -    Top 3 eval actions: #2(21816), #0(20004), #3(16497)
2025-09-28 10:13:25,530 - __main__ - INFO - 📊 Episodes completed this rollout: 8
2025-09-28 10:13:25,531 - __main__ - INFO - 📈 Episode stats: avg return = -0.58, avg length = 400.0
2025-09-28 10:13:25,531 - __main__ - INFO - 🎯 Top 3 training actions: #2(10206), #0(9839), #1(9541)
2025-09-28 10:13:35,440 - __main__ - INFO - 📊 Episodes completed this rollout: 8
2025-09-28 10:13:35,441 - __main__ - INFO - 📈 Episode stats: avg return = -0.51, avg length = 400.0
2025-09-28 10:13:35,441 - __main__ - INFO - 🎯 Top 3 training actions: #2(11062), #0(10768), #1(10077)
2025-09-28 10:13:45,399 - __main__ - INFO - 📊 Episodes completed this rollout: 8
2025-09-28 10:13:45,399 - __main__ - INFO - 📈 Episode stats: avg return = -0.62, avg length = 400.0
2025-09-28 10:13:45,399 - __main__ - INFO - 🎯 Top 3 training actions: #2(12049), #0(11623), #1(10502)
2025-09-28 10:13:52,906 - __main__ - INFO - 🧪 Starting evaluation with 50 episodes...
2025-09-28 10:13:52,906 - __main__ - INFO -    Eval seed: 51
2025-09-28 10:13:52,906 - __main__ - INFO -    Max episode steps (eval): env default
2025-09-28 10:13:52,907 - nle.env.base - INFO - Not saving any NLE data.
2025-09-28 10:13:53,470 - __main__ - DEBUG - 🎯 Eval HMM masking: step 50 masked due to negative reward
2025-09-28 10:13:57,115 - __main__ - WARNING - ⚠️ Episode 1 terminated due to step limit.
2025-09-28 10:14:01,476 - __main__ - WARNING - ⚠️ Episode 2 terminated due to step limit.
2025-09-28 10:14:03,770 - __main__ - DEBUG - 🎯 Eval HMM masking: step 200 masked due to negative reward
2025-09-28 10:14:05,823 - __main__ - WARNING - ⚠️ Episode 3 terminated due to step limit.
2025-09-28 10:14:10,161 - __main__ - WARNING - ⚠️ Episode 4 terminated due to step limit.
2025-09-28 10:14:14,483 - __main__ - WARNING - ⚠️ Episode 5 terminated due to step limit.
2025-09-28 10:14:16,249 - __main__ - DEBUG - 🎯 Eval HMM masking: step 150 masked due to negative reward
2025-09-28 10:14:17,281 - __main__ - DEBUG - 🎯 Eval HMM masking: step 250 masked due to negative reward
2025-09-28 10:14:18,864 - __main__ - WARNING - ⚠️ Episode 6 terminated due to step limit.
2025-09-28 10:14:23,250 - __main__ - WARNING - ⚠️ Episode 7 terminated due to step limit.
2025-09-28 10:14:25,543 - __main__ - DEBUG - 🎯 Eval HMM masking: step 200 masked due to negative reward
2025-09-28 10:14:27,673 - __main__ - WARNING - ⚠️ Episode 8 terminated due to step limit.
2025-09-28 10:14:32,252 - __main__ - WARNING - ⚠️ Episode 9 terminated due to step limit.
2025-09-28 10:14:35,785 - __main__ - DEBUG - 🎯 Eval HMM masking: step 300 masked due to negative reward
2025-09-28 10:14:36,876 - __main__ - WARNING - ⚠️ Episode 10 terminated due to step limit.
2025-09-28 10:14:37,622 - __main__ - DEBUG - 🎯 Eval HMM masking: step 50 masked due to negative reward
2025-09-28 10:14:38,650 - __main__ - DEBUG - 🎯 Eval HMM masking: step 150 masked due to negative reward
2025-09-28 10:14:40,194 - __main__ - DEBUG - 🎯 Eval HMM masking: step 300 masked due to negative reward
2025-09-28 10:14:40,710 - __main__ - DEBUG - 🎯 Eval HMM masking: step 350 masked due to negative reward
2025-09-28 10:14:41,218 - __main__ - WARNING - ⚠️ Episode 11 terminated due to step limit.
2025-09-28 10:14:45,580 - __main__ - WARNING - ⚠️ Episode 12 terminated due to step limit.
2025-09-28 10:14:49,969 - __main__ - WARNING - ⚠️ Episode 13 terminated due to step limit.
2025-09-28 10:14:54,537 - __main__ - WARNING - ⚠️ Episode 14 terminated due to step limit.
2025-09-28 10:14:55,797 - __main__ - DEBUG - 🎯 Eval HMM masking: step 100 masked due to negative reward
2025-09-28 10:14:57,872 - __main__ - DEBUG - 🎯 Eval HMM masking: step 300 masked due to negative reward
2025-09-28 10:14:58,415 - __main__ - DEBUG - 🎯 Eval HMM masking: step 350 masked due to negative reward
2025-09-28 10:14:58,944 - __main__ - WARNING - ⚠️ Episode 15 terminated due to step limit.
2025-09-28 10:15:03,342 - __main__ - WARNING - ⚠️ Episode 16 terminated due to step limit.
2025-09-28 10:15:07,723 - __main__ - WARNING - ⚠️ Episode 17 terminated due to step limit.
2025-09-28 10:15:09,486 - __main__ - DEBUG - 🎯 Eval HMM masking: step 150 masked due to negative reward
2025-09-28 10:15:11,550 - __main__ - DEBUG - 🎯 Eval HMM masking: step 350 masked due to negative reward
2025-09-28 10:15:12,063 - __main__ - WARNING - ⚠️ Episode 18 terminated due to step limit.
2025-09-28 10:15:14,511 - __main__ - DEBUG - 🎯 Eval HMM masking: step 200 masked due to negative reward
2025-09-28 10:15:16,578 - __main__ - WARNING - ⚠️ Episode 19 terminated due to step limit.
2025-09-28 10:15:20,931 - __main__ - WARNING - ⚠️ Episode 20 terminated due to step limit.
2025-09-28 10:15:22,703 - __main__ - DEBUG - 🎯 Eval HMM masking: step 150 masked due to negative reward
2025-09-28 10:15:24,255 - __main__ - DEBUG - 🎯 Eval HMM masking: step 300 masked due to negative reward
2025-09-28 10:15:25,280 - __main__ - WARNING - ⚠️ Episode 21 terminated due to step limit.
2025-09-28 10:15:26,538 - __main__ - DEBUG - 🎯 Eval HMM masking: step 100 masked due to negative reward
2025-09-28 10:15:29,648 - __main__ - WARNING - ⚠️ Episode 22 terminated due to step limit.
2025-09-28 10:15:34,040 - __main__ - WARNING - ⚠️ Episode 23 terminated due to step limit.
2025-09-28 10:15:35,829 - __main__ - DEBUG - 🎯 Eval HMM masking: step 150 masked due to negative reward
2025-09-28 10:15:37,932 - __main__ - DEBUG - 🎯 Eval HMM masking: step 350 masked due to negative reward
2025-09-28 10:15:38,446 - __main__ - WARNING - ⚠️ Episode 24 terminated due to step limit.
2025-09-28 10:15:40,260 - __main__ - DEBUG - 🎯 Eval HMM masking: step 150 masked due to negative reward
2025-09-28 10:15:42,351 - __main__ - DEBUG - 🎯 Eval HMM masking: step 350 masked due to negative reward
2025-09-28 10:15:42,873 - __main__ - WARNING - ⚠️ Episode 25 terminated due to step limit.
2025-09-28 10:15:44,153 - __main__ - DEBUG - 🎯 Eval HMM masking: step 100 masked due to negative reward
2025-09-28 10:15:45,241 - __main__ - DEBUG - 🎯 Eval HMM masking: step 200 masked due to negative reward
2025-09-28 10:15:47,377 - __main__ - WARNING - ⚠️ Episode 26 terminated due to step limit.
2025-09-28 10:15:51,783 - __main__ - WARNING - ⚠️ Episode 27 terminated due to step limit.
2025-09-28 10:15:54,159 - __main__ - DEBUG - 🎯 Eval HMM masking: step 200 masked due to negative reward
2025-09-28 10:15:56,323 - __main__ - WARNING - ⚠️ Episode 28 terminated due to step limit.
2025-09-28 10:16:00,854 - __main__ - WARNING - ⚠️ Episode 29 terminated due to step limit.
2025-09-28 10:16:04,347 - __main__ - DEBUG - 🎯 Eval HMM masking: step 300 masked due to negative reward
2025-09-28 10:16:05,415 - __main__ - WARNING - ⚠️ Episode 30 terminated due to step limit.
2025-09-28 10:16:07,286 - __main__ - DEBUG - 🎯 Eval HMM masking: step 150 masked due to negative reward
2025-09-28 10:16:07,830 - __main__ - DEBUG - 🎯 Eval HMM masking: step 200 masked due to negative reward
2025-09-28 10:16:08,918 - __main__ - DEBUG - 🎯 Eval HMM masking: step 300 masked due to negative reward
2025-09-28 10:16:10,013 - __main__ - WARNING - ⚠️ Episode 31 terminated due to step limit.
2025-09-28 10:16:14,567 - __main__ - WARNING - ⚠️ Episode 32 terminated due to step limit.
2025-09-28 10:16:19,135 - __main__ - WARNING - ⚠️ Episode 33 terminated due to step limit.
2025-09-28 10:16:19,909 - __main__ - DEBUG - 🎯 Eval HMM masking: step 50 masked due to negative reward
2025-09-28 10:16:22,092 - __main__ - DEBUG - 🎯 Eval HMM masking: step 250 masked due to negative reward
2025-09-28 10:16:23,646 - __main__ - WARNING - ⚠️ Episode 34 terminated due to step limit.
2025-09-28 10:16:28,182 - __main__ - WARNING - ⚠️ Episode 35 terminated due to step limit.
2025-09-28 10:16:28,953 - __main__ - DEBUG - 🎯 Eval HMM masking: step 50 masked due to negative reward
2025-09-28 10:16:30,570 - __main__ - DEBUG - 🎯 Eval HMM masking: step 200 masked due to negative reward
2025-09-28 10:16:31,098 - __main__ - DEBUG - 🎯 Eval HMM masking: step 250 masked due to negative reward
2025-09-28 10:16:32,747 - __main__ - WARNING - ⚠️ Episode 36 terminated due to step limit.
2025-09-28 10:16:35,139 - __main__ - DEBUG - 🎯 Eval HMM masking: step 200 masked due to negative reward
2025-09-28 10:16:37,205 - __main__ - WARNING - ⚠️ Episode 37 terminated due to step limit.
2025-09-28 10:16:40,028 - __main__ - DEBUG - 🎯 Eval HMM masking: step 250 masked due to negative reward
2025-09-28 10:16:41,619 - __main__ - WARNING - ⚠️ Episode 38 terminated due to step limit.
2025-09-28 10:16:46,107 - __main__ - WARNING - ⚠️ Episode 39 terminated due to step limit.
2025-09-28 10:16:46,879 - __main__ - DEBUG - 🎯 Eval HMM masking: step 50 masked due to negative reward
2025-09-28 10:16:50,638 - __main__ - WARNING - ⚠️ Episode 40 terminated due to step limit.
2025-09-28 10:16:54,976 - __main__ - WARNING - ⚠️ Episode 41 terminated due to step limit.
2025-09-28 10:16:56,233 - __main__ - DEBUG - 🎯 Eval HMM masking: step 100 masked due to negative reward
2025-09-28 10:16:59,333 - __main__ - WARNING - ⚠️ Episode 42 terminated due to step limit.
2025-09-28 10:17:03,736 - __main__ - WARNING - ⚠️ Episode 43 terminated due to step limit.
2025-09-28 10:17:08,276 - __main__ - WARNING - ⚠️ Episode 44 terminated due to step limit.
2025-09-28 10:17:12,618 - __main__ - WARNING - ⚠️ Episode 45 terminated due to step limit.
2025-09-28 10:17:16,965 - __main__ - WARNING - ⚠️ Episode 46 terminated due to step limit.
2025-09-28 10:17:20,289 - __main__ - DEBUG - 🎯 Eval HMM masking: step 300 masked due to negative reward
2025-09-28 10:17:21,314 - __main__ - WARNING - ⚠️ Episode 47 terminated due to step limit.
2025-09-28 10:17:23,099 - __main__ - DEBUG - 🎯 Eval HMM masking: step 150 masked due to negative reward
2025-09-28 10:17:23,617 - __main__ - DEBUG - 🎯 Eval HMM masking: step 200 masked due to negative reward
2025-09-28 10:17:24,159 - __main__ - DEBUG - 🎯 Eval HMM masking: step 250 masked due to negative reward
2025-09-28 10:17:25,700 - __main__ - WARNING - ⚠️ Episode 48 terminated due to step limit.
2025-09-28 10:17:30,024 - __main__ - WARNING - ⚠️ Episode 49 terminated due to step limit.
2025-09-28 10:17:34,365 - __main__ - WARNING - ⚠️ Episode 50 terminated due to step limit.
2025-09-28 10:17:34,572 - __main__ - INFO - 📊 Evaluation Results (Current Round):
2025-09-28 10:17:34,572 - __main__ - INFO -    Episodes: 50
2025-09-28 10:17:34,572 - __main__ - INFO -    Time: 221.7s (4.4s/ep)
2025-09-28 10:17:34,572 - __main__ - INFO -    Average Return: -0.594 ± 0.275
2025-09-28 10:17:34,572 - __main__ - INFO -    Success Rate: 0.0%
2025-09-28 10:17:34,572 - __main__ - INFO -    Average Length: 400.0
2025-09-28 10:17:34,572 - __main__ - INFO -    Average Coverage: 80.7 positions
2025-09-28 10:17:34,573 - __main__ - INFO -    Episode Completions: 0 terminated (0.0%), 50 truncated (100.0%)
2025-09-28 10:17:34,573 - __main__ - INFO - 📈 Total Evaluation Statistics:
2025-09-28 10:17:34,573 - __main__ - INFO -    Total Episodes: 250
2025-09-28 10:17:34,573 - __main__ - INFO -    Total Average Return: -0.621 ± 0.275
2025-09-28 10:17:34,573 - __main__ - INFO -    Total Average Length: 400.0 ± 0.0
2025-09-28 10:17:34,573 - __main__ - INFO -    Total Completions: 0 terminated (0.0%), 250 truncated (100.0%)
2025-09-28 10:17:34,573 - __main__ - INFO -    Skill Entropy: 0.002
2025-09-28 10:17:34,573 - __main__ - INFO -    Used Skills: 3.0
2025-09-28 10:17:34,573 - __main__ - INFO -    Effective K: 1.79
2025-09-28 10:17:34,573 - __main__ - INFO - 🎯 Action Usage Statistics:
2025-09-28 10:17:34,573 - __main__ - INFO -    Unique actions in evaluation: 10
2025-09-28 10:17:34,574 - __main__ - INFO -    Unique actions in training: 10
2025-09-28 10:17:34,574 - __main__ - INFO -    Total unique actions: 10
2025-09-28 10:17:34,574 - __main__ - INFO -    Action coverage: 8.3%
2025-09-28 10:17:34,574 - __main__ - INFO -    Train action count: 50176
2025-09-28 10:17:34,574 - __main__ - INFO -    Eval action count: 100000
2025-09-28 10:17:34,574 - __main__ - INFO -    Train action entropy: 1.719
2025-09-28 10:17:34,575 - __main__ - INFO -    Eval action entropy: 1.664
2025-09-28 10:17:34,575 - __main__ - INFO -    Top 3 train actions: #2(12538), #0(12266), #1(10854)
2025-09-28 10:17:34,575 - __main__ - INFO -    Top 3 eval actions: #2(26486), #0(26088), #3(20580)
2025-09-28 10:17:36,972 - __main__ - INFO - 📊 Episodes completed this rollout: 8
2025-09-28 10:17:36,973 - __main__ - INFO - 📈 Episode stats: avg return = -0.64, avg length = 400.0
2025-09-28 10:17:36,973 - __main__ - INFO - 🎯 Top 3 training actions: #2(12802), #0(12582), #1(11033)
2025-09-28 10:17:41,219 - __main__ - INFO - 🔄 Synchronized model update at step 52,224
2025-09-28 10:17:41,219 - __main__ - INFO -    HMM interval: 12,000, VAE interval: 12,000
2025-09-28 10:17:41,220 - __main__ - INFO - 🚫 Model training masking: 1428/12288 timesteps masked (11.6%) due to negative rewards (invalid actions)
2025-09-28 10:17:41,612 - __main__ - INFO - 🔄 Capping HMM batch size from 1112 to 128 to prevent OOM
2025-09-28 10:17:41,612 - __main__ - INFO - 🔄 HMM refresh starting at step 52,224 with replay size 128x90
2025-09-28 10:17:46,613 - __main__ - DEBUG - Initial ELBO: 112985923.1681
2025-09-28 10:17:46,616 - __main__ - DEBUG - Relative tol: 0.0100
2025-09-28 10:17:46,616 - __main__ - DEBUG - Relative elbo_drop_tol: 0.0100
2025-09-28 10:17:46,616 - __main__ - DEBUG - - Init -521.5654
2025-09-28 10:17:46,617 - __main__ - DEBUG - - Trans -6.1356
2025-09-28 10:17:46,617 - __main__ - DEBUG - - Emit 42730.6865
2025-09-28 10:17:46,617 - __main__ - DEBUG - - Entropy 0.0005
2025-09-28 10:17:46,617 - __main__ - DEBUG - - Dir 112948720.0000
2025-09-28 10:17:46,617 - __main__ - DEBUG - - NIW -4978.6025
2025-09-28 10:17:46,617 - __main__ - DEBUG - - Beta prior -21.2153
2025-09-28 10:17:51,930 - __main__ - DEBUG - Iter 0: ELBO after FB: 112985923.1681 (LL 42202.9859, Δ=0.0000)
2025-09-28 10:17:51,931 - __main__ - DEBUG - Blending stats with ρ_niw=0.0500, ρ_tr=0.0500.
2025-09-28 10:17:51,980 - __main__ - DEBUG - Iter 0: ELBO after NIW update: 112986923.1725 (Emit LL 43923.8076, NIW term -5171.7192, Δ=1000.0044)
2025-09-28 10:17:52,028 - __main__ - DEBUG - Iter 0: ELBO after Dirichlet update: 38206.7453 (Trans LL -6.0541, Dir term 3.4912, Δ=-112948716.4272)
2025-09-28 10:17:52,095 - __main__ - DEBUG - Iter 0: ELBO after β update: 21789944.9697 (Init LL -521.7845, Dir term 21751742.0000, logp(β) -21.2806, Δ=21751738.2244)
2025-09-28 10:17:57,612 - __main__ - DEBUG - Iter 1: ELBO after FB: 21789944.9697 (LL 43395.9695, Δ=0.0000)
2025-09-28 10:17:57,612 - __main__ - DEBUG - Blending stats with ρ_niw=0.0500, ρ_tr=0.0500.
2025-09-28 10:17:57,663 - __main__ - DEBUG - Iter 1: ELBO after NIW update: 21789944.9697 (Emit LL 43923.8076, NIW term -5171.7192, Δ=0.0000)
2025-09-28 10:17:57,714 - __main__ - DEBUG - Iter 1: ELBO after Dirichlet update: 22255124.9719 (Trans LL -6.0518, Dir term 22216922.0000, Δ=465180.0022)
2025-09-28 10:17:57,786 - __main__ - DEBUG - Iter 1: ELBO after β update: 43855234.6828 (Init LL -522.0080, Dir term 43817032.0000, logp(β) -21.3463, Δ=21600109.7109)
2025-09-28 10:18:03,151 - __main__ - DEBUG - Iter 2: ELBO after FB: 43855234.6828 (LL 43395.7483, Δ=0.0000)
2025-09-28 10:18:03,152 - __main__ - DEBUG - Blending stats with ρ_niw=0.0500, ρ_tr=0.0500.
2025-09-28 10:18:03,200 - __main__ - DEBUG - Iter 2: ELBO after NIW update: 43855234.6828 (Emit LL 43923.8076, NIW term -5171.7192, Δ=0.0000)
2025-09-28 10:18:03,250 - __main__ - DEBUG - Iter 2: ELBO after Dirichlet update: 44316426.6850 (Trans LL -6.0496, Dir term 44278224.0000, Δ=461192.0022)
2025-09-28 10:18:03,321 - __main__ - DEBUG - Iter 2: ELBO after β update: 65764274.3913 (Init LL -522.2360, Dir term 65726072.0000, logp(β) -21.4120, Δ=21447847.7063)
2025-09-28 10:18:08,924 - __main__ - DEBUG - Iter 3: ELBO after FB: 65764274.3913 (LL 43395.5225, Δ=0.0000)
2025-09-28 10:18:08,924 - __main__ - DEBUG - Blending stats with ρ_niw=0.0500, ρ_tr=0.0500.
2025-09-28 10:18:08,975 - __main__ - DEBUG - Iter 3: ELBO after NIW update: 65764274.3913 (Emit LL 43923.8076, NIW term -5171.7192, Δ=0.0000)
2025-09-28 10:18:09,025 - __main__ - DEBUG - Iter 3: ELBO after Dirichlet update: 66226634.3941 (Trans LL -6.0468, Dir term 66188432.0000, Δ=462360.0028)
2025-09-28 10:18:09,098 - __main__ - DEBUG - Iter 3: ELBO after β update: 87525258.0956 (Init LL -522.4688, Dir term 87487056.0000, logp(β) -21.4777, Δ=21298623.7016)
2025-09-28 10:18:14,660 - __main__ - DEBUG - Iter 4: ELBO after FB: 87525258.0956 (LL 43395.2925, Δ=0.0000)
2025-09-28 10:18:14,661 - __main__ - DEBUG - Blending stats with ρ_niw=0.0500, ρ_tr=0.0500.
2025-09-28 10:18:14,709 - __main__ - DEBUG - Iter 4: ELBO after NIW update: 87525258.0956 (Emit LL 43923.8076, NIW term -5171.7192, Δ=0.0000)
2025-09-28 10:18:14,757 - __main__ - DEBUG - Iter 4: ELBO after Dirichlet update: 87978810.0973 (Trans LL -6.0451, Dir term 87940608.0000, Δ=453552.0017)
2025-09-28 10:18:14,828 - __main__ - DEBUG - Iter 4: ELBO after β update: 109125889.7939 (Init LL -522.7059, Dir term 109087688.0000, logp(β) -21.5439, Δ=21147079.6966)
2025-09-28 10:18:14,830 - __main__ - INFO -    HMM refresh complete: ELBO=198.4700, iters=0, max iters, states=40
2025-09-28 10:18:14,830 - __main__ - INFO -    ✅ HMM updated (next in 12,000 steps)
2025-09-28 10:18:14,830 - __main__ - INFO - 🔄 VAE refresh starting at step 52,224 with replay size 8x1536
2025-09-28 10:18:14,831 - __main__ - INFO -    Using span sampling (12288 timesteps, too large for full buffer)
2025-09-28 10:18:39,093 - __main__ - INFO -    VAE refresh complete: final_loss=2311.0183, avg_loss=2323.2133, steps=4/4, trend=improving, total_timesteps=12288, span_sampling=32_requested×4_steps, span_len=64
2025-09-28 10:18:39,095 - __main__ - INFO -    ✅ VAE updated (next in 12,000 steps)
2025-09-28 10:18:48,014 - __main__ - INFO - 📊 Episodes completed this rollout: 8
2025-09-28 10:18:48,015 - __main__ - INFO - 📈 Episode stats: avg return = -0.60, avg length = 400.0
2025-09-28 10:18:48,015 - __main__ - INFO - 🎯 Top 3 training actions: #2(13955), #0(13650), #1(11757)
2025-09-28 10:18:57,923 - __main__ - INFO - 📊 Episodes completed this rollout: 8
2025-09-28 10:18:57,924 - __main__ - INFO - 📈 Episode stats: avg return = -0.72, avg length = 400.0
2025-09-28 10:18:57,924 - __main__ - INFO - 🎯 Top 3 training actions: #2(14665), #0(14611), #1(12248)
2025-09-28 10:19:05,370 - __main__ - INFO - 🧪 Starting evaluation with 50 episodes...
2025-09-28 10:19:05,370 - __main__ - INFO -    Eval seed: 51
2025-09-28 10:19:05,370 - __main__ - INFO -    Max episode steps (eval): env default
2025-09-28 10:19:05,370 - nle.env.base - INFO - Not saving any NLE data.
2025-09-28 10:19:09,004 - __main__ - DEBUG - 🎯 Eval HMM masking: step 350 masked due to negative reward
2025-09-28 10:19:09,531 - __main__ - WARNING - ⚠️ Episode 1 terminated due to step limit.
2025-09-28 10:19:10,861 - __main__ - DEBUG - 🎯 Eval HMM masking: step 100 masked due to negative reward
2025-09-28 10:19:11,412 - __main__ - DEBUG - 🎯 Eval HMM masking: step 150 masked due to negative reward
2025-09-28 10:19:14,136 - __main__ - WARNING - ⚠️ Episode 2 terminated due to step limit.
2025-09-28 10:19:16,526 - __main__ - DEBUG - 🎯 Eval HMM masking: step 200 masked due to negative reward
2025-09-28 10:19:17,564 - __main__ - DEBUG - 🎯 Eval HMM masking: step 300 masked due to negative reward
2025-09-28 10:19:18,589 - __main__ - WARNING - ⚠️ Episode 3 terminated due to step limit.
2025-09-28 10:19:21,916 - __main__ - DEBUG - 🎯 Eval HMM masking: step 300 masked due to negative reward
2025-09-28 10:19:22,945 - __main__ - WARNING - ⚠️ Episode 4 terminated due to step limit.
2025-09-28 10:19:27,334 - __main__ - WARNING - ⚠️ Episode 5 terminated due to step limit.
2025-09-28 10:19:30,225 - __main__ - DEBUG - 🎯 Eval HMM masking: step 250 masked due to negative reward
2025-09-28 10:19:31,815 - __main__ - WARNING - ⚠️ Episode 6 terminated due to step limit.
2025-09-28 10:19:36,312 - __main__ - WARNING - ⚠️ Episode 7 terminated due to step limit.
2025-09-28 10:19:38,714 - __main__ - DEBUG - 🎯 Eval HMM masking: step 200 masked due to negative reward
2025-09-28 10:19:40,299 - __main__ - DEBUG - 🎯 Eval HMM masking: step 350 masked due to negative reward
2025-09-28 10:19:40,819 - __main__ - WARNING - ⚠️ Episode 8 terminated due to step limit.
2025-09-28 10:19:41,622 - __main__ - DEBUG - 🎯 Eval HMM masking: step 50 masked due to negative reward
2025-09-28 10:19:43,250 - __main__ - DEBUG - 🎯 Eval HMM masking: step 200 masked due to negative reward
2025-09-28 10:19:45,377 - __main__ - WARNING - ⚠️ Episode 9 terminated due to step limit.
2025-09-28 10:19:48,691 - __main__ - DEBUG - 🎯 Eval HMM masking: step 300 masked due to negative reward
2025-09-28 10:19:49,725 - __main__ - WARNING - ⚠️ Episode 10 terminated due to step limit.
2025-09-28 10:19:50,476 - __main__ - DEBUG - 🎯 Eval HMM masking: step 50 masked due to negative reward
2025-09-28 10:19:51,534 - __main__ - DEBUG - 🎯 Eval HMM masking: step 150 masked due to negative reward
2025-09-28 10:19:53,092 - __main__ - DEBUG - 🎯 Eval HMM masking: step 300 masked due to negative reward
2025-09-28 10:19:54,127 - __main__ - WARNING - ⚠️ Episode 11 terminated due to step limit.
2025-09-28 10:19:54,875 - __main__ - DEBUG - 🎯 Eval HMM masking: step 50 masked due to negative reward
2025-09-28 10:19:58,637 - __main__ - WARNING - ⚠️ Episode 12 terminated due to step limit.
2025-09-28 10:20:03,183 - __main__ - WARNING - ⚠️ Episode 13 terminated due to step limit.
2025-09-28 10:20:04,436 - __main__ - DEBUG - 🎯 Eval HMM masking: step 100 masked due to negative reward
2025-09-28 10:20:05,986 - __main__ - DEBUG - 🎯 Eval HMM masking: step 250 masked due to negative reward
2025-09-28 10:20:07,555 - __main__ - WARNING - ⚠️ Episode 14 terminated due to step limit.
2025-09-28 10:20:08,287 - __main__ - DEBUG - 🎯 Eval HMM masking: step 50 masked due to negative reward
2025-09-28 10:20:08,803 - __main__ - DEBUG - 🎯 Eval HMM masking: step 100 masked due to negative reward
2025-09-28 10:20:09,854 - __main__ - DEBUG - 🎯 Eval HMM masking: step 200 masked due to negative reward
2025-09-28 10:20:11,962 - __main__ - WARNING - ⚠️ Episode 15 terminated due to step limit.
2025-09-28 10:20:12,733 - __main__ - DEBUG - 🎯 Eval HMM masking: step 50 masked due to negative reward
2025-09-28 10:20:16,429 - __main__ - WARNING - ⚠️ Episode 16 terminated due to step limit.
2025-09-28 10:20:20,778 - __main__ - WARNING - ⚠️ Episode 17 terminated due to step limit.
2025-09-28 10:20:21,521 - __main__ - DEBUG - 🎯 Eval HMM masking: step 50 masked due to negative reward
2025-09-28 10:20:22,559 - __main__ - DEBUG - 🎯 Eval HMM masking: step 150 masked due to negative reward
2025-09-28 10:20:25,142 - __main__ - WARNING - ⚠️ Episode 18 terminated due to step limit.
2025-09-28 10:20:27,454 - __main__ - DEBUG - 🎯 Eval HMM masking: step 200 masked due to negative reward
2025-09-28 10:20:29,525 - __main__ - WARNING - ⚠️ Episode 19 terminated due to step limit.
2025-09-28 10:20:33,857 - __main__ - WARNING - ⚠️ Episode 20 terminated due to step limit.
2025-09-28 10:20:35,623 - __main__ - DEBUG - 🎯 Eval HMM masking: step 150 masked due to negative reward
2025-09-28 10:20:37,175 - __main__ - DEBUG - 🎯 Eval HMM masking: step 300 masked due to negative reward
2025-09-28 10:20:37,697 - __main__ - DEBUG - 🎯 Eval HMM masking: step 350 masked due to negative reward
2025-09-28 10:20:38,206 - __main__ - WARNING - ⚠️ Episode 21 terminated due to step limit.
2025-09-28 10:20:42,540 - __main__ - WARNING - ⚠️ Episode 22 terminated due to step limit.
2025-09-28 10:20:46,912 - __main__ - WARNING - ⚠️ Episode 23 terminated due to step limit.
2025-09-28 10:20:48,214 - __main__ - DEBUG - 🎯 Eval HMM masking: step 100 masked due to negative reward
2025-09-28 10:20:48,743 - __main__ - DEBUG - 🎯 Eval HMM masking: step 150 masked due to negative reward
2025-09-28 10:20:50,804 - __main__ - DEBUG - 🎯 Eval HMM masking: step 350 masked due to negative reward
2025-09-28 10:20:51,312 - __main__ - WARNING - ⚠️ Episode 24 terminated due to step limit.
2025-09-28 10:20:52,047 - __main__ - DEBUG - 🎯 Eval HMM masking: step 50 masked due to negative reward
2025-09-28 10:20:55,808 - __main__ - WARNING - ⚠️ Episode 25 terminated due to step limit.
2025-09-28 10:20:57,576 - __main__ - DEBUG - 🎯 Eval HMM masking: step 150 masked due to negative reward
2025-09-28 10:20:59,644 - __main__ - DEBUG - 🎯 Eval HMM masking: step 350 masked due to negative reward
2025-09-28 10:21:00,152 - __main__ - WARNING - ⚠️ Episode 26 terminated due to step limit.
2025-09-28 10:21:04,540 - __main__ - WARNING - ⚠️ Episode 27 terminated due to step limit.
2025-09-28 10:21:05,792 - __main__ - DEBUG - 🎯 Eval HMM masking: step 100 masked due to negative reward
2025-09-28 10:21:06,822 - __main__ - DEBUG - 🎯 Eval HMM masking: step 200 masked due to negative reward
2025-09-28 10:21:08,867 - __main__ - WARNING - ⚠️ Episode 28 terminated due to step limit.
2025-09-28 10:21:09,602 - __main__ - DEBUG - 🎯 Eval HMM masking: step 50 masked due to negative reward
2025-09-28 10:21:11,658 - __main__ - DEBUG - 🎯 Eval HMM masking: step 250 masked due to negative reward
2025-09-28 10:21:13,191 - __main__ - WARNING - ⚠️ Episode 29 terminated due to step limit.
2025-09-28 10:21:16,546 - __main__ - DEBUG - 🎯 Eval HMM masking: step 300 masked due to negative reward
2025-09-28 10:21:17,571 - __main__ - WARNING - ⚠️ Episode 30 terminated due to step limit.
2025-09-28 10:21:20,361 - __main__ - DEBUG - 🎯 Eval HMM masking: step 250 masked due to negative reward
2025-09-28 10:21:21,906 - __main__ - WARNING - ⚠️ Episode 31 terminated due to step limit.
2025-09-28 10:21:24,182 - __main__ - DEBUG - 🎯 Eval HMM masking: step 200 masked due to negative reward
2025-09-28 10:21:26,237 - __main__ - WARNING - ⚠️ Episode 32 terminated due to step limit.
2025-09-28 10:21:27,479 - __main__ - DEBUG - 🎯 Eval HMM masking: step 100 masked due to negative reward
2025-09-28 10:21:28,019 - __main__ - DEBUG - 🎯 Eval HMM masking: step 150 masked due to negative reward
2025-09-28 10:21:29,615 - __main__ - DEBUG - 🎯 Eval HMM masking: step 300 masked due to negative reward
2025-09-28 10:21:30,146 - __main__ - DEBUG - 🎯 Eval HMM masking: step 350 masked due to negative reward
2025-09-28 10:21:30,659 - __main__ - WARNING - ⚠️ Episode 33 terminated due to step limit.
2025-09-28 10:21:31,402 - __main__ - DEBUG - 🎯 Eval HMM masking: step 50 masked due to negative reward
2025-09-28 10:21:31,937 - __main__ - DEBUG - 🎯 Eval HMM masking: step 100 masked due to negative reward
2025-09-28 10:21:35,087 - __main__ - WARNING - ⚠️ Episode 34 terminated due to step limit.
2025-09-28 10:21:39,439 - __main__ - WARNING - ⚠️ Episode 35 terminated due to step limit.
2025-09-28 10:21:40,176 - __main__ - DEBUG - 🎯 Eval HMM masking: step 50 masked due to negative reward
2025-09-28 10:21:41,725 - __main__ - DEBUG - 🎯 Eval HMM masking: step 200 masked due to negative reward
2025-09-28 10:21:43,820 - __main__ - WARNING - ⚠️ Episode 36 terminated due to step limit.
2025-09-28 10:21:48,292 - __main__ - WARNING - ⚠️ Episode 37 terminated due to step limit.
2025-09-28 10:21:52,588 - __main__ - WARNING - ⚠️ Episode 38 terminated due to step limit.
2025-09-28 10:21:54,341 - __main__ - DEBUG - 🎯 Eval HMM masking: step 150 masked due to negative reward
2025-09-28 10:21:56,900 - __main__ - WARNING - ⚠️ Episode 39 terminated due to step limit.
2025-09-28 10:21:57,628 - __main__ - DEBUG - 🎯 Eval HMM masking: step 50 masked due to negative reward
2025-09-28 10:21:58,653 - __main__ - DEBUG - 🎯 Eval HMM masking: step 150 masked due to negative reward
2025-09-28 10:22:01,216 - __main__ - WARNING - ⚠️ Episode 40 terminated due to step limit.
2025-09-28 10:22:05,519 - __main__ - WARNING - ⚠️ Episode 41 terminated due to step limit.
2025-09-28 10:22:06,760 - __main__ - DEBUG - 🎯 Eval HMM masking: step 100 masked due to negative reward
2025-09-28 10:22:09,830 - __main__ - WARNING - ⚠️ Episode 42 terminated due to step limit.
2025-09-28 10:22:14,146 - __main__ - WARNING - ⚠️ Episode 43 terminated due to step limit.
2025-09-28 10:22:16,921 - __main__ - DEBUG - 🎯 Eval HMM masking: step 250 masked due to negative reward
2025-09-28 10:22:18,505 - __main__ - WARNING - ⚠️ Episode 44 terminated due to step limit.
2025-09-28 10:22:21,901 - __main__ - DEBUG - 🎯 Eval HMM masking: step 300 masked due to negative reward
2025-09-28 10:22:22,439 - __main__ - DEBUG - 🎯 Eval HMM masking: step 350 masked due to negative reward
2025-09-28 10:22:22,946 - __main__ - WARNING - ⚠️ Episode 45 terminated due to step limit.
2025-09-28 10:22:23,680 - __main__ - DEBUG - 🎯 Eval HMM masking: step 50 masked due to negative reward
2025-09-28 10:22:26,792 - __main__ - DEBUG - 🎯 Eval HMM masking: step 350 masked due to negative reward
2025-09-28 10:22:27,309 - __main__ - WARNING - ⚠️ Episode 46 terminated due to step limit.
2025-09-28 10:22:31,706 - __main__ - WARNING - ⚠️ Episode 47 terminated due to step limit.
2025-09-28 10:22:32,442 - __main__ - DEBUG - 🎯 Eval HMM masking: step 50 masked due to negative reward
2025-09-28 10:22:32,960 - __main__ - DEBUG - 🎯 Eval HMM masking: step 100 masked due to negative reward
2025-09-28 10:22:33,477 - __main__ - DEBUG - 🎯 Eval HMM masking: step 150 masked due to negative reward
2025-09-28 10:22:34,017 - __main__ - DEBUG - 🎯 Eval HMM masking: step 200 masked due to negative reward
2025-09-28 10:22:34,536 - __main__ - DEBUG - 🎯 Eval HMM masking: step 250 masked due to negative reward
2025-09-28 10:22:36,080 - __main__ - WARNING - ⚠️ Episode 48 terminated due to step limit.
2025-09-28 10:22:38,893 - __main__ - DEBUG - 🎯 Eval HMM masking: step 250 masked due to negative reward
2025-09-28 10:22:40,449 - __main__ - WARNING - ⚠️ Episode 49 terminated due to step limit.
2025-09-28 10:22:44,926 - __main__ - WARNING - ⚠️ Episode 50 terminated due to step limit.
2025-09-28 10:22:45,142 - __main__ - INFO - 📊 Evaluation Results (Current Round):
2025-09-28 10:22:45,142 - __main__ - INFO -    Episodes: 50
2025-09-28 10:22:45,142 - __main__ - INFO -    Time: 219.8s (4.4s/ep)
2025-09-28 10:22:45,142 - __main__ - INFO -    Average Return: -0.671 ± 0.255
2025-09-28 10:22:45,142 - __main__ - INFO -    Success Rate: 0.0%
2025-09-28 10:22:45,142 - __main__ - INFO -    Average Length: 400.0
2025-09-28 10:22:45,142 - __main__ - INFO -    Average Coverage: 79.8 positions
2025-09-28 10:22:45,142 - __main__ - INFO -    Episode Completions: 0 terminated (0.0%), 50 truncated (100.0%)
2025-09-28 10:22:45,143 - __main__ - INFO - 📈 Total Evaluation Statistics:
2025-09-28 10:22:45,143 - __main__ - INFO -    Total Episodes: 300
2025-09-28 10:22:45,143 - __main__ - INFO -    Total Average Return: -0.629 ± 0.272
2025-09-28 10:22:45,143 - __main__ - INFO -    Total Average Length: 400.0 ± 0.0
2025-09-28 10:22:45,143 - __main__ - INFO -    Total Completions: 0 terminated (0.0%), 300 truncated (100.0%)
2025-09-28 10:22:45,143 - __main__ - INFO -    Skill Entropy: 0.001
2025-09-28 10:22:45,143 - __main__ - INFO -    Used Skills: 2.0
2025-09-28 10:22:45,143 - __main__ - INFO -    Effective K: 1.70
2025-09-28 10:22:45,143 - __main__ - INFO - 🎯 Action Usage Statistics:
2025-09-28 10:22:45,144 - __main__ - INFO -    Unique actions in evaluation: 10
2025-09-28 10:22:45,144 - __main__ - INFO -    Unique actions in training: 10
2025-09-28 10:22:45,144 - __main__ - INFO -    Total unique actions: 10
2025-09-28 10:22:45,144 - __main__ - INFO -    Action coverage: 8.3%
2025-09-28 10:22:45,144 - __main__ - INFO -    Train action count: 60416
2025-09-28 10:22:45,144 - __main__ - INFO -    Eval action count: 120000
2025-09-28 10:22:45,144 - __main__ - INFO -    Train action entropy: 1.710
2025-09-28 10:22:45,145 - __main__ - INFO -    Eval action entropy: 1.669
2025-09-28 10:22:45,145 - __main__ - INFO -    Top 3 train actions: #2(15235), #0(15077), #1(12646)
2025-09-28 10:22:45,145 - __main__ - INFO -    Top 3 eval actions: #0(31505), #2(30651), #3(24612)
2025-09-28 10:22:47,545 - __main__ - INFO - 📊 Episodes completed this rollout: 8
2025-09-28 10:22:47,545 - __main__ - INFO - 📈 Episode stats: avg return = -0.44, avg length = 400.0
2025-09-28 10:22:47,545 - __main__ - INFO - 🎯 Top 3 training actions: #2(15457), #0(15334), #1(12901)
2025-09-28 10:22:57,488 - __main__ - INFO - 📊 Episodes completed this rollout: 8
2025-09-28 10:22:57,488 - __main__ - INFO - 📈 Episode stats: avg return = -0.69, avg length = 400.0
2025-09-28 10:22:57,488 - __main__ - INFO - 🎯 Top 3 training actions: #0(16133), #2(16006), #1(13550)
2025-09-28 10:22:58,517 - __main__ - INFO - 🔄 Synchronized model update at step 64,512
2025-09-28 10:22:58,517 - __main__ - INFO -    HMM interval: 12,000, VAE interval: 12,000
2025-09-28 10:22:58,518 - __main__ - INFO - 🚫 Model training masking: 2040/12288 timesteps masked (16.6%) due to negative rewards (invalid actions)
2025-09-28 10:22:58,902 - __main__ - INFO - 🔄 Capping HMM batch size from 1267 to 128 to prevent OOM
2025-09-28 10:22:58,903 - __main__ - INFO - 🔄 HMM refresh starting at step 64,512 with replay size 128x69
2025-09-28 10:23:02,710 - __main__ - DEBUG - Initial ELBO: 109124540.5970
2025-09-28 10:23:02,712 - __main__ - DEBUG - Relative tol: 0.0100
2025-09-28 10:23:02,712 - __main__ - DEBUG - Relative elbo_drop_tol: 0.0100
2025-09-28 10:23:02,712 - __main__ - DEBUG - - Init -522.7059
2025-09-28 10:23:02,712 - __main__ - DEBUG - - Trans -5.6531
2025-09-28 10:23:02,712 - __main__ - DEBUG - - Emit 42574.2187
2025-09-28 10:23:02,713 - __main__ - DEBUG - - Entropy 0.0004
2025-09-28 10:23:02,713 - __main__ - DEBUG - - Dir 109087688.0000
2025-09-28 10:23:02,713 - __main__ - DEBUG - - NIW -5171.7192
2025-09-28 10:23:02,713 - __main__ - DEBUG - - Beta prior -21.5439
2025-09-28 10:23:06,930 - __main__ - DEBUG - Iter 0: ELBO after FB: 109124540.5970 (LL 42045.8601, Δ=0.0000)
2025-09-28 10:23:06,930 - __main__ - DEBUG - Blending stats with ρ_niw=0.0500, ρ_tr=0.0500.
2025-09-28 10:23:06,977 - __main__ - DEBUG - Iter 0: ELBO after NIW update: 109125361.7875 (Emit LL 43583.9684, NIW term -5360.2783, Δ=821.1906)
2025-09-28 10:23:07,024 - __main__ - DEBUG - Iter 0: ELBO after Dirichlet update: 37635.5353 (Trans LL -5.5993, Dir term -38.3061, Δ=-109087726.2523)
2025-09-28 10:23:07,091 - __main__ - DEBUG - Iter 0: ELBO after β update: 21072087.5338 (Init LL -522.9476, Dir term 21034414.0000, logp(β) -21.6097, Δ=21034451.9986)
2025-09-28 10:23:11,237 - __main__ - DEBUG - Iter 1: ELBO after FB: 21072087.5338 (LL 43055.4219, Δ=0.0000)
2025-09-28 10:23:11,238 - __main__ - DEBUG - Blending stats with ρ_niw=0.0500, ρ_tr=0.0500.
2025-09-28 10:23:11,285 - __main__ - DEBUG - Iter 1: ELBO after NIW update: 21072087.5338 (Emit LL 43583.9684, NIW term -5360.2783, Δ=0.0000)
2025-09-28 10:23:11,331 - __main__ - DEBUG - Iter 1: ELBO after Dirichlet update: 21561689.5365 (Trans LL -5.5967, Dir term 21524016.0000, Δ=489602.0026)
2025-09-28 10:23:11,399 - __main__ - DEBUG - Iter 1: ELBO after β update: 42446713.2234 (Init LL -523.1940, Dir term 42409040.0000, logp(β) -21.6765, Δ=20885023.6869)
2025-09-28 10:23:15,545 - __main__ - DEBUG - Iter 2: ELBO after FB: 42446713.2234 (LL 43055.1781, Δ=0.0000)
2025-09-28 10:23:15,545 - __main__ - DEBUG - Blending stats with ρ_niw=0.0500, ρ_tr=0.0500.
2025-09-28 10:23:15,592 - __main__ - DEBUG - Iter 2: ELBO after NIW update: 42446713.2234 (Emit LL 43583.9684, NIW term -5360.2783, Δ=0.0000)
2025-09-28 10:23:15,639 - __main__ - DEBUG - Iter 2: ELBO after Dirichlet update: 42782757.2254 (Trans LL -5.5946, Dir term 42745084.0000, Δ=336044.0021)
2025-09-28 10:23:15,707 - __main__ - DEBUG - Iter 2: ELBO after β update: 63480752.9078 (Init LL -523.4449, Dir term 63443080.0000, logp(β) -21.7432, Δ=20697995.6824)
2025-09-28 10:23:19,948 - __main__ - DEBUG - Iter 3: ELBO after FB: 63480752.9078 (LL 43054.9293, Δ=0.0000)
2025-09-28 10:23:19,949 - __main__ - DEBUG - Blending stats with ρ_niw=0.0500, ρ_tr=0.0500.
2025-09-28 10:23:19,997 - __main__ - DEBUG - Iter 3: ELBO after NIW update: 63480752.9078 (Emit LL 43583.9684, NIW term -5360.2783, Δ=0.0000)
2025-09-28 10:23:20,045 - __main__ - DEBUG - Iter 3: ELBO after Dirichlet update: 63926368.9099 (Trans LL -5.5925, Dir term 63888696.0000, Δ=445616.0021)
2025-09-28 10:23:20,114 - __main__ - DEBUG - Iter 3: ELBO after β update: 84476024.5870 (Init LL -523.7004, Dir term 84438352.0000, logp(β) -21.8106, Δ=20549655.6771)
2025-09-28 10:23:24,538 - __main__ - DEBUG - Iter 4: ELBO after FB: 84476024.5870 (LL 43054.6759, Δ=0.0000)
2025-09-28 10:23:24,539 - __main__ - DEBUG - Blending stats with ρ_niw=0.0500, ρ_tr=0.0500.
2025-09-28 10:23:24,589 - __main__ - DEBUG - Iter 4: ELBO after NIW update: 84476024.5870 (Emit LL 43583.9684, NIW term -5360.2783, Δ=0.0000)
2025-09-28 10:23:24,638 - __main__ - DEBUG - Iter 4: ELBO after Dirichlet update: 84918600.5896 (Trans LL -5.5899, Dir term 84880928.0000, Δ=442576.0026)
2025-09-28 10:23:24,710 - __main__ - DEBUG - Iter 4: ELBO after β update: 105319344.2620 (Init LL -523.9605, Dir term 105281672.0000, logp(β) -21.8781, Δ=20400743.6723)
2025-09-28 10:23:24,712 - __main__ - INFO -    HMM refresh complete: ELBO=32.5169, iters=0, max iters, states=40
2025-09-28 10:23:24,712 - __main__ - INFO -    ✅ HMM updated (next in 12,000 steps)
2025-09-28 10:23:24,712 - __main__ - INFO - 🔄 VAE refresh starting at step 64,512 with replay size 8x1536
2025-09-28 10:23:24,713 - __main__ - INFO -    Using span sampling (12288 timesteps, too large for full buffer)
2025-09-28 10:23:48,474 - __main__ - INFO -    VAE refresh complete: final_loss=2351.6992, avg_loss=2358.5195, steps=4/4, trend=improving, total_timesteps=12288, span_sampling=32_requested×4_steps, span_len=64
2025-09-28 10:23:48,477 - __main__ - INFO -    ✅ VAE updated (next in 12,000 steps)
2025-09-28 10:23:57,497 - __main__ - INFO - 📊 Episodes completed this rollout: 8
2025-09-28 10:23:57,497 - __main__ - INFO - 📈 Episode stats: avg return = -0.83, avg length = 400.0
2025-09-28 10:23:57,498 - __main__ - INFO - 🎯 Top 3 training actions: #2(16748), #0(16694), #1(14235)
2025-09-28 10:24:07,474 - __main__ - INFO - 📊 Episodes completed this rollout: 8
2025-09-28 10:24:07,474 - __main__ - INFO - 📈 Episode stats: avg return = -0.63, avg length = 400.0
2025-09-28 10:24:07,475 - __main__ - INFO - 🎯 Top 3 training actions: #0(17312), #2(17301), #1(15068)
2025-09-28 10:24:08,490 - __main__ - INFO - 🧪 Starting evaluation with 50 episodes...
2025-09-28 10:24:08,491 - __main__ - INFO -    Eval seed: 51
2025-09-28 10:24:08,491 - __main__ - INFO -    Max episode steps (eval): env default
2025-09-28 10:24:08,492 - nle.env.base - INFO - Not saving any NLE data.
2025-09-28 10:24:12,671 - __main__ - WARNING - ⚠️ Episode 1 terminated due to step limit.
2025-09-28 10:24:16,000 - __main__ - DEBUG - 🎯 Eval HMM masking: step 300 masked due to negative reward
2025-09-28 10:24:17,032 - __main__ - WARNING - ⚠️ Episode 2 terminated due to step limit.
2025-09-28 10:24:18,299 - __main__ - DEBUG - 🎯 Eval HMM masking: step 100 masked due to negative reward
2025-09-28 10:24:19,336 - __main__ - DEBUG - 🎯 Eval HMM masking: step 200 masked due to negative reward
2025-09-28 10:24:20,374 - __main__ - DEBUG - 🎯 Eval HMM masking: step 300 masked due to negative reward
2025-09-28 10:24:21,405 - __main__ - WARNING - ⚠️ Episode 3 terminated due to step limit.
2025-09-28 10:24:25,880 - __main__ - WARNING - ⚠️ Episode 4 terminated due to step limit.
2025-09-28 10:24:26,633 - __main__ - DEBUG - 🎯 Eval HMM masking: step 50 masked due to negative reward
2025-09-28 10:24:30,256 - __main__ - WARNING - ⚠️ Episode 5 terminated due to step limit.
2025-09-28 10:24:32,026 - __main__ - DEBUG - 🎯 Eval HMM masking: step 150 masked due to negative reward
2025-09-28 10:24:33,582 - __main__ - DEBUG - 🎯 Eval HMM masking: step 300 masked due to negative reward
2025-09-28 10:24:34,613 - __main__ - WARNING - ⚠️ Episode 6 terminated due to step limit.
2025-09-28 10:24:36,915 - __main__ - DEBUG - 🎯 Eval HMM masking: step 200 masked due to negative reward
2025-09-28 10:24:37,435 - __main__ - DEBUG - 🎯 Eval HMM masking: step 250 masked due to negative reward
2025-09-28 10:24:38,984 - __main__ - WARNING - ⚠️ Episode 7 terminated due to step limit.
2025-09-28 10:24:43,339 - __main__ - WARNING - ⚠️ Episode 8 terminated due to step limit.
2025-09-28 10:24:47,701 - __main__ - WARNING - ⚠️ Episode 9 terminated due to step limit.
2025-09-28 10:24:50,029 - __main__ - DEBUG - 🎯 Eval HMM masking: step 200 masked due to negative reward
2025-09-28 10:24:52,098 - __main__ - WARNING - ⚠️ Episode 10 terminated due to step limit.
2025-09-28 10:24:52,852 - __main__ - DEBUG - 🎯 Eval HMM masking: step 50 masked due to negative reward
2025-09-28 10:24:53,891 - __main__ - DEBUG - 🎯 Eval HMM masking: step 150 masked due to negative reward
2025-09-28 10:24:54,979 - __main__ - DEBUG - 🎯 Eval HMM masking: step 250 masked due to negative reward
2025-09-28 10:24:55,531 - __main__ - DEBUG - 🎯 Eval HMM masking: step 300 masked due to negative reward
2025-09-28 10:24:56,599 - __main__ - WARNING - ⚠️ Episode 11 terminated due to step limit.
2025-09-28 10:24:58,922 - __main__ - DEBUG - 🎯 Eval HMM masking: step 200 masked due to negative reward
2025-09-28 10:25:00,982 - __main__ - WARNING - ⚠️ Episode 12 terminated due to step limit.
2025-09-28 10:25:01,724 - __main__ - DEBUG - 🎯 Eval HMM masking: step 50 masked due to negative reward
2025-09-28 10:25:05,455 - __main__ - WARNING - ⚠️ Episode 13 terminated due to step limit.
2025-09-28 10:25:09,802 - __main__ - WARNING - ⚠️ Episode 14 terminated due to step limit.
2025-09-28 10:25:11,054 - __main__ - DEBUG - 🎯 Eval HMM masking: step 100 masked due to negative reward
2025-09-28 10:25:13,122 - __main__ - DEBUG - 🎯 Eval HMM masking: step 300 masked due to negative reward
2025-09-28 10:25:13,639 - __main__ - DEBUG - 🎯 Eval HMM masking: step 350 masked due to negative reward
2025-09-28 10:25:14,149 - __main__ - WARNING - ⚠️ Episode 15 terminated due to step limit.
2025-09-28 10:25:18,609 - __main__ - WARNING - ⚠️ Episode 16 terminated due to step limit.
2025-09-28 10:25:20,472 - __main__ - DEBUG - 🎯 Eval HMM masking: step 150 masked due to negative reward
2025-09-28 10:25:23,066 - __main__ - WARNING - ⚠️ Episode 17 terminated due to step limit.
2025-09-28 10:25:23,802 - __main__ - DEBUG - 🎯 Eval HMM masking: step 50 masked due to negative reward
2025-09-28 10:25:24,830 - __main__ - DEBUG - 🎯 Eval HMM masking: step 150 masked due to negative reward
2025-09-28 10:25:26,936 - __main__ - DEBUG - 🎯 Eval HMM masking: step 350 masked due to negative reward
2025-09-28 10:25:27,448 - __main__ - WARNING - ⚠️ Episode 18 terminated due to step limit.
2025-09-28 10:25:28,181 - __main__ - DEBUG - 🎯 Eval HMM masking: step 50 masked due to negative reward
2025-09-28 10:25:28,697 - __main__ - DEBUG - 🎯 Eval HMM masking: step 100 masked due to negative reward
2025-09-28 10:25:29,246 - __main__ - DEBUG - 🎯 Eval HMM masking: step 150 masked due to negative reward
2025-09-28 10:25:29,779 - __main__ - DEBUG - 🎯 Eval HMM masking: step 200 masked due to negative reward
2025-09-28 10:25:30,318 - __main__ - DEBUG - 🎯 Eval HMM masking: step 250 masked due to negative reward
2025-09-28 10:25:31,408 - __main__ - DEBUG - 🎯 Eval HMM masking: step 350 masked due to negative reward
2025-09-28 10:25:31,951 - __main__ - WARNING - ⚠️ Episode 19 terminated due to step limit.
2025-09-28 10:25:33,230 - __main__ - DEBUG - 🎯 Eval HMM masking: step 100 masked due to negative reward
2025-09-28 10:25:34,321 - __main__ - DEBUG - 🎯 Eval HMM masking: step 200 masked due to negative reward
2025-09-28 10:25:36,405 - __main__ - WARNING - ⚠️ Episode 20 terminated due to step limit.
2025-09-28 10:25:38,172 - __main__ - DEBUG - 🎯 Eval HMM masking: step 150 masked due to negative reward
2025-09-28 10:25:38,688 - __main__ - DEBUG - 🎯 Eval HMM masking: step 200 masked due to negative reward
2025-09-28 10:25:39,719 - __main__ - DEBUG - 🎯 Eval HMM masking: step 300 masked due to negative reward
2025-09-28 10:25:40,235 - __main__ - DEBUG - 🎯 Eval HMM masking: step 350 masked due to negative reward
2025-09-28 10:25:40,743 - __main__ - WARNING - ⚠️ Episode 21 terminated due to step limit.
2025-09-28 10:25:45,117 - __main__ - WARNING - ⚠️ Episode 22 terminated due to step limit.
2025-09-28 10:25:46,385 - __main__ - DEBUG - 🎯 Eval HMM masking: step 100 masked due to negative reward
2025-09-28 10:25:49,463 - __main__ - WARNING - ⚠️ Episode 23 terminated due to step limit.
2025-09-28 10:25:53,305 - __main__ - DEBUG - 🎯 Eval HMM masking: step 350 masked due to negative reward
2025-09-28 10:25:53,833 - __main__ - WARNING - ⚠️ Episode 24 terminated due to step limit.
2025-09-28 10:25:56,152 - __main__ - DEBUG - 🎯 Eval HMM masking: step 200 masked due to negative reward
2025-09-28 10:25:58,304 - __main__ - WARNING - ⚠️ Episode 25 terminated due to step limit.
2025-09-28 10:25:59,563 - __main__ - DEBUG - 🎯 Eval HMM masking: step 100 masked due to negative reward
2025-09-28 10:26:00,079 - __main__ - DEBUG - 🎯 Eval HMM masking: step 150 masked due to negative reward
2025-09-28 10:26:01,117 - __main__ - DEBUG - 🎯 Eval HMM masking: step 250 masked due to negative reward
2025-09-28 10:26:02,152 - __main__ - DEBUG - 🎯 Eval HMM masking: step 350 masked due to negative reward
2025-09-28 10:26:02,663 - __main__ - WARNING - ⚠️ Episode 26 terminated due to step limit.
2025-09-28 10:26:03,407 - __main__ - DEBUG - 🎯 Eval HMM masking: step 50 masked due to negative reward
2025-09-28 10:26:03,924 - __main__ - DEBUG - 🎯 Eval HMM masking: step 100 masked due to negative reward
2025-09-28 10:26:07,019 - __main__ - WARNING - ⚠️ Episode 27 terminated due to step limit.
2025-09-28 10:26:09,330 - __main__ - DEBUG - 🎯 Eval HMM masking: step 200 masked due to negative reward
2025-09-28 10:26:11,386 - __main__ - WARNING - ⚠️ Episode 28 terminated due to step limit.
2025-09-28 10:26:15,221 - __main__ - DEBUG - 🎯 Eval HMM masking: step 350 masked due to negative reward
2025-09-28 10:26:15,730 - __main__ - WARNING - ⚠️ Episode 29 terminated due to step limit.
2025-09-28 10:26:19,071 - __main__ - DEBUG - 🎯 Eval HMM masking: step 300 masked due to negative reward
2025-09-28 10:26:20,141 - __main__ - WARNING - ⚠️ Episode 30 terminated due to step limit.
2025-09-28 10:26:20,875 - __main__ - DEBUG - 🎯 Eval HMM masking: step 50 masked due to negative reward
2025-09-28 10:26:22,425 - __main__ - DEBUG - 🎯 Eval HMM masking: step 200 masked due to negative reward
2025-09-28 10:26:23,975 - __main__ - DEBUG - 🎯 Eval HMM masking: step 350 masked due to negative reward
2025-09-28 10:26:24,485 - __main__ - WARNING - ⚠️ Episode 31 terminated due to step limit.
2025-09-28 10:26:25,739 - __main__ - DEBUG - 🎯 Eval HMM masking: step 100 masked due to negative reward
2025-09-28 10:26:26,259 - __main__ - DEBUG - 🎯 Eval HMM masking: step 150 masked due to negative reward
2025-09-28 10:26:27,805 - __main__ - DEBUG - 🎯 Eval HMM masking: step 300 masked due to negative reward
2025-09-28 10:26:28,323 - __main__ - DEBUG - 🎯 Eval HMM masking: step 350 masked due to negative reward
2025-09-28 10:26:28,832 - __main__ - WARNING - ⚠️ Episode 32 terminated due to step limit.
2025-09-28 10:26:30,143 - __main__ - DEBUG - 🎯 Eval HMM masking: step 100 masked due to negative reward
2025-09-28 10:26:33,269 - __main__ - WARNING - ⚠️ Episode 33 terminated due to step limit.
2025-09-28 10:26:34,525 - __main__ - DEBUG - 🎯 Eval HMM masking: step 100 masked due to negative reward
2025-09-28 10:26:35,559 - __main__ - DEBUG - 🎯 Eval HMM masking: step 200 masked due to negative reward
2025-09-28 10:26:36,598 - __main__ - DEBUG - 🎯 Eval HMM masking: step 300 masked due to negative reward
2025-09-28 10:26:37,115 - __main__ - DEBUG - 🎯 Eval HMM masking: step 350 masked due to negative reward
2025-09-28 10:26:37,624 - __main__ - WARNING - ⚠️ Episode 34 terminated due to step limit.
2025-09-28 10:26:40,985 - __main__ - DEBUG - 🎯 Eval HMM masking: step 300 masked due to negative reward
2025-09-28 10:26:42,070 - __main__ - WARNING - ⚠️ Episode 35 terminated due to step limit.
2025-09-28 10:26:44,400 - __main__ - DEBUG - 🎯 Eval HMM masking: step 200 masked due to negative reward
2025-09-28 10:26:46,563 - __main__ - WARNING - ⚠️ Episode 36 terminated due to step limit.
2025-09-28 10:26:48,969 - __main__ - DEBUG - 🎯 Eval HMM masking: step 200 masked due to negative reward
2025-09-28 10:26:51,059 - __main__ - WARNING - ⚠️ Episode 37 terminated due to step limit.
2025-09-28 10:26:51,794 - __main__ - DEBUG - 🎯 Eval HMM masking: step 50 masked due to negative reward
2025-09-28 10:26:52,311 - __main__ - DEBUG - 🎯 Eval HMM masking: step 100 masked due to negative reward
2025-09-28 10:26:53,347 - __main__ - DEBUG - 🎯 Eval HMM masking: step 200 masked due to negative reward
2025-09-28 10:26:53,866 - __main__ - DEBUG - 🎯 Eval HMM masking: step 250 masked due to negative reward
2025-09-28 10:26:55,429 - __main__ - WARNING - ⚠️ Episode 38 terminated due to step limit.
2025-09-28 10:26:57,722 - __main__ - DEBUG - 🎯 Eval HMM masking: step 200 masked due to negative reward
2025-09-28 10:26:58,242 - __main__ - DEBUG - 🎯 Eval HMM masking: step 250 masked due to negative reward
2025-09-28 10:26:59,798 - __main__ - WARNING - ⚠️ Episode 39 terminated due to step limit.
2025-09-28 10:27:00,548 - __main__ - DEBUG - 🎯 Eval HMM masking: step 50 masked due to negative reward
2025-09-28 10:27:01,618 - __main__ - DEBUG - 🎯 Eval HMM masking: step 150 masked due to negative reward
2025-09-28 10:27:02,653 - __main__ - DEBUG - 🎯 Eval HMM masking: step 250 masked due to negative reward
2025-09-28 10:27:03,173 - __main__ - DEBUG - 🎯 Eval HMM masking: step 300 masked due to negative reward
2025-09-28 10:27:04,207 - __main__ - WARNING - ⚠️ Episode 40 terminated due to step limit.
2025-09-28 10:27:05,462 - __main__ - DEBUG - 🎯 Eval HMM masking: step 100 masked due to negative reward
2025-09-28 10:27:06,498 - __main__ - DEBUG - 🎯 Eval HMM masking: step 200 masked due to negative reward
2025-09-28 10:27:07,018 - __main__ - DEBUG - 🎯 Eval HMM masking: step 250 masked due to negative reward
2025-09-28 10:27:08,562 - __main__ - WARNING - ⚠️ Episode 41 terminated due to step limit.
2025-09-28 10:27:12,895 - __main__ - WARNING - ⚠️ Episode 42 terminated due to step limit.
2025-09-28 10:27:14,670 - __main__ - DEBUG - 🎯 Eval HMM masking: step 150 masked due to negative reward
2025-09-28 10:27:17,255 - __main__ - WARNING - ⚠️ Episode 43 terminated due to step limit.
2025-09-28 10:27:20,611 - __main__ - DEBUG - 🎯 Eval HMM masking: step 300 masked due to negative reward
2025-09-28 10:27:21,663 - __main__ - WARNING - ⚠️ Episode 44 terminated due to step limit.
2025-09-28 10:27:26,067 - __main__ - WARNING - ⚠️ Episode 45 terminated due to step limit.
2025-09-28 10:27:28,856 - __main__ - DEBUG - 🎯 Eval HMM masking: step 250 masked due to negative reward
2025-09-28 10:27:30,379 - __main__ - WARNING - ⚠️ Episode 46 terminated due to step limit.
2025-09-28 10:27:32,171 - __main__ - DEBUG - 🎯 Eval HMM masking: step 150 masked due to negative reward
2025-09-28 10:27:33,717 - __main__ - DEBUG - 🎯 Eval HMM masking: step 300 masked due to negative reward
2025-09-28 10:27:34,743 - __main__ - WARNING - ⚠️ Episode 47 terminated due to step limit.
2025-09-28 10:27:37,603 - __main__ - DEBUG - 🎯 Eval HMM masking: step 250 masked due to negative reward
2025-09-28 10:27:38,116 - __main__ - DEBUG - 🎯 Eval HMM masking: step 300 masked due to negative reward
2025-09-28 10:27:39,199 - __main__ - WARNING - ⚠️ Episode 48 terminated due to step limit.
2025-09-28 10:27:40,511 - __main__ - DEBUG - 🎯 Eval HMM masking: step 100 masked due to negative reward
2025-09-28 10:27:42,133 - __main__ - DEBUG - 🎯 Eval HMM masking: step 250 masked due to negative reward
2025-09-28 10:27:43,215 - __main__ - DEBUG - 🎯 Eval HMM masking: step 350 masked due to negative reward
2025-09-28 10:27:43,749 - __main__ - WARNING - ⚠️ Episode 49 terminated due to step limit.
2025-09-28 10:27:46,146 - __main__ - DEBUG - 🎯 Eval HMM masking: step 200 masked due to negative reward
2025-09-28 10:27:47,235 - __main__ - DEBUG - 🎯 Eval HMM masking: step 300 masked due to negative reward
2025-09-28 10:27:48,320 - __main__ - WARNING - ⚠️ Episode 50 terminated due to step limit.
2025-09-28 10:27:48,536 - __main__ - INFO - 📊 Evaluation Results (Current Round):
2025-09-28 10:27:48,536 - __main__ - INFO -    Episodes: 50
2025-09-28 10:27:48,536 - __main__ - INFO -    Time: 220.0s (4.4s/ep)
2025-09-28 10:27:48,536 - __main__ - INFO -    Average Return: -0.884 ± 0.292
2025-09-28 10:27:48,536 - __main__ - INFO -    Success Rate: 0.0%
2025-09-28 10:27:48,536 - __main__ - INFO -    Average Length: 400.0
2025-09-28 10:27:48,537 - __main__ - INFO -    Average Coverage: 63.7 positions
2025-09-28 10:27:48,537 - __main__ - INFO -    Episode Completions: 0 terminated (0.0%), 50 truncated (100.0%)
2025-09-28 10:27:48,537 - __main__ - INFO - 📈 Total Evaluation Statistics:
2025-09-28 10:27:48,537 - __main__ - INFO -    Total Episodes: 350
2025-09-28 10:27:48,537 - __main__ - INFO -    Total Average Return: -0.665 ± 0.289
2025-09-28 10:27:48,537 - __main__ - INFO -    Total Average Length: 400.0 ± 0.0
2025-09-28 10:27:48,537 - __main__ - INFO -    Total Completions: 0 terminated (0.0%), 350 truncated (100.0%)
2025-09-28 10:27:48,537 - __main__ - INFO -    Skill Entropy: 0.000
2025-09-28 10:27:48,537 - __main__ - INFO -    Used Skills: 2.0
2025-09-28 10:27:48,538 - __main__ - INFO -    Effective K: 1.02
2025-09-28 10:27:48,538 - __main__ - INFO - 🎯 Action Usage Statistics:
2025-09-28 10:27:48,538 - __main__ - INFO -    Unique actions in evaluation: 10
2025-09-28 10:27:48,538 - __main__ - INFO -    Unique actions in training: 10
2025-09-28 10:27:48,538 - __main__ - INFO -    Total unique actions: 10
2025-09-28 10:27:48,538 - __main__ - INFO -    Action coverage: 8.3%
2025-09-28 10:27:48,538 - __main__ - INFO -    Train action count: 70656
2025-09-28 10:27:48,538 - __main__ - INFO -    Eval action count: 140000
2025-09-28 10:27:48,539 - __main__ - INFO -    Train action entropy: 1.711
2025-09-28 10:27:48,539 - __main__ - INFO -    Eval action entropy: 1.674
2025-09-28 10:27:48,539 - __main__ - INFO -    Top 3 train actions: #0(17312), #2(17301), #1(15068)
2025-09-28 10:27:48,539 - __main__ - INFO -    Top 3 eval actions: #0(35723), #2(34457), #3(31144)
2025-09-28 10:27:57,368 - __main__ - INFO - 📊 Episodes completed this rollout: 8
2025-09-28 10:27:57,368 - __main__ - INFO - 📈 Episode stats: avg return = -0.59, avg length = 400.0
2025-09-28 10:27:57,368 - __main__ - INFO - 🎯 Top 3 training actions: #2(17966), #0(17916), #1(15715)
2025-09-28 10:28:07,206 - __main__ - INFO - 📊 Episodes completed this rollout: 8
2025-09-28 10:28:07,207 - __main__ - INFO - 📈 Episode stats: avg return = -0.61, avg length = 400.0
2025-09-28 10:28:07,207 - __main__ - INFO - 🎯 Top 3 training actions: #2(18681), #0(18562), #1(16431)
2025-09-28 10:28:08,210 - __main__ - INFO - 🔄 Synchronized model update at step 76,800
2025-09-28 10:28:08,211 - __main__ - INFO -    HMM interval: 12,000, VAE interval: 12,000
2025-09-28 10:28:08,211 - __main__ - INFO - 🚫 Model training masking: 1596/12288 timesteps masked (13.0%) due to negative rewards (invalid actions)
2025-09-28 10:28:08,595 - __main__ - INFO - 🔄 Capping HMM batch size from 1140 to 128 to prevent OOM
2025-09-28 10:28:08,595 - __main__ - INFO - 🔄 HMM refresh starting at step 76,800 with replay size 128x67
2025-09-28 10:28:12,408 - __main__ - DEBUG - Initial ELBO: 105321963.5019
2025-09-28 10:28:12,410 - __main__ - DEBUG - Relative tol: 0.0100
2025-09-28 10:28:12,410 - __main__ - DEBUG - Relative elbo_drop_tol: 0.0100
2025-09-28 10:28:12,410 - __main__ - DEBUG - - Init -523.9605
2025-09-28 10:28:12,410 - __main__ - DEBUG - - Trans -5.7633
2025-09-28 10:28:12,411 - __main__ - DEBUG - - Emit 46203.3817
2025-09-28 10:28:12,411 - __main__ - DEBUG - - Entropy 0.0004
2025-09-28 10:28:12,411 - __main__ - DEBUG - - Dir 105281672.0000
2025-09-28 10:28:12,411 - __main__ - DEBUG - - NIW -5360.2783
2025-09-28 10:28:12,411 - __main__ - DEBUG - - Beta prior -21.8781
2025-09-28 10:28:16,547 - __main__ - DEBUG - Iter 0: ELBO after FB: 105321963.5019 (LL 45673.6583, Δ=0.0000)
2025-09-28 10:28:16,547 - __main__ - DEBUG - Blending stats with ρ_niw=0.0500, ρ_tr=0.0500.
2025-09-28 10:28:16,596 - __main__ - DEBUG - Iter 0: ELBO after NIW update: 105322663.3147 (Emit LL 47127.6589, NIW term -5584.7427, Δ=699.8128)
2025-09-28 10:28:16,643 - __main__ - DEBUG - Iter 0: ELBO after Dirichlet update: 40960.6663 (Trans LL -5.7078, Dir term -30.7039, Δ=-105281702.6484)
2025-09-28 10:28:16,711 - __main__ - DEBUG - Iter 0: ELBO after β update: 20332285.0378 (Init LL -524.2252, Dir term 20291294.0000, logp(β) -21.9458, Δ=20291324.3715)
2025-09-28 10:28:20,825 - __main__ - DEBUG - Iter 1: ELBO after FB: 20332285.0378 (LL 46597.7263, Δ=0.0000)
2025-09-28 10:28:20,826 - __main__ - DEBUG - Blending stats with ρ_niw=0.0500, ρ_tr=0.0500.
2025-09-28 10:28:20,872 - __main__ - DEBUG - Iter 1: ELBO after NIW update: 20332285.0378 (Emit LL 47127.6589, NIW term -5584.7427, Δ=0.0000)
2025-09-28 10:28:20,919 - __main__ - DEBUG - Iter 1: ELBO after Dirichlet update: 20805289.0405 (Trans LL -5.7051, Dir term 20764298.0000, Δ=473004.0027)
2025-09-28 10:28:20,986 - __main__ - DEBUG - Iter 1: ELBO after β update: 40949830.7031 (Init LL -524.4946, Dir term 40908840.0000, logp(β) -22.0138, Δ=20144541.6626)
2025-09-28 10:28:25,285 - __main__ - DEBUG - Iter 2: ELBO after FB: 40949830.7031 (LL 46597.4595, Δ=0.0000)
2025-09-28 10:28:25,285 - __main__ - DEBUG - Blending stats with ρ_niw=0.0500, ρ_tr=0.0500.
2025-09-28 10:28:25,332 - __main__ - DEBUG - Iter 2: ELBO after NIW update: 40949830.7031 (Emit LL 47127.6589, NIW term -5584.7427, Δ=0.0000)
2025-09-28 10:28:25,379 - __main__ - DEBUG - Iter 2: ELBO after Dirichlet update: 41418358.7057 (Trans LL -5.7024, Dir term 41377368.0000, Δ=468528.0027)
2025-09-28 10:28:25,446 - __main__ - DEBUG - Iter 2: ELBO after β update: 61415994.3639 (Init LL -524.7686, Dir term 61375004.0000, logp(β) -22.0817, Δ=19997635.6581)
2025-09-28 10:28:29,562 - __main__ - DEBUG - Iter 3: ELBO after FB: 61415994.3639 (LL 46597.1882, Δ=0.0000)
2025-09-28 10:28:29,563 - __main__ - DEBUG - Blending stats with ρ_niw=0.0500, ρ_tr=0.0500.
2025-09-28 10:28:29,610 - __main__ - DEBUG - Iter 3: ELBO after NIW update: 61415994.3639 (Emit LL 47127.6589, NIW term -5584.7427, Δ=0.0000)
2025-09-28 10:28:29,657 - __main__ - DEBUG - Iter 3: ELBO after Dirichlet update: 61881490.3666 (Trans LL -5.6997, Dir term 61840500.0000, Δ=465496.0027)
2025-09-28 10:28:29,725 - __main__ - DEBUG - Iter 3: ELBO after β update: 81732518.0196 (Init LL -525.0472, Dir term 81691528.0000, logp(β) -22.1501, Δ=19851027.6530)
2025-09-28 10:28:33,772 - __main__ - DEBUG - Iter 4: ELBO after FB: 81732518.0196 (LL 46596.9123, Δ=0.0000)
2025-09-28 10:28:33,773 - __main__ - DEBUG - Blending stats with ρ_niw=0.0500, ρ_tr=0.0500.
2025-09-28 10:28:33,822 - __main__ - DEBUG - Iter 4: ELBO after NIW update: 81732518.0196 (Emit LL 47127.6589, NIW term -5584.7427, Δ=0.0000)
2025-09-28 10:28:33,870 - __main__ - DEBUG - Iter 4: ELBO after Dirichlet update: 82196894.0217 (Trans LL -5.6975, Dir term 82155904.0000, Δ=464376.0022)
2025-09-28 10:28:33,941 - __main__ - DEBUG - Iter 4: ELBO after β update: 101902709.6695 (Init LL -525.3306, Dir term 101861720.0000, logp(β) -22.2189, Δ=19705815.6478)
2025-09-28 10:28:33,943 - __main__ - INFO -    HMM refresh complete: ELBO=565.2924, iters=0, max iters, states=40
2025-09-28 10:28:33,943 - __main__ - INFO -    ✅ HMM updated (next in 12,000 steps)
2025-09-28 10:28:33,943 - __main__ - INFO - 🔄 VAE refresh starting at step 76,800 with replay size 8x1536
2025-09-28 10:28:33,944 - __main__ - INFO -    Using span sampling (12288 timesteps, too large for full buffer)
2025-09-28 10:28:57,882 - __main__ - INFO -    VAE refresh complete: final_loss=2290.9272, avg_loss=2297.6935, steps=4/4, trend=improving, total_timesteps=12288, span_sampling=32_requested×4_steps, span_len=64
2025-09-28 10:28:57,885 - __main__ - INFO -    ✅ VAE updated (next in 12,000 steps)
2025-09-28 10:29:09,967 - __main__ - INFO - 📊 Episodes completed this rollout: 8
2025-09-28 10:29:09,967 - __main__ - INFO - 📈 Episode stats: avg return = -0.62, avg length = 400.0
2025-09-28 10:29:09,968 - __main__ - INFO - 🎯 Top 3 training actions: #2(19507), #0(19505), #1(17376)
2025-09-28 10:29:10,971 - __main__ - INFO - 🧪 Starting evaluation with 50 episodes...
2025-09-28 10:29:10,971 - __main__ - INFO -    Eval seed: 51
2025-09-28 10:29:10,971 - __main__ - INFO -    Max episode steps (eval): env default
2025-09-28 10:29:10,972 - nle.env.base - INFO - Not saving any NLE data.
2025-09-28 10:29:13,043 - __main__ - DEBUG - 🎯 Eval HMM masking: step 200 masked due to negative reward
2025-09-28 10:29:13,557 - __main__ - DEBUG - 🎯 Eval HMM masking: step 250 masked due to negative reward
2025-09-28 10:29:14,581 - __main__ - DEBUG - 🎯 Eval HMM masking: step 350 masked due to negative reward
2025-09-28 10:29:15,087 - __main__ - WARNING - ⚠️ Episode 1 terminated due to step limit.
2025-09-28 10:29:15,824 - __main__ - DEBUG - 🎯 Eval HMM masking: step 50 masked due to negative reward
2025-09-28 10:29:19,406 - __main__ - WARNING - ⚠️ Episode 2 terminated due to step limit.
2025-09-28 10:29:21,157 - __main__ - DEBUG - 🎯 Eval HMM masking: step 150 masked due to negative reward
2025-09-28 10:29:21,671 - __main__ - DEBUG - 🎯 Eval HMM masking: step 200 masked due to negative reward
2025-09-28 10:29:23,709 - __main__ - WARNING - ⚠️ Episode 3 terminated due to step limit.
2025-09-28 10:29:28,055 - __main__ - WARNING - ⚠️ Episode 4 terminated due to step limit.
2025-09-28 10:29:29,318 - __main__ - DEBUG - 🎯 Eval HMM masking: step 100 masked due to negative reward
2025-09-28 10:29:29,836 - __main__ - DEBUG - 🎯 Eval HMM masking: step 150 masked due to negative reward
2025-09-28 10:29:30,874 - __main__ - DEBUG - 🎯 Eval HMM masking: step 250 masked due to negative reward
2025-09-28 10:29:31,393 - __main__ - DEBUG - 🎯 Eval HMM masking: step 300 masked due to negative reward
2025-09-28 10:29:32,422 - __main__ - WARNING - ⚠️ Episode 5 terminated due to step limit.
2025-09-28 10:29:33,725 - __main__ - DEBUG - 🎯 Eval HMM masking: step 100 masked due to negative reward
2025-09-28 10:29:36,985 - __main__ - WARNING - ⚠️ Episode 6 terminated due to step limit.
2025-09-28 10:29:40,858 - __main__ - DEBUG - 🎯 Eval HMM masking: step 350 masked due to negative reward
2025-09-28 10:29:41,367 - __main__ - WARNING - ⚠️ Episode 7 terminated due to step limit.
2025-09-28 10:29:44,151 - __main__ - DEBUG - 🎯 Eval HMM masking: step 250 masked due to negative reward
2025-09-28 10:29:45,680 - __main__ - WARNING - ⚠️ Episode 8 terminated due to step limit.
2025-09-28 10:29:49,992 - __main__ - WARNING - ⚠️ Episode 9 terminated due to step limit.
2025-09-28 10:29:51,760 - __main__ - DEBUG - 🎯 Eval HMM masking: step 150 masked due to negative reward
2025-09-28 10:29:52,273 - __main__ - DEBUG - 🎯 Eval HMM masking: step 200 masked due to negative reward
2025-09-28 10:29:54,327 - __main__ - WARNING - ⚠️ Episode 10 terminated due to step limit.
2025-09-28 10:29:55,607 - __main__ - DEBUG - 🎯 Eval HMM masking: step 100 masked due to negative reward
2025-09-28 10:29:56,135 - __main__ - DEBUG - 🎯 Eval HMM masking: step 150 masked due to negative reward
2025-09-28 10:29:57,675 - __main__ - DEBUG - 🎯 Eval HMM masking: step 300 masked due to negative reward
2025-09-28 10:29:58,710 - __main__ - WARNING - ⚠️ Episode 11 terminated due to step limit.
2025-09-28 10:29:59,485 - __main__ - DEBUG - 🎯 Eval HMM masking: step 50 masked due to negative reward
2025-09-28 10:30:00,575 - __main__ - DEBUG - 🎯 Eval HMM masking: step 150 masked due to negative reward
2025-09-28 10:30:02,220 - __main__ - DEBUG - 🎯 Eval HMM masking: step 300 masked due to negative reward
2025-09-28 10:30:03,298 - __main__ - WARNING - ⚠️ Episode 12 terminated due to step limit.
2025-09-28 10:30:05,689 - __main__ - DEBUG - 🎯 Eval HMM masking: step 200 masked due to negative reward
2025-09-28 10:30:07,732 - __main__ - WARNING - ⚠️ Episode 13 terminated due to step limit.
2025-09-28 10:30:08,968 - __main__ - DEBUG - 🎯 Eval HMM masking: step 100 masked due to negative reward
2025-09-28 10:30:10,567 - __main__ - DEBUG - 🎯 Eval HMM masking: step 250 masked due to negative reward
2025-09-28 10:30:12,093 - __main__ - WARNING - ⚠️ Episode 14 terminated due to step limit.
2025-09-28 10:30:13,342 - __main__ - DEBUG - 🎯 Eval HMM masking: step 100 masked due to negative reward
2025-09-28 10:30:14,368 - __main__ - DEBUG - 🎯 Eval HMM masking: step 200 masked due to negative reward
2025-09-28 10:30:14,883 - __main__ - DEBUG - 🎯 Eval HMM masking: step 250 masked due to negative reward
2025-09-28 10:30:15,400 - __main__ - DEBUG - 🎯 Eval HMM masking: step 300 masked due to negative reward
2025-09-28 10:30:15,914 - __main__ - DEBUG - 🎯 Eval HMM masking: step 350 masked due to negative reward
2025-09-28 10:30:16,420 - __main__ - WARNING - ⚠️ Episode 15 terminated due to step limit.
2025-09-28 10:30:18,700 - __main__ - DEBUG - 🎯 Eval HMM masking: step 200 masked due to negative reward
2025-09-28 10:30:20,751 - __main__ - WARNING - ⚠️ Episode 16 terminated due to step limit.
2025-09-28 10:30:23,537 - __main__ - DEBUG - 🎯 Eval HMM masking: step 250 masked due to negative reward
2025-09-28 10:30:24,051 - __main__ - DEBUG - 🎯 Eval HMM masking: step 300 masked due to negative reward
2025-09-28 10:30:25,072 - __main__ - WARNING - ⚠️ Episode 17 terminated due to step limit.
2025-09-28 10:30:25,806 - __main__ - DEBUG - 🎯 Eval HMM masking: step 50 masked due to negative reward
2025-09-28 10:30:29,386 - __main__ - WARNING - ⚠️ Episode 18 terminated due to step limit.
2025-09-28 10:30:33,731 - __main__ - WARNING - ⚠️ Episode 19 terminated due to step limit.
2025-09-28 10:30:38,102 - __main__ - WARNING - ⚠️ Episode 20 terminated due to step limit.
2025-09-28 10:30:41,469 - __main__ - DEBUG - 🎯 Eval HMM masking: step 300 masked due to negative reward
2025-09-28 10:30:42,487 - __main__ - WARNING - ⚠️ Episode 21 terminated due to step limit.
2025-09-28 10:30:43,221 - __main__ - DEBUG - 🎯 Eval HMM masking: step 50 masked due to negative reward
2025-09-28 10:30:46,819 - __main__ - WARNING - ⚠️ Episode 22 terminated due to step limit.
2025-09-28 10:30:51,140 - __main__ - WARNING - ⚠️ Episode 23 terminated due to step limit.
2025-09-28 10:30:51,880 - __main__ - DEBUG - 🎯 Eval HMM masking: step 50 masked due to negative reward
2025-09-28 10:30:54,953 - __main__ - DEBUG - 🎯 Eval HMM masking: step 350 masked due to negative reward
2025-09-28 10:30:55,461 - __main__ - WARNING - ⚠️ Episode 24 terminated due to step limit.
2025-09-28 10:30:56,193 - __main__ - DEBUG - 🎯 Eval HMM masking: step 50 masked due to negative reward
2025-09-28 10:30:59,803 - __main__ - WARNING - ⚠️ Episode 25 terminated due to step limit.
2025-09-28 10:31:02,117 - __main__ - DEBUG - 🎯 Eval HMM masking: step 200 masked due to negative reward
2025-09-28 10:31:04,172 - __main__ - WARNING - ⚠️ Episode 26 terminated due to step limit.
2025-09-28 10:31:04,915 - __main__ - DEBUG - 🎯 Eval HMM masking: step 50 masked due to negative reward
2025-09-28 10:31:07,534 - __main__ - DEBUG - 🎯 Eval HMM masking: step 300 masked due to negative reward
2025-09-28 10:31:08,061 - __main__ - DEBUG - 🎯 Eval HMM masking: step 350 masked due to negative reward
2025-09-28 10:31:08,567 - __main__ - WARNING - ⚠️ Episode 27 terminated due to step limit.
2025-09-28 10:31:10,347 - __main__ - DEBUG - 🎯 Eval HMM masking: step 150 masked due to negative reward
2025-09-28 10:31:10,865 - __main__ - DEBUG - 🎯 Eval HMM masking: step 200 masked due to negative reward
2025-09-28 10:31:12,981 - __main__ - WARNING - ⚠️ Episode 28 terminated due to step limit.
2025-09-28 10:31:15,774 - __main__ - DEBUG - 🎯 Eval HMM masking: step 250 masked due to negative reward
2025-09-28 10:31:17,308 - __main__ - WARNING - ⚠️ Episode 29 terminated due to step limit.
2025-09-28 10:31:21,630 - __main__ - WARNING - ⚠️ Episode 30 terminated due to step limit.
2025-09-28 10:31:25,926 - __main__ - WARNING - ⚠️ Episode 31 terminated due to step limit.
2025-09-28 10:31:28,193 - __main__ - DEBUG - 🎯 Eval HMM masking: step 200 masked due to negative reward
2025-09-28 10:31:30,226 - __main__ - WARNING - ⚠️ Episode 32 terminated due to step limit.
2025-09-28 10:31:32,496 - __main__ - DEBUG - 🎯 Eval HMM masking: step 200 masked due to negative reward
2025-09-28 10:31:33,520 - __main__ - DEBUG - 🎯 Eval HMM masking: step 300 masked due to negative reward
2025-09-28 10:31:34,536 - __main__ - WARNING - ⚠️ Episode 33 terminated due to step limit.
2025-09-28 10:31:38,864 - __main__ - WARNING - ⚠️ Episode 34 terminated due to step limit.
2025-09-28 10:31:43,190 - __main__ - WARNING - ⚠️ Episode 35 terminated due to step limit.
2025-09-28 10:31:47,538 - __main__ - WARNING - ⚠️ Episode 36 terminated due to step limit.
2025-09-28 10:31:51,884 - __main__ - WARNING - ⚠️ Episode 37 terminated due to step limit.
2025-09-28 10:31:53,139 - __main__ - DEBUG - 🎯 Eval HMM masking: step 100 masked due to negative reward
2025-09-28 10:31:56,221 - __main__ - WARNING - ⚠️ Episode 38 terminated due to step limit.
2025-09-28 10:32:00,568 - __main__ - WARNING - ⚠️ Episode 39 terminated due to step limit.
2025-09-28 10:32:01,306 - __main__ - DEBUG - 🎯 Eval HMM masking: step 50 masked due to negative reward
2025-09-28 10:32:04,908 - __main__ - WARNING - ⚠️ Episode 40 terminated due to step limit.
2025-09-28 10:32:09,266 - __main__ - WARNING - ⚠️ Episode 41 terminated due to step limit.
2025-09-28 10:32:13,596 - __main__ - WARNING - ⚠️ Episode 42 terminated due to step limit.
2025-09-28 10:32:15,918 - __main__ - DEBUG - 🎯 Eval HMM masking: step 200 masked due to negative reward
2025-09-28 10:32:17,983 - __main__ - WARNING - ⚠️ Episode 43 terminated due to step limit.
2025-09-28 10:32:20,785 - __main__ - DEBUG - 🎯 Eval HMM masking: step 250 masked due to negative reward
2025-09-28 10:32:22,328 - __main__ - WARNING - ⚠️ Episode 44 terminated due to step limit.
2025-09-28 10:32:26,781 - __main__ - WARNING - ⚠️ Episode 45 terminated due to step limit.
2025-09-28 10:32:30,633 - __main__ - DEBUG - 🎯 Eval HMM masking: step 350 masked due to negative reward
2025-09-28 10:32:31,142 - __main__ - WARNING - ⚠️ Episode 46 terminated due to step limit.
2025-09-28 10:32:35,483 - __main__ - WARNING - ⚠️ Episode 47 terminated due to step limit.
2025-09-28 10:32:38,292 - __main__ - DEBUG - 🎯 Eval HMM masking: step 250 masked due to negative reward
2025-09-28 10:32:39,323 - __main__ - DEBUG - 🎯 Eval HMM masking: step 350 masked due to negative reward
2025-09-28 10:32:39,829 - __main__ - WARNING - ⚠️ Episode 48 terminated due to step limit.
2025-09-28 10:32:44,164 - __main__ - WARNING - ⚠️ Episode 49 terminated due to step limit.
2025-09-28 10:32:48,589 - __main__ - WARNING - ⚠️ Episode 50 terminated due to step limit.
2025-09-28 10:32:48,794 - __main__ - INFO - 📊 Evaluation Results (Current Round):
2025-09-28 10:32:48,795 - __main__ - INFO -    Episodes: 50
2025-09-28 10:32:48,795 - __main__ - INFO -    Time: 217.8s (4.4s/ep)
2025-09-28 10:32:48,795 - __main__ - INFO -    Average Return: -0.656 ± 0.318
2025-09-28 10:32:48,795 - __main__ - INFO -    Success Rate: 0.0%
2025-09-28 10:32:48,795 - __main__ - INFO -    Average Length: 400.0
2025-09-28 10:32:48,795 - __main__ - INFO -    Average Coverage: 83.5 positions
2025-09-28 10:32:48,795 - __main__ - INFO -    Episode Completions: 0 terminated (0.0%), 50 truncated (100.0%)
2025-09-28 10:32:48,795 - __main__ - INFO - 📈 Total Evaluation Statistics:
2025-09-28 10:32:48,795 - __main__ - INFO -    Total Episodes: 400
2025-09-28 10:32:48,795 - __main__ - INFO -    Total Average Return: -0.664 ± 0.293
2025-09-28 10:32:48,796 - __main__ - INFO -    Total Average Length: 400.0 ± 0.0
2025-09-28 10:32:48,796 - __main__ - INFO -    Total Completions: 0 terminated (0.0%), 400 truncated (100.0%)
2025-09-28 10:32:48,796 - __main__ - INFO -    Skill Entropy: 0.012
2025-09-28 10:32:48,796 - __main__ - INFO -    Used Skills: 3.0
2025-09-28 10:32:48,796 - __main__ - INFO -    Effective K: 1.70
2025-09-28 10:32:48,796 - __main__ - INFO - 🎯 Action Usage Statistics:
2025-09-28 10:32:48,796 - __main__ - INFO -    Unique actions in evaluation: 10
2025-09-28 10:32:48,796 - __main__ - INFO -    Unique actions in training: 10
2025-09-28 10:32:48,796 - __main__ - INFO -    Total unique actions: 10
2025-09-28 10:32:48,796 - __main__ - INFO -    Action coverage: 8.3%
2025-09-28 10:32:48,796 - __main__ - INFO -    Train action count: 80896
2025-09-28 10:32:48,797 - __main__ - INFO -    Eval action count: 160000
2025-09-28 10:32:48,797 - __main__ - INFO -    Train action entropy: 1.717
2025-09-28 10:32:48,797 - __main__ - INFO -    Eval action entropy: 1.699
2025-09-28 10:32:48,797 - __main__ - INFO -    Top 3 train actions: #2(19507), #0(19505), #1(17376)
2025-09-28 10:32:48,798 - __main__ - INFO -    Top 3 eval actions: #0(39422), #2(38952), #3(34964)
2025-09-28 10:32:57,548 - __main__ - INFO - 📊 Episodes completed this rollout: 8
2025-09-28 10:32:57,548 - __main__ - INFO - 📈 Episode stats: avg return = -0.77, avg length = 400.0
2025-09-28 10:32:57,548 - __main__ - INFO - 🎯 Top 3 training actions: #2(20190), #0(20030), #1(18125)
2025-09-28 10:33:07,268 - __main__ - INFO - 📊 Episodes completed this rollout: 8
2025-09-28 10:33:07,269 - __main__ - INFO - 📈 Episode stats: avg return = -0.58, avg length = 400.0
2025-09-28 10:33:07,269 - __main__ - INFO - 🎯 Top 3 training actions: #2(20881), #0(20615), #1(18717)
2025-09-28 10:33:14,816 - __main__ - INFO - 🔄 Synchronized model update at step 89,088
2025-09-28 10:33:14,817 - __main__ - INFO -    HMM interval: 12,000, VAE interval: 12,000
2025-09-28 10:33:14,817 - __main__ - INFO - 🚫 Model training masking: 1752/12288 timesteps masked (14.3%) due to negative rewards (invalid actions)
2025-09-28 10:33:15,188 - __main__ - INFO - 🔄 Capping HMM batch size from 1062 to 128 to prevent OOM
2025-09-28 10:33:15,188 - __main__ - INFO - 🔄 HMM refresh starting at step 89,088 with replay size 128x46
2025-09-28 10:33:17,751 - __main__ - DEBUG - Initial ELBO: 101899088.8880
2025-09-28 10:33:17,753 - __main__ - DEBUG - Relative tol: 0.0100
2025-09-28 10:33:17,754 - __main__ - DEBUG - Relative elbo_drop_tol: 0.0100
2025-09-28 10:33:17,754 - __main__ - DEBUG - - Init -525.3306
2025-09-28 10:33:17,754 - __main__ - DEBUG - - Trans -5.2387
2025-09-28 10:33:17,754 - __main__ - DEBUG - - Emit 43506.4187
2025-09-28 10:33:17,754 - __main__ - DEBUG - - Entropy 0.0003
2025-09-28 10:33:17,754 - __main__ - DEBUG - - Dir 101861720.0000
2025-09-28 10:33:17,754 - __main__ - DEBUG - - NIW -5584.7427
2025-09-28 10:33:17,754 - __main__ - DEBUG - - Beta prior -22.2189
2025-09-28 10:33:20,693 - __main__ - DEBUG - Iter 0: ELBO after FB: 101899088.8880 (LL 42975.8496, Δ=0.0000)
2025-09-28 10:33:20,694 - __main__ - DEBUG - Blending stats with ρ_niw=0.0500, ρ_tr=0.0500.
2025-09-28 10:33:20,740 - __main__ - DEBUG - Iter 0: ELBO after NIW update: 101899523.6161 (Emit LL 44113.1341, NIW term -5756.7300, Δ=434.7282)
2025-09-28 10:33:20,786 - __main__ - DEBUG - Iter 0: ELBO after Dirichlet update: 37777.9052 (Trans LL -5.2090, Dir term -25.7407, Δ=-101861745.7110)
2025-09-28 10:33:20,852 - __main__ - DEBUG - Iter 0: ELBO after β update: 19598261.2889 (Init LL -525.6186, Dir term 19560458.0000, logp(β) -22.2879, Δ=19560483.3837)
2025-09-28 10:33:23,740 - __main__ - DEBUG - Iter 1: ELBO after FB: 19598261.2889 (LL 43582.3068, Δ=0.0000)
2025-09-28 10:33:23,741 - __main__ - DEBUG - Blending stats with ρ_niw=0.0500, ρ_tr=0.0500.
2025-09-28 10:33:23,789 - __main__ - DEBUG - Iter 1: ELBO after NIW update: 19598261.2889 (Emit LL 44113.1341, NIW term -5756.7300, Δ=0.0000)
2025-09-28 10:33:23,837 - __main__ - DEBUG - Iter 1: ELBO after Dirichlet update: 20053753.2914 (Trans LL -5.2065, Dir term 20015950.0000, Δ=455492.0025)
2025-09-28 10:33:23,905 - __main__ - DEBUG - Iter 1: ELBO after β update: 39469354.9292 (Init LL -525.9113, Dir term 39431552.0000, logp(β) -22.3574, Δ=19415601.6379)
2025-09-28 10:33:26,821 - __main__ - DEBUG - Iter 2: ELBO after FB: 39469354.9292 (LL 43582.0166, Δ=0.0000)
2025-09-28 10:33:26,822 - __main__ - DEBUG - Blending stats with ρ_niw=0.0500, ρ_tr=0.0500.
2025-09-28 10:33:26,868 - __main__ - DEBUG - Iter 2: ELBO after NIW update: 39469354.9292 (Emit LL 44113.1341, NIW term -5756.7300, Δ=0.0000)
2025-09-28 10:33:26,914 - __main__ - DEBUG - Iter 2: ELBO after Dirichlet update: 39923646.9312 (Trans LL -5.2045, Dir term 39885844.0000, Δ=454292.0020)
2025-09-28 10:33:26,982 - __main__ - DEBUG - Iter 2: ELBO after β update: 59194458.5642 (Init LL -526.2086, Dir term 59156656.0000, logp(β) -22.4272, Δ=19270811.6330)
2025-09-28 10:33:29,871 - __main__ - DEBUG - Iter 3: ELBO after FB: 59194458.5642 (LL 43581.7213, Δ=0.0000)
2025-09-28 10:33:29,872 - __main__ - DEBUG - Blending stats with ρ_niw=0.0500, ρ_tr=0.0500.
2025-09-28 10:33:29,918 - __main__ - DEBUG - Iter 3: ELBO after NIW update: 59194458.5642 (Emit LL 44113.1341, NIW term -5756.7300, Δ=0.0000)
2025-09-28 10:33:29,964 - __main__ - DEBUG - Iter 3: ELBO after Dirichlet update: 59647394.5671 (Trans LL -5.2016, Dir term 59609592.0000, Δ=452936.0030)
2025-09-28 10:33:30,032 - __main__ - DEBUG - Iter 3: ELBO after β update: 78775714.1954 (Init LL -526.5107, Dir term 78737912.0000, logp(β) -22.4968, Δ=19128319.6282)
2025-09-28 10:33:32,925 - __main__ - DEBUG - Iter 4: ELBO after FB: 78775714.1954 (LL 43581.4222, Δ=0.0000)
2025-09-28 10:33:32,926 - __main__ - DEBUG - Blending stats with ρ_niw=0.0500, ρ_tr=0.0500.
2025-09-28 10:33:32,972 - __main__ - DEBUG - Iter 4: ELBO after NIW update: 78775714.1954 (Emit LL 44113.1341, NIW term -5756.7300, Δ=0.0000)
2025-09-28 10:33:33,018 - __main__ - DEBUG - Iter 4: ELBO after Dirichlet update: 79221010.1978 (Trans LL -5.1991, Dir term 79183208.0000, Δ=445296.0025)
2025-09-28 10:33:33,087 - __main__ - DEBUG - Iter 4: ELBO after β update: 98205777.8208 (Init LL -526.8175, Dir term 98167976.0000, logp(β) -22.5670, Δ=18984767.6230)
2025-09-28 10:33:33,089 - __main__ - INFO -    HMM refresh complete: ELBO=68.8378, iters=0, max iters, states=40
2025-09-28 10:33:33,089 - __main__ - INFO -    ✅ HMM updated (next in 12,000 steps)
2025-09-28 10:33:33,089 - __main__ - INFO - 🔄 VAE refresh starting at step 89,088 with replay size 8x1536
2025-09-28 10:33:33,090 - __main__ - INFO -    Using span sampling (12288 timesteps, too large for full buffer)
2025-09-28 10:33:56,348 - __main__ - INFO -    VAE refresh complete: final_loss=2276.7844, avg_loss=2282.8328, steps=4/4, trend=improving, total_timesteps=12288, span_sampling=32_requested×4_steps, span_len=64
2025-09-28 10:33:56,350 - __main__ - INFO -    ✅ VAE updated (next in 12,000 steps)
2025-09-28 10:33:58,682 - __main__ - INFO - 📊 Episodes completed this rollout: 8
2025-09-28 10:33:58,682 - __main__ - INFO - 📈 Episode stats: avg return = -0.65, avg length = 400.0
2025-09-28 10:33:58,683 - __main__ - INFO - 🎯 Top 3 training actions: #2(21491), #0(21298), #1(19388)
2025-09-28 10:33:59,687 - __main__ - INFO - 🧪 Starting evaluation with 50 episodes...
2025-09-28 10:33:59,687 - __main__ - INFO -    Eval seed: 51
2025-09-28 10:33:59,687 - __main__ - INFO -    Max episode steps (eval): env default
2025-09-28 10:33:59,688 - nle.env.base - INFO - Not saving any NLE data.
2025-09-28 10:34:03,837 - __main__ - WARNING - ⚠️ Episode 1 terminated due to step limit.
2025-09-28 10:34:08,163 - __main__ - WARNING - ⚠️ Episode 2 terminated due to step limit.
2025-09-28 10:34:09,931 - __main__ - DEBUG - 🎯 Eval HMM masking: step 150 masked due to negative reward
2025-09-28 10:34:10,445 - __main__ - DEBUG - 🎯 Eval HMM masking: step 200 masked due to negative reward
2025-09-28 10:34:12,497 - __main__ - WARNING - ⚠️ Episode 3 terminated due to step limit.
2025-09-28 10:34:16,829 - __main__ - WARNING - ⚠️ Episode 4 terminated due to step limit.
2025-09-28 10:34:19,628 - __main__ - DEBUG - 🎯 Eval HMM masking: step 250 masked due to negative reward
2025-09-28 10:34:20,147 - __main__ - DEBUG - 🎯 Eval HMM masking: step 300 masked due to negative reward
2025-09-28 10:34:21,194 - __main__ - WARNING - ⚠️ Episode 5 terminated due to step limit.
2025-09-28 10:34:22,448 - __main__ - DEBUG - 🎯 Eval HMM masking: step 100 masked due to negative reward
2025-09-28 10:34:25,532 - __main__ - WARNING - ⚠️ Episode 6 terminated due to step limit.
2025-09-28 10:34:26,267 - __main__ - DEBUG - 🎯 Eval HMM masking: step 50 masked due to negative reward
2025-09-28 10:34:29,854 - __main__ - WARNING - ⚠️ Episode 7 terminated due to step limit.
2025-09-28 10:34:32,132 - __main__ - DEBUG - 🎯 Eval HMM masking: step 200 masked due to negative reward
2025-09-28 10:34:34,178 - __main__ - WARNING - ⚠️ Episode 8 terminated due to step limit.
2025-09-28 10:34:38,499 - __main__ - WARNING - ⚠️ Episode 9 terminated due to step limit.
2025-09-28 10:34:40,262 - __main__ - DEBUG - 🎯 Eval HMM masking: step 150 masked due to negative reward
2025-09-28 10:34:41,811 - __main__ - DEBUG - 🎯 Eval HMM masking: step 300 masked due to negative reward
2025-09-28 10:34:42,831 - __main__ - WARNING - ⚠️ Episode 10 terminated due to step limit.
2025-09-28 10:34:47,170 - __main__ - WARNING - ⚠️ Episode 11 terminated due to step limit.
2025-09-28 10:34:51,499 - __main__ - WARNING - ⚠️ Episode 12 terminated due to step limit.
2025-09-28 10:34:53,813 - __main__ - DEBUG - 🎯 Eval HMM masking: step 200 masked due to negative reward
2025-09-28 10:34:55,874 - __main__ - WARNING - ⚠️ Episode 13 terminated due to step limit.
2025-09-28 10:34:57,120 - __main__ - DEBUG - 🎯 Eval HMM masking: step 100 masked due to negative reward
2025-09-28 10:34:58,672 - __main__ - DEBUG - 🎯 Eval HMM masking: step 250 masked due to negative reward
2025-09-28 10:35:00,215 - __main__ - WARNING - ⚠️ Episode 14 terminated due to step limit.
2025-09-28 10:35:01,479 - __main__ - DEBUG - 🎯 Eval HMM masking: step 100 masked due to negative reward
2025-09-28 10:35:02,524 - __main__ - DEBUG - 🎯 Eval HMM masking: step 200 masked due to negative reward
2025-09-28 10:35:04,593 - __main__ - WARNING - ⚠️ Episode 15 terminated due to step limit.
2025-09-28 10:35:08,949 - __main__ - WARNING - ⚠️ Episode 16 terminated due to step limit.
2025-09-28 10:35:10,714 - __main__ - DEBUG - 🎯 Eval HMM masking: step 150 masked due to negative reward
2025-09-28 10:35:13,288 - __main__ - WARNING - ⚠️ Episode 17 terminated due to step limit.
2025-09-28 10:35:17,623 - __main__ - WARNING - ⚠️ Episode 18 terminated due to step limit.
2025-09-28 10:35:21,988 - __main__ - WARNING - ⚠️ Episode 19 terminated due to step limit.
2025-09-28 10:35:26,398 - __main__ - WARNING - ⚠️ Episode 20 terminated due to step limit.
2025-09-28 10:35:28,166 - __main__ - DEBUG - 🎯 Eval HMM masking: step 150 masked due to negative reward
2025-09-28 10:35:29,719 - __main__ - DEBUG - 🎯 Eval HMM masking: step 300 masked due to negative reward
2025-09-28 10:35:30,746 - __main__ - WARNING - ⚠️ Episode 21 terminated due to step limit.
2025-09-28 10:35:35,086 - __main__ - WARNING - ⚠️ Episode 22 terminated due to step limit.
2025-09-28 10:35:39,515 - __main__ - WARNING - ⚠️ Episode 23 terminated due to step limit.
2025-09-28 10:35:40,288 - __main__ - DEBUG - 🎯 Eval HMM masking: step 50 masked due to negative reward
2025-09-28 10:35:40,821 - __main__ - DEBUG - 🎯 Eval HMM masking: step 100 masked due to negative reward
2025-09-28 10:35:41,368 - __main__ - DEBUG - 🎯 Eval HMM masking: step 150 masked due to negative reward
2025-09-28 10:35:41,917 - __main__ - DEBUG - 🎯 Eval HMM masking: step 200 masked due to negative reward
2025-09-28 10:35:44,082 - __main__ - WARNING - ⚠️ Episode 24 terminated due to step limit.
2025-09-28 10:35:44,857 - __main__ - DEBUG - 🎯 Eval HMM masking: step 50 masked due to negative reward
2025-09-28 10:35:45,916 - __main__ - DEBUG - 🎯 Eval HMM masking: step 150 masked due to negative reward
2025-09-28 10:35:48,524 - __main__ - WARNING - ⚠️ Episode 25 terminated due to step limit.
2025-09-28 10:35:52,848 - __main__ - WARNING - ⚠️ Episode 26 terminated due to step limit.
2025-09-28 10:35:53,581 - __main__ - DEBUG - 🎯 Eval HMM masking: step 50 masked due to negative reward
2025-09-28 10:35:57,225 - __main__ - WARNING - ⚠️ Episode 27 terminated due to step limit.
2025-09-28 10:36:01,549 - __main__ - WARNING - ⚠️ Episode 28 terminated due to step limit.
2025-09-28 10:36:05,376 - __main__ - DEBUG - 🎯 Eval HMM masking: step 350 masked due to negative reward
2025-09-28 10:36:05,883 - __main__ - WARNING - ⚠️ Episode 29 terminated due to step limit.
2025-09-28 10:36:07,131 - __main__ - DEBUG - 🎯 Eval HMM masking: step 100 masked due to negative reward
2025-09-28 10:36:08,681 - __main__ - DEBUG - 🎯 Eval HMM masking: step 250 masked due to negative reward
2025-09-28 10:36:10,220 - __main__ - WARNING - ⚠️ Episode 30 terminated due to step limit.
2025-09-28 10:36:14,545 - __main__ - WARNING - ⚠️ Episode 31 terminated due to step limit.
2025-09-28 10:36:18,897 - __main__ - WARNING - ⚠️ Episode 32 terminated due to step limit.
2025-09-28 10:36:20,151 - __main__ - DEBUG - 🎯 Eval HMM masking: step 100 masked due to negative reward
2025-09-28 10:36:21,707 - __main__ - DEBUG - 🎯 Eval HMM masking: step 250 masked due to negative reward
2025-09-28 10:36:22,223 - __main__ - DEBUG - 🎯 Eval HMM masking: step 300 masked due to negative reward
2025-09-28 10:36:23,259 - __main__ - WARNING - ⚠️ Episode 33 terminated due to step limit.
2025-09-28 10:36:23,997 - __main__ - DEBUG - 🎯 Eval HMM masking: step 50 masked due to negative reward
2025-09-28 10:36:24,520 - __main__ - DEBUG - 🎯 Eval HMM masking: step 100 masked due to negative reward
2025-09-28 10:36:27,652 - __main__ - WARNING - ⚠️ Episode 34 terminated due to step limit.
2025-09-28 10:36:31,994 - __main__ - WARNING - ⚠️ Episode 35 terminated due to step limit.
2025-09-28 10:36:36,353 - __main__ - WARNING - ⚠️ Episode 36 terminated due to step limit.
2025-09-28 10:36:40,712 - __main__ - WARNING - ⚠️ Episode 37 terminated due to step limit.
2025-09-28 10:36:45,061 - __main__ - WARNING - ⚠️ Episode 38 terminated due to step limit.
2025-09-28 10:36:46,838 - __main__ - DEBUG - 🎯 Eval HMM masking: step 150 masked due to negative reward
2025-09-28 10:36:49,435 - __main__ - WARNING - ⚠️ Episode 39 terminated due to step limit.
2025-09-28 10:36:50,203 - __main__ - DEBUG - 🎯 Eval HMM masking: step 50 masked due to negative reward
2025-09-28 10:36:53,346 - __main__ - DEBUG - 🎯 Eval HMM masking: step 350 masked due to negative reward
2025-09-28 10:36:53,855 - __main__ - WARNING - ⚠️ Episode 40 terminated due to step limit.
2025-09-28 10:36:58,316 - __main__ - WARNING - ⚠️ Episode 41 terminated due to step limit.
2025-09-28 10:37:00,746 - __main__ - DEBUG - 🎯 Eval HMM masking: step 200 masked due to negative reward
2025-09-28 10:37:02,859 - __main__ - WARNING - ⚠️ Episode 42 terminated due to step limit.
2025-09-28 10:37:04,118 - __main__ - DEBUG - 🎯 Eval HMM masking: step 100 masked due to negative reward
2025-09-28 10:37:07,211 - __main__ - WARNING - ⚠️ Episode 43 terminated due to step limit.
2025-09-28 10:37:10,010 - __main__ - DEBUG - 🎯 Eval HMM masking: step 250 masked due to negative reward
2025-09-28 10:37:11,550 - __main__ - WARNING - ⚠️ Episode 44 terminated due to step limit.
2025-09-28 10:37:15,885 - __main__ - WARNING - ⚠️ Episode 45 terminated due to step limit.
2025-09-28 10:37:18,707 - __main__ - DEBUG - 🎯 Eval HMM masking: step 250 masked due to negative reward
2025-09-28 10:37:19,738 - __main__ - DEBUG - 🎯 Eval HMM masking: step 350 masked due to negative reward
2025-09-28 10:37:20,246 - __main__ - WARNING - ⚠️ Episode 46 terminated due to step limit.
2025-09-28 10:37:24,604 - __main__ - WARNING - ⚠️ Episode 47 terminated due to step limit.
2025-09-28 10:37:27,411 - __main__ - DEBUG - 🎯 Eval HMM masking: step 250 masked due to negative reward
2025-09-28 10:37:28,959 - __main__ - WARNING - ⚠️ Episode 48 terminated due to step limit.
2025-09-28 10:37:33,393 - __main__ - WARNING - ⚠️ Episode 49 terminated due to step limit.
2025-09-28 10:37:34,659 - __main__ - DEBUG - 🎯 Eval HMM masking: step 100 masked due to negative reward
2025-09-28 10:37:35,187 - __main__ - DEBUG - 🎯 Eval HMM masking: step 150 masked due to negative reward
2025-09-28 10:37:37,769 - __main__ - WARNING - ⚠️ Episode 50 terminated due to step limit.
2025-09-28 10:37:37,974 - __main__ - INFO - 📊 Evaluation Results (Current Round):
2025-09-28 10:37:37,974 - __main__ - INFO -    Episodes: 50
2025-09-28 10:37:37,975 - __main__ - INFO -    Time: 218.3s (4.4s/ep)
2025-09-28 10:37:37,975 - __main__ - INFO -    Average Return: -0.598 ± 0.202
2025-09-28 10:37:37,975 - __main__ - INFO -    Success Rate: 0.0%
2025-09-28 10:37:37,975 - __main__ - INFO -    Average Length: 400.0
2025-09-28 10:37:37,975 - __main__ - INFO -    Average Coverage: 84.1 positions
2025-09-28 10:37:37,975 - __main__ - INFO -    Episode Completions: 0 terminated (0.0%), 50 truncated (100.0%)
2025-09-28 10:37:37,975 - __main__ - INFO - 📈 Total Evaluation Statistics:
2025-09-28 10:37:37,975 - __main__ - INFO -    Total Episodes: 450
2025-09-28 10:37:37,975 - __main__ - INFO -    Total Average Return: -0.657 ± 0.285
2025-09-28 10:37:37,975 - __main__ - INFO -    Total Average Length: 400.0 ± 0.0
2025-09-28 10:37:37,975 - __main__ - INFO -    Total Completions: 0 terminated (0.0%), 450 truncated (100.0%)
2025-09-28 10:37:37,976 - __main__ - INFO -    Skill Entropy: 0.003
2025-09-28 10:37:37,976 - __main__ - INFO -    Used Skills: 3.0
2025-09-28 10:37:37,976 - __main__ - INFO -    Effective K: 1.65
2025-09-28 10:37:37,976 - __main__ - INFO - 🎯 Action Usage Statistics:
2025-09-28 10:37:37,976 - __main__ - INFO -    Unique actions in evaluation: 10
2025-09-28 10:37:37,976 - __main__ - INFO -    Unique actions in training: 10
2025-09-28 10:37:37,976 - __main__ - INFO -    Total unique actions: 10
2025-09-28 10:37:37,976 - __main__ - INFO -    Action coverage: 8.3%
2025-09-28 10:37:37,976 - __main__ - INFO -    Train action count: 90112
2025-09-28 10:37:37,976 - __main__ - INFO -    Eval action count: 180000
2025-09-28 10:37:37,977 - __main__ - INFO -    Train action entropy: 1.734
2025-09-28 10:37:37,977 - __main__ - INFO -    Eval action entropy: 1.721
2025-09-28 10:37:37,977 - __main__ - INFO -    Top 3 train actions: #2(21491), #0(21298), #1(19388)
2025-09-28 10:37:37,977 - __main__ - INFO -    Top 3 eval actions: #2(43241), #0(43215), #3(38857)
2025-09-28 10:37:46,784 - __main__ - INFO - 📊 Episodes completed this rollout: 8
2025-09-28 10:37:46,784 - __main__ - INFO - 📈 Episode stats: avg return = -0.46, avg length = 400.0
2025-09-28 10:37:46,784 - __main__ - INFO - 🎯 Top 3 training actions: #2(22128), #0(21846), #1(20049)
2025-09-28 10:37:56,618 - __main__ - INFO - 📊 Episodes completed this rollout: 8
2025-09-28 10:37:56,618 - __main__ - INFO - 📈 Episode stats: avg return = -0.77, avg length = 400.0
2025-09-28 10:37:56,618 - __main__ - INFO - 🎯 Top 3 training actions: #2(22808), #0(22439), #1(20597)
2025-09-28 10:38:06,475 - __main__ - INFO - 📊 Episodes completed this rollout: 8
2025-09-28 10:38:06,476 - __main__ - INFO - 📈 Episode stats: avg return = -0.54, avg length = 400.0
2025-09-28 10:38:06,476 - __main__ - INFO - 🎯 Top 3 training actions: #2(23620), #0(23183), #1(21236)
2025-09-28 10:38:10,789 - __main__ - INFO - 🧪 Starting evaluation with 50 episodes...
2025-09-28 10:38:10,789 - __main__ - INFO -    Eval seed: 51
2025-09-28 10:38:10,789 - __main__ - INFO -    Max episode steps (eval): env default
2025-09-28 10:38:10,789 - nle.env.base - INFO - Not saving any NLE data.
2025-09-28 10:38:15,211 - __main__ - WARNING - ⚠️ Episode 1 terminated due to step limit.
2025-09-28 10:38:15,968 - __main__ - DEBUG - 🎯 Eval HMM masking: step 50 masked due to negative reward
2025-09-28 10:38:19,587 - __main__ - WARNING - ⚠️ Episode 2 terminated due to step limit.
2025-09-28 10:38:21,858 - __main__ - DEBUG - 🎯 Eval HMM masking: step 200 masked due to negative reward
2025-09-28 10:38:22,885 - __main__ - DEBUG - 🎯 Eval HMM masking: step 300 masked due to negative reward
2025-09-28 10:38:23,906 - __main__ - WARNING - ⚠️ Episode 3 terminated due to step limit.
2025-09-28 10:38:28,249 - __main__ - WARNING - ⚠️ Episode 4 terminated due to step limit.
2025-09-28 10:38:29,522 - __main__ - DEBUG - 🎯 Eval HMM masking: step 100 masked due to negative reward
2025-09-28 10:38:32,626 - __main__ - WARNING - ⚠️ Episode 5 terminated due to step limit.
2025-09-28 10:38:36,952 - __main__ - WARNING - ⚠️ Episode 6 terminated due to step limit.
2025-09-28 10:38:37,681 - __main__ - DEBUG - 🎯 Eval HMM masking: step 50 masked due to negative reward
2025-09-28 10:38:39,222 - __main__ - DEBUG - 🎯 Eval HMM masking: step 200 masked due to negative reward
2025-09-28 10:38:39,740 - __main__ - DEBUG - 🎯 Eval HMM masking: step 250 masked due to negative reward
2025-09-28 10:38:41,271 - __main__ - WARNING - ⚠️ Episode 7 terminated due to step limit.
2025-09-28 10:38:45,585 - __main__ - WARNING - ⚠️ Episode 8 terminated due to step limit.
2025-09-28 10:38:48,905 - __main__ - DEBUG - 🎯 Eval HMM masking: step 300 masked due to negative reward
2025-09-28 10:38:49,928 - __main__ - WARNING - ⚠️ Episode 9 terminated due to step limit.
2025-09-28 10:38:54,233 - __main__ - WARNING - ⚠️ Episode 10 terminated due to step limit.
2025-09-28 10:38:56,016 - __main__ - DEBUG - 🎯 Eval HMM masking: step 150 masked due to negative reward
2025-09-28 10:38:57,560 - __main__ - DEBUG - 🎯 Eval HMM masking: step 300 masked due to negative reward
2025-09-28 10:38:58,580 - __main__ - WARNING - ⚠️ Episode 11 terminated due to step limit.
2025-09-28 10:39:02,901 - __main__ - WARNING - ⚠️ Episode 12 terminated due to step limit.
2025-09-28 10:39:03,651 - __main__ - DEBUG - 🎯 Eval HMM masking: step 50 masked due to negative reward
2025-09-28 10:39:06,806 - __main__ - DEBUG - 🎯 Eval HMM masking: step 350 masked due to negative reward
2025-09-28 10:39:07,312 - __main__ - WARNING - ⚠️ Episode 13 terminated due to step limit.
2025-09-28 10:39:11,624 - __main__ - WARNING - ⚠️ Episode 14 terminated due to step limit.
2025-09-28 10:39:12,356 - __main__ - DEBUG - 🎯 Eval HMM masking: step 50 masked due to negative reward
2025-09-28 10:39:12,870 - __main__ - DEBUG - 🎯 Eval HMM masking: step 100 masked due to negative reward
2025-09-28 10:39:15,433 - __main__ - DEBUG - 🎯 Eval HMM masking: step 350 masked due to negative reward
2025-09-28 10:39:15,943 - __main__ - WARNING - ⚠️ Episode 15 terminated due to step limit.
2025-09-28 10:39:20,247 - __main__ - WARNING - ⚠️ Episode 16 terminated due to step limit.
2025-09-28 10:39:22,032 - __main__ - DEBUG - 🎯 Eval HMM masking: step 150 masked due to negative reward
2025-09-28 10:39:23,070 - __main__ - DEBUG - 🎯 Eval HMM masking: step 250 masked due to negative reward
2025-09-28 10:39:24,608 - __main__ - WARNING - ⚠️ Episode 17 terminated due to step limit.
2025-09-28 10:39:28,940 - __main__ - WARNING - ⚠️ Episode 18 terminated due to step limit.
2025-09-28 10:39:33,288 - __main__ - WARNING - ⚠️ Episode 19 terminated due to step limit.
2025-09-28 10:39:37,752 - __main__ - WARNING - ⚠️ Episode 20 terminated due to step limit.
2025-09-28 10:39:39,509 - __main__ - DEBUG - 🎯 Eval HMM masking: step 150 masked due to negative reward
2025-09-28 10:39:41,566 - __main__ - DEBUG - 🎯 Eval HMM masking: step 350 masked due to negative reward
2025-09-28 10:39:42,072 - __main__ - WARNING - ⚠️ Episode 21 terminated due to step limit.
2025-09-28 10:39:46,384 - __main__ - WARNING - ⚠️ Episode 22 terminated due to step limit.
2025-09-28 10:39:50,727 - __main__ - WARNING - ⚠️ Episode 23 terminated due to step limit.
2025-09-28 10:39:51,468 - __main__ - DEBUG - 🎯 Eval HMM masking: step 50 masked due to negative reward
2025-09-28 10:39:54,540 - __main__ - DEBUG - 🎯 Eval HMM masking: step 350 masked due to negative reward
2025-09-28 10:39:55,045 - __main__ - WARNING - ⚠️ Episode 24 terminated due to step limit.
2025-09-28 10:39:55,777 - __main__ - DEBUG - 🎯 Eval HMM masking: step 50 masked due to negative reward
2025-09-28 10:39:57,327 - __main__ - DEBUG - 🎯 Eval HMM masking: step 200 masked due to negative reward
2025-09-28 10:39:59,402 - __main__ - WARNING - ⚠️ Episode 25 terminated due to step limit.
2025-09-28 10:40:00,689 - __main__ - DEBUG - 🎯 Eval HMM masking: step 100 masked due to negative reward
2025-09-28 10:40:01,238 - __main__ - DEBUG - 🎯 Eval HMM masking: step 150 masked due to negative reward
2025-09-28 10:40:02,817 - __main__ - DEBUG - 🎯 Eval HMM masking: step 300 masked due to negative reward
2025-09-28 10:40:03,846 - __main__ - WARNING - ⚠️ Episode 26 terminated due to step limit.
2025-09-28 10:40:04,575 - __main__ - DEBUG - 🎯 Eval HMM masking: step 50 masked due to negative reward
2025-09-28 10:40:08,303 - __main__ - WARNING - ⚠️ Episode 27 terminated due to step limit.
2025-09-28 10:40:10,706 - __main__ - DEBUG - 🎯 Eval HMM masking: step 200 masked due to negative reward
2025-09-28 10:40:12,806 - __main__ - WARNING - ⚠️ Episode 28 terminated due to step limit.
2025-09-28 10:40:17,247 - __main__ - WARNING - ⚠️ Episode 29 terminated due to step limit.
2025-09-28 10:40:21,641 - __main__ - WARNING - ⚠️ Episode 30 terminated due to step limit.
2025-09-28 10:40:23,937 - __main__ - DEBUG - 🎯 Eval HMM masking: step 200 masked due to negative reward
2025-09-28 10:40:25,999 - __main__ - WARNING - ⚠️ Episode 31 terminated due to step limit.
2025-09-28 10:40:30,386 - __main__ - WARNING - ⚠️ Episode 32 terminated due to step limit.
2025-09-28 10:40:32,663 - __main__ - DEBUG - 🎯 Eval HMM masking: step 200 masked due to negative reward
2025-09-28 10:40:34,698 - __main__ - WARNING - ⚠️ Episode 33 terminated due to step limit.
2025-09-28 10:40:39,075 - __main__ - WARNING - ⚠️ Episode 34 terminated due to step limit.
2025-09-28 10:40:43,406 - __main__ - WARNING - ⚠️ Episode 35 terminated due to step limit.
2025-09-28 10:40:47,744 - __main__ - WARNING - ⚠️ Episode 36 terminated due to step limit.
2025-09-28 10:40:50,023 - __main__ - DEBUG - 🎯 Eval HMM masking: step 200 masked due to negative reward
2025-09-28 10:40:52,126 - __main__ - WARNING - ⚠️ Episode 37 terminated due to step limit.
2025-09-28 10:40:52,902 - __main__ - DEBUG - 🎯 Eval HMM masking: step 50 masked due to negative reward
2025-09-28 10:40:56,657 - __main__ - WARNING - ⚠️ Episode 38 terminated due to step limit.
2025-09-28 10:40:59,480 - __main__ - DEBUG - 🎯 Eval HMM masking: step 250 masked due to negative reward
2025-09-28 10:41:01,035 - __main__ - WARNING - ⚠️ Episode 39 terminated due to step limit.
2025-09-28 10:41:01,776 - __main__ - DEBUG - 🎯 Eval HMM masking: step 50 masked due to negative reward
2025-09-28 10:41:05,387 - __main__ - WARNING - ⚠️ Episode 40 terminated due to step limit.
2025-09-28 10:41:06,649 - __main__ - DEBUG - 🎯 Eval HMM masking: step 100 masked due to negative reward
2025-09-28 10:41:09,871 - __main__ - WARNING - ⚠️ Episode 41 terminated due to step limit.
2025-09-28 10:41:14,216 - __main__ - WARNING - ⚠️ Episode 42 terminated due to step limit.
2025-09-28 10:41:15,478 - __main__ - DEBUG - 🎯 Eval HMM masking: step 100 masked due to negative reward
2025-09-28 10:41:15,998 - __main__ - DEBUG - 🎯 Eval HMM masking: step 150 masked due to negative reward
2025-09-28 10:41:16,517 - __main__ - DEBUG - 🎯 Eval HMM masking: step 200 masked due to negative reward
2025-09-28 10:41:18,577 - __main__ - WARNING - ⚠️ Episode 43 terminated due to step limit.
2025-09-28 10:41:22,960 - __main__ - WARNING - ⚠️ Episode 44 terminated due to step limit.
2025-09-28 10:41:26,264 - __main__ - DEBUG - 🎯 Eval HMM masking: step 300 masked due to negative reward
2025-09-28 10:41:27,290 - __main__ - WARNING - ⚠️ Episode 45 terminated due to step limit.
2025-09-28 10:41:30,085 - __main__ - DEBUG - 🎯 Eval HMM masking: step 250 masked due to negative reward
2025-09-28 10:41:30,632 - __main__ - DEBUG - 🎯 Eval HMM masking: step 300 masked due to negative reward
2025-09-28 10:41:31,675 - __main__ - WARNING - ⚠️ Episode 46 terminated due to step limit.
2025-09-28 10:41:36,008 - __main__ - WARNING - ⚠️ Episode 47 terminated due to step limit.
2025-09-28 10:41:38,983 - __main__ - DEBUG - 🎯 Eval HMM masking: step 250 masked due to negative reward
2025-09-28 10:41:40,559 - __main__ - WARNING - ⚠️ Episode 48 terminated due to step limit.
2025-09-28 10:41:43,370 - __main__ - DEBUG - 🎯 Eval HMM masking: step 250 masked due to negative reward
2025-09-28 10:41:44,911 - __main__ - WARNING - ⚠️ Episode 49 terminated due to step limit.
2025-09-28 10:41:48,211 - __main__ - DEBUG - 🎯 Eval HMM masking: step 300 masked due to negative reward
2025-09-28 10:41:49,237 - __main__ - WARNING - ⚠️ Episode 50 terminated due to step limit.
2025-09-28 10:41:49,443 - __main__ - INFO - 📊 Evaluation Results (Current Round):
2025-09-28 10:41:49,443 - __main__ - INFO -    Episodes: 50
2025-09-28 10:41:49,443 - __main__ - INFO -    Time: 218.7s (4.4s/ep)
2025-09-28 10:41:49,443 - __main__ - INFO -    Average Return: -0.589 ± 0.194
2025-09-28 10:41:49,443 - __main__ - INFO -    Success Rate: 0.0%
2025-09-28 10:41:49,443 - __main__ - INFO -    Average Length: 400.0
2025-09-28 10:41:49,443 - __main__ - INFO -    Average Coverage: 83.9 positions
2025-09-28 10:41:49,443 - __main__ - INFO -    Episode Completions: 0 terminated (0.0%), 50 truncated (100.0%)
2025-09-28 10:41:49,443 - __main__ - INFO - 📈 Total Evaluation Statistics:
2025-09-28 10:41:49,444 - __main__ - INFO -    Total Episodes: 500
2025-09-28 10:41:49,444 - __main__ - INFO -    Total Average Return: -0.650 ± 0.278
2025-09-28 10:41:49,444 - __main__ - INFO -    Total Average Length: 400.0 ± 0.0
2025-09-28 10:41:49,444 - __main__ - INFO -    Total Completions: 0 terminated (0.0%), 500 truncated (100.0%)
2025-09-28 10:41:49,444 - __main__ - INFO -    Skill Entropy: 0.003
2025-09-28 10:41:49,444 - __main__ - INFO -    Used Skills: 3.0
2025-09-28 10:41:49,444 - __main__ - INFO -    Effective K: 1.65
2025-09-28 10:41:49,444 - __main__ - INFO - 🎯 Action Usage Statistics:
2025-09-28 10:41:49,444 - __main__ - INFO -    Unique actions in evaluation: 10
2025-09-28 10:41:49,444 - __main__ - INFO -    Unique actions in training: 10
2025-09-28 10:41:49,444 - __main__ - INFO -    Total unique actions: 10
2025-09-28 10:41:49,445 - __main__ - INFO -    Action coverage: 8.3%
2025-09-28 10:41:49,445 - __main__ - INFO -    Train action count: 100352
2025-09-28 10:41:49,445 - __main__ - INFO -    Eval action count: 200000
2025-09-28 10:41:49,445 - __main__ - INFO -    Train action entropy: 1.741
2025-09-28 10:41:49,446 - __main__ - INFO -    Eval action entropy: 1.724
2025-09-28 10:41:49,446 - __main__ - INFO -    Top 3 train actions: #2(23873), #0(23403), #1(21461)
2025-09-28 10:41:49,446 - __main__ - INFO -    Top 3 eval actions: #2(47507), #0(47344), #3(44127)
2025-09-28 10:41:52,702 - __main__ - INFO - 🔄 Synchronized model update at step 101,376
2025-09-28 10:41:52,702 - __main__ - INFO -    HMM interval: 12,000, VAE interval: 12,000
2025-09-28 10:41:52,705 - __main__ - INFO - 🚫 Model training masking: 1728/12288 timesteps masked (14.1%) due to negative rewards (invalid actions)
2025-09-28 10:41:53,087 - __main__ - INFO - 🔄 Capping HMM batch size from 1195 to 128 to prevent OOM
2025-09-28 10:41:53,087 - __main__ - INFO - 🔄 HMM refresh starting at step 101,376 with replay size 128x55
2025-09-28 10:41:56,130 - __main__ - DEBUG - Initial ELBO: 98200840.8609
2025-09-28 10:41:56,133 - __main__ - DEBUG - Relative tol: 0.0100
2025-09-28 10:41:56,133 - __main__ - DEBUG - Relative elbo_drop_tol: 0.0100
2025-09-28 10:41:56,133 - __main__ - DEBUG - - Init -526.8175
2025-09-28 10:41:56,133 - __main__ - DEBUG - - Trans -4.4835
2025-09-28 10:41:56,133 - __main__ - DEBUG - - Emit 39175.4586
2025-09-28 10:41:56,133 - __main__ - DEBUG - - Entropy 0.0003
2025-09-28 10:41:56,133 - __main__ - DEBUG - - Dir 98167976.0000
2025-09-28 10:41:56,133 - __main__ - DEBUG - - NIW -5756.7300
2025-09-28 10:41:56,133 - __main__ - DEBUG - - Beta prior -22.5670
2025-09-28 10:41:59,577 - __main__ - DEBUG - Iter 0: ELBO after FB: 98200840.8609 (LL 38644.1579, Δ=0.0000)
2025-09-28 10:41:59,578 - __main__ - DEBUG - Blending stats with ρ_niw=0.0500, ρ_tr=0.0500.
2025-09-28 10:41:59,625 - __main__ - DEBUG - Iter 0: ELBO after NIW update: 98201170.2401 (Emit LL 39609.5624, NIW term -5861.4546, Δ=329.3792)
2025-09-28 10:41:59,673 - __main__ - DEBUG - Iter 0: ELBO after Dirichlet update: 33267.7554 (Trans LL -4.4835, Dir term 73.5153, Δ=-98167902.4847)
2025-09-28 10:41:59,739 - __main__ - DEBUG - Iter 0: ELBO after β update: 18875521.8582 (Init LL -527.1290, Dir term 18842328.0000, logp(β) -22.6374, Δ=18842254.1028)
2025-09-28 10:42:03,216 - __main__ - DEBUG - Iter 1: ELBO after FB: 18875521.8582 (LL 39077.9502, Δ=0.0000)
2025-09-28 10:42:03,217 - __main__ - DEBUG - Blending stats with ρ_niw=0.0500, ρ_tr=0.0500.
2025-09-28 10:42:03,263 - __main__ - DEBUG - Iter 1: ELBO after NIW update: 18875521.8582 (Emit LL 39609.5624, NIW term -5861.4546, Δ=0.0000)
2025-09-28 10:42:03,309 - __main__ - DEBUG - Iter 1: ELBO after Dirichlet update: 19315607.8604 (Trans LL -4.4814, Dir term 19282414.0000, Δ=440086.0021)
2025-09-28 10:42:03,377 - __main__ - DEBUG - Iter 1: ELBO after β update: 38015673.4736 (Init LL -527.4453, Dir term 37982480.0000, logp(β) -22.7078, Δ=18700065.6133)
2025-09-28 10:42:06,735 - __main__ - DEBUG - Iter 2: ELBO after FB: 38015673.4736 (LL 39077.6360, Δ=0.0000)
2025-09-28 10:42:06,736 - __main__ - DEBUG - Blending stats with ρ_niw=0.0500, ρ_tr=0.0500.
2025-09-28 10:42:06,782 - __main__ - DEBUG - Iter 2: ELBO after NIW update: 38015673.4736 (Emit LL 39609.5624, NIW term -5861.4546, Δ=0.0000)
2025-09-28 10:42:06,828 - __main__ - DEBUG - Iter 2: ELBO after Dirichlet update: 38454169.4758 (Trans LL -4.4792, Dir term 38420976.0000, Δ=438496.0021)
2025-09-28 10:42:06,895 - __main__ - DEBUG - Iter 2: ELBO after β update: 57013113.0833 (Init LL -527.7664, Dir term 56979920.0000, logp(β) -22.7792, Δ=18558943.6076)
2025-09-28 10:42:10,295 - __main__ - DEBUG - Iter 3: ELBO after FB: 57013113.0833 (LL 39077.3171, Δ=0.0000)
2025-09-28 10:42:10,296 - __main__ - DEBUG - Blending stats with ρ_niw=0.0500, ρ_tr=0.0500.
2025-09-28 10:42:10,342 - __main__ - DEBUG - Iter 3: ELBO after NIW update: 57013113.0833 (Emit LL 39609.5624, NIW term -5861.4546, Δ=0.0000)
2025-09-28 10:42:10,388 - __main__ - DEBUG - Iter 3: ELBO after Dirichlet update: 57446349.0855 (Trans LL -4.4771, Dir term 57413156.0000, Δ=433236.0021)
2025-09-28 10:42:10,455 - __main__ - DEBUG - Iter 3: ELBO after β update: 75863760.6883 (Init LL -528.0922, Dir term 75830568.0000, logp(β) -22.8506, Δ=18417411.6028)
2025-09-28 10:42:14,008 - __main__ - DEBUG - Iter 4: ELBO after FB: 75863760.6883 (LL 39076.9935, Δ=0.0000)
2025-09-28 10:42:14,008 - __main__ - DEBUG - Blending stats with ρ_niw=0.0500, ρ_tr=0.0500.
2025-09-28 10:42:14,057 - __main__ - DEBUG - Iter 4: ELBO after NIW update: 75863760.6883 (Emit LL 39609.5624, NIW term -5861.4546, Δ=0.0000)
2025-09-28 10:42:14,105 - __main__ - DEBUG - Iter 4: ELBO after Dirichlet update: 76296880.6908 (Trans LL -4.4745, Dir term 76263688.0000, Δ=433120.0026)
2025-09-28 10:42:14,176 - __main__ - DEBUG - Iter 4: ELBO after β update: 94574848.2887 (Init LL -528.4228, Dir term 94541656.0000, logp(β) -22.9221, Δ=18277967.5979)
2025-09-28 10:42:14,178 - __main__ - INFO -    HMM refresh complete: ELBO=231.8508, iters=0, max iters, states=40
2025-09-28 10:42:14,178 - __main__ - INFO -    ✅ HMM updated (next in 12,000 steps)
2025-09-28 10:42:14,178 - __main__ - INFO - 🔄 VAE refresh starting at step 101,376 with replay size 8x1536
2025-09-28 10:42:14,179 - __main__ - INFO -    Using span sampling (12288 timesteps, too large for full buffer)
2025-09-28 10:42:37,648 - __main__ - INFO -    VAE refresh complete: final_loss=2273.5254, avg_loss=2282.4494, steps=4/4, trend=improving, total_timesteps=12288, span_sampling=32_requested×4_steps, span_len=64
2025-09-28 10:42:37,650 - __main__ - INFO -    ✅ VAE updated (next in 12,000 steps)
2025-09-28 10:42:39,996 - __main__ - INFO - 📊 Episodes completed this rollout: 8
2025-09-28 10:42:39,996 - __main__ - INFO - 📈 Episode stats: avg return = -0.60, avg length = 400.0
2025-09-28 10:42:39,996 - __main__ - INFO - 🎯 Top 3 training actions: #2(24299), #0(23826), #1(21881)
2025-09-28 10:42:53,322 - __main__ - INFO - 📊 Episodes completed this rollout: 8
2025-09-28 10:42:53,323 - __main__ - INFO - 📈 Episode stats: avg return = -0.49, avg length = 400.0
2025-09-28 10:42:53,323 - __main__ - INFO - 🎯 Top 3 training actions: #2(25077), #0(24533), #1(22978)
2025-09-28 10:43:03,225 - __main__ - INFO - 📊 Episodes completed this rollout: 8
2025-09-28 10:43:03,226 - __main__ - INFO - 📈 Episode stats: avg return = -0.69, avg length = 400.0
2025-09-28 10:43:03,226 - __main__ - INFO - 🎯 Top 3 training actions: #2(25575), #0(25101), #1(23895)
2025-09-28 10:43:07,467 - __main__ - INFO - 🧪 Starting evaluation with 50 episodes...
2025-09-28 10:43:07,468 - __main__ - INFO -    Eval seed: 51
2025-09-28 10:43:07,468 - __main__ - INFO -    Max episode steps (eval): env default
2025-09-28 10:43:07,468 - nle.env.base - INFO - Not saving any NLE data.
2025-09-28 10:43:09,066 - __main__ - DEBUG - 🎯 Eval HMM masking: step 150 masked due to negative reward
2025-09-28 10:43:11,723 - __main__ - WARNING - ⚠️ Episode 1 terminated due to step limit.
2025-09-28 10:43:15,208 - __main__ - DEBUG - 🎯 Eval HMM masking: step 300 masked due to negative reward
2025-09-28 10:43:16,238 - __main__ - WARNING - ⚠️ Episode 2 terminated due to step limit.
2025-09-28 10:43:18,520 - __main__ - DEBUG - 🎯 Eval HMM masking: step 200 masked due to negative reward
2025-09-28 10:43:20,064 - __main__ - DEBUG - 🎯 Eval HMM masking: step 350 masked due to negative reward
2025-09-28 10:43:20,580 - __main__ - WARNING - ⚠️ Episode 3 terminated due to step limit.
2025-09-28 10:43:21,315 - __main__ - DEBUG - 🎯 Eval HMM masking: step 50 masked due to negative reward
2025-09-28 10:43:24,910 - __main__ - WARNING - ⚠️ Episode 4 terminated due to step limit.
2025-09-28 10:43:25,645 - __main__ - DEBUG - 🎯 Eval HMM masking: step 50 masked due to negative reward
2025-09-28 10:43:26,167 - __main__ - DEBUG - 🎯 Eval HMM masking: step 100 masked due to negative reward
2025-09-28 10:43:26,685 - __main__ - DEBUG - 🎯 Eval HMM masking: step 150 masked due to negative reward
2025-09-28 10:43:27,201 - __main__ - DEBUG - 🎯 Eval HMM masking: step 200 masked due to negative reward
2025-09-28 10:43:29,273 - __main__ - WARNING - ⚠️ Episode 5 terminated due to step limit.
2025-09-28 10:43:32,638 - __main__ - DEBUG - 🎯 Eval HMM masking: step 300 masked due to negative reward
2025-09-28 10:43:33,674 - __main__ - WARNING - ⚠️ Episode 6 terminated due to step limit.
2025-09-28 10:43:35,950 - __main__ - DEBUG - 🎯 Eval HMM masking: step 200 masked due to negative reward
2025-09-28 10:43:37,505 - __main__ - DEBUG - 🎯 Eval HMM masking: step 350 masked due to negative reward
2025-09-28 10:43:38,018 - __main__ - WARNING - ⚠️ Episode 7 terminated due to step limit.
2025-09-28 10:43:42,390 - __main__ - WARNING - ⚠️ Episode 8 terminated due to step limit.
2025-09-28 10:43:46,770 - __main__ - WARNING - ⚠️ Episode 9 terminated due to step limit.
2025-09-28 10:43:49,075 - __main__ - DEBUG - 🎯 Eval HMM masking: step 200 masked due to negative reward
2025-09-28 10:43:51,158 - __main__ - WARNING - ⚠️ Episode 10 terminated due to step limit.
2025-09-28 10:43:52,981 - __main__ - DEBUG - 🎯 Eval HMM masking: step 150 masked due to negative reward
2025-09-28 10:43:54,598 - __main__ - DEBUG - 🎯 Eval HMM masking: step 300 masked due to negative reward
2025-09-28 10:43:55,622 - __main__ - WARNING - ⚠️ Episode 11 terminated due to step limit.
2025-09-28 10:43:57,883 - __main__ - DEBUG - 🎯 Eval HMM masking: step 200 masked due to negative reward
2025-09-28 10:43:59,927 - __main__ - WARNING - ⚠️ Episode 12 terminated due to step limit.
2025-09-28 10:44:00,692 - __main__ - DEBUG - 🎯 Eval HMM masking: step 50 masked due to negative reward
2025-09-28 10:44:02,258 - __main__ - DEBUG - 🎯 Eval HMM masking: step 200 masked due to negative reward
2025-09-28 10:44:04,310 - __main__ - WARNING - ⚠️ Episode 13 terminated due to step limit.
2025-09-28 10:44:06,073 - __main__ - DEBUG - 🎯 Eval HMM masking: step 150 masked due to negative reward
2025-09-28 10:44:08,131 - __main__ - DEBUG - 🎯 Eval HMM masking: step 350 masked due to negative reward
2025-09-28 10:44:08,638 - __main__ - WARNING - ⚠️ Episode 14 terminated due to step limit.
2025-09-28 10:44:09,881 - __main__ - DEBUG - 🎯 Eval HMM masking: step 100 masked due to negative reward
2025-09-28 10:44:11,419 - __main__ - DEBUG - 🎯 Eval HMM masking: step 250 masked due to negative reward
2025-09-28 10:44:11,932 - __main__ - DEBUG - 🎯 Eval HMM masking: step 300 masked due to negative reward
2025-09-28 10:44:12,458 - __main__ - DEBUG - 🎯 Eval HMM masking: step 350 masked due to negative reward
2025-09-28 10:44:12,974 - __main__ - WARNING - ⚠️ Episode 15 terminated due to step limit.
2025-09-28 10:44:15,776 - __main__ - DEBUG - 🎯 Eval HMM masking: step 250 masked due to negative reward
2025-09-28 10:44:17,313 - __main__ - WARNING - ⚠️ Episode 16 terminated due to step limit.
2025-09-28 10:44:21,708 - __main__ - WARNING - ⚠️ Episode 17 terminated due to step limit.
2025-09-28 10:44:23,470 - __main__ - DEBUG - 🎯 Eval HMM masking: step 150 masked due to negative reward
2025-09-28 10:44:23,983 - __main__ - DEBUG - 🎯 Eval HMM masking: step 200 masked due to negative reward
2025-09-28 10:44:24,518 - __main__ - DEBUG - 🎯 Eval HMM masking: step 250 masked due to negative reward
2025-09-28 10:44:25,046 - __main__ - DEBUG - 🎯 Eval HMM masking: step 300 masked due to negative reward
2025-09-28 10:44:26,101 - __main__ - WARNING - ⚠️ Episode 18 terminated due to step limit.
2025-09-28 10:44:27,877 - __main__ - DEBUG - 🎯 Eval HMM masking: step 150 masked due to negative reward
2025-09-28 10:44:29,937 - __main__ - DEBUG - 🎯 Eval HMM masking: step 350 masked due to negative reward
2025-09-28 10:44:30,442 - __main__ - WARNING - ⚠️ Episode 19 terminated due to step limit.
2025-09-28 10:44:32,189 - __main__ - DEBUG - 🎯 Eval HMM masking: step 150 masked due to negative reward
2025-09-28 10:44:34,242 - __main__ - DEBUG - 🎯 Eval HMM masking: step 350 masked due to negative reward
2025-09-28 10:44:34,746 - __main__ - WARNING - ⚠️ Episode 20 terminated due to step limit.
2025-09-28 10:44:36,502 - __main__ - DEBUG - 🎯 Eval HMM masking: step 150 masked due to negative reward
2025-09-28 10:44:37,014 - __main__ - DEBUG - 🎯 Eval HMM masking: step 200 masked due to negative reward
2025-09-28 10:44:38,036 - __main__ - DEBUG - 🎯 Eval HMM masking: step 300 masked due to negative reward
2025-09-28 10:44:39,049 - __main__ - WARNING - ⚠️ Episode 21 terminated due to step limit.
2025-09-28 10:44:41,817 - __main__ - DEBUG - 🎯 Eval HMM masking: step 250 masked due to negative reward
2025-09-28 10:44:43,342 - __main__ - WARNING - ⚠️ Episode 22 terminated due to step limit.
2025-09-28 10:44:47,643 - __main__ - WARNING - ⚠️ Episode 23 terminated due to step limit.
2025-09-28 10:44:52,083 - __main__ - WARNING - ⚠️ Episode 24 terminated due to step limit.
2025-09-28 10:44:52,828 - __main__ - DEBUG - 🎯 Eval HMM masking: step 50 masked due to negative reward
2025-09-28 10:44:53,863 - __main__ - DEBUG - 🎯 Eval HMM masking: step 150 masked due to negative reward
2025-09-28 10:44:54,387 - __main__ - DEBUG - 🎯 Eval HMM masking: step 200 masked due to negative reward
2025-09-28 10:44:56,466 - __main__ - WARNING - ⚠️ Episode 25 terminated due to step limit.
2025-09-28 10:44:57,743 - __main__ - DEBUG - 🎯 Eval HMM masking: step 100 masked due to negative reward
2025-09-28 10:44:58,270 - __main__ - DEBUG - 🎯 Eval HMM masking: step 150 masked due to negative reward
2025-09-28 10:45:00,357 - __main__ - DEBUG - 🎯 Eval HMM masking: step 350 masked due to negative reward
2025-09-28 10:45:00,862 - __main__ - WARNING - ⚠️ Episode 26 terminated due to step limit.
2025-09-28 10:45:02,105 - __main__ - DEBUG - 🎯 Eval HMM masking: step 100 masked due to negative reward
2025-09-28 10:45:05,191 - __main__ - WARNING - ⚠️ Episode 27 terminated due to step limit.
2025-09-28 10:45:09,520 - __main__ - WARNING - ⚠️ Episode 28 terminated due to step limit.
2025-09-28 10:45:13,848 - __main__ - WARNING - ⚠️ Episode 29 terminated due to step limit.
2025-09-28 10:45:17,170 - __main__ - DEBUG - 🎯 Eval HMM masking: step 300 masked due to negative reward
2025-09-28 10:45:18,192 - __main__ - WARNING - ⚠️ Episode 30 terminated due to step limit.
2025-09-28 10:45:18,926 - __main__ - DEBUG - 🎯 Eval HMM masking: step 50 masked due to negative reward
2025-09-28 10:45:19,960 - __main__ - DEBUG - 🎯 Eval HMM masking: step 150 masked due to negative reward
2025-09-28 10:45:20,490 - __main__ - DEBUG - 🎯 Eval HMM masking: step 200 masked due to negative reward
2025-09-28 10:45:22,103 - __main__ - DEBUG - 🎯 Eval HMM masking: step 350 masked due to negative reward
2025-09-28 10:45:22,613 - __main__ - WARNING - ⚠️ Episode 31 terminated due to step limit.
2025-09-28 10:45:24,366 - __main__ - DEBUG - 🎯 Eval HMM masking: step 150 masked due to negative reward
2025-09-28 10:45:26,417 - __main__ - DEBUG - 🎯 Eval HMM masking: step 350 masked due to negative reward
2025-09-28 10:45:26,926 - __main__ - WARNING - ⚠️ Episode 32 terminated due to step limit.
2025-09-28 10:45:31,236 - __main__ - WARNING - ⚠️ Episode 33 terminated due to step limit.
2025-09-28 10:45:32,480 - __main__ - DEBUG - 🎯 Eval HMM masking: step 100 masked due to negative reward
2025-09-28 10:45:35,540 - __main__ - WARNING - ⚠️ Episode 34 terminated due to step limit.
2025-09-28 10:45:39,868 - __main__ - WARNING - ⚠️ Episode 35 terminated due to step limit.
2025-09-28 10:45:44,201 - __main__ - WARNING - ⚠️ Episode 36 terminated due to step limit.
2025-09-28 10:45:46,476 - __main__ - DEBUG - 🎯 Eval HMM masking: step 200 masked due to negative reward
2025-09-28 10:45:46,997 - __main__ - DEBUG - 🎯 Eval HMM masking: step 250 masked due to negative reward
2025-09-28 10:45:48,537 - __main__ - WARNING - ⚠️ Episode 37 terminated due to step limit.
2025-09-28 10:45:49,268 - __main__ - DEBUG - 🎯 Eval HMM masking: step 50 masked due to negative reward
2025-09-28 10:45:52,933 - __main__ - WARNING - ⚠️ Episode 38 terminated due to step limit.
2025-09-28 10:45:55,722 - __main__ - DEBUG - 🎯 Eval HMM masking: step 250 masked due to negative reward
2025-09-28 10:45:57,252 - __main__ - WARNING - ⚠️ Episode 39 terminated due to step limit.
2025-09-28 10:45:59,016 - __main__ - DEBUG - 🎯 Eval HMM masking: step 150 masked due to negative reward
2025-09-28 10:46:00,049 - __main__ - DEBUG - 🎯 Eval HMM masking: step 250 masked due to negative reward
2025-09-28 10:46:01,618 - __main__ - WARNING - ⚠️ Episode 40 terminated due to step limit.
2025-09-28 10:46:02,895 - __main__ - DEBUG - 🎯 Eval HMM masking: step 100 masked due to negative reward
2025-09-28 10:46:04,451 - __main__ - DEBUG - 🎯 Eval HMM masking: step 250 masked due to negative reward
2025-09-28 10:46:06,002 - __main__ - WARNING - ⚠️ Episode 41 terminated due to step limit.
2025-09-28 10:46:08,313 - __main__ - DEBUG - 🎯 Eval HMM masking: step 200 masked due to negative reward
2025-09-28 10:46:10,428 - __main__ - WARNING - ⚠️ Episode 42 terminated due to step limit.
2025-09-28 10:46:12,227 - __main__ - DEBUG - 🎯 Eval HMM masking: step 150 masked due to negative reward
2025-09-28 10:46:14,848 - __main__ - WARNING - ⚠️ Episode 43 terminated due to step limit.
2025-09-28 10:46:18,255 - __main__ - DEBUG - 🎯 Eval HMM masking: step 300 masked due to negative reward
2025-09-28 10:46:19,284 - __main__ - WARNING - ⚠️ Episode 44 terminated due to step limit.
2025-09-28 10:46:23,633 - __main__ - WARNING - ⚠️ Episode 45 terminated due to step limit.
2025-09-28 10:46:26,457 - __main__ - DEBUG - 🎯 Eval HMM masking: step 250 masked due to negative reward
2025-09-28 10:46:28,011 - __main__ - WARNING - ⚠️ Episode 46 terminated due to step limit.
2025-09-28 10:46:32,382 - __main__ - WARNING - ⚠️ Episode 47 terminated due to step limit.
2025-09-28 10:46:33,627 - __main__ - DEBUG - 🎯 Eval HMM masking: step 100 masked due to negative reward
2025-09-28 10:46:35,739 - __main__ - DEBUG - 🎯 Eval HMM masking: step 300 masked due to negative reward
2025-09-28 10:46:36,809 - __main__ - WARNING - ⚠️ Episode 48 terminated due to step limit.
2025-09-28 10:46:38,074 - __main__ - DEBUG - 🎯 Eval HMM masking: step 100 masked due to negative reward
2025-09-28 10:46:39,657 - __main__ - DEBUG - 🎯 Eval HMM masking: step 250 masked due to negative reward
2025-09-28 10:46:40,176 - __main__ - DEBUG - 🎯 Eval HMM masking: step 300 masked due to negative reward
2025-09-28 10:46:41,196 - __main__ - WARNING - ⚠️ Episode 49 terminated due to step limit.
2025-09-28 10:46:42,946 - __main__ - DEBUG - 🎯 Eval HMM masking: step 150 masked due to negative reward
2025-09-28 10:46:44,495 - __main__ - DEBUG - 🎯 Eval HMM masking: step 300 masked due to negative reward
2025-09-28 10:46:45,513 - __main__ - WARNING - ⚠️ Episode 50 terminated due to step limit.
2025-09-28 10:46:45,719 - __main__ - INFO - 📊 Evaluation Results (Current Round):
2025-09-28 10:46:45,719 - __main__ - INFO -    Episodes: 50
2025-09-28 10:46:45,719 - __main__ - INFO -    Time: 218.3s (4.4s/ep)
2025-09-28 10:46:45,719 - __main__ - INFO -    Average Return: -0.704 ± 0.218
2025-09-28 10:46:45,719 - __main__ - INFO -    Success Rate: 0.0%
2025-09-28 10:46:45,719 - __main__ - INFO -    Average Length: 400.0
2025-09-28 10:46:45,719 - __main__ - INFO -    Average Coverage: 70.4 positions
2025-09-28 10:46:45,719 - __main__ - INFO -    Episode Completions: 0 terminated (0.0%), 50 truncated (100.0%)
2025-09-28 10:46:45,719 - __main__ - INFO - 📈 Total Evaluation Statistics:
2025-09-28 10:46:45,719 - __main__ - INFO -    Total Episodes: 550
2025-09-28 10:46:45,720 - __main__ - INFO -    Total Average Return: -0.655 ± 0.274
2025-09-28 10:46:45,720 - __main__ - INFO -    Total Average Length: 400.0 ± 0.0
2025-09-28 10:46:45,720 - __main__ - INFO -    Total Completions: 0 terminated (0.0%), 550 truncated (100.0%)
2025-09-28 10:46:45,720 - __main__ - INFO -    Skill Entropy: 0.005
2025-09-28 10:46:45,720 - __main__ - INFO -    Used Skills: 3.0
2025-09-28 10:46:45,720 - __main__ - INFO -    Effective K: 1.76
2025-09-28 10:46:45,720 - __main__ - INFO - 🎯 Action Usage Statistics:
2025-09-28 10:46:45,720 - __main__ - INFO -    Unique actions in evaluation: 10
2025-09-28 10:46:45,720 - __main__ - INFO -    Unique actions in training: 10
2025-09-28 10:46:45,720 - __main__ - INFO -    Total unique actions: 10
2025-09-28 10:46:45,720 - __main__ - INFO -    Action coverage: 8.3%
2025-09-28 10:46:45,721 - __main__ - INFO -    Train action count: 110592
2025-09-28 10:46:45,721 - __main__ - INFO -    Eval action count: 220000
2025-09-28 10:46:45,721 - __main__ - INFO -    Train action entropy: 1.737
2025-09-28 10:46:45,721 - __main__ - INFO -    Eval action entropy: 1.718
2025-09-28 10:46:45,722 - __main__ - INFO -    Top 3 train actions: #2(25798), #0(25267), #1(24146)
2025-09-28 10:46:45,722 - __main__ - INFO -    Top 3 eval actions: #2(51509), #0(51053), #3(50656)
2025-09-28 10:46:51,316 - __main__ - INFO - 📊 Episodes completed this rollout: 8
2025-09-28 10:46:51,316 - __main__ - INFO - 📈 Episode stats: avg return = -0.64, avg length = 400.0
2025-09-28 10:46:51,316 - __main__ - INFO - 🎯 Top 3 training actions: #2(26202), #0(25671), #1(24614)
2025-09-28 10:46:55,671 - __main__ - INFO - 🔄 Synchronized model update at step 113,664
2025-09-28 10:46:55,671 - __main__ - INFO -    HMM interval: 12,000, VAE interval: 12,000
2025-09-28 10:46:55,672 - __main__ - INFO - 🚫 Model training masking: 1296/12288 timesteps masked (10.5%) due to negative rewards (invalid actions)
2025-09-28 10:46:56,039 - __main__ - INFO - 🔄 Capping HMM batch size from 883 to 128 to prevent OOM
2025-09-28 10:46:56,040 - __main__ - INFO - 🔄 HMM refresh starting at step 113,664 with replay size 128x105
2025-09-28 10:47:02,002 - __main__ - DEBUG - Initial ELBO: 94590887.7133
2025-09-28 10:47:02,006 - __main__ - DEBUG - Relative tol: 0.0100
2025-09-28 10:47:02,006 - __main__ - DEBUG - Relative elbo_drop_tol: 0.0100
2025-09-28 10:47:02,006 - __main__ - DEBUG - - Init -528.4228
2025-09-28 10:47:02,006 - __main__ - DEBUG - - Trans -6.4921
2025-09-28 10:47:02,006 - __main__ - DEBUG - - Emit 55651.0043
2025-09-28 10:47:02,006 - __main__ - DEBUG - - Entropy 0.0006
2025-09-28 10:47:02,006 - __main__ - DEBUG - - Dir 94541656.0000
2025-09-28 10:47:02,006 - __main__ - DEBUG - - NIW -5861.4546
2025-09-28 10:47:02,006 - __main__ - DEBUG - - Beta prior -22.9221
2025-09-28 10:47:08,325 - __main__ - DEBUG - Iter 0: ELBO after FB: 94590887.7133 (LL 55116.0900, Δ=0.0000)
2025-09-28 10:47:08,326 - __main__ - DEBUG - Blending stats with ρ_niw=0.0500, ρ_tr=0.0500.
2025-09-28 10:47:08,375 - __main__ - DEBUG - Iter 0: ELBO after NIW update: 94591704.9322 (Emit LL 56774.0278, NIW term -6167.2593, Δ=817.2189)
2025-09-28 10:47:08,424 - __main__ - DEBUG - Iter 0: ELBO after Dirichlet update: 50096.7522 (Trans LL -6.4041, Dir term 47.7321, Δ=-94541608.1799)
2025-09-28 10:47:08,494 - __main__ - DEBUG - Iter 0: ELBO after β update: 18187298.6129 (Init LL -528.7581, Dir term 18137250.0000, logp(β) -22.9941, Δ=18137201.8607)
2025-09-28 10:47:14,685 - __main__ - DEBUG - Iter 1: ELBO after FB: 18187298.6129 (LL 56238.8663, Δ=0.0000)
2025-09-28 10:47:14,686 - __main__ - DEBUG - Blending stats with ρ_niw=0.0500, ρ_tr=0.0500.
2025-09-28 10:47:14,736 - __main__ - DEBUG - Iter 1: ELBO after NIW update: 18187298.6129 (Emit LL 56774.0278, NIW term -6167.2593, Δ=0.0000)
2025-09-28 10:47:14,785 - __main__ - DEBUG - Iter 1: ELBO after Dirichlet update: 18614020.6160 (Trans LL -6.4010, Dir term 18563972.0000, Δ=426722.0031)
2025-09-28 10:47:14,856 - __main__ - DEBUG - Iter 1: ELBO after β update: 36612612.2039 (Init LL -529.0983, Dir term 36562564.0000, logp(β) -23.0661, Δ=17998591.5878)
2025-09-28 10:47:21,035 - __main__ - DEBUG - Iter 2: ELBO after FB: 36612612.2039 (LL 56238.5292, Δ=0.0000)
2025-09-28 10:47:21,036 - __main__ - DEBUG - Blending stats with ρ_niw=0.0500, ρ_tr=0.0500.
2025-09-28 10:47:21,085 - __main__ - DEBUG - Iter 2: ELBO after NIW update: 36612612.2039 (Emit LL 56774.0278, NIW term -6167.2593, Δ=0.0000)
2025-09-28 10:47:21,133 - __main__ - DEBUG - Iter 2: ELBO after Dirichlet update: 37033180.2076 (Trans LL -6.3972, Dir term 36983132.0000, Δ=420568.0037)
2025-09-28 10:47:21,203 - __main__ - DEBUG - Iter 2: ELBO after β update: 54892831.7901 (Init LL -529.4432, Dir term 54842784.0000, logp(β) -23.1386, Δ=17859651.5825)
2025-09-28 10:47:27,526 - __main__ - DEBUG - Iter 3: ELBO after FB: 54892831.7901 (LL 56238.1880, Δ=0.0000)
2025-09-28 10:47:27,527 - __main__ - DEBUG - Blending stats with ρ_niw=0.0500, ρ_tr=0.0500.
2025-09-28 10:47:27,578 - __main__ - DEBUG - Iter 3: ELBO after NIW update: 54892831.7901 (Emit LL 56774.0278, NIW term -6167.2593, Δ=0.0000)
2025-09-28 10:47:27,629 - __main__ - DEBUG - Iter 3: ELBO after Dirichlet update: 55313083.7932 (Trans LL -6.3941, Dir term 55263036.0000, Δ=420252.0031)
2025-09-28 10:47:27,695 - __main__ - DEBUG - Iter 3: ELBO after β update: 73034527.3714 (Init LL -529.7930, Dir term 72984480.0000, logp(β) -23.2107, Δ=17721443.5782)
2025-09-28 10:47:33,862 - __main__ - DEBUG - Iter 4: ELBO after FB: 73034527.3714 (LL 56237.8413, Δ=0.0000)
2025-09-28 10:47:33,863 - __main__ - DEBUG - Blending stats with ρ_niw=0.0500, ρ_tr=0.0500.
2025-09-28 10:47:33,912 - __main__ - DEBUG - Iter 4: ELBO after NIW update: 73034527.3714 (Emit LL 56774.0278, NIW term -6167.2593, Δ=0.0000)
2025-09-28 10:47:33,960 - __main__ - DEBUG - Iter 4: ELBO after Dirichlet update: 73450751.3751 (Trans LL -6.3904, Dir term 73400704.0000, Δ=416224.0037)
2025-09-28 10:47:34,031 - __main__ - DEBUG - Iter 4: ELBO after β update: 91035622.9478 (Init LL -530.1476, Dir term 90985576.0000, logp(β) -23.2833, Δ=17584871.5727)
2025-09-28 10:47:34,033 - __main__ - INFO -    HMM refresh complete: ELBO=502.7732, iters=0, max iters, states=40
2025-09-28 10:47:34,033 - __main__ - INFO -    ✅ HMM updated (next in 12,000 steps)
2025-09-28 10:47:34,034 - __main__ - INFO - 🔄 VAE refresh starting at step 113,664 with replay size 8x1536
2025-09-28 10:47:34,035 - __main__ - INFO -    Using span sampling (12288 timesteps, too large for full buffer)
2025-09-28 10:47:59,213 - __main__ - INFO -    VAE refresh complete: final_loss=2266.1797, avg_loss=2272.7711, steps=4/4, trend=improving, total_timesteps=12288, span_sampling=32_requested×4_steps, span_len=64
2025-09-28 10:47:59,215 - __main__ - INFO -    ✅ VAE updated (next in 12,000 steps)
2025-09-28 10:48:04,844 - __main__ - INFO - 📊 Episodes completed this rollout: 8
2025-09-28 10:48:04,844 - __main__ - INFO - 📈 Episode stats: avg return = -0.56, avg length = 400.0
2025-09-28 10:48:04,844 - __main__ - INFO - 🎯 Top 3 training actions: #2(26837), #0(26271), #1(25506)
2025-09-28 10:48:14,700 - __main__ - INFO - 📊 Episodes completed this rollout: 8
2025-09-28 10:48:14,701 - __main__ - INFO - 📈 Episode stats: avg return = -0.80, avg length = 400.0
2025-09-28 10:48:14,701 - __main__ - INFO - 🎯 Top 3 training actions: #2(27439), #0(26957), #1(26156)
2025-09-28 10:48:22,359 - __main__ - INFO - 🧪 Starting evaluation with 50 episodes...
2025-09-28 10:48:22,359 - __main__ - INFO -    Eval seed: 51
2025-09-28 10:48:22,359 - __main__ - INFO -    Max episode steps (eval): env default
2025-09-28 10:48:22,360 - nle.env.base - INFO - Not saving any NLE data.
2025-09-28 10:48:23,999 - __main__ - DEBUG - 🎯 Eval HMM masking: step 150 masked due to negative reward
2025-09-28 10:48:24,547 - __main__ - DEBUG - 🎯 Eval HMM masking: step 200 masked due to negative reward
2025-09-28 10:48:25,602 - __main__ - DEBUG - 🎯 Eval HMM masking: step 300 masked due to negative reward
2025-09-28 10:48:26,623 - __main__ - WARNING - ⚠️ Episode 1 terminated due to step limit.
2025-09-28 10:48:31,015 - __main__ - WARNING - ⚠️ Episode 2 terminated due to step limit.
2025-09-28 10:48:32,774 - __main__ - DEBUG - 🎯 Eval HMM masking: step 150 masked due to negative reward
2025-09-28 10:48:33,287 - __main__ - DEBUG - 🎯 Eval HMM masking: step 200 masked due to negative reward
2025-09-28 10:48:35,352 - __main__ - WARNING - ⚠️ Episode 3 terminated due to step limit.
2025-09-28 10:48:39,763 - __main__ - WARNING - ⚠️ Episode 4 terminated due to step limit.
2025-09-28 10:48:40,533 - __main__ - DEBUG - 🎯 Eval HMM masking: step 50 masked due to negative reward
2025-09-28 10:48:41,076 - __main__ - DEBUG - 🎯 Eval HMM masking: step 100 masked due to negative reward
2025-09-28 10:48:43,147 - __main__ - DEBUG - 🎯 Eval HMM masking: step 300 masked due to negative reward
2025-09-28 10:48:44,157 - __main__ - WARNING - ⚠️ Episode 5 terminated due to step limit.
2025-09-28 10:48:45,898 - __main__ - DEBUG - 🎯 Eval HMM masking: step 150 masked due to negative reward
2025-09-28 10:48:48,430 - __main__ - WARNING - ⚠️ Episode 6 terminated due to step limit.
2025-09-28 10:48:50,177 - __main__ - DEBUG - 🎯 Eval HMM masking: step 150 masked due to negative reward
2025-09-28 10:48:52,717 - __main__ - WARNING - ⚠️ Episode 7 terminated due to step limit.
2025-09-28 10:48:56,994 - __main__ - WARNING - ⚠️ Episode 8 terminated due to step limit.
2025-09-28 10:49:01,290 - __main__ - WARNING - ⚠️ Episode 9 terminated due to step limit.
2025-09-28 10:49:05,573 - __main__ - WARNING - ⚠️ Episode 10 terminated due to step limit.
2025-09-28 10:49:06,307 - __main__ - DEBUG - 🎯 Eval HMM masking: step 50 masked due to negative reward
2025-09-28 10:49:08,854 - __main__ - DEBUG - 🎯 Eval HMM masking: step 300 masked due to negative reward
2025-09-28 10:49:09,868 - __main__ - WARNING - ⚠️ Episode 11 terminated due to step limit.
2025-09-28 10:49:14,140 - __main__ - WARNING - ⚠️ Episode 12 terminated due to step limit.
2025-09-28 10:49:18,410 - __main__ - WARNING - ⚠️ Episode 13 terminated due to step limit.
2025-09-28 10:49:19,645 - __main__ - DEBUG - 🎯 Eval HMM masking: step 100 masked due to negative reward
2025-09-28 10:49:22,726 - __main__ - WARNING - ⚠️ Episode 14 terminated due to step limit.
2025-09-28 10:49:23,970 - __main__ - DEBUG - 🎯 Eval HMM masking: step 100 masked due to negative reward
2025-09-28 10:49:26,004 - __main__ - DEBUG - 🎯 Eval HMM masking: step 300 masked due to negative reward
2025-09-28 10:49:27,014 - __main__ - WARNING - ⚠️ Episode 15 terminated due to step limit.
2025-09-28 10:49:31,280 - __main__ - WARNING - ⚠️ Episode 16 terminated due to step limit.
2025-09-28 10:49:35,626 - __main__ - WARNING - ⚠️ Episode 17 terminated due to step limit.
2025-09-28 10:49:39,421 - __main__ - DEBUG - 🎯 Eval HMM masking: step 350 masked due to negative reward
2025-09-28 10:49:39,932 - __main__ - WARNING - ⚠️ Episode 18 terminated due to step limit.
2025-09-28 10:49:43,756 - __main__ - DEBUG - 🎯 Eval HMM masking: step 350 masked due to negative reward
2025-09-28 10:49:44,263 - __main__ - WARNING - ⚠️ Episode 19 terminated due to step limit.
2025-09-28 10:49:48,643 - __main__ - WARNING - ⚠️ Episode 20 terminated due to step limit.
2025-09-28 10:49:50,468 - __main__ - DEBUG - 🎯 Eval HMM masking: step 150 masked due to negative reward
2025-09-28 10:49:53,037 - __main__ - WARNING - ⚠️ Episode 21 terminated due to step limit.
2025-09-28 10:49:53,766 - __main__ - DEBUG - 🎯 Eval HMM masking: step 50 masked due to negative reward
2025-09-28 10:49:54,280 - __main__ - DEBUG - 🎯 Eval HMM masking: step 100 masked due to negative reward
2025-09-28 10:49:55,305 - __main__ - DEBUG - 🎯 Eval HMM masking: step 200 masked due to negative reward
2025-09-28 10:49:55,819 - __main__ - DEBUG - 🎯 Eval HMM masking: step 250 masked due to negative reward
2025-09-28 10:49:56,336 - __main__ - DEBUG - 🎯 Eval HMM masking: step 300 masked due to negative reward
2025-09-28 10:49:57,353 - __main__ - WARNING - ⚠️ Episode 22 terminated due to step limit.
2025-09-28 10:49:58,620 - __main__ - DEBUG - 🎯 Eval HMM masking: step 100 masked due to negative reward
2025-09-28 10:50:01,721 - __main__ - WARNING - ⚠️ Episode 23 terminated due to step limit.
2025-09-28 10:50:04,543 - __main__ - DEBUG - 🎯 Eval HMM masking: step 250 masked due to negative reward
2025-09-28 10:50:05,567 - __main__ - DEBUG - 🎯 Eval HMM masking: step 350 masked due to negative reward
2025-09-28 10:50:06,069 - __main__ - WARNING - ⚠️ Episode 24 terminated due to step limit.
2025-09-28 10:50:06,801 - __main__ - DEBUG - 🎯 Eval HMM masking: step 50 masked due to negative reward
2025-09-28 10:50:09,859 - __main__ - DEBUG - 🎯 Eval HMM masking: step 350 masked due to negative reward
2025-09-28 10:50:10,361 - __main__ - WARNING - ⚠️ Episode 25 terminated due to step limit.
2025-09-28 10:50:13,634 - __main__ - DEBUG - 🎯 Eval HMM masking: step 300 masked due to negative reward
2025-09-28 10:50:14,144 - __main__ - DEBUG - 🎯 Eval HMM masking: step 350 masked due to negative reward
2025-09-28 10:50:14,645 - __main__ - WARNING - ⚠️ Episode 26 terminated due to step limit.
2025-09-28 10:50:18,936 - __main__ - WARNING - ⚠️ Episode 27 terminated due to step limit.
2025-09-28 10:50:20,741 - __main__ - DEBUG - 🎯 Eval HMM masking: step 150 masked due to negative reward
2025-09-28 10:50:23,365 - __main__ - WARNING - ⚠️ Episode 28 terminated due to step limit.
2025-09-28 10:50:27,650 - __main__ - WARNING - ⚠️ Episode 29 terminated due to step limit.
2025-09-28 10:50:30,922 - __main__ - DEBUG - 🎯 Eval HMM masking: step 300 masked due to negative reward
2025-09-28 10:50:31,941 - __main__ - WARNING - ⚠️ Episode 30 terminated due to step limit.
2025-09-28 10:50:32,673 - __main__ - DEBUG - 🎯 Eval HMM masking: step 50 masked due to negative reward
2025-09-28 10:50:34,220 - __main__ - DEBUG - 🎯 Eval HMM masking: step 200 masked due to negative reward
2025-09-28 10:50:35,807 - __main__ - DEBUG - 🎯 Eval HMM masking: step 350 masked due to negative reward
2025-09-28 10:50:36,318 - __main__ - WARNING - ⚠️ Episode 31 terminated due to step limit.
2025-09-28 10:50:38,106 - __main__ - DEBUG - 🎯 Eval HMM masking: step 150 masked due to negative reward
2025-09-28 10:50:38,631 - __main__ - DEBUG - 🎯 Eval HMM masking: step 200 masked due to negative reward
2025-09-28 10:50:40,176 - __main__ - DEBUG - 🎯 Eval HMM masking: step 350 masked due to negative reward
2025-09-28 10:50:40,710 - __main__ - WARNING - ⚠️ Episode 32 terminated due to step limit.
2025-09-28 10:50:45,071 - __main__ - WARNING - ⚠️ Episode 33 terminated due to step limit.
2025-09-28 10:50:49,514 - __main__ - WARNING - ⚠️ Episode 34 terminated due to step limit.
2025-09-28 10:50:53,903 - __main__ - WARNING - ⚠️ Episode 35 terminated due to step limit.
2025-09-28 10:50:58,306 - __main__ - WARNING - ⚠️ Episode 36 terminated due to step limit.
2025-09-28 10:51:00,577 - __main__ - DEBUG - 🎯 Eval HMM masking: step 200 masked due to negative reward
2025-09-28 10:51:02,615 - __main__ - WARNING - ⚠️ Episode 37 terminated due to step limit.
2025-09-28 10:51:03,879 - __main__ - DEBUG - 🎯 Eval HMM masking: step 100 masked due to negative reward
2025-09-28 10:51:06,995 - __main__ - WARNING - ⚠️ Episode 38 terminated due to step limit.
2025-09-28 10:51:09,878 - __main__ - DEBUG - 🎯 Eval HMM masking: step 250 masked due to negative reward
2025-09-28 10:51:11,483 - __main__ - WARNING - ⚠️ Episode 39 terminated due to step limit.
2025-09-28 10:51:13,321 - __main__ - DEBUG - 🎯 Eval HMM masking: step 150 masked due to negative reward
2025-09-28 10:51:14,398 - __main__ - DEBUG - 🎯 Eval HMM masking: step 250 masked due to negative reward
2025-09-28 10:51:16,011 - __main__ - WARNING - ⚠️ Episode 40 terminated due to step limit.
2025-09-28 10:51:17,257 - __main__ - DEBUG - 🎯 Eval HMM masking: step 100 masked due to negative reward
2025-09-28 10:51:20,301 - __main__ - WARNING - ⚠️ Episode 41 terminated due to step limit.
2025-09-28 10:51:22,051 - __main__ - DEBUG - 🎯 Eval HMM masking: step 150 masked due to negative reward
2025-09-28 10:51:24,599 - __main__ - WARNING - ⚠️ Episode 42 terminated due to step limit.
2025-09-28 10:51:28,946 - __main__ - WARNING - ⚠️ Episode 43 terminated due to step limit.
2025-09-28 10:51:32,234 - __main__ - DEBUG - 🎯 Eval HMM masking: step 300 masked due to negative reward
2025-09-28 10:51:33,258 - __main__ - WARNING - ⚠️ Episode 44 terminated due to step limit.
2025-09-28 10:51:37,563 - __main__ - WARNING - ⚠️ Episode 45 terminated due to step limit.
2025-09-28 10:51:40,403 - __main__ - DEBUG - 🎯 Eval HMM masking: step 250 masked due to negative reward
2025-09-28 10:51:41,932 - __main__ - WARNING - ⚠️ Episode 46 terminated due to step limit.
2025-09-28 10:51:46,304 - __main__ - WARNING - ⚠️ Episode 47 terminated due to step limit.
2025-09-28 10:51:50,668 - __main__ - WARNING - ⚠️ Episode 48 terminated due to step limit.
2025-09-28 10:51:53,462 - __main__ - DEBUG - 🎯 Eval HMM masking: step 250 masked due to negative reward
2025-09-28 10:51:54,994 - __main__ - WARNING - ⚠️ Episode 49 terminated due to step limit.
2025-09-28 10:51:56,239 - __main__ - DEBUG - 🎯 Eval HMM masking: step 100 masked due to negative reward
2025-09-28 10:51:58,294 - __main__ - DEBUG - 🎯 Eval HMM masking: step 300 masked due to negative reward
2025-09-28 10:51:59,313 - __main__ - WARNING - ⚠️ Episode 50 terminated due to step limit.
2025-09-28 10:51:59,521 - __main__ - INFO - 📊 Evaluation Results (Current Round):
2025-09-28 10:51:59,521 - __main__ - INFO -    Episodes: 50
2025-09-28 10:51:59,521 - __main__ - INFO -    Time: 217.2s (4.3s/ep)
2025-09-28 10:51:59,521 - __main__ - INFO -    Average Return: -0.567 ± 0.250
2025-09-28 10:51:59,522 - __main__ - INFO -    Success Rate: 0.0%
2025-09-28 10:51:59,522 - __main__ - INFO -    Average Length: 400.0
2025-09-28 10:51:59,522 - __main__ - INFO -    Average Coverage: 80.1 positions
2025-09-28 10:51:59,522 - __main__ - INFO -    Episode Completions: 0 terminated (0.0%), 50 truncated (100.0%)
2025-09-28 10:51:59,522 - __main__ - INFO - 📈 Total Evaluation Statistics:
2025-09-28 10:51:59,522 - __main__ - INFO -    Total Episodes: 600
2025-09-28 10:51:59,522 - __main__ - INFO -    Total Average Return: -0.648 ± 0.273
2025-09-28 10:51:59,522 - __main__ - INFO -    Total Average Length: 400.0 ± 0.0
2025-09-28 10:51:59,522 - __main__ - INFO -    Total Completions: 0 terminated (0.0%), 600 truncated (100.0%)
2025-09-28 10:51:59,522 - __main__ - INFO -    Skill Entropy: 0.024
2025-09-28 10:51:59,522 - __main__ - INFO -    Used Skills: 3.0
2025-09-28 10:51:59,523 - __main__ - INFO -    Effective K: 1.65
2025-09-28 10:51:59,523 - __main__ - INFO - 🎯 Action Usage Statistics:
2025-09-28 10:51:59,523 - __main__ - INFO -    Unique actions in evaluation: 10
2025-09-28 10:51:59,523 - __main__ - INFO -    Unique actions in training: 10
2025-09-28 10:51:59,523 - __main__ - INFO -    Total unique actions: 10
2025-09-28 10:51:59,523 - __main__ - INFO -    Action coverage: 8.3%
2025-09-28 10:51:59,523 - __main__ - INFO -    Train action count: 120832
2025-09-28 10:51:59,523 - __main__ - INFO -    Eval action count: 240000
2025-09-28 10:51:59,524 - __main__ - INFO -    Train action entropy: 1.728
2025-09-28 10:51:59,524 - __main__ - INFO -    Eval action entropy: 1.706
2025-09-28 10:51:59,524 - __main__ - INFO -    Top 3 train actions: #2(27999), #0(27382), #1(26707)
2025-09-28 10:51:59,524 - __main__ - INFO -    Top 3 eval actions: #2(56284), #3(56187), #0(55556)
2025-09-28 10:52:01,905 - __main__ - INFO - 📊 Episodes completed this rollout: 8
2025-09-28 10:52:01,906 - __main__ - INFO - 📈 Episode stats: avg return = -0.61, avg length = 400.0
2025-09-28 10:52:01,906 - __main__ - INFO - 🎯 Top 3 training actions: #2(28252), #0(27610), #1(26937)
2025-09-28 10:52:12,228 - __main__ - INFO - 📊 Episodes completed this rollout: 8
2025-09-28 10:52:12,228 - __main__ - INFO - 📈 Episode stats: avg return = -0.80, avg length = 400.0
2025-09-28 10:52:12,229 - __main__ - INFO - 🎯 Top 3 training actions: #2(28730), #0(28265), #1(27607)
2025-09-28 10:52:16,435 - __main__ - INFO - 🔄 Synchronized model update at step 125,952
2025-09-28 10:52:16,436 - __main__ - INFO -    HMM interval: 12,000, VAE interval: 12,000
2025-09-28 10:52:16,436 - __main__ - INFO - 🚫 Model training masking: 1860/12288 timesteps masked (15.1%) due to negative rewards (invalid actions)
2025-09-28 10:52:16,795 - __main__ - INFO - 🔄 Capping HMM batch size from 894 to 128 to prevent OOM
2025-09-28 10:52:16,796 - __main__ - INFO - 🔄 HMM refresh starting at step 125,952 with replay size 128x123
2025-09-28 10:52:23,703 - __main__ - DEBUG - Initial ELBO: 91049594.0328
2025-09-28 10:52:23,707 - __main__ - DEBUG - Relative tol: 0.0100
2025-09-28 10:52:23,707 - __main__ - DEBUG - Relative elbo_drop_tol: 0.0100
2025-09-28 10:52:23,707 - __main__ - DEBUG - - Init -530.1476
2025-09-28 10:52:23,707 - __main__ - DEBUG - - Trans -8.2879
2025-09-28 10:52:23,708 - __main__ - DEBUG - - Emit 70747.0102
2025-09-28 10:52:23,708 - __main__ - DEBUG - - Entropy 0.0007
2025-09-28 10:52:23,708 - __main__ - DEBUG - - Dir 90985576.0000
2025-09-28 10:52:23,708 - __main__ - DEBUG - - NIW -6167.2593
2025-09-28 10:52:23,708 - __main__ - DEBUG - - Beta prior -23.2833
2025-09-28 10:52:31,166 - __main__ - DEBUG - Iter 0: ELBO after FB: 91049594.0328 (LL 70208.5754, Δ=0.0000)
2025-09-28 10:52:31,167 - __main__ - DEBUG - Blending stats with ρ_niw=0.0500, ρ_tr=0.0500.
2025-09-28 10:52:31,216 - __main__ - DEBUG - Iter 0: ELBO after NIW update: 91051371.0547 (Emit LL 73009.9305, NIW term -6653.1577, Δ=1777.0219)
2025-09-28 10:52:31,265 - __main__ - DEBUG - Iter 0: ELBO after Dirichlet update: 65813.0635 (Trans LL -8.0813, Dir term 17.8022, Δ=-90985557.9912)
2025-09-28 10:52:31,334 - __main__ - DEBUG - Iter 0: ELBO after β update: 17513060.8290 (Init LL -530.5071, Dir term 17447266.0000, logp(β) -23.3561, Δ=17447247.7655)
2025-09-28 10:52:38,383 - __main__ - DEBUG - Iter 1: ELBO after FB: 17513060.8290 (LL 72471.3428, Δ=0.0000)
2025-09-28 10:52:38,384 - __main__ - DEBUG - Blending stats with ρ_niw=0.0500, ρ_tr=0.0500.
2025-09-28 10:52:38,433 - __main__ - DEBUG - Iter 1: ELBO after NIW update: 17513060.8290 (Emit LL 73009.9305, NIW term -6653.1577, Δ=0.0000)
2025-09-28 10:52:38,481 - __main__ - DEBUG - Iter 1: ELBO after Dirichlet update: 17923812.8339 (Trans LL -8.0765, Dir term 17858018.0000, Δ=410752.0048)
2025-09-28 10:52:38,552 - __main__ - DEBUG - Iter 1: ELBO after β update: 35234834.3958 (Init LL -530.8715, Dir term 35169040.0000, logp(β) -23.4298, Δ=17311021.5620)
2025-09-28 10:52:45,773 - __main__ - DEBUG - Iter 2: ELBO after FB: 35234834.3958 (LL 72470.9833, Δ=0.0000)
2025-09-28 10:52:45,774 - __main__ - DEBUG - Blending stats with ρ_niw=0.0500, ρ_tr=0.0500.
2025-09-28 10:52:45,822 - __main__ - DEBUG - Iter 2: ELBO after NIW update: 35234834.3958 (Emit LL 73009.9305, NIW term -6653.1577, Δ=0.0000)
2025-09-28 10:52:45,871 - __main__ - DEBUG - Iter 2: ELBO after Dirichlet update: 35641530.4007 (Trans LL -8.0716, Dir term 35575736.0000, Δ=406696.0048)
2025-09-28 10:52:45,941 - __main__ - DEBUG - Iter 2: ELBO after β update: 52816941.9577 (Init LL -531.2407, Dir term 52751148.0000, logp(β) -23.5036, Δ=17175411.5570)
2025-09-28 10:52:53,095 - __main__ - DEBUG - Iter 3: ELBO after FB: 52816941.9577 (LL 72470.6190, Δ=0.0000)
2025-09-28 10:52:53,096 - __main__ - DEBUG - Blending stats with ρ_niw=0.0500, ρ_tr=0.0500.
2025-09-28 10:52:53,145 - __main__ - DEBUG - Iter 3: ELBO after NIW update: 52816941.9577 (Emit LL 73009.9305, NIW term -6653.1577, Δ=0.0000)
2025-09-28 10:52:53,194 - __main__ - DEBUG - Iter 3: ELBO after Dirichlet update: 53220933.9617 (Trans LL -8.0676, Dir term 53155140.0000, Δ=403992.0040)
2025-09-28 10:52:53,263 - __main__ - DEBUG - Iter 3: ELBO after β update: 70261577.5135 (Init LL -531.6147, Dir term 70195784.0000, logp(β) -23.5777, Δ=17040643.5518)
2025-09-28 10:53:00,351 - __main__ - DEBUG - Iter 4: ELBO after FB: 70261577.5135 (LL 72470.2489, Δ=0.0000)
2025-09-28 10:53:00,352 - __main__ - DEBUG - Blending stats with ρ_niw=0.0500, ρ_tr=0.0500.
2025-09-28 10:53:00,401 - __main__ - DEBUG - Iter 4: ELBO after NIW update: 70261577.5135 (Emit LL 73009.9305, NIW term -6653.1577, Δ=0.0000)
2025-09-28 10:53:00,450 - __main__ - DEBUG - Iter 4: ELBO after Dirichlet update: 70661921.5183 (Trans LL -8.0628, Dir term 70596128.0000, Δ=400344.0048)
2025-09-28 10:53:00,520 - __main__ - DEBUG - Iter 4: ELBO after β update: 87567977.0648 (Init LL -531.9937, Dir term 87502184.0000, logp(β) -23.6522, Δ=16906055.5465)
2025-09-28 10:53:00,521 - __main__ - INFO -    HMM refresh complete: ELBO=119.9617, iters=0, max iters, states=40
2025-09-28 10:53:00,522 - __main__ - INFO -    ✅ HMM updated (next in 12,000 steps)
2025-09-28 10:53:00,522 - __main__ - INFO - 🔄 VAE refresh starting at step 125,952 with replay size 8x1536
2025-09-28 10:53:00,523 - __main__ - INFO -    Using span sampling (12288 timesteps, too large for full buffer)
2025-09-28 10:53:24,014 - __main__ - INFO -    VAE refresh complete: final_loss=2276.8799, avg_loss=2286.2676, steps=4/4, trend=improving, total_timesteps=12288, span_sampling=32_requested×4_steps, span_len=64
2025-09-28 10:53:24,017 - __main__ - INFO -    ✅ VAE updated (next in 12,000 steps)
2025-09-28 10:53:29,595 - __main__ - INFO - 📊 Episodes completed this rollout: 8
2025-09-28 10:53:29,595 - __main__ - INFO - 📈 Episode stats: avg return = -0.48, avg length = 400.0
2025-09-28 10:53:29,595 - __main__ - INFO - 🎯 Top 3 training actions: #2(29343), #0(28800), #1(28464)
2025-09-28 10:53:37,144 - __main__ - INFO - 🧪 Starting evaluation with 50 episodes...
2025-09-28 10:53:37,144 - __main__ - INFO -    Eval seed: 51
2025-09-28 10:53:37,144 - __main__ - INFO -    Max episode steps (eval): env default
2025-09-28 10:53:37,145 - nle.env.base - INFO - Not saving any NLE data.
2025-09-28 10:53:41,371 - __main__ - WARNING - ⚠️ Episode 1 terminated due to step limit.
2025-09-28 10:53:45,838 - __main__ - WARNING - ⚠️ Episode 2 terminated due to step limit.
2025-09-28 10:53:47,100 - __main__ - DEBUG - 🎯 Eval HMM masking: step 100 masked due to negative reward
2025-09-28 10:53:48,143 - __main__ - DEBUG - 🎯 Eval HMM masking: step 200 masked due to negative reward
2025-09-28 10:53:49,711 - __main__ - DEBUG - 🎯 Eval HMM masking: step 350 masked due to negative reward
2025-09-28 10:53:50,247 - __main__ - WARNING - ⚠️ Episode 3 terminated due to step limit.
2025-09-28 10:53:54,666 - __main__ - WARNING - ⚠️ Episode 4 terminated due to step limit.
2025-09-28 10:53:57,503 - __main__ - DEBUG - 🎯 Eval HMM masking: step 250 masked due to negative reward
2025-09-28 10:53:59,045 - __main__ - WARNING - ⚠️ Episode 5 terminated due to step limit.
2025-09-28 10:54:03,366 - __main__ - WARNING - ⚠️ Episode 6 terminated due to step limit.
2025-09-28 10:54:04,612 - __main__ - DEBUG - 🎯 Eval HMM masking: step 100 masked due to negative reward
2025-09-28 10:54:07,686 - __main__ - WARNING - ⚠️ Episode 7 terminated due to step limit.
2025-09-28 10:54:12,007 - __main__ - WARNING - ⚠️ Episode 8 terminated due to step limit.
2025-09-28 10:54:16,421 - __main__ - WARNING - ⚠️ Episode 9 terminated due to step limit.
2025-09-28 10:54:18,704 - __main__ - DEBUG - 🎯 Eval HMM masking: step 200 masked due to negative reward
2025-09-28 10:54:19,758 - __main__ - DEBUG - 🎯 Eval HMM masking: step 300 masked due to negative reward
2025-09-28 10:54:20,785 - __main__ - WARNING - ⚠️ Episode 10 terminated due to step limit.
2025-09-28 10:54:22,578 - __main__ - DEBUG - 🎯 Eval HMM masking: step 150 masked due to negative reward
2025-09-28 10:54:24,122 - __main__ - DEBUG - 🎯 Eval HMM masking: step 300 masked due to negative reward
2025-09-28 10:54:25,152 - __main__ - WARNING - ⚠️ Episode 11 terminated due to step limit.
2025-09-28 10:54:25,884 - __main__ - DEBUG - 🎯 Eval HMM masking: step 50 masked due to negative reward
2025-09-28 10:54:29,487 - __main__ - WARNING - ⚠️ Episode 12 terminated due to step limit.
2025-09-28 10:54:33,828 - __main__ - WARNING - ⚠️ Episode 13 terminated due to step limit.
2025-09-28 10:54:34,594 - __main__ - DEBUG - 🎯 Eval HMM masking: step 50 masked due to negative reward
2025-09-28 10:54:36,651 - __main__ - DEBUG - 🎯 Eval HMM masking: step 250 masked due to negative reward
2025-09-28 10:54:38,188 - __main__ - WARNING - ⚠️ Episode 14 terminated due to step limit.
2025-09-28 10:54:39,439 - __main__ - DEBUG - 🎯 Eval HMM masking: step 100 masked due to negative reward
2025-09-28 10:54:42,002 - __main__ - DEBUG - 🎯 Eval HMM masking: step 350 masked due to negative reward
2025-09-28 10:54:42,512 - __main__ - WARNING - ⚠️ Episode 15 terminated due to step limit.
2025-09-28 10:54:46,350 - __main__ - DEBUG - 🎯 Eval HMM masking: step 350 masked due to negative reward
2025-09-28 10:54:46,905 - __main__ - WARNING - ⚠️ Episode 16 terminated due to step limit.
2025-09-28 10:54:48,710 - __main__ - DEBUG - 🎯 Eval HMM masking: step 150 masked due to negative reward
2025-09-28 10:54:51,335 - __main__ - WARNING - ⚠️ Episode 17 terminated due to step limit.
2025-09-28 10:54:52,078 - __main__ - DEBUG - 🎯 Eval HMM masking: step 50 masked due to negative reward
