2025-09-27 15:13:25,192 - __main__ - INFO - ================================================================================
2025-09-27 15:13:25,193 - __main__ - INFO - Starting Online PPO Training with Pretrained Models
2025-09-27 15:13:25,193 - __main__ - INFO - Environment: MiniHack-Room-Random-15x15-v0
2025-09-27 15:13:25,193 - __main__ - INFO - VAE Repository: CatkinChen/nethack-vae-hmm
2025-09-27 15:13:25,193 - __main__ - INFO - HMM Repository: CatkinChen/nethack-hmm
2025-09-27 15:13:25,193 - __main__ - INFO - Total Timesteps: 195
2025-09-27 15:13:25,193 - __main__ - INFO - ================================================================================
2025-09-27 15:13:25,193 - __main__ - INFO - 🔧 Using device: cuda
2025-09-27 15:13:25,193 - __main__ - INFO - 🆕 Fresh training mode: Loading models from separate repos
2025-09-27 15:13:25,193 - __main__ - INFO - 🎨 Loading pretrained VAE model...
2025-09-27 15:13:29,881 - __main__ - INFO - 🧠 Loading pretrained HMM model...
2025-09-27 15:13:34,119 - __main__ - INFO - ✅ VAE model loaded successfully
2025-09-27 15:13:34,119 - __main__ - INFO -    - Latent dimension: 96
2025-09-27 15:13:34,119 - __main__ - INFO -    - Skills: 40
2025-09-27 15:13:34,119 - __main__ - INFO - ✅ HMM model loaded successfully
2025-09-27 15:13:34,119 - __main__ - INFO -    🏷️  HMM Round: 4
2025-09-27 15:13:34,119 - __main__ - INFO -    📅 Created: 2025-09-15T21:41:06.331217
2025-09-27 15:13:34,119 - __main__ - INFO - 🎮 Creating environment: MiniHack-Room-Random-15x15-v0
2025-09-27 15:13:34,120 - nle.env.base - INFO - Not saving any NLE data.
2025-09-27 15:13:34,140 - __main__ - INFO -    - Observation space: Dict('blstats': Box(-2147483648, 2147483647, (27,), int64), 'chars': Box(0, 255, (21, 79), uint8), 'chars_crop': Box(0, 255, (9, 9), uint8), 'colors': Box(0, 15, (21, 79), uint8), 'colors_crop': Box(0, 15, (9, 9), uint8), 'glyphs': Box(0, 5976, (21, 79), int16), 'glyphs_crop': Box(0, 5976, (9, 9), int16), 'message': Box(0, 255, (256,), uint8), 'specials': Box(0, 255, (21, 79), uint8), 'specials_crop': Box(0, 255, (9, 9), uint8))
2025-09-27 15:13:34,141 - __main__ - INFO -    - Action space: Discrete(8)
2025-09-27 15:13:34,169 - __main__ - INFO - 🔄 HMM posterior set as prior for online updates with tempered weight 0.2
2025-09-27 15:13:34,169 - __main__ - INFO - 🔄 Using provided VAE config
2025-09-27 15:13:34,169 - __main__ - INFO -    - VAE prior mode set to 'hmm' for online training
2025-09-27 15:13:35,716 - __main__ - INFO - 📊 W&B initialized with run name: ablation_baseline_curiosity_skill_only_MiniHack_Room_Random_15x15_v0_20250927-151325
2025-09-27 15:13:35,717 - __main__ - INFO - 🚀 Initializing PPO trainer...
2025-09-27 15:13:35,717 - nle.env.base - INFO - Not saving any NLE data.
2025-09-27 15:13:35,741 - nle.env.base - INFO - Not saving any NLE data.
2025-09-27 15:13:35,760 - nle.env.base - INFO - Not saving any NLE data.
2025-09-27 15:13:35,774 - nle.env.base - INFO - Not saving any NLE data.
2025-09-27 15:13:35,793 - nle.env.base - INFO - Not saving any NLE data.
2025-09-27 15:13:35,808 - nle.env.base - INFO - Not saving any NLE data.
2025-09-27 15:13:35,827 - nle.env.base - INFO - Not saving any NLE data.
2025-09-27 15:13:35,885 - nle.env.base - INFO - Not saving any NLE data.
2025-09-27 15:13:40,312 - __main__ - INFO - ✅ PPO trainer initialized successfully
2025-09-27 15:13:40,312 - __main__ - INFO - 🆕 Starting fresh PPO training (no checkpoint loading)
2025-09-27 15:13:40,312 - __main__ - INFO - 🏋️  Starting PPO training...
2025-09-27 15:13:41,015 - __main__ - INFO - 🎮 Action Mapping Debug (step 0, timestep 0):
2025-09-27 15:13:41,016 - __main__ - INFO -    Global actions sampled: [7 1 2 0 7 1 3 4]
2025-09-27 15:13:41,016 - __main__ - INFO -    Local actions mapped:   [7 1 2 0 7 1 3 4]
2025-09-27 15:13:41,016 - __main__ - INFO -    Available env actions:  (<CompassDirection.N: 107>, <CompassDirection.E: 108>, <CompassDirection.S: 106>, <CompassDirection.W: 104>, <CompassDirection.NE: 117>, <CompassDirection.SE: 110>, <CompassDirection.SW: 98>, <CompassDirection.NW: 121>)
2025-09-27 15:13:41,017 - __main__ - INFO -    Action mapping:         ['local_0->global_0(107)', 'local_1->global_1(108)', 'local_2->global_2(106)', 'local_3->global_3(104)', 'local_4->global_4(117)', 'local_5->global_5(110)', 'local_6->global_6(98)', 'local_7->global_7(121)']
2025-09-27 15:13:41,017 - __main__ - INFO -    Valid global indices:   [0 1 2 3 4 5 6 7] (total: 8)
2025-09-27 15:13:41,017 - __main__ - INFO -    Global->Local mapping:  ['env0:g7->l7', 'env1:g1->l1', 'env2:g2->l2', 'env3:g0->l0', 'env4:g7->l7', 'env5:g1->l1', 'env6:g3->l3', 'env7:g4->l4']
2025-09-27 15:13:41,023 - __main__ - INFO - 🚫 Negative Reward Masking (step 0, timestep 0):
2025-09-27 15:13:41,023 - __main__ - INFO -    Environments masked due to prev negative rewards: 0/8
2025-09-27 15:13:41,023 - __main__ - INFO -    Environments with current negative rewards: 1/8
2025-09-27 15:13:41,024 - __main__ - INFO -    Rewards: [ 0.    0.    0.    0.   -0.01  0.    0.    0.  ]
2025-09-27 15:13:47,343 - __main__ - INFO - 📊 Episodes completed this rollout: 2
2025-09-27 15:13:47,343 - __main__ - INFO - 📈 Episode stats: avg return = 0.84, avg length = 156.0
2025-09-27 15:13:47,369 - __main__ - INFO - 🎯 Top 3 training actions: #0(300), #2(282), #6(271)
2025-09-27 15:13:51,499 - __main__ - INFO - 📊 Episodes completed this rollout: 8
2025-09-27 15:13:51,500 - __main__ - INFO - 📈 Episode stats: avg return = -0.07, avg length = 254.2
2025-09-27 15:13:51,500 - __main__ - INFO - 🎯 Top 3 training actions: #2(420), #7(415), #0(415)
2025-09-27 15:13:55,326 - __main__ - INFO - 📊 Episodes completed this rollout: 3
2025-09-27 15:13:55,327 - __main__ - INFO - 📈 Episode stats: avg return = 0.50, avg length = 164.3
2025-09-27 15:13:55,327 - __main__ - INFO - 🎯 Top 3 training actions: #7(604), #2(555), #0(552)
2025-09-27 15:13:59,190 - __main__ - INFO - 📊 Episodes completed this rollout: 5
2025-09-27 15:13:59,190 - __main__ - INFO - 📈 Episode stats: avg return = -0.24, avg length = 283.0
2025-09-27 15:13:59,190 - __main__ - INFO - 🎯 Top 3 training actions: #7(768), #1(710), #2(700)
2025-09-27 15:14:00,815 - __main__ - INFO - 🔄 Synchronized model update at step 5,120
2025-09-27 15:14:00,815 - __main__ - INFO -    HMM interval: 5,120, VAE interval: 5,120
2025-09-27 15:14:00,816 - __main__ - INFO - 🚫 Model training masking: 735/5120 timesteps masked (14.4%) due to negative rewards (invalid actions)
2025-09-27 15:14:00,992 - __main__ - INFO - 🔄 Capping HMM batch size from 412 to 128 to prevent OOM
2025-09-27 15:14:00,993 - __main__ - INFO - 🔄 HMM refresh starting at step 5,120 with replay size 128x75
2025-09-27 15:14:04,705 - __main__ - DEBUG - Initial ELBO: -21508.0312
2025-09-27 15:14:04,705 - __main__ - DEBUG - Relative tol: 0.0100
2025-09-27 15:14:04,705 - __main__ - DEBUG - Relative elbo_drop_tol: 0.0100
2025-09-27 15:14:04,705 - __main__ - DEBUG - - Init -346.1084
2025-09-27 15:14:04,705 - __main__ - DEBUG - - Trans -54.6452
2025-09-27 15:14:04,705 - __main__ - DEBUG - - Emit -21096.4512
2025-09-27 15:14:04,706 - __main__ - DEBUG - - Entropy 4.9542
2025-09-27 15:14:04,706 - __main__ - DEBUG - - Dir 0.0000
2025-09-27 15:14:04,706 - __main__ - DEBUG - - NIW 0.0003
2025-09-27 15:14:04,706 - __main__ - DEBUG - - Beta prior -15.7809
2025-09-27 15:14:08,841 - __main__ - DEBUG - Iter 0: ELBO after FB: -21508.0312 (LL -21492.2506, Δ=0.0000)
2025-09-27 15:14:08,841 - __main__ - DEBUG - First pass after reset, using full stats.
2025-09-27 15:14:08,886 - __main__ - DEBUG - Iter 0: ELBO after NIW update: -15227.2885 (Emit LL -12969.9617, NIW term -1845.7466, Δ=6280.7426)
2025-09-27 15:14:08,932 - __main__ - DEBUG - Iter 0: ELBO after Dirichlet update: -15214.5105 (Trans LL -33.2156, Dir term -8.6516, Δ=12.7780)
2025-09-27 15:14:09,012 - __main__ - DEBUG - Iter 0: ELBO after β update: -15213.9494 (Init LL -345.5369, Dir term -8.6535, logp(β) -15.7894, Δ=0.5611)
2025-09-27 15:14:13,024 - __main__ - DEBUG - Iter 1: ELBO after FB: -15110.7299 (LL -13240.5405, Δ=103.2195)
2025-09-27 15:14:13,024 - __main__ - DEBUG - First pass after reset, using full stats.
2025-09-27 15:14:13,070 - __main__ - DEBUG - Iter 1: ELBO after NIW update: -15107.3337 (Emit LL -12842.5734, NIW term -1860.8014, Δ=3.3962)
2025-09-27 15:14:13,115 - __main__ - DEBUG - Iter 1: ELBO after Dirichlet update: -15107.3797 (Trans LL -27.8024, Dir term -8.9178, Δ=-0.0460)
2025-09-27 15:14:13,194 - __main__ - DEBUG - Iter 1: ELBO after β update: -15106.8630 (Init LL -350.9567, Dir term -8.9789, logp(β) -15.7979, Δ=0.5167)
2025-09-27 15:14:13,195 - __main__ - DEBUG - Early stopping: ELBO improvement 107.0864 < tolerance
2025-09-27 15:14:13,196 - __main__ - INFO -    HMM refresh complete: ELBO=-10.9248, iters=0, max iters, states=40
2025-09-27 15:14:13,196 - __main__ - INFO -    ✅ HMM updated (next in 6,144 steps)
2025-09-27 15:14:13,196 - __main__ - INFO - 🔄 VAE refresh starting at step 5,120 with replay size 8x640
2025-09-27 15:14:13,197 - __main__ - INFO -    Using span sampling (5120 timesteps, too large for full buffer)
2025-09-27 15:14:39,405 - __main__ - INFO -    VAE refresh complete: final_loss=2709.0698, avg_loss=2718.2963, steps=4/4, trend=improving, total_timesteps=5120, span_sampling=32_requested×4_steps, span_len=64
2025-09-27 15:14:39,407 - __main__ - INFO -    ✅ VAE updated (next in 6,144 steps)
2025-09-27 15:14:41,594 - __main__ - INFO - 📊 Episodes completed this rollout: 3
2025-09-27 15:14:41,594 - __main__ - INFO - 📈 Episode stats: avg return = 0.02, avg length = 222.7
2025-09-27 15:14:41,594 - __main__ - INFO - 🎯 Top 3 training actions: #7(906), #1(875), #0(862)
2025-09-27 15:14:45,652 - __main__ - INFO - 📊 Episodes completed this rollout: 3
2025-09-27 15:14:45,653 - __main__ - INFO - 📈 Episode stats: avg return = 0.50, avg length = 211.0
2025-09-27 15:14:45,653 - __main__ - INFO - 🎯 Top 3 training actions: #0(1108), #2(1038), #7(1024)
2025-09-27 15:14:49,748 - __main__ - INFO - 📊 Episodes completed this rollout: 10
2025-09-27 15:14:49,748 - __main__ - INFO - 📈 Episode stats: avg return = 0.20, avg length = 181.4
2025-09-27 15:14:49,748 - __main__ - INFO - 🎯 Top 3 training actions: #0(1310), #2(1230), #7(1127)
2025-09-27 15:14:53,770 - __main__ - INFO - 📊 Episodes completed this rollout: 1
2025-09-27 15:14:53,770 - __main__ - INFO - 📈 Episode stats: avg return = -0.30, avg length = 300.0
2025-09-27 15:14:53,770 - __main__ - INFO - 🎯 Top 3 training actions: #0(1457), #2(1430), #1(1260)
2025-09-27 15:14:57,725 - __main__ - INFO - 📊 Episodes completed this rollout: 8
2025-09-27 15:14:57,725 - __main__ - INFO - 📈 Episode stats: avg return = -0.04, avg length = 250.8
2025-09-27 15:14:57,726 - __main__ - INFO - 🎯 Top 3 training actions: #2(1646), #0(1611), #1(1433)
2025-09-27 15:14:59,584 - __main__ - INFO - 🧪 Starting evaluation with 50 episodes...
2025-09-27 15:14:59,584 - __main__ - INFO -    Eval seed: 51
2025-09-27 15:14:59,584 - __main__ - INFO -    Max episode steps (eval): env default
2025-09-27 15:14:59,585 - nle.env.base - INFO - Not saving any NLE data.
2025-09-27 15:15:01,197 - __main__ - DEBUG - 🎯 Eval HMM masking: step 150 masked due to negative reward
2025-09-27 15:15:01,722 - __main__ - DEBUG - 🎯 Eval HMM masking: step 200 masked due to negative reward
2025-09-27 15:15:02,765 - __main__ - WARNING - ⚠️ Episode 1 terminated due to step limit.
2025-09-27 15:15:06,095 - __main__ - WARNING - ⚠️ Episode 2 terminated due to step limit.
2025-09-27 15:15:09,415 - __main__ - WARNING - ⚠️ Episode 3 terminated due to step limit.
2025-09-27 15:15:12,739 - __main__ - WARNING - ⚠️ Episode 4 terminated due to step limit.
2025-09-27 15:15:16,048 - __main__ - WARNING - ⚠️ Episode 5 terminated due to step limit.
2025-09-27 15:15:17,265 - __main__ - DEBUG - 🎯 Eval HMM masking: step 100 masked due to negative reward
2025-09-27 15:15:18,322 - __main__ - DEBUG - 🎯 Eval HMM masking: step 200 masked due to negative reward
2025-09-27 15:15:19,369 - __main__ - WARNING - ⚠️ Episode 6 terminated due to step limit.
2025-09-27 15:15:22,681 - __main__ - WARNING - ⚠️ Episode 7 terminated due to step limit.
2025-09-27 15:15:23,369 - __main__ - DEBUG - 🎯 Eval HMM masking: step 50 masked due to negative reward
2025-09-27 15:15:28,235 - __main__ - WARNING - ⚠️ Episode 10 terminated due to step limit.
2025-09-27 15:15:32,750 - __main__ - WARNING - ⚠️ Episode 12 terminated due to step limit.
2025-09-27 15:15:36,075 - __main__ - WARNING - ⚠️ Episode 13 terminated due to step limit.
2025-09-27 15:15:39,386 - __main__ - WARNING - ⚠️ Episode 14 terminated due to step limit.
2025-09-27 15:15:42,704 - __main__ - WARNING - ⚠️ Episode 15 terminated due to step limit.
2025-09-27 15:15:46,428 - __main__ - WARNING - ⚠️ Episode 18 terminated due to step limit.
2025-09-27 15:15:47,645 - __main__ - DEBUG - 🎯 Eval HMM masking: step 100 masked due to negative reward
2025-09-27 15:15:53,709 - __main__ - WARNING - ⚠️ Episode 21 terminated due to step limit.
2025-09-27 15:15:54,400 - __main__ - DEBUG - 🎯 Eval HMM masking: step 50 masked due to negative reward
2025-09-27 15:15:57,030 - __main__ - WARNING - ⚠️ Episode 22 terminated due to step limit.
2025-09-27 15:15:59,428 - __main__ - DEBUG - 🎯 Eval HMM masking: step 100 masked due to negative reward
2025-09-27 15:16:01,521 - __main__ - WARNING - ⚠️ Episode 24 terminated due to step limit.
2025-09-27 15:16:04,811 - __main__ - WARNING - ⚠️ Episode 25 terminated due to step limit.
2025-09-27 15:16:06,036 - __main__ - DEBUG - 🎯 Eval HMM masking: step 100 masked due to negative reward
2025-09-27 15:16:07,605 - __main__ - DEBUG - 🎯 Eval HMM masking: step 250 masked due to negative reward
2025-09-27 15:16:08,119 - __main__ - WARNING - ⚠️ Episode 26 terminated due to step limit.
2025-09-27 15:16:11,419 - __main__ - WARNING - ⚠️ Episode 27 terminated due to step limit.
2025-09-27 15:16:14,729 - __main__ - WARNING - ⚠️ Episode 28 terminated due to step limit.
2025-09-27 15:16:18,032 - __main__ - WARNING - ⚠️ Episode 29 terminated due to step limit.
2025-09-27 15:16:21,330 - __main__ - WARNING - ⚠️ Episode 30 terminated due to step limit.
2025-09-27 15:16:24,697 - __main__ - WARNING - ⚠️ Episode 32 terminated due to step limit.
2025-09-27 15:16:28,000 - __main__ - WARNING - ⚠️ Episode 33 terminated due to step limit.
2025-09-27 15:16:30,776 - __main__ - DEBUG - 🎯 Eval HMM masking: step 250 masked due to negative reward
2025-09-27 15:16:31,293 - __main__ - WARNING - ⚠️ Episode 34 terminated due to step limit.
2025-09-27 15:16:37,751 - __main__ - WARNING - ⚠️ Episode 36 terminated due to step limit.
2025-09-27 15:16:41,108 - __main__ - WARNING - ⚠️ Episode 37 terminated due to step limit.
2025-09-27 15:16:48,985 - __main__ - WARNING - ⚠️ Episode 41 terminated due to step limit.
2025-09-27 15:16:53,720 - __main__ - DEBUG - 🎯 Eval HMM masking: step 50 masked due to negative reward
2025-09-27 15:16:56,327 - __main__ - WARNING - ⚠️ Episode 44 terminated due to step limit.
2025-09-27 15:16:59,620 - __main__ - WARNING - ⚠️ Episode 45 terminated due to step limit.
2025-09-27 15:17:02,918 - __main__ - WARNING - ⚠️ Episode 46 terminated due to step limit.
2025-09-27 15:17:05,177 - __main__ - DEBUG - 🎯 Eval HMM masking: step 200 masked due to negative reward
2025-09-27 15:17:09,317 - __main__ - WARNING - ⚠️ Episode 49 terminated due to step limit.
2025-09-27 15:17:10,916 - __main__ - INFO - 📊 Evaluation Results (Current Round):
2025-09-27 15:17:10,916 - __main__ - INFO -    Episodes: 50
2025-09-27 15:17:10,916 - __main__ - INFO -    Time: 131.3s (2.6s/ep)
2025-09-27 15:17:10,916 - __main__ - INFO -    Average Return: 0.115 ± 0.597
2025-09-27 15:17:10,916 - __main__ - INFO -    Success Rate: 36.0%
2025-09-27 15:17:10,916 - __main__ - INFO -    Average Length: 237.7
2025-09-27 15:17:10,916 - __main__ - INFO -    Average Coverage: 80.3 positions
2025-09-27 15:17:10,916 - __main__ - INFO -    Episode Completions: 18 terminated (36.0%), 32 truncated (64.0%)
2025-09-27 15:17:10,916 - __main__ - INFO - 📈 Total Evaluation Statistics:
2025-09-27 15:17:10,916 - __main__ - INFO -    Total Episodes: 50
2025-09-27 15:17:10,916 - __main__ - INFO -    Total Average Return: 0.115 ± 0.597
2025-09-27 15:17:10,917 - __main__ - INFO -    Total Average Length: 237.7 ± 99.5
2025-09-27 15:17:10,917 - __main__ - INFO -    Total Completions: 18 terminated (36.0%), 32 truncated (64.0%)
2025-09-27 15:17:10,917 - __main__ - INFO -    Skill Entropy: 0.132
2025-09-27 15:17:10,917 - __main__ - INFO -    Used Skills: 1.0
2025-09-27 15:17:10,917 - __main__ - INFO -    Effective K: 1.18
2025-09-27 15:17:10,917 - __main__ - INFO - 🎯 Action Usage Statistics:
2025-09-27 15:17:10,917 - __main__ - INFO -    Unique actions in evaluation: 8
2025-09-27 15:17:10,917 - __main__ - INFO -    Unique actions in training: 8
2025-09-27 15:17:10,917 - __main__ - INFO -    Total unique actions: 8
2025-09-27 15:17:10,917 - __main__ - INFO -    Action coverage: 6.6%
2025-09-27 15:17:10,917 - __main__ - INFO -    Train action count: 10240
2025-09-27 15:17:10,918 - __main__ - INFO -    Eval action count: 11884
2025-09-27 15:17:10,918 - __main__ - INFO -    Train action entropy: 2.056
2025-09-27 15:17:10,918 - __main__ - INFO -    Eval action entropy: 1.981
2025-09-27 15:17:10,919 - __main__ - INFO -    Top 3 train actions: #2(1646), #0(1611), #1(1433)
2025-09-27 15:17:10,919 - __main__ - INFO -    Top 3 eval actions: #3(2347), #2(2208), #1(2103)
2025-09-27 15:17:13,097 - __main__ - INFO - 📊 Episodes completed this rollout: 3
2025-09-27 15:17:13,098 - __main__ - INFO - 📈 Episode stats: avg return = 0.47, avg length = 157.7
2025-09-27 15:17:13,098 - __main__ - INFO - 🎯 Top 3 training actions: #2(1834), #0(1772), #1(1623)
2025-09-27 15:17:14,971 - __main__ - INFO - 🔄 Synchronized model update at step 11,264
2025-09-27 15:17:14,973 - __main__ - INFO -    HMM interval: 6,144, VAE interval: 6,144
2025-09-27 15:17:14,974 - __main__ - INFO - 🚫 Model training masking: 516/6144 timesteps masked (8.4%) due to negative rewards (invalid actions)
2025-09-27 15:17:15,214 - __main__ - INFO - 🔄 Capping HMM batch size from 344 to 128 to prevent OOM
2025-09-27 15:17:15,214 - __main__ - INFO - 🔄 HMM refresh starting at step 11,264 with replay size 128x115
2025-09-27 15:17:22,432 - __main__ - DEBUG - Initial ELBO: -12764.6439
2025-09-27 15:17:22,433 - __main__ - DEBUG - Relative tol: 0.0100
2025-09-27 15:17:22,433 - __main__ - DEBUG - Relative elbo_drop_tol: 0.0100
2025-09-27 15:17:22,433 - __main__ - DEBUG - - Init -349.6431
2025-09-27 15:17:22,434 - __main__ - DEBUG - - Trans -35.0267
2025-09-27 15:17:22,434 - __main__ - DEBUG - - Emit -10495.1425
2025-09-27 15:17:22,434 - __main__ - DEBUG - - Entropy 0.7466
2025-09-27 15:17:22,434 - __main__ - DEBUG - - Dir -8.9789
2025-09-27 15:17:22,434 - __main__ - DEBUG - - NIW -1860.8014
2025-09-27 15:17:22,434 - __main__ - DEBUG - - Beta prior -15.7979
2025-09-27 15:17:28,341 - __main__ - DEBUG - Iter 0: ELBO after FB: -12764.6439 (LL -10879.0657, Δ=0.0000)
2025-09-27 15:17:28,343 - __main__ - DEBUG - Blending stats with ρ_niw=0.0500, ρ_tr=0.0500.
2025-09-27 15:17:28,390 - __main__ - DEBUG - Iter 0: ELBO after NIW update: -11646.2764 (Emit LL -9393.0431, NIW term -1844.5333, Δ=1118.3675)
2025-09-27 15:17:28,438 - __main__ - DEBUG - Iter 0: ELBO after Dirichlet update: -11646.0945 (Trans LL -34.8113, Dir term -9.0124, Δ=0.1819)
2025-09-27 15:17:28,512 - __main__ - DEBUG - Iter 0: ELBO after β update: -11645.5505 (Init LL -349.0624, Dir term -9.0402, logp(β) -15.8068, Δ=0.5440)
2025-09-27 15:17:34,432 - __main__ - DEBUG - Iter 1: ELBO after FB: -11640.5013 (LL -9771.1210, Δ=5.0492)
2025-09-27 15:17:34,433 - __main__ - DEBUG - Blending stats with ρ_niw=0.0500, ρ_tr=0.0500.
2025-09-27 15:17:34,481 - __main__ - DEBUG - Iter 1: ELBO after NIW update: -11639.8211 (Emit LL -9386.5751, NIW term -1844.6650, Δ=0.6802)
2025-09-27 15:17:34,529 - __main__ - DEBUG - Iter 1: ELBO after Dirichlet update: -11639.9077 (Trans LL -34.5816, Dir term -9.0947, Δ=-0.0866)
2025-09-27 15:17:34,607 - __main__ - DEBUG - Iter 1: ELBO after β update: -11639.4003 (Init LL -349.0446, Dir term -9.1604, logp(β) -15.8157, Δ=0.5073)
2025-09-27 15:17:34,608 - __main__ - DEBUG - Early stopping: ELBO improvement 6.1502 < tolerance
2025-09-27 15:17:34,609 - __main__ - INFO -    HMM refresh complete: ELBO=-31.3669, iters=0, max iters, states=40
2025-09-27 15:17:34,609 - __main__ - INFO -    ✅ HMM updated (next in 7,372 steps)
2025-09-27 15:17:34,609 - __main__ - INFO - 🔄 VAE refresh starting at step 11,264 with replay size 8x768
2025-09-27 15:17:34,610 - __main__ - INFO -    Using span sampling (6144 timesteps, too large for full buffer)
2025-09-27 15:18:01,880 - __main__ - INFO -    VAE refresh complete: final_loss=2708.3052, avg_loss=2714.4883, steps=4/4, trend=improving, total_timesteps=6144, span_sampling=32_requested×4_steps, span_len=64
2025-09-27 15:18:01,883 - __main__ - INFO -    ✅ VAE updated (next in 7,372 steps)
2025-09-27 15:18:04,097 - __main__ - INFO - 📊 Episodes completed this rollout: 2
2025-09-27 15:18:04,097 - __main__ - INFO - 📈 Episode stats: avg return = -0.18, avg length = 300.0
2025-09-27 15:18:04,097 - __main__ - INFO - 🎯 Top 3 training actions: #2(2008), #0(1898), #1(1842)
2025-09-27 15:18:08,188 - __main__ - INFO - 📊 Episodes completed this rollout: 7
2025-09-27 15:18:08,189 - __main__ - INFO - 📈 Episode stats: avg return = 0.20, avg length = 222.6
2025-09-27 15:18:08,189 - __main__ - INFO - 🎯 Top 3 training actions: #2(2133), #1(2092), #3(2052)
2025-09-27 15:18:12,265 - __main__ - INFO - 📊 Episodes completed this rollout: 4
2025-09-27 15:18:12,265 - __main__ - INFO - 📈 Episode stats: avg return = 0.20, avg length = 258.5
2025-09-27 15:18:12,266 - __main__ - INFO - 🎯 Top 3 training actions: #2(2289), #3(2283), #1(2260)
2025-09-27 15:18:16,368 - __main__ - INFO - 📊 Episodes completed this rollout: 6
2025-09-27 15:18:16,368 - __main__ - INFO - 📈 Episode stats: avg return = 0.11, avg length = 228.3
2025-09-27 15:18:16,368 - __main__ - INFO - 🎯 Top 3 training actions: #3(2574), #2(2485), #1(2437)
2025-09-27 15:18:20,382 - __main__ - INFO - 📊 Episodes completed this rollout: 3
2025-09-27 15:18:20,383 - __main__ - INFO - 📈 Episode stats: avg return = 0.54, avg length = 125.3
2025-09-27 15:18:20,383 - __main__ - INFO - 🎯 Top 3 training actions: #3(2798), #2(2712), #1(2630)
2025-09-27 15:18:24,461 - __main__ - INFO - 📊 Episodes completed this rollout: 5
2025-09-27 15:18:24,461 - __main__ - INFO - 📈 Episode stats: avg return = -0.05, avg length = 267.4
2025-09-27 15:18:24,462 - __main__ - INFO - 🎯 Top 3 training actions: #3(3024), #2(2904), #1(2889)
2025-09-27 15:18:28,540 - __main__ - INFO - 📊 Episodes completed this rollout: 4
2025-09-27 15:18:28,540 - __main__ - INFO - 📈 Episode stats: avg return = 0.09, avg length = 246.8
2025-09-27 15:18:28,540 - __main__ - INFO - 🎯 Top 3 training actions: #3(3221), #1(3133), #2(3077)
2025-09-27 15:18:32,620 - __main__ - INFO - 📊 Episodes completed this rollout: 3
2025-09-27 15:18:32,620 - __main__ - INFO - 📈 Episode stats: avg return = -0.02, avg length = 270.0
2025-09-27 15:18:32,620 - __main__ - INFO - 🎯 Top 3 training actions: #3(3487), #1(3279), #2(3250)
2025-09-27 15:18:34,463 - __main__ - INFO - 🔄 Synchronized model update at step 19,456
2025-09-27 15:18:34,463 - __main__ - INFO -    HMM interval: 7,372, VAE interval: 7,372
2025-09-27 15:18:34,464 - __main__ - INFO - 🚫 Model training masking: 896/8192 timesteps masked (10.9%) due to negative rewards (invalid actions)
2025-09-27 15:18:34,737 - __main__ - INFO - 🔄 Capping HMM batch size from 544 to 128 to prevent OOM
2025-09-27 15:18:34,738 - __main__ - INFO - 🔄 HMM refresh starting at step 19,456 with replay size 128x117
2025-09-27 15:18:40,524 - __main__ - DEBUG - Initial ELBO: -12141.1460
2025-09-27 15:18:40,525 - __main__ - DEBUG - Relative tol: 0.0100
2025-09-27 15:18:40,525 - __main__ - DEBUG - Relative elbo_drop_tol: 0.0100
2025-09-27 15:18:40,525 - __main__ - DEBUG - - Init -323.4435
2025-09-27 15:18:40,525 - __main__ - DEBUG - - Trans -62.1361
2025-09-27 15:18:40,525 - __main__ - DEBUG - - Emit -9918.0400
2025-09-27 15:18:40,525 - __main__ - DEBUG - - Entropy 32.1147
2025-09-27 15:18:40,526 - __main__ - DEBUG - - Dir -9.1604
2025-09-27 15:18:40,526 - __main__ - DEBUG - - NIW -1844.6650
2025-09-27 15:18:40,526 - __main__ - DEBUG - - Beta prior -15.8157
2025-09-27 15:18:46,624 - __main__ - DEBUG - Iter 0: ELBO after FB: -12141.1460 (LL -10271.5049, Δ=0.0000)
2025-09-27 15:18:46,625 - __main__ - DEBUG - Blending stats with ρ_niw=0.0500, ρ_tr=0.0500.
2025-09-27 15:18:46,673 - __main__ - DEBUG - Iter 0: ELBO after NIW update: -9208.8961 (Emit LL -6993.9036, NIW term -1836.5515, Δ=2932.2499)
2025-09-27 15:18:46,720 - __main__ - DEBUG - Iter 0: ELBO after Dirichlet update: -9208.7178 (Trans LL -62.1217, Dir term -8.9964, Δ=0.1783)
2025-09-27 15:18:46,797 - __main__ - DEBUG - Iter 0: ELBO after β update: -9208.2759 (Init LL -322.9700, Dir term -9.0186, logp(β) -15.8251, Δ=0.4419)
2025-09-27 15:18:52,933 - __main__ - DEBUG - Iter 1: ELBO after FB: -8937.0816 (LL -7075.6864, Δ=271.1943)
2025-09-27 15:18:52,935 - __main__ - DEBUG - Blending stats with ρ_niw=0.0500, ρ_tr=0.0500.
2025-09-27 15:18:52,982 - __main__ - DEBUG - Iter 1: ELBO after NIW update: -8716.2028 (Emit LL -6469.7744, NIW term -1846.7939, Δ=220.8788)
2025-09-27 15:18:53,030 - __main__ - DEBUG - Iter 1: ELBO after Dirichlet update: -8716.2862 (Trans LL -33.2375, Dir term -9.1594, Δ=-0.0834)
2025-09-27 15:18:53,113 - __main__ - DEBUG - Iter 1: ELBO after β update: -8715.7960 (Init LL -343.8778, Dir term -9.2235, logp(β) -15.8343, Δ=0.4902)
2025-09-27 15:18:59,151 - __main__ - DEBUG - Iter 2: ELBO after FB: -8710.3069 (LL -6838.4551, Δ=5.4891)
2025-09-27 15:18:59,152 - __main__ - DEBUG - Blending stats with ρ_niw=0.0500, ρ_tr=0.0500.
2025-09-27 15:18:59,199 - __main__ - DEBUG - Iter 2: ELBO after NIW update: -8705.8817 (Emit LL -6458.8674, NIW term -1846.7340, Δ=4.4252)
2025-09-27 15:18:59,252 - __main__ - DEBUG - Iter 2: ELBO after Dirichlet update: -8706.0641 (Trans LL -32.5661, Dir term -9.3788, Δ=-0.1824)
2025-09-27 15:18:59,322 - __main__ - DEBUG - Iter 2: ELBO after β update: -8705.5840 (Init LL -344.3269, Dir term -9.4709, logp(β) -15.8361, Δ=0.4800)
2025-09-27 15:18:59,323 - __main__ - DEBUG - Early stopping: ELBO improvement 10.2120 < tolerance
2025-09-27 15:18:59,324 - __main__ - INFO -    HMM refresh complete: ELBO=-10.2749, iters=0, max iters, states=40
2025-09-27 15:18:59,324 - __main__ - INFO -    ✅ HMM updated (next in 8,846 steps)
2025-09-27 15:18:59,325 - __main__ - INFO - 🔄 VAE refresh starting at step 19,456 with replay size 8x1024
2025-09-27 15:18:59,326 - __main__ - INFO -    Using span sampling (8192 timesteps, too large for full buffer)
2025-09-27 15:19:28,480 - __main__ - INFO -    VAE refresh complete: final_loss=2678.3813, avg_loss=2684.1707, steps=4/4, trend=improving, total_timesteps=8192, span_sampling=32_requested×4_steps, span_len=64
2025-09-27 15:19:28,482 - __main__ - INFO -    ✅ VAE updated (next in 8,846 steps)
2025-09-27 15:19:30,702 - __main__ - INFO - 📊 Episodes completed this rollout: 8
2025-09-27 15:19:30,702 - __main__ - INFO - 📈 Episode stats: avg return = 0.37, avg length = 176.4
2025-09-27 15:19:30,703 - __main__ - INFO - 🎯 Top 3 training actions: #3(3808), #2(3411), #1(3408)
2025-09-27 15:19:32,537 - __main__ - INFO - 🧪 Starting evaluation with 50 episodes...
2025-09-27 15:19:32,538 - __main__ - INFO -    Eval seed: 51
2025-09-27 15:19:32,538 - __main__ - INFO -    Max episode steps (eval): env default
2025-09-27 15:19:32,539 - nle.env.base - INFO - Not saving any NLE data.
2025-09-27 15:19:33,628 - __main__ - DEBUG - 🎯 Eval HMM masking: step 100 masked due to negative reward
2025-09-27 15:19:34,155 - __main__ - DEBUG - 🎯 Eval HMM masking: step 150 masked due to negative reward
2025-09-27 15:19:34,682 - __main__ - DEBUG - 🎯 Eval HMM masking: step 200 masked due to negative reward
2025-09-27 15:19:35,729 - __main__ - WARNING - ⚠️ Episode 1 terminated due to step limit.
2025-09-27 15:19:43,744 - __main__ - WARNING - ⚠️ Episode 4 terminated due to step limit.
2025-09-27 15:19:46,616 - __main__ - DEBUG - 🎯 Eval HMM masking: step 250 masked due to negative reward
2025-09-27 15:19:47,148 - __main__ - WARNING - ⚠️ Episode 5 terminated due to step limit.
2025-09-27 15:19:47,858 - __main__ - DEBUG - 🎯 Eval HMM masking: step 50 masked due to negative reward
2025-09-27 15:19:50,538 - __main__ - WARNING - ⚠️ Episode 6 terminated due to step limit.
2025-09-27 15:19:53,988 - __main__ - WARNING - ⚠️ Episode 7 terminated due to step limit.
2025-09-27 15:19:58,502 - __main__ - WARNING - ⚠️ Episode 8 terminated due to step limit.
2025-09-27 15:19:59,625 - __main__ - DEBUG - 🎯 Eval HMM masking: step 50 masked due to negative reward
2025-09-27 15:20:01,409 - __main__ - DEBUG - 🎯 Eval HMM masking: step 100 masked due to negative reward
2025-09-27 15:20:03,012 - __main__ - DEBUG - 🎯 Eval HMM masking: step 250 masked due to negative reward
2025-09-27 15:20:03,534 - __main__ - WARNING - ⚠️ Episode 10 terminated due to step limit.
2025-09-27 15:20:05,288 - __main__ - DEBUG - 🎯 Eval HMM masking: step 150 masked due to negative reward
2025-09-27 15:20:06,896 - __main__ - WARNING - ⚠️ Episode 11 terminated due to step limit.
2025-09-27 15:20:10,300 - __main__ - WARNING - ⚠️ Episode 12 terminated due to step limit.
2025-09-27 15:20:12,616 - __main__ - DEBUG - 🎯 Eval HMM masking: step 200 masked due to negative reward
2025-09-27 15:20:13,685 - __main__ - WARNING - ⚠️ Episode 13 terminated due to step limit.
2025-09-27 15:20:16,555 - __main__ - DEBUG - 🎯 Eval HMM masking: step 250 masked due to negative reward
2025-09-27 15:20:17,082 - __main__ - WARNING - ⚠️ Episode 14 terminated due to step limit.
2025-09-27 15:20:17,773 - __main__ - DEBUG - 🎯 Eval HMM masking: step 50 masked due to negative reward
2025-09-27 15:20:20,412 - __main__ - WARNING - ⚠️ Episode 15 terminated due to step limit.
2025-09-27 15:20:23,801 - __main__ - WARNING - ⚠️ Episode 16 terminated due to step limit.
2025-09-27 15:20:27,159 - __main__ - WARNING - ⚠️ Episode 17 terminated due to step limit.
2025-09-27 15:20:27,865 - __main__ - DEBUG - 🎯 Eval HMM masking: step 50 masked due to negative reward
2025-09-27 15:20:30,531 - __main__ - WARNING - ⚠️ Episode 18 terminated due to step limit.
2025-09-27 15:20:35,500 - __main__ - DEBUG - 🎯 Eval HMM masking: step 150 masked due to negative reward
2025-09-27 15:20:36,040 - __main__ - DEBUG - 🎯 Eval HMM masking: step 200 masked due to negative reward
2025-09-27 15:20:37,094 - __main__ - WARNING - ⚠️ Episode 21 terminated due to step limit.
2025-09-27 15:20:40,416 - __main__ - WARNING - ⚠️ Episode 22 terminated due to step limit.
2025-09-27 15:20:41,640 - __main__ - DEBUG - 🎯 Eval HMM masking: step 100 masked due to negative reward
2025-09-27 15:20:42,197 - __main__ - DEBUG - 🎯 Eval HMM masking: step 150 masked due to negative reward
2025-09-27 15:20:44,067 - __main__ - WARNING - ⚠️ Episode 23 terminated due to step limit.
2025-09-27 15:20:45,825 - __main__ - DEBUG - 🎯 Eval HMM masking: step 150 masked due to negative reward
2025-09-27 15:20:47,433 - __main__ - WARNING - ⚠️ Episode 24 terminated due to step limit.
2025-09-27 15:20:48,143 - __main__ - DEBUG - 🎯 Eval HMM masking: step 50 masked due to negative reward
2025-09-27 15:20:50,847 - __main__ - WARNING - ⚠️ Episode 25 terminated due to step limit.
2025-09-27 15:20:55,873 - __main__ - WARNING - ⚠️ Episode 28 terminated due to step limit.
2025-09-27 15:20:58,167 - __main__ - DEBUG - 🎯 Eval HMM masking: step 200 masked due to negative reward
2025-09-27 15:21:02,064 - __main__ - WARNING - ⚠️ Episode 32 terminated due to step limit.
2025-09-27 15:21:04,945 - __main__ - DEBUG - 🎯 Eval HMM masking: step 200 masked due to negative reward
2025-09-27 15:21:06,038 - __main__ - WARNING - ⚠️ Episode 34 terminated due to step limit.
2025-09-27 15:21:09,532 - __main__ - WARNING - ⚠️ Episode 35 terminated due to step limit.
2025-09-27 15:21:12,753 - __main__ - DEBUG - 🎯 Eval HMM masking: step 200 masked due to negative reward
2025-09-27 15:21:13,975 - __main__ - WARNING - ⚠️ Episode 38 terminated due to step limit.
2025-09-27 15:21:15,411 - __main__ - DEBUG - 🎯 Eval HMM masking: step 100 masked due to negative reward
2025-09-27 15:21:16,659 - __main__ - DEBUG - 🎯 Eval HMM masking: step 200 masked due to negative reward
2025-09-27 15:21:17,886 - __main__ - WARNING - ⚠️ Episode 39 terminated due to step limit.
2025-09-27 15:21:21,686 - __main__ - WARNING - ⚠️ Episode 40 terminated due to step limit.
2025-09-27 15:21:26,626 - __main__ - WARNING - ⚠️ Episode 41 terminated due to step limit.
2025-09-27 15:21:27,472 - __main__ - DEBUG - 🎯 Eval HMM masking: step 50 masked due to negative reward
2025-09-27 15:21:30,830 - __main__ - WARNING - ⚠️ Episode 42 terminated due to step limit.
2025-09-27 15:21:34,927 - __main__ - DEBUG - 🎯 Eval HMM masking: step 200 masked due to negative reward
2025-09-27 15:21:35,466 - __main__ - DEBUG - 🎯 Eval HMM masking: step 250 masked due to negative reward
2025-09-27 15:21:35,990 - __main__ - WARNING - ⚠️ Episode 44 terminated due to step limit.
2025-09-27 15:21:37,765 - __main__ - DEBUG - 🎯 Eval HMM masking: step 150 masked due to negative reward
2025-09-27 15:21:39,386 - __main__ - WARNING - ⚠️ Episode 45 terminated due to step limit.
2025-09-27 15:21:42,788 - __main__ - WARNING - ⚠️ Episode 46 terminated due to step limit.
2025-09-27 15:21:46,216 - __main__ - WARNING - ⚠️ Episode 47 terminated due to step limit.
2025-09-27 15:21:48,005 - __main__ - DEBUG - 🎯 Eval HMM masking: step 150 masked due to negative reward
2025-09-27 15:21:49,611 - __main__ - WARNING - ⚠️ Episode 48 terminated due to step limit.
2025-09-27 15:21:50,821 - __main__ - INFO - 📊 Evaluation Results (Current Round):
2025-09-27 15:21:50,821 - __main__ - INFO -    Episodes: 50
2025-09-27 15:21:50,821 - __main__ - INFO -    Time: 138.3s (2.8s/ep)
2025-09-27 15:21:50,821 - __main__ - INFO -    Average Return: -0.091 ± 0.679
2025-09-27 15:21:50,821 - __main__ - INFO -    Success Rate: 32.0%
2025-09-27 15:21:50,821 - __main__ - INFO -    Average Length: 233.4
2025-09-27 15:21:50,821 - __main__ - INFO -    Average Coverage: 64.7 positions
2025-09-27 15:21:50,821 - __main__ - INFO -    Episode Completions: 16 terminated (32.0%), 34 truncated (68.0%)
2025-09-27 15:21:50,821 - __main__ - INFO - 📈 Total Evaluation Statistics:
2025-09-27 15:21:50,821 - __main__ - INFO -    Total Episodes: 100
2025-09-27 15:21:50,822 - __main__ - INFO -    Total Average Return: 0.012 ± 0.647
2025-09-27 15:21:50,822 - __main__ - INFO -    Total Average Length: 235.5 ± 104.8
2025-09-27 15:21:50,822 - __main__ - INFO -    Total Completions: 34 terminated (34.0%), 66 truncated (66.0%)
2025-09-27 15:21:50,822 - __main__ - INFO -    Skill Entropy: 0.457
2025-09-27 15:21:50,822 - __main__ - INFO -    Used Skills: 1.0
2025-09-27 15:21:50,822 - __main__ - INFO -    Effective K: 1.65
2025-09-27 15:21:50,822 - __main__ - INFO - 🎯 Action Usage Statistics:
2025-09-27 15:21:50,822 - __main__ - INFO -    Unique actions in evaluation: 8
2025-09-27 15:21:50,822 - __main__ - INFO -    Unique actions in training: 8
2025-09-27 15:21:50,822 - __main__ - INFO -    Total unique actions: 8
2025-09-27 15:21:50,822 - __main__ - INFO -    Action coverage: 6.6%
2025-09-27 15:21:50,823 - __main__ - INFO -    Train action count: 20480
2025-09-27 15:21:50,823 - __main__ - INFO -    Eval action count: 23552
2025-09-27 15:21:50,823 - __main__ - INFO -    Train action entropy: 2.022
2025-09-27 15:21:50,823 - __main__ - INFO -    Eval action entropy: 1.999
2025-09-27 15:21:50,824 - __main__ - INFO -    Top 3 train actions: #3(3808), #2(3411), #1(3408)
2025-09-27 15:21:50,824 - __main__ - INFO -    Top 3 eval actions: #3(5104), #2(4266), #1(3542)
2025-09-27 15:21:53,163 - __main__ - INFO - 📊 Episodes completed this rollout: 2
2025-09-27 15:21:53,164 - __main__ - INFO - 📈 Episode stats: avg return = 0.13, avg length = 233.0
2025-09-27 15:21:53,164 - __main__ - INFO - 🎯 Top 3 training actions: #3(4049), #2(3584), #1(3545)
2025-09-27 15:21:57,383 - __main__ - INFO - 📊 Episodes completed this rollout: 6
2025-09-27 15:21:57,384 - __main__ - INFO - 📈 Episode stats: avg return = -0.16, avg length = 250.0
2025-09-27 15:21:57,384 - __main__ - INFO - 🎯 Top 3 training actions: #3(4228), #2(3805), #1(3677)
2025-09-27 15:22:01,560 - __main__ - INFO - 📊 Episodes completed this rollout: 2
2025-09-27 15:22:01,560 - __main__ - INFO - 📈 Episode stats: avg return = -0.60, avg length = 300.0
2025-09-27 15:22:01,560 - __main__ - INFO - 🎯 Top 3 training actions: #3(4396), #2(4080), #1(3817)
2025-09-27 15:22:05,549 - __main__ - INFO - 📊 Episodes completed this rollout: 4
2025-09-27 15:22:05,549 - __main__ - INFO - 📈 Episode stats: avg return = -0.11, avg length = 274.8
2025-09-27 15:22:05,550 - __main__ - INFO - 🎯 Top 3 training actions: #3(4550), #2(4266), #1(3978)
2025-09-27 15:22:09,386 - __main__ - INFO - 📊 Episodes completed this rollout: 7
2025-09-27 15:22:09,387 - __main__ - INFO - 📈 Episode stats: avg return = 0.37, avg length = 209.4
2025-09-27 15:22:09,387 - __main__ - INFO - 🎯 Top 3 training actions: #3(4696), #2(4456), #1(4113)
2025-09-27 15:22:13,147 - __main__ - INFO - 📊 Episodes completed this rollout: 4
2025-09-27 15:22:13,147 - __main__ - INFO - 📈 Episode stats: avg return = 0.28, avg length = 227.0
2025-09-27 15:22:13,148 - __main__ - INFO - 🎯 Top 3 training actions: #3(4903), #2(4617), #1(4237)
2025-09-27 15:22:16,911 - __main__ - INFO - 📊 Episodes completed this rollout: 5
2025-09-27 15:22:16,911 - __main__ - INFO - 📈 Episode stats: avg return = 0.65, avg length = 135.0
2025-09-27 15:22:16,911 - __main__ - INFO - 🎯 Top 3 training actions: #3(5147), #2(4775), #1(4358)
2025-09-27 15:22:20,745 - __main__ - INFO - 📊 Episodes completed this rollout: 6
2025-09-27 15:22:20,745 - __main__ - INFO - 📈 Episode stats: avg return = -0.15, avg length = 236.8
2025-09-27 15:22:20,745 - __main__ - INFO - 🎯 Top 3 training actions: #3(5399), #2(4980), #1(4474)
2025-09-27 15:22:22,384 - __main__ - INFO - 🔄 Synchronized model update at step 28,672
2025-09-27 15:22:22,385 - __main__ - INFO -    HMM interval: 8,846, VAE interval: 8,846
2025-09-27 15:22:22,385 - __main__ - INFO - 🚫 Model training masking: 1719/9216 timesteps masked (18.7%) due to negative rewards (invalid actions)
2025-09-27 15:22:22,711 - __main__ - INFO - 🔄 Capping HMM batch size from 1076 to 128 to prevent OOM
2025-09-27 15:22:22,712 - __main__ - INFO - 🔄 HMM refresh starting at step 28,672 with replay size 128x61
2025-09-27 15:22:25,750 - __main__ - DEBUG - Initial ELBO: -6742.1579
2025-09-27 15:22:25,753 - __main__ - DEBUG - Relative tol: 0.0100
2025-09-27 15:22:25,754 - __main__ - DEBUG - Relative elbo_drop_tol: 0.0100
2025-09-27 15:22:25,754 - __main__ - DEBUG - - Init -332.6753
2025-09-27 15:22:25,754 - __main__ - DEBUG - - Trans -21.0281
2025-09-27 15:22:25,754 - __main__ - DEBUG - - Emit -4525.0930
2025-09-27 15:22:25,754 - __main__ - DEBUG - - Entropy 8.6795
2025-09-27 15:22:25,754 - __main__ - DEBUG - - Dir -9.4709
2025-09-27 15:22:25,754 - __main__ - DEBUG - - NIW -1846.7340
2025-09-27 15:22:25,754 - __main__ - DEBUG - - Beta prior -15.8361
2025-09-27 15:22:29,146 - __main__ - DEBUG - Iter 0: ELBO after FB: -6742.1579 (LL -4870.1169, Δ=0.0000)
2025-09-27 15:22:29,147 - __main__ - DEBUG - Blending stats with ρ_niw=0.0500, ρ_tr=0.0500.
2025-09-27 15:22:29,193 - __main__ - DEBUG - Iter 0: ELBO after NIW update: -5365.5288 (Emit LL -3164.2689, NIW term -1830.9290, Δ=1376.6291)
2025-09-27 15:22:29,239 - __main__ - DEBUG - Iter 0: ELBO after Dirichlet update: -5364.8852 (Trans LL -21.1562, Dir term -8.6991, Δ=0.6436)
2025-09-27 15:22:29,311 - __main__ - DEBUG - Iter 0: ELBO after β update: -5364.3920 (Init LL -332.1498, Dir term -8.7214, logp(β) -15.8462, Δ=0.4932)
2025-09-27 15:22:32,810 - __main__ - DEBUG - Iter 1: ELBO after FB: -5271.1742 (LL -3415.6777, Δ=93.2177)
2025-09-27 15:22:32,811 - __main__ - DEBUG - Blending stats with ρ_niw=0.0500, ρ_tr=0.0500.
2025-09-27 15:22:32,860 - __main__ - DEBUG - Iter 1: ELBO after NIW update: -5212.3301 (Emit LL -2995.7018, NIW term -1835.4572, Δ=58.8441)
2025-09-27 15:22:32,908 - __main__ - DEBUG - Iter 1: ELBO after Dirichlet update: -5212.4206 (Trans LL -13.9456, Dir term -8.8064, Δ=-0.0905)
2025-09-27 15:22:32,994 - __main__ - DEBUG - Iter 1: ELBO after β update: -5211.9270 (Init LL -343.4190, Dir term -8.8709, logp(β) -15.8559, Δ=0.4935)
2025-09-27 15:22:36,645 - __main__ - DEBUG - Iter 2: ELBO after FB: -5209.1805 (LL -3348.9966, Δ=2.7466)
2025-09-27 15:22:36,646 - __main__ - DEBUG - Blending stats with ρ_niw=0.0500, ρ_tr=0.0500.
2025-09-27 15:22:36,696 - __main__ - DEBUG - Iter 2: ELBO after NIW update: -5207.3389 (Emit LL -2990.5608, NIW term -1835.4895, Δ=1.8416)
2025-09-27 15:22:36,745 - __main__ - DEBUG - Iter 2: ELBO after Dirichlet update: -5207.5192 (Trans LL -13.7680, Dir term -9.0399, Δ=-0.1802)
2025-09-27 15:22:36,831 - __main__ - DEBUG - Iter 2: ELBO after β update: -5207.0528 (Init LL -343.3547, Dir term -9.1450, logp(β) -15.8575, Δ=0.4664)
2025-09-27 15:22:36,832 - __main__ - DEBUG - Early stopping: ELBO improvement 4.8743 < tolerance
2025-09-27 15:22:36,833 - __main__ - INFO -    HMM refresh complete: ELBO=-42.6760, iters=0, max iters, states=40
2025-09-27 15:22:36,834 - __main__ - INFO -    ✅ HMM updated (next in 10,615 steps)
2025-09-27 15:22:36,834 - __main__ - INFO - 🔄 VAE refresh starting at step 28,672 with replay size 8x1152
2025-09-27 15:22:36,835 - __main__ - INFO -    Using span sampling (9216 timesteps, too large for full buffer)
2025-09-27 15:23:01,711 - __main__ - INFO -    VAE refresh complete: final_loss=2659.3457, avg_loss=2667.0228, steps=4/4, trend=improving, total_timesteps=9216, span_sampling=32_requested×4_steps, span_len=64
2025-09-27 15:23:01,713 - __main__ - INFO -    ✅ VAE updated (next in 10,615 steps)
2025-09-27 15:23:04,024 - __main__ - INFO - 📊 Episodes completed this rollout: 6
2025-09-27 15:23:04,024 - __main__ - INFO - 📈 Episode stats: avg return = 0.46, avg length = 130.3
2025-09-27 15:23:04,024 - __main__ - INFO - 🎯 Top 3 training actions: #3(5607), #2(5171), #1(4611)
2025-09-27 15:23:08,234 - __main__ - INFO - 📊 Episodes completed this rollout: 5
2025-09-27 15:23:08,234 - __main__ - INFO - 📈 Episode stats: avg return = 0.01, avg length = 246.6
2025-09-27 15:23:08,234 - __main__ - INFO - 🎯 Top 3 training actions: #3(5797), #2(5373), #1(4736)
2025-09-27 15:23:10,118 - __main__ - INFO - 🧪 Starting evaluation with 50 episodes...
2025-09-27 15:23:10,119 - __main__ - INFO -    Eval seed: 51
2025-09-27 15:23:10,119 - __main__ - INFO -    Max episode steps (eval): env default
2025-09-27 15:23:10,120 - nle.env.base - INFO - Not saving any NLE data.
2025-09-27 15:23:11,238 - __main__ - DEBUG - 🎯 Eval HMM masking: step 100 masked due to negative reward
2025-09-27 15:23:11,784 - __main__ - DEBUG - 🎯 Eval HMM masking: step 150 masked due to negative reward
2025-09-27 15:23:12,320 - __main__ - DEBUG - 🎯 Eval HMM masking: step 200 masked due to negative reward
2025-09-27 15:23:13,397 - __main__ - WARNING - ⚠️ Episode 1 terminated due to step limit.
2025-09-27 15:23:14,111 - __main__ - DEBUG - 🎯 Eval HMM masking: step 50 masked due to negative reward
2025-09-27 15:23:16,860 - __main__ - WARNING - ⚠️ Episode 2 terminated due to step limit.
2025-09-27 15:23:21,741 - __main__ - WARNING - ⚠️ Episode 4 terminated due to step limit.
2025-09-27 15:23:25,855 - __main__ - WARNING - ⚠️ Episode 6 terminated due to step limit.
2025-09-27 15:23:26,557 - __main__ - DEBUG - 🎯 Eval HMM masking: step 50 masked due to negative reward
2025-09-27 15:23:27,626 - __main__ - DEBUG - 🎯 Eval HMM masking: step 150 masked due to negative reward
2025-09-27 15:23:29,182 - __main__ - WARNING - ⚠️ Episode 7 terminated due to step limit.
2025-09-27 15:23:31,475 - __main__ - DEBUG - 🎯 Eval HMM masking: step 200 masked due to negative reward
2025-09-27 15:23:32,549 - __main__ - WARNING - ⚠️ Episode 8 terminated due to step limit.
2025-09-27 15:23:33,258 - __main__ - DEBUG - 🎯 Eval HMM masking: step 50 masked due to negative reward
2025-09-27 15:23:36,469 - __main__ - DEBUG - 🎯 Eval HMM masking: step 150 masked due to negative reward
2025-09-27 15:23:37,010 - __main__ - DEBUG - 🎯 Eval HMM masking: step 200 masked due to negative reward
2025-09-27 15:23:37,572 - __main__ - DEBUG - 🎯 Eval HMM masking: step 250 masked due to negative reward
2025-09-27 15:23:38,133 - __main__ - WARNING - ⚠️ Episode 10 terminated due to step limit.
2025-09-27 15:23:41,664 - __main__ - WARNING - ⚠️ Episode 11 terminated due to step limit.
2025-09-27 15:23:42,974 - __main__ - DEBUG - 🎯 Eval HMM masking: step 100 masked due to negative reward
2025-09-27 15:23:45,226 - __main__ - WARNING - ⚠️ Episode 12 terminated due to step limit.
2025-09-27 15:23:46,540 - __main__ - DEBUG - 🎯 Eval HMM masking: step 100 masked due to negative reward
2025-09-27 15:23:48,740 - __main__ - WARNING - ⚠️ Episode 13 terminated due to step limit.
2025-09-27 15:23:51,133 - __main__ - DEBUG - 🎯 Eval HMM masking: step 200 masked due to negative reward
2025-09-27 15:23:56,962 - __main__ - WARNING - ⚠️ Episode 16 terminated due to step limit.
2025-09-27 15:24:00,337 - __main__ - WARNING - ⚠️ Episode 17 terminated due to step limit.
2025-09-27 15:24:05,698 - __main__ - WARNING - ⚠️ Episode 19 terminated due to step limit.
2025-09-27 15:24:06,871 - __main__ - DEBUG - 🎯 Eval HMM masking: step 50 masked due to negative reward
2025-09-27 15:24:08,819 - __main__ - DEBUG - 🎯 Eval HMM masking: step 50 masked due to negative reward
2025-09-27 15:24:11,798 - __main__ - WARNING - ⚠️ Episode 22 terminated due to step limit.
2025-09-27 15:24:12,590 - __main__ - DEBUG - 🎯 Eval HMM masking: step 50 masked due to negative reward
2025-09-27 15:24:13,187 - __main__ - DEBUG - 🎯 Eval HMM masking: step 100 masked due to negative reward
2025-09-27 15:24:17,944 - __main__ - DEBUG - 🎯 Eval HMM masking: step 250 masked due to negative reward
2025-09-27 15:24:18,535 - __main__ - WARNING - ⚠️ Episode 24 terminated due to step limit.
2025-09-27 15:24:20,001 - __main__ - DEBUG - 🎯 Eval HMM masking: step 100 masked due to negative reward
2025-09-27 15:24:22,323 - __main__ - WARNING - ⚠️ Episode 25 terminated due to step limit.
2025-09-27 15:24:24,149 - __main__ - DEBUG - 🎯 Eval HMM masking: step 150 masked due to negative reward
2025-09-27 15:24:25,268 - __main__ - DEBUG - 🎯 Eval HMM masking: step 250 masked due to negative reward
2025-09-27 15:24:25,818 - __main__ - WARNING - ⚠️ Episode 26 terminated due to step limit.
2025-09-27 15:24:29,469 - __main__ - WARNING - ⚠️ Episode 27 terminated due to step limit.
2025-09-27 15:24:31,352 - __main__ - DEBUG - 🎯 Eval HMM masking: step 150 masked due to negative reward
2025-09-27 15:24:32,505 - __main__ - DEBUG - 🎯 Eval HMM masking: step 250 masked due to negative reward
2025-09-27 15:24:33,077 - __main__ - WARNING - ⚠️ Episode 28 terminated due to step limit.
2025-09-27 15:24:36,464 - __main__ - WARNING - ⚠️ Episode 29 terminated due to step limit.
2025-09-27 15:24:41,447 - __main__ - WARNING - ⚠️ Episode 31 terminated due to step limit.
2025-09-27 15:24:43,224 - __main__ - DEBUG - 🎯 Eval HMM masking: step 150 masked due to negative reward
2025-09-27 15:24:44,831 - __main__ - WARNING - ⚠️ Episode 32 terminated due to step limit.
2025-09-27 15:24:45,548 - __main__ - DEBUG - 🎯 Eval HMM masking: step 50 masked due to negative reward
2025-09-27 15:24:46,604 - __main__ - DEBUG - 🎯 Eval HMM masking: step 150 masked due to negative reward
2025-09-27 15:24:48,159 - __main__ - WARNING - ⚠️ Episode 33 terminated due to step limit.
2025-09-27 15:24:51,437 - __main__ - WARNING - ⚠️ Episode 34 terminated due to step limit.
2025-09-27 15:24:55,752 - __main__ - DEBUG - 🎯 Eval HMM masking: step 50 masked due to negative reward
2025-09-27 15:24:58,379 - __main__ - WARNING - ⚠️ Episode 37 terminated due to step limit.
2025-09-27 15:24:59,631 - __main__ - DEBUG - 🎯 Eval HMM masking: step 100 masked due to negative reward
2025-09-27 15:25:01,781 - __main__ - WARNING - ⚠️ Episode 38 terminated due to step limit.
2025-09-27 15:25:02,492 - __main__ - DEBUG - 🎯 Eval HMM masking: step 50 masked due to negative reward
2025-09-27 15:25:06,623 - __main__ - WARNING - ⚠️ Episode 40 terminated due to step limit.
2025-09-27 15:25:09,977 - __main__ - WARNING - ⚠️ Episode 41 terminated due to step limit.
2025-09-27 15:25:11,794 - __main__ - DEBUG - 🎯 Eval HMM masking: step 150 masked due to negative reward
2025-09-27 15:25:12,337 - __main__ - DEBUG - 🎯 Eval HMM masking: step 200 masked due to negative reward
2025-09-27 15:25:13,396 - __main__ - WARNING - ⚠️ Episode 43 terminated due to step limit.
2025-09-27 15:25:14,079 - __main__ - DEBUG - 🎯 Eval HMM masking: step 50 masked due to negative reward
2025-09-27 15:25:16,728 - __main__ - WARNING - ⚠️ Episode 44 terminated due to step limit.
2025-09-27 15:25:17,966 - __main__ - DEBUG - 🎯 Eval HMM masking: step 100 masked due to negative reward
2025-09-27 15:25:20,105 - __main__ - WARNING - ⚠️ Episode 45 terminated due to step limit.
2025-09-27 15:25:22,021 - __main__ - DEBUG - 🎯 Eval HMM masking: step 50 masked due to negative reward
2025-09-27 15:25:24,686 - __main__ - WARNING - ⚠️ Episode 47 terminated due to step limit.
2025-09-27 15:25:28,086 - __main__ - WARNING - ⚠️ Episode 48 terminated due to step limit.
2025-09-27 15:25:30,414 - __main__ - DEBUG - 🎯 Eval HMM masking: step 200 masked due to negative reward
2025-09-27 15:25:34,582 - __main__ - WARNING - ⚠️ Episode 50 terminated due to step limit.
2025-09-27 15:25:34,737 - __main__ - INFO - 📊 Evaluation Results (Current Round):
2025-09-27 15:25:34,738 - __main__ - INFO -    Episodes: 50
2025-09-27 15:25:34,738 - __main__ - INFO -    Time: 144.6s (2.9s/ep)
2025-09-27 15:25:34,738 - __main__ - INFO -    Average Return: -0.056 ± 0.590
2025-09-27 15:25:34,738 - __main__ - INFO -    Success Rate: 32.0%
2025-09-27 15:25:34,738 - __main__ - INFO -    Average Length: 251.4
2025-09-27 15:25:34,738 - __main__ - INFO -    Average Coverage: 70.5 positions
2025-09-27 15:25:34,738 - __main__ - INFO -    Episode Completions: 16 terminated (32.0%), 34 truncated (68.0%)
2025-09-27 15:25:34,738 - __main__ - INFO - 📈 Total Evaluation Statistics:
2025-09-27 15:25:34,738 - __main__ - INFO -    Total Episodes: 150
2025-09-27 15:25:34,739 - __main__ - INFO -    Total Average Return: -0.011 ± 0.629
2025-09-27 15:25:34,739 - __main__ - INFO -    Total Average Length: 240.8 ± 98.5
2025-09-27 15:25:34,739 - __main__ - INFO -    Total Completions: 50 terminated (33.3%), 100 truncated (66.7%)
2025-09-27 15:25:34,739 - __main__ - INFO -    Skill Entropy: 0.078
2025-09-27 15:25:34,739 - __main__ - INFO -    Used Skills: 1.0
2025-09-27 15:25:34,739 - __main__ - INFO -    Effective K: 1.11
2025-09-27 15:25:34,739 - __main__ - INFO - 🎯 Action Usage Statistics:
2025-09-27 15:25:34,739 - __main__ - INFO -    Unique actions in evaluation: 8
2025-09-27 15:25:34,739 - __main__ - INFO -    Unique actions in training: 8
2025-09-27 15:25:34,739 - __main__ - INFO -    Total unique actions: 8
2025-09-27 15:25:34,739 - __main__ - INFO -    Action coverage: 6.6%
2025-09-27 15:25:34,740 - __main__ - INFO -    Train action count: 30720
2025-09-27 15:25:34,740 - __main__ - INFO -    Eval action count: 36124
2025-09-27 15:25:34,740 - __main__ - INFO -    Train action entropy: 2.017
2025-09-27 15:25:34,740 - __main__ - INFO -    Eval action entropy: 1.997
2025-09-27 15:25:34,741 - __main__ - INFO -    Top 3 train actions: #3(5797), #2(5373), #1(4736)
2025-09-27 15:25:34,741 - __main__ - INFO -    Top 3 eval actions: #3(7615), #2(6598), #1(4981)
2025-09-27 15:25:37,024 - __main__ - INFO - 📊 Episodes completed this rollout: 7
2025-09-27 15:25:37,024 - __main__ - INFO - 📈 Episode stats: avg return = 0.35, avg length = 162.0
2025-09-27 15:25:37,024 - __main__ - INFO - 🎯 Top 3 training actions: #3(5973), #2(5567), #1(4847)
2025-09-27 15:25:41,116 - __main__ - INFO - 📊 Episodes completed this rollout: 1
2025-09-27 15:25:41,116 - __main__ - INFO - 📈 Episode stats: avg return = -0.67, avg length = 300.0
2025-09-27 15:25:41,116 - __main__ - INFO - 🎯 Top 3 training actions: #3(6164), #2(5750), #1(4960)
2025-09-27 15:25:45,176 - __main__ - INFO - 📊 Episodes completed this rollout: 7
2025-09-27 15:25:45,176 - __main__ - INFO - 📈 Episode stats: avg return = 0.14, avg length = 220.4
2025-09-27 15:25:45,176 - __main__ - INFO - 🎯 Top 3 training actions: #3(6350), #2(5929), #1(5095)
2025-09-27 15:25:49,092 - __main__ - INFO - 📊 Episodes completed this rollout: 5
2025-09-27 15:25:49,092 - __main__ - INFO - 📈 Episode stats: avg return = 0.47, avg length = 190.4
2025-09-27 15:25:49,092 - __main__ - INFO - 🎯 Top 3 training actions: #3(6521), #2(6097), #1(5231)
2025-09-27 15:25:53,136 - __main__ - INFO - 📊 Episodes completed this rollout: 4
2025-09-27 15:25:53,137 - __main__ - INFO - 📈 Episode stats: avg return = 0.26, avg length = 232.2
2025-09-27 15:25:53,137 - __main__ - INFO - 🎯 Top 3 training actions: #3(6686), #2(6269), #1(5360)
2025-09-27 15:25:57,066 - __main__ - INFO - 📊 Episodes completed this rollout: 6
2025-09-27 15:25:57,066 - __main__ - INFO - 📈 Episode stats: avg return = 0.22, avg length = 204.7
2025-09-27 15:25:57,067 - __main__ - INFO - 🎯 Top 3 training actions: #3(6854), #2(6433), #1(5497)
2025-09-27 15:26:01,803 - __main__ - INFO - 📊 Episodes completed this rollout: 4
2025-09-27 15:26:01,803 - __main__ - INFO - 📈 Episode stats: avg return = 0.40, avg length = 211.2
2025-09-27 15:26:01,804 - __main__ - INFO - 🎯 Top 3 training actions: #3(7021), #2(6605), #1(5627)
2025-09-27 15:26:06,324 - __main__ - INFO - 📊 Episodes completed this rollout: 4
2025-09-27 15:26:06,324 - __main__ - INFO - 📈 Episode stats: avg return = 0.25, avg length = 233.5
2025-09-27 15:26:06,324 - __main__ - INFO - 🎯 Top 3 training actions: #3(7171), #2(6805), #1(5744)
2025-09-27 15:26:10,426 - __main__ - INFO - 📊 Episodes completed this rollout: 6
2025-09-27 15:26:10,427 - __main__ - INFO - 📈 Episode stats: avg return = -0.21, avg length = 266.0
2025-09-27 15:26:10,427 - __main__ - INFO - 🎯 Top 3 training actions: #3(7314), #2(7007), #1(5832)
2025-09-27 15:26:12,271 - __main__ - INFO - 🔄 Synchronized model update at step 39,936
2025-09-27 15:26:12,271 - __main__ - INFO -    HMM interval: 10,615, VAE interval: 10,615
2025-09-27 15:26:12,272 - __main__ - INFO - 🚫 Model training masking: 1617/11264 timesteps masked (14.4%) due to negative rewards (invalid actions)
2025-09-27 15:26:12,658 - __main__ - INFO - 🔄 Capping HMM batch size from 976 to 128 to prevent OOM
2025-09-27 15:26:12,658 - __main__ - INFO - 🔄 HMM refresh starting at step 39,936 with replay size 128x63
2025-09-27 15:26:15,788 - __main__ - DEBUG - Initial ELBO: -10950.2773
2025-09-27 15:26:15,791 - __main__ - DEBUG - Relative tol: 0.0100
2025-09-27 15:26:15,792 - __main__ - DEBUG - Relative elbo_drop_tol: 0.0100
2025-09-27 15:26:15,792 - __main__ - DEBUG - - Init -345.1155
2025-09-27 15:26:15,792 - __main__ - DEBUG - - Trans -21.8050
2025-09-27 15:26:15,792 - __main__ - DEBUG - - Emit -8723.6344
2025-09-27 15:26:15,792 - __main__ - DEBUG - - Entropy 0.7695
2025-09-27 15:26:15,792 - __main__ - DEBUG - - Dir -9.1450
2025-09-27 15:26:15,792 - __main__ - DEBUG - - NIW -1835.4895
2025-09-27 15:26:15,792 - __main__ - DEBUG - - Beta prior -15.8575
2025-09-27 15:26:19,231 - __main__ - DEBUG - Iter 0: ELBO after FB: -10950.2773 (LL -9089.7853, Δ=0.0000)
2025-09-27 15:26:19,231 - __main__ - DEBUG - Blending stats with ρ_niw=0.0500, ρ_tr=0.0500.
2025-09-27 15:26:19,276 - __main__ - DEBUG - Iter 0: ELBO after NIW update: -5126.4714 (Emit LL -2774.8926, NIW term -1960.4254, Δ=5823.8059)
2025-09-27 15:26:19,320 - __main__ - DEBUG - Iter 0: ELBO after Dirichlet update: -5125.9920 (Trans LL -21.8733, Dir term -8.5972, Δ=0.4794)
2025-09-27 15:26:19,391 - __main__ - DEBUG - Iter 0: ELBO after β update: -5125.4434 (Init LL -344.5413, Dir term -8.6122, logp(β) -15.8682, Δ=0.5486)
2025-09-27 15:26:22,848 - __main__ - DEBUG - Iter 1: ELBO after FB: -5102.2146 (LL -3117.3088, Δ=23.2289)
2025-09-27 15:26:22,848 - __main__ - DEBUG - Blending stats with ρ_niw=0.0500, ρ_tr=0.0500.
2025-09-27 15:26:22,892 - __main__ - DEBUG - Iter 1: ELBO after NIW update: -5093.0065 (Emit LL -2740.5679, NIW term -1960.9458, Δ=9.2081)
2025-09-27 15:26:22,938 - __main__ - DEBUG - Iter 1: ELBO after Dirichlet update: -5093.0775 (Trans LL -21.2651, Dir term -8.6636, Δ=-0.0711)
2025-09-27 15:26:23,015 - __main__ - DEBUG - Iter 1: ELBO after β update: -5092.5858 (Init LL -345.2001, Dir term -8.7393, logp(β) -15.8782, Δ=0.4917)
2025-09-27 15:26:23,016 - __main__ - DEBUG - Early stopping: ELBO improvement 32.8576 < tolerance
2025-09-27 15:26:23,017 - __main__ - INFO -    HMM refresh complete: ELBO=-21.3302, iters=0, max iters, states=40
2025-09-27 15:26:23,017 - __main__ - INFO -    ✅ HMM updated (next in 12,000 steps)
2025-09-27 15:26:23,017 - __main__ - INFO - 🔄 VAE refresh starting at step 39,936 with replay size 8x1408
2025-09-27 15:26:23,018 - __main__ - INFO -    Using span sampling (11264 timesteps, too large for full buffer)
2025-09-27 15:26:48,552 - __main__ - INFO -    VAE refresh complete: final_loss=2659.0444, avg_loss=2662.2099, steps=4/4, trend=improving, total_timesteps=11264, span_sampling=32_requested×4_steps, span_len=64
2025-09-27 15:26:48,554 - __main__ - INFO -    ✅ VAE updated (next in 12,000 steps)
2025-09-27 15:26:50,746 - __main__ - INFO - 📊 Episodes completed this rollout: 1
2025-09-27 15:26:50,746 - __main__ - INFO - 📈 Episode stats: avg return = -0.43, avg length = 300.0
2025-09-27 15:26:50,746 - __main__ - INFO - 🎯 Top 3 training actions: #3(7465), #2(7173), #1(5972)
2025-09-27 15:26:52,569 - __main__ - INFO - 🧪 Starting evaluation with 50 episodes...
2025-09-27 15:26:52,570 - __main__ - INFO -    Eval seed: 51
2025-09-27 15:26:52,570 - __main__ - INFO -    Max episode steps (eval): env default
2025-09-27 15:26:52,571 - nle.env.base - INFO - Not saving any NLE data.
2025-09-27 15:26:56,083 - __main__ - DEBUG - 🎯 Eval HMM masking: step 250 masked due to negative reward
2025-09-27 15:26:58,864 - __main__ - DEBUG - 🎯 Eval HMM masking: step 200 masked due to negative reward
2025-09-27 15:26:59,916 - __main__ - WARNING - ⚠️ Episode 3 terminated due to step limit.
2025-09-27 15:27:02,682 - __main__ - DEBUG - 🎯 Eval HMM masking: step 250 masked due to negative reward
2025-09-27 15:27:03,201 - __main__ - WARNING - ⚠️ Episode 4 terminated due to step limit.
2025-09-27 15:27:06,896 - __main__ - WARNING - ⚠️ Episode 6 terminated due to step limit.
2025-09-27 15:27:08,597 - __main__ - DEBUG - 🎯 Eval HMM masking: step 150 masked due to negative reward
2025-09-27 15:27:10,144 - __main__ - WARNING - ⚠️ Episode 7 terminated due to step limit.
2025-09-27 15:27:12,955 - __main__ - DEBUG - 🎯 Eval HMM masking: step 250 masked due to negative reward
2025-09-27 15:27:13,488 - __main__ - WARNING - ⚠️ Episode 8 terminated due to step limit.
2025-09-27 15:27:15,701 - __main__ - DEBUG - 🎯 Eval HMM masking: step 200 masked due to negative reward
2025-09-27 15:27:16,228 - __main__ - DEBUG - 🎯 Eval HMM masking: step 250 masked due to negative reward
2025-09-27 15:27:16,749 - __main__ - WARNING - ⚠️ Episode 9 terminated due to step limit.
2025-09-27 15:27:18,504 - __main__ - DEBUG - 🎯 Eval HMM masking: step 150 masked due to negative reward
2025-09-27 15:27:20,086 - __main__ - WARNING - ⚠️ Episode 10 terminated due to step limit.
2025-09-27 15:27:23,330 - __main__ - WARNING - ⚠️ Episode 11 terminated due to step limit.
2025-09-27 15:27:26,146 - __main__ - DEBUG - 🎯 Eval HMM masking: step 250 masked due to negative reward
2025-09-27 15:27:26,667 - __main__ - WARNING - ⚠️ Episode 12 terminated due to step limit.
2025-09-27 15:27:30,001 - __main__ - WARNING - ⚠️ Episode 13 terminated due to step limit.
2025-09-27 15:27:31,780 - __main__ - DEBUG - 🎯 Eval HMM masking: step 150 masked due to negative reward
2025-09-27 15:27:32,837 - __main__ - DEBUG - 🎯 Eval HMM masking: step 250 masked due to negative reward
2025-09-27 15:27:33,358 - __main__ - WARNING - ⚠️ Episode 15 terminated due to step limit.
2025-09-27 15:27:36,685 - __main__ - WARNING - ⚠️ Episode 16 terminated due to step limit.
2025-09-27 15:27:40,105 - __main__ - WARNING - ⚠️ Episode 18 terminated due to step limit.
2025-09-27 15:27:42,723 - __main__ - DEBUG - 🎯 Eval HMM masking: step 100 masked due to negative reward
2025-09-27 15:27:43,784 - __main__ - DEBUG - 🎯 Eval HMM masking: step 50 masked due to negative reward
2025-09-27 15:27:44,843 - __main__ - DEBUG - 🎯 Eval HMM masking: step 150 masked due to negative reward
2025-09-27 15:27:46,426 - __main__ - WARNING - ⚠️ Episode 22 terminated due to step limit.
2025-09-27 15:27:49,648 - __main__ - WARNING - ⚠️ Episode 23 terminated due to step limit.
2025-09-27 15:27:53,345 - __main__ - WARNING - ⚠️ Episode 25 terminated due to step limit.
2025-09-27 15:27:57,169 - __main__ - WARNING - ⚠️ Episode 27 terminated due to step limit.
2025-09-27 15:27:58,350 - __main__ - DEBUG - 🎯 Eval HMM masking: step 100 masked due to negative reward
2025-09-27 15:27:58,861 - __main__ - DEBUG - 🎯 Eval HMM masking: step 150 masked due to negative reward
2025-09-27 15:28:00,390 - __main__ - WARNING - ⚠️ Episode 28 terminated due to step limit.
2025-09-27 15:28:01,569 - __main__ - DEBUG - 🎯 Eval HMM masking: step 100 masked due to negative reward
2025-09-27 15:28:02,589 - __main__ - DEBUG - 🎯 Eval HMM masking: step 200 masked due to negative reward
2025-09-27 15:28:03,603 - __main__ - WARNING - ⚠️ Episode 29 terminated due to step limit.
2025-09-27 15:28:06,830 - __main__ - WARNING - ⚠️ Episode 30 terminated due to step limit.
2025-09-27 15:28:07,501 - __main__ - DEBUG - 🎯 Eval HMM masking: step 50 masked due to negative reward
2025-09-27 15:28:11,012 - __main__ - WARNING - ⚠️ Episode 32 terminated due to step limit.
2025-09-27 15:28:14,234 - __main__ - WARNING - ⚠️ Episode 33 terminated due to step limit.
2025-09-27 15:28:20,835 - __main__ - DEBUG - 🎯 Eval HMM masking: step 150 masked due to negative reward
2025-09-27 15:28:22,362 - __main__ - WARNING - ⚠️ Episode 38 terminated due to step limit.
2025-09-27 15:28:25,582 - __main__ - WARNING - ⚠️ Episode 39 terminated due to step limit.
2025-09-27 15:28:30,141 - __main__ - WARNING - ⚠️ Episode 41 terminated due to step limit.
2025-09-27 15:28:33,356 - __main__ - WARNING - ⚠️ Episode 42 terminated due to step limit.
2025-09-27 15:28:38,255 - __main__ - WARNING - ⚠️ Episode 44 terminated due to step limit.
2025-09-27 15:28:38,927 - __main__ - DEBUG - 🎯 Eval HMM masking: step 50 masked due to negative reward
2025-09-27 15:28:41,477 - __main__ - WARNING - ⚠️ Episode 45 terminated due to step limit.
2025-09-27 15:28:44,700 - __main__ - WARNING - ⚠️ Episode 46 terminated due to step limit.
2025-09-27 15:28:47,907 - __main__ - WARNING - ⚠️ Episode 47 terminated due to step limit.
2025-09-27 15:28:51,133 - __main__ - WARNING - ⚠️ Episode 48 terminated due to step limit.
2025-09-27 15:28:53,853 - __main__ - INFO - 📊 Evaluation Results (Current Round):
2025-09-27 15:28:53,854 - __main__ - INFO -    Episodes: 50
2025-09-27 15:28:53,854 - __main__ - INFO -    Time: 121.3s (2.4s/ep)
2025-09-27 15:28:53,854 - __main__ - INFO -    Average Return: 0.123 ± 0.614
2025-09-27 15:28:53,854 - __main__ - INFO -    Success Rate: 38.0%
2025-09-27 15:43:34,969 - __main__ - INFO -    Average Length: 223.0
2025-09-27 15:43:34,970 - __main__ - INFO -    Average Coverage: 79.9 positions
2025-09-27 15:43:34,970 - __main__ - INFO -    Episode Completions: 19 terminated (38.0%), 31 truncated (62.0%)
2025-09-27 15:43:34,970 - __main__ - INFO - 📈 Total Evaluation Statistics:
2025-09-27 15:43:34,971 - __main__ - INFO -    Total Episodes: 200
2025-09-27 15:43:34,972 - __main__ - INFO -    Total Average Return: 0.023 ± 0.628
2025-09-27 15:43:34,973 - __main__ - INFO -    Total Average Length: 236.4 ± 100.9
2025-09-27 15:43:34,973 - __main__ - INFO -    Total Completions: 69 terminated (34.5%), 131 truncated (65.5%)
2025-09-27 15:43:34,973 - __main__ - INFO -    Skill Entropy: 0.018
2025-09-27 15:43:34,974 - __main__ - INFO -    Used Skills: 1.0
2025-09-27 15:43:34,974 - __main__ - INFO -    Effective K: 1.03
2025-09-27 15:43:34,974 - __main__ - INFO - 🎯 Action Usage Statistics:
2025-09-27 15:43:34,975 - __main__ - INFO -    Unique actions in evaluation: 8
2025-09-27 15:43:34,975 - __main__ - INFO -    Unique actions in training: 8
2025-09-27 15:43:34,975 - __main__ - INFO -    Total unique actions: 8
2025-09-27 15:43:34,975 - __main__ - INFO -    Action coverage: 6.6%
2025-09-27 15:43:34,976 - __main__ - INFO -    Train action count: 40960
2025-09-27 15:43:34,977 - __main__ - INFO -    Eval action count: 47272
2025-09-27 15:43:34,978 - __main__ - INFO -    Train action entropy: 2.023
2025-09-27 15:43:34,979 - __main__ - INFO -    Eval action entropy: 2.018
2025-09-27 15:43:34,980 - __main__ - INFO -    Top 3 train actions: #3(7465), #2(7173), #1(5972)
2025-09-27 15:43:34,981 - __main__ - INFO -    Top 3 eval actions: #3(9092), #2(8242), #1(6392)
2025-09-27 15:43:38,008 - __main__ - INFO - 📊 Episodes completed this rollout: 5
2025-09-27 15:43:38,009 - __main__ - INFO - 📈 Episode stats: avg return = -0.32, avg length = 300.0
2025-09-27 15:43:38,009 - __main__ - INFO - 🎯 Top 3 training actions: #3(7586), #2(7321), #1(6113)
2025-09-27 15:43:42,173 - __main__ - INFO - 📊 Episodes completed this rollout: 5
2025-09-27 15:43:42,174 - __main__ - INFO - 📈 Episode stats: avg return = 0.43, avg length = 192.2
2025-09-27 15:43:42,174 - __main__ - INFO - 🎯 Top 3 training actions: #3(7699), #2(7468), #1(6267)
2025-09-27 15:43:47,238 - __main__ - INFO - 📊 Episodes completed this rollout: 5
2025-09-27 15:43:47,239 - __main__ - INFO - 📈 Episode stats: avg return = 0.35, avg length = 157.0
2025-09-27 15:43:47,240 - __main__ - INFO - 🎯 Top 3 training actions: #3(7804), #2(7646), #1(6413)
2025-09-27 15:43:52,795 - __main__ - INFO - 📊 Episodes completed this rollout: 3
2025-09-27 15:43:52,795 - __main__ - INFO - 📈 Episode stats: avg return = -0.62, avg length = 300.0
2025-09-27 15:43:52,796 - __main__ - INFO - 🎯 Top 3 training actions: #3(7964), #2(7826), #1(6517)
2025-09-27 15:43:58,800 - __main__ - INFO - 📊 Episodes completed this rollout: 6
2025-09-27 15:43:58,801 - __main__ - INFO - 📈 Episode stats: avg return = -0.01, avg length = 238.5
2025-09-27 15:43:58,801 - __main__ - INFO - 🎯 Top 3 training actions: #3(8131), #2(7985), #1(6627)
2025-09-27 15:44:05,195 - __main__ - INFO - 📊 Episodes completed this rollout: 5
2025-09-27 15:44:05,196 - __main__ - INFO - 📈 Episode stats: avg return = 0.22, avg length = 200.8
2025-09-27 15:44:05,196 - __main__ - INFO - 🎯 Top 3 training actions: #3(8305), #2(8119), #1(6717)
2025-09-27 15:44:11,542 - __main__ - INFO - 📊 Episodes completed this rollout: 3
2025-09-27 15:44:11,543 - __main__ - INFO - 📈 Episode stats: avg return = -0.29, avg length = 300.0
2025-09-27 15:44:11,544 - __main__ - INFO - 🎯 Top 3 training actions: #3(8500), #2(8241), #1(6810)
2025-09-27 15:44:17,786 - __main__ - INFO - 📊 Episodes completed this rollout: 5
2025-09-27 15:44:17,786 - __main__ - INFO - 📈 Episode stats: avg return = -0.03, avg length = 244.8
2025-09-27 15:44:17,789 - __main__ - INFO - 🎯 Top 3 training actions: #3(8742), #2(8414), #4(6959)
2025-09-27 15:44:22,591 - __main__ - INFO - 📊 Episodes completed this rollout: 4
2025-09-27 15:44:22,591 - __main__ - INFO - 📈 Episode stats: avg return = 0.51, avg length = 211.5
2025-09-27 15:44:22,592 - __main__ - INFO - 🎯 Top 3 training actions: #3(8951), #2(8567), #4(7110)
2025-09-27 15:44:25,206 - __main__ - INFO - 🧪 Starting evaluation with 50 episodes...
2025-09-27 15:44:25,206 - __main__ - INFO -    Eval seed: 51
2025-09-27 15:44:25,207 - __main__ - INFO -    Max episode steps (eval): env default
2025-09-27 15:44:25,208 - nle.env.base - INFO - Not saving any NLE data.
2025-09-27 15:44:27,861 - __main__ - DEBUG - 🎯 Eval HMM masking: step 150 masked due to negative reward
2025-09-27 15:44:28,740 - __main__ - DEBUG - 🎯 Eval HMM masking: step 200 masked due to negative reward
2025-09-27 15:44:30,466 - __main__ - WARNING - ⚠️ Episode 1 terminated due to step limit.
2025-09-27 15:44:38,739 - __main__ - DEBUG - 🎯 Eval HMM masking: step 100 masked due to negative reward
2025-09-27 15:44:40,359 - __main__ - DEBUG - 🎯 Eval HMM masking: step 250 masked due to negative reward
2025-09-27 15:44:40,887 - __main__ - WARNING - ⚠️ Episode 4 terminated due to step limit.
2025-09-27 15:44:43,727 - __main__ - DEBUG - 🎯 Eval HMM masking: step 250 masked due to negative reward
2025-09-27 15:44:44,241 - __main__ - WARNING - ⚠️ Episode 5 terminated due to step limit.
2025-09-27 15:44:47,578 - __main__ - WARNING - ⚠️ Episode 6 terminated due to step limit.
2025-09-27 15:44:50,424 - __main__ - DEBUG - 🎯 Eval HMM masking: step 250 masked due to negative reward
2025-09-27 15:44:50,953 - __main__ - WARNING - ⚠️ Episode 7 terminated due to step limit.
2025-09-27 15:44:54,325 - __main__ - DEBUG - 🎯 Eval HMM masking: step 100 masked due to negative reward
2025-09-27 15:44:56,561 - __main__ - DEBUG - 🎯 Eval HMM masking: step 100 masked due to negative reward
2025-09-27 15:44:58,694 - __main__ - WARNING - ⚠️ Episode 10 terminated due to step limit.
2025-09-27 15:45:02,169 - __main__ - DEBUG - 🎯 Eval HMM masking: step 200 masked due to negative reward
2025-09-27 15:45:06,361 - __main__ - WARNING - ⚠️ Episode 12 terminated due to step limit.
2025-09-27 15:45:09,624 - __main__ - WARNING - ⚠️ Episode 13 terminated due to step limit.
2025-09-27 15:45:10,312 - __main__ - DEBUG - 🎯 Eval HMM masking: step 50 masked due to negative reward
2025-09-27 15:45:12,558 - __main__ - DEBUG - 🎯 Eval HMM masking: step 50 masked due to negative reward
2025-09-27 15:45:15,779 - __main__ - WARNING - ⚠️ Episode 15 terminated due to step limit.
2025-09-27 15:45:19,125 - __main__ - WARNING - ⚠️ Episode 16 terminated due to step limit.
2025-09-27 15:45:26,517 - __main__ - WARNING - ⚠️ Episode 19 terminated due to step limit.
2025-09-27 15:45:27,343 - __main__ - DEBUG - 🎯 Eval HMM masking: step 50 masked due to negative reward
2025-09-27 15:45:29,989 - __main__ - WARNING - ⚠️ Episode 21 terminated due to step limit.
2025-09-27 15:45:32,570 - __main__ - DEBUG - 🎯 Eval HMM masking: step 200 masked due to negative reward
2025-09-27 15:45:33,619 - __main__ - WARNING - ⚠️ Episode 23 terminated due to step limit.
2025-09-27 15:45:38,572 - __main__ - DEBUG - 🎯 Eval HMM masking: step 150 masked due to negative reward
2025-09-27 15:45:39,102 - __main__ - DEBUG - 🎯 Eval HMM masking: step 200 masked due to negative reward
2025-09-27 15:45:40,152 - __main__ - WARNING - ⚠️ Episode 25 terminated due to step limit.
2025-09-27 15:45:42,725 - __main__ - DEBUG - 🎯 Eval HMM masking: step 150 masked due to negative reward
2025-09-27 15:45:44,290 - __main__ - WARNING - ⚠️ Episode 27 terminated due to step limit.
2025-09-27 15:45:47,608 - __main__ - WARNING - ⚠️ Episode 28 terminated due to step limit.
2025-09-27 15:45:50,943 - __main__ - WARNING - ⚠️ Episode 29 terminated due to step limit.
2025-09-27 15:45:57,483 - __main__ - WARNING - ⚠️ Episode 32 terminated due to step limit.
2025-09-27 15:45:58,699 - __main__ - DEBUG - 🎯 Eval HMM masking: step 100 masked due to negative reward
2025-09-27 15:45:59,751 - __main__ - DEBUG - 🎯 Eval HMM masking: step 200 masked due to negative reward
2025-09-27 15:46:00,802 - __main__ - WARNING - ⚠️ Episode 33 terminated due to step limit.
2025-09-27 15:46:02,554 - __main__ - DEBUG - 🎯 Eval HMM masking: step 150 masked due to negative reward
2025-09-27 15:46:03,080 - __main__ - DEBUG - 🎯 Eval HMM masking: step 200 masked due to negative reward
2025-09-27 15:46:04,144 - __main__ - WARNING - ⚠️ Episode 34 terminated due to step limit.
2025-09-27 15:46:05,896 - __main__ - DEBUG - 🎯 Eval HMM masking: step 150 masked due to negative reward
2025-09-27 15:46:07,462 - __main__ - WARNING - ⚠️ Episode 35 terminated due to step limit.
2025-09-27 15:46:09,640 - __main__ - DEBUG - 🎯 Eval HMM masking: step 100 masked due to negative reward
2025-09-27 15:46:10,163 - __main__ - DEBUG - 🎯 Eval HMM masking: step 150 masked due to negative reward
2025-09-27 15:46:10,692 - __main__ - DEBUG - 🎯 Eval HMM masking: step 200 masked due to negative reward
2025-09-27 15:46:11,732 - __main__ - WARNING - ⚠️ Episode 37 terminated due to step limit.
2025-09-27 15:46:15,016 - __main__ - WARNING - ⚠️ Episode 38 terminated due to step limit.
2025-09-27 15:46:17,499 - __main__ - DEBUG - 🎯 Eval HMM masking: step 100 masked due to negative reward
2025-09-27 15:46:26,464 - __main__ - DEBUG - 🎯 Eval HMM masking: step 100 masked due to negative reward
2025-09-27 15:46:30,258 - __main__ - WARNING - ⚠️ Episode 45 terminated due to step limit.
2025-09-27 15:46:39,417 - __main__ - WARNING - ⚠️ Episode 49 terminated due to step limit.
2025-09-27 15:46:40,615 - __main__ - DEBUG - 🎯 Eval HMM masking: step 100 masked due to negative reward
2025-09-27 15:46:42,704 - __main__ - WARNING - ⚠️ Episode 50 terminated due to step limit.
2025-09-27 15:46:42,857 - __main__ - INFO - 📊 Evaluation Results (Current Round):
2025-09-27 15:46:42,857 - __main__ - INFO -    Episodes: 50
2025-09-27 15:46:42,857 - __main__ - INFO -    Time: 137.6s (2.8s/ep)
2025-09-27 15:46:42,857 - __main__ - INFO -    Average Return: 0.226 ± 0.589
2025-09-27 15:46:42,857 - __main__ - INFO -    Success Rate: 48.0%
2025-09-27 15:46:42,857 - __main__ - INFO -    Average Length: 236.1
2025-09-27 15:46:42,857 - __main__ - INFO -    Average Coverage: 85.9 positions
2025-09-27 15:46:42,857 - __main__ - INFO -    Episode Completions: 24 terminated (48.0%), 26 truncated (52.0%)
2025-09-27 15:46:42,857 - __main__ - INFO - 📈 Total Evaluation Statistics:
2025-09-27 15:46:42,857 - __main__ - INFO -    Total Episodes: 250
2025-09-27 15:46:42,858 - __main__ - INFO -    Total Average Return: 0.063 ± 0.626
2025-09-27 15:46:42,858 - __main__ - INFO -    Total Average Length: 236.3 ± 97.3
2025-09-27 15:46:42,858 - __main__ - INFO -    Total Completions: 93 terminated (37.2%), 157 truncated (62.8%)
2025-09-27 15:46:42,858 - __main__ - INFO -    Skill Entropy: 0.018
2025-09-27 15:46:42,858 - __main__ - INFO -    Used Skills: 1.0
2025-09-27 15:46:42,858 - __main__ - INFO -    Effective K: 1.03
2025-09-27 15:46:42,858 - __main__ - INFO - 🎯 Action Usage Statistics:
2025-09-27 15:46:42,858 - __main__ - INFO -    Unique actions in evaluation: 8
2025-09-27 15:46:42,858 - __main__ - INFO -    Unique actions in training: 8
2025-09-27 15:46:42,858 - __main__ - INFO -    Total unique actions: 8
2025-09-27 15:46:42,858 - __main__ - INFO -    Action coverage: 6.6%
2025-09-27 15:46:42,858 - __main__ - INFO -    Train action count: 50176
2025-09-27 15:46:42,859 - __main__ - INFO -    Eval action count: 59075
2025-09-27 15:46:42,859 - __main__ - INFO -    Train action entropy: 2.026
2025-09-27 15:46:42,859 - __main__ - INFO -    Eval action entropy: 2.027
2025-09-27 15:46:42,860 - __main__ - INFO -    Top 3 train actions: #3(8951), #2(8567), #4(7110)
2025-09-27 15:46:42,860 - __main__ - INFO -    Top 3 eval actions: #3(10926), #2(10078), #1(7883)
2025-09-27 15:46:45,029 - __main__ - INFO - 📊 Episodes completed this rollout: 3
2025-09-27 15:46:45,029 - __main__ - INFO - 📈 Episode stats: avg return = 0.09, avg length = 236.7
2025-09-27 15:46:45,029 - __main__ - INFO - 🎯 Top 3 training actions: #3(9091), #2(8738), #4(7284)
2025-09-27 15:46:48,838 - __main__ - INFO - 📊 Episodes completed this rollout: 4
2025-09-27 15:46:48,838 - __main__ - INFO - 📈 Episode stats: avg return = -0.16, avg length = 300.0
2025-09-27 15:46:48,838 - __main__ - INFO - 🎯 Top 3 training actions: #3(9219), #2(8887), #4(7464)
2025-09-27 15:46:50,665 - __main__ - INFO - 🔄 Synchronized model update at step 52,224
2025-09-27 15:46:50,666 - __main__ - INFO -    HMM interval: 12,000, VAE interval: 12,000
2025-09-27 15:46:50,667 - __main__ - INFO - 🚫 Model training masking: 948/12288 timesteps masked (7.7%) due to negative rewards (invalid actions)
2025-09-27 15:46:51,061 - __main__ - INFO - 🔄 Capping HMM batch size from 511 to 128 to prevent OOM
2025-09-27 15:46:51,061 - __main__ - INFO - 🔄 HMM refresh starting at step 52,224 with replay size 128x128
2025-09-27 15:46:57,260 - __main__ - DEBUG - Initial ELBO: -15459.4987
2025-09-27 15:46:57,265 - __main__ - DEBUG - Relative tol: 0.0100
2025-09-27 15:46:57,265 - __main__ - DEBUG - Relative elbo_drop_tol: 0.0100
2025-09-27 15:46:57,265 - __main__ - DEBUG - - Init -345.2124
2025-09-27 15:46:57,265 - __main__ - DEBUG - - Trans -49.4810
2025-09-27 15:46:57,265 - __main__ - DEBUG - - Emit -13079.2436
2025-09-27 15:46:57,266 - __main__ - DEBUG - - Entropy 0.0015
2025-09-27 15:46:57,266 - __main__ - DEBUG - - Dir -8.7393
2025-09-27 15:46:57,266 - __main__ - DEBUG - - NIW -1960.9458
2025-09-27 15:46:57,266 - __main__ - DEBUG - - Beta prior -15.8782
2025-09-27 15:47:03,697 - __main__ - DEBUG - Iter 0: ELBO after FB: -15459.4987 (LL -13473.9354, Δ=0.0000)
2025-09-27 15:47:03,698 - __main__ - DEBUG - Blending stats with ρ_niw=0.0500, ρ_tr=0.0500.
2025-09-27 15:47:03,745 - __main__ - DEBUG - Iter 0: ELBO after NIW update: 5397.8023 (Emit LL 8312.4826, NIW term -2495.3711, Δ=20857.3009)
2025-09-27 15:47:03,792 - __main__ - DEBUG - Iter 0: ELBO after Dirichlet update: 5398.3526 (Trans LL -48.5785, Dir term -9.0913, Δ=0.5504)
2025-09-27 15:47:03,858 - __main__ - DEBUG - Iter 0: ELBO after β update: 5398.9069 (Init LL -344.6347, Dir term -9.1036, logp(β) -15.8893, Δ=0.5542)
2025-09-27 15:47:10,308 - __main__ - DEBUG - Iter 1: ELBO after FB: 5398.9259 (LL 7919.2899, Δ=0.0190)
2025-09-27 15:47:10,309 - __main__ - DEBUG - Blending stats with ρ_niw=0.0500, ρ_tr=0.0500.
2025-09-27 15:47:10,356 - __main__ - DEBUG - Iter 1: ELBO after NIW update: 5398.9257 (Emit LL 8312.4258, NIW term -2495.2947, Δ=-0.0002)
2025-09-27 15:47:10,403 - __main__ - DEBUG - Iter 1: ELBO after Dirichlet update: 5398.8558 (Trans LL -48.6213, Dir term -9.1304, Δ=-0.0699)
2025-09-27 15:47:10,471 - __main__ - DEBUG - Iter 1: ELBO after β update: 5399.3531 (Init LL -344.0601, Dir term -9.1984, logp(β) -15.8991, Δ=0.4973)
2025-09-27 15:47:10,472 - __main__ - DEBUG - Early stopping: ELBO improvement 0.4462 < tolerance
2025-09-27 15:47:10,473 - __main__ - INFO -    HMM refresh complete: ELBO=2.8556, iters=0, max iters, states=40
2025-09-27 15:47:10,474 - __main__ - INFO -    ✅ HMM updated (next in 12,000 steps)
2025-09-27 15:47:10,474 - __main__ - INFO - 🔄 VAE refresh starting at step 52,224 with replay size 8x1536
2025-09-27 15:47:10,475 - __main__ - INFO -    Using span sampling (12288 timesteps, too large for full buffer)
2025-09-27 15:47:38,457 - __main__ - INFO -    VAE refresh complete: final_loss=2651.1787, avg_loss=2651.1779, steps=4/4, trend=stable, total_timesteps=12288, span_sampling=32_requested×4_steps, span_len=64
2025-09-27 15:47:38,460 - __main__ - INFO -    ✅ VAE updated (next in 12,000 steps)
2025-09-27 15:47:41,324 - __main__ - INFO - 📊 Episodes completed this rollout: 4
2025-09-27 15:47:41,325 - __main__ - INFO - 📈 Episode stats: avg return = -0.34, avg length = 300.0
2025-09-27 15:47:41,325 - __main__ - INFO - 🎯 Top 3 training actions: #3(9368), #2(9052), #4(7608)
2025-09-27 15:47:45,533 - __main__ - INFO - 📊 Episodes completed this rollout: 4
2025-09-27 15:47:45,534 - __main__ - INFO - 📈 Episode stats: avg return = 0.32, avg length = 226.8
2025-09-27 15:47:45,534 - __main__ - INFO - 🎯 Top 3 training actions: #3(9533), #2(9230), #4(7729)
2025-09-27 15:47:49,556 - __main__ - INFO - 📊 Episodes completed this rollout: 6
2025-09-27 15:47:49,557 - __main__ - INFO - 📈 Episode stats: avg return = 0.09, avg length = 249.7
2025-09-27 15:47:49,557 - __main__ - INFO - 🎯 Top 3 training actions: #3(9699), #2(9394), #4(7864)
2025-09-27 15:47:53,390 - __main__ - INFO - 📊 Episodes completed this rollout: 4
2025-09-27 15:47:53,390 - __main__ - INFO - 📈 Episode stats: avg return = 0.16, avg length = 258.2
2025-09-27 15:47:53,391 - __main__ - INFO - 🎯 Top 3 training actions: #3(9870), #2(9534), #4(7999)
2025-09-27 15:47:57,186 - __main__ - INFO - 📊 Episodes completed this rollout: 5
2025-09-27 15:47:57,187 - __main__ - INFO - 📈 Episode stats: avg return = 0.71, avg length = 135.6
2025-09-27 15:47:57,187 - __main__ - INFO - 🎯 Top 3 training actions: #3(10037), #2(9663), #4(8145)
2025-09-27 15:48:00,956 - __main__ - INFO - 📊 Episodes completed this rollout: 3
2025-09-27 15:48:00,957 - __main__ - INFO - 📈 Episode stats: avg return = 0.11, avg length = 207.3
2025-09-27 15:48:00,957 - __main__ - INFO - 🎯 Top 3 training actions: #3(10185), #2(9791), #4(8286)
2025-09-27 15:48:04,745 - __main__ - INFO - 📊 Episodes completed this rollout: 4
2025-09-27 15:48:04,745 - __main__ - INFO - 📈 Episode stats: avg return = -0.36, avg length = 300.0
2025-09-27 15:48:04,745 - __main__ - INFO - 🎯 Top 3 training actions: #3(10323), #2(9934), #4(8426)
2025-09-27 15:48:08,523 - __main__ - INFO - 📊 Episodes completed this rollout: 5
2025-09-27 15:48:08,523 - __main__ - INFO - 📈 Episode stats: avg return = -0.07, avg length = 244.2
2025-09-27 15:48:08,523 - __main__ - INFO - 🎯 Top 3 training actions: #3(10472), #2(10072), #4(8548)
2025-09-27 15:48:10,315 - __main__ - INFO - 🧪 Starting evaluation with 50 episodes...
2025-09-27 15:48:10,316 - __main__ - INFO -    Eval seed: 51
2025-09-27 15:48:10,316 - __main__ - INFO -    Max episode steps (eval): env default
2025-09-27 15:48:10,316 - nle.env.base - INFO - Not saving any NLE data.
2025-09-27 15:48:15,104 - __main__ - DEBUG - 🎯 Eval HMM masking: step 100 masked due to negative reward
2025-09-27 15:48:17,154 - __main__ - WARNING - ⚠️ Episode 4 terminated due to step limit.
2025-09-27 15:48:17,828 - __main__ - DEBUG - 🎯 Eval HMM masking: step 50 masked due to negative reward
2025-09-27 15:48:18,342 - __main__ - DEBUG - 🎯 Eval HMM masking: step 100 masked due to negative reward
2025-09-27 15:48:19,374 - __main__ - DEBUG - 🎯 Eval HMM masking: step 200 masked due to negative reward
2025-09-27 15:48:20,148 - __main__ - DEBUG - 🎯 Eval HMM masking: step 50 masked due to negative reward
2025-09-27 15:48:25,175 - __main__ - DEBUG - 🎯 Eval HMM masking: step 250 masked due to negative reward
2025-09-27 15:48:25,684 - __main__ - WARNING - ⚠️ Episode 8 terminated due to step limit.
2025-09-27 15:48:28,909 - __main__ - WARNING - ⚠️ Episode 9 terminated due to step limit.
2025-09-27 15:48:32,715 - __main__ - WARNING - ⚠️ Episode 11 terminated due to step limit.
2025-09-27 15:48:33,911 - __main__ - DEBUG - 🎯 Eval HMM masking: step 100 masked due to negative reward
2025-09-27 15:48:35,965 - __main__ - WARNING - ⚠️ Episode 12 terminated due to step limit.
2025-09-27 15:48:36,645 - __main__ - DEBUG - 🎯 Eval HMM masking: step 50 masked due to negative reward
2025-09-27 15:48:39,049 - __main__ - DEBUG - 🎯 Eval HMM masking: step 200 masked due to negative reward
2025-09-27 15:48:43,259 - __main__ - DEBUG - 🎯 Eval HMM masking: step 150 masked due to negative reward
2025-09-27 15:48:44,787 - __main__ - WARNING - ⚠️ Episode 17 terminated due to step limit.
2025-09-27 15:48:50,021 - __main__ - WARNING - ⚠️ Episode 20 terminated due to step limit.
2025-09-27 15:48:53,252 - __main__ - WARNING - ⚠️ Episode 21 terminated due to step limit.
2025-09-27 15:48:56,446 - __main__ - DEBUG - 🎯 Eval HMM masking: step 200 masked due to negative reward
2025-09-27 15:48:57,467 - __main__ - WARNING - ⚠️ Episode 23 terminated due to step limit.
2025-09-27 15:49:04,544 - __main__ - WARNING - ⚠️ Episode 26 terminated due to step limit.
2025-09-27 15:49:06,194 - __main__ - DEBUG - 🎯 Eval HMM masking: step 50 masked due to negative reward
2025-09-27 15:49:08,952 - __main__ - DEBUG - 🎯 Eval HMM masking: step 200 masked due to negative reward
2025-09-27 15:49:09,976 - __main__ - WARNING - ⚠️ Episode 30 terminated due to step limit.
2025-09-27 15:49:13,700 - __main__ - WARNING - ⚠️ Episode 32 terminated due to step limit.
2025-09-27 15:49:18,494 - __main__ - WARNING - ⚠️ Episode 34 terminated due to step limit.
2025-09-27 15:49:21,840 - __main__ - WARNING - ⚠️ Episode 36 terminated due to step limit.
2025-09-27 15:49:25,168 - __main__ - WARNING - ⚠️ Episode 37 terminated due to step limit.
2025-09-27 15:49:26,378 - __main__ - DEBUG - 🎯 Eval HMM masking: step 100 masked due to negative reward
2025-09-27 15:49:27,408 - __main__ - DEBUG - 🎯 Eval HMM masking: step 200 masked due to negative reward
2025-09-27 15:49:29,355 - __main__ - DEBUG - 🎯 Eval HMM masking: step 100 masked due to negative reward
2025-09-27 15:49:31,437 - __main__ - WARNING - ⚠️ Episode 40 terminated due to step limit.
2025-09-27 15:49:34,757 - __main__ - WARNING - ⚠️ Episode 41 terminated due to step limit.
2025-09-27 15:49:37,935 - __main__ - DEBUG - 🎯 Eval HMM masking: step 250 masked due to negative reward
2025-09-27 15:49:38,461 - __main__ - WARNING - ⚠️ Episode 43 terminated due to step limit.
2025-09-27 15:49:40,474 - __main__ - DEBUG - 🎯 Eval HMM masking: step 150 masked due to negative reward
2025-09-27 15:49:43,405 - __main__ - DEBUG - 🎯 Eval HMM masking: step 100 masked due to negative reward
2025-09-27 15:49:48,264 - __main__ - DEBUG - 🎯 Eval HMM masking: step 250 masked due to negative reward
2025-09-27 15:49:48,940 - __main__ - WARNING - ⚠️ Episode 46 terminated due to step limit.
2025-09-27 15:49:49,659 - __main__ - DEBUG - 🎯 Eval HMM masking: step 50 masked due to negative reward
2025-09-27 15:49:52,390 - __main__ - WARNING - ⚠️ Episode 47 terminated due to step limit.
2025-09-27 15:49:54,714 - __main__ - DEBUG - 🎯 Eval HMM masking: step 200 masked due to negative reward
2025-09-27 15:49:55,788 - __main__ - WARNING - ⚠️ Episode 48 terminated due to step limit.
2025-09-27 15:49:59,181 - __main__ - WARNING - ⚠️ Episode 49 terminated due to step limit.
2025-09-27 15:49:59,883 - __main__ - DEBUG - 🎯 Eval HMM masking: step 50 masked due to negative reward
2025-09-27 15:50:00,679 - __main__ - INFO - 📊 Evaluation Results (Current Round):
2025-09-27 15:50:00,679 - __main__ - INFO -    Episodes: 50
2025-09-27 15:50:00,679 - __main__ - INFO -    Time: 110.4s (2.2s/ep)
2025-09-27 15:50:00,679 - __main__ - INFO -    Average Return: 0.333 ± 0.611
2025-09-27 15:50:00,679 - __main__ - INFO -    Success Rate: 56.0%
2025-09-27 15:50:00,680 - __main__ - INFO -    Average Length: 196.3
2025-09-27 15:50:00,680 - __main__ - INFO -    Average Coverage: 71.5 positions
2025-09-27 15:50:00,680 - __main__ - INFO -    Episode Completions: 28 terminated (56.0%), 22 truncated (44.0%)
2025-09-27 15:50:00,680 - __main__ - INFO - 📈 Total Evaluation Statistics:
2025-09-27 15:50:00,680 - __main__ - INFO -    Total Episodes: 300
2025-09-27 15:50:00,680 - __main__ - INFO -    Total Average Return: 0.108 ± 0.632
2025-09-27 15:50:00,680 - __main__ - INFO -    Total Average Length: 229.6 ± 100.6
2025-09-27 15:50:00,680 - __main__ - INFO -    Total Completions: 121 terminated (40.3%), 179 truncated (59.7%)
2025-09-27 15:50:00,680 - __main__ - INFO -    Skill Entropy: 0.019
2025-09-27 15:50:00,680 - __main__ - INFO -    Used Skills: 1.0
2025-09-27 15:50:00,680 - __main__ - INFO -    Effective K: 1.03
2025-09-27 15:50:00,680 - __main__ - INFO - 🎯 Action Usage Statistics:
2025-09-27 15:50:00,681 - __main__ - INFO -    Unique actions in evaluation: 8
2025-09-27 15:50:00,681 - __main__ - INFO -    Unique actions in training: 8
2025-09-27 15:50:00,681 - __main__ - INFO -    Total unique actions: 8
2025-09-27 15:50:00,681 - __main__ - INFO -    Action coverage: 6.6%
2025-09-27 15:50:00,681 - __main__ - INFO -    Train action count: 60416
2025-09-27 15:50:00,681 - __main__ - INFO -    Eval action count: 68888
2025-09-27 15:50:00,681 - __main__ - INFO -    Train action entropy: 2.037
2025-09-27 15:50:00,682 - __main__ - INFO -    Eval action entropy: 2.037
2025-09-27 15:50:00,682 - __main__ - INFO -    Top 3 train actions: #3(10472), #2(10072), #4(8548)
2025-09-27 15:50:00,682 - __main__ - INFO -    Top 3 eval actions: #3(12405), #2(11476), #1(9129)
2025-09-27 15:50:02,931 - __main__ - INFO - 📊 Episodes completed this rollout: 2
2025-09-27 15:50:02,932 - __main__ - INFO - 📈 Episode stats: avg return = -0.19, avg length = 300.0
2025-09-27 15:50:02,932 - __main__ - INFO - 🎯 Top 3 training actions: #3(10606), #2(10232), #4(8657)
2025-09-27 15:50:07,100 - __main__ - INFO - 📊 Episodes completed this rollout: 8
2025-09-27 15:50:07,100 - __main__ - INFO - 📈 Episode stats: avg return = 0.18, avg length = 208.5
2025-09-27 15:50:07,101 - __main__ - INFO - 🎯 Top 3 training actions: #3(10752), #2(10364), #4(8793)
2025-09-27 15:50:11,166 - __main__ - INFO - 📊 Episodes completed this rollout: 2
2025-09-27 15:50:11,166 - __main__ - INFO - 📈 Episode stats: avg return = 0.33, avg length = 194.5
2025-09-27 15:50:11,167 - __main__ - INFO - 🎯 Top 3 training actions: #3(10900), #2(10484), #4(8923)
2025-09-27 15:50:16,337 - __main__ - INFO - 📊 Episodes completed this rollout: 7
2025-09-27 15:50:16,338 - __main__ - INFO - 📈 Episode stats: avg return = -0.03, avg length = 247.3
2025-09-27 15:50:16,338 - __main__ - INFO - 🎯 Top 3 training actions: #3(11053), #2(10618), #4(9035)
2025-09-27 15:50:18,957 - __main__ - INFO - 🔄 Synchronized model update at step 64,512
2025-09-27 15:50:18,958 - __main__ - INFO -    HMM interval: 12,000, VAE interval: 12,000
2025-09-27 15:50:18,959 - __main__ - INFO - 🚫 Model training masking: 1356/12288 timesteps masked (11.0%) due to negative rewards (invalid actions)
2025-09-27 15:50:19,516 - __main__ - INFO - 🔄 Capping HMM batch size from 847 to 128 to prevent OOM
2025-09-27 15:50:19,517 - __main__ - INFO - 🔄 HMM refresh starting at step 64,512 with replay size 128x106
2025-09-27 15:50:27,143 - __main__ - DEBUG - Initial ELBO: 198.3330
2025-09-27 15:50:27,147 - __main__ - DEBUG - Relative tol: 0.0100
2025-09-27 15:50:27,147 - __main__ - DEBUG - Relative elbo_drop_tol: 0.0100
2025-09-27 15:50:27,147 - __main__ - DEBUG - - Init -344.0601
2025-09-27 15:50:27,147 - __main__ - DEBUG - - Trans -28.7557
2025-09-27 15:50:27,147 - __main__ - DEBUG - - Emit 3091.5403
2025-09-27 15:50:27,148 - __main__ - DEBUG - - Entropy 0.0006
2025-09-27 15:50:27,148 - __main__ - DEBUG - - Dir -9.1984
2025-09-27 15:50:27,148 - __main__ - DEBUG - - NIW -2495.2947
2025-09-27 15:50:27,148 - __main__ - DEBUG - - Beta prior -15.8991
2025-09-27 15:50:32,668 - __main__ - DEBUG - Iter 0: ELBO after FB: 198.3330 (LL 2718.7252, Δ=0.0000)
2025-09-27 15:50:32,670 - __main__ - DEBUG - Blending stats with ρ_niw=0.0500, ρ_tr=0.0500.
2025-09-27 15:50:32,716 - __main__ - DEBUG - Iter 0: ELBO after NIW update: 5536.3791 (Emit LL 8722.4773, NIW term -2788.1855, Δ=5338.0461)
2025-09-27 15:50:32,765 - __main__ - DEBUG - Iter 0: ELBO after Dirichlet update: 5536.5325 (Trans LL -28.7107, Dir term -9.0900, Δ=0.1534)
2025-09-27 15:50:32,836 - __main__ - DEBUG - Iter 0: ELBO after β update: 5537.0723 (Init LL -343.4841, Dir term -9.1146, logp(β) -15.9106, Δ=0.5398)
2025-09-27 15:50:38,956 - __main__ - DEBUG - Iter 1: ELBO after FB: 5537.0723 (LL 8350.2831, Δ=-0.0000)
2025-09-27 15:50:38,957 - __main__ - DEBUG - Blending stats with ρ_niw=0.0500, ρ_tr=0.0500.
2025-09-27 15:50:39,027 - __main__ - DEBUG - Iter 1: ELBO after NIW update: 5537.0723 (Emit LL 8722.4773, NIW term -2788.1855, Δ=0.0000)
2025-09-27 15:50:39,095 - __main__ - DEBUG - Iter 1: ELBO after Dirichlet update: 5537.0019 (Trans LL -28.7377, Dir term -9.1581, Δ=-0.0704)
2025-09-27 15:50:39,207 - __main__ - DEBUG - Iter 1: ELBO after β update: 5537.5056 (Init LL -342.9116, Dir term -9.2180, logp(β) -15.9195, Δ=0.5037)
2025-09-27 15:50:39,208 - __main__ - DEBUG - Early stopping: ELBO improvement 0.4332 < tolerance
2025-09-27 15:50:39,211 - __main__ - INFO -    HMM refresh complete: ELBO=7.0212, iters=0, max iters, states=40
2025-09-27 15:50:39,211 - __main__ - INFO -    ✅ HMM updated (next in 12,000 steps)
2025-09-27 15:50:39,211 - __main__ - INFO - 🔄 VAE refresh starting at step 64,512 with replay size 8x1536
2025-09-27 15:50:39,213 - __main__ - INFO -    Using span sampling (12288 timesteps, too large for full buffer)
2025-09-27 15:51:11,748 - __main__ - INFO -    VAE refresh complete: final_loss=2649.4341, avg_loss=2650.1194, steps=4/4, trend=improving, total_timesteps=12288, span_sampling=32_requested×4_steps, span_len=64
2025-09-27 15:51:11,751 - __main__ - INFO -    ✅ VAE updated (next in 12,000 steps)
2025-09-27 15:51:14,007 - __main__ - INFO - 📊 Episodes completed this rollout: 4
2025-09-27 15:51:14,007 - __main__ - INFO - 📈 Episode stats: avg return = 0.54, avg length = 163.5
2025-09-27 15:51:14,007 - __main__ - INFO - 🎯 Top 3 training actions: #3(11206), #2(10740), #4(9166)
2025-09-27 15:51:19,461 - __main__ - INFO - 📊 Episodes completed this rollout: 2
2025-09-27 15:51:19,462 - __main__ - INFO - 📈 Episode stats: avg return = -0.29, avg length = 300.0
2025-09-27 15:51:19,462 - __main__ - INFO - 🎯 Top 3 training actions: #3(11346), #2(10865), #4(9279)
2025-09-27 15:51:25,465 - __main__ - INFO - 📊 Episodes completed this rollout: 8
2025-09-27 15:51:25,466 - __main__ - INFO - 📈 Episode stats: avg return = 0.15, avg length = 232.5
2025-09-27 15:51:25,466 - __main__ - INFO - 🎯 Top 3 training actions: #3(11499), #2(10989), #4(9391)
2025-09-27 15:51:30,999 - __main__ - INFO - 📊 Episodes completed this rollout: 6
2025-09-27 15:51:31,000 - __main__ - INFO - 📈 Episode stats: avg return = 0.57, avg length = 130.5
2025-09-27 15:51:31,000 - __main__ - INFO - 🎯 Top 3 training actions: #3(11585), #2(11112), #4(9484)
2025-09-27 15:51:35,782 - __main__ - INFO - 📊 Episodes completed this rollout: 5
2025-09-27 15:51:35,782 - __main__ - INFO - 📈 Episode stats: avg return = 0.19, avg length = 227.4
2025-09-27 15:51:35,783 - __main__ - INFO - 🎯 Top 3 training actions: #3(11682), #2(11214), #4(9547)
2025-09-27 15:51:40,561 - __main__ - INFO - 📊 Episodes completed this rollout: 3
2025-09-27 15:51:40,562 - __main__ - INFO - 📈 Episode stats: avg return = -0.67, avg length = 300.0
2025-09-27 15:51:40,562 - __main__ - INFO - 🎯 Top 3 training actions: #3(11792), #2(11301), #1(9698)
2025-09-27 15:51:42,391 - __main__ - INFO - 🧪 Starting evaluation with 50 episodes...
2025-09-27 15:51:42,391 - __main__ - INFO -    Eval seed: 51
2025-09-27 15:51:42,391 - __main__ - INFO -    Max episode steps (eval): env default
2025-09-27 15:51:42,393 - nle.env.base - INFO - Not saving any NLE data.
2025-09-27 15:51:44,921 - __main__ - DEBUG - 🎯 Eval HMM masking: step 150 masked due to negative reward
2025-09-27 15:51:47,356 - __main__ - WARNING - ⚠️ Episode 1 terminated due to step limit.
2025-09-27 15:51:50,744 - __main__ - WARNING - ⚠️ Episode 2 terminated due to step limit.
2025-09-27 15:51:54,868 - __main__ - WARNING - ⚠️ Episode 3 terminated due to step limit.
2025-09-27 15:51:59,216 - __main__ - WARNING - ⚠️ Episode 4 terminated due to step limit.
2025-09-27 15:52:02,536 - __main__ - WARNING - ⚠️ Episode 5 terminated due to step limit.
2025-09-27 15:52:05,825 - __main__ - DEBUG - 🎯 Eval HMM masking: step 200 masked due to negative reward
2025-09-27 15:52:06,898 - __main__ - WARNING - ⚠️ Episode 7 terminated due to step limit.
2025-09-27 15:52:10,321 - __main__ - WARNING - ⚠️ Episode 8 terminated due to step limit.
2025-09-27 15:52:12,931 - __main__ - DEBUG - 🎯 Eval HMM masking: step 100 masked due to negative reward
2025-09-27 15:52:14,039 - __main__ - DEBUG - 🎯 Eval HMM masking: step 200 masked due to negative reward
2025-09-27 15:52:15,093 - __main__ - WARNING - ⚠️ Episode 10 terminated due to step limit.
2025-09-27 15:52:18,600 - __main__ - WARNING - ⚠️ Episode 11 terminated due to step limit.
2025-09-27 15:52:21,410 - __main__ - DEBUG - 🎯 Eval HMM masking: step 150 masked due to negative reward
2025-09-27 15:52:23,698 - __main__ - WARNING - ⚠️ Episode 12 terminated due to step limit.
2025-09-27 15:52:26,566 - __main__ - DEBUG - 🎯 Eval HMM masking: step 250 masked due to negative reward
2025-09-27 15:52:27,101 - __main__ - WARNING - ⚠️ Episode 13 terminated due to step limit.
2025-09-27 15:52:29,459 - __main__ - DEBUG - 🎯 Eval HMM masking: step 200 masked due to negative reward
2025-09-27 15:52:39,977 - __main__ - WARNING - ⚠️ Episode 18 terminated due to step limit.
2025-09-27 15:52:41,782 - __main__ - DEBUG - 🎯 Eval HMM masking: step 150 masked due to negative reward
2025-09-27 15:52:47,246 - __main__ - DEBUG - 🎯 Eval HMM masking: step 250 masked due to negative reward
2025-09-27 15:52:48,033 - __main__ - WARNING - ⚠️ Episode 20 terminated due to step limit.
2025-09-27 15:52:51,363 - __main__ - WARNING - ⚠️ Episode 21 terminated due to step limit.
2025-09-27 15:52:55,725 - __main__ - DEBUG - 🎯 Eval HMM masking: step 100 masked due to negative reward
2025-09-27 15:52:57,830 - __main__ - WARNING - ⚠️ Episode 24 terminated due to step limit.
2025-09-27 15:53:03,092 - __main__ - WARNING - ⚠️ Episode 26 terminated due to step limit.
2025-09-27 15:53:06,366 - __main__ - WARNING - ⚠️ Episode 27 terminated due to step limit.
2025-09-27 15:53:10,364 - __main__ - WARNING - ⚠️ Episode 30 terminated due to step limit.
2025-09-27 15:53:13,749 - __main__ - WARNING - ⚠️ Episode 32 terminated due to step limit.
2025-09-27 15:53:14,449 - __main__ - DEBUG - 🎯 Eval HMM masking: step 50 masked due to negative reward
2025-09-27 15:53:16,070 - __main__ - DEBUG - 🎯 Eval HMM masking: step 200 masked due to negative reward
2025-09-27 15:53:16,608 - __main__ - DEBUG - 🎯 Eval HMM masking: step 250 masked due to negative reward
2025-09-27 15:53:17,136 - __main__ - WARNING - ⚠️ Episode 33 terminated due to step limit.
2025-09-27 15:53:23,741 - __main__ - WARNING - ⚠️ Episode 36 terminated due to step limit.
2025-09-27 15:53:24,432 - __main__ - DEBUG - 🎯 Eval HMM masking: step 50 masked due to negative reward
2025-09-27 15:53:26,016 - __main__ - DEBUG - 🎯 Eval HMM masking: step 200 masked due to negative reward
2025-09-27 15:53:29,816 - __main__ - DEBUG - 🎯 Eval HMM masking: step 250 masked due to negative reward
2025-09-27 15:53:30,339 - __main__ - WARNING - ⚠️ Episode 38 terminated due to step limit.
2025-09-27 15:53:35,484 - __main__ - DEBUG - 🎯 Eval HMM masking: step 200 masked due to negative reward
2025-09-27 15:53:36,532 - __main__ - WARNING - ⚠️ Episode 40 terminated due to step limit.
2025-09-27 15:53:38,743 - __main__ - DEBUG - 🎯 Eval HMM masking: step 150 masked due to negative reward
2025-09-27 15:53:40,317 - __main__ - WARNING - ⚠️ Episode 42 terminated due to step limit.
2025-09-27 15:53:45,116 - __main__ - WARNING - ⚠️ Episode 44 terminated due to step limit.
2025-09-27 15:53:48,401 - __main__ - WARNING - ⚠️ Episode 45 terminated due to step limit.
2025-09-27 15:53:50,715 - __main__ - DEBUG - 🎯 Eval HMM masking: step 50 masked due to negative reward
2025-09-27 15:53:52,800 - __main__ - DEBUG - 🎯 Eval HMM masking: step 250 masked due to negative reward
2025-09-27 15:53:53,317 - __main__ - WARNING - ⚠️ Episode 47 terminated due to step limit.
2025-09-27 15:53:56,638 - __main__ - WARNING - ⚠️ Episode 48 terminated due to step limit.
2025-09-27 15:53:57,326 - __main__ - DEBUG - 🎯 Eval HMM masking: step 50 masked due to negative reward
2025-09-27 15:53:59,953 - __main__ - WARNING - ⚠️ Episode 49 terminated due to step limit.
2025-09-27 15:54:03,270 - __main__ - WARNING - ⚠️ Episode 50 terminated due to step limit.
2025-09-27 15:54:03,422 - __main__ - INFO - 📊 Evaluation Results (Current Round):
2025-09-27 15:54:03,422 - __main__ - INFO -    Episodes: 50
2025-09-27 15:54:03,422 - __main__ - INFO -    Time: 141.0s (2.8s/ep)
2025-09-27 15:54:03,422 - __main__ - INFO -    Average Return: 0.119 ± 0.627
2025-09-27 15:54:03,422 - __main__ - INFO -    Success Rate: 40.0%
2025-09-27 15:54:03,422 - __main__ - INFO -    Average Length: 236.7
2025-09-27 15:54:03,422 - __main__ - INFO -    Average Coverage: 79.5 positions
2025-09-27 15:54:03,422 - __main__ - INFO -    Episode Completions: 20 terminated (40.0%), 30 truncated (60.0%)
2025-09-27 15:54:03,422 - __main__ - INFO - 📈 Total Evaluation Statistics:
2025-09-27 15:54:03,422 - __main__ - INFO -    Total Episodes: 350
2025-09-27 15:54:03,423 - __main__ - INFO -    Total Average Return: 0.110 ± 0.631
2025-09-27 15:54:03,423 - __main__ - INFO -    Total Average Length: 230.6 ± 99.9
2025-09-27 15:54:03,423 - __main__ - INFO -    Total Completions: 141 terminated (40.3%), 209 truncated (59.7%)
2025-09-27 15:54:03,423 - __main__ - INFO -    Skill Entropy: 0.019
2025-09-27 15:54:03,423 - __main__ - INFO -    Used Skills: 1.0
2025-09-27 15:54:03,423 - __main__ - INFO -    Effective K: 1.03
2025-09-27 15:54:03,423 - __main__ - INFO - 🎯 Action Usage Statistics:
2025-09-27 15:54:03,423 - __main__ - INFO -    Unique actions in evaluation: 8
2025-09-27 15:54:03,423 - __main__ - INFO -    Unique actions in training: 8
2025-09-27 15:54:03,423 - __main__ - INFO -    Total unique actions: 8
2025-09-27 15:54:03,423 - __main__ - INFO -    Action coverage: 6.6%
2025-09-27 15:54:03,424 - __main__ - INFO -    Train action count: 70656
2025-09-27 15:54:03,424 - __main__ - INFO -    Eval action count: 80724
2025-09-27 15:54:03,424 - __main__ - INFO -    Train action entropy: 2.047
2025-09-27 15:54:03,424 - __main__ - INFO -    Eval action entropy: 2.048
2025-09-27 15:54:03,425 - __main__ - INFO -    Top 3 train actions: #3(11792), #2(11301), #1(9698)
2025-09-27 15:54:03,425 - __main__ - INFO -    Top 3 eval actions: #3(13751), #2(12755), #1(11087)
2025-09-27 15:54:05,601 - __main__ - INFO - 📊 Episodes completed this rollout: 3
2025-09-27 15:54:05,601 - __main__ - INFO - 📈 Episode stats: avg return = 0.34, avg length = 232.0
2025-09-27 15:54:05,601 - __main__ - INFO - 🎯 Top 3 training actions: #3(11904), #2(11411), #1(9870)
2025-09-27 15:54:09,655 - __main__ - INFO - 📊 Episodes completed this rollout: 4
2025-09-27 15:54:09,655 - __main__ - INFO - 📈 Episode stats: avg return = -0.47, avg length = 300.0
2025-09-27 15:54:09,655 - __main__ - INFO - 🎯 Top 3 training actions: #3(12028), #2(11538), #1(10042)
2025-09-27 15:54:13,668 - __main__ - INFO - 📊 Episodes completed this rollout: 4
2025-09-27 15:54:13,668 - __main__ - INFO - 📈 Episode stats: avg return = -0.07, avg length = 241.5
2025-09-27 15:54:13,668 - __main__ - INFO - 🎯 Top 3 training actions: #3(12166), #2(11670), #1(10212)
2025-09-27 15:54:17,572 - __main__ - INFO - 📊 Episodes completed this rollout: 7
2025-09-27 15:54:17,572 - __main__ - INFO - 📈 Episode stats: avg return = 0.21, avg length = 196.3
2025-09-27 15:54:17,572 - __main__ - INFO - 🎯 Top 3 training actions: #3(12320), #2(11814), #1(10347)
2025-09-27 15:54:22,847 - __main__ - INFO - 📊 Episodes completed this rollout: 4
2025-09-27 15:54:22,848 - __main__ - INFO - 📈 Episode stats: avg return = 0.32, avg length = 194.5
2025-09-27 15:54:22,848 - __main__ - INFO - 🎯 Top 3 training actions: #3(12486), #2(11959), #1(10474)
2025-09-27 15:54:27,964 - __main__ - INFO - 📊 Episodes completed this rollout: 3
2025-09-27 15:54:27,964 - __main__ - INFO - 📈 Episode stats: avg return = 0.30, avg length = 250.3
2025-09-27 15:54:27,965 - __main__ - INFO - 🎯 Top 3 training actions: #3(12654), #2(12078), #1(10632)
2025-09-27 15:54:29,814 - __main__ - INFO - 🔄 Synchronized model update at step 76,800
2025-09-27 15:54:29,815 - __main__ - INFO -    HMM interval: 12,000, VAE interval: 12,000
2025-09-27 15:54:29,815 - __main__ - INFO - 🚫 Model training masking: 1260/12288 timesteps masked (10.3%) due to negative rewards (invalid actions)
2025-09-27 15:54:30,230 - __main__ - INFO - 🔄 Capping HMM batch size from 786 to 128 to prevent OOM
2025-09-27 15:54:30,231 - __main__ - INFO - 🔄 HMM refresh starting at step 76,800 with replay size 128x79
2025-09-27 15:54:34,103 - __main__ - DEBUG - Initial ELBO: 4974.1218
2025-09-27 15:54:34,108 - __main__ - DEBUG - Relative tol: 0.0100
2025-09-27 15:54:34,108 - __main__ - DEBUG - Relative elbo_drop_tol: 0.0100
2025-09-27 15:54:34,108 - __main__ - DEBUG - - Init -342.9116
2025-09-27 15:54:34,108 - __main__ - DEBUG - - Trans -37.6771
2025-09-27 15:54:34,108 - __main__ - DEBUG - - Emit 8168.0331
2025-09-27 15:54:34,108 - __main__ - DEBUG - - Entropy 0.0005
2025-09-27 15:54:34,108 - __main__ - DEBUG - - Dir -9.2180
2025-09-27 15:54:34,108 - __main__ - DEBUG - - NIW -2788.1855
2025-09-27 15:54:34,108 - __main__ - DEBUG - - Beta prior -15.9195
2025-09-27 15:54:38,249 - __main__ - DEBUG - Iter 0: ELBO after FB: 4974.1218 (LL 7787.4449, Δ=0.0000)
2025-09-27 15:54:38,250 - __main__ - DEBUG - Blending stats with ρ_niw=0.0500, ρ_tr=0.0500.
2025-09-27 15:54:38,295 - __main__ - DEBUG - Iter 0: ELBO after NIW update: 13591.6115 (Emit LL 17206.5167, NIW term -3209.1794, Δ=8617.4897)
2025-09-27 15:54:38,341 - __main__ - DEBUG - Iter 0: ELBO after Dirichlet update: 13591.8497 (Trans LL -37.3528, Dir term -9.3041, Δ=0.2382)
2025-09-27 15:54:38,412 - __main__ - DEBUG - Iter 0: ELBO after β update: 13592.3810 (Init LL -342.3372, Dir term -9.3352, logp(β) -15.9315, Δ=0.5313)
2025-09-27 15:54:42,594 - __main__ - DEBUG - Iter 1: ELBO after FB: 13592.3810 (LL 16826.8271, Δ=0.0000)
2025-09-27 15:54:42,595 - __main__ - DEBUG - Blending stats with ρ_niw=0.0500, ρ_tr=0.0500.
2025-09-27 15:54:42,642 - __main__ - DEBUG - Iter 1: ELBO after NIW update: 13592.3810 (Emit LL 17206.5167, NIW term -3209.1794, Δ=0.0000)
2025-09-27 15:54:42,689 - __main__ - DEBUG - Iter 1: ELBO after Dirichlet update: 13592.3088 (Trans LL -37.3882, Dir term -9.3720, Δ=-0.0721)
2025-09-27 15:54:42,770 - __main__ - DEBUG - Iter 1: ELBO after β update: 13592.8182 (Init LL -341.7670, Dir term -9.4252, logp(β) -15.9391, Δ=0.5093)
2025-09-27 15:54:42,771 - __main__ - DEBUG - Early stopping: ELBO improvement 0.4372 < tolerance
2025-09-27 15:54:42,773 - __main__ - INFO -    HMM refresh complete: ELBO=75.6837, iters=0, max iters, states=40
2025-09-27 15:54:42,773 - __main__ - INFO -    ✅ HMM updated (next in 12,000 steps)
2025-09-27 15:54:42,773 - __main__ - INFO - 🔄 VAE refresh starting at step 76,800 with replay size 8x1536
2025-09-27 15:54:42,774 - __main__ - INFO -    Using span sampling (12288 timesteps, too large for full buffer)
2025-09-27 15:55:10,156 - __main__ - INFO -    VAE refresh complete: final_loss=2633.1189, avg_loss=2635.4398, steps=4/4, trend=improving, total_timesteps=12288, span_sampling=32_requested×4_steps, span_len=64
2025-09-27 15:55:10,158 - __main__ - INFO -    ✅ VAE updated (next in 12,000 steps)
2025-09-27 15:55:12,383 - __main__ - INFO - 📊 Episodes completed this rollout: 6
2025-09-27 15:55:12,383 - __main__ - INFO - 📈 Episode stats: avg return = 0.28, avg length = 205.0
2025-09-27 15:55:12,383 - __main__ - INFO - 🎯 Top 3 training actions: #3(12820), #2(12215), #1(10764)
2025-09-27 15:55:16,349 - __main__ - INFO - 📊 Episodes completed this rollout: 5
2025-09-27 15:55:16,349 - __main__ - INFO - 📈 Episode stats: avg return = 0.20, avg length = 196.6
2025-09-27 15:55:16,349 - __main__ - INFO - 🎯 Top 3 training actions: #3(12977), #2(12341), #1(10917)
2025-09-27 15:55:20,163 - __main__ - INFO - 📊 Episodes completed this rollout: 4
2025-09-27 15:55:20,164 - __main__ - INFO - 📈 Episode stats: avg return = 0.03, avg length = 284.8
2025-09-27 15:55:20,164 - __main__ - INFO - 🎯 Top 3 training actions: #3(13146), #2(12460), #1(11094)
2025-09-27 15:55:23,999 - __main__ - INFO - 📊 Episodes completed this rollout: 5
2025-09-27 15:55:23,999 - __main__ - INFO - 📈 Episode stats: avg return = 0.47, avg length = 172.8
2025-09-27 15:55:23,999 - __main__ - INFO - 🎯 Top 3 training actions: #3(13339), #2(12585), #1(11229)
2025-09-27 15:55:25,635 - __main__ - INFO - 🧪 Starting evaluation with 50 episodes...
2025-09-27 15:55:25,635 - __main__ - INFO -    Eval seed: 51
2025-09-27 15:55:25,635 - __main__ - INFO -    Max episode steps (eval): env default
2025-09-27 15:55:25,636 - nle.env.base - INFO - Not saving any NLE data.
2025-09-27 15:55:28,744 - __main__ - DEBUG - 🎯 Eval HMM masking: step 100 masked due to negative reward
2025-09-27 15:55:30,317 - __main__ - DEBUG - 🎯 Eval HMM masking: step 250 masked due to negative reward
2025-09-27 15:55:30,838 - __main__ - WARNING - ⚠️ Episode 2 terminated due to step limit.
2025-09-27 15:55:35,494 - __main__ - WARNING - ⚠️ Episode 4 terminated due to step limit.
2025-09-27 15:55:44,089 - __main__ - WARNING - ⚠️ Episode 7 terminated due to step limit.
2025-09-27 15:55:45,822 - __main__ - DEBUG - 🎯 Eval HMM masking: step 150 masked due to negative reward
2025-09-27 15:55:46,354 - __main__ - DEBUG - 🎯 Eval HMM masking: step 200 masked due to negative reward
2025-09-27 15:55:47,394 - __main__ - WARNING - ⚠️ Episode 8 terminated due to step limit.
2025-09-27 15:55:49,089 - __main__ - DEBUG - 🎯 Eval HMM masking: step 100 masked due to negative reward
2025-09-27 15:55:51,178 - __main__ - WARNING - ⚠️ Episode 10 terminated due to step limit.
2025-09-27 15:55:54,475 - __main__ - WARNING - ⚠️ Episode 11 terminated due to step limit.
2025-09-27 15:55:57,771 - __main__ - WARNING - ⚠️ Episode 12 terminated due to step limit.
2025-09-27 15:55:59,489 - __main__ - DEBUG - 🎯 Eval HMM masking: step 150 masked due to negative reward
2025-09-27 15:56:01,210 - __main__ - DEBUG - 🎯 Eval HMM masking: step 50 masked due to negative reward
2025-09-27 15:56:04,632 - __main__ - WARNING - ⚠️ Episode 14 terminated due to step limit.
2025-09-27 15:56:05,432 - __main__ - DEBUG - 🎯 Eval HMM masking: step 50 masked due to negative reward
2025-09-27 15:56:06,493 - __main__ - DEBUG - 🎯 Eval HMM masking: step 150 masked due to negative reward
2025-09-27 15:56:08,065 - __main__ - WARNING - ⚠️ Episode 15 terminated due to step limit.
2025-09-27 15:56:11,424 - __main__ - WARNING - ⚠️ Episode 17 terminated due to step limit.
2025-09-27 15:56:16,801 - __main__ - WARNING - ⚠️ Episode 20 terminated due to step limit.
2025-09-27 15:56:22,003 - __main__ - WARNING - ⚠️ Episode 23 terminated due to step limit.
2025-09-27 15:56:26,663 - __main__ - WARNING - ⚠️ Episode 26 terminated due to step limit.
2025-09-27 15:56:31,400 - __main__ - WARNING - ⚠️ Episode 29 terminated due to step limit.
2025-09-27 15:56:36,878 - __main__ - WARNING - ⚠️ Episode 33 terminated due to step limit.
2025-09-27 15:56:39,610 - __main__ - DEBUG - 🎯 Eval HMM masking: step 250 masked due to negative reward
2025-09-27 15:56:40,115 - __main__ - WARNING - ⚠️ Episode 34 terminated due to step limit.
2025-09-27 15:56:41,387 - __main__ - DEBUG - 🎯 Eval HMM masking: step 50 masked due to negative reward
2025-09-27 15:56:42,930 - __main__ - DEBUG - 🎯 Eval HMM masking: step 200 masked due to negative reward
2025-09-27 15:56:43,446 - __main__ - DEBUG - 🎯 Eval HMM masking: step 250 masked due to negative reward
2025-09-27 15:56:43,954 - __main__ - WARNING - ⚠️ Episode 36 terminated due to step limit.
2025-09-27 15:56:47,302 - __main__ - WARNING - ⚠️ Episode 38 terminated due to step limit.
2025-09-27 15:56:47,992 - __main__ - DEBUG - 🎯 Eval HMM masking: step 50 masked due to negative reward
2025-09-27 15:56:51,365 - __main__ - WARNING - ⚠️ Episode 40 terminated due to step limit.
2025-09-27 15:56:55,290 - __main__ - WARNING - ⚠️ Episode 42 terminated due to step limit.
2025-09-27 15:56:55,981 - __main__ - DEBUG - 🎯 Eval HMM masking: step 50 masked due to negative reward
2025-09-27 15:56:56,509 - __main__ - DEBUG - 🎯 Eval HMM masking: step 100 masked due to negative reward
2025-09-27 15:56:57,039 - __main__ - DEBUG - 🎯 Eval HMM masking: step 150 masked due to negative reward
2025-09-27 15:56:58,625 - __main__ - WARNING - ⚠️ Episode 43 terminated due to step limit.
2025-09-27 15:57:01,925 - __main__ - WARNING - ⚠️ Episode 44 terminated due to step limit.
2025-09-27 15:57:05,265 - __main__ - WARNING - ⚠️ Episode 45 terminated due to step limit.
2025-09-27 15:57:06,650 - __main__ - DEBUG - 🎯 Eval HMM masking: step 100 masked due to negative reward
2025-09-27 15:57:09,281 - __main__ - WARNING - ⚠️ Episode 46 terminated due to step limit.
2025-09-27 15:57:10,597 - __main__ - DEBUG - 🎯 Eval HMM masking: step 100 masked due to negative reward
2025-09-27 15:57:12,558 - __main__ - INFO - 📊 Evaluation Results (Current Round):
2025-09-27 15:57:12,558 - __main__ - INFO -    Episodes: 50
2025-09-27 15:57:12,558 - __main__ - INFO -    Time: 106.9s (2.1s/ep)
2025-09-27 15:57:12,558 - __main__ - INFO -    Average Return: 0.314 ± 0.647
2025-09-27 15:57:12,558 - __main__ - INFO -    Success Rate: 52.0%
2025-09-27 15:57:12,558 - __main__ - INFO -    Average Length: 191.9
2025-09-27 15:57:12,558 - __main__ - INFO -    Average Coverage: 68.9 positions
2025-09-27 15:57:12,558 - __main__ - INFO -    Episode Completions: 26 terminated (52.0%), 24 truncated (48.0%)
2025-09-27 15:57:12,558 - __main__ - INFO - 📈 Total Evaluation Statistics:
2025-09-27 15:57:12,559 - __main__ - INFO -    Total Episodes: 400
2025-09-27 15:57:12,559 - __main__ - INFO -    Total Average Return: 0.135 ± 0.637
2025-09-27 15:57:12,559 - __main__ - INFO -    Total Average Length: 225.8 ± 103.2
2025-09-27 15:57:12,559 - __main__ - INFO -    Total Completions: 167 terminated (41.8%), 233 truncated (58.2%)
2025-09-27 15:57:12,559 - __main__ - INFO -    Skill Entropy: 0.016
2025-09-27 15:57:12,559 - __main__ - INFO -    Used Skills: 1.0
2025-09-27 15:57:12,559 - __main__ - INFO -    Effective K: 1.02
2025-09-27 15:57:12,559 - __main__ - INFO - 🎯 Action Usage Statistics:
2025-09-27 15:57:12,559 - __main__ - INFO -    Unique actions in evaluation: 8
2025-09-27 15:57:12,559 - __main__ - INFO -    Unique actions in training: 8
2025-09-27 15:57:12,559 - __main__ - INFO -    Total unique actions: 8
2025-09-27 15:57:12,559 - __main__ - INFO -    Action coverage: 6.6%
2025-09-27 15:57:12,560 - __main__ - INFO -    Train action count: 80896
2025-09-27 15:57:12,560 - __main__ - INFO -    Eval action count: 90318
2025-09-27 15:57:12,560 - __main__ - INFO -    Train action entropy: 2.052
2025-09-27 15:57:12,560 - __main__ - INFO -    Eval action entropy: 2.051
2025-09-27 15:57:12,561 - __main__ - INFO -    Top 3 train actions: #3(13339), #2(12585), #1(11229)
2025-09-27 15:57:12,561 - __main__ - INFO -    Top 3 eval actions: #3(15328), #2(14033), #1(12441)
2025-09-27 15:57:14,759 - __main__ - INFO - 📊 Episodes completed this rollout: 4
2025-09-27 15:57:14,759 - __main__ - INFO - 📈 Episode stats: avg return = 0.00, avg length = 297.0
2025-09-27 15:57:14,760 - __main__ - INFO - 🎯 Top 3 training actions: #3(13504), #2(12714), #1(11375)
2025-09-27 15:57:18,849 - __main__ - INFO - 📊 Episodes completed this rollout: 5
2025-09-27 15:57:18,849 - __main__ - INFO - 📈 Episode stats: avg return = 0.14, avg length = 231.8
2025-09-27 15:57:18,849 - __main__ - INFO - 🎯 Top 3 training actions: #3(13657), #2(12849), #1(11522)
2025-09-27 15:57:22,820 - __main__ - INFO - 📊 Episodes completed this rollout: 2
2025-09-27 15:57:22,820 - __main__ - INFO - 📈 Episode stats: avg return = 0.22, avg length = 185.0
2025-09-27 15:57:22,820 - __main__ - INFO - 🎯 Top 3 training actions: #3(13787), #2(12998), #1(11686)
2025-09-27 15:57:26,872 - __main__ - INFO - 📊 Episodes completed this rollout: 7
2025-09-27 15:57:26,872 - __main__ - INFO - 📈 Episode stats: avg return = -0.15, avg length = 268.3
2025-09-27 15:57:26,872 - __main__ - INFO - 🎯 Top 3 training actions: #3(13916), #2(13154), #1(11848)
2025-09-27 15:57:30,867 - __main__ - INFO - 📊 Episodes completed this rollout: 5
2025-09-27 15:57:30,868 - __main__ - INFO - 📈 Episode stats: avg return = 0.54, avg length = 190.0
2025-09-27 15:57:30,868 - __main__ - INFO - 🎯 Top 3 training actions: #3(14055), #2(13312), #1(12017)
2025-09-27 15:57:34,625 - __main__ - INFO - 📊 Episodes completed this rollout: 1
2025-09-27 15:57:34,625 - __main__ - INFO - 📈 Episode stats: avg return = 0.84, avg length = 141.0
2025-09-27 15:57:34,625 - __main__ - INFO - 🎯 Top 3 training actions: #3(14187), #2(13447), #1(12168)
2025-09-27 15:57:38,512 - __main__ - INFO - 📊 Episodes completed this rollout: 8
2025-09-27 15:57:38,513 - __main__ - INFO - 📈 Episode stats: avg return = -0.14, avg length = 256.0
2025-09-27 15:57:38,513 - __main__ - INFO - 🎯 Top 3 training actions: #3(14321), #2(13580), #1(12315)
2025-09-27 15:57:42,298 - __main__ - INFO - 📊 Episodes completed this rollout: 1
2025-09-27 15:57:42,299 - __main__ - INFO - 📈 Episode stats: avg return = 0.88, avg length = 186.0
2025-09-27 15:57:42,299 - __main__ - INFO - 🎯 Top 3 training actions: #3(14445), #2(13723), #1(12443)
2025-09-27 15:57:43,923 - __main__ - INFO - 🔄 Synchronized model update at step 89,088
2025-09-27 15:57:43,923 - __main__ - INFO -    HMM interval: 12,000, VAE interval: 12,000
2025-09-27 15:57:43,924 - __main__ - INFO - 🚫 Model training masking: 1188/12288 timesteps masked (9.7%) due to negative rewards (invalid actions)
2025-09-27 15:57:44,324 - __main__ - INFO - 🔄 Capping HMM batch size from 763 to 128 to prevent OOM
2025-09-27 15:57:44,325 - __main__ - INFO - 🔄 HMM refresh starting at step 89,088 with replay size 128x1536
2025-09-27 15:58:57,650 - __main__ - DEBUG - Initial ELBO: 9168.5068
2025-09-27 15:58:57,652 - __main__ - DEBUG - Relative tol: 0.0100
2025-09-27 15:58:57,652 - __main__ - DEBUG - Relative elbo_drop_tol: 0.0100
2025-09-27 15:58:57,652 - __main__ - DEBUG - - Init -341.7670
2025-09-27 15:58:57,652 - __main__ - DEBUG - - Trans -28.8257
2025-09-27 15:58:57,652 - __main__ - DEBUG - - Emit 12773.6344
2025-09-27 15:58:57,652 - __main__ - DEBUG - - Entropy 0.0089
2025-09-27 15:58:57,652 - __main__ - DEBUG - - Dir -9.4252
2025-09-27 15:58:57,652 - __main__ - DEBUG - - NIW -3209.1794
2025-09-27 15:58:57,652 - __main__ - DEBUG - - Beta prior -15.9391
2025-09-27 16:00:11,392 - __main__ - DEBUG - Iter 0: ELBO after FB: 9168.5068 (LL 12403.0506, Δ=0.0000)
2025-09-27 16:00:11,394 - __main__ - DEBUG - Blending stats with ρ_niw=0.0500, ρ_tr=0.0500.
2025-09-27 16:00:11,475 - __main__ - DEBUG - Iter 0: ELBO after NIW update: 13307.5428 (Emit LL 17222.0410, NIW term -3518.5500, Δ=4139.0360)
2025-09-27 16:00:11,557 - __main__ - DEBUG - Iter 0: ELBO after Dirichlet update: 13307.6942 (Trans LL -28.7848, Dir term -9.3147, Δ=0.1514)
2025-09-27 16:00:11,665 - __main__ - DEBUG - Iter 0: ELBO after β update: 13308.2229 (Init LL -341.1943, Dir term -9.3464, logp(β) -15.9515, Δ=0.5287)
2025-09-27 16:01:25,289 - __main__ - DEBUG - Iter 1: ELBO after FB: 13308.2229 (LL 16852.0708, Δ=0.0000)
2025-09-27 16:01:25,290 - __main__ - DEBUG - Blending stats with ρ_niw=0.0500, ρ_tr=0.0500.
2025-09-27 16:01:25,371 - __main__ - DEBUG - Iter 1: ELBO after NIW update: 13308.2229 (Emit LL 17222.0410, NIW term -3518.5500, Δ=0.0000)
2025-09-27 16:01:25,453 - __main__ - DEBUG - Iter 1: ELBO after Dirichlet update: 13308.1567 (Trans LL -28.8136, Dir term -9.3838, Δ=-0.0662)
2025-09-27 16:01:25,572 - __main__ - DEBUG - Iter 1: ELBO after β update: 13308.6659 (Init LL -340.6257, Dir term -9.4369, logp(β) -15.9578, Δ=0.5092)
2025-09-27 16:01:25,573 - __main__ - DEBUG - Early stopping: ELBO improvement 0.4431 < tolerance
2025-09-27 16:01:25,574 - __main__ - INFO -    HMM refresh complete: ELBO=22.9261, iters=0, max iters, states=40
2025-09-27 16:01:25,575 - __main__ - INFO -    ✅ HMM updated (next in 12,000 steps)
2025-09-27 16:01:25,575 - __main__ - INFO - 🔄 VAE refresh starting at step 89,088 with replay size 8x1536
2025-09-27 16:01:25,576 - __main__ - INFO -    Using span sampling (12288 timesteps, too large for full buffer)
2025-09-27 16:01:52,414 - __main__ - INFO -    VAE refresh complete: final_loss=2631.1953, avg_loss=2632.1973, steps=4/4, trend=improving, total_timesteps=12288, span_sampling=32_requested×4_steps, span_len=64
2025-09-27 16:01:52,417 - __main__ - INFO -    ✅ VAE updated (next in 12,000 steps)
2025-09-27 16:01:54,666 - __main__ - INFO - 📊 Episodes completed this rollout: 9
2025-09-27 16:01:54,666 - __main__ - INFO - 📈 Episode stats: avg return = 0.23, avg length = 212.3
2025-09-27 16:01:54,666 - __main__ - INFO - 🎯 Top 3 training actions: #3(14565), #2(13848), #1(12599)
2025-09-27 16:01:56,492 - __main__ - INFO - 🧪 Starting evaluation with 50 episodes...
2025-09-27 16:01:56,492 - __main__ - INFO -    Eval seed: 51
2025-09-27 16:01:56,493 - __main__ - INFO -    Max episode steps (eval): env default
2025-09-27 16:01:56,494 - nle.env.base - INFO - Not saving any NLE data.
2025-09-27 16:01:58,089 - __main__ - DEBUG - 🎯 Eval HMM masking: step 150 masked due to negative reward
2025-09-27 16:01:59,692 - __main__ - DEBUG - 🎯 Eval HMM masking: step 100 masked due to negative reward
2025-09-27 16:02:01,745 - __main__ - WARNING - ⚠️ Episode 3 terminated due to step limit.
2025-09-27 16:02:04,992 - __main__ - WARNING - ⚠️ Episode 4 terminated due to step limit.
2025-09-27 16:02:09,486 - __main__ - WARNING - ⚠️ Episode 6 terminated due to step limit.
2025-09-27 16:02:13,780 - __main__ - WARNING - ⚠️ Episode 9 terminated due to step limit.
2025-09-27 16:02:22,188 - __main__ - DEBUG - 🎯 Eval HMM masking: step 50 masked due to negative reward
2025-09-27 16:02:24,269 - __main__ - DEBUG - 🎯 Eval HMM masking: step 250 masked due to negative reward
2025-09-27 16:02:24,783 - __main__ - WARNING - ⚠️ Episode 14 terminated due to step limit.
2025-09-27 16:02:28,053 - __main__ - WARNING - ⚠️ Episode 15 terminated due to step limit.
2025-09-27 16:02:31,339 - __main__ - WARNING - ⚠️ Episode 16 terminated due to step limit.
2025-09-27 16:02:34,597 - __main__ - WARNING - ⚠️ Episode 17 terminated due to step limit.
2025-09-27 16:02:39,051 - __main__ - DEBUG - 🎯 Eval HMM masking: step 50 masked due to negative reward
2025-09-27 16:02:41,662 - __main__ - WARNING - ⚠️ Episode 20 terminated due to step limit.
2025-09-27 16:02:43,384 - __main__ - DEBUG - 🎯 Eval HMM masking: step 150 masked due to negative reward
2025-09-27 16:02:44,429 - __main__ - DEBUG - 🎯 Eval HMM masking: step 250 masked due to negative reward
2025-09-27 16:02:44,951 - __main__ - WARNING - ⚠️ Episode 21 terminated due to step limit.
2025-09-27 16:02:45,644 - __main__ - DEBUG - 🎯 Eval HMM masking: step 50 masked due to negative reward
2025-09-27 16:02:48,280 - __main__ - WARNING - ⚠️ Episode 22 terminated due to step limit.
2025-09-27 16:02:51,099 - __main__ - DEBUG - 🎯 Eval HMM masking: step 50 masked due to negative reward
2025-09-27 16:02:53,966 - __main__ - WARNING - ⚠️ Episode 24 terminated due to step limit.
2025-09-27 16:02:56,300 - __main__ - DEBUG - 🎯 Eval HMM masking: step 200 masked due to negative reward
2025-09-27 16:02:57,381 - __main__ - WARNING - ⚠️ Episode 25 terminated due to step limit.
2025-09-27 16:03:00,811 - __main__ - WARNING - ⚠️ Episode 27 terminated due to step limit.
2025-09-27 16:03:01,499 - __main__ - DEBUG - 🎯 Eval HMM masking: step 50 masked due to negative reward
2025-09-27 16:03:04,102 - __main__ - WARNING - ⚠️ Episode 28 terminated due to step limit.
2025-09-27 16:03:08,608 - __main__ - WARNING - ⚠️ Episode 31 terminated due to step limit.
2025-09-27 16:03:11,918 - __main__ - WARNING - ⚠️ Episode 32 terminated due to step limit.
2025-09-27 16:03:14,180 - __main__ - DEBUG - 🎯 Eval HMM masking: step 200 masked due to negative reward
2025-09-27 16:03:15,197 - __main__ - WARNING - ⚠️ Episode 33 terminated due to step limit.
2025-09-27 16:03:18,470 - __main__ - WARNING - ⚠️ Episode 34 terminated due to step limit.
2025-09-27 16:03:23,081 - __main__ - WARNING - ⚠️ Episode 37 terminated due to step limit.
2025-09-27 16:03:23,764 - __main__ - DEBUG - 🎯 Eval HMM masking: step 50 masked due to negative reward
2025-09-27 16:03:26,383 - __main__ - WARNING - ⚠️ Episode 38 terminated due to step limit.
2025-09-27 16:03:27,594 - __main__ - DEBUG - 🎯 Eval HMM masking: step 100 masked due to negative reward
2025-09-27 16:03:29,657 - __main__ - WARNING - ⚠️ Episode 39 terminated due to step limit.
2025-09-27 16:03:32,892 - __main__ - WARNING - ⚠️ Episode 40 terminated due to step limit.
2025-09-27 16:03:35,615 - __main__ - DEBUG - 🎯 Eval HMM masking: step 250 masked due to negative reward
2025-09-27 16:03:40,170 - __main__ - DEBUG - 🎯 Eval HMM masking: step 150 masked due to negative reward
2025-09-27 16:03:41,737 - __main__ - WARNING - ⚠️ Episode 45 terminated due to step limit.
2025-09-27 16:03:43,475 - __main__ - DEBUG - 🎯 Eval HMM masking: step 150 masked due to negative reward
2025-09-27 16:03:45,043 - __main__ - WARNING - ⚠️ Episode 46 terminated due to step limit.
2025-09-27 16:03:51,302 - __main__ - DEBUG - 🎯 Eval HMM masking: step 250 masked due to negative reward
2025-09-27 16:03:51,813 - __main__ - WARNING - ⚠️ Episode 49 terminated due to step limit.
2025-09-27 16:03:51,996 - __main__ - INFO - 📊 Evaluation Results (Current Round):
2025-09-27 16:03:51,996 - __main__ - INFO -    Episodes: 50
2025-09-27 16:03:51,996 - __main__ - INFO -    Time: 115.5s (2.3s/ep)
2025-09-27 16:03:51,996 - __main__ - INFO -    Average Return: 0.245 ± 0.615
2025-09-27 16:03:51,996 - __main__ - INFO -    Success Rate: 48.0%
2025-09-27 16:03:51,997 - __main__ - INFO -    Average Length: 210.1
2025-09-27 16:03:51,997 - __main__ - INFO -    Average Coverage: 77.3 positions
2025-09-27 16:03:51,997 - __main__ - INFO -    Episode Completions: 24 terminated (48.0%), 26 truncated (52.0%)
2025-09-27 16:03:51,997 - __main__ - INFO - 📈 Total Evaluation Statistics:
2025-09-27 16:03:51,997 - __main__ - INFO -    Total Episodes: 450
2025-09-27 16:03:51,997 - __main__ - INFO -    Total Average Return: 0.148 ± 0.635
2025-09-27 16:03:51,997 - __main__ - INFO -    Total Average Length: 224.0 ± 104.3
2025-09-27 16:03:51,997 - __main__ - INFO -    Total Completions: 191 terminated (42.4%), 259 truncated (57.6%)
2025-09-27 16:03:51,997 - __main__ - INFO -    Skill Entropy: 0.020
2025-09-27 16:03:51,997 - __main__ - INFO -    Used Skills: 1.0
2025-09-27 16:03:51,997 - __main__ - INFO -    Effective K: 1.03
2025-09-27 16:03:51,997 - __main__ - INFO - 🎯 Action Usage Statistics:
2025-09-27 16:03:51,997 - __main__ - INFO -    Unique actions in evaluation: 8
2025-09-27 16:03:51,998 - __main__ - INFO -    Unique actions in training: 8
2025-09-27 16:03:51,998 - __main__ - INFO -    Total unique actions: 8
2025-09-27 16:03:51,998 - __main__ - INFO -    Action coverage: 6.6%
2025-09-27 16:03:51,998 - __main__ - INFO -    Train action count: 90112
2025-09-27 16:03:51,998 - __main__ - INFO -    Eval action count: 100822
2025-09-27 16:03:51,998 - __main__ - INFO -    Train action entropy: 2.056
2025-09-27 16:03:51,999 - __main__ - INFO -    Eval action entropy: 2.056
2025-09-27 16:03:51,999 - __main__ - INFO -    Top 3 train actions: #3(14565), #2(13848), #1(12599)
2025-09-27 16:03:51,999 - __main__ - INFO -    Top 3 eval actions: #3(16717), #2(15430), #1(13869)
2025-09-27 16:03:54,159 - __main__ - INFO - 📊 Episodes completed this rollout: 4
2025-09-27 16:03:54,160 - __main__ - INFO - 📈 Episode stats: avg return = 0.86, avg length = 149.2
2025-09-27 16:03:54,160 - __main__ - INFO - 🎯 Top 3 training actions: #3(14689), #2(13995), #1(12737)
2025-09-27 16:03:58,138 - __main__ - INFO - 📊 Episodes completed this rollout: 3
2025-09-27 16:03:58,139 - __main__ - INFO - 📈 Episode stats: avg return = -0.40, avg length = 300.0
2025-09-27 16:03:58,139 - __main__ - INFO - 🎯 Top 3 training actions: #3(14822), #2(14129), #1(12889)
2025-09-27 16:04:02,145 - __main__ - INFO - 📊 Episodes completed this rollout: 7
2025-09-27 16:04:02,145 - __main__ - INFO - 📈 Episode stats: avg return = 0.32, avg length = 213.9
2025-09-27 16:04:02,146 - __main__ - INFO - 🎯 Top 3 training actions: #3(14949), #2(14268), #1(13042)
2025-09-27 16:04:06,039 - __main__ - INFO - 📊 Episodes completed this rollout: 1
2025-09-27 16:04:06,039 - __main__ - INFO - 📈 Episode stats: avg return = 0.84, avg length = 186.0
2025-09-27 16:04:06,039 - __main__ - INFO - 🎯 Top 3 training actions: #3(15090), #2(14419), #1(13201)
2025-09-27 16:04:09,897 - __main__ - INFO - 📊 Episodes completed this rollout: 7
2025-09-27 16:04:09,897 - __main__ - INFO - 📈 Episode stats: avg return = 0.03, avg length = 273.9
2025-09-27 16:04:09,898 - __main__ - INFO - 🎯 Top 3 training actions: #3(15229), #2(14574), #1(13363)
2025-09-27 16:04:13,724 - __main__ - INFO - 📊 Episodes completed this rollout: 3
2025-09-27 16:04:13,724 - __main__ - INFO - 📈 Episode stats: avg return = 0.56, avg length = 132.7
2025-09-27 16:04:13,724 - __main__ - INFO - 🎯 Top 3 training actions: #3(15397), #2(14708), #1(13498)
2025-09-27 16:04:17,734 - __main__ - INFO - 📊 Episodes completed this rollout: 5
2025-09-27 16:04:17,735 - __main__ - INFO - 📈 Episode stats: avg return = 0.22, avg length = 256.8
2025-09-27 16:04:17,735 - __main__ - INFO - 🎯 Top 3 training actions: #3(15561), #2(14844), #1(13649)
2025-09-27 16:04:21,772 - __main__ - INFO - 📊 Episodes completed this rollout: 8
2025-09-27 16:04:21,772 - __main__ - INFO - 📈 Episode stats: avg return = 0.58, avg length = 141.8
2025-09-27 16:04:21,772 - __main__ - INFO - 🎯 Top 3 training actions: #3(15699), #2(14986), #1(13784)
2025-09-27 16:04:25,567 - __main__ - INFO - 📊 Episodes completed this rollout: 3
2025-09-27 16:04:25,567 - __main__ - INFO - 📈 Episode stats: avg return = 0.53, avg length = 179.7
2025-09-27 16:04:25,567 - __main__ - INFO - 🎯 Top 3 training actions: #3(15840), #2(15086), #1(13939)
2025-09-27 16:04:29,331 - __main__ - INFO - 📊 Episodes completed this rollout: 4
2025-09-27 16:04:29,331 - __main__ - INFO - 📈 Episode stats: avg return = -0.45, avg length = 300.0
2025-09-27 16:04:29,331 - __main__ - INFO - 🎯 Top 3 training actions: #3(15966), #2(15182), #1(14120)
2025-09-27 16:04:30,929 - __main__ - INFO - 🧪 Starting evaluation with 50 episodes...
2025-09-27 16:04:30,929 - __main__ - INFO -    Eval seed: 51
2025-09-27 16:04:30,929 - __main__ - INFO -    Max episode steps (eval): env default
2025-09-27 16:04:30,930 - nle.env.base - INFO - Not saving any NLE data.
2025-09-27 16:04:34,174 - __main__ - DEBUG - 🎯 Eval HMM masking: step 150 masked due to negative reward
2025-09-27 16:04:35,197 - __main__ - DEBUG - 🎯 Eval HMM masking: step 250 masked due to negative reward
2025-09-27 16:04:35,702 - __main__ - WARNING - ⚠️ Episode 2 terminated due to step limit.
2025-09-27 16:04:37,515 - __main__ - DEBUG - 🎯 Eval HMM masking: step 50 masked due to negative reward
2025-09-27 16:04:40,100 - __main__ - WARNING - ⚠️ Episode 4 terminated due to step limit.
2025-09-27 16:04:40,780 - __main__ - DEBUG - 🎯 Eval HMM masking: step 50 masked due to negative reward
2025-09-27 16:04:41,836 - __main__ - DEBUG - 🎯 Eval HMM masking: step 150 masked due to negative reward
2025-09-27 16:04:45,151 - __main__ - DEBUG - 🎯 Eval HMM masking: step 200 masked due to negative reward
2025-09-27 16:04:46,186 - __main__ - WARNING - ⚠️ Episode 6 terminated due to step limit.
2025-09-27 16:04:49,477 - __main__ - WARNING - ⚠️ Episode 7 terminated due to step limit.
2025-09-27 16:04:50,905 - __main__ - DEBUG - 🎯 Eval HMM masking: step 50 masked due to negative reward
2025-09-27 16:04:51,637 - __main__ - DEBUG - 🎯 Eval HMM masking: step 50 masked due to negative reward
2025-09-27 16:04:53,747 - __main__ - DEBUG - 🎯 Eval HMM masking: step 250 masked due to negative reward
2025-09-27 16:04:54,271 - __main__ - WARNING - ⚠️ Episode 10 terminated due to step limit.
2025-09-27 16:04:56,251 - __main__ - DEBUG - 🎯 Eval HMM masking: step 150 masked due to negative reward
2025-09-27 16:04:59,727 - __main__ - WARNING - ⚠️ Episode 12 terminated due to step limit.
2025-09-27 16:05:03,034 - __main__ - WARNING - ⚠️ Episode 13 terminated due to step limit.
2025-09-27 16:05:05,012 - __main__ - DEBUG - 🎯 Eval HMM masking: step 100 masked due to negative reward
2025-09-27 16:05:06,068 - __main__ - DEBUG - 🎯 Eval HMM masking: step 200 masked due to negative reward
2025-09-27 16:05:06,598 - __main__ - DEBUG - 🎯 Eval HMM masking: step 250 masked due to negative reward
2025-09-27 16:05:07,111 - __main__ - WARNING - ⚠️ Episode 15 terminated due to step limit.
2025-09-27 16:05:09,194 - __main__ - DEBUG - 🎯 Eval HMM masking: step 50 masked due to negative reward
2025-09-27 16:05:11,807 - __main__ - WARNING - ⚠️ Episode 17 terminated due to step limit.
2025-09-27 16:05:15,109 - __main__ - WARNING - ⚠️ Episode 18 terminated due to step limit.
2025-09-27 16:05:18,413 - __main__ - WARNING - ⚠️ Episode 19 terminated due to step limit.
2025-09-27 16:05:21,013 - __main__ - DEBUG - 🎯 Eval HMM masking: step 200 masked due to negative reward
2025-09-27 16:05:22,053 - __main__ - WARNING - ⚠️ Episode 21 terminated due to step limit.
2025-09-27 16:05:27,488 - __main__ - WARNING - ⚠️ Episode 25 terminated due to step limit.
2025-09-27 16:05:30,812 - __main__ - WARNING - ⚠️ Episode 26 terminated due to step limit.
2025-09-27 16:05:34,123 - __main__ - WARNING - ⚠️ Episode 27 terminated due to step limit.
2025-09-27 16:05:36,348 - __main__ - DEBUG - 🎯 Eval HMM masking: step 100 masked due to negative reward
2025-09-27 16:05:38,465 - __main__ - WARNING - ⚠️ Episode 29 terminated due to step limit.
2025-09-27 16:05:42,956 - __main__ - WARNING - ⚠️ Episode 31 terminated due to step limit.
2025-09-27 16:05:44,166 - __main__ - DEBUG - 🎯 Eval HMM masking: step 100 masked due to negative reward
2025-09-27 16:05:45,744 - __main__ - DEBUG - 🎯 Eval HMM masking: step 250 masked due to negative reward
2025-09-27 16:05:48,453 - __main__ - DEBUG - 🎯 Eval HMM masking: step 200 masked due to negative reward
2025-09-27 16:05:49,502 - __main__ - WARNING - ⚠️ Episode 33 terminated due to step limit.
2025-09-27 16:05:50,197 - __main__ - DEBUG - 🎯 Eval HMM masking: step 50 masked due to negative reward
2025-09-27 16:05:53,309 - __main__ - DEBUG - 🎯 Eval HMM masking: step 250 masked due to negative reward
2025-09-27 16:05:53,839 - __main__ - WARNING - ⚠️ Episode 35 terminated due to step limit.
2025-09-27 16:05:55,618 - __main__ - DEBUG - 🎯 Eval HMM masking: step 150 masked due to negative reward
2025-09-27 16:05:58,321 - __main__ - DEBUG - 🎯 Eval HMM masking: step 200 masked due to negative reward
2025-09-27 16:05:59,358 - __main__ - WARNING - ⚠️ Episode 37 terminated due to step limit.
2025-09-27 16:06:00,054 - __main__ - DEBUG - 🎯 Eval HMM masking: step 50 masked due to negative reward
2025-09-27 16:06:00,581 - __main__ - DEBUG - 🎯 Eval HMM masking: step 100 masked due to negative reward
2025-09-27 16:06:01,323 - __main__ - DEBUG - 🎯 Eval HMM masking: step 50 masked due to negative reward
2025-09-27 16:06:01,861 - __main__ - DEBUG - 🎯 Eval HMM masking: step 100 masked due to negative reward
2025-09-27 16:06:03,976 - __main__ - WARNING - ⚠️ Episode 39 terminated due to step limit.
2025-09-27 16:06:04,683 - __main__ - DEBUG - 🎯 Eval HMM masking: step 50 masked due to negative reward
2025-09-27 16:06:06,062 - __main__ - DEBUG - 🎯 Eval HMM masking: step 100 masked due to negative reward
2025-09-27 16:06:08,196 - __main__ - WARNING - ⚠️ Episode 41 terminated due to step limit.
2025-09-27 16:06:09,422 - __main__ - DEBUG - 🎯 Eval HMM masking: step 100 masked due to negative reward
2025-09-27 16:06:13,752 - __main__ - DEBUG - 🎯 Eval HMM masking: step 250 masked due to negative reward
2025-09-27 16:06:14,267 - __main__ - WARNING - ⚠️ Episode 43 terminated due to step limit.
2025-09-27 16:06:17,987 - __main__ - DEBUG - 🎯 Eval HMM masking: step 100 masked due to negative reward
2025-09-27 16:06:20,101 - __main__ - WARNING - ⚠️ Episode 47 terminated due to step limit.
2025-09-27 16:06:24,205 - __main__ - WARNING - ⚠️ Episode 50 terminated due to step limit.
2025-09-27 16:06:24,357 - __main__ - INFO - 📊 Evaluation Results (Current Round):
2025-09-27 16:06:24,357 - __main__ - INFO -    Episodes: 50
2025-09-27 16:06:24,357 - __main__ - INFO -    Time: 113.4s (2.3s/ep)
2025-09-27 16:06:24,357 - __main__ - INFO -    Average Return: 0.146 ± 0.715
2025-09-27 16:06:24,357 - __main__ - INFO -    Success Rate: 50.0%
2025-09-27 16:06:24,357 - __main__ - INFO -    Average Length: 204.5
2025-09-27 16:06:24,357 - __main__ - INFO -    Average Coverage: 62.1 positions
2025-09-27 16:06:24,357 - __main__ - INFO -    Episode Completions: 25 terminated (50.0%), 25 truncated (50.0%)
2025-09-27 16:06:24,357 - __main__ - INFO - 📈 Total Evaluation Statistics:
2025-09-27 16:06:24,358 - __main__ - INFO -    Total Episodes: 500
2025-09-27 16:06:24,358 - __main__ - INFO -    Total Average Return: 0.147 ± 0.644
2025-09-27 16:06:24,358 - __main__ - INFO -    Total Average Length: 222.1 ± 104.9
2025-09-27 16:06:24,358 - __main__ - INFO -    Total Completions: 216 terminated (43.2%), 284 truncated (56.8%)
2025-09-27 16:06:24,358 - __main__ - INFO -    Skill Entropy: 0.030
2025-09-27 16:06:24,358 - __main__ - INFO -    Used Skills: 1.0
2025-09-27 16:06:24,358 - __main__ - INFO -    Effective K: 1.04
2025-09-27 16:06:24,358 - __main__ - INFO - 🎯 Action Usage Statistics:
2025-09-27 16:06:24,358 - __main__ - INFO -    Unique actions in evaluation: 8
2025-09-27 16:06:24,358 - __main__ - INFO -    Unique actions in training: 8
2025-09-27 16:06:24,358 - __main__ - INFO -    Total unique actions: 8
2025-09-27 16:06:24,359 - __main__ - INFO -    Action coverage: 6.6%
2025-09-27 16:06:24,359 - __main__ - INFO -    Train action count: 100352
2025-09-27 16:06:24,359 - __main__ - INFO -    Eval action count: 111048
2025-09-27 16:06:24,359 - __main__ - INFO -    Train action entropy: 2.060
2025-09-27 16:06:24,359 - __main__ - INFO -    Eval action entropy: 2.063
2025-09-27 16:06:24,360 - __main__ - INFO -    Top 3 train actions: #3(15966), #2(15182), #1(14120)
2025-09-27 16:06:24,360 - __main__ - INFO -    Top 3 eval actions: #3(18093), #2(16551), #1(15516)
2025-09-27 16:06:26,588 - __main__ - INFO - 📊 Episodes completed this rollout: 4
2025-09-27 16:06:26,588 - __main__ - INFO - 📈 Episode stats: avg return = -0.02, avg length = 239.5
2025-09-27 16:06:26,589 - __main__ - INFO - 🎯 Top 3 training actions: #3(16101), #2(15292), #1(14287)
2025-09-27 16:06:28,413 - __main__ - INFO - 🔄 Synchronized model update at step 101,376
2025-09-27 16:06:28,414 - __main__ - INFO -    HMM interval: 12,000, VAE interval: 12,000
2025-09-27 16:06:28,415 - __main__ - INFO - 🚫 Model training masking: 1668/12288 timesteps masked (13.6%) due to negative rewards (invalid actions)
2025-09-27 16:06:28,833 - __main__ - INFO - 🔄 Capping HMM batch size from 1086 to 128 to prevent OOM
2025-09-27 16:06:28,834 - __main__ - INFO - 🔄 HMM refresh starting at step 101,376 with replay size 128x68
2025-09-27 16:06:32,156 - __main__ - DEBUG - Initial ELBO: 6563.5707
2025-09-27 16:06:32,159 - __main__ - DEBUG - Relative tol: 0.0100
2025-09-27 16:06:32,159 - __main__ - DEBUG - Relative elbo_drop_tol: 0.0100
2025-09-27 16:06:32,159 - __main__ - DEBUG - - Init -340.6257
2025-09-27 16:06:32,159 - __main__ - DEBUG - - Trans -17.1358
2025-09-27 16:06:32,159 - __main__ - DEBUG - - Emit 10465.2765
2025-09-27 16:06:32,159 - __main__ - DEBUG - - Entropy 0.0004
2025-09-27 16:06:32,159 - __main__ - DEBUG - - Dir -9.4369
2025-09-27 16:06:32,159 - __main__ - DEBUG - - NIW -3518.5500
2025-09-27 16:06:32,159 - __main__ - DEBUG - - Beta prior -15.9578
2025-09-27 16:06:35,786 - __main__ - DEBUG - Iter 0: ELBO after FB: 6563.5707 (LL 10107.5154, Δ=0.0000)
2025-09-27 16:06:35,786 - __main__ - DEBUG - Blending stats with ρ_niw=0.0500, ρ_tr=0.0500.
2025-09-27 16:06:35,832 - __main__ - DEBUG - Iter 0: ELBO after NIW update: 8040.6507 (Emit LL 12096.6365, NIW term -3672.8301, Δ=1477.0800)
2025-09-27 16:06:35,877 - __main__ - DEBUG - Iter 0: ELBO after Dirichlet update: 8040.8966 (Trans LL -17.2710, Dir term -9.0558, Δ=0.2459)
2025-09-27 16:06:35,951 - __main__ - DEBUG - Iter 0: ELBO after β update: 8041.4363 (Init LL -340.0547, Dir term -9.0743, logp(β) -15.9705, Δ=0.5397)
2025-09-27 16:06:39,547 - __main__ - DEBUG - Iter 1: ELBO after FB: 8041.4363 (LL 11739.3111, Δ=0.0000)
2025-09-27 16:06:39,547 - __main__ - DEBUG - Blending stats with ρ_niw=0.0500, ρ_tr=0.0500.
2025-09-27 16:06:39,591 - __main__ - DEBUG - Iter 1: ELBO after NIW update: 8041.4363 (Emit LL 12096.6365, NIW term -3672.8301, Δ=0.0000)
2025-09-27 16:06:39,635 - __main__ - DEBUG - Iter 1: ELBO after Dirichlet update: 8041.3535 (Trans LL -17.2890, Dir term -9.1390, Δ=-0.0828)
2025-09-27 16:06:39,711 - __main__ - DEBUG - Iter 1: ELBO after β update: 8041.8522 (Init LL -339.4878, Dir term -9.2023, logp(β) -15.9754, Δ=0.4987)
2025-09-27 16:06:39,712 - __main__ - DEBUG - Early stopping: ELBO improvement 0.4160 < tolerance
2025-09-27 16:06:39,713 - __main__ - INFO -    HMM refresh complete: ELBO=19.7327, iters=0, max iters, states=40
2025-09-27 16:06:39,714 - __main__ - INFO -    ✅ HMM updated (next in 12,000 steps)
2025-09-27 16:06:39,714 - __main__ - INFO - 🔄 VAE refresh starting at step 101,376 with replay size 8x1536
2025-09-27 16:06:39,715 - __main__ - INFO -    Using span sampling (12288 timesteps, too large for full buffer)
2025-09-27 16:07:04,633 - __main__ - INFO -    VAE refresh complete: final_loss=2613.6968, avg_loss=2618.1702, steps=4/4, trend=improving, total_timesteps=12288, span_sampling=32_requested×4_steps, span_len=64
2025-09-27 16:07:04,636 - __main__ - INFO -    ✅ VAE updated (next in 12,000 steps)
2025-09-27 16:07:06,840 - __main__ - INFO - 📊 Episodes completed this rollout: 4
2025-09-27 16:07:06,840 - __main__ - INFO - 📈 Episode stats: avg return = -0.45, avg length = 300.0
2025-09-27 16:07:06,841 - __main__ - INFO - 🎯 Top 3 training actions: #3(16237), #2(15425), #1(14425)
2025-09-27 16:07:10,636 - __main__ - INFO - 📊 Episodes completed this rollout: 4
2025-09-27 16:07:10,637 - __main__ - INFO - 📈 Episode stats: avg return = -0.07, avg length = 230.0
2025-09-27 16:07:10,637 - __main__ - INFO - 🎯 Top 3 training actions: #3(16388), #2(15537), #1(14573)
2025-09-27 16:07:14,468 - __main__ - INFO - 📊 Episodes completed this rollout: 7
2025-09-27 16:07:14,469 - __main__ - INFO - 📈 Episode stats: avg return = 0.44, avg length = 179.6
2025-09-27 16:07:14,469 - __main__ - INFO - 🎯 Top 3 training actions: #3(16520), #2(15675), #1(14702)
2025-09-27 16:07:18,305 - __main__ - INFO - 📊 Episodes completed this rollout: 3
2025-09-27 16:07:18,306 - __main__ - INFO - 📈 Episode stats: avg return = 0.04, avg length = 259.3
2025-09-27 16:07:18,306 - __main__ - INFO - 🎯 Top 3 training actions: #3(16677), #2(15811), #1(14839)
2025-09-27 16:07:22,071 - __main__ - INFO - 📊 Episodes completed this rollout: 3
2025-09-27 16:07:22,071 - __main__ - INFO - 📈 Episode stats: avg return = 0.11, avg length = 262.3
2025-09-27 16:07:22,071 - __main__ - INFO - 🎯 Top 3 training actions: #3(16837), #2(15934), #1(14974)
2025-09-27 16:07:25,920 - __main__ - INFO - 📊 Episodes completed this rollout: 8
2025-09-27 16:07:25,920 - __main__ - INFO - 📈 Episode stats: avg return = 0.13, avg length = 226.8
2025-09-27 16:07:25,920 - __main__ - INFO - 🎯 Top 3 training actions: #3(16972), #2(16060), #1(15095)
2025-09-27 16:07:29,690 - __main__ - INFO - 📊 Episodes completed this rollout: 2
2025-09-27 16:07:29,691 - __main__ - INFO - 📈 Episode stats: avg return = 0.32, avg length = 216.0
2025-09-27 16:07:29,691 - __main__ - INFO - 🎯 Top 3 training actions: #3(17106), #2(16174), #1(15229)
2025-09-27 16:07:33,536 - __main__ - INFO - 📊 Episodes completed this rollout: 7
2025-09-27 16:07:33,537 - __main__ - INFO - 📈 Episode stats: avg return = 0.18, avg length = 227.9
2025-09-27 16:07:33,537 - __main__ - INFO - 🎯 Top 3 training actions: #3(17246), #2(16287), #1(15371)
2025-09-27 16:07:37,292 - __main__ - INFO - 📊 Episodes completed this rollout: 2
2025-09-27 16:07:37,293 - __main__ - INFO - 📈 Episode stats: avg return = 0.31, avg length = 198.5
2025-09-27 16:07:37,293 - __main__ - INFO - 🎯 Top 3 training actions: #3(17396), #2(16409), #1(15516)
2025-09-27 16:07:38,893 - __main__ - INFO - 🧪 Starting evaluation with 50 episodes...
2025-09-27 16:07:38,893 - __main__ - INFO -    Eval seed: 51
2025-09-27 16:07:38,893 - __main__ - INFO -    Max episode steps (eval): env default
2025-09-27 16:07:38,894 - nle.env.base - INFO - Not saving any NLE data.
2025-09-27 16:07:40,502 - __main__ - DEBUG - 🎯 Eval HMM masking: step 150 masked due to negative reward
2025-09-27 16:07:41,022 - __main__ - DEBUG - 🎯 Eval HMM masking: step 200 masked due to negative reward
2025-09-27 16:07:42,055 - __main__ - WARNING - ⚠️ Episode 1 terminated due to step limit.
2025-09-27 16:07:45,322 - __main__ - WARNING - ⚠️ Episode 2 terminated due to step limit.
2025-09-27 16:07:48,942 - __main__ - DEBUG - 🎯 Eval HMM masking: step 150 masked due to negative reward
2025-09-27 16:07:53,941 - __main__ - DEBUG - 🎯 Eval HMM masking: step 200 masked due to negative reward
2025-09-27 16:07:58,239 - __main__ - WARNING - ⚠️ Episode 8 terminated due to step limit.
2025-09-27 16:08:01,562 - __main__ - WARNING - ⚠️ Episode 9 terminated due to step limit.
2025-09-27 16:08:02,252 - __main__ - DEBUG - 🎯 Eval HMM masking: step 50 masked due to negative reward
2025-09-27 16:08:04,865 - __main__ - WARNING - ⚠️ Episode 10 terminated due to step limit.
2025-09-27 16:08:08,182 - __main__ - WARNING - ⚠️ Episode 11 terminated due to step limit.
2025-09-27 16:08:10,965 - __main__ - DEBUG - 🎯 Eval HMM masking: step 250 masked due to negative reward
2025-09-27 16:08:11,484 - __main__ - WARNING - ⚠️ Episode 12 terminated due to step limit.
2025-09-27 16:08:14,273 - __main__ - DEBUG - 🎯 Eval HMM masking: step 250 masked due to negative reward
2025-09-27 16:08:14,790 - __main__ - WARNING - ⚠️ Episode 13 terminated due to step limit.
2025-09-27 16:08:16,522 - __main__ - DEBUG - 🎯 Eval HMM masking: step 150 masked due to negative reward
2025-09-27 16:08:17,046 - __main__ - DEBUG - 🎯 Eval HMM masking: step 200 masked due to negative reward
2025-09-27 16:08:18,090 - __main__ - WARNING - ⚠️ Episode 14 terminated due to step limit.
2025-09-27 16:08:18,782 - __main__ - DEBUG - 🎯 Eval HMM masking: step 50 masked due to negative reward
2025-09-27 16:08:26,656 - __main__ - WARNING - ⚠️ Episode 17 terminated due to step limit.
2025-09-27 16:08:30,601 - __main__ - WARNING - ⚠️ Episode 19 terminated due to step limit.
2025-09-27 16:08:34,354 - __main__ - DEBUG - 🎯 Eval HMM masking: step 250 masked due to negative reward
2025-09-27 16:08:34,868 - __main__ - WARNING - ⚠️ Episode 21 terminated due to step limit.
2025-09-27 16:08:37,631 - __main__ - DEBUG - 🎯 Eval HMM masking: step 250 masked due to negative reward
2025-09-27 16:08:38,143 - __main__ - WARNING - ⚠️ Episode 22 terminated due to step limit.
2025-09-27 16:08:41,423 - __main__ - WARNING - ⚠️ Episode 23 terminated due to step limit.
2025-09-27 16:08:44,906 - __main__ - DEBUG - 🎯 Eval HMM masking: step 50 masked due to negative reward
2025-09-27 16:08:47,498 - __main__ - WARNING - ⚠️ Episode 25 terminated due to step limit.
2025-09-27 16:08:50,771 - __main__ - WARNING - ⚠️ Episode 26 terminated due to step limit.
2025-09-27 16:08:53,010 - __main__ - DEBUG - 🎯 Eval HMM masking: step 200 masked due to negative reward
2025-09-27 16:08:54,044 - __main__ - WARNING - ⚠️ Episode 27 terminated due to step limit.
2025-09-27 16:08:57,328 - __main__ - WARNING - ⚠️ Episode 28 terminated due to step limit.
2025-09-27 16:09:00,350 - __main__ - DEBUG - 🎯 Eval HMM masking: step 250 masked due to negative reward
2025-09-27 16:09:00,866 - __main__ - WARNING - ⚠️ Episode 30 terminated due to step limit.
2025-09-27 16:09:01,550 - __main__ - DEBUG - 🎯 Eval HMM masking: step 50 masked due to negative reward
2025-09-27 16:09:04,144 - __main__ - WARNING - ⚠️ Episode 31 terminated due to step limit.
2025-09-27 16:09:05,873 - __main__ - DEBUG - 🎯 Eval HMM masking: step 150 masked due to negative reward
2025-09-27 16:09:07,428 - __main__ - WARNING - ⚠️ Episode 32 terminated due to step limit.
2025-09-27 16:09:09,512 - __main__ - DEBUG - 🎯 Eval HMM masking: step 100 masked due to negative reward
2025-09-27 16:09:11,583 - __main__ - WARNING - ⚠️ Episode 34 terminated due to step limit.
2025-09-27 16:09:14,915 - __main__ - WARNING - ⚠️ Episode 35 terminated due to step limit.
2025-09-27 16:09:18,567 - __main__ - DEBUG - 🎯 Eval HMM masking: step 100 masked due to negative reward
2025-09-27 16:09:20,642 - __main__ - WARNING - ⚠️ Episode 37 terminated due to step limit.
2025-09-27 16:09:24,159 - __main__ - DEBUG - 🎯 Eval HMM masking: step 250 masked due to negative reward
2025-09-27 16:09:24,673 - __main__ - WARNING - ⚠️ Episode 39 terminated due to step limit.
2025-09-27 16:09:27,964 - __main__ - WARNING - ⚠️ Episode 40 terminated due to step limit.
2025-09-27 16:09:31,262 - __main__ - WARNING - ⚠️ Episode 41 terminated due to step limit.
2025-09-27 16:09:33,507 - __main__ - DEBUG - 🎯 Eval HMM masking: step 200 masked due to negative reward
2025-09-27 16:09:34,541 - __main__ - WARNING - ⚠️ Episode 42 terminated due to step limit.
2025-09-27 16:09:35,748 - __main__ - DEBUG - 🎯 Eval HMM masking: step 100 masked due to negative reward
2025-09-27 16:09:38,462 - __main__ - DEBUG - 🎯 Eval HMM masking: step 100 masked due to negative reward
2025-09-27 16:09:40,540 - __main__ - WARNING - ⚠️ Episode 45 terminated due to step limit.
2025-09-27 16:09:44,452 - __main__ - DEBUG - 🎯 Eval HMM masking: step 150 masked due to negative reward
2025-09-27 16:09:48,847 - __main__ - DEBUG - 🎯 Eval HMM masking: step 100 masked due to negative reward
2025-09-27 16:09:49,903 - __main__ - DEBUG - 🎯 Eval HMM masking: step 200 masked due to negative reward
2025-09-27 16:09:50,432 - __main__ - DEBUG - 🎯 Eval HMM masking: step 250 masked due to negative reward
2025-09-27 16:09:50,952 - __main__ - WARNING - ⚠️ Episode 49 terminated due to step limit.
2025-09-27 16:09:52,685 - __main__ - DEBUG - 🎯 Eval HMM masking: step 150 masked due to negative reward
2025-09-27 16:09:54,248 - __main__ - WARNING - ⚠️ Episode 50 terminated due to step limit.
2025-09-27 16:09:54,401 - __main__ - INFO - 📊 Evaluation Results (Current Round):
2025-09-27 16:09:54,401 - __main__ - INFO -    Episodes: 50
2025-09-27 16:09:54,402 - __main__ - INFO -    Time: 135.5s (2.7s/ep)
2025-09-27 16:09:54,402 - __main__ - INFO -    Average Return: 0.078 ± 0.603
2025-09-27 16:09:54,402 - __main__ - INFO -    Success Rate: 38.0%
2025-09-27 16:09:54,402 - __main__ - INFO -    Average Length: 246.9
2025-09-27 16:09:54,402 - __main__ - INFO -    Average Coverage: 87.8 positions
2025-09-27 16:09:54,402 - __main__ - INFO -    Episode Completions: 19 terminated (38.0%), 31 truncated (62.0%)
2025-09-27 16:09:54,402 - __main__ - INFO - 📈 Total Evaluation Statistics:
2025-09-27 16:09:54,402 - __main__ - INFO -    Total Episodes: 550
2025-09-27 16:09:54,402 - __main__ - INFO -    Total Average Return: 0.141 ± 0.640
2025-09-27 16:09:54,402 - __main__ - INFO -    Total Average Length: 224.4 ± 103.6
2025-09-27 16:09:54,402 - __main__ - INFO -    Total Completions: 235 terminated (42.7%), 315 truncated (57.3%)
2025-09-27 16:09:54,403 - __main__ - INFO -    Skill Entropy: 0.021
2025-09-27 16:09:54,403 - __main__ - INFO -    Used Skills: 1.0
2025-09-27 16:09:54,403 - __main__ - INFO -    Effective K: 1.03
2025-09-27 16:09:54,403 - __main__ - INFO - 🎯 Action Usage Statistics:
2025-09-27 16:09:54,403 - __main__ - INFO -    Unique actions in evaluation: 8
2025-09-27 16:09:54,403 - __main__ - INFO -    Unique actions in training: 8
2025-09-27 16:09:54,403 - __main__ - INFO -    Total unique actions: 8
2025-09-27 16:09:54,403 - __main__ - INFO -    Action coverage: 6.6%
2025-09-27 16:09:54,403 - __main__ - INFO -    Train action count: 110592
2025-09-27 16:09:54,403 - __main__ - INFO -    Eval action count: 123394
2025-09-27 16:09:54,404 - __main__ - INFO -    Train action entropy: 2.063
2025-09-27 16:09:54,404 - __main__ - INFO -    Eval action entropy: 2.065
2025-09-27 16:09:54,404 - __main__ - INFO -    Top 3 train actions: #3(17396), #2(16409), #1(15516)
2025-09-27 16:09:54,404 - __main__ - INFO -    Top 3 eval actions: #3(19835), #2(18035), #1(17098)
2025-09-27 16:09:56,616 - __main__ - INFO - 📊 Episodes completed this rollout: 3
2025-09-27 16:09:56,616 - __main__ - INFO - 📈 Episode stats: avg return = -0.39, avg length = 300.0
2025-09-27 16:09:56,617 - __main__ - INFO - 🎯 Top 3 training actions: #3(17532), #2(16533), #1(15644)
2025-09-27 16:10:00,706 - __main__ - INFO - 📊 Episodes completed this rollout: 6
2025-09-27 16:10:00,706 - __main__ - INFO - 📈 Episode stats: avg return = -0.15, avg length = 272.8
2025-09-27 16:10:00,706 - __main__ - INFO - 🎯 Top 3 training actions: #3(17673), #2(16660), #1(15784)
2025-09-27 16:10:04,679 - __main__ - INFO - 📊 Episodes completed this rollout: 4
2025-09-27 16:10:04,679 - __main__ - INFO - 📈 Episode stats: avg return = 0.61, avg length = 156.0
2025-09-27 16:10:04,679 - __main__ - INFO - 🎯 Top 3 training actions: #3(17811), #2(16785), #1(15939)
2025-09-27 16:10:06,310 - __main__ - INFO - 🔄 Synchronized model update at step 113,664
2025-09-27 16:10:06,311 - __main__ - INFO -    HMM interval: 12,000, VAE interval: 12,000
2025-09-27 16:10:06,311 - __main__ - INFO - 🚫 Model training masking: 1332/12288 timesteps masked (10.8%) due to negative rewards (invalid actions)
2025-09-27 16:10:06,708 - __main__ - INFO - 🔄 Capping HMM batch size from 775 to 128 to prevent OOM
2025-09-27 16:10:06,708 - __main__ - INFO - 🔄 HMM refresh starting at step 113,664 with replay size 128x103
2025-09-27 16:10:11,677 - __main__ - DEBUG - Initial ELBO: 16679.1401
2025-09-27 16:10:11,681 - __main__ - DEBUG - Relative tol: 0.0100
2025-09-27 16:10:11,681 - __main__ - DEBUG - Relative elbo_drop_tol: 0.0100
2025-09-27 16:10:11,682 - __main__ - DEBUG - - Init -339.4878
2025-09-27 16:10:11,682 - __main__ - DEBUG - - Trans -32.6937
2025-09-27 16:10:11,682 - __main__ - DEBUG - - Emit 20749.3288
2025-09-27 16:10:11,682 - __main__ - DEBUG - - Entropy 0.0006
2025-09-27 16:10:11,682 - __main__ - DEBUG - - Dir -9.2023
2025-09-27 16:10:11,682 - __main__ - DEBUG - - NIW -3672.8301
2025-09-27 16:10:11,682 - __main__ - DEBUG - - Beta prior -15.9754
2025-09-27 16:10:16,921 - __main__ - DEBUG - Iter 0: ELBO after FB: 16679.1401 (LL 20377.1480, Δ=0.0000)
2025-09-27 16:10:16,923 - __main__ - DEBUG - Blending stats with ρ_niw=0.0500, ρ_tr=0.0500.
2025-09-27 16:10:16,969 - __main__ - DEBUG - Iter 0: ELBO after NIW update: 21441.5133 (Emit LL 25904.7107, NIW term -4065.8389, Δ=4762.3731)
2025-09-27 16:10:17,014 - __main__ - DEBUG - Iter 0: ELBO after Dirichlet update: 21441.7035 (Trans LL -32.5369, Dir term -9.1689, Δ=0.1902)
2025-09-27 16:10:17,084 - __main__ - DEBUG - Iter 0: ELBO after β update: 21442.2343 (Init LL -338.9188, Dir term -9.1940, logp(β) -15.9885, Δ=0.5308)
2025-09-27 16:10:22,325 - __main__ - DEBUG - Iter 1: ELBO after FB: 21442.2343 (LL 25533.2556, Δ=0.0000)
2025-09-27 16:10:22,326 - __main__ - DEBUG - Blending stats with ρ_niw=0.0500, ρ_tr=0.0500.
2025-09-27 16:10:22,372 - __main__ - DEBUG - Iter 1: ELBO after NIW update: 21442.2343 (Emit LL 25904.7107, NIW term -4065.8389, Δ=0.0000)
2025-09-27 16:10:22,418 - __main__ - DEBUG - Iter 1: ELBO after Dirichlet update: 21442.1549 (Trans LL -32.5710, Dir term -9.2393, Δ=-0.0794)
2025-09-27 16:10:22,499 - __main__ - DEBUG - Iter 1: ELBO after β update: 21442.6611 (Init LL -338.3535, Dir term -9.2936, logp(β) -15.9933, Δ=0.5063)
2025-09-27 16:10:22,500 - __main__ - DEBUG - Early stopping: ELBO improvement 0.4268 < tolerance
2025-09-27 16:10:22,501 - __main__ - INFO -    HMM refresh complete: ELBO=51.3312, iters=0, max iters, states=40
2025-09-27 16:10:22,501 - __main__ - INFO -    ✅ HMM updated (next in 12,000 steps)
2025-09-27 16:10:22,501 - __main__ - INFO - 🔄 VAE refresh starting at step 113,664 with replay size 8x1536
2025-09-27 16:10:22,502 - __main__ - INFO -    Using span sampling (12288 timesteps, too large for full buffer)
2025-09-27 16:10:49,367 - __main__ - INFO -    VAE refresh complete: final_loss=2616.8149, avg_loss=2618.0251, steps=4/4, trend=improving, total_timesteps=12288, span_sampling=32_requested×4_steps, span_len=64
2025-09-27 16:10:49,370 - __main__ - INFO -    ✅ VAE updated (next in 12,000 steps)
2025-09-27 16:10:51,582 - __main__ - INFO - 📊 Episodes completed this rollout: 5
2025-09-27 16:10:51,582 - __main__ - INFO - 📈 Episode stats: avg return = 0.42, avg length = 217.6
2025-09-27 16:10:51,583 - __main__ - INFO - 🎯 Top 3 training actions: #3(17969), #2(16916), #1(16086)
2025-09-27 16:10:55,390 - __main__ - INFO - 📊 Episodes completed this rollout: 6
2025-09-27 16:10:55,390 - __main__ - INFO - 📈 Episode stats: avg return = 0.27, avg length = 205.0
2025-09-27 16:10:55,390 - __main__ - INFO - 🎯 Top 3 training actions: #3(18111), #2(17064), #1(16232)
2025-09-27 16:10:59,235 - __main__ - INFO - 📊 Episodes completed this rollout: 6
2025-09-27 16:10:59,236 - __main__ - INFO - 📈 Episode stats: avg return = 0.32, avg length = 193.5
2025-09-27 16:10:59,236 - __main__ - INFO - 🎯 Top 3 training actions: #3(18260), #2(17204), #1(16375)
2025-09-27 16:11:03,026 - __main__ - INFO - 📊 Episodes completed this rollout: 2
2025-09-27 16:11:03,027 - __main__ - INFO - 📈 Episode stats: avg return = 0.26, avg length = 225.5
2025-09-27 16:11:03,027 - __main__ - INFO - 🎯 Top 3 training actions: #3(18418), #2(17336), #1(16527)
2025-09-27 16:11:06,846 - __main__ - INFO - 📊 Episodes completed this rollout: 3
2025-09-27 16:11:06,846 - __main__ - INFO - 📈 Episode stats: avg return = 0.07, avg length = 255.3
2025-09-27 16:11:06,847 - __main__ - INFO - 🎯 Top 3 training actions: #3(18565), #2(17473), #1(16691)
2025-09-27 16:11:10,719 - __main__ - INFO - 📊 Episodes completed this rollout: 6
2025-09-27 16:11:10,719 - __main__ - INFO - 📈 Episode stats: avg return = -0.10, avg length = 263.2
2025-09-27 16:11:10,719 - __main__ - INFO - 🎯 Top 3 training actions: #3(18722), #2(17607), #1(16871)
2025-09-27 16:11:14,544 - __main__ - INFO - 📊 Episodes completed this rollout: 5
2025-09-27 16:11:14,544 - __main__ - INFO - 📈 Episode stats: avg return = 0.23, avg length = 210.4
2025-09-27 16:11:14,545 - __main__ - INFO - 🎯 Top 3 training actions: #3(18893), #2(17736), #1(17078)
2025-09-27 16:11:16,186 - __main__ - INFO - 🧪 Starting evaluation with 50 episodes...
2025-09-27 16:11:16,186 - __main__ - INFO -    Eval seed: 51
2025-09-27 16:11:16,186 - __main__ - INFO -    Max episode steps (eval): env default
2025-09-27 16:11:16,187 - nle.env.base - INFO - Not saving any NLE data.
2025-09-27 16:11:17,802 - __main__ - DEBUG - 🎯 Eval HMM masking: step 150 masked due to negative reward
2025-09-27 16:11:19,367 - __main__ - WARNING - ⚠️ Episode 1 terminated due to step limit.
2025-09-27 16:11:23,517 - __main__ - WARNING - ⚠️ Episode 3 terminated due to step limit.
2025-09-27 16:11:26,805 - __main__ - WARNING - ⚠️ Episode 4 terminated due to step limit.
2025-09-27 16:11:28,525 - __main__ - DEBUG - 🎯 Eval HMM masking: step 150 masked due to negative reward
2025-09-27 16:11:30,077 - __main__ - WARNING - ⚠️ Episode 5 terminated due to step limit.
2025-09-27 16:11:36,111 - __main__ - WARNING - ⚠️ Episode 7 terminated due to step limit.
2025-09-27 16:11:36,796 - __main__ - DEBUG - 🎯 Eval HMM masking: step 50 masked due to negative reward
2025-09-27 16:11:37,317 - __main__ - DEBUG - 🎯 Eval HMM masking: step 100 masked due to negative reward
2025-09-27 16:11:39,683 - __main__ - DEBUG - 🎯 Eval HMM masking: step 100 masked due to negative reward
2025-09-27 16:11:44,315 - __main__ - DEBUG - 🎯 Eval HMM masking: step 250 masked due to negative reward
2025-09-27 16:11:44,833 - __main__ - WARNING - ⚠️ Episode 11 terminated due to step limit.
2025-09-27 16:11:48,979 - __main__ - DEBUG - 🎯 Eval HMM masking: step 150 masked due to negative reward
2025-09-27 16:11:50,546 - __main__ - WARNING - ⚠️ Episode 14 terminated due to step limit.
2025-09-27 16:11:52,273 - __main__ - DEBUG - 🎯 Eval HMM masking: step 150 masked due to negative reward
2025-09-27 16:11:53,325 - __main__ - DEBUG - 🎯 Eval HMM masking: step 250 masked due to negative reward
2025-09-27 16:11:53,844 - __main__ - WARNING - ⚠️ Episode 15 terminated due to step limit.
2025-09-27 16:11:54,534 - __main__ - DEBUG - 🎯 Eval HMM masking: step 50 masked due to negative reward
2025-09-27 16:11:56,651 - __main__ - DEBUG - 🎯 Eval HMM masking: step 50 masked due to negative reward
2025-09-27 16:11:59,276 - __main__ - WARNING - ⚠️ Episode 18 terminated due to step limit.
2025-09-27 16:12:01,010 - __main__ - DEBUG - 🎯 Eval HMM masking: step 150 masked due to negative reward
2025-09-27 16:12:02,574 - __main__ - WARNING - ⚠️ Episode 19 terminated due to step limit.
2025-09-27 16:12:06,678 - __main__ - DEBUG - 🎯 Eval HMM masking: step 200 masked due to negative reward
2025-09-27 16:12:07,715 - __main__ - WARNING - ⚠️ Episode 21 terminated due to step limit.
2025-09-27 16:12:11,020 - __main__ - WARNING - ⚠️ Episode 22 terminated due to step limit.
2025-09-27 16:12:14,346 - __main__ - WARNING - ⚠️ Episode 23 terminated due to step limit.
2025-09-27 16:12:17,640 - __main__ - WARNING - ⚠️ Episode 24 terminated due to step limit.
2025-09-27 16:12:20,447 - __main__ - DEBUG - 🎯 Eval HMM masking: step 250 masked due to negative reward
2025-09-27 16:12:20,973 - __main__ - WARNING - ⚠️ Episode 25 terminated due to step limit.
2025-09-27 16:12:23,283 - __main__ - DEBUG - 🎯 Eval HMM masking: step 200 masked due to negative reward
2025-09-27 16:12:23,817 - __main__ - DEBUG - 🎯 Eval HMM masking: step 250 masked due to negative reward
2025-09-27 16:12:24,330 - __main__ - WARNING - ⚠️ Episode 26 terminated due to step limit.
2025-09-27 16:12:30,823 - __main__ - WARNING - ⚠️ Episode 28 terminated due to step limit.
2025-09-27 16:12:31,504 - __main__ - DEBUG - 🎯 Eval HMM masking: step 50 masked due to negative reward
2025-09-27 16:12:34,100 - __main__ - WARNING - ⚠️ Episode 29 terminated due to step limit.
2025-09-27 16:12:35,326 - __main__ - DEBUG - 🎯 Eval HMM masking: step 100 masked due to negative reward
2025-09-27 16:12:36,388 - __main__ - DEBUG - 🎯 Eval HMM masking: step 200 masked due to negative reward
2025-09-27 16:12:37,442 - __main__ - WARNING - ⚠️ Episode 30 terminated due to step limit.
2025-09-27 16:12:38,132 - __main__ - DEBUG - 🎯 Eval HMM masking: step 50 masked due to negative reward
2025-09-27 16:12:39,393 - __main__ - DEBUG - 🎯 Eval HMM masking: step 50 masked due to negative reward
2025-09-27 16:12:42,439 - __main__ - DEBUG - 🎯 Eval HMM masking: step 250 masked due to negative reward
2025-09-27 16:12:42,962 - __main__ - WARNING - ⚠️ Episode 33 terminated due to step limit.
2025-09-27 16:12:46,218 - __main__ - DEBUG - 🎯 Eval HMM masking: step 50 masked due to negative reward
2025-09-27 16:12:48,830 - __main__ - WARNING - ⚠️ Episode 36 terminated due to step limit.
2025-09-27 16:12:49,517 - __main__ - DEBUG - 🎯 Eval HMM masking: step 50 masked due to negative reward
2025-09-27 16:12:51,117 - __main__ - DEBUG - 🎯 Eval HMM masking: step 200 masked due to negative reward
2025-09-27 16:12:52,167 - __main__ - WARNING - ⚠️ Episode 37 terminated due to step limit.
2025-09-27 16:12:53,386 - __main__ - DEBUG - 🎯 Eval HMM masking: step 100 masked due to negative reward
2025-09-27 16:12:55,510 - __main__ - WARNING - ⚠️ Episode 38 terminated due to step limit.
2025-09-27 16:12:58,866 - __main__ - WARNING - ⚠️ Episode 39 terminated due to step limit.
2025-09-27 16:13:02,240 - __main__ - WARNING - ⚠️ Episode 40 terminated due to step limit.
2025-09-27 16:13:05,556 - __main__ - WARNING - ⚠️ Episode 41 terminated due to step limit.
2025-09-27 16:13:06,262 - __main__ - DEBUG - 🎯 Eval HMM masking: step 50 masked due to negative reward
2025-09-27 16:13:08,384 - __main__ - DEBUG - 🎯 Eval HMM masking: step 250 masked due to negative reward
2025-09-27 16:13:08,905 - __main__ - WARNING - ⚠️ Episode 42 terminated due to step limit.
2025-09-27 16:13:11,733 - __main__ - DEBUG - 🎯 Eval HMM masking: step 250 masked due to negative reward
2025-09-27 16:13:12,262 - __main__ - WARNING - ⚠️ Episode 43 terminated due to step limit.
2025-09-27 16:13:14,004 - __main__ - DEBUG - 🎯 Eval HMM masking: step 150 masked due to negative reward
2025-09-27 16:13:14,540 - __main__ - DEBUG - 🎯 Eval HMM masking: step 200 masked due to negative reward
2025-09-27 16:13:15,602 - __main__ - WARNING - ⚠️ Episode 44 terminated due to step limit.
2025-09-27 16:13:18,941 - __main__ - WARNING - ⚠️ Episode 45 terminated due to step limit.
2025-09-27 16:13:19,628 - __main__ - DEBUG - 🎯 Eval HMM masking: step 50 masked due to negative reward
2025-09-27 16:13:20,155 - __main__ - DEBUG - 🎯 Eval HMM masking: step 100 masked due to negative reward
2025-09-27 16:13:21,733 - __main__ - DEBUG - 🎯 Eval HMM masking: step 250 masked due to negative reward
2025-09-27 16:13:22,262 - __main__ - WARNING - ⚠️ Episode 46 terminated due to step limit.
2025-09-27 16:13:26,180 - __main__ - DEBUG - 🎯 Eval HMM masking: step 250 masked due to negative reward
2025-09-27 16:13:26,709 - __main__ - WARNING - ⚠️ Episode 48 terminated due to step limit.
2025-09-27 16:13:30,189 - __main__ - WARNING - ⚠️ Episode 50 terminated due to step limit.
2025-09-27 16:13:30,343 - __main__ - INFO - 📊 Evaluation Results (Current Round):
2025-09-27 16:13:30,343 - __main__ - INFO -    Episodes: 50
2025-09-27 16:13:30,343 - __main__ - INFO -    Time: 134.2s (2.7s/ep)
2025-09-27 16:13:30,343 - __main__ - INFO -    Average Return: 0.028 ± 0.608
2025-09-27 16:13:30,343 - __main__ - INFO -    Success Rate: 34.0%
2025-09-27 16:13:30,343 - __main__ - INFO -    Average Length: 242.4
2025-09-27 16:13:30,344 - __main__ - INFO -    Average Coverage: 76.6 positions
2025-09-27 16:13:30,344 - __main__ - INFO -    Episode Completions: 17 terminated (34.0%), 33 truncated (66.0%)
2025-09-27 16:13:30,344 - __main__ - INFO - 📈 Total Evaluation Statistics:
2025-09-27 16:13:30,344 - __main__ - INFO -    Total Episodes: 600
2025-09-27 16:13:30,344 - __main__ - INFO -    Total Average Return: 0.132 ± 0.639
2025-09-27 16:13:30,344 - __main__ - INFO -    Total Average Length: 225.9 ± 102.8
2025-09-27 16:13:30,344 - __main__ - INFO -    Total Completions: 252 terminated (42.0%), 348 truncated (58.0%)
2025-09-27 16:13:30,344 - __main__ - INFO -    Skill Entropy: 0.023
2025-09-27 16:13:30,344 - __main__ - INFO -    Used Skills: 1.0
2025-09-27 16:13:30,344 - __main__ - INFO -    Effective K: 1.03
2025-09-27 16:13:30,344 - __main__ - INFO - 🎯 Action Usage Statistics:
2025-09-27 16:13:30,345 - __main__ - INFO -    Unique actions in evaluation: 8
2025-09-27 16:13:30,345 - __main__ - INFO -    Unique actions in training: 8
2025-09-27 16:13:30,345 - __main__ - INFO -    Total unique actions: 8
2025-09-27 16:13:30,345 - __main__ - INFO -    Action coverage: 6.6%
2025-09-27 16:13:30,345 - __main__ - INFO -    Train action count: 120832
2025-09-27 16:13:30,345 - __main__ - INFO -    Eval action count: 135513
2025-09-27 16:13:30,345 - __main__ - INFO -    Train action entropy: 2.065
2025-09-27 16:13:30,346 - __main__ - INFO -    Eval action entropy: 2.065
2025-09-27 16:13:30,346 - __main__ - INFO -    Top 3 train actions: #3(18893), #2(17736), #1(17078)
2025-09-27 16:13:30,346 - __main__ - INFO -    Top 3 eval actions: #3(21768), #2(19535), #1(19384)
2025-09-27 16:13:32,555 - __main__ - INFO - 📊 Episodes completed this rollout: 3
2025-09-27 16:13:32,556 - __main__ - INFO - 📈 Episode stats: avg return = 0.15, avg length = 273.7
2025-09-27 16:13:32,556 - __main__ - INFO - 🎯 Top 3 training actions: #3(19030), #2(17876), #1(17279)
2025-09-27 16:13:37,307 - __main__ - INFO - 📊 Episodes completed this rollout: 6
2025-09-27 16:13:37,307 - __main__ - INFO - 📈 Episode stats: avg return = 0.08, avg length = 227.0
2025-09-27 16:13:37,308 - __main__ - INFO - 🎯 Top 3 training actions: #3(19194), #2(17987), #1(17463)
2025-09-27 16:13:41,709 - __main__ - INFO - 📊 Episodes completed this rollout: 3
2025-09-27 16:13:41,710 - __main__ - INFO - 📈 Episode stats: avg return = -0.04, avg length = 289.3
2025-09-27 16:13:41,710 - __main__ - INFO - 🎯 Top 3 training actions: #3(19353), #2(18109), #1(17643)
2025-09-27 16:13:45,654 - __main__ - INFO - 📊 Episodes completed this rollout: 2
2025-09-27 16:13:45,654 - __main__ - INFO - 📈 Episode stats: avg return = -0.51, avg length = 300.0
2025-09-27 16:13:45,655 - __main__ - INFO - 🎯 Top 3 training actions: #3(19515), #2(18219), #1(17812)
2025-09-27 16:13:49,467 - __main__ - INFO - 📊 Episodes completed this rollout: 6
2025-09-27 16:13:49,468 - __main__ - INFO - 📈 Episode stats: avg return = -0.07, avg length = 260.5
2025-09-27 16:13:49,468 - __main__ - INFO - 🎯 Top 3 training actions: #3(19683), #2(18343), #1(17969)
2025-09-27 16:13:51,145 - __main__ - INFO - 🔄 Synchronized model update at step 125,952
2025-09-27 16:13:51,146 - __main__ - INFO -    HMM interval: 12,000, VAE interval: 12,000
2025-09-27 16:13:51,146 - __main__ - INFO - 🚫 Model training masking: 1296/12288 timesteps masked (10.5%) due to negative rewards (invalid actions)
2025-09-27 16:13:51,551 - __main__ - INFO - 🔄 Capping HMM batch size from 871 to 128 to prevent OOM
2025-09-27 16:13:51,552 - __main__ - INFO - 🔄 HMM refresh starting at step 125,952 with replay size 128x67
2025-09-27 16:13:54,779 - __main__ - DEBUG - Initial ELBO: 15650.3826
2025-09-27 16:13:54,783 - __main__ - DEBUG - Relative tol: 0.0100
2025-09-27 16:13:54,783 - __main__ - DEBUG - Relative elbo_drop_tol: 0.0100
2025-09-27 16:13:54,783 - __main__ - DEBUG - - Init -338.3535
2025-09-27 16:13:54,783 - __main__ - DEBUG - - Trans -24.9522
2025-09-27 16:13:54,783 - __main__ - DEBUG - - Emit 20104.8137
2025-09-27 16:13:54,783 - __main__ - DEBUG - - Entropy 0.0004
2025-09-27 16:13:54,783 - __main__ - DEBUG - - Dir -9.2936
2025-09-27 16:13:54,783 - __main__ - DEBUG - - NIW -4065.8389
2025-09-27 16:13:54,783 - __main__ - DEBUG - - Beta prior -15.9933
2025-09-27 16:13:58,328 - __main__ - DEBUG - Iter 0: ELBO after FB: 15650.3826 (LL 19741.5083, Δ=0.0000)
2025-09-27 16:13:58,329 - __main__ - DEBUG - Blending stats with ρ_niw=0.0500, ρ_tr=0.0500.
2025-09-27 16:13:58,373 - __main__ - DEBUG - Iter 0: ELBO after NIW update: 17849.9546 (Emit LL 22570.9878, NIW term -4332.4409, Δ=2199.5720)
2025-09-27 16:13:58,417 - __main__ - DEBUG - Iter 0: ELBO after Dirichlet update: 17850.1191 (Trans LL -24.9875, Dir term -9.0938, Δ=0.1645)
2025-09-27 16:13:58,490 - __main__ - DEBUG - Iter 0: ELBO after β update: 17850.6517 (Init LL -337.7867, Dir term -9.1147, logp(β) -16.0066, Δ=0.5326)
2025-09-27 16:14:02,028 - __main__ - DEBUG - Iter 1: ELBO after FB: 17850.6517 (LL 22208.2140, Δ=0.0000)
2025-09-27 16:14:02,029 - __main__ - DEBUG - Blending stats with ρ_niw=0.0500, ρ_tr=0.0500.
2025-09-27 16:14:02,073 - __main__ - DEBUG - Iter 1: ELBO after NIW update: 17850.6517 (Emit LL 22570.9878, NIW term -4332.4409, Δ=0.0000)
2025-09-27 16:14:02,118 - __main__ - DEBUG - Iter 1: ELBO after Dirichlet update: 17850.5750 (Trans LL -25.0136, Dir term -9.1653, Δ=-0.0768)
2025-09-27 16:14:02,194 - __main__ - DEBUG - Iter 1: ELBO after β update: 17851.0631 (Init LL -337.2229, Dir term -9.2366, logp(β) -16.0111, Δ=0.4881)
2025-09-27 16:14:02,195 - __main__ - DEBUG - Early stopping: ELBO improvement 0.4113 < tolerance
2025-09-27 16:14:02,197 - __main__ - INFO -    HMM refresh complete: ELBO=42.4870, iters=0, max iters, states=40
2025-09-27 16:14:02,197 - __main__ - INFO -    ✅ HMM updated (next in 12,000 steps)
2025-09-27 16:14:02,197 - __main__ - INFO - 🔄 VAE refresh starting at step 125,952 with replay size 8x1536
2025-09-27 16:14:02,198 - __main__ - INFO -    Using span sampling (12288 timesteps, too large for full buffer)
2025-09-27 16:14:28,354 - __main__ - INFO -    VAE refresh complete: final_loss=2609.0042, avg_loss=2610.7921, steps=4/4, trend=improving, total_timesteps=12288, span_sampling=32_requested×4_steps, span_len=64
2025-09-27 16:14:28,357 - __main__ - INFO -    ✅ VAE updated (next in 12,000 steps)
2025-09-27 16:14:30,583 - __main__ - INFO - 📊 Episodes completed this rollout: 5
2025-09-27 16:14:30,583 - __main__ - INFO - 📈 Episode stats: avg return = 0.29, avg length = 248.2
2025-09-27 16:14:30,583 - __main__ - INFO - 🎯 Top 3 training actions: #3(19831), #2(18457), #1(18125)
2025-09-27 16:14:34,644 - __main__ - INFO - 📊 Episodes completed this rollout: 2
2025-09-27 16:14:34,644 - __main__ - INFO - 📈 Episode stats: avg return = -0.21, avg length = 300.0
2025-09-27 16:14:34,644 - __main__ - INFO - 🎯 Top 3 training actions: #3(19982), #2(18570), #1(18287)
2025-09-27 16:14:38,555 - __main__ - INFO - 📊 Episodes completed this rollout: 2
2025-09-27 16:14:38,555 - __main__ - INFO - 📈 Episode stats: avg return = -0.32, avg length = 300.0
2025-09-27 16:14:38,555 - __main__ - INFO - 🎯 Top 3 training actions: #3(20141), #2(18695), #1(18441)
2025-09-27 16:14:42,481 - __main__ - INFO - 📊 Episodes completed this rollout: 5
2025-09-27 16:14:42,482 - __main__ - INFO - 📈 Episode stats: avg return = -0.32, avg length = 300.0
2025-09-27 16:14:42,482 - __main__ - INFO - 🎯 Top 3 training actions: #3(20301), #2(18821), #1(18600)
2025-09-27 16:14:44,114 - __main__ - INFO - 🧪 Starting evaluation with 50 episodes...
2025-09-27 16:14:44,115 - __main__ - INFO -    Eval seed: 51
2025-09-27 16:14:44,115 - __main__ - INFO -    Max episode steps (eval): env default
2025-09-27 16:14:44,116 - nle.env.base - INFO - Not saving any NLE data.
2025-09-27 16:14:47,362 - __main__ - WARNING - ⚠️ Episode 2 terminated due to step limit.
2025-09-27 16:14:50,162 - __main__ - DEBUG - 🎯 Eval HMM masking: step 250 masked due to negative reward
2025-09-27 16:14:50,681 - __main__ - WARNING - ⚠️ Episode 3 terminated due to step limit.
2025-09-27 16:14:53,028 - __main__ - DEBUG - 🎯 Eval HMM masking: step 50 masked due to negative reward
2025-09-27 16:14:55,679 - __main__ - WARNING - ⚠️ Episode 5 terminated due to step limit.
2025-09-27 16:14:56,926 - __main__ - DEBUG - 🎯 Eval HMM masking: step 100 masked due to negative reward
2025-09-27 16:15:01,477 - __main__ - WARNING - ⚠️ Episode 7 terminated due to step limit.
2025-09-27 16:15:07,337 - __main__ - WARNING - ⚠️ Episode 11 terminated due to step limit.
2025-09-27 16:15:08,040 - __main__ - DEBUG - 🎯 Eval HMM masking: step 50 masked due to negative reward
2025-09-27 16:15:09,624 - __main__ - DEBUG - 🎯 Eval HMM masking: step 200 masked due to negative reward
2025-09-27 16:15:13,398 - __main__ - WARNING - ⚠️ Episode 13 terminated due to step limit.
2025-09-27 16:15:16,664 - __main__ - WARNING - ⚠️ Episode 14 terminated due to step limit.
2025-09-27 16:15:17,864 - __main__ - DEBUG - 🎯 Eval HMM masking: step 100 masked due to negative reward
2025-09-27 16:15:19,931 - __main__ - WARNING - ⚠️ Episode 15 terminated due to step limit.
2025-09-27 16:15:23,181 - __main__ - WARNING - ⚠️ Episode 16 terminated due to step limit.
2025-09-27 16:15:25,929 - __main__ - DEBUG - 🎯 Eval HMM masking: step 250 masked due to negative reward
2025-09-27 16:15:26,441 - __main__ - WARNING - ⚠️ Episode 17 terminated due to step limit.
2025-09-27 16:15:29,694 - __main__ - WARNING - ⚠️ Episode 18 terminated due to step limit.
2025-09-27 16:15:39,334 - __main__ - WARNING - ⚠️ Episode 23 terminated due to step limit.
2025-09-27 16:15:42,595 - __main__ - WARNING - ⚠️ Episode 24 terminated due to step limit.
2025-09-27 16:15:47,095 - __main__ - DEBUG - 🎯 Eval HMM masking: step 150 masked due to negative reward
2025-09-27 16:15:48,630 - __main__ - WARNING - ⚠️ Episode 27 terminated due to step limit.
2025-09-27 16:15:50,345 - __main__ - DEBUG - 🎯 Eval HMM masking: step 150 masked due to negative reward
2025-09-27 16:15:51,887 - __main__ - WARNING - ⚠️ Episode 28 terminated due to step limit.
2025-09-27 16:15:53,597 - __main__ - DEBUG - 🎯 Eval HMM masking: step 150 masked due to negative reward
2025-09-27 16:15:55,138 - __main__ - WARNING - ⚠️ Episode 29 terminated due to step limit.
2025-09-27 16:15:56,329 - __main__ - DEBUG - 🎯 Eval HMM masking: step 100 masked due to negative reward
2025-09-27 16:15:58,392 - __main__ - WARNING - ⚠️ Episode 30 terminated due to step limit.
2025-09-27 16:16:01,142 - __main__ - DEBUG - 🎯 Eval HMM masking: step 250 masked due to negative reward
2025-09-27 16:16:01,655 - __main__ - WARNING - ⚠️ Episode 31 terminated due to step limit.
2025-09-27 16:16:03,366 - __main__ - DEBUG - 🎯 Eval HMM masking: step 150 masked due to negative reward
2025-09-27 16:16:04,914 - __main__ - WARNING - ⚠️ Episode 32 terminated due to step limit.
2025-09-27 16:16:05,597 - __main__ - DEBUG - 🎯 Eval HMM masking: step 50 masked due to negative reward
2025-09-27 16:16:06,639 - __main__ - DEBUG - 🎯 Eval HMM masking: step 150 masked due to negative reward
2025-09-27 16:16:08,188 - __main__ - WARNING - ⚠️ Episode 33 terminated due to step limit.
2025-09-27 16:16:10,459 - __main__ - DEBUG - 🎯 Eval HMM masking: step 200 masked due to negative reward
2025-09-27 16:16:11,515 - __main__ - WARNING - ⚠️ Episode 34 terminated due to step limit.
2025-09-27 16:16:12,206 - __main__ - DEBUG - 🎯 Eval HMM masking: step 50 masked due to negative reward
2025-09-27 16:16:15,665 - __main__ - WARNING - ⚠️ Episode 37 terminated due to step limit.
2025-09-27 16:16:18,954 - __main__ - WARNING - ⚠️ Episode 38 terminated due to step limit.
2025-09-27 16:16:22,270 - __main__ - WARNING - ⚠️ Episode 39 terminated due to step limit.
2025-09-27 16:16:24,003 - __main__ - DEBUG - 🎯 Eval HMM masking: step 150 masked due to negative reward
2025-09-27 16:16:30,334 - __main__ - WARNING - ⚠️ Episode 44 terminated due to step limit.
2025-09-27 16:16:31,025 - __main__ - DEBUG - 🎯 Eval HMM masking: step 50 masked due to negative reward
2025-09-27 16:16:33,636 - __main__ - WARNING - ⚠️ Episode 45 terminated due to step limit.
2025-09-27 16:16:36,942 - __main__ - WARNING - ⚠️ Episode 46 terminated due to step limit.
2025-09-27 16:16:40,208 - __main__ - WARNING - ⚠️ Episode 47 terminated due to step limit.
2025-09-27 16:16:43,507 - __main__ - WARNING - ⚠️ Episode 48 terminated due to step limit.
2025-09-27 16:16:45,757 - __main__ - DEBUG - 🎯 Eval HMM masking: step 200 masked due to negative reward
2025-09-27 16:16:46,800 - __main__ - WARNING - ⚠️ Episode 49 terminated due to step limit.
2025-09-27 16:16:49,583 - __main__ - DEBUG - 🎯 Eval HMM masking: step 250 masked due to negative reward
2025-09-27 16:16:50,108 - __main__ - WARNING - ⚠️ Episode 50 terminated due to step limit.
2025-09-27 16:16:50,260 - __main__ - INFO - 📊 Evaluation Results (Current Round):
2025-09-27 16:16:50,260 - __main__ - INFO -    Episodes: 50
2025-09-27 16:16:50,260 - __main__ - INFO -    Time: 126.1s (2.5s/ep)
2025-09-27 16:16:50,260 - __main__ - INFO -    Average Return: 0.099 ± 0.620
2025-09-27 16:16:50,260 - __main__ - INFO -    Success Rate: 38.0%
2025-09-27 16:16:50,260 - __main__ - INFO -    Average Length: 230.2
2025-09-27 16:16:50,261 - __main__ - INFO -    Average Coverage: 76.3 positions
2025-09-27 16:16:50,261 - __main__ - INFO -    Episode Completions: 19 terminated (38.0%), 31 truncated (62.0%)
2025-09-27 16:16:50,261 - __main__ - INFO - 📈 Total Evaluation Statistics:
2025-09-27 16:16:50,261 - __main__ - INFO -    Total Episodes: 650
2025-09-27 16:16:50,261 - __main__ - INFO -    Total Average Return: 0.129 ± 0.637
2025-09-27 16:16:50,261 - __main__ - INFO -    Total Average Length: 226.2 ± 102.8
2025-09-27 16:16:50,261 - __main__ - INFO -    Total Completions: 271 terminated (41.7%), 379 truncated (58.3%)
2025-09-27 16:16:50,261 - __main__ - INFO -    Skill Entropy: 0.020
2025-09-27 16:16:50,261 - __main__ - INFO -    Used Skills: 1.0
2025-09-27 16:16:50,261 - __main__ - INFO -    Effective K: 1.03
2025-09-27 16:16:50,261 - __main__ - INFO - 🎯 Action Usage Statistics:
2025-09-27 16:16:50,261 - __main__ - INFO -    Unique actions in evaluation: 8
2025-09-27 16:16:50,262 - __main__ - INFO -    Unique actions in training: 8
2025-09-27 16:16:50,262 - __main__ - INFO -    Total unique actions: 8
2025-09-27 16:16:50,262 - __main__ - INFO -    Action coverage: 6.6%
2025-09-27 16:16:50,262 - __main__ - INFO -    Train action count: 130048
2025-09-27 16:16:50,262 - __main__ - INFO -    Eval action count: 147022
2025-09-27 16:16:50,262 - __main__ - INFO -    Train action entropy: 2.065
2025-09-27 16:16:50,263 - __main__ - INFO -    Eval action entropy: 2.064
2025-09-27 16:16:50,263 - __main__ - INFO -    Top 3 train actions: #3(20301), #2(18821), #1(18600)
2025-09-27 16:16:50,263 - __main__ - INFO -    Top 3 eval actions: #3(23990), #2(21051), #1(21049)
2025-09-27 16:16:52,464 - __main__ - INFO - 📊 Episodes completed this rollout: 3
2025-09-27 16:16:52,465 - __main__ - INFO - 📈 Episode stats: avg return = -0.33, avg length = 300.0
2025-09-27 16:16:52,465 - __main__ - INFO - 🎯 Top 3 training actions: #3(20483), #2(18946), #1(18756)
2025-09-27 16:16:56,344 - __main__ - INFO - 📊 Episodes completed this rollout: 5
2025-09-27 16:16:56,344 - __main__ - INFO - 📈 Episode stats: avg return = -0.02, avg length = 250.8
2025-09-27 16:16:56,344 - __main__ - INFO - 🎯 Top 3 training actions: #3(20676), #2(19085), #1(18928)
2025-09-27 16:17:00,146 - __main__ - INFO - 📊 Episodes completed this rollout: 5
2025-09-27 16:17:00,146 - __main__ - INFO - 📈 Episode stats: avg return = 0.14, avg length = 206.0
2025-09-27 16:17:00,146 - __main__ - INFO - 🎯 Top 3 training actions: #3(20835), #2(19207), #1(19120)
2025-09-27 16:17:03,956 - __main__ - INFO - 📊 Episodes completed this rollout: 7
2025-09-27 16:17:03,956 - __main__ - INFO - 📈 Episode stats: avg return = 0.58, avg length = 173.7
2025-09-27 16:17:03,957 - __main__ - INFO - 🎯 Top 3 training actions: #3(20997), #2(19347), #1(19273)
2025-09-27 16:17:07,755 - __main__ - INFO - 📊 Episodes completed this rollout: 5
2025-09-27 16:17:07,755 - __main__ - INFO - 📈 Episode stats: avg return = 0.42, avg length = 178.8
2025-09-27 16:17:07,756 - __main__ - INFO - 🎯 Top 3 training actions: #3(21151), #2(19489), #1(19421)
2025-09-27 16:17:11,558 - __main__ - INFO - 📊 Episodes completed this rollout: 4
2025-09-27 16:17:11,559 - __main__ - INFO - 📈 Episode stats: avg return = 0.26, avg length = 215.8
2025-09-27 16:17:11,559 - __main__ - INFO - 🎯 Top 3 training actions: #3(21304), #2(19604), #1(19565)
2025-09-27 16:17:15,685 - __main__ - INFO - 📊 Episodes completed this rollout: 5
2025-09-27 16:17:15,685 - __main__ - INFO - 📈 Episode stats: avg return = 0.19, avg length = 221.4
2025-09-27 16:17:15,685 - __main__ - INFO - 🎯 Top 3 training actions: #3(21441), #2(19733), #1(19717)
2025-09-27 16:17:19,562 - __main__ - INFO - 📊 Episodes completed this rollout: 4
2025-09-27 16:17:19,563 - __main__ - INFO - 📈 Episode stats: avg return = 0.55, avg length = 246.2
2025-09-27 16:17:19,563 - __main__ - INFO - 🎯 Top 3 training actions: #3(21580), #2(19867), #1(19863)
2025-09-27 16:17:21,237 - __main__ - INFO - 🔄 Synchronized model update at step 138,240
2025-09-27 16:17:21,237 - __main__ - INFO -    HMM interval: 12,000, VAE interval: 12,000
2025-09-27 16:17:21,238 - __main__ - INFO - 🚫 Model training masking: 1248/12288 timesteps masked (10.2%) due to negative rewards (invalid actions)
2025-09-27 16:17:21,653 - __main__ - INFO - 🔄 Capping HMM batch size from 847 to 128 to prevent OOM
2025-09-27 16:17:21,654 - __main__ - INFO - 🔄 HMM refresh starting at step 138,240 with replay size 128x110
2025-09-27 16:17:27,074 - __main__ - DEBUG - Initial ELBO: 17996.6798
2025-09-27 16:17:27,079 - __main__ - DEBUG - Relative tol: 0.0100
2025-09-27 16:17:27,079 - __main__ - DEBUG - Relative elbo_drop_tol: 0.0100
2025-09-27 16:17:27,079 - __main__ - DEBUG - - Init -337.2229
2025-09-27 16:17:27,079 - __main__ - DEBUG - - Trans -26.2195
2025-09-27 16:17:27,079 - __main__ - DEBUG - - Emit 22717.8102
2025-09-27 16:17:27,079 - __main__ - DEBUG - - Entropy 0.0006
2025-09-27 16:17:27,079 - __main__ - DEBUG - - Dir -9.2366
2025-09-27 16:17:27,079 - __main__ - DEBUG - - NIW -4332.4409
2025-09-27 16:17:27,079 - __main__ - DEBUG - - Beta prior -16.0111
2025-09-27 16:17:32,792 - __main__ - DEBUG - Iter 0: ELBO after FB: 17996.6798 (LL 22354.3684, Δ=0.0000)
2025-09-27 16:17:32,794 - __main__ - DEBUG - Blending stats with ρ_niw=0.0500, ρ_tr=0.0500.
2025-09-27 16:17:32,841 - __main__ - DEBUG - Iter 0: ELBO after NIW update: 20412.5804 (Emit LL 25408.9983, NIW term -4607.7285, Δ=2415.9006)
2025-09-27 16:17:32,890 - __main__ - DEBUG - Iter 0: ELBO after Dirichlet update: 20412.7493 (Trans LL -26.2305, Dir term -9.0567, Δ=0.1690)
2025-09-27 16:17:32,968 - __main__ - DEBUG - Iter 0: ELBO after β update: 20413.2880 (Init LL -336.6584, Dir term -9.0688, logp(β) -16.0247, Δ=0.5386)
2025-09-27 16:17:38,684 - __main__ - DEBUG - Iter 1: ELBO after FB: 20413.2880 (LL 25046.1100, Δ=0.0000)
2025-09-27 16:17:38,686 - __main__ - DEBUG - Blending stats with ρ_niw=0.0500, ρ_tr=0.0500.
2025-09-27 16:17:38,734 - __main__ - DEBUG - Iter 1: ELBO after NIW update: 20413.2880 (Emit LL 25408.9983, NIW term -4607.7285, Δ=0.0000)
2025-09-27 16:17:38,781 - __main__ - DEBUG - Iter 1: ELBO after Dirichlet update: 20413.2015 (Trans LL -26.2565, Dir term -9.1293, Δ=-0.0864)
2025-09-27 16:17:38,862 - __main__ - DEBUG - Iter 1: ELBO after β update: 20413.6972 (Init LL -336.0960, Dir term -9.1926, logp(β) -16.0281, Δ=0.4957)
2025-09-27 16:17:38,863 - __main__ - DEBUG - Early stopping: ELBO improvement 0.4093 < tolerance
2025-09-27 16:17:38,864 - __main__ - INFO -    HMM refresh complete: ELBO=45.8135, iters=0, max iters, states=40
2025-09-27 16:17:38,864 - __main__ - INFO -    ✅ HMM updated (next in 12,000 steps)
2025-09-27 16:17:38,864 - __main__ - INFO - 🔄 VAE refresh starting at step 138,240 with replay size 8x1536
2025-09-27 16:17:38,865 - __main__ - INFO -    Using span sampling (12288 timesteps, too large for full buffer)
2025-09-27 16:18:05,336 - __main__ - INFO -    VAE refresh complete: final_loss=2587.2083, avg_loss=2589.1750, steps=4/4, trend=improving, total_timesteps=12288, span_sampling=32_requested×4_steps, span_len=64
2025-09-27 16:18:05,338 - __main__ - INFO -    ✅ VAE updated (next in 12,000 steps)
2025-09-27 16:18:07,541 - __main__ - INFO - 📊 Episodes completed this rollout: 7
2025-09-27 16:18:07,541 - __main__ - INFO - 📈 Episode stats: avg return = 0.36, avg length = 191.0
2025-09-27 16:18:07,541 - __main__ - INFO - 🎯 Top 3 training actions: #3(21706), #1(20008), #2(19987)
2025-09-27 16:18:11,414 - __main__ - INFO - 📊 Episodes completed this rollout: 4
2025-09-27 16:18:11,414 - __main__ - INFO - 📈 Episode stats: avg return = 0.50, avg length = 164.8
2025-09-27 16:18:11,415 - __main__ - INFO - 🎯 Top 3 training actions: #3(21827), #1(20141), #2(20099)
2025-09-27 16:18:13,024 - __main__ - INFO - 🧪 Starting evaluation with 50 episodes...
2025-09-27 16:18:13,025 - __main__ - INFO -    Eval seed: 51
2025-09-27 16:18:13,025 - __main__ - INFO -    Max episode steps (eval): env default
2025-09-27 16:18:13,026 - nle.env.base - INFO - Not saving any NLE data.
2025-09-27 16:18:14,102 - __main__ - DEBUG - 🎯 Eval HMM masking: step 100 masked due to negative reward
2025-09-27 16:18:14,618 - __main__ - DEBUG - 🎯 Eval HMM masking: step 150 masked due to negative reward
2025-09-27 16:18:15,137 - __main__ - DEBUG - 🎯 Eval HMM masking: step 200 masked due to negative reward
2025-09-27 16:18:16,163 - __main__ - WARNING - ⚠️ Episode 1 terminated due to step limit.
2025-09-27 16:18:19,432 - __main__ - WARNING - ⚠️ Episode 2 terminated due to step limit.
2025-09-27 16:18:22,695 - __main__ - WARNING - ⚠️ Episode 3 terminated due to step limit.
2025-09-27 16:18:25,954 - __main__ - WARNING - ⚠️ Episode 4 terminated due to step limit.
2025-09-27 16:18:26,643 - __main__ - DEBUG - 🎯 Eval HMM masking: step 50 masked due to negative reward
2025-09-27 16:18:28,783 - __main__ - DEBUG - 🎯 Eval HMM masking: step 250 masked due to negative reward
2025-09-27 16:18:29,309 - __main__ - WARNING - ⚠️ Episode 5 terminated due to step limit.
2025-09-27 16:18:32,602 - __main__ - WARNING - ⚠️ Episode 6 terminated due to step limit.
2025-09-27 16:18:36,790 - __main__ - DEBUG - 🎯 Eval HMM masking: step 250 masked due to negative reward
2025-09-27 16:18:37,299 - __main__ - WARNING - ⚠️ Episode 9 terminated due to step limit.
2025-09-27 16:18:40,157 - __main__ - DEBUG - 🎯 Eval HMM masking: step 200 masked due to negative reward
2025-09-27 16:18:41,186 - __main__ - WARNING - ⚠️ Episode 12 terminated due to step limit.
2025-09-27 16:18:45,039 - __main__ - WARNING - ⚠️ Episode 14 terminated due to step limit.
2025-09-27 16:18:47,285 - __main__ - DEBUG - 🎯 Eval HMM masking: step 200 masked due to negative reward
2025-09-27 16:18:48,308 - __main__ - WARNING - ⚠️ Episode 15 terminated due to step limit.
2025-09-27 16:18:49,994 - __main__ - DEBUG - 🎯 Eval HMM masking: step 50 masked due to negative reward
2025-09-27 16:18:50,514 - __main__ - DEBUG - 🎯 Eval HMM masking: step 100 masked due to negative reward
2025-09-27 16:18:51,032 - __main__ - DEBUG - 🎯 Eval HMM masking: step 150 masked due to negative reward
2025-09-27 16:18:52,582 - __main__ - WARNING - ⚠️ Episode 17 terminated due to step limit.
2025-09-27 16:18:54,295 - __main__ - DEBUG - 🎯 Eval HMM masking: step 150 masked due to negative reward
2025-09-27 16:18:55,845 - __main__ - WARNING - ⚠️ Episode 18 terminated due to step limit.
2025-09-27 16:19:00,106 - __main__ - WARNING - ⚠️ Episode 21 terminated due to step limit.
2025-09-27 16:19:03,372 - __main__ - WARNING - ⚠️ Episode 22 terminated due to step limit.
2025-09-27 16:19:06,639 - __main__ - WARNING - ⚠️ Episode 23 terminated due to step limit.
2025-09-27 16:19:09,905 - __main__ - WARNING - ⚠️ Episode 24 terminated due to step limit.
2025-09-27 16:19:15,655 - __main__ - DEBUG - 🎯 Eval HMM masking: step 250 masked due to negative reward
2025-09-27 16:19:16,174 - __main__ - WARNING - ⚠️ Episode 26 terminated due to step limit.
2025-09-27 16:19:18,951 - __main__ - DEBUG - 🎯 Eval HMM masking: step 250 masked due to negative reward
2025-09-27 16:19:19,464 - __main__ - WARNING - ⚠️ Episode 27 terminated due to step limit.
2025-09-27 16:19:22,228 - __main__ - DEBUG - 🎯 Eval HMM masking: step 250 masked due to negative reward
2025-09-27 16:19:22,738 - __main__ - WARNING - ⚠️ Episode 28 terminated due to step limit.
2025-09-27 16:19:24,976 - __main__ - DEBUG - 🎯 Eval HMM masking: step 200 masked due to negative reward
2025-09-27 16:19:26,014 - __main__ - WARNING - ⚠️ Episode 29 terminated due to step limit.
2025-09-27 16:19:27,732 - __main__ - DEBUG - 🎯 Eval HMM masking: step 150 masked due to negative reward
2025-09-27 16:19:29,288 - __main__ - WARNING - ⚠️ Episode 30 terminated due to step limit.
2025-09-27 16:19:32,591 - __main__ - WARNING - ⚠️ Episode 31 terminated due to step limit.
2025-09-27 16:19:35,952 - __main__ - WARNING - ⚠️ Episode 33 terminated due to step limit.
2025-09-27 16:19:40,516 - __main__ - DEBUG - 🎯 Eval HMM masking: step 150 masked due to negative reward
2025-09-27 16:19:42,056 - __main__ - WARNING - ⚠️ Episode 36 terminated due to step limit.
2025-09-27 16:19:43,259 - __main__ - DEBUG - 🎯 Eval HMM masking: step 100 masked due to negative reward
2025-09-27 16:19:44,298 - __main__ - DEBUG - 🎯 Eval HMM masking: step 200 masked due to negative reward
2025-09-27 16:19:45,996 - __main__ - DEBUG - 🎯 Eval HMM masking: step 50 masked due to negative reward
2025-09-27 16:19:48,576 - __main__ - WARNING - ⚠️ Episode 38 terminated due to step limit.
2025-09-27 16:19:50,806 - __main__ - DEBUG - 🎯 Eval HMM masking: step 200 masked due to negative reward
2025-09-27 16:19:51,834 - __main__ - WARNING - ⚠️ Episode 39 terminated due to step limit.
2025-09-27 16:19:57,854 - __main__ - WARNING - ⚠️ Episode 42 terminated due to step limit.
2025-09-27 16:19:59,054 - __main__ - DEBUG - 🎯 Eval HMM masking: step 100 masked due to negative reward
2025-09-27 16:20:01,122 - __main__ - WARNING - ⚠️ Episode 43 terminated due to step limit.
2025-09-27 16:20:04,377 - __main__ - WARNING - ⚠️ Episode 44 terminated due to step limit.
2025-09-27 16:20:05,266 - __main__ - DEBUG - 🎯 Eval HMM masking: step 50 masked due to negative reward
2025-09-27 16:20:07,839 - __main__ - WARNING - ⚠️ Episode 46 terminated due to step limit.
2025-09-27 16:20:08,516 - __main__ - DEBUG - 🎯 Eval HMM masking: step 50 masked due to negative reward
2025-09-27 16:20:09,558 - __main__ - DEBUG - 🎯 Eval HMM masking: step 150 masked due to negative reward
2025-09-27 16:20:11,109 - __main__ - WARNING - ⚠️ Episode 47 terminated due to step limit.
2025-09-27 16:20:12,824 - __main__ - DEBUG - 🎯 Eval HMM masking: step 150 masked due to negative reward
2025-09-27 16:20:14,375 - __main__ - WARNING - ⚠️ Episode 48 terminated due to step limit.
2025-09-27 16:20:20,359 - __main__ - INFO - 📊 Evaluation Results (Current Round):
2025-09-27 16:20:20,359 - __main__ - INFO -    Episodes: 50
2025-09-27 16:20:20,359 - __main__ - INFO -    Time: 127.3s (2.5s/ep)
2025-09-27 16:20:20,360 - __main__ - INFO -    Average Return: -0.013 ± 0.677
2025-09-27 16:20:20,360 - __main__ - INFO -    Success Rate: 36.0%
2025-09-27 16:20:20,360 - __main__ - INFO -    Average Length: 233.2
2025-09-27 16:20:20,360 - __main__ - INFO -    Average Coverage: 73.5 positions
2025-09-27 16:20:20,360 - __main__ - INFO -    Episode Completions: 18 terminated (36.0%), 32 truncated (64.0%)
2025-09-27 16:20:20,360 - __main__ - INFO - 📈 Total Evaluation Statistics:
2025-09-27 16:20:20,360 - __main__ - INFO -    Total Episodes: 700
2025-09-27 16:20:20,360 - __main__ - INFO -    Total Average Return: 0.119 ± 0.641
2025-09-27 16:20:20,360 - __main__ - INFO -    Total Average Length: 226.7 ± 103.3
2025-09-27 16:20:20,360 - __main__ - INFO -    Total Completions: 289 terminated (41.3%), 411 truncated (58.7%)
2025-09-27 16:20:20,360 - __main__ - INFO -    Skill Entropy: 0.027
2025-09-27 16:20:20,361 - __main__ - INFO -    Used Skills: 1.0
2025-09-27 16:20:20,361 - __main__ - INFO -    Effective K: 1.04
2025-09-27 16:20:20,361 - __main__ - INFO - 🎯 Action Usage Statistics:
2025-09-27 16:20:20,361 - __main__ - INFO -    Unique actions in evaluation: 8
2025-09-27 16:20:20,361 - __main__ - INFO -    Unique actions in training: 8
2025-09-27 16:20:20,361 - __main__ - INFO -    Total unique actions: 8
2025-09-27 16:20:20,361 - __main__ - INFO -    Action coverage: 6.6%
2025-09-27 16:20:20,361 - __main__ - INFO -    Train action count: 140288
2025-09-27 16:20:20,361 - __main__ - INFO -    Eval action count: 158682
2025-09-27 16:20:20,362 - __main__ - INFO -    Train action entropy: 2.066
2025-09-27 16:20:20,362 - __main__ - INFO -    Eval action entropy: 2.067
2025-09-27 16:20:20,362 - __main__ - INFO -    Top 3 train actions: #3(21827), #1(20141), #2(20099)
2025-09-27 16:20:20,362 - __main__ - INFO -    Top 3 eval actions: #3(24989), #2(22531), #1(22505)
2025-09-27 16:20:22,609 - __main__ - INFO - 📊 Episodes completed this rollout: 8
2025-09-27 16:20:22,609 - __main__ - INFO - 📈 Episode stats: avg return = 0.29, avg length = 188.0
2025-09-27 16:20:22,609 - __main__ - INFO - 🎯 Top 3 training actions: #3(21900), #1(20272), #2(20225)
2025-09-27 16:20:26,596 - __main__ - INFO - 📊 Episodes completed this rollout: 3
2025-09-27 16:20:26,596 - __main__ - INFO - 📈 Episode stats: avg return = 0.36, avg length = 155.3
2025-09-27 16:20:26,596 - __main__ - INFO - 🎯 Top 3 training actions: #3(21980), #1(20408), #2(20335)
2025-09-27 16:20:30,602 - __main__ - INFO - 📊 Episodes completed this rollout: 5
2025-09-27 16:20:30,603 - __main__ - INFO - 📈 Episode stats: avg return = -0.21, avg length = 279.6
2025-09-27 16:20:30,603 - __main__ - INFO - 🎯 Top 3 training actions: #3(22077), #1(20549), #2(20423)
2025-09-27 16:20:34,419 - __main__ - INFO - 📊 Episodes completed this rollout: 3
2025-09-27 16:20:34,420 - __main__ - INFO - 📈 Episode stats: avg return = 0.51, avg length = 157.3
2025-09-27 16:20:34,420 - __main__ - INFO - 🎯 Top 3 training actions: #3(22165), #1(20672), #2(20479)
2025-09-27 16:20:38,526 - __main__ - INFO - 📊 Episodes completed this rollout: 9
2025-09-27 16:20:38,526 - __main__ - INFO - 📈 Episode stats: avg return = 0.17, avg length = 188.6
2025-09-27 16:20:38,526 - __main__ - INFO - 🎯 Top 3 training actions: #3(22267), #1(20814), #2(20566)
2025-09-27 16:20:42,537 - __main__ - INFO - 📊 Episodes completed this rollout: 5
2025-09-27 16:20:42,538 - __main__ - INFO - 📈 Episode stats: avg return = 0.60, avg length = 139.2
2025-09-27 16:20:42,538 - __main__ - INFO - 🎯 Top 3 training actions: #3(22390), #1(20945), #2(20660)
2025-09-27 16:20:46,475 - __main__ - INFO - 📊 Episodes completed this rollout: 6
2025-09-27 16:20:46,475 - __main__ - INFO - 📈 Episode stats: avg return = 0.26, avg length = 230.3
2025-09-27 16:20:46,475 - __main__ - INFO - 🎯 Top 3 training actions: #3(22499), #1(21106), #2(20768)
2025-09-27 16:20:50,294 - __main__ - INFO - 📊 Episodes completed this rollout: 2
2025-09-27 16:20:50,294 - __main__ - INFO - 📈 Episode stats: avg return = -0.31, avg length = 300.0
2025-09-27 16:20:50,295 - __main__ - INFO - 🎯 Top 3 training actions: #3(22611), #1(21281), #2(20891)
2025-09-27 16:20:54,127 - __main__ - INFO - 📊 Episodes completed this rollout: 3
2025-09-27 16:20:54,127 - __main__ - INFO - 📈 Episode stats: avg return = -0.43, avg length = 300.0
2025-09-27 16:20:54,128 - __main__ - INFO - 🎯 Top 3 training actions: #3(22755), #1(21432), #2(21007)
2025-09-27 16:20:58,007 - __main__ - INFO - 📊 Episodes completed this rollout: 4
2025-09-27 16:20:58,007 - __main__ - INFO - 📈 Episode stats: avg return = -0.32, avg length = 300.0
2025-09-27 16:20:58,008 - __main__ - INFO - 🎯 Top 3 training actions: #3(22902), #1(21587), #2(21138)
2025-09-27 16:20:59,900 - __main__ - INFO - 🔄 Synchronized model update at step 150,528
2025-09-27 16:20:59,900 - __main__ - INFO -    HMM interval: 12,000, VAE interval: 12,000
2025-09-27 16:20:59,901 - __main__ - INFO - 🚫 Model training masking: 1080/12288 timesteps masked (8.8%) due to negative rewards (invalid actions)
2025-09-27 16:21:00,308 - __main__ - INFO - 🔄 Capping HMM batch size from 692 to 128 to prevent OOM
2025-09-27 16:21:00,309 - __main__ - INFO - 🔄 HMM refresh starting at step 150,528 with replay size 128x127
2025-09-27 16:21:06,688 - __main__ - DEBUG - Initial ELBO: 38860.5049
2025-09-27 16:21:06,694 - __main__ - DEBUG - Relative tol: 0.0100
2025-09-27 16:21:06,694 - __main__ - DEBUG - Relative elbo_drop_tol: 0.0100
2025-09-27 16:21:06,694 - __main__ - DEBUG - - Init -336.0960
2025-09-27 16:21:06,695 - __main__ - DEBUG - - Trans -49.1646
2025-09-27 16:21:06,695 - __main__ - DEBUG - - Emit 43878.7140
2025-09-27 16:21:06,695 - __main__ - DEBUG - - Entropy 0.0007
2025-09-27 16:21:06,695 - __main__ - DEBUG - - Dir -9.1926
2025-09-27 16:21:06,695 - __main__ - DEBUG - - NIW -4607.7285
2025-09-27 16:21:06,695 - __main__ - DEBUG - - Beta prior -16.0281
2025-09-27 16:21:17,072 - __main__ - DEBUG - Iter 0: ELBO after FB: 38860.5049 (LL 43493.4541, Δ=0.0000)
2025-09-27 16:21:17,074 - __main__ - DEBUG - Blending stats with ρ_niw=0.0500, ρ_tr=0.0500.
2025-09-27 16:21:17,219 - __main__ - DEBUG - Iter 0: ELBO after NIW update: 45993.3082 (Emit LL 51616.6179, NIW term -5212.8291, Δ=7132.8033)
2025-09-27 16:21:17,304 - __main__ - DEBUG - Iter 0: ELBO after Dirichlet update: 45993.8320 (Trans LL -48.2984, Dir term -9.5349, Δ=0.5238)
2025-09-27 16:21:17,428 - __main__ - DEBUG - Iter 0: ELBO after β update: 45994.3561 (Init LL -335.5340, Dir term -9.5589, logp(β) -16.0420, Δ=0.5240)
2025-09-27 16:21:25,691 - __main__ - DEBUG - Iter 1: ELBO after FB: 45994.3561 (LL 51232.7862, Δ=0.0000)
2025-09-27 16:21:25,693 - __main__ - DEBUG - Blending stats with ρ_niw=0.0500, ρ_tr=0.0500.
2025-09-27 16:21:25,739 - __main__ - DEBUG - Iter 1: ELBO after NIW update: 45994.3561 (Emit LL 51616.6179, NIW term -5212.8291, Δ=0.0000)
2025-09-27 16:21:25,787 - __main__ - DEBUG - Iter 1: ELBO after Dirichlet update: 45994.2722 (Trans LL -48.3471, Dir term -9.5941, Δ=-0.0839)
2025-09-27 16:21:25,869 - __main__ - DEBUG - Iter 1: ELBO after β update: 45994.7802 (Init LL -334.9727, Dir term -9.6453, logp(β) -16.0441, Δ=0.5081)
2025-09-27 16:21:25,870 - __main__ - DEBUG - Early stopping: ELBO improvement 0.4242 < tolerance
2025-09-27 16:21:25,872 - __main__ - INFO -    HMM refresh complete: ELBO=2319.8484, iters=0, max iters, states=40
2025-09-27 16:21:25,872 - __main__ - INFO -    ✅ HMM updated (next in 12,000 steps)
2025-09-27 16:21:25,872 - __main__ - INFO - 🔄 VAE refresh starting at step 150,528 with replay size 8x1536
2025-09-27 16:21:25,873 - __main__ - INFO -    Using span sampling (12288 timesteps, too large for full buffer)
2025-09-27 16:21:57,561 - __main__ - INFO -    VAE refresh complete: final_loss=2585.0959, avg_loss=2591.5132, steps=4/4, trend=improving, total_timesteps=12288, span_sampling=32_requested×4_steps, span_len=64
2025-09-27 16:21:57,565 - __main__ - INFO -    ✅ VAE updated (next in 12,000 steps)
2025-09-27 16:21:57,570 - __main__ - INFO - 🧪 Starting evaluation with 50 episodes...
2025-09-27 16:21:57,570 - __main__ - INFO -    Eval seed: 51
2025-09-27 16:21:57,570 - __main__ - INFO -    Max episode steps (eval): env default
2025-09-27 16:21:57,571 - nle.env.base - INFO - Not saving any NLE data.
2025-09-27 16:22:00,774 - __main__ - DEBUG - 🎯 Eval HMM masking: step 50 masked due to negative reward
2025-09-27 16:22:02,498 - __main__ - DEBUG - 🎯 Eval HMM masking: step 150 masked due to negative reward
2025-09-27 16:22:04,301 - __main__ - WARNING - ⚠️ Episode 2 terminated due to step limit.
2025-09-27 16:22:08,071 - __main__ - WARNING - ⚠️ Episode 3 terminated due to step limit.
2025-09-27 16:22:16,832 - __main__ - WARNING - ⚠️ Episode 6 terminated due to step limit.
2025-09-27 16:22:18,066 - __main__ - DEBUG - 🎯 Eval HMM masking: step 100 masked due to negative reward
2025-09-27 16:22:23,378 - __main__ - WARNING - ⚠️ Episode 8 terminated due to step limit.
2025-09-27 16:22:29,704 - __main__ - WARNING - ⚠️ Episode 11 terminated due to step limit.
2025-09-27 16:22:33,853 - __main__ - WARNING - ⚠️ Episode 12 terminated due to step limit.
2025-09-27 16:22:35,445 - __main__ - DEBUG - 🎯 Eval HMM masking: step 100 masked due to negative reward
2025-09-27 16:22:38,643 - __main__ - WARNING - ⚠️ Episode 13 terminated due to step limit.
2025-09-27 16:22:42,627 - __main__ - WARNING - ⚠️ Episode 14 terminated due to step limit.
2025-09-27 16:22:45,968 - __main__ - WARNING - ⚠️ Episode 15 terminated due to step limit.
2025-09-27 16:22:47,202 - __main__ - DEBUG - 🎯 Eval HMM masking: step 100 masked due to negative reward
2025-09-27 16:22:50,626 - __main__ - DEBUG - 🎯 Eval HMM masking: step 150 masked due to negative reward
2025-09-27 16:22:52,891 - __main__ - WARNING - ⚠️ Episode 18 terminated due to step limit.
2025-09-27 16:23:03,161 - __main__ - WARNING - ⚠️ Episode 22 terminated due to step limit.
2025-09-27 16:23:07,220 - __main__ - DEBUG - 🎯 Eval HMM masking: step 250 masked due to negative reward
2025-09-27 16:23:07,747 - __main__ - WARNING - ⚠️ Episode 23 terminated due to step limit.
2025-09-27 16:23:11,516 - __main__ - WARNING - ⚠️ Episode 24 terminated due to step limit.
2025-09-27 16:23:13,026 - __main__ - DEBUG - 🎯 Eval HMM masking: step 100 masked due to negative reward
2025-09-27 16:23:15,420 - __main__ - DEBUG - 🎯 Eval HMM masking: step 250 masked due to negative reward
2025-09-27 16:23:16,229 - __main__ - WARNING - ⚠️ Episode 25 terminated due to step limit.
2025-09-27 16:23:20,391 - __main__ - DEBUG - 🎯 Eval HMM masking: step 150 masked due to negative reward
2025-09-27 16:23:31,125 - __main__ - WARNING - ⚠️ Episode 31 terminated due to step limit.
2025-09-27 16:23:35,231 - __main__ - WARNING - ⚠️ Episode 32 terminated due to step limit.
2025-09-27 16:23:35,933 - __main__ - DEBUG - 🎯 Eval HMM masking: step 50 masked due to negative reward
2025-09-27 16:23:39,033 - __main__ - WARNING - ⚠️ Episode 33 terminated due to step limit.
2025-09-27 16:23:39,735 - __main__ - DEBUG - 🎯 Eval HMM masking: step 50 masked due to negative reward
2025-09-27 16:23:41,863 - __main__ - DEBUG - 🎯 Eval HMM masking: step 250 masked due to negative reward
2025-09-27 16:23:42,391 - __main__ - WARNING - ⚠️ Episode 34 terminated due to step limit.
2025-09-27 16:23:46,078 - __main__ - WARNING - ⚠️ Episode 35 terminated due to step limit.
2025-09-27 16:23:49,350 - __main__ - DEBUG - 🎯 Eval HMM masking: step 200 masked due to negative reward
2025-09-27 16:23:51,061 - __main__ - WARNING - ⚠️ Episode 36 terminated due to step limit.
2025-09-27 16:23:55,784 - __main__ - WARNING - ⚠️ Episode 37 terminated due to step limit.
2025-09-27 16:24:02,273 - __main__ - WARNING - ⚠️ Episode 42 terminated due to step limit.
2025-09-27 16:24:02,961 - __main__ - DEBUG - 🎯 Eval HMM masking: step 50 masked due to negative reward
2025-09-27 16:24:05,557 - __main__ - WARNING - ⚠️ Episode 43 terminated due to step limit.
2025-09-27 16:24:08,933 - __main__ - DEBUG - 🎯 Eval HMM masking: step 50 masked due to negative reward
2025-09-27 16:24:11,555 - __main__ - WARNING - ⚠️ Episode 45 terminated due to step limit.
2025-09-27 16:24:20,259 - __main__ - WARNING - ⚠️ Episode 49 terminated due to step limit.
2025-09-27 16:24:20,493 - __main__ - INFO - 📊 Evaluation Results (Current Round):
2025-09-27 16:24:20,493 - __main__ - INFO -    Episodes: 50
2025-09-27 16:24:20,493 - __main__ - INFO -    Time: 142.9s (2.9s/ep)
2025-09-27 16:24:20,494 - __main__ - INFO -    Average Return: 0.258 ± 0.644
2025-09-27 16:24:20,494 - __main__ - INFO -    Success Rate: 50.0%
2025-09-27 16:24:20,494 - __main__ - INFO -    Average Length: 212.5
2025-09-27 16:24:20,494 - __main__ - INFO -    Average Coverage: 74.1 positions
2025-09-27 16:24:20,494 - __main__ - INFO -    Episode Completions: 25 terminated (50.0%), 25 truncated (50.0%)
2025-09-27 16:24:20,494 - __main__ - INFO - 📈 Total Evaluation Statistics:
2025-09-27 16:24:20,494 - __main__ - INFO -    Total Episodes: 750
2025-09-27 16:24:20,494 - __main__ - INFO -    Total Average Return: 0.128 ± 0.642
2025-09-27 16:24:20,494 - __main__ - INFO -    Total Average Length: 225.7 ± 103.7
2025-09-27 16:24:20,494 - __main__ - INFO -    Total Completions: 314 terminated (41.9%), 436 truncated (58.1%)
2025-09-27 16:24:20,494 - __main__ - INFO -    Skill Entropy: 0.018
2025-09-27 16:24:20,495 - __main__ - INFO -    Used Skills: 1.0
2025-09-27 16:24:20,495 - __main__ - INFO -    Effective K: 1.02
2025-09-27 16:24:20,495 - __main__ - INFO - 🎯 Action Usage Statistics:
2025-09-27 16:24:20,495 - __main__ - INFO -    Unique actions in evaluation: 8
2025-09-27 16:24:20,495 - __main__ - INFO -    Unique actions in training: 8
2025-09-27 16:24:20,495 - __main__ - INFO -    Total unique actions: 8
2025-09-27 16:24:20,495 - __main__ - INFO -    Action coverage: 6.6%
2025-09-27 16:24:20,495 - __main__ - INFO -    Train action count: 150528
2025-09-27 16:24:20,495 - __main__ - INFO -    Eval action count: 169308
2025-09-27 16:24:20,495 - __main__ - INFO -    Train action entropy: 2.068
2025-09-27 16:24:20,496 - __main__ - INFO -    Eval action entropy: 2.068
2025-09-27 16:24:20,496 - __main__ - INFO -    Top 3 train actions: #3(22902), #1(21587), #2(21138)
2025-09-27 16:24:20,496 - __main__ - INFO -    Top 3 eval actions: #3(26528), #1(24071), #2(23862)
2025-09-27 16:24:22,747 - __main__ - INFO - 📊 Episodes completed this rollout: 3
2025-09-27 16:24:22,747 - __main__ - INFO - 📈 Episode stats: avg return = 0.45, avg length = 264.0
2025-09-27 16:24:22,747 - __main__ - INFO - 🎯 Top 3 training actions: #3(23052), #1(21736), #2(21269)
2025-09-27 16:24:26,932 - __main__ - INFO - 📊 Episodes completed this rollout: 4
2025-09-27 16:24:26,932 - __main__ - INFO - 📈 Episode stats: avg return = -0.23, avg length = 300.0
2025-09-27 16:24:26,933 - __main__ - INFO - 🎯 Top 3 training actions: #3(23196), #1(21887), #2(21394)
2025-09-27 16:24:31,021 - __main__ - INFO - 📊 Episodes completed this rollout: 4
2025-09-27 16:24:31,022 - __main__ - INFO - 📈 Episode stats: avg return = 0.31, avg length = 200.0
2025-09-27 16:24:31,022 - __main__ - INFO - 🎯 Top 3 training actions: #3(23355), #1(22062), #2(21533)
2025-09-27 16:24:35,312 - __main__ - INFO - 📊 Episodes completed this rollout: 8
2025-09-27 16:24:35,312 - __main__ - INFO - 📈 Episode stats: avg return = 0.40, avg length = 185.2
2025-09-27 16:24:35,312 - __main__ - INFO - 🎯 Top 3 training actions: #3(23514), #1(22227), #2(21666)
2025-09-27 16:24:39,444 - __main__ - INFO - 📊 Episodes completed this rollout: 4
2025-09-27 16:24:39,444 - __main__ - INFO - 📈 Episode stats: avg return = 0.68, avg length = 85.5
2025-09-27 16:24:39,444 - __main__ - INFO - 🎯 Top 3 training actions: #3(23677), #1(22401), #2(21812)
2025-09-27 16:24:43,492 - __main__ - INFO - 📊 Episodes completed this rollout: 5
2025-09-27 16:24:43,492 - __main__ - INFO - 📈 Episode stats: avg return = -0.13, avg length = 295.0
2025-09-27 16:24:43,493 - __main__ - INFO - 🎯 Top 3 training actions: #3(23853), #1(22583), #2(21932)
2025-09-27 16:24:47,698 - __main__ - INFO - 📊 Episodes completed this rollout: 3
2025-09-27 16:24:47,698 - __main__ - INFO - 📈 Episode stats: avg return = -0.44, avg length = 300.0
2025-09-27 16:24:47,699 - __main__ - INFO - 🎯 Top 3 training actions: #3(24000), #1(22772), #2(22068)
2025-09-27 16:24:51,891 - __main__ - INFO - 📊 Episodes completed this rollout: 6
2025-09-27 16:24:51,891 - __main__ - INFO - 📈 Episode stats: avg return = 0.12, avg length = 217.8
2025-09-27 16:24:51,891 - __main__ - INFO - 🎯 Top 3 training actions: #3(24141), #1(22968), #2(22193)
2025-09-27 16:24:57,158 - __main__ - INFO - 📊 Episodes completed this rollout: 6
2025-09-27 16:24:57,160 - __main__ - INFO - 📈 Episode stats: avg return = 0.34, avg length = 177.8
2025-09-27 16:24:57,161 - __main__ - INFO - 🎯 Top 3 training actions: #3(24301), #1(23136), #2(22309)
2025-09-27 16:25:03,420 - __main__ - INFO - 📊 Episodes completed this rollout: 4
2025-09-27 16:25:03,421 - __main__ - INFO - 📈 Episode stats: avg return = 0.45, avg length = 213.0
2025-09-27 16:25:03,421 - __main__ - INFO - 🎯 Top 3 training actions: #3(24443), #1(23297), #2(22468)
2025-09-27 16:25:05,636 - __main__ - INFO - 🧪 Starting evaluation with 50 episodes...
2025-09-27 16:25:05,636 - __main__ - INFO -    Eval seed: 51
2025-09-27 16:25:05,636 - __main__ - INFO -    Max episode steps (eval): env default
2025-09-27 16:25:05,637 - nle.env.base - INFO - Not saving any NLE data.
2025-09-27 16:25:07,326 - __main__ - DEBUG - 🎯 Eval HMM masking: step 150 masked due to negative reward
2025-09-27 16:25:07,864 - __main__ - DEBUG - 🎯 Eval HMM masking: step 200 masked due to negative reward
2025-09-27 16:25:08,969 - __main__ - WARNING - ⚠️ Episode 1 terminated due to step limit.
2025-09-27 16:25:12,412 - __main__ - WARNING - ⚠️ Episode 2 terminated due to step limit.
2025-09-27 16:25:15,763 - __main__ - WARNING - ⚠️ Episode 3 terminated due to step limit.
2025-09-27 16:25:24,572 - __main__ - WARNING - ⚠️ Episode 7 terminated due to step limit.
2025-09-27 16:25:27,917 - __main__ - WARNING - ⚠️ Episode 8 terminated due to step limit.
2025-09-27 16:25:30,218 - __main__ - DEBUG - 🎯 Eval HMM masking: step 200 masked due to negative reward
2025-09-27 16:25:31,268 - __main__ - WARNING - ⚠️ Episode 9 terminated due to step limit.
2025-09-27 16:25:33,021 - __main__ - DEBUG - 🎯 Eval HMM masking: step 150 masked due to negative reward
2025-09-27 16:25:33,551 - __main__ - DEBUG - 🎯 Eval HMM masking: step 200 masked due to negative reward
2025-09-27 16:25:34,598 - __main__ - WARNING - ⚠️ Episode 10 terminated due to step limit.
2025-09-27 16:25:39,406 - __main__ - DEBUG - 🎯 Eval HMM masking: step 100 masked due to negative reward
2025-09-27 16:25:39,935 - __main__ - DEBUG - 🎯 Eval HMM masking: step 150 masked due to negative reward
2025-09-27 16:25:41,503 - __main__ - WARNING - ⚠️ Episode 15 terminated due to step limit.
2025-09-27 16:25:44,874 - __main__ - WARNING - ⚠️ Episode 16 terminated due to step limit.
2025-09-27 16:25:48,376 - __main__ - DEBUG - 🎯 Eval HMM masking: step 150 masked due to negative reward
2025-09-27 16:25:49,959 - __main__ - WARNING - ⚠️ Episode 18 terminated due to step limit.
2025-09-27 16:25:53,288 - __main__ - WARNING - ⚠️ Episode 19 terminated due to step limit.
2025-09-27 16:25:58,291 - __main__ - DEBUG - 🎯 Eval HMM masking: step 200 masked due to negative reward
2025-09-27 16:25:59,354 - __main__ - WARNING - ⚠️ Episode 21 terminated due to step limit.
2025-09-27 16:26:03,484 - __main__ - WARNING - ⚠️ Episode 23 terminated due to step limit.
2025-09-27 16:26:09,410 - __main__ - WARNING - ⚠️ Episode 25 terminated due to step limit.
2025-09-27 16:26:12,742 - __main__ - WARNING - ⚠️ Episode 26 terminated due to step limit.
2025-09-27 16:26:16,055 - __main__ - WARNING - ⚠️ Episode 27 terminated due to step limit.
2025-09-27 16:26:16,751 - __main__ - DEBUG - 🎯 Eval HMM masking: step 50 masked due to negative reward
2025-09-27 16:26:23,226 - __main__ - WARNING - ⚠️ Episode 30 terminated due to step limit.
2025-09-27 16:26:26,558 - __main__ - WARNING - ⚠️ Episode 31 terminated due to step limit.
2025-09-27 16:26:29,368 - __main__ - DEBUG - 🎯 Eval HMM masking: step 250 masked due to negative reward
2025-09-27 16:26:29,892 - __main__ - WARNING - ⚠️ Episode 32 terminated due to step limit.
2025-09-27 16:26:33,198 - __main__ - WARNING - ⚠️ Episode 33 terminated due to step limit.
2025-09-27 16:26:34,957 - __main__ - DEBUG - 🎯 Eval HMM masking: step 150 masked due to negative reward
2025-09-27 16:26:35,486 - __main__ - DEBUG - 🎯 Eval HMM masking: step 200 masked due to negative reward
2025-09-27 16:26:36,538 - __main__ - WARNING - ⚠️ Episode 34 terminated due to step limit.
2025-09-27 16:26:37,226 - __main__ - DEBUG - 🎯 Eval HMM masking: step 50 masked due to negative reward
2025-09-27 16:26:38,799 - __main__ - DEBUG - 🎯 Eval HMM masking: step 200 masked due to negative reward
2025-09-27 16:26:39,842 - __main__ - WARNING - ⚠️ Episode 35 terminated due to step limit.
2025-09-27 16:26:43,145 - __main__ - WARNING - ⚠️ Episode 36 terminated due to step limit.
2025-09-27 16:26:44,369 - __main__ - DEBUG - 🎯 Eval HMM masking: step 100 masked due to negative reward
2025-09-27 16:26:47,777 - __main__ - WARNING - ⚠️ Episode 38 terminated due to step limit.
2025-09-27 16:26:54,214 - __main__ - DEBUG - 🎯 Eval HMM masking: step 200 masked due to negative reward
2025-09-27 16:26:57,523 - __main__ - DEBUG - 🎯 Eval HMM masking: step 250 masked due to negative reward
2025-09-27 16:26:58,042 - __main__ - WARNING - ⚠️ Episode 43 terminated due to step limit.
2025-09-27 16:27:01,365 - __main__ - WARNING - ⚠️ Episode 44 terminated due to step limit.
2025-09-27 16:27:03,626 - __main__ - DEBUG - 🎯 Eval HMM masking: step 200 masked due to negative reward
2025-09-27 16:27:04,670 - __main__ - WARNING - ⚠️ Episode 45 terminated due to step limit.
2025-09-27 16:27:08,041 - __main__ - WARNING - ⚠️ Episode 46 terminated due to step limit.
2025-09-27 16:27:11,469 - __main__ - WARNING - ⚠️ Episode 47 terminated due to step limit.
2025-09-27 16:27:14,927 - __main__ - WARNING - ⚠️ Episode 48 terminated due to step limit.
2025-09-27 16:27:16,519 - __main__ - DEBUG - 🎯 Eval HMM masking: step 50 masked due to negative reward
2025-09-27 16:27:19,168 - __main__ - WARNING - ⚠️ Episode 50 terminated due to step limit.
2025-09-27 16:27:19,325 - __main__ - INFO - 📊 Evaluation Results (Current Round):
2025-09-27 16:27:19,325 - __main__ - INFO -    Episodes: 50
2025-09-27 16:27:19,325 - __main__ - INFO -    Time: 133.7s (2.7s/ep)
2025-09-27 16:27:19,325 - __main__ - INFO -    Average Return: 0.106 ± 0.601
2025-09-27 16:27:19,325 - __main__ - INFO -    Success Rate: 38.0%
2025-09-27 16:27:19,325 - __main__ - INFO -    Average Length: 239.4
2025-09-27 16:27:19,325 - __main__ - INFO -    Average Coverage: 79.1 positions
2025-09-27 16:27:19,325 - __main__ - INFO -    Episode Completions: 19 terminated (38.0%), 31 truncated (62.0%)
2025-09-27 16:27:19,325 - __main__ - INFO - 📈 Total Evaluation Statistics:
2025-09-27 16:27:19,326 - __main__ - INFO -    Total Episodes: 800
2025-09-27 16:27:19,326 - __main__ - INFO -    Total Average Return: 0.127 ± 0.640
2025-09-27 16:27:19,326 - __main__ - INFO -    Total Average Length: 226.6 ± 103.1
2025-09-27 16:27:19,326 - __main__ - INFO -    Total Completions: 333 terminated (41.6%), 467 truncated (58.4%)
2025-09-27 16:27:19,326 - __main__ - INFO -    Skill Entropy: 0.019
2025-09-27 16:27:19,326 - __main__ - INFO -    Used Skills: 1.0
2025-09-27 16:27:19,326 - __main__ - INFO -    Effective K: 1.03
2025-09-27 16:27:19,326 - __main__ - INFO - 🎯 Action Usage Statistics:
2025-09-27 16:27:19,327 - __main__ - INFO -    Unique actions in evaluation: 8
2025-09-27 16:27:19,327 - __main__ - INFO -    Unique actions in training: 8
2025-09-27 16:27:19,327 - __main__ - INFO -    Total unique actions: 8
2025-09-27 16:27:19,327 - __main__ - INFO -    Action coverage: 6.6%
2025-09-27 16:27:19,327 - __main__ - INFO -    Train action count: 160768
2025-09-27 16:27:19,327 - __main__ - INFO -    Eval action count: 181278
2025-09-27 16:27:19,327 - __main__ - INFO -    Train action entropy: 2.068
2025-09-27 16:27:19,328 - __main__ - INFO -    Eval action entropy: 2.068
2025-09-27 16:27:19,328 - __main__ - INFO -    Top 3 train actions: #3(24443), #1(23297), #2(22468)
2025-09-27 16:27:19,328 - __main__ - INFO -    Top 3 eval actions: #3(28244), #1(26023), #2(25482)
2025-09-27 16:27:21,640 - __main__ - INFO - 📊 Episodes completed this rollout: 6
2025-09-27 16:27:21,640 - __main__ - INFO - 📈 Episode stats: avg return = 0.08, avg length = 218.0
2025-09-27 16:27:21,640 - __main__ - INFO - 🎯 Top 3 training actions: #3(24595), #1(23476), #2(22606)
2025-09-27 16:27:27,314 - __main__ - INFO - 📊 Episodes completed this rollout: 2
2025-09-27 16:27:27,314 - __main__ - INFO - 📈 Episode stats: avg return = 0.87, avg length = 170.5
2025-09-27 16:27:27,315 - __main__ - INFO - 🎯 Top 3 training actions: #3(24728), #1(23646), #2(22745)
2025-09-27 16:27:29,646 - __main__ - INFO - 🔄 Synchronized model update at step 162,816
2025-09-27 16:27:29,647 - __main__ - INFO -    HMM interval: 12,000, VAE interval: 12,000
2025-09-27 16:27:29,648 - __main__ - INFO - 🚫 Model training masking: 1296/12288 timesteps masked (10.5%) due to negative rewards (invalid actions)
2025-09-27 16:27:30,195 - __main__ - INFO - 🔄 Capping HMM batch size from 775 to 128 to prevent OOM
2025-09-27 16:27:30,196 - __main__ - INFO - 🔄 HMM refresh starting at step 162,816 with replay size 128x76
2025-09-27 16:27:35,545 - __main__ - DEBUG - Initial ELBO: 22226.0211
2025-09-27 16:27:35,549 - __main__ - DEBUG - Relative tol: 0.0100
2025-09-27 16:27:35,549 - __main__ - DEBUG - Relative elbo_drop_tol: 0.0100
2025-09-27 16:27:35,549 - __main__ - DEBUG - - Init -334.9727
2025-09-27 16:27:35,549 - __main__ - DEBUG - - Trans -26.0358
2025-09-27 16:27:35,549 - __main__ - DEBUG - - Emit 27825.5478
2025-09-27 16:27:35,549 - __main__ - DEBUG - - Entropy 0.0004
2025-09-27 16:27:35,549 - __main__ - DEBUG - - Dir -9.6453
2025-09-27 16:27:35,549 - __main__ - DEBUG - - NIW -5212.8291
2025-09-27 16:27:35,549 - __main__ - DEBUG - - Beta prior -16.0441
2025-09-27 16:27:41,516 - __main__ - DEBUG - Iter 0: ELBO after FB: 22226.0211 (LL 27464.5396, Δ=0.0000)
2025-09-27 16:27:41,517 - __main__ - DEBUG - Blending stats with ρ_niw=0.0500, ρ_tr=0.0500.
2025-09-27 16:27:41,563 - __main__ - DEBUG - Iter 0: ELBO after NIW update: 23954.1456 (Emit LL 29800.6883, NIW term -5459.8452, Δ=1728.1245)
2025-09-27 16:27:41,608 - __main__ - DEBUG - Iter 0: ELBO after Dirichlet update: 23954.2876 (Trans LL -26.0607, Dir term -9.4785, Δ=0.1420)
2025-09-27 16:27:41,687 - __main__ - DEBUG - Iter 0: ELBO after β update: 23954.8023 (Init LL -334.4131, Dir term -9.5094, logp(β) -16.0582, Δ=0.5146)
2025-09-27 16:27:45,822 - __main__ - DEBUG - Iter 1: ELBO after FB: 23954.8023 (LL 29440.2150, Δ=0.0000)
2025-09-27 16:27:45,823 - __main__ - DEBUG - Blending stats with ρ_niw=0.0500, ρ_tr=0.0500.
2025-09-27 16:27:45,870 - __main__ - DEBUG - Iter 1: ELBO after NIW update: 23954.8023 (Emit LL 29800.6883, NIW term -5459.8452, Δ=0.0000)
2025-09-27 16:27:45,916 - __main__ - DEBUG - Iter 1: ELBO after Dirichlet update: 23954.7400 (Trans LL -26.0869, Dir term -9.5454, Δ=-0.0622)
2025-09-27 16:27:46,001 - __main__ - DEBUG - Iter 1: ELBO after β update: 23955.2552 (Init LL -333.8523, Dir term -9.5905, logp(β) -16.0587, Δ=0.5152)
2025-09-27 16:27:46,002 - __main__ - DEBUG - Early stopping: ELBO improvement 0.4530 < tolerance
2025-09-27 16:27:46,004 - __main__ - INFO -    HMM refresh complete: ELBO=16.1251, iters=0, max iters, states=40
2025-09-27 16:27:46,004 - __main__ - INFO -    ✅ HMM updated (next in 12,000 steps)
2025-09-27 16:27:46,004 - __main__ - INFO - 🔄 VAE refresh starting at step 162,816 with replay size 8x1536
2025-09-27 16:27:46,005 - __main__ - INFO -    Using span sampling (12288 timesteps, too large for full buffer)
2025-09-27 16:28:13,801 - __main__ - INFO -    VAE refresh complete: final_loss=2565.3904, avg_loss=2571.5620, steps=4/4, trend=improving, total_timesteps=12288, span_sampling=32_requested×4_steps, span_len=64
2025-09-27 16:28:13,803 - __main__ - INFO -    ✅ VAE updated (next in 12,000 steps)
2025-09-27 16:28:16,064 - __main__ - INFO - 📊 Episodes completed this rollout: 6
2025-09-27 16:28:16,064 - __main__ - INFO - 📈 Episode stats: avg return = -0.26, avg length = 300.0
2025-09-27 16:28:16,064 - __main__ - INFO - 🎯 Top 3 training actions: #3(24878), #1(23794), #2(22875)
2025-09-27 16:28:23,856 - __main__ - INFO - 📊 Episodes completed this rollout: 7
2025-09-27 16:28:23,857 - __main__ - INFO - 📈 Episode stats: avg return = 0.10, avg length = 254.0
2025-09-27 16:28:23,857 - __main__ - INFO - 🎯 Top 3 training actions: #3(25162), #1(24066), #2(23159)
2025-09-27 16:28:27,686 - __main__ - INFO - 📊 Episodes completed this rollout: 4
2025-09-27 16:28:27,686 - __main__ - INFO - 📈 Episode stats: avg return = 0.21, avg length = 179.8
2025-09-27 16:28:27,686 - __main__ - INFO - 🎯 Top 3 training actions: #3(25319), #1(24215), #2(23296)
2025-09-27 16:28:31,530 - __main__ - INFO - 📊 Episodes completed this rollout: 6
2025-09-27 16:28:31,530 - __main__ - INFO - 📈 Episode stats: avg return = 0.19, avg length = 264.5
2025-09-27 16:28:31,531 - __main__ - INFO - 🎯 Top 3 training actions: #3(25471), #1(24365), #2(23433)
2025-09-27 16:28:35,326 - __main__ - INFO - 📊 Episodes completed this rollout: 4
2025-09-27 16:28:35,327 - __main__ - INFO - 📈 Episode stats: avg return = 0.60, avg length = 212.8
2025-09-27 16:28:35,327 - __main__ - INFO - 🎯 Top 3 training actions: #3(25625), #1(24502), #2(23560)
2025-09-27 16:28:39,136 - __main__ - INFO - 📊 Episodes completed this rollout: 8
2025-09-27 16:28:39,137 - __main__ - INFO - 📈 Episode stats: avg return = 0.58, avg length = 149.6
2025-09-27 16:28:39,137 - __main__ - INFO - 🎯 Top 3 training actions: #3(25781), #1(24650), #2(23691)
2025-09-27 16:28:42,895 - __main__ - INFO - 📊 Episodes completed this rollout: 2
2025-09-27 16:28:42,896 - __main__ - INFO - 📈 Episode stats: avg return = -0.24, avg length = 300.0
2025-09-27 16:28:42,896 - __main__ - INFO - 🎯 Top 3 training actions: #3(25951), #1(24815), #2(23816)
2025-09-27 16:28:44,494 - __main__ - INFO - 🧪 Starting evaluation with 50 episodes...
2025-09-27 16:28:44,494 - __main__ - INFO -    Eval seed: 51
2025-09-27 16:28:44,494 - __main__ - INFO -    Max episode steps (eval): env default
2025-09-27 16:28:44,496 - nle.env.base - INFO - Not saving any NLE data.
2025-09-27 16:28:46,088 - __main__ - DEBUG - 🎯 Eval HMM masking: step 150 masked due to negative reward
2025-09-27 16:28:46,597 - __main__ - DEBUG - 🎯 Eval HMM masking: step 200 masked due to negative reward
2025-09-27 16:28:47,613 - __main__ - WARNING - ⚠️ Episode 1 terminated due to step limit.
2025-09-27 16:28:50,339 - __main__ - DEBUG - 🎯 Eval HMM masking: step 250 masked due to negative reward
2025-09-27 16:28:50,849 - __main__ - WARNING - ⚠️ Episode 2 terminated due to step limit.
2025-09-27 16:28:54,086 - __main__ - WARNING - ⚠️ Episode 3 terminated due to step limit.
2025-09-27 16:28:59,254 - __main__ - WARNING - ⚠️ Episode 5 terminated due to step limit.
2025-09-27 16:29:02,484 - __main__ - WARNING - ⚠️ Episode 6 terminated due to step limit.
2025-09-27 16:29:04,087 - __main__ - DEBUG - 🎯 Eval HMM masking: step 100 masked due to negative reward
2025-09-27 16:29:07,687 - __main__ - WARNING - ⚠️ Episode 9 terminated due to step limit.
2025-09-27 16:29:10,929 - __main__ - WARNING - ⚠️ Episode 10 terminated due to step limit.
2025-09-27 16:29:16,165 - __main__ - WARNING - ⚠️ Episode 14 terminated due to step limit.
2025-09-27 16:29:17,358 - __main__ - DEBUG - 🎯 Eval HMM masking: step 100 masked due to negative reward
2025-09-27 16:29:19,421 - __main__ - WARNING - ⚠️ Episode 15 terminated due to step limit.
2025-09-27 16:29:23,041 - __main__ - WARNING - ⚠️ Episode 17 terminated due to step limit.
2025-09-27 16:29:27,453 - __main__ - WARNING - ⚠️ Episode 19 terminated due to step limit.
2025-09-27 16:29:30,682 - __main__ - WARNING - ⚠️ Episode 20 terminated due to step limit.
2025-09-27 16:29:33,410 - __main__ - DEBUG - 🎯 Eval HMM masking: step 250 masked due to negative reward
2025-09-27 16:29:33,915 - __main__ - WARNING - ⚠️ Episode 21 terminated due to step limit.
2025-09-27 16:29:37,947 - __main__ - DEBUG - 🎯 Eval HMM masking: step 250 masked due to negative reward
2025-09-27 16:29:38,457 - __main__ - WARNING - ⚠️ Episode 23 terminated due to step limit.
2025-09-27 16:29:39,131 - __main__ - DEBUG - 🎯 Eval HMM masking: step 50 masked due to negative reward
2025-09-27 16:29:44,280 - __main__ - WARNING - ⚠️ Episode 25 terminated due to step limit.
2025-09-27 16:29:46,495 - __main__ - DEBUG - 🎯 Eval HMM masking: step 200 masked due to negative reward
2025-09-27 16:29:47,512 - __main__ - WARNING - ⚠️ Episode 26 terminated due to step limit.
2025-09-27 16:29:49,727 - __main__ - DEBUG - 🎯 Eval HMM masking: step 200 masked due to negative reward
2025-09-27 16:29:50,751 - __main__ - WARNING - ⚠️ Episode 27 terminated due to step limit.
2025-09-27 16:29:54,727 - __main__ - WARNING - ⚠️ Episode 29 terminated due to step limit.
2025-09-27 16:29:59,276 - __main__ - WARNING - ⚠️ Episode 32 terminated due to step limit.
2025-09-27 16:30:02,517 - __main__ - WARNING - ⚠️ Episode 33 terminated due to step limit.
2025-09-27 16:30:04,734 - __main__ - DEBUG - 🎯 Eval HMM masking: step 200 masked due to negative reward
2025-09-27 16:30:05,253 - __main__ - DEBUG - 🎯 Eval HMM masking: step 250 masked due to negative reward
2025-09-27 16:30:05,761 - __main__ - WARNING - ⚠️ Episode 34 terminated due to step limit.
2025-09-27 16:30:08,987 - __main__ - WARNING - ⚠️ Episode 35 terminated due to step limit.
2025-09-27 16:30:12,196 - __main__ - DEBUG - 🎯 Eval HMM masking: step 200 masked due to negative reward
2025-09-27 16:30:13,220 - __main__ - WARNING - ⚠️ Episode 37 terminated due to step limit.
2025-09-27 16:30:16,453 - __main__ - WARNING - ⚠️ Episode 38 terminated due to step limit.
2025-09-27 16:30:19,682 - __main__ - WARNING - ⚠️ Episode 39 terminated due to step limit.
2025-09-27 16:30:22,917 - __main__ - WARNING - ⚠️ Episode 40 terminated due to step limit.
2025-09-27 16:30:24,616 - __main__ - DEBUG - 🎯 Eval HMM masking: step 150 masked due to negative reward
2025-09-27 16:30:26,153 - __main__ - WARNING - ⚠️ Episode 41 terminated due to step limit.
2025-09-27 16:30:28,371 - __main__ - DEBUG - 🎯 Eval HMM masking: step 200 masked due to negative reward
2025-09-27 16:30:29,399 - __main__ - WARNING - ⚠️ Episode 42 terminated due to step limit.
2025-09-27 16:30:32,627 - __main__ - WARNING - ⚠️ Episode 43 terminated due to step limit.
2025-09-27 16:30:34,868 - __main__ - DEBUG - 🎯 Eval HMM masking: step 200 masked due to negative reward
2025-09-27 16:30:35,886 - __main__ - WARNING - ⚠️ Episode 44 terminated due to step limit.
2025-09-27 16:30:39,120 - __main__ - WARNING - ⚠️ Episode 45 terminated due to step limit.
2025-09-27 16:30:42,351 - __main__ - WARNING - ⚠️ Episode 46 terminated due to step limit.
2025-09-27 16:30:47,474 - __main__ - DEBUG - 🎯 Eval HMM masking: step 250 masked due to negative reward
2025-09-27 16:30:47,981 - __main__ - WARNING - ⚠️ Episode 48 terminated due to step limit.
2025-09-27 16:30:51,204 - __main__ - WARNING - ⚠️ Episode 49 terminated due to step limit.
2025-09-27 16:30:51,754 - __main__ - INFO - 📊 Evaluation Results (Current Round):
2025-09-27 16:30:51,755 - __main__ - INFO -    Episodes: 50
2025-09-27 16:30:51,755 - __main__ - INFO -    Time: 127.3s (2.5s/ep)
2025-09-27 16:30:51,755 - __main__ - INFO -    Average Return: 0.057 ± 0.575
2025-09-27 16:30:51,755 - __main__ - INFO -    Success Rate: 32.0%
2025-09-27 16:30:51,755 - __main__ - INFO -    Average Length: 235.7
2025-09-27 16:30:51,755 - __main__ - INFO -    Average Coverage: 83.7 positions
2025-09-27 16:30:51,755 - __main__ - INFO -    Episode Completions: 16 terminated (32.0%), 34 truncated (68.0%)
2025-09-27 16:30:51,755 - __main__ - INFO - 📈 Total Evaluation Statistics:
2025-09-27 16:30:51,755 - __main__ - INFO -    Total Episodes: 850
2025-09-27 16:30:51,755 - __main__ - INFO -    Total Average Return: 0.123 ± 0.636
2025-09-27 16:30:51,756 - __main__ - INFO -    Total Average Length: 227.1 ± 103.0
2025-09-27 16:30:51,756 - __main__ - INFO -    Total Completions: 349 terminated (41.1%), 501 truncated (58.9%)
2025-09-27 16:30:51,756 - __main__ - INFO -    Skill Entropy: 0.020
2025-09-27 16:30:51,756 - __main__ - INFO -    Used Skills: 1.0
2025-09-27 16:30:51,756 - __main__ - INFO -    Effective K: 1.03
2025-09-27 16:30:51,756 - __main__ - INFO - 🎯 Action Usage Statistics:
2025-09-27 16:30:51,756 - __main__ - INFO -    Unique actions in evaluation: 8
2025-09-27 16:30:51,756 - __main__ - INFO -    Unique actions in training: 8
2025-09-27 16:30:51,756 - __main__ - INFO -    Total unique actions: 8
2025-09-27 16:30:51,756 - __main__ - INFO -    Action coverage: 6.6%
2025-09-27 16:30:51,756 - __main__ - INFO -    Train action count: 171008
2025-09-27 16:30:51,756 - __main__ - INFO -    Eval action count: 193065
2025-09-27 16:30:51,757 - __main__ - INFO -    Train action entropy: 2.068
2025-09-27 16:30:51,757 - __main__ - INFO -    Eval action entropy: 2.069
2025-09-27 16:30:51,757 - __main__ - INFO -    Top 3 train actions: #3(25951), #1(24815), #2(23816)
2025-09-27 16:30:51,758 - __main__ - INFO -    Top 3 eval actions: #3(30052), #1(27755), #2(27000)
2025-09-27 16:30:53,950 - __main__ - INFO - 📊 Episodes completed this rollout: 5
2025-09-27 16:30:53,950 - __main__ - INFO - 📈 Episode stats: avg return = -0.06, avg length = 278.4
2025-09-27 16:30:53,950 - __main__ - INFO - 🎯 Top 3 training actions: #3(26098), #1(24976), #2(23956)
2025-09-27 16:30:57,873 - __main__ - INFO - 📊 Episodes completed this rollout: 4
2025-09-27 16:30:57,874 - __main__ - INFO - 📈 Episode stats: avg return = 0.29, avg length = 210.0
2025-09-27 16:30:57,874 - __main__ - INFO - 🎯 Top 3 training actions: #3(26253), #1(25118), #2(24074)
2025-09-27 16:31:01,606 - __main__ - INFO - 📊 Episodes completed this rollout: 1
2025-09-27 16:31:01,606 - __main__ - INFO - 📈 Episode stats: avg return = 0.66, avg length = 296.0
2025-09-27 16:31:01,606 - __main__ - INFO - 🎯 Top 3 training actions: #3(26402), #1(25302), #2(24201)
2025-09-27 16:31:05,587 - __main__ - INFO - 📊 Episodes completed this rollout: 5
2025-09-27 16:31:05,588 - __main__ - INFO - 📈 Episode stats: avg return = -0.25, avg length = 300.0
2025-09-27 16:31:05,588 - __main__ - INFO - 🎯 Top 3 training actions: #3(26543), #1(25469), #2(24330)
2025-09-27 16:31:07,577 - __main__ - INFO - 🔄 Synchronized model update at step 175,104
2025-09-27 16:31:07,578 - __main__ - INFO -    HMM interval: 12,000, VAE interval: 12,000
2025-09-27 16:31:07,579 - __main__ - INFO - 🚫 Model training masking: 1224/12288 timesteps masked (10.0%) due to negative rewards (invalid actions)
2025-09-27 16:31:08,075 - __main__ - INFO - 🔄 Capping HMM batch size from 738 to 128 to prevent OOM
2025-09-27 16:31:08,076 - __main__ - INFO - 🔄 HMM refresh starting at step 175,104 with replay size 128x108
2025-09-27 16:31:14,191 - __main__ - DEBUG - Initial ELBO: 19845.9268
2025-09-27 16:31:14,200 - __main__ - DEBUG - Relative tol: 0.0100
2025-09-27 16:31:14,200 - __main__ - DEBUG - Relative elbo_drop_tol: 0.0100
2025-09-27 16:31:14,201 - __main__ - DEBUG - - Init -333.8523
2025-09-27 16:31:14,201 - __main__ - DEBUG - - Trans -23.8514
2025-09-27 16:31:14,201 - __main__ - DEBUG - - Emit 25689.1242
2025-09-27 16:31:14,202 - __main__ - DEBUG - - Entropy 0.0006
2025-09-27 16:31:14,202 - __main__ - DEBUG - - Dir -9.5905
2025-09-27 16:31:14,202 - __main__ - DEBUG - - NIW -5459.8452
2025-09-27 16:31:14,202 - __main__ - DEBUG - - Beta prior -16.0587
2025-09-27 16:31:20,646 - __main__ - DEBUG - Iter 0: ELBO after FB: 19845.9268 (LL 25331.4212, Δ=0.0000)
2025-09-27 16:31:20,647 - __main__ - DEBUG - Blending stats with ρ_niw=0.0500, ρ_tr=0.0500.
2025-09-27 16:31:20,694 - __main__ - DEBUG - Iter 0: ELBO after NIW update: 21606.6996 (Emit LL 27662.1602, NIW term -5672.1084, Δ=1760.7728)
2025-09-27 16:31:20,741 - __main__ - DEBUG - Iter 0: ELBO after Dirichlet update: 21606.8562 (Trans LL -23.9132, Dir term -9.3721, Δ=0.1566)
2025-09-27 16:31:20,813 - __main__ - DEBUG - Iter 0: ELBO after β update: 21607.3855 (Init LL -333.2946, Dir term -9.3861, logp(β) -16.0730, Δ=0.5294)
2025-09-27 16:31:26,303 - __main__ - DEBUG - Iter 1: ELBO after FB: 21607.3855 (LL 27304.9530, Δ=0.0000)
2025-09-27 16:31:26,304 - __main__ - DEBUG - Blending stats with ρ_niw=0.0500, ρ_tr=0.0500.
2025-09-27 16:31:26,350 - __main__ - DEBUG - Iter 1: ELBO after NIW update: 21607.3855 (Emit LL 27662.1602, NIW term -5672.1084, Δ=0.0000)
2025-09-27 16:31:26,397 - __main__ - DEBUG - Iter 1: ELBO after Dirichlet update: 21607.3017 (Trans LL -23.9372, Dir term -9.4460, Δ=-0.0839)
2025-09-27 16:31:26,479 - __main__ - DEBUG - Iter 1: ELBO after β update: 21607.7971 (Init LL -332.7332, Dir term -9.5132, logp(β) -16.0717, Δ=0.4954)
2025-09-27 16:31:26,480 - __main__ - DEBUG - Early stopping: ELBO improvement 0.4116 < tolerance
2025-09-27 16:31:26,481 - __main__ - INFO -    HMM refresh complete: ELBO=644.1918, iters=0, max iters, states=40
2025-09-27 16:31:26,481 - __main__ - INFO -    ✅ HMM updated (next in 12,000 steps)
2025-09-27 16:31:26,482 - __main__ - INFO - 🔄 VAE refresh starting at step 175,104 with replay size 8x1536
2025-09-27 16:31:26,482 - __main__ - INFO -    Using span sampling (12288 timesteps, too large for full buffer)
2025-09-27 16:31:52,955 - __main__ - INFO -    VAE refresh complete: final_loss=2553.1003, avg_loss=2556.5939, steps=4/4, trend=improving, total_timesteps=12288, span_sampling=32_requested×4_steps, span_len=64
2025-09-27 16:31:52,958 - __main__ - INFO -    ✅ VAE updated (next in 12,000 steps)
2025-09-27 16:31:55,134 - __main__ - INFO - 📊 Episodes completed this rollout: 3
2025-09-27 16:31:55,134 - __main__ - INFO - 📈 Episode stats: avg return = -0.29, avg length = 300.0
2025-09-27 16:31:55,134 - __main__ - INFO - 🎯 Top 3 training actions: #3(26699), #1(25606), #2(24471)
2025-09-27 16:31:58,970 - __main__ - INFO - 📊 Episodes completed this rollout: 8
2025-09-27 16:31:58,970 - __main__ - INFO - 📈 Episode stats: avg return = 0.24, avg length = 203.8
2025-09-27 16:31:58,971 - __main__ - INFO - 🎯 Top 3 training actions: #3(26854), #1(25734), #2(24614)
2025-09-27 16:32:02,782 - __main__ - INFO - 📊 Episodes completed this rollout: 7
2025-09-27 16:32:02,783 - __main__ - INFO - 📈 Episode stats: avg return = 0.68, avg length = 152.1
2025-09-27 16:32:02,783 - __main__ - INFO - 🎯 Top 3 training actions: #3(27027), #1(25893), #2(24741)
2025-09-27 16:32:06,570 - __main__ - INFO - 📊 Episodes completed this rollout: 5
2025-09-27 16:32:06,570 - __main__ - INFO - 📈 Episode stats: avg return = 0.82, avg length = 165.6
2025-09-27 16:32:06,570 - __main__ - INFO - 🎯 Top 3 training actions: #3(27162), #1(26048), #2(24881)
2025-09-27 16:32:10,343 - __main__ - INFO - 📊 Episodes completed this rollout: 2
2025-09-27 16:32:10,343 - __main__ - INFO - 📈 Episode stats: avg return = 0.20, avg length = 229.0
2025-09-27 16:32:10,343 - __main__ - INFO - 🎯 Top 3 training actions: #3(27300), #1(26207), #2(25009)
2025-09-27 16:32:11,961 - __main__ - INFO - 🧪 Starting evaluation with 50 episodes...
2025-09-27 16:32:11,961 - __main__ - INFO -    Eval seed: 51
2025-09-27 16:32:11,961 - __main__ - INFO -    Max episode steps (eval): env default
2025-09-27 16:32:11,962 - nle.env.base - INFO - Not saving any NLE data.
2025-09-27 16:32:15,416 - __main__ - DEBUG - 🎯 Eval HMM masking: step 200 masked due to negative reward
2025-09-27 16:32:16,448 - __main__ - WARNING - ⚠️ Episode 2 terminated due to step limit.
2025-09-27 16:32:19,724 - __main__ - WARNING - ⚠️ Episode 3 terminated due to step limit.
2025-09-27 16:32:21,972 - __main__ - DEBUG - 🎯 Eval HMM masking: step 200 masked due to negative reward
2025-09-27 16:32:23,004 - __main__ - WARNING - ⚠️ Episode 4 terminated due to step limit.
2025-09-27 16:32:26,284 - __main__ - WARNING - ⚠️ Episode 5 terminated due to step limit.
2025-09-27 16:32:32,197 - __main__ - DEBUG - 🎯 Eval HMM masking: step 150 masked due to negative reward
2025-09-27 16:32:33,757 - __main__ - WARNING - ⚠️ Episode 8 terminated due to step limit.
2025-09-27 16:32:34,441 - __main__ - DEBUG - 🎯 Eval HMM masking: step 50 masked due to negative reward
2025-09-27 16:32:36,529 - __main__ - DEBUG - 🎯 Eval HMM masking: step 250 masked due to negative reward
2025-09-27 16:32:37,695 - __main__ - DEBUG - 🎯 Eval HMM masking: step 50 masked due to negative reward
2025-09-27 16:32:38,218 - __main__ - DEBUG - 🎯 Eval HMM masking: step 100 masked due to negative reward
2025-09-27 16:32:40,296 - __main__ - WARNING - ⚠️ Episode 10 terminated due to step limit.
2025-09-27 16:32:40,983 - __main__ - DEBUG - 🎯 Eval HMM masking: step 50 masked due to negative reward
2025-09-27 16:32:48,045 - __main__ - WARNING - ⚠️ Episode 13 terminated due to step limit.
2025-09-27 16:32:49,769 - __main__ - DEBUG - 🎯 Eval HMM masking: step 150 masked due to negative reward
2025-09-27 16:32:51,321 - __main__ - WARNING - ⚠️ Episode 14 terminated due to step limit.
2025-09-27 16:32:54,602 - __main__ - WARNING - ⚠️ Episode 15 terminated due to step limit.
2025-09-27 16:32:55,803 - __main__ - DEBUG - 🎯 Eval HMM masking: step 100 masked due to negative reward
2025-09-27 16:32:56,323 - __main__ - DEBUG - 🎯 Eval HMM masking: step 150 masked due to negative reward
2025-09-27 16:33:06,183 - __main__ - WARNING - ⚠️ Episode 19 terminated due to step limit.
2025-09-27 16:33:09,465 - __main__ - WARNING - ⚠️ Episode 20 terminated due to step limit.
2025-09-27 16:33:11,187 - __main__ - DEBUG - 🎯 Eval HMM masking: step 150 masked due to negative reward
2025-09-27 16:33:12,740 - __main__ - WARNING - ⚠️ Episode 21 terminated due to step limit.
2025-09-27 16:33:13,939 - __main__ - DEBUG - 🎯 Eval HMM masking: step 100 masked due to negative reward
2025-09-27 16:33:16,004 - __main__ - WARNING - ⚠️ Episode 22 terminated due to step limit.
2025-09-27 16:33:19,310 - __main__ - WARNING - ⚠️ Episode 23 terminated due to step limit.
2025-09-27 16:33:26,049 - __main__ - DEBUG - 🎯 Eval HMM masking: step 100 masked due to negative reward
2025-09-27 16:33:27,091 - __main__ - DEBUG - 🎯 Eval HMM masking: step 200 masked due to negative reward
2025-09-27 16:33:28,124 - __main__ - WARNING - ⚠️ Episode 28 terminated due to step limit.
2025-09-27 16:33:33,697 - __main__ - DEBUG - 🎯 Eval HMM masking: step 100 masked due to negative reward
2025-09-27 16:33:35,795 - __main__ - WARNING - ⚠️ Episode 32 terminated due to step limit.
2025-09-27 16:33:39,960 - __main__ - DEBUG - 🎯 Eval HMM masking: step 150 masked due to negative reward
2025-09-27 16:33:41,519 - __main__ - WARNING - ⚠️ Episode 34 terminated due to step limit.
2025-09-27 16:33:42,723 - __main__ - DEBUG - 🎯 Eval HMM masking: step 100 masked due to negative reward
2025-09-27 16:33:43,243 - __main__ - DEBUG - 🎯 Eval HMM masking: step 150 masked due to negative reward
2025-09-27 16:33:44,796 - __main__ - WARNING - ⚠️ Episode 35 terminated due to step limit.
2025-09-27 16:33:47,579 - __main__ - DEBUG - 🎯 Eval HMM masking: step 250 masked due to negative reward
2025-09-27 16:33:48,097 - __main__ - WARNING - ⚠️ Episode 36 terminated due to step limit.
2025-09-27 16:33:51,602 - __main__ - WARNING - ⚠️ Episode 38 terminated due to step limit.
2025-09-27 16:33:57,322 - __main__ - WARNING - ⚠️ Episode 40 terminated due to step limit.
2025-09-27 16:33:58,527 - __main__ - DEBUG - 🎯 Eval HMM masking: step 100 masked due to negative reward
2025-09-27 16:34:04,866 - __main__ - DEBUG - 🎯 Eval HMM masking: step 250 masked due to negative reward
2025-09-27 16:34:05,376 - __main__ - WARNING - ⚠️ Episode 43 terminated due to step limit.
2025-09-27 16:34:08,144 - __main__ - DEBUG - 🎯 Eval HMM masking: step 250 masked due to negative reward
2025-09-27 16:34:08,658 - __main__ - WARNING - ⚠️ Episode 44 terminated due to step limit.
2025-09-27 16:34:13,115 - __main__ - WARNING - ⚠️ Episode 46 terminated due to step limit.
2025-09-27 16:34:16,399 - __main__ - WARNING - ⚠️ Episode 47 terminated due to step limit.
2025-09-27 16:34:19,698 - __main__ - WARNING - ⚠️ Episode 48 terminated due to step limit.
2025-09-27 16:34:20,386 - __main__ - DEBUG - 🎯 Eval HMM masking: step 50 masked due to negative reward
2025-09-27 16:34:22,990 - __main__ - WARNING - ⚠️ Episode 49 terminated due to step limit.
2025-09-27 16:34:26,271 - __main__ - WARNING - ⚠️ Episode 50 terminated due to step limit.
2025-09-27 16:34:26,421 - __main__ - INFO - 📊 Evaluation Results (Current Round):
2025-09-27 16:34:26,421 - __main__ - INFO -    Episodes: 50
2025-09-27 16:34:26,421 - __main__ - INFO -    Time: 134.5s (2.7s/ep)
2025-09-27 16:34:26,421 - __main__ - INFO -    Average Return: 0.156 ± 0.602
2025-09-27 16:34:26,421 - __main__ - INFO -    Success Rate: 44.0%
2025-09-27 16:34:26,422 - __main__ - INFO -    Average Length: 245.4
2025-09-27 16:34:26,422 - __main__ - INFO -    Average Coverage: 84.4 positions
2025-09-27 16:34:26,422 - __main__ - INFO -    Episode Completions: 22 terminated (44.0%), 28 truncated (56.0%)
2025-09-27 16:34:26,422 - __main__ - INFO - 📈 Total Evaluation Statistics:
2025-09-27 16:34:26,422 - __main__ - INFO -    Total Episodes: 900
2025-09-27 16:34:26,422 - __main__ - INFO -    Total Average Return: 0.125 ± 0.635
2025-09-27 16:34:26,422 - __main__ - INFO -    Total Average Length: 228.1 ± 102.2
2025-09-27 16:34:26,422 - __main__ - INFO -    Total Completions: 371 terminated (41.2%), 529 truncated (58.8%)
2025-09-27 16:34:26,422 - __main__ - INFO -    Skill Entropy: 0.020
2025-09-27 16:34:26,422 - __main__ - INFO -    Used Skills: 1.0
2025-09-27 16:34:26,422 - __main__ - INFO -    Effective K: 1.03
2025-09-27 16:34:26,422 - __main__ - INFO - 🎯 Action Usage Statistics:
2025-09-27 16:34:26,423 - __main__ - INFO -    Unique actions in evaluation: 8
2025-09-27 16:34:26,423 - __main__ - INFO -    Unique actions in training: 8
2025-09-27 16:34:26,423 - __main__ - INFO -    Total unique actions: 8
2025-09-27 16:34:26,423 - __main__ - INFO -    Action coverage: 6.6%
2025-09-27 16:34:26,423 - __main__ - INFO -    Train action count: 180224
2025-09-27 16:34:26,423 - __main__ - INFO -    Eval action count: 205333
2025-09-27 16:34:26,423 - __main__ - INFO -    Train action entropy: 2.069
2025-09-27 16:34:26,424 - __main__ - INFO -    Eval action entropy: 2.069
2025-09-27 16:34:26,424 - __main__ - INFO -    Top 3 train actions: #3(27300), #1(26207), #2(25009)
2025-09-27 16:34:26,424 - __main__ - INFO -    Top 3 eval actions: #3(31811), #1(29545), #2(28580)
2025-09-27 16:34:28,651 - __main__ - INFO - 📊 Episodes completed this rollout: 5
2025-09-27 16:34:28,651 - __main__ - INFO - 📈 Episode stats: avg return = 0.01, avg length = 262.2
2025-09-27 16:34:28,651 - __main__ - INFO - 🎯 Top 3 training actions: #3(27453), #1(26365), #2(25137)
2025-09-27 16:34:32,482 - __main__ - INFO - 📊 Episodes completed this rollout: 4
2025-09-27 16:34:32,482 - __main__ - INFO - 📈 Episode stats: avg return = 0.06, avg length = 272.8
2025-09-27 16:34:32,483 - __main__ - INFO - 🎯 Top 3 training actions: #3(27607), #1(26520), #2(25263)
2025-09-27 16:34:36,277 - __main__ - INFO - 📊 Episodes completed this rollout: 3
2025-09-27 16:34:36,277 - __main__ - INFO - 📈 Episode stats: avg return = -0.42, avg length = 300.0
2025-09-27 16:34:36,277 - __main__ - INFO - 🎯 Top 3 training actions: #3(27752), #1(26693), #2(25380)
2025-09-27 16:34:40,242 - __main__ - INFO - 📊 Episodes completed this rollout: 5
2025-09-27 16:34:40,242 - __main__ - INFO - 📈 Episode stats: avg return = 0.34, avg length = 208.4
2025-09-27 16:34:40,242 - __main__ - INFO - 🎯 Top 3 training actions: #3(27897), #1(26838), #2(25515)
2025-09-27 16:34:44,051 - __main__ - INFO - 📊 Episodes completed this rollout: 5
2025-09-27 16:34:44,051 - __main__ - INFO - 📈 Episode stats: avg return = 0.27, avg length = 203.8
2025-09-27 16:34:44,051 - __main__ - INFO - 🎯 Top 3 training actions: #3(28043), #1(27002), #2(25638)
2025-09-27 16:34:47,864 - __main__ - INFO - 📊 Episodes completed this rollout: 5
2025-09-27 16:34:47,864 - __main__ - INFO - 📈 Episode stats: avg return = 0.09, avg length = 246.0
2025-09-27 16:34:47,864 - __main__ - INFO - 🎯 Top 3 training actions: #3(28191), #1(27160), #2(25745)
2025-09-27 16:34:51,714 - __main__ - INFO - 📊 Episodes completed this rollout: 5
2025-09-27 16:34:51,715 - __main__ - INFO - 📈 Episode stats: avg return = 0.20, avg length = 219.6
2025-09-27 16:34:51,715 - __main__ - INFO - 🎯 Top 3 training actions: #3(28331), #1(27312), #2(25897)
2025-09-27 16:34:53,318 - __main__ - INFO - 🔄 Synchronized model update at step 187,392
2025-09-27 16:34:53,319 - __main__ - INFO -    HMM interval: 12,000, VAE interval: 12,000
2025-09-27 16:34:53,320 - __main__ - INFO - 🚫 Model training masking: 1176/12288 timesteps masked (9.6%) due to negative rewards (invalid actions)
2025-09-27 16:34:53,725 - __main__ - INFO - 🔄 Capping HMM batch size from 870 to 128 to prevent OOM
2025-09-27 16:34:53,726 - __main__ - INFO - 🔄 HMM refresh starting at step 187,392 with replay size 128x77
2025-09-27 16:34:57,449 - __main__ - DEBUG - Initial ELBO: 21688.1279
2025-09-27 16:34:57,452 - __main__ - DEBUG - Relative tol: 0.0100
2025-09-27 16:34:57,453 - __main__ - DEBUG - Relative elbo_drop_tol: 0.0100
2025-09-27 16:34:57,453 - __main__ - DEBUG - - Init -332.7332
2025-09-27 16:34:57,453 - __main__ - DEBUG - - Trans -25.7284
2025-09-27 16:34:57,453 - __main__ - DEBUG - - Emit 27744.2824
2025-09-27 16:34:57,453 - __main__ - DEBUG - - Entropy 0.0004
2025-09-27 16:34:57,453 - __main__ - DEBUG - - Dir -9.5132
2025-09-27 16:34:57,453 - __main__ - DEBUG - - NIW -5672.1084
2025-09-27 16:34:57,453 - __main__ - DEBUG - - Beta prior -16.0717
2025-09-27 16:35:01,453 - __main__ - DEBUG - Iter 0: ELBO after FB: 21688.1279 (LL 27385.8212, Δ=0.0000)
2025-09-27 16:35:01,454 - __main__ - DEBUG - Blending stats with ρ_niw=0.0500, ρ_tr=0.0500.
2025-09-27 16:35:01,499 - __main__ - DEBUG - Iter 0: ELBO after NIW update: 23912.5217 (Emit LL 30213.8666, NIW term -5917.2988, Δ=2224.3937)
2025-09-27 16:35:01,544 - __main__ - DEBUG - Iter 0: ELBO after Dirichlet update: 23912.7053 (Trans LL -25.7555, Dir term -9.3025, Δ=0.1836)
2025-09-27 16:35:01,607 - __main__ - DEBUG - Iter 0: ELBO after β update: 23913.2351 (Init LL -332.1773, Dir term -9.3142, logp(β) -16.0861, Δ=0.5299)
2025-09-27 16:35:05,606 - __main__ - DEBUG - Iter 1: ELBO after FB: 23913.2351 (LL 29855.9342, Δ=0.0000)
2025-09-27 16:35:05,607 - __main__ - DEBUG - Blending stats with ρ_niw=0.0500, ρ_tr=0.0500.
2025-09-27 16:35:05,651 - __main__ - DEBUG - Iter 1: ELBO after NIW update: 23913.2351 (Emit LL 30213.8666, NIW term -5917.2988, Δ=0.0000)
2025-09-27 16:35:05,696 - __main__ - DEBUG - Iter 1: ELBO after Dirichlet update: 23913.1343 (Trans LL -25.7826, Dir term -9.3878, Δ=-0.1008)
2025-09-27 16:35:05,773 - __main__ - DEBUG - Iter 1: ELBO after β update: 23913.6564 (Init LL -331.6127, Dir term -9.4330, logp(β) -16.0836, Δ=0.5221)
2025-09-27 16:35:05,774 - __main__ - DEBUG - Early stopping: ELBO improvement 0.4212 < tolerance
2025-09-27 16:35:05,775 - __main__ - INFO -    HMM refresh complete: ELBO=36.1118, iters=0, max iters, states=40
2025-09-27 16:35:05,775 - __main__ - INFO -    ✅ HMM updated (next in 12,000 steps)
2025-09-27 16:35:05,775 - __main__ - INFO - 🔄 VAE refresh starting at step 187,392 with replay size 8x1536
2025-09-27 16:35:05,776 - __main__ - INFO -    Using span sampling (12288 timesteps, too large for full buffer)
2025-09-27 16:35:34,124 - __main__ - INFO -    VAE refresh complete: final_loss=2532.0513, avg_loss=2538.0371, steps=4/4, trend=improving, total_timesteps=12288, span_sampling=32_requested×4_steps, span_len=64
2025-09-27 16:35:34,127 - __main__ - INFO -    ✅ VAE updated (next in 12,000 steps)
2025-09-27 16:35:36,298 - __main__ - INFO - 📊 Episodes completed this rollout: 2
2025-09-27 16:35:36,298 - __main__ - INFO - 📈 Episode stats: avg return = -0.29, avg length = 300.0
2025-09-27 16:35:36,298 - __main__ - INFO - 🎯 Top 3 training actions: #3(28451), #1(27464), #2(26036)
2025-09-27 16:35:40,171 - __main__ - INFO - 📊 Episodes completed this rollout: 6
2025-09-27 16:35:40,172 - __main__ - INFO - 📈 Episode stats: avg return = 0.04, avg length = 266.3
2025-09-27 16:35:40,172 - __main__ - INFO - 🎯 Top 3 training actions: #3(28612), #1(27600), #2(26148)
2025-09-27 16:35:43,941 - __main__ - INFO - 📊 Episodes completed this rollout: 2
2025-09-27 16:35:43,941 - __main__ - INFO - 📈 Episode stats: avg return = 0.28, avg length = 248.0
2025-09-27 16:35:43,942 - __main__ - INFO - 🎯 Top 3 training actions: #3(28779), #1(27739), #2(26278)
2025-09-27 16:35:45,557 - __main__ - INFO - 🧪 Starting evaluation with 50 episodes...
2025-09-27 16:35:45,557 - __main__ - INFO -    Eval seed: 51
2025-09-27 16:35:45,557 - __main__ - INFO -    Max episode steps (eval): env default
2025-09-27 16:35:45,558 - nle.env.base - INFO - Not saving any NLE data.
2025-09-27 16:35:46,236 - __main__ - DEBUG - 🎯 Eval HMM masking: step 50 masked due to negative reward
2025-09-27 16:35:47,803 - __main__ - DEBUG - 🎯 Eval HMM masking: step 200 masked due to negative reward
2025-09-27 16:35:48,838 - __main__ - WARNING - ⚠️ Episode 2 terminated due to step limit.
2025-09-27 16:35:49,520 - __main__ - DEBUG - 🎯 Eval HMM masking: step 50 masked due to negative reward
2025-09-27 16:35:52,114 - __main__ - WARNING - ⚠️ Episode 3 terminated due to step limit.
2025-09-27 16:35:54,367 - __main__ - DEBUG - 🎯 Eval HMM masking: step 200 masked due to negative reward
2025-09-27 16:35:55,406 - __main__ - WARNING - ⚠️ Episode 4 terminated due to step limit.
2025-09-27 16:36:00,888 - __main__ - WARNING - ⚠️ Episode 8 terminated due to step limit.
2025-09-27 16:36:01,573 - __main__ - DEBUG - 🎯 Eval HMM masking: step 50 masked due to negative reward
2025-09-27 16:36:04,153 - __main__ - WARNING - ⚠️ Episode 9 terminated due to step limit.
2025-09-27 16:36:11,057 - __main__ - WARNING - ⚠️ Episode 12 terminated due to step limit.
2025-09-27 16:36:14,334 - __main__ - WARNING - ⚠️ Episode 13 terminated due to step limit.
2025-09-27 16:36:15,020 - __main__ - DEBUG - 🎯 Eval HMM masking: step 50 masked due to negative reward
2025-09-27 16:36:18,833 - __main__ - DEBUG - 🎯 Eval HMM masking: step 200 masked due to negative reward
2025-09-27 16:36:19,873 - __main__ - WARNING - ⚠️ Episode 15 terminated due to step limit.
2025-09-27 16:36:23,164 - __main__ - WARNING - ⚠️ Episode 16 terminated due to step limit.
2025-09-27 16:36:26,453 - __main__ - WARNING - ⚠️ Episode 17 terminated due to step limit.
2025-09-27 16:36:27,659 - __main__ - DEBUG - 🎯 Eval HMM masking: step 100 masked due to negative reward
2025-09-27 16:36:29,739 - __main__ - WARNING - ⚠️ Episode 18 terminated due to step limit.
2025-09-27 16:36:30,427 - __main__ - DEBUG - 🎯 Eval HMM masking: step 50 masked due to negative reward
2025-09-27 16:36:34,944 - __main__ - WARNING - ⚠️ Episode 20 terminated due to step limit.
2025-09-27 16:36:37,618 - __main__ - DEBUG - 🎯 Eval HMM masking: step 50 masked due to negative reward
2025-09-27 16:36:44,428 - __main__ - DEBUG - 🎯 Eval HMM masking: step 200 masked due to negative reward
2025-09-27 16:36:45,455 - __main__ - WARNING - ⚠️ Episode 25 terminated due to step limit.
2025-09-27 16:36:49,839 - __main__ - DEBUG - 🎯 Eval HMM masking: step 50 masked due to negative reward
2025-09-27 16:36:52,442 - __main__ - WARNING - ⚠️ Episode 28 terminated due to step limit.
2025-09-27 16:36:56,736 - __main__ - DEBUG - 🎯 Eval HMM masking: step 150 masked due to negative reward
2025-09-27 16:36:58,295 - __main__ - WARNING - ⚠️ Episode 31 terminated due to step limit.
2025-09-27 16:37:00,560 - __main__ - DEBUG - 🎯 Eval HMM masking: step 150 masked due to negative reward
2025-09-27 16:37:02,116 - __main__ - WARNING - ⚠️ Episode 33 terminated due to step limit.
2025-09-27 16:37:08,245 - __main__ - WARNING - ⚠️ Episode 35 terminated due to step limit.
2025-09-27 16:37:13,009 - __main__ - WARNING - ⚠️ Episode 37 terminated due to step limit.
2025-09-27 16:37:13,700 - __main__ - DEBUG - 🎯 Eval HMM masking: step 50 masked due to negative reward
2025-09-27 16:37:16,325 - __main__ - WARNING - ⚠️ Episode 38 terminated due to step limit.
2025-09-27 16:37:17,019 - __main__ - DEBUG - 🎯 Eval HMM masking: step 50 masked due to negative reward
2025-09-27 16:37:22,018 - __main__ - DEBUG - 🎯 Eval HMM masking: step 100 masked due to negative reward
2025-09-27 16:37:22,553 - __main__ - DEBUG - 🎯 Eval HMM masking: step 150 masked due to negative reward
2025-09-27 16:37:24,128 - __main__ - WARNING - ⚠️ Episode 41 terminated due to step limit.
2025-09-27 16:37:25,347 - __main__ - DEBUG - 🎯 Eval HMM masking: step 100 masked due to negative reward
2025-09-27 16:37:27,451 - __main__ - WARNING - ⚠️ Episode 42 terminated due to step limit.
2025-09-27 16:37:29,421 - __main__ - DEBUG - 🎯 Eval HMM masking: step 100 masked due to negative reward
2025-09-27 16:37:31,020 - __main__ - DEBUG - 🎯 Eval HMM masking: step 250 masked due to negative reward
2025-09-27 16:37:31,541 - __main__ - WARNING - ⚠️ Episode 44 terminated due to step limit.
2025-09-27 16:37:32,232 - __main__ - DEBUG - 🎯 Eval HMM masking: step 50 masked due to negative reward
2025-09-27 16:37:35,217 - __main__ - DEBUG - 🎯 Eval HMM masking: step 150 masked due to negative reward
2025-09-27 16:37:39,715 - __main__ - DEBUG - 🎯 Eval HMM masking: step 150 masked due to negative reward
2025-09-27 16:37:41,270 - __main__ - WARNING - ⚠️ Episode 49 terminated due to step limit.
2025-09-27 16:37:44,037 - __main__ - DEBUG - 🎯 Eval HMM masking: step 250 masked due to negative reward
2025-09-27 16:37:44,551 - __main__ - WARNING - ⚠️ Episode 50 terminated due to step limit.
2025-09-27 16:37:44,704 - __main__ - INFO - 📊 Evaluation Results (Current Round):
2025-09-27 16:37:44,704 - __main__ - INFO -    Episodes: 50
2025-09-27 16:37:44,704 - __main__ - INFO -    Time: 119.1s (2.4s/ep)
2025-09-27 16:37:44,705 - __main__ - INFO -    Average Return: 0.272 ± 0.617
2025-09-27 16:37:44,705 - __main__ - INFO -    Success Rate: 52.0%
2025-09-27 16:37:44,705 - __main__ - INFO -    Average Length: 216.8
2025-09-27 16:37:44,705 - __main__ - INFO -    Average Coverage: 78.2 positions
2025-09-27 16:37:44,705 - __main__ - INFO -    Episode Completions: 26 terminated (52.0%), 24 truncated (48.0%)
2025-09-27 16:37:44,705 - __main__ - INFO - 📈 Total Evaluation Statistics:
2025-09-27 16:37:44,705 - __main__ - INFO -    Total Episodes: 950
2025-09-27 16:37:44,705 - __main__ - INFO -    Total Average Return: 0.132 ± 0.634
2025-09-27 16:37:44,705 - __main__ - INFO -    Total Average Length: 227.6 ± 102.3
2025-09-27 16:37:44,706 - __main__ - INFO -    Total Completions: 397 terminated (41.8%), 553 truncated (58.2%)
2025-09-27 16:37:44,706 - __main__ - INFO -    Skill Entropy: 0.018
2025-09-27 16:37:44,706 - __main__ - INFO -    Used Skills: 1.0
2025-09-27 16:37:44,706 - __main__ - INFO -    Effective K: 1.03
2025-09-27 16:37:44,706 - __main__ - INFO - 🎯 Action Usage Statistics:
2025-09-27 16:37:44,706 - __main__ - INFO -    Unique actions in evaluation: 8
2025-09-27 16:37:44,706 - __main__ - INFO -    Unique actions in training: 8
2025-09-27 16:37:44,706 - __main__ - INFO -    Total unique actions: 8
2025-09-27 16:37:44,706 - __main__ - INFO -    Action coverage: 6.6%
2025-09-27 16:37:44,706 - __main__ - INFO -    Train action count: 190464
2025-09-27 16:37:44,706 - __main__ - INFO -    Eval action count: 216175
2025-09-27 16:37:44,707 - __main__ - INFO -    Train action entropy: 2.069
2025-09-27 16:37:44,707 - __main__ - INFO -    Eval action entropy: 2.070
2025-09-27 16:37:44,708 - __main__ - INFO -    Top 3 train actions: #3(28779), #1(27739), #2(26278)
2025-09-27 16:37:44,708 - __main__ - INFO -    Top 3 eval actions: #3(33385), #1(31097), #2(29842)
2025-09-27 16:37:46,920 - __main__ - INFO - 📊 Episodes completed this rollout: 6
2025-09-27 16:37:46,921 - __main__ - INFO - 📈 Episode stats: avg return = 0.33, avg length = 260.3
2025-09-27 16:37:46,921 - __main__ - INFO - 🎯 Top 3 training actions: #3(28923), #1(27883), #2(26409)
2025-09-27 16:37:50,723 - __main__ - INFO - 📊 Episodes completed this rollout: 5
2025-09-27 16:37:50,723 - __main__ - INFO - 📈 Episode stats: avg return = 0.42, avg length = 174.6
2025-09-27 16:37:50,723 - __main__ - INFO - 🎯 Top 3 training actions: #3(29071), #1(28044), #2(26525)
2025-09-27 16:37:54,527 - __main__ - INFO - 📊 Episodes completed this rollout: 5
2025-09-27 16:37:54,527 - __main__ - INFO - 📈 Episode stats: avg return = 0.49, avg length = 184.6
2025-09-27 16:37:54,527 - __main__ - INFO - 🎯 Top 3 training actions: #3(29213), #1(28203), #2(26650)
2025-09-27 16:37:58,326 - __main__ - INFO - 📊 Episodes completed this rollout: 3
2025-09-27 16:37:58,326 - __main__ - INFO - 📈 Episode stats: avg return = 0.04, avg length = 251.0
2025-09-27 16:37:58,326 - __main__ - INFO - 🎯 Top 3 training actions: #3(29376), #1(28331), #2(26770)
2025-09-27 16:38:02,148 - __main__ - INFO - 📊 Episodes completed this rollout: 6
2025-09-27 16:38:02,148 - __main__ - INFO - 📈 Episode stats: avg return = 0.43, avg length = 221.8
2025-09-27 16:38:02,148 - __main__ - INFO - 🎯 Top 3 training actions: #3(29526), #1(28483), #2(26896)
2025-09-27 16:38:05,950 - __main__ - INFO - 📊 Episodes completed this rollout: 5
2025-09-27 16:38:05,950 - __main__ - INFO - 📈 Episode stats: avg return = 0.57, avg length = 167.4
2025-09-27 16:38:05,950 - __main__ - INFO - 🎯 Top 3 training actions: #3(29684), #1(28633), #2(27004)
2025-09-27 16:38:09,760 - __main__ - INFO - 📊 Episodes completed this rollout: 6
2025-09-27 16:38:09,761 - __main__ - INFO - 📈 Episode stats: avg return = 0.16, avg length = 203.5
2025-09-27 16:38:09,761 - __main__ - INFO - 🎯 Top 3 training actions: #3(29831), #1(28766), #2(27116)
2025-09-27 16:38:13,544 - __main__ - INFO - 📊 Episodes completed this rollout: 3
2025-09-27 16:38:13,544 - __main__ - INFO - 📈 Episode stats: avg return = 0.48, avg length = 229.3
2025-09-27 16:38:13,544 - __main__ - INFO - 🎯 Top 3 training actions: #3(29968), #1(28906), #2(27266)
2025-09-27 16:38:17,371 - __main__ - INFO - 📊 Episodes completed this rollout: 6
2025-09-27 16:38:17,371 - __main__ - INFO - 📈 Episode stats: avg return = -0.10, avg length = 257.2
2025-09-27 16:38:17,371 - __main__ - INFO - 🎯 Top 3 training actions: #3(30127), #1(29038), #2(27401)
2025-09-27 16:38:18,986 - __main__ - INFO - 🔄 Synchronized model update at step 199,680
2025-09-27 16:38:18,986 - __main__ - INFO -    HMM interval: 12,000, VAE interval: 12,000
2025-09-27 16:38:18,987 - __main__ - INFO - 🚫 Model training masking: 744/12288 timesteps masked (6.1%) due to negative rewards (invalid actions)
2025-09-27 16:38:19,377 - __main__ - INFO - 🔄 Capping HMM batch size from 571 to 128 to prevent OOM
2025-09-27 16:38:19,378 - __main__ - INFO - 🔄 HMM refresh starting at step 199,680 with replay size 128x127
2025-09-27 16:38:25,457 - __main__ - DEBUG - Initial ELBO: 38238.4417
2025-09-27 16:38:25,462 - __main__ - DEBUG - Relative tol: 0.0100
2025-09-27 16:38:25,463 - __main__ - DEBUG - Relative elbo_drop_tol: 0.0100
2025-09-27 16:38:25,463 - __main__ - DEBUG - - Init -331.6127
2025-09-27 16:38:25,463 - __main__ - DEBUG - - Trans -40.6140
2025-09-27 16:38:25,463 - __main__ - DEBUG - - Emit 44553.4830
2025-09-27 16:38:25,463 - __main__ - DEBUG - - Entropy 0.0007
2025-09-27 16:38:25,463 - __main__ - DEBUG - - Dir -9.4330
2025-09-27 16:38:25,463 - __main__ - DEBUG - - NIW -5917.2988
2025-09-27 16:38:25,463 - __main__ - DEBUG - - Beta prior -16.0836
2025-09-27 16:38:31,825 - __main__ - DEBUG - Iter 0: ELBO after FB: 38238.4417 (LL 44181.2570, Δ=0.0000)
2025-09-27 16:38:31,827 - __main__ - DEBUG - Blending stats with ρ_niw=0.0500, ρ_tr=0.0500.
2025-09-27 16:38:31,874 - __main__ - DEBUG - Iter 0: ELBO after NIW update: 42859.7079 (Emit LL 49661.6267, NIW term -6404.1763, Δ=4621.2663)
2025-09-27 16:38:31,921 - __main__ - DEBUG - Iter 0: ELBO after Dirichlet update: 42860.0046 (Trans LL -40.1740, Dir term -9.5764, Δ=0.2967)
2025-09-27 16:38:31,996 - __main__ - DEBUG - Iter 0: ELBO after β update: 42860.5320 (Init LL -331.0583, Dir term -9.5888, logp(β) -16.0981, Δ=0.5274)
2025-09-27 16:38:38,367 - __main__ - DEBUG - Iter 1: ELBO after FB: 42860.5320 (LL 49290.3952, Δ=0.0000)
2025-09-27 16:38:38,368 - __main__ - DEBUG - Blending stats with ρ_niw=0.0500, ρ_tr=0.0500.
2025-09-27 16:38:38,415 - __main__ - DEBUG - Iter 1: ELBO after NIW update: 42860.5320 (Emit LL 49661.6267, NIW term -6404.1763, Δ=0.0000)
2025-09-27 16:38:38,462 - __main__ - DEBUG - Iter 1: ELBO after Dirichlet update: 42860.4084 (Trans LL -40.2167, Dir term -9.6697, Δ=-0.1236)
2025-09-27 16:38:38,542 - __main__ - DEBUG - Iter 1: ELBO after β update: 42860.9351 (Init LL -330.4873, Dir term -9.7177, logp(β) -16.0944, Δ=0.5267)
2025-09-27 16:38:38,543 - __main__ - DEBUG - Early stopping: ELBO improvement 0.4031 < tolerance
2025-09-27 16:38:38,544 - __main__ - INFO -    HMM refresh complete: ELBO=2676.0208, iters=0, max iters, states=40
2025-09-27 16:38:38,544 - __main__ - INFO -    ✅ HMM updated (next in 12,000 steps)
2025-09-27 16:38:38,544 - __main__ - INFO - 🔄 VAE refresh starting at step 199,680 with replay size 8x1536
2025-09-27 16:38:38,545 - __main__ - INFO -    Using span sampling (12288 timesteps, too large for full buffer)
2025-09-27 16:39:06,289 - __main__ - INFO -    VAE refresh complete: final_loss=2519.8359, avg_loss=2525.9957, steps=4/4, trend=improving, total_timesteps=12288, span_sampling=32_requested×4_steps, span_len=64
2025-09-27 16:39:06,291 - __main__ - INFO -    ✅ VAE updated (next in 12,000 steps)
2025-09-27 16:39:06,296 - __main__ - INFO - ⏱️  Training completed in 5125.98 seconds
2025-09-27 16:39:06,296 - __main__ - INFO - 💾 Saving final PPO checkpoint...
2025-09-27 16:39:06,304 - __main__ - INFO - 💾 Final checkpoint saved: checkpoints/ablation_baseline_curiosity_skill_only_MiniHack_Room_Random_15x15_v0_20250927-151325/ppo_policy.pth
2025-09-27 16:39:06,309 - __main__ - INFO - 📊 Collected 286 training log entries
2025-09-27 16:39:06,309 - __main__ - INFO - ☁️  Uploading all model components to HuggingFace...
2025-09-27 16:39:06,586 - __main__ - INFO - 📦 Created/verified repository: CatkinChen/nethack-ppo-ablation-baseline_curiosity_skill_only
2025-09-27 16:39:06,587 - __main__ - INFO - 📤 Uploading PPO policy checkpoint...
2025-09-27 16:39:13,850 - __main__ - INFO - 📤 Uploading VAE model...
2025-09-27 16:39:21,293 - __main__ - INFO - ✅ VAE model uploaded successfully
2025-09-27 16:39:21,294 - __main__ - INFO - 📤 Uploading HMM model...
2025-09-27 16:39:27,348 - __main__ - INFO - ✅ HMM model uploaded successfully
2025-09-27 16:39:27,348 - __main__ - INFO - 📝 Creating model card...
2025-09-27 16:39:28,644 - __main__ - INFO - ✅ Model card uploaded successfully
2025-09-27 16:39:28,645 - __main__ - INFO - 📄 Uploading training configuration...
2025-09-27 16:39:29,671 - __main__ - INFO - ✅ Training configuration uploaded successfully
2025-09-27 16:39:29,672 - __main__ - INFO - 🎉 All model components uploaded to: https://huggingface.co/CatkinChen/nethack-ppo-ablation-baseline_curiosity_skill_only
2025-09-27 16:39:29,672 - __main__ - INFO - 📈 Uploading training artifacts...
2025-09-27 16:39:38,659 - __main__ - INFO - ✅ Training artifacts uploaded successfully
2025-09-27 16:39:40,335 - __main__ - INFO - 🎉 Training completed successfully!
