2025-09-26 02:32:18,423 - __main__ - INFO - ================================================================================
2025-09-26 02:32:18,423 - __main__ - INFO - Starting Online PPO Training with Pretrained Models
2025-09-26 02:32:18,423 - __main__ - INFO - Environment: MiniHack-Room-Random-15x15-v0
2025-09-26 02:32:18,423 - __main__ - INFO - VAE Repository: CatkinChen/nethack-vae-hmm
2025-09-26 02:32:18,423 - __main__ - INFO - HMM Repository: CatkinChen/nethack-hmm
2025-09-26 02:32:18,423 - __main__ - INFO - Total Timesteps: 195
2025-09-26 02:32:18,423 - __main__ - INFO - ================================================================================
2025-09-26 02:32:18,423 - __main__ - INFO - 🔧 Using device: cuda
2025-09-26 02:32:18,424 - __main__ - INFO - 🆕 Fresh training mode: Loading models from separate repos
2025-09-26 02:32:18,424 - __main__ - INFO - 🎨 Loading pretrained VAE model...
2025-09-26 02:32:19,042 - __main__ - INFO - 🧠 Loading pretrained HMM model...
2025-09-26 02:32:19,588 - __main__ - INFO - ✅ VAE model loaded successfully
2025-09-26 02:32:19,588 - __main__ - INFO -    - Latent dimension: 96
2025-09-26 02:32:19,588 - __main__ - INFO -    - Skills: 40
2025-09-26 02:32:19,588 - __main__ - INFO - ✅ HMM model loaded successfully
2025-09-26 02:32:19,588 - __main__ - INFO -    🏷️  HMM Round: 4
2025-09-26 02:32:19,588 - __main__ - INFO -    📅 Created: 2025-09-15T21:41:06.331217
2025-09-26 02:32:19,588 - __main__ - INFO - 🎮 Creating environment: MiniHack-Room-Random-15x15-v0
2025-09-26 02:32:19,589 - nle.env.base - INFO - Not saving any NLE data.
2025-09-26 02:32:19,607 - __main__ - INFO -    - Observation space: Dict('blstats': Box(-2147483648, 2147483647, (27,), int64), 'chars': Box(0, 255, (21, 79), uint8), 'chars_crop': Box(0, 255, (9, 9), uint8), 'colors': Box(0, 15, (21, 79), uint8), 'colors_crop': Box(0, 15, (9, 9), uint8), 'glyphs': Box(0, 5976, (21, 79), int16), 'glyphs_crop': Box(0, 5976, (9, 9), int16), 'message': Box(0, 255, (256,), uint8), 'specials': Box(0, 255, (21, 79), uint8), 'specials_crop': Box(0, 255, (9, 9), uint8))
2025-09-26 02:32:19,608 - __main__ - INFO -    - Action space: Discrete(8)
2025-09-26 02:32:19,635 - __main__ - INFO - 🔄 HMM posterior set as prior for online updates with tempered weight 0.2
2025-09-26 02:32:19,636 - __main__ - INFO - 🔄 Using provided VAE config
2025-09-26 02:32:19,636 - __main__ - INFO -    - VAE prior mode set to 'hmm' for online training
2025-09-26 02:32:20,846 - __main__ - INFO - 📊 W&B initialized with run name: ablation_baseline_rnd_MiniHack_Room_Random_15x15_v0_20250926-023218
2025-09-26 02:32:20,846 - __main__ - INFO - 🚀 Initializing PPO trainer...
2025-09-26 02:32:20,846 - nle.env.base - INFO - Not saving any NLE data.
2025-09-26 02:32:20,862 - nle.env.base - INFO - Not saving any NLE data.
2025-09-26 02:32:20,877 - nle.env.base - INFO - Not saving any NLE data.
2025-09-26 02:32:20,892 - nle.env.base - INFO - Not saving any NLE data.
2025-09-26 02:32:20,905 - nle.env.base - INFO - Not saving any NLE data.
2025-09-26 02:32:20,920 - nle.env.base - INFO - Not saving any NLE data.
2025-09-26 02:32:20,933 - nle.env.base - INFO - Not saving any NLE data.
2025-09-26 02:32:20,946 - nle.env.base - INFO - Not saving any NLE data.
2025-09-26 02:32:22,047 - __main__ - INFO - ✅ PPO trainer initialized successfully
2025-09-26 02:32:22,047 - __main__ - INFO - 🆕 Starting fresh PPO training (no checkpoint loading)
2025-09-26 02:32:22,048 - __main__ - INFO - 🏋️  Starting PPO training...
2025-09-26 02:32:22,486 - __main__ - INFO - 🎮 Action Mapping Debug (step 0, timestep 0):
2025-09-26 02:32:22,488 - __main__ - INFO -    Global actions sampled: [7 1 2 0 7 1 3 4]
2025-09-26 02:32:22,488 - __main__ - INFO -    Local actions mapped:   [7 1 2 0 7 1 3 4]
2025-09-26 02:32:22,488 - __main__ - INFO -    Available env actions:  (<CompassDirection.N: 107>, <CompassDirection.E: 108>, <CompassDirection.S: 106>, <CompassDirection.W: 104>, <CompassDirection.NE: 117>, <CompassDirection.SE: 110>, <CompassDirection.SW: 98>, <CompassDirection.NW: 121>)
2025-09-26 02:32:22,488 - __main__ - INFO -    Action mapping:         ['local_0->global_0(107)', 'local_1->global_1(108)', 'local_2->global_2(106)', 'local_3->global_3(104)', 'local_4->global_4(117)', 'local_5->global_5(110)', 'local_6->global_6(98)', 'local_7->global_7(121)']
2025-09-26 02:32:22,489 - __main__ - INFO -    Valid global indices:   [0 1 2 3 4 5 6 7] (total: 8)
2025-09-26 02:32:22,489 - __main__ - INFO -    Global->Local mapping:  ['env0:g7->l7', 'env1:g1->l1', 'env2:g2->l2', 'env3:g0->l0', 'env4:g7->l7', 'env5:g1->l1', 'env6:g3->l3', 'env7:g4->l4']
2025-09-26 02:32:24,676 - __main__ - INFO - 📊 Episodes completed this rollout: 1
2025-09-26 02:32:24,677 - __main__ - INFO - 📈 Episode stats: avg return = 0.94, avg length = 66.0
2025-09-26 02:32:24,701 - __main__ - INFO - 🎯 Top 3 training actions: #2(141), #7(134), #0(131)
2025-09-26 02:32:28,031 - __main__ - INFO - 📊 Episodes completed this rollout: 2
2025-09-26 02:32:28,031 - __main__ - INFO - 📈 Episode stats: avg return = 0.87, avg length = 186.0
2025-09-26 02:32:28,031 - __main__ - INFO - 🎯 Top 3 training actions: #0(301), #7(287), #2(282)
2025-09-26 02:32:31,292 - __main__ - INFO - 📊 Episodes completed this rollout: 6
2025-09-26 02:32:31,292 - __main__ - INFO - 📈 Episode stats: avg return = -0.18, avg length = 299.7
2025-09-26 02:32:31,292 - __main__ - INFO - 🎯 Top 3 training actions: #3(476), #0(449), #7(441)
2025-09-26 02:32:34,508 - __main__ - INFO - 📊 Episodes completed this rollout: 3
2025-09-26 02:32:34,508 - __main__ - INFO - 📈 Episode stats: avg return = -0.06, avg length = 266.3
2025-09-26 02:32:34,508 - __main__ - INFO - 🎯 Top 3 training actions: #3(650), #7(598), #4(586)
2025-09-26 02:32:37,748 - __main__ - INFO - 📊 Episodes completed this rollout: 5
2025-09-26 02:32:37,748 - __main__ - INFO - 📈 Episode stats: avg return = -0.28, avg length = 246.4
2025-09-26 02:32:37,748 - __main__ - INFO - 🎯 Top 3 training actions: #3(792), #2(776), #4(745)
2025-09-26 02:32:38,747 - __main__ - INFO - 🔄 Synchronized model update at step 5,120
2025-09-26 02:32:38,748 - __main__ - INFO -    HMM interval: 5,120, VAE interval: 5,120
2025-09-26 02:32:38,749 - __main__ - INFO - 🚫 Model training masking: 805/5120 timesteps masked (15.7%) due to negative rewards (invalid actions)
2025-09-26 02:32:38,897 - __main__ - INFO - 🔄 Capping HMM batch size from 472 to 128 to prevent OOM
2025-09-26 02:32:38,897 - __main__ - INFO - 🔄 HMM refresh starting at step 5,120 with replay size 128x48
2025-09-26 02:32:41,707 - __main__ - DEBUG - Initial ELBO: -279499.5935
2025-09-26 02:32:41,707 - __main__ - DEBUG - Relative tol: 0.0100
2025-09-26 02:32:41,708 - __main__ - DEBUG - Relative elbo_drop_tol: 0.0100
2025-09-26 02:32:41,708 - __main__ - DEBUG - - Init -544.2564
2025-09-26 02:32:41,708 - __main__ - DEBUG - - Trans -2050.5028
2025-09-26 02:32:41,708 - __main__ - DEBUG - - Emit -276897.1667
2025-09-26 02:32:41,708 - __main__ - DEBUG - - Entropy 8.1130
2025-09-26 02:32:41,708 - __main__ - DEBUG - - Dir 0.0000
2025-09-26 02:32:41,708 - __main__ - DEBUG - - NIW 0.0003
2025-09-26 02:32:41,708 - __main__ - DEBUG - - Beta prior -15.7809
2025-09-26 02:32:44,890 - __main__ - DEBUG - Iter 0: ELBO after FB: -279499.5935 (LL -279483.8129, Δ=0.0000)
2025-09-26 02:32:44,891 - __main__ - DEBUG - First pass after reset, using full stats.
2025-09-26 02:32:44,938 - __main__ - DEBUG - Iter 0: ELBO after NIW update: -75259.4443 (Emit LL -56316.0640, NIW term -16340.9531, Δ=204240.1492)
2025-09-26 02:32:44,985 - __main__ - DEBUG - Iter 0: ELBO after Dirichlet update: -73553.1367 (Trans LL -133.1661, Dir term -211.0293, Δ=1706.3075)
2025-09-26 02:32:45,060 - __main__ - DEBUG - Iter 0: ELBO after β update: -73553.8888 (Init LL -544.9411, Dir term -211.0885, logp(β) -15.7891, Δ=-0.7521)
2025-09-26 02:32:48,196 - __main__ - DEBUG - Iter 1: ELBO after FB: -55711.9134 (LL -39144.0827, Δ=17841.9754)
2025-09-26 02:32:48,196 - __main__ - DEBUG - First pass after reset, using full stats.
2025-09-26 02:32:48,243 - __main__ - DEBUG - Iter 1: ELBO after NIW update: -31070.0002 (Emit LL -19087.6415, NIW term -11222.2061, Δ=24641.9132)
2025-09-26 02:32:48,290 - __main__ - DEBUG - Iter 1: ELBO after Dirichlet update: -30868.7803 (Trans LL -9.5355, Dir term -35.2255, Δ=201.2199)
2025-09-26 02:32:48,355 - __main__ - DEBUG - Iter 1: ELBO after β update: -30869.6755 (Init LL -499.1906, Dir term -35.3112, logp(β) -15.7975, Δ=-0.8952)
2025-09-26 02:32:51,496 - __main__ - DEBUG - Iter 2: ELBO after FB: -28185.0082 (LL -16911.6934, Δ=2684.6673)
2025-09-26 02:32:51,496 - __main__ - DEBUG - First pass after reset, using full stats.
2025-09-26 02:32:51,544 - __main__ - DEBUG - Iter 2: ELBO after NIW update: -26503.3613 (Emit LL -15916.7935, NIW term -10031.0068, Δ=1681.6469)
2025-09-26 02:32:51,591 - __main__ - DEBUG - Iter 2: ELBO after Dirichlet update: -26491.8912 (Trans LL -4.8253, Dir term -24.2678, Δ=11.4701)
2025-09-26 02:32:51,656 - __main__ - DEBUG - Iter 2: ELBO after β update: -26491.7136 (Init LL -498.9250, Dir term -24.3598, logp(β) -15.8035, Δ=0.1776)
2025-09-26 02:32:54,803 - __main__ - DEBUG - Iter 3: ELBO after FB: -26491.7136 (LL -16420.5435, Δ=0.0000)
2025-09-26 02:32:54,804 - __main__ - DEBUG - First pass after reset, using full stats.
2025-09-26 02:32:54,853 - __main__ - DEBUG - Iter 3: ELBO after NIW update: -26491.7136 (Emit LL -15916.7935, NIW term -10031.0068, Δ=0.0000)
2025-09-26 02:32:54,901 - __main__ - DEBUG - Iter 3: ELBO after Dirichlet update: -26492.0022 (Trans LL -4.8339, Dir term -24.6397, Δ=-0.2885)
2025-09-26 02:32:54,967 - __main__ - DEBUG - Iter 3: ELBO after β update: -26492.7254 (Init LL -499.5317, Dir term -24.7574, logp(β) -15.8022, Δ=-0.7232)
2025-09-26 02:32:58,122 - __main__ - DEBUG - Iter 4: ELBO after FB: -26492.7254 (LL -16421.1589, Δ=0.0000)
2025-09-26 02:32:58,123 - __main__ - DEBUG - First pass after reset, using full stats.
2025-09-26 02:32:58,170 - __main__ - DEBUG - Iter 4: ELBO after NIW update: -26492.7254 (Emit LL -15916.7935, NIW term -10031.0068, Δ=0.0000)
2025-09-26 02:32:58,217 - __main__ - DEBUG - Iter 4: ELBO after Dirichlet update: -26493.1357 (Trans LL -4.8153, Dir term -25.1863, Δ=-0.4103)
2025-09-26 02:32:58,282 - __main__ - DEBUG - Iter 4: ELBO after β update: -26493.2974 (Init LL -499.5869, Dir term -25.3007, logp(β) -15.7945, Δ=-0.1618)
2025-09-26 02:32:58,285 - __main__ - INFO -    HMM refresh complete: ELBO=-18.9911, iters=0, max iters, states=40
2025-09-26 02:32:58,285 - __main__ - INFO -    ✅ HMM updated (next in 6,144 steps)
2025-09-26 02:32:58,285 - __main__ - INFO - 🔄 VAE refresh starting at step 5,120 with replay size 8x640
2025-09-26 02:32:58,287 - __main__ - INFO -    Using span sampling (5120 timesteps, too large for full buffer)
2025-09-26 02:33:20,810 - __main__ - INFO -    VAE refresh complete: final_loss=2888.1267, avg_loss=2906.1505, steps=4/4, trend=improving, total_timesteps=5120, span_sampling=32_requested×4_steps, span_len=64
2025-09-26 02:33:20,811 - __main__ - INFO -    ✅ VAE updated (next in 6,144 steps)
2025-09-26 02:33:23,029 - __main__ - INFO - 📊 Episodes completed this rollout: 4
2025-09-26 02:33:23,030 - __main__ - INFO - 📈 Episode stats: avg return = 0.56, avg length = 135.8
2025-09-26 02:33:23,030 - __main__ - INFO - 🎯 Top 3 training actions: #2(953), #4(938), #3(921)
2025-09-26 02:33:26,249 - __main__ - INFO - 📊 Episodes completed this rollout: 3
2025-09-26 02:33:26,250 - __main__ - INFO - 📈 Episode stats: avg return = 0.26, avg length = 253.3
2025-09-26 02:33:26,250 - __main__ - INFO - 🎯 Top 3 training actions: #4(1182), #2(1106), #3(1017)
2025-09-26 02:33:29,524 - __main__ - INFO - 📊 Episodes completed this rollout: 5
2025-09-26 02:33:29,524 - __main__ - INFO - 📈 Episode stats: avg return = -0.84, avg length = 300.0
2025-09-26 02:33:29,525 - __main__ - INFO - 🎯 Top 3 training actions: #4(1383), #2(1304), #5(1146)
2025-09-26 02:33:32,775 - __main__ - INFO - 📊 Episodes completed this rollout: 5
2025-09-26 02:33:32,776 - __main__ - INFO - 📈 Episode stats: avg return = -0.11, avg length = 228.2
2025-09-26 02:33:32,776 - __main__ - INFO - 🎯 Top 3 training actions: #4(1517), #2(1501), #5(1312)
2025-09-26 02:33:36,008 - __main__ - INFO - 📊 Episodes completed this rollout: 5
2025-09-26 02:33:36,008 - __main__ - INFO - 📈 Episode stats: avg return = 0.26, avg length = 189.4
2025-09-26 02:33:36,009 - __main__ - INFO - 🎯 Top 3 training actions: #2(1691), #4(1637), #5(1479)
2025-09-26 02:33:37,018 - __main__ - INFO - 🧪 Starting evaluation with 50 episodes...
2025-09-26 02:33:37,018 - __main__ - INFO -    Eval seed: 51
2025-09-26 02:33:37,018 - __main__ - INFO -    Max episode steps (eval): env default
2025-09-26 02:33:37,020 - nle.env.base - INFO - Not saving any NLE data.
2025-09-26 02:33:40,244 - __main__ - WARNING - ⚠️ Episode 1 terminated due to step limit.
2025-09-26 02:33:43,631 - __main__ - WARNING - ⚠️ Episode 2 terminated due to step limit.
2025-09-26 02:33:45,250 - __main__ - DEBUG - 🎯 Eval HMM masking: step 50 masked due to negative reward
2025-09-26 02:33:48,924 - __main__ - WARNING - ⚠️ Episode 6 terminated due to step limit.
2025-09-26 02:33:51,773 - __main__ - DEBUG - 🎯 Eval HMM masking: step 250 masked due to negative reward
2025-09-26 02:33:52,302 - __main__ - WARNING - ⚠️ Episode 7 terminated due to step limit.
2025-09-26 02:33:55,677 - __main__ - WARNING - ⚠️ Episode 8 terminated due to step limit.
2025-09-26 02:33:57,996 - __main__ - DEBUG - 🎯 Eval HMM masking: step 200 masked due to negative reward
2025-09-26 02:33:59,062 - __main__ - WARNING - ⚠️ Episode 9 terminated due to step limit.
2025-09-26 02:34:03,177 - __main__ - WARNING - ⚠️ Episode 11 terminated due to step limit.
2025-09-26 02:34:08,958 - __main__ - DEBUG - 🎯 Eval HMM masking: step 250 masked due to negative reward
2025-09-26 02:34:09,485 - __main__ - WARNING - ⚠️ Episode 14 terminated due to step limit.
2025-09-26 02:34:10,733 - __main__ - DEBUG - 🎯 Eval HMM masking: step 100 masked due to negative reward
2025-09-26 02:34:12,891 - __main__ - WARNING - ⚠️ Episode 15 terminated due to step limit.
2025-09-26 02:34:16,270 - __main__ - WARNING - ⚠️ Episode 16 terminated due to step limit.
2025-09-26 02:34:19,122 - __main__ - DEBUG - 🎯 Eval HMM masking: step 250 masked due to negative reward
2025-09-26 02:34:19,647 - __main__ - WARNING - ⚠️ Episode 17 terminated due to step limit.
2025-09-26 02:34:23,419 - __main__ - DEBUG - 🎯 Eval HMM masking: step 150 masked due to negative reward
2025-09-26 02:34:25,016 - __main__ - WARNING - ⚠️ Episode 20 terminated due to step limit.
2025-09-26 02:34:28,388 - __main__ - WARNING - ⚠️ Episode 21 terminated due to step limit.
2025-09-26 02:34:31,762 - __main__ - WARNING - ⚠️ Episode 22 terminated due to step limit.
2025-09-26 02:34:35,143 - __main__ - WARNING - ⚠️ Episode 23 terminated due to step limit.
2025-09-26 02:34:38,520 - __main__ - WARNING - ⚠️ Episode 24 terminated due to step limit.
2025-09-26 02:34:40,833 - __main__ - DEBUG - 🎯 Eval HMM masking: step 200 masked due to negative reward
2025-09-26 02:34:41,894 - __main__ - WARNING - ⚠️ Episode 25 terminated due to step limit.
2025-09-26 02:34:43,556 - __main__ - DEBUG - 🎯 Eval HMM masking: step 100 masked due to negative reward
2025-09-26 02:34:45,160 - __main__ - DEBUG - 🎯 Eval HMM masking: step 250 masked due to negative reward
2025-09-26 02:34:45,683 - __main__ - WARNING - ⚠️ Episode 27 terminated due to step limit.
2025-09-26 02:34:51,467 - __main__ - WARNING - ⚠️ Episode 30 terminated due to step limit.
2025-09-26 02:34:52,181 - __main__ - DEBUG - 🎯 Eval HMM masking: step 50 masked due to negative reward
2025-09-26 02:34:54,839 - __main__ - WARNING - ⚠️ Episode 31 terminated due to step limit.
2025-09-26 02:34:58,240 - __main__ - WARNING - ⚠️ Episode 32 terminated due to step limit.
2025-09-26 02:34:58,953 - __main__ - DEBUG - 🎯 Eval HMM masking: step 50 masked due to negative reward
2025-09-26 02:35:01,105 - __main__ - DEBUG - 🎯 Eval HMM masking: step 250 masked due to negative reward
2025-09-26 02:35:01,632 - __main__ - WARNING - ⚠️ Episode 33 terminated due to step limit.
2025-09-26 02:35:04,513 - __main__ - DEBUG - 🎯 Eval HMM masking: step 250 masked due to negative reward
2025-09-26 02:35:05,044 - __main__ - WARNING - ⚠️ Episode 34 terminated due to step limit.
2025-09-26 02:35:05,762 - __main__ - DEBUG - 🎯 Eval HMM masking: step 50 masked due to negative reward
2025-09-26 02:35:08,443 - __main__ - WARNING - ⚠️ Episode 35 terminated due to step limit.
2025-09-26 02:35:11,853 - __main__ - WARNING - ⚠️ Episode 36 terminated due to step limit.
2025-09-26 02:35:12,577 - __main__ - DEBUG - 🎯 Eval HMM masking: step 50 masked due to negative reward
2025-09-26 02:35:14,272 - __main__ - DEBUG - 🎯 Eval HMM masking: step 150 masked due to negative reward
2025-09-26 02:35:14,813 - __main__ - DEBUG - 🎯 Eval HMM masking: step 200 masked due to negative reward
2025-09-26 02:35:15,886 - __main__ - WARNING - ⚠️ Episode 38 terminated due to step limit.
2025-09-26 02:35:18,220 - __main__ - DEBUG - 🎯 Eval HMM masking: step 200 masked due to negative reward
2025-09-26 02:35:19,288 - __main__ - WARNING - ⚠️ Episode 39 terminated due to step limit.
2025-09-26 02:35:23,352 - __main__ - DEBUG - 🎯 Eval HMM masking: step 50 masked due to negative reward
2025-09-26 02:35:26,036 - __main__ - WARNING - ⚠️ Episode 41 terminated due to step limit.
2025-09-26 02:35:26,761 - __main__ - DEBUG - 🎯 Eval HMM masking: step 50 masked due to negative reward
2025-09-26 02:35:29,451 - __main__ - WARNING - ⚠️ Episode 42 terminated due to step limit.
2025-09-26 02:35:32,859 - __main__ - WARNING - ⚠️ Episode 43 terminated due to step limit.
2025-09-26 02:35:38,678 - __main__ - WARNING - ⚠️ Episode 46 terminated due to step limit.
2025-09-26 02:35:42,803 - __main__ - WARNING - ⚠️ Episode 48 terminated due to step limit.
2025-09-26 02:35:43,520 - __main__ - DEBUG - 🎯 Eval HMM masking: step 50 masked due to negative reward
2025-09-26 02:35:46,212 - __main__ - WARNING - ⚠️ Episode 49 terminated due to step limit.
2025-09-26 02:35:48,545 - __main__ - DEBUG - 🎯 Eval HMM masking: step 200 masked due to negative reward
2025-09-26 02:35:49,616 - __main__ - WARNING - ⚠️ Episode 50 terminated due to step limit.
2025-09-26 02:35:49,787 - __main__ - INFO - 📊 Evaluation Results (Current Round):
2025-09-26 02:35:49,787 - __main__ - INFO -    Episodes: 50
2025-09-26 02:35:49,787 - __main__ - INFO -    Time: 132.8s (2.7s/ep)
2025-09-26 02:35:49,787 - __main__ - INFO -    Average Return: 0.017 ± 0.600
2025-09-26 02:35:49,788 - __main__ - INFO -    Success Rate: 32.0%
2025-09-26 02:35:49,788 - __main__ - INFO -    Average Length: 234.9
2025-09-26 02:35:49,788 - __main__ - INFO -    Average Coverage: 80.8 positions
2025-09-26 02:35:49,788 - __main__ - INFO -    Episode Completions: 16 terminated (32.0%), 34 truncated (68.0%)
2025-09-26 02:35:49,788 - __main__ - INFO - 📈 Total Evaluation Statistics:
2025-09-26 02:35:49,788 - __main__ - INFO -    Total Episodes: 50
2025-09-26 02:35:49,788 - __main__ - INFO -    Total Average Return: 0.017 ± 0.600
2025-09-26 02:35:49,789 - __main__ - INFO -    Total Average Length: 234.9 ± 102.5
2025-09-26 02:35:49,789 - __main__ - INFO -    Total Completions: 16 terminated (32.0%), 34 truncated (68.0%)
2025-09-26 02:35:49,789 - __main__ - INFO -    Skill Entropy: 0.001
2025-09-26 02:35:49,789 - __main__ - INFO -    Used Skills: 1.0
2025-09-26 02:35:49,789 - __main__ - INFO -    Effective K: 1.00
2025-09-26 02:35:49,789 - __main__ - INFO - 🎯 Action Usage Statistics:
2025-09-26 02:35:49,789 - __main__ - INFO -    Unique actions in evaluation: 8
2025-09-26 02:35:49,789 - __main__ - INFO -    Unique actions in training: 8
2025-09-26 02:35:49,790 - __main__ - INFO -    Total unique actions: 8
2025-09-26 02:35:49,790 - __main__ - INFO -    Action coverage: 6.6%
2025-09-26 02:35:49,790 - __main__ - INFO -    Train action count: 10240
2025-09-26 02:35:49,790 - __main__ - INFO -    Eval action count: 11745
2025-09-26 02:35:49,790 - __main__ - INFO -    Train action entropy: 2.042
2025-09-26 02:35:49,791 - __main__ - INFO -    Eval action entropy: 2.011
2025-09-26 02:35:49,791 - __main__ - INFO -    Top 3 train actions: #2(1691), #4(1637), #5(1479)
2025-09-26 02:35:49,791 - __main__ - INFO -    Top 3 eval actions: #2(2356), #4(1828), #5(1756)
2025-09-26 02:35:52,077 - __main__ - INFO - 📊 Episodes completed this rollout: 6
2025-09-26 02:35:52,077 - __main__ - INFO - 📈 Episode stats: avg return = -0.00, avg length = 220.3
2025-09-26 02:35:52,078 - __main__ - INFO - 🎯 Top 3 training actions: #2(1907), #4(1797), #5(1634)
2025-09-26 02:35:53,092 - __main__ - INFO - 🔄 Synchronized model update at step 11,264
2025-09-26 02:35:53,092 - __main__ - INFO -    HMM interval: 6,144, VAE interval: 6,144
2025-09-26 02:35:53,093 - __main__ - INFO - 🚫 Model training masking: 774/6144 timesteps masked (12.6%) due to negative rewards (invalid actions)
2025-09-26 02:35:53,275 - __main__ - INFO - 🔄 Capping HMM batch size from 479 to 128 to prevent OOM
2025-09-26 02:35:53,275 - __main__ - INFO - 🔄 HMM refresh starting at step 11,264 with replay size 128x65
2025-09-26 02:35:57,159 - __main__ - DEBUG - Initial ELBO: -31428.9224
2025-09-26 02:35:57,160 - __main__ - DEBUG - Relative tol: 0.0100
2025-09-26 02:35:57,160 - __main__ - DEBUG - Relative elbo_drop_tol: 0.0100
2025-09-26 02:35:57,160 - __main__ - DEBUG - - Init -498.9250
2025-09-26 02:35:57,160 - __main__ - DEBUG - - Trans -7.3649
2025-09-26 02:35:57,160 - __main__ - DEBUG - - Emit -20851.4627
2025-09-26 02:35:57,160 - __main__ - DEBUG - - Entropy 0.0004
2025-09-26 02:35:57,160 - __main__ - DEBUG - - Dir -24.3598
2025-09-26 02:35:57,160 - __main__ - DEBUG - - NIW -10031.0068
2025-09-26 02:35:57,160 - __main__ - DEBUG - - Beta prior -15.8035
2025-09-26 02:36:01,412 - __main__ - DEBUG - Iter 0: ELBO after FB: -31428.9224 (LL -21357.7523, Δ=0.0000)
2025-09-26 02:36:01,413 - __main__ - DEBUG - Blending stats with ρ_niw=0.0500, ρ_tr=0.0500.
2025-09-26 02:36:01,461 - __main__ - DEBUG - Iter 0: ELBO after NIW update: -30183.9369 (Emit LL -19470.5885, NIW term -10166.8955, Δ=1244.9855)
2025-09-26 02:36:01,510 - __main__ - DEBUG - Iter 0: ELBO after Dirichlet update: -30183.4488 (Trans LL -7.2571, Dir term -23.9796, Δ=0.4880)
2025-09-26 02:36:01,576 - __main__ - DEBUG - Iter 0: ELBO after β update: -30184.2110 (Init LL -499.6668, Dir term -23.9907, logp(β) -15.8129, Δ=-0.7622)
2025-09-26 02:36:05,826 - __main__ - DEBUG - Iter 1: ELBO after FB: -30184.2110 (LL -19977.5120, Δ=0.0000)
2025-09-26 02:36:05,826 - __main__ - DEBUG - Blending stats with ρ_niw=0.0500, ρ_tr=0.0500.
2025-09-26 02:36:05,875 - __main__ - DEBUG - Iter 1: ELBO after NIW update: -30184.2110 (Emit LL -19470.5885, NIW term -10166.8955, Δ=0.0000)
2025-09-26 02:36:05,923 - __main__ - DEBUG - Iter 1: ELBO after Dirichlet update: -30184.2780 (Trans LL -7.2225, Dir term -24.0922, Δ=-0.0669)
2025-09-26 02:36:05,989 - __main__ - DEBUG - Iter 1: ELBO after β update: -30184.8597 (Init LL -500.1537, Dir term -24.1772, logp(β) -15.8226, Δ=-0.5817)
2025-09-26 02:36:10,211 - __main__ - DEBUG - Iter 2: ELBO after FB: -30184.8597 (LL -19977.9643, Δ=0.0000)
2025-09-26 02:36:10,212 - __main__ - DEBUG - Blending stats with ρ_niw=0.0500, ρ_tr=0.0500.
2025-09-26 02:36:10,260 - __main__ - DEBUG - Iter 2: ELBO after NIW update: -30184.8597 (Emit LL -19470.5885, NIW term -10166.8955, Δ=0.0000)
2025-09-26 02:36:10,308 - __main__ - DEBUG - Iter 2: ELBO after Dirichlet update: -30185.0520 (Trans LL -7.1997, Dir term -24.3924, Δ=-0.1923)
2025-09-26 02:36:10,375 - __main__ - DEBUG - Iter 2: ELBO after β update: -30185.5554 (Init LL -500.5630, Dir term -24.4838, logp(β) -15.8253, Δ=-0.5034)
2025-09-26 02:36:14,591 - __main__ - DEBUG - Iter 3: ELBO after FB: -30185.5554 (LL -19978.3508, Δ=0.0000)
2025-09-26 02:36:14,591 - __main__ - DEBUG - Blending stats with ρ_niw=0.0500, ρ_tr=0.0500.
2025-09-26 02:36:14,640 - __main__ - DEBUG - Iter 3: ELBO after NIW update: -30185.5554 (Emit LL -19470.5885, NIW term -10166.8955, Δ=0.0000)
2025-09-26 02:36:14,688 - __main__ - DEBUG - Iter 3: ELBO after Dirichlet update: -30185.8480 (Trans LL -7.1810, Dir term -24.7951, Δ=-0.2926)
2025-09-26 02:36:14,755 - __main__ - DEBUG - Iter 3: ELBO after β update: -30186.2213 (Init LL -500.8224, Dir term -24.9110, logp(β) -15.8232, Δ=-0.3733)
2025-09-26 02:36:19,004 - __main__ - DEBUG - Iter 4: ELBO after FB: -30186.2213 (LL -19978.5916, Δ=0.0000)
2025-09-26 02:36:19,005 - __main__ - DEBUG - Blending stats with ρ_niw=0.0500, ρ_tr=0.0500.
2025-09-26 02:36:19,053 - __main__ - DEBUG - Iter 4: ELBO after NIW update: -30186.2213 (Emit LL -19470.5885, NIW term -10166.8955, Δ=0.0000)
2025-09-26 02:36:19,101 - __main__ - DEBUG - Iter 4: ELBO after Dirichlet update: -30186.6203 (Trans LL -7.1693, Dir term -25.3217, Δ=-0.3990)
2025-09-26 02:36:19,157 - __main__ - DEBUG - Iter 4: ELBO after β update: -30186.5510 (Init LL -500.7303, Dir term -25.3476, logp(β) -15.8202, Δ=0.0692)
2025-09-26 02:36:19,159 - __main__ - INFO -    HMM refresh complete: ELBO=-29.5614, iters=0, max iters, states=40
2025-09-26 02:36:19,159 - __main__ - INFO -    ✅ HMM updated (next in 7,372 steps)
2025-09-26 02:36:19,159 - __main__ - INFO - 🔄 VAE refresh starting at step 11,264 with replay size 8x768
2025-09-26 02:36:19,160 - __main__ - INFO -    Using span sampling (6144 timesteps, too large for full buffer)
2025-09-26 02:36:41,965 - __main__ - INFO -    VAE refresh complete: final_loss=2864.4038, avg_loss=2873.9508, steps=4/4, trend=improving, total_timesteps=6144, span_sampling=32_requested×4_steps, span_len=64
2025-09-26 02:36:41,966 - __main__ - INFO -    ✅ VAE updated (next in 7,372 steps)
2025-09-26 02:36:44,220 - __main__ - INFO - 📊 Episodes completed this rollout: 4
2025-09-26 02:36:44,220 - __main__ - INFO - 📈 Episode stats: avg return = -0.26, avg length = 260.0
2025-09-26 02:36:44,221 - __main__ - INFO - 🎯 Top 3 training actions: #2(2107), #4(2029), #5(1750)
2025-09-26 02:36:47,443 - __main__ - INFO - 📊 Episodes completed this rollout: 1
2025-09-26 02:36:47,443 - __main__ - INFO - 📈 Episode stats: avg return = -0.24, avg length = 300.0
2025-09-26 02:36:47,443 - __main__ - INFO - 🎯 Top 3 training actions: #2(2328), #4(2193), #5(1866)
2025-09-26 02:36:50,719 - __main__ - INFO - 📊 Episodes completed this rollout: 7
2025-09-26 02:36:50,720 - __main__ - INFO - 📈 Episode stats: avg return = 0.37, avg length = 231.3
2025-09-26 02:36:50,720 - __main__ - INFO - 🎯 Top 3 training actions: #2(2581), #4(2321), #3(2049)
2025-09-26 02:36:53,988 - __main__ - INFO - 📊 Episodes completed this rollout: 6
2025-09-26 02:36:53,988 - __main__ - INFO - 📈 Episode stats: avg return = 0.52, avg length = 200.0
2025-09-26 02:36:53,988 - __main__ - INFO - 🎯 Top 3 training actions: #2(2850), #4(2473), #3(2325)
2025-09-26 02:36:57,223 - __main__ - INFO - 📊 Episodes completed this rollout: 1
2025-09-26 02:36:57,223 - __main__ - INFO - 📈 Episode stats: avg return = -0.32, avg length = 300.0
2025-09-26 02:36:57,223 - __main__ - INFO - 🎯 Top 3 training actions: #2(3146), #4(2648), #3(2569)
2025-09-26 02:37:00,510 - __main__ - INFO - 📊 Episodes completed this rollout: 7
2025-09-26 02:37:00,510 - __main__ - INFO - 📈 Episode stats: avg return = -0.01, avg length = 252.4
2025-09-26 02:37:00,510 - __main__ - INFO - 🎯 Top 3 training actions: #2(3373), #4(2896), #3(2783)
2025-09-26 02:37:03,754 - __main__ - INFO - 📊 Episodes completed this rollout: 4
2025-09-26 02:37:03,755 - __main__ - INFO - 📈 Episode stats: avg return = 0.54, avg length = 154.2
2025-09-26 02:37:03,755 - __main__ - INFO - 🎯 Top 3 training actions: #2(3663), #4(3102), #3(2984)
2025-09-26 02:37:07,011 - __main__ - INFO - 📊 Episodes completed this rollout: 4
2025-09-26 02:37:07,011 - __main__ - INFO - 📈 Episode stats: avg return = 0.26, avg length = 256.2
2025-09-26 02:37:07,012 - __main__ - INFO - 🎯 Top 3 training actions: #2(3955), #4(3272), #3(3225)
2025-09-26 02:37:08,025 - __main__ - INFO - 🔄 Synchronized model update at step 19,456
2025-09-26 02:37:08,026 - __main__ - INFO -    HMM interval: 7,372, VAE interval: 7,372
2025-09-26 02:37:08,026 - __main__ - INFO - 🚫 Model training masking: 624/8192 timesteps masked (7.6%) due to negative rewards (invalid actions)
2025-09-26 02:37:08,261 - __main__ - INFO - 🔄 Capping HMM batch size from 424 to 128 to prevent OOM
2025-09-26 02:37:08,261 - __main__ - INFO - 🔄 HMM refresh starting at step 19,456 with replay size 128x105
2025-09-26 02:37:14,491 - __main__ - DEBUG - Initial ELBO: -42753.7860
2025-09-26 02:37:14,491 - __main__ - DEBUG - Relative tol: 0.0100
2025-09-26 02:37:14,491 - __main__ - DEBUG - Relative elbo_drop_tol: 0.0100
2025-09-26 02:37:14,491 - __main__ - DEBUG - - Init -499.6668
2025-09-26 02:37:14,491 - __main__ - DEBUG - - Trans -10.9006
2025-09-26 02:37:14,491 - __main__ - DEBUG - - Emit -32036.5202
2025-09-26 02:37:14,492 - __main__ - DEBUG - - Entropy 0.0006
2025-09-26 02:37:14,492 - __main__ - DEBUG - - Dir -23.9907
2025-09-26 02:37:14,492 - __main__ - DEBUG - - NIW -10166.8955
2025-09-26 02:37:14,492 - __main__ - DEBUG - - Beta prior -15.8129
2025-09-26 02:37:20,986 - __main__ - DEBUG - Iter 0: ELBO after FB: -42753.7860 (LL -32547.0870, Δ=0.0000)
2025-09-26 02:37:20,986 - __main__ - DEBUG - Blending stats with ρ_niw=0.0500, ρ_tr=0.0500.
2025-09-26 02:37:21,037 - __main__ - DEBUG - Iter 0: ELBO after NIW update: -34305.4104 (Emit LL -23241.9190, NIW term -10513.1211, Δ=8448.3756)
2025-09-26 02:37:21,089 - __main__ - DEBUG - Iter 0: ELBO after Dirichlet update: -34305.0806 (Trans LL -10.2713, Dir term -24.2902, Δ=0.3298)
2025-09-26 02:37:21,157 - __main__ - DEBUG - Iter 0: ELBO after β update: -34305.8127 (Init LL -500.3513, Dir term -24.3281, logp(β) -15.8225, Δ=-0.7321)
2025-09-26 02:37:27,664 - __main__ - DEBUG - Iter 1: ELBO after FB: -34305.8127 (LL -23752.5410, Δ=0.0000)
2025-09-26 02:37:27,665 - __main__ - DEBUG - Blending stats with ρ_niw=0.0500, ρ_tr=0.0500.
2025-09-26 02:37:27,715 - __main__ - DEBUG - Iter 1: ELBO after NIW update: -34305.8127 (Emit LL -23241.9190, NIW term -10513.1211, Δ=0.0000)
2025-09-26 02:37:27,766 - __main__ - DEBUG - Iter 1: ELBO after Dirichlet update: -34305.8507 (Trans LL -10.2256, Dir term -24.4118, Δ=-0.0380)
2025-09-26 02:37:27,834 - __main__ - DEBUG - Iter 1: ELBO after β update: -34306.4144 (Init LL -500.8428, Dir term -24.4742, logp(β) -15.8324, Δ=-0.5637)
2025-09-26 02:37:34,323 - __main__ - DEBUG - Iter 2: ELBO after FB: -34306.4144 (LL -23752.9868, Δ=0.0000)
2025-09-26 02:37:34,324 - __main__ - DEBUG - Blending stats with ρ_niw=0.0500, ρ_tr=0.0500.
2025-09-26 02:37:34,374 - __main__ - DEBUG - Iter 2: ELBO after NIW update: -34306.4144 (Emit LL -23241.9190, NIW term -10513.1211, Δ=0.0000)
2025-09-26 02:37:34,425 - __main__ - DEBUG - Iter 2: ELBO after Dirichlet update: -34306.5837 (Trans LL -10.1934, Dir term -24.6757, Δ=-0.1693)
2025-09-26 02:37:34,494 - __main__ - DEBUG - Iter 2: ELBO after β update: -34307.0942 (Init LL -501.2570, Dir term -24.7694, logp(β) -15.8348, Δ=-0.5104)
2025-09-26 02:37:41,027 - __main__ - DEBUG - Iter 3: ELBO after FB: -34307.0942 (LL -23753.3688, Δ=0.0000)
2025-09-26 02:37:41,027 - __main__ - DEBUG - Blending stats with ρ_niw=0.0500, ρ_tr=0.0500.
2025-09-26 02:37:41,078 - __main__ - DEBUG - Iter 3: ELBO after NIW update: -34307.0942 (Emit LL -23241.9190, NIW term -10513.1211, Δ=0.0000)
2025-09-26 02:37:41,129 - __main__ - DEBUG - Iter 3: ELBO after Dirichlet update: -34307.3914 (Trans LL -10.1674, Dir term -25.0926, Δ=-0.2972)
2025-09-26 02:37:41,197 - __main__ - DEBUG - Iter 3: ELBO after β update: -34307.7182 (Init LL -501.4821, Dir term -25.1977, logp(β) -15.8314, Δ=-0.3268)
2025-09-26 02:37:47,686 - __main__ - DEBUG - Iter 4: ELBO after FB: -34307.7182 (LL -23753.5680, Δ=0.0000)
2025-09-26 02:37:47,688 - __main__ - DEBUG - Blending stats with ρ_niw=0.0500, ρ_tr=0.0500.
2025-09-26 02:37:47,740 - __main__ - DEBUG - Iter 4: ELBO after NIW update: -34307.7182 (Emit LL -23241.9190, NIW term -10513.1211, Δ=0.0000)
2025-09-26 02:37:47,789 - __main__ - DEBUG - Iter 4: ELBO after Dirichlet update: -34308.0837 (Trans LL -10.1518, Dir term -25.5788, Δ=-0.3655)
2025-09-26 02:37:47,846 - __main__ - DEBUG - Iter 4: ELBO after β update: -34308.0315 (Init LL -501.3820, Dir term -25.6299, logp(β) -15.8282, Δ=0.0522)
2025-09-26 02:37:47,848 - __main__ - INFO -    HMM refresh complete: ELBO=-86.0505, iters=0, max iters, states=40
2025-09-26 02:37:47,848 - __main__ - INFO -    ✅ HMM updated (next in 8,846 steps)
2025-09-26 02:37:47,849 - __main__ - INFO - 🔄 VAE refresh starting at step 19,456 with replay size 8x1024
2025-09-26 02:37:47,849 - __main__ - INFO -    Using span sampling (8192 timesteps, too large for full buffer)
2025-09-26 02:38:11,654 - __main__ - INFO -    VAE refresh complete: final_loss=2840.9407, avg_loss=2842.7957, steps=4/4, trend=improving, total_timesteps=8192, span_sampling=32_requested×4_steps, span_len=64
2025-09-26 02:38:11,655 - __main__ - INFO -    ✅ VAE updated (next in 8,846 steps)
2025-09-26 02:38:13,922 - __main__ - INFO - 📊 Episodes completed this rollout: 6
2025-09-26 02:38:13,923 - __main__ - INFO - 📈 Episode stats: avg return = 0.26, avg length = 216.5
2025-09-26 02:38:13,923 - __main__ - INFO - 🎯 Top 3 training actions: #2(4232), #3(3522), #4(3424)
2025-09-26 02:38:14,940 - __main__ - INFO - 🧪 Starting evaluation with 50 episodes...
2025-09-26 02:38:14,940 - __main__ - INFO -    Eval seed: 51
2025-09-26 02:38:14,940 - __main__ - INFO -    Max episode steps (eval): env default
2025-09-26 02:38:14,941 - nle.env.base - INFO - Not saving any NLE data.
2025-09-26 02:38:16,050 - __main__ - DEBUG - 🎯 Eval HMM masking: step 100 masked due to negative reward
2025-09-26 02:38:18,203 - __main__ - WARNING - ⚠️ Episode 1 terminated due to step limit.
2025-09-26 02:38:19,476 - __main__ - DEBUG - 🎯 Eval HMM masking: step 100 masked due to negative reward
2025-09-26 02:38:20,018 - __main__ - DEBUG - 🎯 Eval HMM masking: step 150 masked due to negative reward
2025-09-26 02:38:21,636 - __main__ - WARNING - ⚠️ Episode 2 terminated due to step limit.
2025-09-26 02:38:22,354 - __main__ - DEBUG - 🎯 Eval HMM masking: step 50 masked due to negative reward
2025-09-26 02:38:25,056 - __main__ - WARNING - ⚠️ Episode 3 terminated due to step limit.
2025-09-26 02:38:28,080 - __main__ - DEBUG - 🎯 Eval HMM masking: step 250 masked due to negative reward
2025-09-26 02:38:28,614 - __main__ - WARNING - ⚠️ Episode 5 terminated due to step limit.
2025-09-26 02:38:32,036 - __main__ - WARNING - ⚠️ Episode 6 terminated due to step limit.
2025-09-26 02:38:36,382 - __main__ - DEBUG - 🎯 Eval HMM masking: step 250 masked due to negative reward
2025-09-26 02:38:36,915 - __main__ - WARNING - ⚠️ Episode 9 terminated due to step limit.
2025-09-26 02:38:38,171 - __main__ - DEBUG - 🎯 Eval HMM masking: step 100 masked due to negative reward
2025-09-26 02:38:38,713 - __main__ - DEBUG - 🎯 Eval HMM masking: step 150 masked due to negative reward
2025-09-26 02:38:40,331 - __main__ - WARNING - ⚠️ Episode 10 terminated due to step limit.
2025-09-26 02:38:43,735 - __main__ - WARNING - ⚠️ Episode 11 terminated due to step limit.
2025-09-26 02:38:47,138 - __main__ - WARNING - ⚠️ Episode 12 terminated due to step limit.
2025-09-26 02:38:47,858 - __main__ - DEBUG - 🎯 Eval HMM masking: step 50 masked due to negative reward
2025-09-26 02:38:48,398 - __main__ - DEBUG - 🎯 Eval HMM masking: step 100 masked due to negative reward
2025-09-26 02:38:50,540 - __main__ - WARNING - ⚠️ Episode 13 terminated due to step limit.
2025-09-26 02:38:51,795 - __main__ - DEBUG - 🎯 Eval HMM masking: step 100 masked due to negative reward
2025-09-26 02:38:52,874 - __main__ - DEBUG - 🎯 Eval HMM masking: step 200 masked due to negative reward
2025-09-26 02:38:53,943 - __main__ - WARNING - ⚠️ Episode 14 terminated due to step limit.
2025-09-26 02:38:56,281 - __main__ - DEBUG - 🎯 Eval HMM masking: step 200 masked due to negative reward
2025-09-26 02:38:57,352 - __main__ - WARNING - ⚠️ Episode 15 terminated due to step limit.
2025-09-26 02:38:58,611 - __main__ - DEBUG - 🎯 Eval HMM masking: step 100 masked due to negative reward
2025-09-26 02:39:00,759 - __main__ - WARNING - ⚠️ Episode 16 terminated due to step limit.
2025-09-26 02:39:02,013 - __main__ - DEBUG - 🎯 Eval HMM masking: step 100 masked due to negative reward
2025-09-26 02:39:04,541 - __main__ - DEBUG - 🎯 Eval HMM masking: step 100 masked due to negative reward
2025-09-26 02:39:06,704 - __main__ - WARNING - ⚠️ Episode 19 terminated due to step limit.
2025-09-26 02:39:10,115 - __main__ - WARNING - ⚠️ Episode 20 terminated due to step limit.
2025-09-26 02:39:11,373 - __main__ - DEBUG - 🎯 Eval HMM masking: step 100 masked due to negative reward
2025-09-26 02:39:13,520 - __main__ - WARNING - ⚠️ Episode 21 terminated due to step limit.
2025-09-26 02:39:14,776 - __main__ - DEBUG - 🎯 Eval HMM masking: step 100 masked due to negative reward
2025-09-26 02:39:15,856 - __main__ - DEBUG - 🎯 Eval HMM masking: step 200 masked due to negative reward
2025-09-26 02:39:16,929 - __main__ - WARNING - ⚠️ Episode 22 terminated due to step limit.
2025-09-26 02:39:20,960 - __main__ - DEBUG - 🎯 Eval HMM masking: step 250 masked due to negative reward
2025-09-26 02:39:21,493 - __main__ - WARNING - ⚠️ Episode 24 terminated due to step limit.
2025-09-26 02:39:22,869 - __main__ - DEBUG - 🎯 Eval HMM masking: step 100 masked due to negative reward
2025-09-26 02:39:25,026 - __main__ - WARNING - ⚠️ Episode 26 terminated due to step limit.
2025-09-26 02:39:26,286 - __main__ - DEBUG - 🎯 Eval HMM masking: step 100 masked due to negative reward
2025-09-26 02:39:28,432 - __main__ - WARNING - ⚠️ Episode 27 terminated due to step limit.
2025-09-26 02:39:29,695 - __main__ - DEBUG - 🎯 Eval HMM masking: step 100 masked due to negative reward
2025-09-26 02:39:31,852 - __main__ - WARNING - ⚠️ Episode 28 terminated due to step limit.
2025-09-26 02:39:34,195 - __main__ - DEBUG - 🎯 Eval HMM masking: step 200 masked due to negative reward
2025-09-26 02:39:35,270 - __main__ - WARNING - ⚠️ Episode 29 terminated due to step limit.
2025-09-26 02:39:37,617 - __main__ - DEBUG - 🎯 Eval HMM masking: step 200 masked due to negative reward
2025-09-26 02:39:38,689 - __main__ - WARNING - ⚠️ Episode 30 terminated due to step limit.
2025-09-26 02:39:42,183 - __main__ - WARNING - ⚠️ Episode 33 terminated due to step limit.
2025-09-26 02:39:45,605 - __main__ - WARNING - ⚠️ Episode 34 terminated due to step limit.
2025-09-26 02:39:46,859 - __main__ - DEBUG - 🎯 Eval HMM masking: step 100 masked due to negative reward
2025-09-26 02:39:47,401 - __main__ - DEBUG - 🎯 Eval HMM masking: step 150 masked due to negative reward
2025-09-26 02:39:47,947 - __main__ - DEBUG - 🎯 Eval HMM masking: step 200 masked due to negative reward
2025-09-26 02:39:49,027 - __main__ - WARNING - ⚠️ Episode 35 terminated due to step limit.
2025-09-26 02:39:50,823 - __main__ - DEBUG - 🎯 Eval HMM masking: step 150 masked due to negative reward
2025-09-26 02:39:51,904 - __main__ - DEBUG - 🎯 Eval HMM masking: step 250 masked due to negative reward
2025-09-26 02:39:52,436 - __main__ - WARNING - ⚠️ Episode 36 terminated due to step limit.
2025-09-26 02:39:53,155 - __main__ - DEBUG - 🎯 Eval HMM masking: step 50 masked due to negative reward
2025-09-26 02:39:55,317 - __main__ - DEBUG - 🎯 Eval HMM masking: step 250 masked due to negative reward
2025-09-26 02:39:55,853 - __main__ - WARNING - ⚠️ Episode 37 terminated due to step limit.
2025-09-26 02:39:58,184 - __main__ - DEBUG - 🎯 Eval HMM masking: step 200 masked due to negative reward
2025-09-26 02:39:59,257 - __main__ - WARNING - ⚠️ Episode 38 terminated due to step limit.
2025-09-26 02:40:04,929 - __main__ - WARNING - ⚠️ Episode 40 terminated due to step limit.
2025-09-26 02:40:05,656 - __main__ - DEBUG - 🎯 Eval HMM masking: step 50 masked due to negative reward
2025-09-26 02:40:06,197 - __main__ - DEBUG - 🎯 Eval HMM masking: step 100 masked due to negative reward
2025-09-26 02:40:07,272 - __main__ - DEBUG - 🎯 Eval HMM masking: step 200 masked due to negative reward
2025-09-26 02:40:08,340 - __main__ - WARNING - ⚠️ Episode 41 terminated due to step limit.
2025-09-26 02:40:11,215 - __main__ - DEBUG - 🎯 Eval HMM masking: step 250 masked due to negative reward
2025-09-26 02:40:11,763 - __main__ - WARNING - ⚠️ Episode 42 terminated due to step limit.
2025-09-26 02:40:13,038 - __main__ - DEBUG - 🎯 Eval HMM masking: step 100 masked due to negative reward
2025-09-26 02:40:15,192 - __main__ - WARNING - ⚠️ Episode 43 terminated due to step limit.
2025-09-26 02:40:18,596 - __main__ - WARNING - ⚠️ Episode 44 terminated due to step limit.
2025-09-26 02:40:19,317 - __main__ - DEBUG - 🎯 Eval HMM masking: step 50 masked due to negative reward
2025-09-26 02:40:20,397 - __main__ - DEBUG - 🎯 Eval HMM masking: step 150 masked due to negative reward
2025-09-26 02:40:22,011 - __main__ - WARNING - ⚠️ Episode 45 terminated due to step limit.
2025-09-26 02:40:25,409 - __main__ - WARNING - ⚠️ Episode 46 terminated due to step limit.
2025-09-26 02:40:29,446 - __main__ - WARNING - ⚠️ Episode 48 terminated due to step limit.
2025-09-26 02:40:32,189 - __main__ - DEBUG - 🎯 Eval HMM masking: step 100 masked due to negative reward
2025-09-26 02:40:33,809 - __main__ - DEBUG - 🎯 Eval HMM masking: step 250 masked due to negative reward
2025-09-26 02:40:34,342 - __main__ - WARNING - ⚠️ Episode 50 terminated due to step limit.
2025-09-26 02:40:34,513 - __main__ - INFO - 📊 Evaluation Results (Current Round):
2025-09-26 02:40:34,513 - __main__ - INFO -    Episodes: 50
2025-09-26 02:40:34,513 - __main__ - INFO -    Time: 139.6s (2.8s/ep)
2025-09-26 02:40:34,513 - __main__ - INFO -    Average Return: -0.222 ± 0.662
2025-09-26 02:40:34,513 - __main__ - INFO -    Success Rate: 24.0%
2025-09-26 02:40:34,513 - __main__ - INFO -    Average Length: 245.4
2025-09-26 02:40:34,513 - __main__ - INFO -    Average Coverage: 63.0 positions
2025-09-26 02:40:34,514 - __main__ - INFO -    Episode Completions: 12 terminated (24.0%), 38 truncated (76.0%)
2025-09-26 02:40:34,514 - __main__ - INFO - 📈 Total Evaluation Statistics:
2025-09-26 02:40:34,514 - __main__ - INFO -    Total Episodes: 100
2025-09-26 02:40:34,514 - __main__ - INFO -    Total Average Return: -0.103 ± 0.643
2025-09-26 02:40:34,514 - __main__ - INFO -    Total Average Length: 240.1 ± 103.1
2025-09-26 02:40:34,514 - __main__ - INFO -    Total Completions: 28 terminated (28.0%), 72 truncated (72.0%)
2025-09-26 02:40:34,515 - __main__ - INFO -    Skill Entropy: 0.001
2025-09-26 02:40:34,515 - __main__ - INFO -    Used Skills: 1.0
2025-09-26 02:40:34,515 - __main__ - INFO -    Effective K: 1.00
2025-09-26 02:40:34,515 - __main__ - INFO - 🎯 Action Usage Statistics:
2025-09-26 02:40:34,515 - __main__ - INFO -    Unique actions in evaluation: 8
2025-09-26 02:40:34,515 - __main__ - INFO -    Unique actions in training: 8
2025-09-26 02:40:34,515 - __main__ - INFO -    Total unique actions: 8
2025-09-26 02:40:34,515 - __main__ - INFO -    Action coverage: 6.6%
2025-09-26 02:40:34,516 - __main__ - INFO -    Train action count: 20480
2025-09-26 02:40:34,516 - __main__ - INFO -    Eval action count: 24013
2025-09-26 02:40:34,516 - __main__ - INFO -    Train action entropy: 1.997
2025-09-26 02:40:34,516 - __main__ - INFO -    Eval action entropy: 1.935
2025-09-26 02:40:34,517 - __main__ - INFO -    Top 3 train actions: #2(4232), #3(3522), #4(3424)
2025-09-26 02:40:34,517 - __main__ - INFO -    Top 3 eval actions: #2(6338), #3(4428), #4(3816)
2025-09-26 02:40:36,775 - __main__ - INFO - 📊 Episodes completed this rollout: 4
2025-09-26 02:40:36,775 - __main__ - INFO - 📈 Episode stats: avg return = 0.18, avg length = 187.2
2025-09-26 02:40:36,775 - __main__ - INFO - 🎯 Top 3 training actions: #2(4576), #3(3727), #4(3604)
2025-09-26 02:40:40,049 - __main__ - INFO - 📊 Episodes completed this rollout: 3
2025-09-26 02:40:40,050 - __main__ - INFO - 📈 Episode stats: avg return = -0.59, avg length = 300.0
2025-09-26 02:40:40,050 - __main__ - INFO - 🎯 Top 3 training actions: #2(4852), #3(3911), #4(3825)
2025-09-26 02:40:43,304 - __main__ - INFO - 📊 Episodes completed this rollout: 3
2025-09-26 02:40:43,304 - __main__ - INFO - 📈 Episode stats: avg return = -0.32, avg length = 300.0
2025-09-26 02:40:43,305 - __main__ - INFO - 🎯 Top 3 training actions: #2(5074), #3(4106), #4(4036)
2025-09-26 02:40:46,586 - __main__ - INFO - 📊 Episodes completed this rollout: 4
2025-09-26 02:40:46,586 - __main__ - INFO - 📈 Episode stats: avg return = -0.27, avg length = 300.0
2025-09-26 02:40:46,586 - __main__ - INFO - 🎯 Top 3 training actions: #2(5339), #3(4295), #4(4202)
2025-09-26 02:40:49,849 - __main__ - INFO - 📊 Episodes completed this rollout: 5
2025-09-26 02:40:49,849 - __main__ - INFO - 📈 Episode stats: avg return = 0.33, avg length = 247.4
2025-09-26 02:40:49,850 - __main__ - INFO - 🎯 Top 3 training actions: #2(5657), #3(4475), #4(4356)
2025-09-26 02:40:53,105 - __main__ - INFO - 📊 Episodes completed this rollout: 3
2025-09-26 02:40:53,105 - __main__ - INFO - 📈 Episode stats: avg return = 0.11, avg length = 244.7
2025-09-26 02:40:53,106 - __main__ - INFO - 🎯 Top 3 training actions: #2(5958), #3(4652), #4(4548)
2025-09-26 02:40:56,407 - __main__ - INFO - 📊 Episodes completed this rollout: 5
2025-09-26 02:40:56,407 - __main__ - INFO - 📈 Episode stats: avg return = -0.39, avg length = 300.0
2025-09-26 02:40:56,408 - __main__ - INFO - 🎯 Top 3 training actions: #2(6353), #3(4833), #4(4692)
2025-09-26 02:40:59,645 - __main__ - INFO - 📊 Episodes completed this rollout: 3
2025-09-26 02:40:59,645 - __main__ - INFO - 📈 Episode stats: avg return = 0.52, avg length = 227.3
2025-09-26 02:40:59,645 - __main__ - INFO - 🎯 Top 3 training actions: #2(6679), #3(5018), #4(4891)
2025-09-26 02:41:00,660 - __main__ - INFO - 🔄 Synchronized model update at step 28,672
2025-09-26 02:41:00,660 - __main__ - INFO -    HMM interval: 8,846, VAE interval: 8,846
2025-09-26 02:41:00,661 - __main__ - INFO - 🚫 Model training masking: 828/9216 timesteps masked (9.0%) due to negative rewards (invalid actions)
2025-09-26 02:41:00,927 - __main__ - INFO - 🔄 Capping HMM batch size from 547 to 128 to prevent OOM
2025-09-26 02:41:00,927 - __main__ - INFO - 🔄 HMM refresh starting at step 28,672 with replay size 128x117
2025-09-26 02:41:07,820 - __main__ - DEBUG - Initial ELBO: -27064.3443
2025-09-26 02:41:07,820 - __main__ - DEBUG - Relative tol: 0.0100
2025-09-26 02:41:07,821 - __main__ - DEBUG - Relative elbo_drop_tol: 0.0100
2025-09-26 02:41:07,821 - __main__ - DEBUG - - Init -500.3513
2025-09-26 02:41:07,821 - __main__ - DEBUG - - Trans -6.9088
2025-09-26 02:41:07,821 - __main__ - DEBUG - - Emit -16003.8131
2025-09-26 02:41:07,821 - __main__ - DEBUG - - Entropy 0.0007
2025-09-26 02:41:07,821 - __main__ - DEBUG - - Dir -24.3281
2025-09-26 02:41:07,821 - __main__ - DEBUG - - NIW -10513.1211
2025-09-26 02:41:07,821 - __main__ - DEBUG - - Beta prior -15.8225
2025-09-26 02:41:14,956 - __main__ - DEBUG - Iter 0: ELBO after FB: -27064.3443 (LL -16511.0725, Δ=0.0000)
2025-09-26 02:41:14,957 - __main__ - DEBUG - Blending stats with ρ_niw=0.0500, ρ_tr=0.0500.
2025-09-26 02:41:15,008 - __main__ - DEBUG - Iter 0: ELBO after NIW update: -23262.9298 (Emit LL -11994.8742, NIW term -10720.6455, Δ=3801.4145)
2025-09-26 02:41:15,060 - __main__ - DEBUG - Iter 0: ELBO after Dirichlet update: -23262.8530 (Trans LL -6.7684, Dir term -24.3917, Δ=0.0769)
2025-09-26 02:41:15,129 - __main__ - DEBUG - Iter 0: ELBO after β update: -23263.5249 (Init LL -500.9876, Dir term -24.4174, logp(β) -15.8325, Δ=-0.6720)
2025-09-26 02:41:22,261 - __main__ - DEBUG - Iter 1: ELBO after FB: -23263.5249 (LL -12502.6295, Δ=0.0000)
2025-09-26 02:41:22,261 - __main__ - DEBUG - Blending stats with ρ_niw=0.0500, ρ_tr=0.0500.
2025-09-26 02:41:22,311 - __main__ - DEBUG - Iter 1: ELBO after NIW update: -23263.5249 (Emit LL -11994.8742, NIW term -10720.6455, Δ=0.0000)
2025-09-26 02:41:22,362 - __main__ - DEBUG - Iter 1: ELBO after Dirichlet update: -23263.5866 (Trans LL -6.7412, Dir term -24.5063, Δ=-0.0616)
2025-09-26 02:41:22,430 - __main__ - DEBUG - Iter 1: ELBO after β update: -23264.1729 (Init LL -501.4911, Dir term -24.5791, logp(β) -15.8424, Δ=-0.5863)
2025-09-26 02:41:29,479 - __main__ - DEBUG - Iter 2: ELBO after FB: -23264.1729 (LL -12503.1058, Δ=0.0000)
2025-09-26 02:41:29,480 - __main__ - DEBUG - Blending stats with ρ_niw=0.0500, ρ_tr=0.0500.
2025-09-26 02:41:29,567 - __main__ - DEBUG - Iter 2: ELBO after NIW update: -23264.1729 (Emit LL -11994.8742, NIW term -10720.6455, Δ=0.0000)
2025-09-26 02:41:29,618 - __main__ - DEBUG - Iter 2: ELBO after Dirichlet update: -23264.3719 (Trans LL -6.7202, Dir term -24.7991, Δ=-0.1990)
2025-09-26 02:41:29,686 - __main__ - DEBUG - Iter 2: ELBO after β update: -23264.8804 (Init LL -501.9077, Dir term -24.8888, logp(β) -15.8447, Δ=-0.5085)
2025-09-26 02:41:36,711 - __main__ - DEBUG - Iter 3: ELBO after FB: -23264.8804 (LL -12503.5014, Δ=0.0000)
2025-09-26 02:41:36,712 - __main__ - DEBUG - Blending stats with ρ_niw=0.0500, ρ_tr=0.0500.
2025-09-26 02:41:36,761 - __main__ - DEBUG - Iter 3: ELBO after NIW update: -23264.8804 (Emit LL -11994.8742, NIW term -10720.6455, Δ=0.0000)
2025-09-26 02:41:36,811 - __main__ - DEBUG - Iter 3: ELBO after Dirichlet update: -23265.1753 (Trans LL -6.7013, Dir term -25.2026, Δ=-0.2950)
2025-09-26 02:41:36,880 - __main__ - DEBUG - Iter 3: ELBO after β update: -23265.4346 (Init LL -502.0815, Dir term -25.2933, logp(β) -15.8394, Δ=-0.2593)
2025-09-26 02:41:43,930 - __main__ - DEBUG - Iter 4: ELBO after FB: -23265.4346 (LL -12503.6564, Δ=0.0000)
2025-09-26 02:41:43,931 - __main__ - DEBUG - Blending stats with ρ_niw=0.0500, ρ_tr=0.0500.
2025-09-26 02:41:43,981 - __main__ - DEBUG - Iter 4: ELBO after NIW update: -23265.4346 (Emit LL -11994.8742, NIW term -10720.6455, Δ=0.0000)
2025-09-26 02:41:44,032 - __main__ - DEBUG - Iter 4: ELBO after Dirichlet update: -23265.8340 (Trans LL -6.6951, Dir term -25.6990, Δ=-0.3994)
2025-09-26 02:41:44,089 - __main__ - DEBUG - Iter 4: ELBO after β update: -23265.7837 (Init LL -501.9998, Dir term -25.7318, logp(β) -15.8380, Δ=0.0503)
2025-09-26 02:41:44,091 - __main__ - INFO -    HMM refresh complete: ELBO=-34.9722, iters=0, max iters, states=40
2025-09-26 02:41:44,091 - __main__ - INFO -    ✅ HMM updated (next in 10,615 steps)
2025-09-26 02:41:44,092 - __main__ - INFO - 🔄 VAE refresh starting at step 28,672 with replay size 8x1152
2025-09-26 02:41:44,093 - __main__ - INFO -    Using span sampling (9216 timesteps, too large for full buffer)
2025-09-26 02:42:07,776 - __main__ - INFO -    VAE refresh complete: final_loss=2833.2769, avg_loss=2836.7627, steps=4/4, trend=improving, total_timesteps=9216, span_sampling=32_requested×4_steps, span_len=64
2025-09-26 02:42:07,777 - __main__ - INFO -    ✅ VAE updated (next in 10,615 steps)
2025-09-26 02:42:10,014 - __main__ - INFO - 📊 Episodes completed this rollout: 5
2025-09-26 02:42:10,014 - __main__ - INFO - 📈 Episode stats: avg return = 0.09, avg length = 246.0
2025-09-26 02:42:10,015 - __main__ - INFO - 🎯 Top 3 training actions: #2(6896), #3(5211), #4(5119)
2025-09-26 02:42:13,234 - __main__ - INFO - 📊 Episodes completed this rollout: 4
2025-09-26 02:42:13,234 - __main__ - INFO - 📈 Episode stats: avg return = 0.57, avg length = 166.8
2025-09-26 02:42:13,234 - __main__ - INFO - 🎯 Top 3 training actions: #2(7107), #3(5446), #4(5293)
2025-09-26 02:42:14,245 - __main__ - INFO - 🧪 Starting evaluation with 50 episodes...
2025-09-26 02:42:14,245 - __main__ - INFO -    Eval seed: 51
2025-09-26 02:42:14,245 - __main__ - INFO -    Max episode steps (eval): env default
2025-09-26 02:42:14,247 - nle.env.base - INFO - Not saving any NLE data.
2025-09-26 02:42:15,870 - __main__ - DEBUG - 🎯 Eval HMM masking: step 150 masked due to negative reward
2025-09-26 02:42:16,402 - __main__ - DEBUG - 🎯 Eval HMM masking: step 200 masked due to negative reward
2025-09-26 02:42:17,443 - __main__ - WARNING - ⚠️ Episode 1 terminated due to step limit.
2025-09-26 02:42:21,257 - __main__ - WARNING - ⚠️ Episode 3 terminated due to step limit.
2025-09-26 02:42:23,558 - __main__ - DEBUG - 🎯 Eval HMM masking: step 200 masked due to negative reward
2025-09-26 02:42:24,615 - __main__ - WARNING - ⚠️ Episode 4 terminated due to step limit.
2025-09-26 02:42:25,325 - __main__ - DEBUG - 🎯 Eval HMM masking: step 50 masked due to negative reward
2025-09-26 02:42:26,934 - __main__ - DEBUG - 🎯 Eval HMM masking: step 200 masked due to negative reward
2025-09-26 02:42:27,992 - __main__ - WARNING - ⚠️ Episode 5 terminated due to step limit.
2025-09-26 02:42:31,345 - __main__ - WARNING - ⚠️ Episode 6 terminated due to step limit.
2025-09-26 02:42:33,111 - __main__ - DEBUG - 🎯 Eval HMM masking: step 150 masked due to negative reward
2025-09-26 02:42:33,644 - __main__ - DEBUG - 🎯 Eval HMM masking: step 200 masked due to negative reward
2025-09-26 02:42:34,697 - __main__ - WARNING - ⚠️ Episode 7 terminated due to step limit.
2025-09-26 02:42:38,050 - __main__ - WARNING - ⚠️ Episode 8 terminated due to step limit.
2025-09-26 02:42:39,603 - __main__ - DEBUG - 🎯 Eval HMM masking: step 50 masked due to negative reward
2025-09-26 02:42:41,202 - __main__ - DEBUG - 🎯 Eval HMM masking: step 200 masked due to negative reward
2025-09-26 02:42:41,732 - __main__ - DEBUG - 🎯 Eval HMM masking: step 250 masked due to negative reward
2025-09-26 02:42:42,261 - __main__ - WARNING - ⚠️ Episode 10 terminated due to step limit.
2025-09-26 02:42:45,615 - __main__ - WARNING - ⚠️ Episode 11 terminated due to step limit.
2025-09-26 02:42:48,983 - __main__ - WARNING - ⚠️ Episode 12 terminated due to step limit.
2025-09-26 02:42:52,628 - __main__ - DEBUG - 🎯 Eval HMM masking: step 100 masked due to negative reward
2025-09-26 02:42:53,697 - __main__ - DEBUG - 🎯 Eval HMM masking: step 200 masked due to negative reward
2025-09-26 02:42:54,755 - __main__ - WARNING - ⚠️ Episode 14 terminated due to step limit.
2025-09-26 02:42:55,462 - __main__ - DEBUG - 🎯 Eval HMM masking: step 50 masked due to negative reward
2025-09-26 02:42:55,994 - __main__ - DEBUG - 🎯 Eval HMM masking: step 100 masked due to negative reward
2025-09-26 02:42:56,527 - __main__ - DEBUG - 🎯 Eval HMM masking: step 150 masked due to negative reward
2025-09-26 02:42:59,711 - __main__ - DEBUG - 🎯 Eval HMM masking: step 250 masked due to negative reward
2025-09-26 02:43:00,237 - __main__ - WARNING - ⚠️ Episode 16 terminated due to step limit.
2025-09-26 02:43:03,595 - __main__ - WARNING - ⚠️ Episode 17 terminated due to step limit.
2025-09-26 02:43:05,673 - __main__ - DEBUG - 🎯 Eval HMM masking: step 50 masked due to negative reward
2025-09-26 02:43:07,796 - __main__ - DEBUG - 🎯 Eval HMM masking: step 250 masked due to negative reward
2025-09-26 02:43:08,321 - __main__ - WARNING - ⚠️ Episode 20 terminated due to step limit.
2025-09-26 02:43:09,030 - __main__ - DEBUG - 🎯 Eval HMM masking: step 50 masked due to negative reward
2025-09-26 02:43:09,559 - __main__ - DEBUG - 🎯 Eval HMM masking: step 100 masked due to negative reward
2025-09-26 02:43:11,679 - __main__ - WARNING - ⚠️ Episode 21 terminated due to step limit.
2025-09-26 02:43:15,032 - __main__ - WARNING - ⚠️ Episode 22 terminated due to step limit.
2025-09-26 02:43:17,772 - __main__ - DEBUG - 🎯 Eval HMM masking: step 200 masked due to negative reward
2025-09-26 02:43:18,831 - __main__ - WARNING - ⚠️ Episode 24 terminated due to step limit.
2025-09-26 02:43:20,701 - __main__ - DEBUG - 🎯 Eval HMM masking: step 100 masked due to negative reward
2025-09-26 02:43:22,846 - __main__ - WARNING - ⚠️ Episode 26 terminated due to step limit.
2025-09-26 02:43:26,218 - __main__ - WARNING - ⚠️ Episode 27 terminated due to step limit.
2025-09-26 02:43:27,980 - __main__ - DEBUG - 🎯 Eval HMM masking: step 150 masked due to negative reward
2025-09-26 02:43:29,043 - __main__ - DEBUG - 🎯 Eval HMM masking: step 250 masked due to negative reward
2025-09-26 02:43:29,563 - __main__ - WARNING - ⚠️ Episode 28 terminated due to step limit.
2025-09-26 02:43:30,271 - __main__ - DEBUG - 🎯 Eval HMM masking: step 50 masked due to negative reward
2025-09-26 02:43:30,802 - __main__ - DEBUG - 🎯 Eval HMM masking: step 100 masked due to negative reward
2025-09-26 02:43:32,926 - __main__ - WARNING - ⚠️ Episode 29 terminated due to step limit.
2025-09-26 02:43:36,279 - __main__ - WARNING - ⚠️ Episode 30 terminated due to step limit.
2025-09-26 02:43:37,512 - __main__ - DEBUG - 🎯 Eval HMM masking: step 50 masked due to negative reward
2025-09-26 02:43:38,573 - __main__ - DEBUG - 🎯 Eval HMM masking: step 150 masked due to negative reward
2025-09-26 02:43:40,163 - __main__ - WARNING - ⚠️ Episode 32 terminated due to step limit.
2025-09-26 02:43:44,305 - __main__ - WARNING - ⚠️ Episode 34 terminated due to step limit.
2025-09-26 02:43:45,818 - __main__ - DEBUG - 🎯 Eval HMM masking: step 50 masked due to negative reward
2025-09-26 02:43:48,459 - __main__ - WARNING - ⚠️ Episode 36 terminated due to step limit.
2025-09-26 02:43:52,370 - __main__ - DEBUG - 🎯 Eval HMM masking: step 100 masked due to negative reward
2025-09-26 02:43:54,486 - __main__ - WARNING - ⚠️ Episode 38 terminated due to step limit.
2025-09-26 02:43:55,195 - __main__ - DEBUG - 🎯 Eval HMM masking: step 50 masked due to negative reward
2025-09-26 02:43:57,312 - __main__ - DEBUG - 🎯 Eval HMM masking: step 250 masked due to negative reward
2025-09-26 02:43:57,836 - __main__ - WARNING - ⚠️ Episode 39 terminated due to step limit.
2025-09-26 02:43:59,072 - __main__ - DEBUG - 🎯 Eval HMM masking: step 100 masked due to negative reward
2025-09-26 02:44:02,588 - __main__ - WARNING - ⚠️ Episode 41 terminated due to step limit.
2025-09-26 02:44:05,467 - __main__ - DEBUG - 🎯 Eval HMM masking: step 250 masked due to negative reward
2025-09-26 02:44:05,993 - __main__ - WARNING - ⚠️ Episode 43 terminated due to step limit.
2025-09-26 02:44:08,826 - __main__ - DEBUG - 🎯 Eval HMM masking: step 250 masked due to negative reward
2025-09-26 02:44:09,350 - __main__ - WARNING - ⚠️ Episode 44 terminated due to step limit.
2025-09-26 02:44:11,473 - __main__ - DEBUG - 🎯 Eval HMM masking: step 100 masked due to negative reward
2025-09-26 02:44:13,576 - __main__ - WARNING - ⚠️ Episode 46 terminated due to step limit.
2025-09-26 02:44:15,346 - __main__ - DEBUG - 🎯 Eval HMM masking: step 150 masked due to negative reward
2025-09-26 02:44:16,413 - __main__ - DEBUG - 🎯 Eval HMM masking: step 250 masked due to negative reward
2025-09-26 02:44:17,174 - __main__ - WARNING - ⚠️ Episode 47 terminated due to step limit.
2025-09-26 02:44:20,533 - __main__ - WARNING - ⚠️ Episode 48 terminated due to step limit.
2025-09-26 02:44:23,364 - __main__ - DEBUG - 🎯 Eval HMM masking: step 250 masked due to negative reward
2025-09-26 02:44:23,889 - __main__ - WARNING - ⚠️ Episode 49 terminated due to step limit.
2025-09-26 02:44:26,194 - __main__ - DEBUG - 🎯 Eval HMM masking: step 200 masked due to negative reward
2025-09-26 02:44:26,729 - __main__ - DEBUG - 🎯 Eval HMM masking: step 250 masked due to negative reward
2025-09-26 02:44:27,252 - __main__ - WARNING - ⚠️ Episode 50 terminated due to step limit.
2025-09-26 02:44:27,418 - __main__ - INFO - 📊 Evaluation Results (Current Round):
2025-09-26 02:44:27,418 - __main__ - INFO -    Episodes: 50
2025-09-26 02:44:27,418 - __main__ - INFO -    Time: 133.2s (2.7s/ep)
2025-09-26 02:44:27,419 - __main__ - INFO -    Average Return: -0.258 ± 0.772
2025-09-26 02:44:27,419 - __main__ - INFO -    Success Rate: 30.0%
2025-09-26 02:44:27,419 - __main__ - INFO -    Average Length: 237.4
2025-09-26 02:44:27,419 - __main__ - INFO -    Average Coverage: 49.9 positions
2025-09-26 02:44:27,419 - __main__ - INFO -    Episode Completions: 15 terminated (30.0%), 35 truncated (70.0%)
2025-09-26 02:44:27,420 - __main__ - INFO - 📈 Total Evaluation Statistics:
2025-09-26 02:44:27,420 - __main__ - INFO -    Total Episodes: 150
2025-09-26 02:44:27,420 - __main__ - INFO -    Total Average Return: -0.155 ± 0.693
2025-09-26 02:44:27,420 - __main__ - INFO -    Total Average Length: 239.2 ± 103.0
2025-09-26 02:44:27,420 - __main__ - INFO -    Total Completions: 43 terminated (28.7%), 107 truncated (71.3%)
2025-09-26 02:44:27,420 - __main__ - INFO -    Skill Entropy: 0.002
2025-09-26 02:44:27,420 - __main__ - INFO -    Used Skills: 1.0
2025-09-26 02:44:27,420 - __main__ - INFO -    Effective K: 1.00
2025-09-26 02:44:27,421 - __main__ - INFO - 🎯 Action Usage Statistics:
2025-09-26 02:44:27,421 - __main__ - INFO -    Unique actions in evaluation: 8
2025-09-26 02:44:27,421 - __main__ - INFO -    Unique actions in training: 8
2025-09-26 02:44:27,421 - __main__ - INFO -    Total unique actions: 8
2025-09-26 02:44:27,421 - __main__ - INFO -    Action coverage: 6.6%
2025-09-26 02:44:27,421 - __main__ - INFO -    Train action count: 30720
2025-09-26 02:44:27,421 - __main__ - INFO -    Eval action count: 35884
2025-09-26 02:44:27,422 - __main__ - INFO -    Train action entropy: 1.965
2025-09-26 02:44:27,422 - __main__ - INFO -    Eval action entropy: 1.918
2025-09-26 02:44:27,422 - __main__ - INFO -    Top 3 train actions: #2(7107), #3(5446), #4(5293)
2025-09-26 02:44:27,422 - __main__ - INFO -    Top 3 eval actions: #2(8873), #3(7782), #4(5263)
2025-09-26 02:44:29,686 - __main__ - INFO - 📊 Episodes completed this rollout: 5
2025-09-26 02:44:29,686 - __main__ - INFO - 📈 Episode stats: avg return = -0.45, avg length = 254.6
2025-09-26 02:44:29,686 - __main__ - INFO - 🎯 Top 3 training actions: #2(7319), #3(5705), #4(5430)
2025-09-26 02:44:32,900 - __main__ - INFO - 📊 Episodes completed this rollout: 3
2025-09-26 02:44:32,901 - __main__ - INFO - 📈 Episode stats: avg return = -0.11, avg length = 267.7
2025-09-26 02:44:32,901 - __main__ - INFO - 🎯 Top 3 training actions: #2(7588), #3(5897), #4(5610)
2025-09-26 02:44:36,143 - __main__ - INFO - 📊 Episodes completed this rollout: 7
2025-09-26 02:44:36,144 - __main__ - INFO - 📈 Episode stats: avg return = 0.35, avg length = 203.9
2025-09-26 02:44:36,144 - __main__ - INFO - 🎯 Top 3 training actions: #2(7930), #3(6090), #4(5769)
2025-09-26 02:44:39,378 - __main__ - INFO - 📊 Episodes completed this rollout: 4
2025-09-26 02:44:39,378 - __main__ - INFO - 📈 Episode stats: avg return = -0.14, avg length = 231.5
2025-09-26 02:44:39,378 - __main__ - INFO - 🎯 Top 3 training actions: #2(8345), #3(6289), #4(5921)
2025-09-26 02:44:42,600 - __main__ - INFO - 📊 Episodes completed this rollout: 3
2025-09-26 02:44:42,601 - __main__ - INFO - 📈 Episode stats: avg return = 0.03, avg length = 227.7
2025-09-26 02:44:42,601 - __main__ - INFO - 🎯 Top 3 training actions: #2(8721), #3(6528), #4(6075)
2025-09-26 02:44:45,829 - __main__ - INFO - 📊 Episodes completed this rollout: 3
2025-09-26 02:44:45,830 - __main__ - INFO - 📈 Episode stats: avg return = -0.58, avg length = 300.0
2025-09-26 02:44:45,830 - __main__ - INFO - 🎯 Top 3 training actions: #2(9074), #3(6752), #4(6281)
2025-09-26 02:44:49,077 - __main__ - INFO - 📊 Episodes completed this rollout: 5
2025-09-26 02:44:49,077 - __main__ - INFO - 📈 Episode stats: avg return = -0.22, avg length = 243.0
2025-09-26 02:44:49,078 - __main__ - INFO - 🎯 Top 3 training actions: #2(9461), #3(6938), #4(6506)
2025-09-26 02:44:52,323 - __main__ - INFO - 📊 Episodes completed this rollout: 7
2025-09-26 02:44:52,323 - __main__ - INFO - 📈 Episode stats: avg return = 0.38, avg length = 203.1
2025-09-26 02:44:52,323 - __main__ - INFO - 🎯 Top 3 training actions: #2(9751), #3(7141), #4(6757)
2025-09-26 02:44:55,549 - __main__ - INFO - 📊 Episodes completed this rollout: 4
2025-09-26 02:44:55,549 - __main__ - INFO - 📈 Episode stats: avg return = 0.30, avg length = 183.8
2025-09-26 02:44:55,549 - __main__ - INFO - 🎯 Top 3 training actions: #2(10024), #3(7402), #4(7005)
2025-09-26 02:44:56,556 - __main__ - INFO - 🔄 Synchronized model update at step 39,936
2025-09-26 02:44:56,556 - __main__ - INFO -    HMM interval: 10,615, VAE interval: 10,615
2025-09-26 02:44:56,557 - __main__ - INFO - 🚫 Model training masking: 1287/11264 timesteps masked (11.4%) due to negative rewards (invalid actions)
2025-09-26 02:44:56,891 - __main__ - INFO - 🔄 Capping HMM batch size from 898 to 128 to prevent OOM
2025-09-26 02:44:56,891 - __main__ - INFO - 🔄 HMM refresh starting at step 39,936 with replay size 128x108
2025-09-26 02:45:03,061 - __main__ - DEBUG - Initial ELBO: -23279.8314
2025-09-26 02:45:03,065 - __main__ - DEBUG - Relative tol: 0.0100
2025-09-26 02:45:03,065 - __main__ - DEBUG - Relative elbo_drop_tol: 0.0100
2025-09-26 02:45:03,065 - __main__ - DEBUG - - Init -500.9876
2025-09-26 02:45:03,065 - __main__ - DEBUG - - Trans -7.3274
2025-09-26 02:45:03,065 - __main__ - DEBUG - - Emit -12010.6216
2025-09-26 02:45:03,065 - __main__ - DEBUG - - Entropy 0.0006
2025-09-26 02:45:03,065 - __main__ - DEBUG - - Dir -24.4174
2025-09-26 02:45:03,065 - __main__ - DEBUG - - NIW -10720.6455
2025-09-26 02:45:03,065 - __main__ - DEBUG - - Beta prior -15.8325
2025-09-26 02:45:09,581 - __main__ - DEBUG - Iter 0: ELBO after FB: -23279.8314 (LL -12518.9360, Δ=0.0000)
2025-09-26 02:45:09,582 - __main__ - DEBUG - Blending stats with ρ_niw=0.0500, ρ_tr=0.0500.
2025-09-26 02:45:09,632 - __main__ - DEBUG - Iter 0: ELBO after NIW update: -19067.7761 (Emit LL -7524.7626, NIW term -10994.4492, Δ=4212.0553)
2025-09-26 02:45:09,682 - __main__ - DEBUG - Iter 0: ELBO after Dirichlet update: -19067.6892 (Trans LL -7.1505, Dir term -24.5074, Δ=0.0869)
2025-09-26 02:45:09,750 - __main__ - DEBUG - Iter 0: ELBO after β update: -19068.3164 (Init LL -501.5834, Dir term -24.5285, logp(β) -15.8428, Δ=-0.6272)
2025-09-26 02:45:16,262 - __main__ - DEBUG - Iter 1: ELBO after FB: -19068.3164 (LL -8033.4958, Δ=-0.0000)
2025-09-26 02:45:16,263 - __main__ - DEBUG - Blending stats with ρ_niw=0.0500, ρ_tr=0.0500.
2025-09-26 02:45:16,313 - __main__ - DEBUG - Iter 1: ELBO after NIW update: -19068.3164 (Emit LL -7524.7626, NIW term -10994.4492, Δ=0.0000)
2025-09-26 02:45:16,363 - __main__ - DEBUG - Iter 1: ELBO after Dirichlet update: -19068.3777 (Trans LL -7.1232, Dir term -24.6170, Δ=-0.0613)
2025-09-26 02:45:16,431 - __main__ - DEBUG - Iter 1: ELBO after β update: -19068.9854 (Init LL -502.1108, Dir term -24.6874, logp(β) -15.8527, Δ=-0.6077)
2025-09-26 02:45:22,952 - __main__ - DEBUG - Iter 2: ELBO after FB: -19068.9854 (LL -8033.9960, Δ=0.0000)
2025-09-26 02:45:22,953 - __main__ - DEBUG - Blending stats with ρ_niw=0.0500, ρ_tr=0.0500.
2025-09-26 02:45:23,003 - __main__ - DEBUG - Iter 2: ELBO after NIW update: -19068.9854 (Emit LL -7524.7626, NIW term -10994.4492, Δ=0.0000)
2025-09-26 02:45:23,054 - __main__ - DEBUG - Iter 2: ELBO after Dirichlet update: -19069.1807 (Trans LL -7.0998, Dir term -24.9062, Δ=-0.1953)
2025-09-26 02:45:23,121 - __main__ - DEBUG - Iter 2: ELBO after β update: -19069.6927 (Init LL -502.5246, Dir term -25.0024, logp(β) -15.8547, Δ=-0.5119)
2025-09-26 02:45:29,644 - __main__ - DEBUG - Iter 3: ELBO after FB: -19069.6927 (LL -8034.3864, Δ=0.0000)
2025-09-26 02:45:29,644 - __main__ - DEBUG - Blending stats with ρ_niw=0.0500, ρ_tr=0.0500.
2025-09-26 02:45:29,695 - __main__ - DEBUG - Iter 3: ELBO after NIW update: -19069.6927 (Emit LL -7524.7626, NIW term -10994.4492, Δ=0.0000)
2025-09-26 02:45:29,745 - __main__ - DEBUG - Iter 3: ELBO after Dirichlet update: -19070.0093 (Trans LL -7.0809, Dir term -25.3380, Δ=-0.3167)
2025-09-26 02:45:29,812 - __main__ - DEBUG - Iter 3: ELBO after β update: -19070.2484 (Init LL -502.6711, Dir term -25.4366, logp(β) -15.8487, Δ=-0.2391)
2025-09-26 02:45:36,337 - __main__ - DEBUG - Iter 4: ELBO after FB: -19070.2484 (LL -8034.5140, Δ=0.0000)
2025-09-26 02:45:36,338 - __main__ - DEBUG - Blending stats with ρ_niw=0.0500, ρ_tr=0.0500.
2025-09-26 02:45:36,388 - __main__ - DEBUG - Iter 4: ELBO after NIW update: -19070.2484 (Emit LL -7524.7626, NIW term -10994.4492, Δ=0.0000)
2025-09-26 02:45:36,438 - __main__ - DEBUG - Iter 4: ELBO after Dirichlet update: -19070.6213 (Trans LL -7.0741, Dir term -25.8163, Δ=-0.3728)
2025-09-26 02:45:36,497 - __main__ - DEBUG - Iter 4: ELBO after β update: -19070.5947 (Init LL -502.6157, Dir term -25.8485, logp(β) -15.8452, Δ=0.0266)
2025-09-26 02:45:36,499 - __main__ - INFO -    HMM refresh complete: ELBO=-85.3252, iters=0, max iters, states=40
2025-09-26 02:45:36,499 - __main__ - INFO -    ✅ HMM updated (next in 12,000 steps)
2025-09-26 02:45:36,499 - __main__ - INFO - 🔄 VAE refresh starting at step 39,936 with replay size 8x1408
2025-09-26 02:45:36,500 - __main__ - INFO -    Using span sampling (11264 timesteps, too large for full buffer)
2025-09-26 02:45:59,430 - __main__ - INFO -    VAE refresh complete: final_loss=2841.5854, avg_loss=2848.6259, steps=4/4, trend=improving, total_timesteps=11264, span_sampling=32_requested×4_steps, span_len=64
2025-09-26 02:45:59,431 - __main__ - INFO -    ✅ VAE updated (next in 12,000 steps)
2025-09-26 02:46:01,668 - __main__ - INFO - 📊 Episodes completed this rollout: 5
2025-09-26 02:46:01,668 - __main__ - INFO - 📈 Episode stats: avg return = -0.11, avg length = 278.0
2025-09-26 02:46:01,669 - __main__ - INFO - 🎯 Top 3 training actions: #2(10393), #3(7646), #4(7212)
2025-09-26 02:46:02,676 - __main__ - INFO - 🧪 Starting evaluation with 50 episodes...
2025-09-26 02:46:02,676 - __main__ - INFO -    Eval seed: 51
2025-09-26 02:46:02,676 - __main__ - INFO -    Max episode steps (eval): env default
2025-09-26 02:46:02,677 - nle.env.base - INFO - Not saving any NLE data.
2025-09-26 02:46:03,238 - __main__ - DEBUG - 🎯 Eval HMM masking: step 50 masked due to negative reward
2025-09-26 02:46:03,771 - __main__ - DEBUG - 🎯 Eval HMM masking: step 100 masked due to negative reward
2025-09-26 02:46:05,885 - __main__ - WARNING - ⚠️ Episode 1 terminated due to step limit.
2025-09-26 02:46:07,122 - __main__ - DEBUG - 🎯 Eval HMM masking: step 100 masked due to negative reward
2025-09-26 02:46:07,980 - __main__ - DEBUG - 🎯 Eval HMM masking: step 50 masked due to negative reward
2025-09-26 02:46:08,509 - __main__ - DEBUG - 🎯 Eval HMM masking: step 100 masked due to negative reward
2025-09-26 02:46:10,102 - __main__ - DEBUG - 🎯 Eval HMM masking: step 250 masked due to negative reward
2025-09-26 02:46:10,626 - __main__ - WARNING - ⚠️ Episode 3 terminated due to step limit.
2025-09-26 02:46:12,942 - __main__ - DEBUG - 🎯 Eval HMM masking: step 200 masked due to negative reward
2025-09-26 02:46:13,477 - __main__ - DEBUG - 🎯 Eval HMM masking: step 250 masked due to negative reward
2025-09-26 02:46:14,002 - __main__ - WARNING - ⚠️ Episode 4 terminated due to step limit.
2025-09-26 02:46:17,369 - __main__ - WARNING - ⚠️ Episode 5 terminated due to step limit.
2025-09-26 02:46:19,517 - __main__ - DEBUG - 🎯 Eval HMM masking: step 150 masked due to negative reward
2025-09-26 02:46:21,108 - __main__ - WARNING - ⚠️ Episode 7 terminated due to step limit.
2025-09-26 02:46:24,470 - __main__ - WARNING - ⚠️ Episode 8 terminated due to step limit.
2025-09-26 02:46:25,180 - __main__ - DEBUG - 🎯 Eval HMM masking: step 50 masked due to negative reward
2025-09-26 02:46:25,713 - __main__ - DEBUG - 🎯 Eval HMM masking: step 100 masked due to negative reward
2025-09-26 02:46:26,249 - __main__ - DEBUG - 🎯 Eval HMM masking: step 150 masked due to negative reward
2025-09-26 02:46:26,787 - __main__ - DEBUG - 🎯 Eval HMM masking: step 200 masked due to negative reward
2025-09-26 02:46:27,321 - __main__ - DEBUG - 🎯 Eval HMM masking: step 250 masked due to negative reward
2025-09-26 02:46:27,844 - __main__ - WARNING - ⚠️ Episode 9 terminated due to step limit.
2025-09-26 02:46:30,155 - __main__ - DEBUG - 🎯 Eval HMM masking: step 200 masked due to negative reward
2025-09-26 02:46:30,688 - __main__ - DEBUG - 🎯 Eval HMM masking: step 250 masked due to negative reward
2025-09-26 02:46:31,215 - __main__ - WARNING - ⚠️ Episode 10 terminated due to step limit.
2025-09-26 02:46:32,457 - __main__ - DEBUG - 🎯 Eval HMM masking: step 100 masked due to negative reward
2025-09-26 02:46:32,991 - __main__ - DEBUG - 🎯 Eval HMM masking: step 150 masked due to negative reward
2025-09-26 02:46:34,579 - __main__ - WARNING - ⚠️ Episode 11 terminated due to step limit.
2025-09-26 02:46:35,938 - __main__ - DEBUG - 🎯 Eval HMM masking: step 100 masked due to negative reward
2025-09-26 02:46:38,080 - __main__ - WARNING - ⚠️ Episode 13 terminated due to step limit.
2025-09-26 02:46:40,387 - __main__ - DEBUG - 🎯 Eval HMM masking: step 200 masked due to negative reward
2025-09-26 02:46:41,446 - __main__ - WARNING - ⚠️ Episode 14 terminated due to step limit.
2025-09-26 02:46:44,938 - __main__ - DEBUG - 🎯 Eval HMM masking: step 250 masked due to negative reward
2025-09-26 02:46:45,460 - __main__ - WARNING - ⚠️ Episode 16 terminated due to step limit.
2025-09-26 02:46:46,715 - __main__ - DEBUG - 🎯 Eval HMM masking: step 100 masked due to negative reward
2025-09-26 02:46:48,433 - __main__ - DEBUG - 🎯 Eval HMM masking: step 100 masked due to negative reward
2025-09-26 02:46:48,965 - __main__ - DEBUG - 🎯 Eval HMM masking: step 150 masked due to negative reward
2025-09-26 02:46:50,031 - __main__ - DEBUG - 🎯 Eval HMM masking: step 250 masked due to negative reward
2025-09-26 02:46:50,554 - __main__ - WARNING - ⚠️ Episode 18 terminated due to step limit.
2025-09-26 02:46:51,264 - __main__ - DEBUG - 🎯 Eval HMM masking: step 50 masked due to negative reward
2025-09-26 02:46:53,400 - __main__ - DEBUG - 🎯 Eval HMM masking: step 250 masked due to negative reward
2025-09-26 02:46:53,927 - __main__ - WARNING - ⚠️ Episode 19 terminated due to step limit.
2025-09-26 02:46:57,298 - __main__ - WARNING - ⚠️ Episode 20 terminated due to step limit.
2025-09-26 02:46:58,538 - __main__ - DEBUG - 🎯 Eval HMM masking: step 100 masked due to negative reward
2025-09-26 02:46:59,602 - __main__ - DEBUG - 🎯 Eval HMM masking: step 200 masked due to negative reward
2025-09-26 02:47:00,136 - __main__ - DEBUG - 🎯 Eval HMM masking: step 250 masked due to negative reward
2025-09-26 02:47:00,663 - __main__ - WARNING - ⚠️ Episode 21 terminated due to step limit.
2025-09-26 02:47:04,024 - __main__ - WARNING - ⚠️ Episode 22 terminated due to step limit.
2025-09-26 02:47:04,735 - __main__ - DEBUG - 🎯 Eval HMM masking: step 50 masked due to negative reward
2025-09-26 02:47:05,273 - __main__ - DEBUG - 🎯 Eval HMM masking: step 100 masked due to negative reward
2025-09-26 02:47:07,390 - __main__ - WARNING - ⚠️ Episode 23 terminated due to step limit.
2025-09-26 02:47:10,753 - __main__ - WARNING - ⚠️ Episode 24 terminated due to step limit.
2025-09-26 02:47:13,066 - __main__ - DEBUG - 🎯 Eval HMM masking: step 200 masked due to negative reward
2025-09-26 02:47:14,124 - __main__ - WARNING - ⚠️ Episode 25 terminated due to step limit.
2025-09-26 02:47:15,901 - __main__ - DEBUG - 🎯 Eval HMM masking: step 150 masked due to negative reward
2025-09-26 02:47:17,491 - __main__ - WARNING - ⚠️ Episode 26 terminated due to step limit.
2025-09-26 02:47:18,365 - __main__ - DEBUG - 🎯 Eval HMM masking: step 50 masked due to negative reward
2025-09-26 02:47:21,447 - __main__ - DEBUG - 🎯 Eval HMM masking: step 50 masked due to negative reward
2025-09-26 02:47:23,578 - __main__ - DEBUG - 🎯 Eval HMM masking: step 250 masked due to negative reward
2025-09-26 02:47:24,104 - __main__ - WARNING - ⚠️ Episode 31 terminated due to step limit.
2025-09-26 02:47:24,816 - __main__ - DEBUG - 🎯 Eval HMM masking: step 50 masked due to negative reward
2025-09-26 02:47:27,474 - __main__ - WARNING - ⚠️ Episode 32 terminated due to step limit.
2025-09-26 02:47:28,713 - __main__ - DEBUG - 🎯 Eval HMM masking: step 100 masked due to negative reward
2025-09-26 02:47:31,378 - __main__ - DEBUG - 🎯 Eval HMM masking: step 50 masked due to negative reward
2025-09-26 02:47:34,028 - __main__ - WARNING - ⚠️ Episode 35 terminated due to step limit.
2025-09-26 02:47:36,874 - __main__ - DEBUG - 🎯 Eval HMM masking: step 250 masked due to negative reward
2025-09-26 02:47:37,403 - __main__ - WARNING - ⚠️ Episode 36 terminated due to step limit.
2025-09-26 02:47:38,646 - __main__ - DEBUG - 🎯 Eval HMM masking: step 100 masked due to negative reward
2025-09-26 02:47:39,179 - __main__ - DEBUG - 🎯 Eval HMM masking: step 150 masked due to negative reward
2025-09-26 02:47:39,713 - __main__ - DEBUG - 🎯 Eval HMM masking: step 200 masked due to negative reward
2025-09-26 02:47:40,247 - __main__ - DEBUG - 🎯 Eval HMM masking: step 250 masked due to negative reward
2025-09-26 02:47:40,772 - __main__ - WARNING - ⚠️ Episode 37 terminated due to step limit.
2025-09-26 02:47:41,481 - __main__ - DEBUG - 🎯 Eval HMM masking: step 50 masked due to negative reward
2025-09-26 02:47:42,019 - __main__ - DEBUG - 🎯 Eval HMM masking: step 100 masked due to negative reward
2025-09-26 02:47:43,085 - __main__ - DEBUG - 🎯 Eval HMM masking: step 200 masked due to negative reward
2025-09-26 02:47:44,144 - __main__ - WARNING - ⚠️ Episode 38 terminated due to step limit.
2025-09-26 02:47:45,919 - __main__ - DEBUG - 🎯 Eval HMM masking: step 150 masked due to negative reward
2025-09-26 02:47:47,502 - __main__ - WARNING - ⚠️ Episode 39 terminated due to step limit.
2025-09-26 02:47:50,864 - __main__ - WARNING - ⚠️ Episode 40 terminated due to step limit.
2025-09-26 02:47:52,637 - __main__ - DEBUG - 🎯 Eval HMM masking: step 150 masked due to negative reward
2025-09-26 02:47:54,224 - __main__ - WARNING - ⚠️ Episode 41 terminated due to step limit.
2025-09-26 02:47:57,094 - __main__ - DEBUG - 🎯 Eval HMM masking: step 250 masked due to negative reward
2025-09-26 02:47:57,620 - __main__ - WARNING - ⚠️ Episode 43 terminated due to step limit.
2025-09-26 02:48:00,996 - __main__ - WARNING - ⚠️ Episode 44 terminated due to step limit.
2025-09-26 02:48:01,710 - __main__ - DEBUG - 🎯 Eval HMM masking: step 50 masked due to negative reward
2025-09-26 02:48:03,835 - __main__ - DEBUG - 🎯 Eval HMM masking: step 250 masked due to negative reward
2025-09-26 02:48:04,363 - __main__ - WARNING - ⚠️ Episode 45 terminated due to step limit.
2025-09-26 02:48:05,606 - __main__ - DEBUG - 🎯 Eval HMM masking: step 100 masked due to negative reward
2025-09-26 02:48:06,138 - __main__ - DEBUG - 🎯 Eval HMM masking: step 150 masked due to negative reward
2025-09-26 02:48:07,213 - __main__ - DEBUG - 🎯 Eval HMM masking: step 250 masked due to negative reward
2025-09-26 02:48:07,739 - __main__ - WARNING - ⚠️ Episode 46 terminated due to step limit.
2025-09-26 02:48:08,983 - __main__ - DEBUG - 🎯 Eval HMM masking: step 100 masked due to negative reward
2025-09-26 02:48:09,519 - __main__ - DEBUG - 🎯 Eval HMM masking: step 150 masked due to negative reward
2025-09-26 02:48:11,119 - __main__ - WARNING - ⚠️ Episode 47 terminated due to step limit.
2025-09-26 02:48:11,831 - __main__ - DEBUG - 🎯 Eval HMM masking: step 50 masked due to negative reward
2025-09-26 02:48:13,971 - __main__ - DEBUG - 🎯 Eval HMM masking: step 250 masked due to negative reward
2025-09-26 02:48:14,499 - __main__ - WARNING - ⚠️ Episode 48 terminated due to step limit.
2025-09-26 02:48:17,345 - __main__ - DEBUG - 🎯 Eval HMM masking: step 250 masked due to negative reward
2025-09-26 02:48:17,872 - __main__ - WARNING - ⚠️ Episode 49 terminated due to step limit.
2025-09-26 02:48:18,582 - __main__ - DEBUG - 🎯 Eval HMM masking: step 50 masked due to negative reward
2025-09-26 02:48:21,244 - __main__ - WARNING - ⚠️ Episode 50 terminated due to step limit.
2025-09-26 02:48:21,412 - __main__ - INFO - 📊 Evaluation Results (Current Round):
2025-09-26 02:48:21,412 - __main__ - INFO -    Episodes: 50
2025-09-26 02:48:21,412 - __main__ - INFO -    Time: 138.7s (2.8s/ep)
2025-09-26 02:48:21,413 - __main__ - INFO -    Average Return: -0.440 ± 0.723
2025-09-26 02:48:21,413 - __main__ - INFO -    Success Rate: 24.0%
2025-09-26 02:48:21,413 - __main__ - INFO -    Average Length: 247.1
2025-09-26 02:48:21,413 - __main__ - INFO -    Average Coverage: 49.5 positions
2025-09-26 02:48:21,413 - __main__ - INFO -    Episode Completions: 12 terminated (24.0%), 38 truncated (76.0%)
2025-09-26 02:48:21,413 - __main__ - INFO - 📈 Total Evaluation Statistics:
2025-09-26 02:48:21,413 - __main__ - INFO -    Total Episodes: 200
2025-09-26 02:48:21,414 - __main__ - INFO -    Total Average Return: -0.226 ± 0.711
2025-09-26 02:48:21,414 - __main__ - INFO -    Total Average Length: 241.2 ± 102.4
2025-09-26 02:48:21,414 - __main__ - INFO -    Total Completions: 55 terminated (27.5%), 145 truncated (72.5%)
2025-09-26 02:48:21,414 - __main__ - INFO -    Skill Entropy: 0.002
2025-09-26 02:48:21,415 - __main__ - INFO -    Used Skills: 1.0
2025-09-26 02:48:21,415 - __main__ - INFO -    Effective K: 1.00
2025-09-26 02:48:21,415 - __main__ - INFO - 🎯 Action Usage Statistics:
2025-09-26 02:48:21,415 - __main__ - INFO -    Unique actions in evaluation: 8
2025-09-26 02:48:21,415 - __main__ - INFO -    Unique actions in training: 8
2025-09-26 02:48:21,415 - __main__ - INFO -    Total unique actions: 8
2025-09-26 02:48:21,415 - __main__ - INFO -    Action coverage: 6.6%
2025-09-26 02:48:21,415 - __main__ - INFO -    Train action count: 40960
2025-09-26 02:48:21,415 - __main__ - INFO -    Eval action count: 48238
2025-09-26 02:48:21,416 - __main__ - INFO -    Train action entropy: 1.925
2025-09-26 02:48:21,416 - __main__ - INFO -    Eval action entropy: 1.849
2025-09-26 02:48:21,417 - __main__ - INFO -    Top 3 train actions: #2(10393), #3(7646), #4(7212)
2025-09-26 02:48:21,417 - __main__ - INFO -    Top 3 eval actions: #2(14408), #3(10664), #4(7069)
2025-09-26 02:48:23,635 - __main__ - INFO - 📊 Episodes completed this rollout: 2
2025-09-26 02:48:23,635 - __main__ - INFO - 📈 Episode stats: avg return = 0.19, avg length = 160.0
2025-09-26 02:48:23,635 - __main__ - INFO - 🎯 Top 3 training actions: #2(10889), #3(7849), #4(7369)
2025-09-26 02:48:26,877 - __main__ - INFO - 📊 Episodes completed this rollout: 5
2025-09-26 02:48:26,877 - __main__ - INFO - 📈 Episode stats: avg return = -0.42, avg length = 278.0
2025-09-26 02:48:26,878 - __main__ - INFO - 🎯 Top 3 training actions: #2(11298), #3(8075), #4(7581)
2025-09-26 02:48:30,100 - __main__ - INFO - 📊 Episodes completed this rollout: 4
2025-09-26 02:48:30,100 - __main__ - INFO - 📈 Episode stats: avg return = 0.06, avg length = 215.0
2025-09-26 02:48:30,100 - __main__ - INFO - 🎯 Top 3 training actions: #2(11577), #3(8370), #4(7834)
2025-09-26 02:48:33,345 - __main__ - INFO - 📊 Episodes completed this rollout: 7
2025-09-26 02:48:33,346 - __main__ - INFO - 📈 Episode stats: avg return = 0.36, avg length = 191.1
2025-09-26 02:48:33,346 - __main__ - INFO - 🎯 Top 3 training actions: #2(11810), #3(8760), #4(8035)
2025-09-26 02:48:36,570 - __main__ - INFO - 📊 Episodes completed this rollout: 2
2025-09-26 02:48:36,570 - __main__ - INFO - 📈 Episode stats: avg return = -0.32, avg length = 300.0
2025-09-26 02:48:36,571 - __main__ - INFO - 🎯 Top 3 training actions: #2(12016), #3(9137), #4(8219)
2025-09-26 02:48:39,801 - __main__ - INFO - 📊 Episodes completed this rollout: 5
2025-09-26 02:48:39,802 - __main__ - INFO - 📈 Episode stats: avg return = 0.02, avg length = 221.0
2025-09-26 02:48:39,802 - __main__ - INFO - 🎯 Top 3 training actions: #2(12237), #3(9437), #4(8437)
2025-09-26 02:48:43,045 - __main__ - INFO - 📊 Episodes completed this rollout: 8
2025-09-26 02:48:43,046 - __main__ - INFO - 📈 Episode stats: avg return = 0.31, avg length = 181.5
2025-09-26 02:48:43,046 - __main__ - INFO - 🎯 Top 3 training actions: #2(12500), #3(9713), #4(8637)
2025-09-26 02:48:46,252 - __main__ - INFO - 📊 Episodes completed this rollout: 2
2025-09-26 02:48:46,253 - __main__ - INFO - 📈 Episode stats: avg return = -0.23, avg length = 300.0
2025-09-26 02:48:46,253 - __main__ - INFO - 🎯 Top 3 training actions: #2(12753), #3(9997), #4(8857)
2025-09-26 02:48:49,473 - __main__ - INFO - 📊 Episodes completed this rollout: 5
2025-09-26 02:48:49,474 - __main__ - INFO - 📈 Episode stats: avg return = 0.42, avg length = 232.0
2025-09-26 02:48:49,474 - __main__ - INFO - 🎯 Top 3 training actions: #2(13063), #3(10275), #4(9045)
2025-09-26 02:48:50,484 - __main__ - INFO - 🧪 Starting evaluation with 50 episodes...
2025-09-26 02:48:50,484 - __main__ - INFO -    Eval seed: 51
2025-09-26 02:48:50,484 - __main__ - INFO -    Max episode steps (eval): env default
2025-09-26 02:48:50,485 - nle.env.base - INFO - Not saving any NLE data.
2025-09-26 02:48:51,047 - __main__ - DEBUG - 🎯 Eval HMM masking: step 50 masked due to negative reward
2025-09-26 02:48:51,580 - __main__ - DEBUG - 🎯 Eval HMM masking: step 100 masked due to negative reward
2025-09-26 02:48:53,699 - __main__ - WARNING - ⚠️ Episode 1 terminated due to step limit.
2025-09-26 02:48:57,714 - __main__ - DEBUG - 🎯 Eval HMM masking: step 200 masked due to negative reward
2025-09-26 02:48:58,774 - __main__ - WARNING - ⚠️ Episode 3 terminated due to step limit.
2025-09-26 02:49:00,016 - __main__ - DEBUG - 🎯 Eval HMM masking: step 100 masked due to negative reward
2025-09-26 02:49:00,550 - __main__ - DEBUG - 🎯 Eval HMM masking: step 150 masked due to negative reward
2025-09-26 02:49:02,149 - __main__ - WARNING - ⚠️ Episode 4 terminated due to step limit.
2025-09-26 02:49:03,928 - __main__ - DEBUG - 🎯 Eval HMM masking: step 150 masked due to negative reward
2025-09-26 02:49:05,860 - __main__ - DEBUG - 🎯 Eval HMM masking: step 150 masked due to negative reward
2025-09-26 02:49:07,450 - __main__ - WARNING - ⚠️ Episode 6 terminated due to step limit.
2025-09-26 02:49:09,912 - __main__ - DEBUG - 🎯 Eval HMM masking: step 50 masked due to negative reward
2025-09-26 02:49:12,563 - __main__ - WARNING - ⚠️ Episode 8 terminated due to step limit.
2025-09-26 02:49:14,875 - __main__ - DEBUG - 🎯 Eval HMM masking: step 200 masked due to negative reward
2025-09-26 02:49:15,932 - __main__ - WARNING - ⚠️ Episode 9 terminated due to step limit.
2025-09-26 02:49:16,643 - __main__ - DEBUG - 🎯 Eval HMM masking: step 50 masked due to negative reward
2025-09-26 02:49:18,779 - __main__ - DEBUG - 🎯 Eval HMM masking: step 250 masked due to negative reward
2025-09-26 02:49:19,309 - __main__ - WARNING - ⚠️ Episode 10 terminated due to step limit.
2025-09-26 02:49:21,088 - __main__ - DEBUG - 🎯 Eval HMM masking: step 150 masked due to negative reward
2025-09-26 02:49:22,682 - __main__ - WARNING - ⚠️ Episode 11 terminated due to step limit.
2025-09-26 02:49:24,994 - __main__ - DEBUG - 🎯 Eval HMM masking: step 200 masked due to negative reward
2025-09-26 02:49:26,058 - __main__ - WARNING - ⚠️ Episode 12 terminated due to step limit.
2025-09-26 02:49:28,360 - __main__ - DEBUG - 🎯 Eval HMM masking: step 200 masked due to negative reward
2025-09-26 02:49:29,421 - __main__ - WARNING - ⚠️ Episode 13 terminated due to step limit.
2025-09-26 02:49:31,733 - __main__ - DEBUG - 🎯 Eval HMM masking: step 200 masked due to negative reward
2025-09-26 02:49:32,265 - __main__ - DEBUG - 🎯 Eval HMM masking: step 250 masked due to negative reward
2025-09-26 02:49:32,790 - __main__ - WARNING - ⚠️ Episode 14 terminated due to step limit.
2025-09-26 02:49:36,440 - __main__ - DEBUG - 🎯 Eval HMM masking: step 250 masked due to negative reward
2025-09-26 02:49:36,966 - __main__ - WARNING - ⚠️ Episode 16 terminated due to step limit.
2025-09-26 02:49:40,608 - __main__ - WARNING - ⚠️ Episode 18 terminated due to step limit.
2025-09-26 02:49:43,967 - __main__ - WARNING - ⚠️ Episode 19 terminated due to step limit.
2025-09-26 02:49:46,395 - __main__ - DEBUG - 🎯 Eval HMM masking: step 150 masked due to negative reward
2025-09-26 02:49:50,333 - __main__ - WARNING - ⚠️ Episode 23 terminated due to step limit.
2025-09-26 02:49:51,568 - __main__ - DEBUG - 🎯 Eval HMM masking: step 100 masked due to negative reward
2025-09-26 02:49:53,684 - __main__ - WARNING - ⚠️ Episode 24 terminated due to step limit.
2025-09-26 02:49:57,041 - __main__ - WARNING - ⚠️ Episode 25 terminated due to step limit.
2025-09-26 02:49:57,749 - __main__ - DEBUG - 🎯 Eval HMM masking: step 50 masked due to negative reward
2025-09-26 02:49:58,280 - __main__ - DEBUG - 🎯 Eval HMM masking: step 100 masked due to negative reward
2025-09-26 02:49:59,343 - __main__ - DEBUG - 🎯 Eval HMM masking: step 200 masked due to negative reward
2025-09-26 02:50:00,397 - __main__ - WARNING - ⚠️ Episode 26 terminated due to step limit.
2025-09-26 02:50:03,754 - __main__ - WARNING - ⚠️ Episode 27 terminated due to step limit.
2025-09-26 02:50:04,996 - __main__ - DEBUG - 🎯 Eval HMM masking: step 100 masked due to negative reward
2025-09-26 02:50:07,117 - __main__ - WARNING - ⚠️ Episode 28 terminated due to step limit.
2025-09-26 02:50:09,628 - __main__ - DEBUG - 🎯 Eval HMM masking: step 200 masked due to negative reward
2025-09-26 02:50:10,164 - __main__ - DEBUG - 🎯 Eval HMM masking: step 250 masked due to negative reward
2025-09-26 02:50:10,689 - __main__ - WARNING - ⚠️ Episode 30 terminated due to step limit.
2025-09-26 02:50:11,402 - __main__ - DEBUG - 🎯 Eval HMM masking: step 50 masked due to negative reward
2025-09-26 02:50:12,465 - __main__ - DEBUG - 🎯 Eval HMM masking: step 150 masked due to negative reward
2025-09-26 02:50:12,999 - __main__ - DEBUG - 🎯 Eval HMM masking: step 200 masked due to negative reward
2025-09-26 02:50:17,735 - __main__ - DEBUG - 🎯 Eval HMM masking: step 250 masked due to negative reward
2025-09-26 02:50:18,257 - __main__ - WARNING - ⚠️ Episode 33 terminated due to step limit.
2025-09-26 02:50:18,967 - __main__ - DEBUG - 🎯 Eval HMM masking: step 50 masked due to negative reward
2025-09-26 02:50:21,620 - __main__ - WARNING - ⚠️ Episode 34 terminated due to step limit.
2025-09-26 02:50:22,326 - __main__ - DEBUG - 🎯 Eval HMM masking: step 50 masked due to negative reward
2025-09-26 02:50:23,931 - __main__ - DEBUG - 🎯 Eval HMM masking: step 200 masked due to negative reward
2025-09-26 02:50:24,992 - __main__ - WARNING - ⚠️ Episode 35 terminated due to step limit.
2025-09-26 02:50:27,303 - __main__ - DEBUG - 🎯 Eval HMM masking: step 200 masked due to negative reward
2025-09-26 02:50:27,834 - __main__ - DEBUG - 🎯 Eval HMM masking: step 250 masked due to negative reward
2025-09-26 02:50:28,360 - __main__ - WARNING - ⚠️ Episode 36 terminated due to step limit.
2025-09-26 02:50:29,598 - __main__ - DEBUG - 🎯 Eval HMM masking: step 100 masked due to negative reward
2025-09-26 02:50:30,643 - __main__ - DEBUG - 🎯 Eval HMM masking: step 200 masked due to negative reward
2025-09-26 02:50:31,694 - __main__ - WARNING - ⚠️ Episode 37 terminated due to step limit.
2025-09-26 02:50:32,398 - __main__ - DEBUG - 🎯 Eval HMM masking: step 50 masked due to negative reward
2025-09-26 02:50:33,745 - __main__ - DEBUG - 🎯 Eval HMM masking: step 100 masked due to negative reward
2025-09-26 02:50:35,821 - __main__ - WARNING - ⚠️ Episode 39 terminated due to step limit.
2025-09-26 02:50:39,147 - __main__ - WARNING - ⚠️ Episode 40 terminated due to step limit.
2025-09-26 02:50:42,510 - __main__ - WARNING - ⚠️ Episode 41 terminated due to step limit.
2025-09-26 02:50:43,746 - __main__ - DEBUG - 🎯 Eval HMM masking: step 100 masked due to negative reward
2025-09-26 02:50:44,817 - __main__ - DEBUG - 🎯 Eval HMM masking: step 200 masked due to negative reward
2025-09-26 02:50:45,884 - __main__ - WARNING - ⚠️ Episode 42 terminated due to step limit.
2025-09-26 02:50:47,664 - __main__ - DEBUG - 🎯 Eval HMM masking: step 150 masked due to negative reward
2025-09-26 02:50:49,255 - __main__ - WARNING - ⚠️ Episode 43 terminated due to step limit.
2025-09-26 02:50:52,609 - __main__ - WARNING - ⚠️ Episode 44 terminated due to step limit.
2025-09-26 02:50:55,968 - __main__ - WARNING - ⚠️ Episode 45 terminated due to step limit.
2025-09-26 02:51:01,426 - __main__ - WARNING - ⚠️ Episode 48 terminated due to step limit.
2025-09-26 02:51:02,664 - __main__ - DEBUG - 🎯 Eval HMM masking: step 100 masked due to negative reward
2025-09-26 02:51:03,837 - __main__ - INFO - 📊 Evaluation Results (Current Round):
2025-09-26 02:51:03,838 - __main__ - INFO -    Episodes: 50
2025-09-26 02:51:03,838 - __main__ - INFO -    Time: 133.4s (2.7s/ep)
2025-09-26 02:51:03,838 - __main__ - INFO -    Average Return: -0.171 ± 0.706
2025-09-26 02:51:03,838 - __main__ - INFO -    Success Rate: 32.0%
2025-09-26 02:51:03,838 - __main__ - INFO -    Average Length: 237.8
2025-09-26 02:51:03,838 - __main__ - INFO -    Average Coverage: 56.3 positions
2025-09-26 02:51:03,838 - __main__ - INFO -    Episode Completions: 16 terminated (32.0%), 34 truncated (68.0%)
2025-09-26 02:51:03,838 - __main__ - INFO - 📈 Total Evaluation Statistics:
2025-09-26 02:51:03,839 - __main__ - INFO -    Total Episodes: 250
2025-09-26 02:51:03,839 - __main__ - INFO -    Total Average Return: -0.215 ± 0.711
2025-09-26 02:51:03,839 - __main__ - INFO -    Total Average Length: 240.5 ± 101.9
2025-09-26 02:51:03,839 - __main__ - INFO -    Total Completions: 71 terminated (28.4%), 179 truncated (71.6%)
2025-09-26 02:51:03,839 - __main__ - INFO -    Skill Entropy: 0.002
2025-09-26 02:51:03,839 - __main__ - INFO -    Used Skills: 1.0
2025-09-26 02:51:03,839 - __main__ - INFO -    Effective K: 1.00
2025-09-26 02:51:03,840 - __main__ - INFO - 🎯 Action Usage Statistics:
2025-09-26 02:51:03,840 - __main__ - INFO -    Unique actions in evaluation: 8
2025-09-26 02:51:03,840 - __main__ - INFO -    Unique actions in training: 8
2025-09-26 02:51:03,840 - __main__ - INFO -    Total unique actions: 8
2025-09-26 02:51:03,840 - __main__ - INFO -    Action coverage: 6.6%
2025-09-26 02:51:03,840 - __main__ - INFO -    Train action count: 50176
2025-09-26 02:51:03,840 - __main__ - INFO -    Eval action count: 60129
2025-09-26 02:51:03,841 - __main__ - INFO -    Train action entropy: 1.895
2025-09-26 02:51:03,841 - __main__ - INFO -    Eval action entropy: 1.818
2025-09-26 02:51:03,841 - __main__ - INFO -    Top 3 train actions: #2(13063), #3(10275), #4(9045)
2025-09-26 02:51:03,842 - __main__ - INFO -    Top 3 eval actions: #2(18853), #3(13745), #4(8488)
2025-09-26 02:51:06,108 - __main__ - INFO - 📊 Episodes completed this rollout: 8
2025-09-26 02:51:06,108 - __main__ - INFO - 📈 Episode stats: avg return = 0.23, avg length = 188.2
2025-09-26 02:51:06,109 - __main__ - INFO - 🎯 Top 3 training actions: #2(13442), #3(10516), #4(9187)
2025-09-26 02:51:09,322 - __main__ - INFO - 📊 Episodes completed this rollout: 5
2025-09-26 02:51:09,322 - __main__ - INFO - 📈 Episode stats: avg return = 0.62, avg length = 122.0
2025-09-26 02:51:09,322 - __main__ - INFO - 🎯 Top 3 training actions: #2(13792), #3(10762), #4(9310)
2025-09-26 02:51:10,331 - __main__ - INFO - 🔄 Synchronized model update at step 52,224
2025-09-26 02:51:10,331 - __main__ - INFO -    HMM interval: 12,000, VAE interval: 12,000
2025-09-26 02:51:10,332 - __main__ - INFO - 🚫 Model training masking: 1128/12288 timesteps masked (9.2%) due to negative rewards (invalid actions)
2025-09-26 02:51:10,693 - __main__ - INFO - 🔄 Capping HMM batch size from 762 to 128 to prevent OOM
2025-09-26 02:51:10,694 - __main__ - INFO - 🔄 HMM refresh starting at step 52,224 with replay size 128x1536
2025-09-26 02:52:37,804 - __main__ - DEBUG - Initial ELBO: -18061.4340
2025-09-26 02:52:37,804 - __main__ - DEBUG - Relative tol: 0.0100
2025-09-26 02:52:37,804 - __main__ - DEBUG - Relative elbo_drop_tol: 0.0100
2025-09-26 02:52:37,805 - __main__ - DEBUG - - Init -501.5834
2025-09-26 02:52:37,805 - __main__ - DEBUG - - Trans -6.5824
2025-09-26 02:52:37,805 - __main__ - DEBUG - - Emit -6518.4566
2025-09-26 02:52:37,805 - __main__ - DEBUG - - Entropy 0.0089
2025-09-26 02:52:37,805 - __main__ - DEBUG - - Dir -24.5285
2025-09-26 02:52:37,805 - __main__ - DEBUG - - NIW -10994.4492
2025-09-26 02:52:37,805 - __main__ - DEBUG - - Beta prior -15.8428
2025-09-26 02:54:05,806 - __main__ - DEBUG - Iter 0: ELBO after FB: -18061.4340 (LL -7026.6135, Δ=0.0000)
2025-09-26 02:54:05,807 - __main__ - DEBUG - Blending stats with ρ_niw=0.0500, ρ_tr=0.0500.
2025-09-26 02:54:05,892 - __main__ - DEBUG - Iter 0: ELBO after NIW update: -14527.7952 (Emit LL -2735.0961, NIW term -11244.1709, Δ=3533.6388)
2025-09-26 02:54:05,977 - __main__ - DEBUG - Iter 0: ELBO after Dirichlet update: -14527.7400 (Trans LL -6.4710, Dir term -24.5847, Δ=0.0552)
2025-09-26 02:54:06,081 - __main__ - DEBUG - Iter 0: ELBO after β update: -14528.3554 (Init LL -502.1643, Dir term -24.6087, logp(β) -15.8534, Δ=-0.6154)
2025-09-26 02:55:33,819 - __main__ - DEBUG - Iter 1: ELBO after FB: -14528.3554 (LL -3243.7225, Δ=0.0000)
2025-09-26 02:55:33,821 - __main__ - DEBUG - Blending stats with ρ_niw=0.0500, ρ_tr=0.0500.
2025-09-26 02:55:33,906 - __main__ - DEBUG - Iter 1: ELBO after NIW update: -14528.3554 (Emit LL -2735.0961, NIW term -11244.1709, Δ=0.0000)
2025-09-26 02:55:33,992 - __main__ - DEBUG - Iter 1: ELBO after Dirichlet update: -14528.4225 (Trans LL -6.4480, Dir term -24.6988, Δ=-0.0671)
2025-09-26 02:55:34,096 - __main__ - DEBUG - Iter 1: ELBO after β update: -14529.0346 (Init LL -502.6944, Dir term -24.7708, logp(β) -15.8633, Δ=-0.6120)
2025-09-26 02:57:01,470 - __main__ - DEBUG - Iter 2: ELBO after FB: -14529.0346 (LL -3244.2296, Δ=0.0000)
2025-09-26 02:57:01,473 - __main__ - DEBUG - Blending stats with ρ_niw=0.0500, ρ_tr=0.0500.
2025-09-26 02:57:01,558 - __main__ - DEBUG - Iter 2: ELBO after NIW update: -14529.0346 (Emit LL -2735.0961, NIW term -11244.1709, Δ=0.0000)
2025-09-26 02:57:01,643 - __main__ - DEBUG - Iter 2: ELBO after Dirichlet update: -14529.2458 (Trans LL -6.4258, Dir term -25.0043, Δ=-0.2113)
2025-09-26 02:57:01,745 - __main__ - DEBUG - Iter 2: ELBO after β update: -14529.7579 (Init LL -503.1048, Dir term -25.1043, logp(β) -15.8651, Δ=-0.5121)
2025-09-26 02:58:29,387 - __main__ - DEBUG - Iter 3: ELBO after FB: -14529.7579 (LL -3244.6177, Δ=0.0000)
2025-09-26 02:58:29,390 - __main__ - DEBUG - Blending stats with ρ_niw=0.0500, ρ_tr=0.0500.
2025-09-26 02:58:29,474 - __main__ - DEBUG - Iter 3: ELBO after NIW update: -14529.7579 (Emit LL -2735.0961, NIW term -11244.1709, Δ=0.0000)
2025-09-26 02:58:29,559 - __main__ - DEBUG - Iter 3: ELBO after Dirichlet update: -14530.0529 (Trans LL -6.4097, Dir term -25.4153, Δ=-0.2950)
2025-09-26 02:58:29,663 - __main__ - DEBUG - Iter 3: ELBO after β update: -14530.2436 (Init LL -503.2179, Dir term -25.4997, logp(β) -15.8582, Δ=-0.1907)
2025-09-26 02:59:57,124 - __main__ - DEBUG - Iter 4: ELBO after FB: -14530.2436 (LL -3244.7148, Δ=0.0000)
2025-09-26 02:59:57,126 - __main__ - DEBUG - Blending stats with ρ_niw=0.0500, ρ_tr=0.0500.
2025-09-26 02:59:57,211 - __main__ - DEBUG - Iter 4: ELBO after NIW update: -14530.2436 (Emit LL -2735.0961, NIW term -11244.1709, Δ=0.0000)
2025-09-26 02:59:57,295 - __main__ - DEBUG - Iter 4: ELBO after Dirichlet update: -14530.6461 (Trans LL -6.4049, Dir term -25.9071, Δ=-0.4025)
2025-09-26 02:59:57,397 - __main__ - DEBUG - Iter 4: ELBO after β update: -14530.8057 (Init LL -503.2894, Dir term -26.0016, logp(β) -15.8517, Δ=-0.1596)
2025-09-26 02:59:57,400 - __main__ - INFO -    HMM refresh complete: ELBO=-29.8011, iters=0, max iters, states=40
2025-09-26 02:59:57,400 - __main__ - INFO -    ✅ HMM updated (next in 12,000 steps)
2025-09-26 02:59:57,400 - __main__ - INFO - 🔄 VAE refresh starting at step 52,224 with replay size 8x1536
2025-09-26 02:59:57,401 - __main__ - INFO -    Using span sampling (12288 timesteps, too large for full buffer)
2025-09-26 03:00:20,764 - __main__ - INFO -    VAE refresh complete: final_loss=2809.7717, avg_loss=2810.5410, steps=4/4, trend=improving, total_timesteps=12288, span_sampling=32_requested×4_steps, span_len=64
2025-09-26 03:00:20,766 - __main__ - INFO -    ✅ VAE updated (next in 12,000 steps)
2025-09-26 03:00:22,999 - __main__ - INFO - 📊 Episodes completed this rollout: 5
2025-09-26 03:00:23,000 - __main__ - INFO - 📈 Episode stats: avg return = 0.08, avg length = 239.0
2025-09-26 03:00:23,000 - __main__ - INFO - 🎯 Top 3 training actions: #2(14080), #3(11081), #4(9458)
2025-09-26 03:00:26,205 - __main__ - INFO - 📊 Episodes completed this rollout: 1
2025-09-26 03:00:26,205 - __main__ - INFO - 📈 Episode stats: avg return = -0.15, avg length = 300.0
2025-09-26 03:00:26,205 - __main__ - INFO - 🎯 Top 3 training actions: #2(14349), #3(11335), #4(9647)
2025-09-26 03:00:29,460 - __main__ - INFO - 📊 Episodes completed this rollout: 6
2025-09-26 03:00:29,460 - __main__ - INFO - 📈 Episode stats: avg return = -0.15, avg length = 295.0
2025-09-26 03:00:29,461 - __main__ - INFO - 🎯 Top 3 training actions: #2(14603), #3(11569), #4(9852)
2025-09-26 03:00:32,693 - __main__ - INFO - 📊 Episodes completed this rollout: 4
2025-09-26 03:00:32,693 - __main__ - INFO - 📈 Episode stats: avg return = 0.28, avg length = 208.5
2025-09-26 03:00:32,693 - __main__ - INFO - 🎯 Top 3 training actions: #2(14883), #3(11759), #4(10052)
2025-09-26 03:00:35,912 - __main__ - INFO - 📊 Episodes completed this rollout: 3
2025-09-26 03:00:35,913 - __main__ - INFO - 📈 Episode stats: avg return = -0.17, avg length = 291.7
2025-09-26 03:00:35,913 - __main__ - INFO - 🎯 Top 3 training actions: #2(15135), #3(11924), #4(10254)
2025-09-26 03:00:39,151 - __main__ - INFO - 📊 Episodes completed this rollout: 5
2025-09-26 03:00:39,151 - __main__ - INFO - 📈 Episode stats: avg return = 0.11, avg length = 185.6
2025-09-26 03:00:39,152 - __main__ - INFO - 🎯 Top 3 training actions: #2(15395), #3(12102), #4(10393)
2025-09-26 03:00:42,381 - __main__ - INFO - 📊 Episodes completed this rollout: 4
2025-09-26 03:00:42,382 - __main__ - INFO - 📈 Episode stats: avg return = -0.38, avg length = 300.0
2025-09-26 03:00:42,382 - __main__ - INFO - 🎯 Top 3 training actions: #2(15620), #3(12337), #4(10492)
2025-09-26 03:00:45,625 - __main__ - INFO - 📊 Episodes completed this rollout: 6
2025-09-26 03:00:45,626 - __main__ - INFO - 📈 Episode stats: avg return = 0.19, avg length = 215.7
2025-09-26 03:00:45,626 - __main__ - INFO - 🎯 Top 3 training actions: #2(15894), #3(12616), #4(10569)
2025-09-26 03:00:46,644 - __main__ - INFO - 🧪 Starting evaluation with 50 episodes...
2025-09-26 03:00:46,645 - __main__ - INFO -    Eval seed: 51
2025-09-26 03:00:46,645 - __main__ - INFO -    Max episode steps (eval): env default
2025-09-26 03:00:46,646 - nle.env.base - INFO - Not saving any NLE data.
2025-09-26 03:00:49,161 - __main__ - DEBUG - 🎯 Eval HMM masking: step 200 masked due to negative reward
2025-09-26 03:00:49,693 - __main__ - DEBUG - 🎯 Eval HMM masking: step 250 masked due to negative reward
2025-09-26 03:00:50,215 - __main__ - WARNING - ⚠️ Episode 2 terminated due to step limit.
2025-09-26 03:00:51,979 - __main__ - DEBUG - 🎯 Eval HMM masking: step 150 masked due to negative reward
2025-09-26 03:00:52,511 - __main__ - DEBUG - 🎯 Eval HMM masking: step 200 masked due to negative reward
2025-09-26 03:00:53,561 - __main__ - WARNING - ⚠️ Episode 3 terminated due to step limit.
2025-09-26 03:00:54,270 - __main__ - DEBUG - 🎯 Eval HMM masking: step 50 masked due to negative reward
2025-09-26 03:00:56,931 - __main__ - WARNING - ⚠️ Episode 4 terminated due to step limit.
2025-09-26 03:00:59,230 - __main__ - DEBUG - 🎯 Eval HMM masking: step 200 masked due to negative reward
2025-09-26 03:01:03,296 - __main__ - DEBUG - 🎯 Eval HMM masking: step 250 masked due to negative reward
2025-09-26 03:01:03,820 - __main__ - WARNING - ⚠️ Episode 7 terminated due to step limit.
2025-09-26 03:01:06,123 - __main__ - DEBUG - 🎯 Eval HMM masking: step 200 masked due to negative reward
2025-09-26 03:01:07,175 - __main__ - WARNING - ⚠️ Episode 8 terminated due to step limit.
2025-09-26 03:01:10,537 - __main__ - WARNING - ⚠️ Episode 9 terminated due to step limit.
2025-09-26 03:01:13,876 - __main__ - WARNING - ⚠️ Episode 10 terminated due to step limit.
2025-09-26 03:01:16,296 - __main__ - DEBUG - 🎯 Eval HMM masking: step 100 masked due to negative reward
2025-09-26 03:01:18,386 - __main__ - WARNING - ⚠️ Episode 13 terminated due to step limit.
2025-09-26 03:01:22,007 - __main__ - WARNING - ⚠️ Episode 15 terminated due to step limit.
2025-09-26 03:01:22,733 - __main__ - DEBUG - 🎯 Eval HMM masking: step 50 masked due to negative reward
2025-09-26 03:01:24,326 - __main__ - DEBUG - 🎯 Eval HMM masking: step 200 masked due to negative reward
2025-09-26 03:01:25,378 - __main__ - WARNING - ⚠️ Episode 17 terminated due to step limit.
2025-09-26 03:01:26,085 - __main__ - DEBUG - 🎯 Eval HMM masking: step 50 masked due to negative reward
2025-09-26 03:01:27,155 - __main__ - DEBUG - 🎯 Eval HMM masking: step 150 masked due to negative reward
2025-09-26 03:01:27,687 - __main__ - DEBUG - 🎯 Eval HMM masking: step 200 masked due to negative reward
2025-09-26 03:01:28,744 - __main__ - WARNING - ⚠️ Episode 18 terminated due to step limit.
2025-09-26 03:01:30,519 - __main__ - DEBUG - 🎯 Eval HMM masking: step 150 masked due to negative reward
2025-09-26 03:01:32,103 - __main__ - WARNING - ⚠️ Episode 19 terminated due to step limit.
2025-09-26 03:01:32,910 - __main__ - DEBUG - 🎯 Eval HMM masking: step 50 masked due to negative reward
2025-09-26 03:01:35,025 - __main__ - DEBUG - 🎯 Eval HMM masking: step 250 masked due to negative reward
2025-09-26 03:01:35,548 - __main__ - WARNING - ⚠️ Episode 21 terminated due to step limit.
2025-09-26 03:01:37,325 - __main__ - DEBUG - 🎯 Eval HMM masking: step 150 masked due to negative reward
2025-09-26 03:01:38,906 - __main__ - WARNING - ⚠️ Episode 22 terminated due to step limit.
2025-09-26 03:01:44,435 - __main__ - WARNING - ⚠️ Episode 24 terminated due to step limit.
2025-09-26 03:01:45,611 - __main__ - DEBUG - 🎯 Eval HMM masking: step 50 masked due to negative reward
2025-09-26 03:01:48,259 - __main__ - WARNING - ⚠️ Episode 27 terminated due to step limit.
2025-09-26 03:01:48,968 - __main__ - DEBUG - 🎯 Eval HMM masking: step 50 masked due to negative reward
2025-09-26 03:01:51,623 - __main__ - WARNING - ⚠️ Episode 28 terminated due to step limit.
2025-09-26 03:01:55,003 - __main__ - WARNING - ⚠️ Episode 29 terminated due to step limit.
2025-09-26 03:01:55,711 - __main__ - DEBUG - 🎯 Eval HMM masking: step 50 masked due to negative reward
2025-09-26 03:01:56,243 - __main__ - DEBUG - 🎯 Eval HMM masking: step 100 masked due to negative reward
2025-09-26 03:01:56,777 - __main__ - DEBUG - 🎯 Eval HMM masking: step 150 masked due to negative reward
2025-09-26 03:01:58,359 - __main__ - WARNING - ⚠️ Episode 30 terminated due to step limit.
2025-09-26 03:02:01,066 - __main__ - DEBUG - 🎯 Eval HMM masking: step 150 masked due to negative reward
2025-09-26 03:02:01,602 - __main__ - DEBUG - 🎯 Eval HMM masking: step 200 masked due to negative reward
2025-09-26 03:02:02,656 - __main__ - WARNING - ⚠️ Episode 32 terminated due to step limit.
2025-09-26 03:02:03,363 - __main__ - DEBUG - 🎯 Eval HMM masking: step 50 masked due to negative reward
2025-09-26 03:02:09,941 - __main__ - WARNING - ⚠️ Episode 37 terminated due to step limit.
2025-09-26 03:02:11,181 - __main__ - DEBUG - 🎯 Eval HMM masking: step 100 masked due to negative reward
2025-09-26 03:02:13,314 - __main__ - WARNING - ⚠️ Episode 38 terminated due to step limit.
2025-09-26 03:02:15,635 - __main__ - DEBUG - 🎯 Eval HMM masking: step 200 masked due to negative reward
2025-09-26 03:02:16,704 - __main__ - WARNING - ⚠️ Episode 39 terminated due to step limit.
2025-09-26 03:02:19,536 - __main__ - DEBUG - 🎯 Eval HMM masking: step 250 masked due to negative reward
2025-09-26 03:02:20,060 - __main__ - WARNING - ⚠️ Episode 40 terminated due to step limit.
2025-09-26 03:02:23,426 - __main__ - WARNING - ⚠️ Episode 41 terminated due to step limit.
2025-09-26 03:02:28,332 - __main__ - DEBUG - 🎯 Eval HMM masking: step 150 masked due to negative reward
2025-09-26 03:02:29,922 - __main__ - WARNING - ⚠️ Episode 43 terminated due to step limit.
2025-09-26 03:02:30,632 - __main__ - DEBUG - 🎯 Eval HMM masking: step 50 masked due to negative reward
2025-09-26 03:02:34,994 - __main__ - DEBUG - 🎯 Eval HMM masking: step 250 masked due to negative reward
2025-09-26 03:02:35,519 - __main__ - WARNING - ⚠️ Episode 46 terminated due to step limit.
2025-09-26 03:02:40,235 - __main__ - WARNING - ⚠️ Episode 48 terminated due to step limit.
2025-09-26 03:02:42,009 - __main__ - DEBUG - 🎯 Eval HMM masking: step 150 masked due to negative reward
2025-09-26 03:02:43,593 - __main__ - WARNING - ⚠️ Episode 49 terminated due to step limit.
2025-09-26 03:02:44,301 - __main__ - DEBUG - 🎯 Eval HMM masking: step 50 masked due to negative reward
2025-09-26 03:02:44,426 - __main__ - INFO - 📊 Evaluation Results (Current Round):
2025-09-26 03:02:44,426 - __main__ - INFO -    Episodes: 50
2025-09-26 03:02:44,426 - __main__ - INFO -    Time: 117.8s (2.4s/ep)
2025-09-26 03:02:44,426 - __main__ - INFO -    Average Return: 0.063 ± 0.709
2025-09-26 03:02:44,426 - __main__ - INFO -    Success Rate: 42.0%
2025-09-26 03:02:44,427 - __main__ - INFO -    Average Length: 210.4
2025-09-26 03:02:44,427 - __main__ - INFO -    Average Coverage: 58.6 positions
2025-09-26 03:02:44,427 - __main__ - INFO -    Episode Completions: 21 terminated (42.0%), 29 truncated (58.0%)
2025-09-26 03:02:44,427 - __main__ - INFO - 📈 Total Evaluation Statistics:
2025-09-26 03:02:44,427 - __main__ - INFO -    Total Episodes: 300
2025-09-26 03:02:44,427 - __main__ - INFO -    Total Average Return: -0.169 ± 0.718
2025-09-26 03:02:44,427 - __main__ - INFO -    Total Average Length: 235.5 ± 104.9
2025-09-26 03:02:44,428 - __main__ - INFO -    Total Completions: 92 terminated (30.7%), 208 truncated (69.3%)
2025-09-26 03:02:44,428 - __main__ - INFO -    Skill Entropy: 0.001
2025-09-26 03:02:44,428 - __main__ - INFO -    Used Skills: 1.0
2025-09-26 03:02:44,428 - __main__ - INFO -    Effective K: 1.00
2025-09-26 03:02:44,428 - __main__ - INFO - 🎯 Action Usage Statistics:
2025-09-26 03:02:44,428 - __main__ - INFO -    Unique actions in evaluation: 8
2025-09-26 03:02:44,428 - __main__ - INFO -    Unique actions in training: 8
2025-09-26 03:02:44,428 - __main__ - INFO -    Total unique actions: 8
2025-09-26 03:02:44,429 - __main__ - INFO -    Action coverage: 6.6%
2025-09-26 03:02:44,429 - __main__ - INFO -    Train action count: 60416
2025-09-26 03:02:44,429 - __main__ - INFO -    Eval action count: 70648
2025-09-26 03:02:44,429 - __main__ - INFO -    Train action entropy: 1.882
2025-09-26 03:02:44,430 - __main__ - INFO -    Eval action entropy: 1.828
2025-09-26 03:02:44,430 - __main__ - INFO -    Top 3 train actions: #2(15894), #3(12616), #4(10569)
2025-09-26 03:02:44,430 - __main__ - INFO -    Top 3 eval actions: #2(21903), #3(15970), #4(9376)
2025-09-26 03:02:46,657 - __main__ - INFO - 📊 Episodes completed this rollout: 5
2025-09-26 03:02:46,658 - __main__ - INFO - 📈 Episode stats: avg return = 0.57, avg length = 224.4
2025-09-26 03:02:46,658 - __main__ - INFO - 🎯 Top 3 training actions: #2(16205), #3(12812), #4(10658)
2025-09-26 03:02:49,851 - __main__ - INFO - 📊 Episodes completed this rollout: 2
2025-09-26 03:02:49,851 - __main__ - INFO - 📈 Episode stats: avg return = 0.90, avg length = 71.0
2025-09-26 03:02:49,852 - __main__ - INFO - 🎯 Top 3 training actions: #2(16459), #3(13008), #4(10758)
2025-09-26 03:02:53,122 - __main__ - INFO - 📊 Episodes completed this rollout: 9
2025-09-26 03:02:53,122 - __main__ - INFO - 📈 Episode stats: avg return = 0.30, avg length = 180.4
2025-09-26 03:02:53,123 - __main__ - INFO - 🎯 Top 3 training actions: #2(16677), #3(13209), #4(10884)
2025-09-26 03:02:56,343 - __main__ - INFO - 📊 Episodes completed this rollout: 4
2025-09-26 03:02:56,343 - __main__ - INFO - 📈 Episode stats: avg return = 0.17, avg length = 243.8
2025-09-26 03:02:56,343 - __main__ - INFO - 🎯 Top 3 training actions: #2(16885), #3(13392), #4(10999)
2025-09-26 03:02:57,353 - __main__ - INFO - 🔄 Synchronized model update at step 64,512
2025-09-26 03:02:57,353 - __main__ - INFO -    HMM interval: 12,000, VAE interval: 12,000
2025-09-26 03:02:57,354 - __main__ - INFO - 🚫 Model training masking: 1920/12288 timesteps masked (15.6%) due to negative rewards (invalid actions)
2025-09-26 03:02:57,729 - __main__ - INFO - 🔄 Capping HMM batch size from 1266 to 128 to prevent OOM
2025-09-26 03:02:57,730 - __main__ - INFO - 🔄 HMM refresh starting at step 64,512 with replay size 128x50
2025-09-26 03:03:00,619 - __main__ - DEBUG - Initial ELBO: -13203.1613
2025-09-26 03:03:00,621 - __main__ - DEBUG - Relative tol: 0.0100
2025-09-26 03:03:00,621 - __main__ - DEBUG - Relative elbo_drop_tol: 0.0100
2025-09-26 03:03:00,621 - __main__ - DEBUG - - Init -502.1643
2025-09-26 03:03:00,621 - __main__ - DEBUG - - Trans -3.7363
2025-09-26 03:03:00,621 - __main__ - DEBUG - - Emit -1412.6280
2025-09-26 03:03:00,621 - __main__ - DEBUG - - Entropy 0.0003
2025-09-26 03:03:00,621 - __main__ - DEBUG - - Dir -24.6087
2025-09-26 03:03:00,621 - __main__ - DEBUG - - NIW -11244.1709
2025-09-26 03:03:00,621 - __main__ - DEBUG - - Beta prior -15.8534
2025-09-26 03:03:03,869 - __main__ - DEBUG - Iter 0: ELBO after FB: -13203.1613 (LL -1918.5283, Δ=0.0000)
2025-09-26 03:03:03,870 - __main__ - DEBUG - Blending stats with ρ_niw=0.0500, ρ_tr=0.0500.
2025-09-26 03:03:03,917 - __main__ - DEBUG - Iter 0: ELBO after NIW update: -11997.4736 (Emit LL -137.9198, NIW term -11313.1914, Δ=1205.6877)
2025-09-26 03:03:03,964 - __main__ - DEBUG - Iter 0: ELBO after Dirichlet update: -11997.4549 (Trans LL -3.7810, Dir term -24.5453, Δ=0.0187)
2025-09-26 03:03:04,028 - __main__ - DEBUG - Iter 0: ELBO after β update: -11998.0828 (Init LL -502.7472, Dir term -24.5795, logp(β) -15.8642, Δ=-0.6279)
2025-09-26 03:03:07,262 - __main__ - DEBUG - Iter 1: ELBO after FB: -11998.0828 (LL -644.4476, Δ=0.0000)
2025-09-26 03:03:07,263 - __main__ - DEBUG - Blending stats with ρ_niw=0.0500, ρ_tr=0.0500.
2025-09-26 03:03:07,310 - __main__ - DEBUG - Iter 1: ELBO after NIW update: -11998.0828 (Emit LL -137.9198, NIW term -11313.1914, Δ=0.0000)
2025-09-26 03:03:07,357 - __main__ - DEBUG - Iter 1: ELBO after Dirichlet update: -11998.1480 (Trans LL -3.7669, Dir term -24.6588, Δ=-0.0652)
2025-09-26 03:03:07,421 - __main__ - DEBUG - Iter 1: ELBO after β update: -11998.7085 (Init LL -503.2507, Dir term -24.7061, logp(β) -15.8740, Δ=-0.5606)
2025-09-26 03:03:10,649 - __main__ - DEBUG - Iter 2: ELBO after FB: -11998.7085 (LL -644.9371, Δ=0.0000)
2025-09-26 03:03:10,649 - __main__ - DEBUG - Blending stats with ρ_niw=0.0500, ρ_tr=0.0500.
2025-09-26 03:03:10,697 - __main__ - DEBUG - Iter 2: ELBO after NIW update: -11998.7085 (Emit LL -137.9198, NIW term -11313.1914, Δ=0.0000)
2025-09-26 03:03:10,744 - __main__ - DEBUG - Iter 2: ELBO after Dirichlet update: -11998.9109 (Trans LL -3.7548, Dir term -24.9205, Δ=-0.2024)
2025-09-26 03:03:10,808 - __main__ - DEBUG - Iter 2: ELBO after β update: -11999.4240 (Init LL -503.6598, Dir term -25.0229, logp(β) -15.8756, Δ=-0.5131)
2025-09-26 03:03:14,032 - __main__ - DEBUG - Iter 3: ELBO after FB: -11999.4240 (LL -645.3341, Δ=0.0000)
2025-09-26 03:03:14,032 - __main__ - DEBUG - Blending stats with ρ_niw=0.0500, ρ_tr=0.0500.
2025-09-26 03:03:14,080 - __main__ - DEBUG - Iter 3: ELBO after NIW update: -11999.4240 (Emit LL -137.9198, NIW term -11313.1914, Δ=0.0000)
2025-09-26 03:03:14,127 - __main__ - DEBUG - Iter 3: ELBO after Dirichlet update: -11999.7424 (Trans LL -3.7452, Dir term -25.3509, Δ=-0.3183)
2025-09-26 03:03:14,191 - __main__ - DEBUG - Iter 3: ELBO after β update: -11999.9574 (Init LL -503.7786, Dir term -25.4544, logp(β) -15.8684, Δ=-0.2150)
2025-09-26 03:03:17,431 - __main__ - DEBUG - Iter 4: ELBO after FB: -11999.9574 (LL -645.4433, Δ=0.0000)
2025-09-26 03:03:17,432 - __main__ - DEBUG - Blending stats with ρ_niw=0.0500, ρ_tr=0.0500.
2025-09-26 03:03:17,479 - __main__ - DEBUG - Iter 4: ELBO after NIW update: -11999.9574 (Emit LL -137.9198, NIW term -11313.1914, Δ=0.0000)
2025-09-26 03:03:17,527 - __main__ - DEBUG - Iter 4: ELBO after Dirichlet update: -12000.3670 (Trans LL -3.7424, Dir term -25.8668, Δ=-0.4096)
2025-09-26 03:03:17,580 - __main__ - DEBUG - Iter 4: ELBO after β update: -12000.2876 (Init LL -503.6760, Dir term -25.8919, logp(β) -15.8664, Δ=0.0794)
2025-09-26 03:03:17,582 - __main__ - INFO -    HMM refresh complete: ELBO=-6.2489, iters=0, max iters, states=40
2025-09-26 03:03:17,582 - __main__ - INFO -    ✅ HMM updated (next in 12,000 steps)
2025-09-26 03:03:17,582 - __main__ - INFO - 🔄 VAE refresh starting at step 64,512 with replay size 8x1536
2025-09-26 03:03:17,583 - __main__ - INFO -    Using span sampling (12288 timesteps, too large for full buffer)
2025-09-26 03:03:39,361 - __main__ - INFO -    VAE refresh complete: final_loss=2813.0896, avg_loss=2814.0201, steps=4/4, trend=improving, total_timesteps=12288, span_sampling=32_requested×4_steps, span_len=64
2025-09-26 03:03:39,362 - __main__ - INFO -    ✅ VAE updated (next in 12,000 steps)
2025-09-26 03:03:41,572 - __main__ - INFO - 📊 Episodes completed this rollout: 2
2025-09-26 03:03:41,572 - __main__ - INFO - 📈 Episode stats: avg return = -0.38, avg length = 300.0
2025-09-26 03:03:41,573 - __main__ - INFO - 🎯 Top 3 training actions: #2(17114), #3(13550), #4(11130)
2025-09-26 03:03:44,843 - __main__ - INFO - 📊 Episodes completed this rollout: 7
2025-09-26 03:03:44,843 - __main__ - INFO - 📈 Episode stats: avg return = -0.09, avg length = 253.0
2025-09-26 03:03:44,843 - __main__ - INFO - 🎯 Top 3 training actions: #2(17321), #3(13774), #4(11269)
2025-09-26 03:03:48,068 - __main__ - INFO - 📊 Episodes completed this rollout: 2
2025-09-26 03:03:48,068 - __main__ - INFO - 📈 Episode stats: avg return = -0.46, avg length = 300.0
2025-09-26 03:03:48,068 - __main__ - INFO - 🎯 Top 3 training actions: #2(17540), #3(14035), #4(11371)
2025-09-26 03:03:51,318 - __main__ - INFO - 📊 Episodes completed this rollout: 6
2025-09-26 03:03:51,318 - __main__ - INFO - 📈 Episode stats: avg return = 0.06, avg length = 220.0
2025-09-26 03:03:51,318 - __main__ - INFO - 🎯 Top 3 training actions: #2(17769), #3(14243), #4(11486)
2025-09-26 03:03:54,545 - __main__ - INFO - 📊 Episodes completed this rollout: 5
2025-09-26 03:03:54,546 - __main__ - INFO - 📈 Episode stats: avg return = 0.48, avg length = 185.4
2025-09-26 03:03:54,546 - __main__ - INFO - 🎯 Top 3 training actions: #2(17941), #3(14449), #4(11586)
2025-09-26 03:03:57,752 - __main__ - INFO - 📊 Episodes completed this rollout: 2
2025-09-26 03:03:57,752 - __main__ - INFO - 📈 Episode stats: avg return = 0.24, avg length = 276.5
2025-09-26 03:03:57,752 - __main__ - INFO - 🎯 Top 3 training actions: #2(18107), #3(14613), #4(11694)
2025-09-26 03:03:58,763 - __main__ - INFO - 🧪 Starting evaluation with 50 episodes...
2025-09-26 03:03:58,763 - __main__ - INFO -    Eval seed: 51
2025-09-26 03:03:58,763 - __main__ - INFO -    Max episode steps (eval): env default
2025-09-26 03:03:58,764 - nle.env.base - INFO - Not saving any NLE data.
2025-09-26 03:04:02,008 - __main__ - WARNING - ⚠️ Episode 1 terminated due to step limit.
2025-09-26 03:04:04,732 - __main__ - DEBUG - 🎯 Eval HMM masking: step 100 masked due to negative reward
2025-09-26 03:04:06,873 - __main__ - WARNING - ⚠️ Episode 4 terminated due to step limit.
2025-09-26 03:04:10,253 - __main__ - WARNING - ⚠️ Episode 5 terminated due to step limit.
2025-09-26 03:04:10,968 - __main__ - DEBUG - 🎯 Eval HMM masking: step 50 masked due to negative reward
2025-09-26 03:04:14,563 - __main__ - WARNING - ⚠️ Episode 7 terminated due to step limit.
2025-09-26 03:04:17,948 - __main__ - WARNING - ⚠️ Episode 8 terminated due to step limit.
2025-09-26 03:04:21,328 - __main__ - WARNING - ⚠️ Episode 9 terminated due to step limit.
2025-09-26 03:04:25,343 - __main__ - DEBUG - 🎯 Eval HMM masking: step 50 masked due to negative reward
2025-09-26 03:04:27,994 - __main__ - WARNING - ⚠️ Episode 13 terminated due to step limit.
2025-09-26 03:04:31,381 - __main__ - WARNING - ⚠️ Episode 14 terminated due to step limit.
2025-09-26 03:04:33,176 - __main__ - DEBUG - 🎯 Eval HMM masking: step 150 masked due to negative reward
2025-09-26 03:04:34,785 - __main__ - WARNING - ⚠️ Episode 15 terminated due to step limit.
2025-09-26 03:04:41,192 - __main__ - WARNING - ⚠️ Episode 17 terminated due to step limit.
2025-09-26 03:04:42,438 - __main__ - DEBUG - 🎯 Eval HMM masking: step 100 masked due to negative reward
2025-09-26 03:04:44,573 - __main__ - WARNING - ⚠️ Episode 18 terminated due to step limit.
2025-09-26 03:04:47,963 - __main__ - WARNING - ⚠️ Episode 19 terminated due to step limit.
2025-09-26 03:04:51,361 - __main__ - WARNING - ⚠️ Episode 20 terminated due to step limit.
2025-09-26 03:04:53,689 - __main__ - DEBUG - 🎯 Eval HMM masking: step 200 masked due to negative reward
2025-09-26 03:04:54,757 - __main__ - WARNING - ⚠️ Episode 21 terminated due to step limit.
2025-09-26 03:05:00,268 - __main__ - WARNING - ⚠️ Episode 23 terminated due to step limit.
2025-09-26 03:05:03,673 - __main__ - WARNING - ⚠️ Episode 24 terminated due to step limit.
2025-09-26 03:05:05,457 - __main__ - DEBUG - 🎯 Eval HMM masking: step 150 masked due to negative reward
2025-09-26 03:05:05,996 - __main__ - DEBUG - 🎯 Eval HMM masking: step 200 masked due to negative reward
2025-09-26 03:05:07,070 - __main__ - WARNING - ⚠️ Episode 25 terminated due to step limit.
2025-09-26 03:05:09,382 - __main__ - DEBUG - 🎯 Eval HMM masking: step 200 masked due to negative reward
2025-09-26 03:05:10,444 - __main__ - WARNING - ⚠️ Episode 26 terminated due to step limit.
2025-09-26 03:05:13,827 - __main__ - WARNING - ⚠️ Episode 27 terminated due to step limit.
2025-09-26 03:05:20,464 - __main__ - WARNING - ⚠️ Episode 29 terminated due to step limit.
2025-09-26 03:05:22,779 - __main__ - DEBUG - 🎯 Eval HMM masking: step 200 masked due to negative reward
2025-09-26 03:05:23,319 - __main__ - DEBUG - 🎯 Eval HMM masking: step 250 masked due to negative reward
2025-09-26 03:05:27,034 - __main__ - WARNING - ⚠️ Episode 31 terminated due to step limit.
2025-09-26 03:05:29,363 - __main__ - DEBUG - 🎯 Eval HMM masking: step 200 masked due to negative reward
2025-09-26 03:05:30,431 - __main__ - WARNING - ⚠️ Episode 32 terminated due to step limit.
2025-09-26 03:05:31,143 - __main__ - DEBUG - 🎯 Eval HMM masking: step 50 masked due to negative reward
2025-09-26 03:05:32,216 - __main__ - DEBUG - 🎯 Eval HMM masking: step 150 masked due to negative reward
2025-09-26 03:05:34,030 - __main__ - DEBUG - 🎯 Eval HMM masking: step 150 masked due to negative reward
2025-09-26 03:05:35,622 - __main__ - WARNING - ⚠️ Episode 34 terminated due to step limit.
2025-09-26 03:05:37,947 - __main__ - DEBUG - 🎯 Eval HMM masking: step 200 masked due to negative reward
2025-09-26 03:05:38,489 - __main__ - DEBUG - 🎯 Eval HMM masking: step 250 masked due to negative reward
2025-09-26 03:05:39,021 - __main__ - WARNING - ⚠️ Episode 35 terminated due to step limit.
2025-09-26 03:05:41,344 - __main__ - DEBUG - 🎯 Eval HMM masking: step 200 masked due to negative reward
2025-09-26 03:05:44,776 - __main__ - DEBUG - 🎯 Eval HMM masking: step 50 masked due to negative reward
2025-09-26 03:05:47,451 - __main__ - WARNING - ⚠️ Episode 39 terminated due to step limit.
2025-09-26 03:05:48,706 - __main__ - DEBUG - 🎯 Eval HMM masking: step 100 masked due to negative reward
2025-09-26 03:05:50,842 - __main__ - WARNING - ⚠️ Episode 40 terminated due to step limit.
2025-09-26 03:05:54,231 - __main__ - WARNING - ⚠️ Episode 41 terminated due to step limit.
2025-09-26 03:06:06,744 - __main__ - WARNING - ⚠️ Episode 47 terminated due to step limit.
2025-09-26 03:06:09,991 - __main__ - DEBUG - 🎯 Eval HMM masking: step 50 masked due to negative reward
2025-09-26 03:06:11,600 - __main__ - DEBUG - 🎯 Eval HMM masking: step 200 masked due to negative reward
2025-09-26 03:06:12,663 - __main__ - WARNING - ⚠️ Episode 49 terminated due to step limit.
2025-09-26 03:06:13,288 - __main__ - INFO - 📊 Evaluation Results (Current Round):
2025-09-26 03:06:13,288 - __main__ - INFO -    Episodes: 50
2025-09-26 03:06:13,288 - __main__ - INFO -    Time: 134.5s (2.7s/ep)
2025-09-26 03:06:13,288 - __main__ - INFO -    Average Return: 0.139 ± 0.605
2025-09-26 03:06:13,288 - __main__ - INFO -    Success Rate: 42.0%
2025-09-26 03:06:13,288 - __main__ - INFO -    Average Length: 238.1
2025-09-26 03:06:13,288 - __main__ - INFO -    Average Coverage: 80.2 positions
2025-09-26 03:06:13,288 - __main__ - INFO -    Episode Completions: 21 terminated (42.0%), 29 truncated (58.0%)
2025-09-26 03:06:13,289 - __main__ - INFO - 📈 Total Evaluation Statistics:
2025-09-26 03:06:13,289 - __main__ - INFO -    Total Episodes: 350
2025-09-26 03:06:13,289 - __main__ - INFO -    Total Average Return: -0.125 ± 0.711
2025-09-26 03:06:13,289 - __main__ - INFO -    Total Average Length: 235.9 ± 103.8
2025-09-26 03:06:13,289 - __main__ - INFO -    Total Completions: 113 terminated (32.3%), 237 truncated (67.7%)
2025-09-26 03:06:13,289 - __main__ - INFO -    Skill Entropy: 0.001
2025-09-26 03:06:13,290 - __main__ - INFO -    Used Skills: 1.0
2025-09-26 03:06:13,290 - __main__ - INFO -    Effective K: 1.00
2025-09-26 03:06:13,290 - __main__ - INFO - 🎯 Action Usage Statistics:
2025-09-26 03:06:13,290 - __main__ - INFO -    Unique actions in evaluation: 8
2025-09-26 03:06:13,290 - __main__ - INFO -    Unique actions in training: 8
2025-09-26 03:06:13,290 - __main__ - INFO -    Total unique actions: 8
2025-09-26 03:06:13,290 - __main__ - INFO -    Action coverage: 6.6%
2025-09-26 03:06:13,290 - __main__ - INFO -    Train action count: 70656
2025-09-26 03:06:13,291 - __main__ - INFO -    Eval action count: 82554
2025-09-26 03:06:13,291 - __main__ - INFO -    Train action entropy: 1.897
2025-09-26 03:06:13,291 - __main__ - INFO -    Eval action entropy: 1.872
2025-09-26 03:06:13,292 - __main__ - INFO -    Top 3 train actions: #2(18107), #3(14613), #4(11694)
2025-09-26 03:06:13,292 - __main__ - INFO -    Top 3 eval actions: #2(23914), #3(18009), #0(11033)
2025-09-26 03:06:15,586 - __main__ - INFO - 📊 Episodes completed this rollout: 11
2025-09-26 03:06:15,587 - __main__ - INFO - 📈 Episode stats: avg return = 0.35, avg length = 174.3
2025-09-26 03:06:15,587 - __main__ - INFO - 🎯 Top 3 training actions: #2(18271), #3(14779), #4(11790)
2025-09-26 03:06:18,815 - __main__ - INFO - 📊 Episodes completed this rollout: 3
2025-09-26 03:06:18,816 - __main__ - INFO - 📈 Episode stats: avg return = 0.52, avg length = 158.0
2025-09-26 03:06:18,816 - __main__ - INFO - 🎯 Top 3 training actions: #2(18451), #3(14963), #4(11887)
2025-09-26 03:06:22,051 - __main__ - INFO - 📊 Episodes completed this rollout: 3
2025-09-26 03:06:22,052 - __main__ - INFO - 📈 Episode stats: avg return = 0.11, avg length = 277.0
2025-09-26 03:06:22,052 - __main__ - INFO - 🎯 Top 3 training actions: #2(18649), #3(15167), #4(11978)
2025-09-26 03:06:25,302 - __main__ - INFO - 📊 Episodes completed this rollout: 4
2025-09-26 03:06:25,303 - __main__ - INFO - 📈 Episode stats: avg return = -0.04, avg length = 289.5
2025-09-26 03:06:25,303 - __main__ - INFO - 🎯 Top 3 training actions: #2(18863), #3(15353), #4(12056)
2025-09-26 03:06:28,561 - __main__ - INFO - 📊 Episodes completed this rollout: 4
2025-09-26 03:06:28,561 - __main__ - INFO - 📈 Episode stats: avg return = -0.33, avg length = 300.0
2025-09-26 03:06:28,561 - __main__ - INFO - 🎯 Top 3 training actions: #2(19066), #3(15533), #4(12150)
2025-09-26 03:06:31,795 - __main__ - INFO - 📊 Episodes completed this rollout: 3
2025-09-26 03:06:31,796 - __main__ - INFO - 📈 Episode stats: avg return = 0.03, avg length = 275.3
2025-09-26 03:06:31,796 - __main__ - INFO - 🎯 Top 3 training actions: #2(19260), #3(15726), #4(12259)
2025-09-26 03:06:32,804 - __main__ - INFO - 🔄 Synchronized model update at step 76,800
2025-09-26 03:06:32,804 - __main__ - INFO -    HMM interval: 12,000, VAE interval: 12,000
2025-09-26 03:06:32,805 - __main__ - INFO - 🚫 Model training masking: 1464/12288 timesteps masked (11.9%) due to negative rewards (invalid actions)
2025-09-26 03:06:33,167 - __main__ - INFO - 🔄 Capping HMM batch size from 931 to 128 to prevent OOM
2025-09-26 03:06:33,167 - __main__ - INFO - 🔄 HMM refresh starting at step 76,800 with replay size 128x75
2025-09-26 03:06:37,566 - __main__ - DEBUG - Initial ELBO: -11982.5531
2025-09-26 03:06:37,568 - __main__ - DEBUG - Relative tol: 0.0100
2025-09-26 03:06:37,568 - __main__ - DEBUG - Relative elbo_drop_tol: 0.0100
2025-09-26 03:06:37,568 - __main__ - DEBUG - - Init -502.7472
2025-09-26 03:06:37,568 - __main__ - DEBUG - - Trans -6.2568
2025-09-26 03:06:37,568 - __main__ - DEBUG - - Emit -119.9144
2025-09-26 03:06:37,569 - __main__ - DEBUG - - Entropy 0.0004
2025-09-26 03:06:37,569 - __main__ - DEBUG - - Dir -24.5795
2025-09-26 03:06:37,569 - __main__ - DEBUG - - NIW -11313.1914
2025-09-26 03:06:37,569 - __main__ - DEBUG - - Beta prior -15.8642
2025-09-26 03:06:42,339 - __main__ - DEBUG - Iter 0: ELBO after FB: -11982.5531 (LL -628.9180, Δ=0.0000)
2025-09-26 03:06:42,340 - __main__ - DEBUG - Blending stats with ρ_niw=0.0500, ρ_tr=0.0500.
2025-09-26 03:06:42,388 - __main__ - DEBUG - Iter 0: ELBO after NIW update: -8758.0935 (Emit LL 3376.0735, NIW term -11584.7197, Δ=3224.4596)
2025-09-26 03:06:42,436 - __main__ - DEBUG - Iter 0: ELBO after Dirichlet update: -8758.0431 (Trans LL -6.1709, Dir term -24.6150, Δ=0.0504)
2025-09-26 03:06:42,502 - __main__ - DEBUG - Iter 0: ELBO after β update: -8758.6574 (Init LL -503.3372, Dir term -24.6282, logp(β) -15.8752, Δ=-0.6143)
2025-09-26 03:06:47,282 - __main__ - DEBUG - Iter 1: ELBO after FB: -8758.6574 (LL 2866.5657, Δ=0.0000)
2025-09-26 03:06:47,283 - __main__ - DEBUG - Blending stats with ρ_niw=0.0500, ρ_tr=0.0500.
2025-09-26 03:06:47,331 - __main__ - DEBUG - Iter 1: ELBO after NIW update: -8758.6574 (Emit LL 3376.0735, NIW term -11584.7197, Δ=0.0000)
2025-09-26 03:06:47,379 - __main__ - DEBUG - Iter 1: ELBO after Dirichlet update: -8758.7110 (Trans LL -6.1483, Dir term -24.7045, Δ=-0.0536)
2025-09-26 03:06:47,445 - __main__ - DEBUG - Iter 1: ELBO after β update: -8759.2834 (Init LL -503.8188, Dir term -24.7858, logp(β) -15.8847, Δ=-0.5724)
2025-09-26 03:06:52,195 - __main__ - DEBUG - Iter 2: ELBO after FB: -8759.2834 (LL 2866.1068, Δ=0.0000)
2025-09-26 03:06:52,196 - __main__ - DEBUG - Blending stats with ρ_niw=0.0500, ρ_tr=0.0500.
2025-09-26 03:06:52,244 - __main__ - DEBUG - Iter 2: ELBO after NIW update: -8759.2834 (Emit LL 3376.0735, NIW term -11584.7197, Δ=0.0000)
2025-09-26 03:06:52,293 - __main__ - DEBUG - Iter 2: ELBO after Dirichlet update: -8759.4890 (Trans LL -6.1297, Dir term -25.0099, Δ=-0.2055)
2025-09-26 03:06:52,358 - __main__ - DEBUG - Iter 2: ELBO after β update: -8759.9823 (Init LL -504.2195, Dir term -25.1011, logp(β) -15.8862, Δ=-0.4933)
2025-09-26 03:06:57,112 - __main__ - DEBUG - Iter 3: ELBO after FB: -8759.9823 (LL 2865.7248, Δ=0.0000)
2025-09-26 03:06:57,113 - __main__ - DEBUG - Blending stats with ρ_niw=0.0500, ρ_tr=0.0500.
2025-09-26 03:06:57,160 - __main__ - DEBUG - Iter 3: ELBO after NIW update: -8759.9823 (Emit LL 3376.0735, NIW term -11584.7197, Δ=0.0000)
2025-09-26 03:06:57,208 - __main__ - DEBUG - Iter 3: ELBO after Dirichlet update: -8760.3219 (Trans LL -6.1144, Dir term -25.4560, Δ=-0.3396)
2025-09-26 03:06:57,273 - __main__ - DEBUG - Iter 3: ELBO after β update: -8760.5067 (Init LL -504.3336, Dir term -25.5342, logp(β) -15.8787, Δ=-0.1848)
2025-09-26 03:07:02,049 - __main__ - DEBUG - Iter 4: ELBO after FB: -8760.5067 (LL 2865.6259, Δ=0.0000)
2025-09-26 03:07:02,049 - __main__ - DEBUG - Blending stats with ρ_niw=0.0500, ρ_tr=0.0500.
2025-09-26 03:07:02,097 - __main__ - DEBUG - Iter 4: ELBO after NIW update: -8760.5067 (Emit LL 3376.0735, NIW term -11584.7197, Δ=0.0000)
2025-09-26 03:07:02,146 - __main__ - DEBUG - Iter 4: ELBO after Dirichlet update: -8760.9004 (Trans LL -6.1104, Dir term -25.9318, Δ=-0.3937)
2025-09-26 03:07:02,200 - __main__ - DEBUG - Iter 4: ELBO after β update: -8760.8106 (Init LL -504.2151, Dir term -25.9628, logp(β) -15.8764, Δ=0.0898)
2025-09-26 03:07:02,202 - __main__ - INFO -    HMM refresh complete: ELBO=7.3465, iters=0, max iters, states=40
2025-09-26 03:07:02,203 - __main__ - INFO -    ✅ HMM updated (next in 12,000 steps)
2025-09-26 03:07:02,203 - __main__ - INFO - 🔄 VAE refresh starting at step 76,800 with replay size 8x1536
2025-09-26 03:07:02,204 - __main__ - INFO -    Using span sampling (12288 timesteps, too large for full buffer)
2025-09-26 03:07:25,044 - __main__ - INFO -    VAE refresh complete: final_loss=2803.3306, avg_loss=2803.0543, steps=4/4, trend=improving, total_timesteps=12288, span_sampling=32_requested×4_steps, span_len=64
2025-09-26 03:07:25,046 - __main__ - INFO -    ✅ VAE updated (next in 12,000 steps)
2025-09-26 03:07:27,278 - __main__ - INFO - 📊 Episodes completed this rollout: 3
2025-09-26 03:07:27,279 - __main__ - INFO - 📈 Episode stats: avg return = 0.04, avg length = 280.7
2025-09-26 03:07:27,279 - __main__ - INFO - 🎯 Top 3 training actions: #2(19475), #3(15927), #4(12366)
2025-09-26 03:07:30,571 - __main__ - INFO - 📊 Episodes completed this rollout: 7
2025-09-26 03:07:30,572 - __main__ - INFO - 📈 Episode stats: avg return = 0.06, avg length = 217.7
2025-09-26 03:07:30,572 - __main__ - INFO - 🎯 Top 3 training actions: #2(19729), #3(16099), #4(12462)
2025-09-26 03:07:33,819 - __main__ - INFO - 📊 Episodes completed this rollout: 4
2025-09-26 03:07:33,819 - __main__ - INFO - 📈 Episode stats: avg return = -0.02, avg length = 256.5
2025-09-26 03:07:33,820 - __main__ - INFO - 🎯 Top 3 training actions: #2(20004), #3(16282), #4(12542)
2025-09-26 03:07:37,051 - __main__ - INFO - 📊 Episodes completed this rollout: 5
2025-09-26 03:07:37,051 - __main__ - INFO - 📈 Episode stats: avg return = 0.63, avg length = 179.8
2025-09-26 03:07:37,052 - __main__ - INFO - 🎯 Top 3 training actions: #2(20276), #3(16482), #4(12613)
2025-09-26 03:07:38,063 - __main__ - INFO - 🧪 Starting evaluation with 50 episodes...
2025-09-26 03:07:38,063 - __main__ - INFO -    Eval seed: 51
2025-09-26 03:07:38,063 - __main__ - INFO -    Max episode steps (eval): env default
2025-09-26 03:07:38,064 - nle.env.base - INFO - Not saving any NLE data.
2025-09-26 03:07:42,290 - __main__ - DEBUG - 🎯 Eval HMM masking: step 100 masked due to negative reward
2025-09-26 03:07:43,365 - __main__ - DEBUG - 🎯 Eval HMM masking: step 200 masked due to negative reward
2025-09-26 03:07:44,431 - __main__ - WARNING - ⚠️ Episode 2 terminated due to step limit.
2025-09-26 03:07:45,146 - __main__ - DEBUG - 🎯 Eval HMM masking: step 50 masked due to negative reward
2025-09-26 03:07:46,755 - __main__ - DEBUG - 🎯 Eval HMM masking: step 200 masked due to negative reward
2025-09-26 03:07:47,819 - __main__ - WARNING - ⚠️ Episode 3 terminated due to step limit.
2025-09-26 03:07:49,069 - __main__ - DEBUG - 🎯 Eval HMM masking: step 100 masked due to negative reward
2025-09-26 03:07:51,215 - __main__ - WARNING - ⚠️ Episode 4 terminated due to step limit.
2025-09-26 03:07:53,537 - __main__ - DEBUG - 🎯 Eval HMM masking: step 200 masked due to negative reward
2025-09-26 03:07:54,600 - __main__ - WARNING - ⚠️ Episode 5 terminated due to step limit.
2025-09-26 03:07:57,981 - __main__ - WARNING - ⚠️ Episode 6 terminated due to step limit.
2025-09-26 03:07:59,315 - __main__ - DEBUG - 🎯 Eval HMM masking: step 100 masked due to negative reward
2025-09-26 03:08:01,456 - __main__ - WARNING - ⚠️ Episode 8 terminated due to step limit.
2025-09-26 03:08:04,851 - __main__ - WARNING - ⚠️ Episode 9 terminated due to step limit.
2025-09-26 03:08:08,300 - __main__ - WARNING - ⚠️ Episode 11 terminated due to step limit.
2025-09-26 03:08:11,679 - __main__ - WARNING - ⚠️ Episode 12 terminated due to step limit.
2025-09-26 03:08:12,926 - __main__ - DEBUG - 🎯 Eval HMM masking: step 100 masked due to negative reward
2025-09-26 03:08:15,061 - __main__ - WARNING - ⚠️ Episode 13 terminated due to step limit.
2025-09-26 03:08:18,436 - __main__ - WARNING - ⚠️ Episode 14 terminated due to step limit.
2025-09-26 03:08:21,819 - __main__ - WARNING - ⚠️ Episode 15 terminated due to step limit.
2025-09-26 03:08:24,772 - __main__ - DEBUG - 🎯 Eval HMM masking: step 50 masked due to negative reward
2025-09-26 03:08:25,309 - __main__ - DEBUG - 🎯 Eval HMM masking: step 100 masked due to negative reward
2025-09-26 03:08:26,916 - __main__ - DEBUG - 🎯 Eval HMM masking: step 250 masked due to negative reward
2025-09-26 03:08:27,440 - __main__ - WARNING - ⚠️ Episode 17 terminated due to step limit.
2025-09-26 03:08:30,822 - __main__ - WARNING - ⚠️ Episode 18 terminated due to step limit.
2025-09-26 03:08:33,904 - __main__ - DEBUG - 🎯 Eval HMM masking: step 200 masked due to negative reward
2025-09-26 03:08:34,969 - __main__ - WARNING - ⚠️ Episode 21 terminated due to step limit.
2025-09-26 03:08:35,680 - __main__ - DEBUG - 🎯 Eval HMM masking: step 50 masked due to negative reward
2025-09-26 03:08:38,342 - __main__ - WARNING - ⚠️ Episode 22 terminated due to step limit.
2025-09-26 03:08:42,229 - __main__ - WARNING - ⚠️ Episode 24 terminated due to step limit.
2025-09-26 03:08:45,613 - __main__ - WARNING - ⚠️ Episode 25 terminated due to step limit.
2025-09-26 03:08:48,991 - __main__ - WARNING - ⚠️ Episode 26 terminated due to step limit.
2025-09-26 03:08:52,370 - __main__ - WARNING - ⚠️ Episode 27 terminated due to step limit.
2025-09-26 03:08:53,081 - __main__ - DEBUG - 🎯 Eval HMM masking: step 50 masked due to negative reward
2025-09-26 03:08:55,221 - __main__ - DEBUG - 🎯 Eval HMM masking: step 250 masked due to negative reward
2025-09-26 03:08:55,749 - __main__ - WARNING - ⚠️ Episode 28 terminated due to step limit.
2025-09-26 03:08:58,591 - __main__ - DEBUG - 🎯 Eval HMM masking: step 250 masked due to negative reward
2025-09-26 03:08:59,116 - __main__ - WARNING - ⚠️ Episode 29 terminated due to step limit.
2025-09-26 03:09:01,438 - __main__ - DEBUG - 🎯 Eval HMM masking: step 200 masked due to negative reward
2025-09-26 03:09:02,504 - __main__ - WARNING - ⚠️ Episode 30 terminated due to step limit.
2025-09-26 03:09:03,218 - __main__ - DEBUG - 🎯 Eval HMM masking: step 50 masked due to negative reward
2025-09-26 03:09:07,043 - __main__ - DEBUG - 🎯 Eval HMM masking: step 50 masked due to negative reward
2025-09-26 03:09:07,579 - __main__ - DEBUG - 🎯 Eval HMM masking: step 100 masked due to negative reward
2025-09-26 03:09:09,186 - __main__ - DEBUG - 🎯 Eval HMM masking: step 250 masked due to negative reward
2025-09-26 03:09:09,716 - __main__ - WARNING - ⚠️ Episode 33 terminated due to step limit.
2025-09-26 03:09:13,789 - __main__ - WARNING - ⚠️ Episode 35 terminated due to step limit.
2025-09-26 03:09:19,697 - __main__ - DEBUG - 🎯 Eval HMM masking: step 150 masked due to negative reward
2025-09-26 03:09:21,287 - __main__ - WARNING - ⚠️ Episode 38 terminated due to step limit.
2025-09-26 03:09:24,664 - __main__ - WARNING - ⚠️ Episode 39 terminated due to step limit.
2025-09-26 03:09:28,043 - __main__ - WARNING - ⚠️ Episode 40 terminated due to step limit.
2025-09-26 03:09:29,290 - __main__ - DEBUG - 🎯 Eval HMM masking: step 100 masked due to negative reward
2025-09-26 03:09:30,362 - __main__ - DEBUG - 🎯 Eval HMM masking: step 200 masked due to negative reward
2025-09-26 03:09:31,426 - __main__ - WARNING - ⚠️ Episode 41 terminated due to step limit.
2025-09-26 03:09:36,756 - __main__ - DEBUG - 🎯 Eval HMM masking: step 200 masked due to negative reward
2025-09-26 03:09:37,823 - __main__ - WARNING - ⚠️ Episode 44 terminated due to step limit.
2025-09-26 03:09:38,704 - __main__ - DEBUG - 🎯 Eval HMM masking: step 50 masked due to negative reward
2025-09-26 03:09:40,648 - __main__ - DEBUG - 🎯 Eval HMM masking: step 100 masked due to negative reward
2025-09-26 03:09:41,184 - __main__ - DEBUG - 🎯 Eval HMM masking: step 150 masked due to negative reward
2025-09-26 03:09:42,255 - __main__ - DEBUG - 🎯 Eval HMM masking: step 250 masked due to negative reward
2025-09-26 03:09:42,781 - __main__ - WARNING - ⚠️ Episode 48 terminated due to step limit.
2025-09-26 03:09:46,137 - __main__ - WARNING - ⚠️ Episode 49 terminated due to step limit.
2025-09-26 03:09:46,334 - __main__ - INFO - 📊 Evaluation Results (Current Round):
2025-09-26 03:09:46,334 - __main__ - INFO -    Episodes: 50
2025-09-26 03:09:46,334 - __main__ - INFO -    Time: 128.3s (2.6s/ep)
2025-09-26 03:09:46,335 - __main__ - INFO -    Average Return: 0.049 ± 0.646
2025-09-26 03:09:46,335 - __main__ - INFO -    Success Rate: 36.0%
2025-09-26 03:09:46,335 - __main__ - INFO -    Average Length: 227.4
2025-09-26 03:09:46,335 - __main__ - INFO -    Average Coverage: 61.4 positions
2025-09-26 03:09:46,335 - __main__ - INFO -    Episode Completions: 18 terminated (36.0%), 32 truncated (64.0%)
2025-09-26 03:09:46,336 - __main__ - INFO - 📈 Total Evaluation Statistics:
2025-09-26 03:09:46,336 - __main__ - INFO -    Total Episodes: 400
2025-09-26 03:09:46,336 - __main__ - INFO -    Total Average Return: -0.103 ± 0.705
2025-09-26 03:09:46,336 - __main__ - INFO -    Total Average Length: 234.8 ± 105.3
2025-09-26 03:09:46,337 - __main__ - INFO -    Total Completions: 131 terminated (32.8%), 269 truncated (67.2%)
2025-09-26 03:09:46,337 - __main__ - INFO -    Skill Entropy: 0.001
2025-09-26 03:09:46,337 - __main__ - INFO -    Used Skills: 1.0
2025-09-26 03:09:46,337 - __main__ - INFO -    Effective K: 1.00
2025-09-26 03:09:46,337 - __main__ - INFO - 🎯 Action Usage Statistics:
2025-09-26 03:09:46,337 - __main__ - INFO -    Unique actions in evaluation: 8
2025-09-26 03:09:46,338 - __main__ - INFO -    Unique actions in training: 8
2025-09-26 03:09:46,338 - __main__ - INFO -    Total unique actions: 8
2025-09-26 03:09:46,338 - __main__ - INFO -    Action coverage: 6.6%
2025-09-26 03:09:46,338 - __main__ - INFO -    Train action count: 80896
2025-09-26 03:09:46,338 - __main__ - INFO -    Eval action count: 93926
2025-09-26 03:09:46,338 - __main__ - INFO -    Train action entropy: 1.908
2025-09-26 03:09:46,339 - __main__ - INFO -    Eval action entropy: 1.866
2025-09-26 03:09:46,339 - __main__ - INFO -    Top 3 train actions: #2(20276), #3(16482), #4(12613)
2025-09-26 03:09:46,339 - __main__ - INFO -    Top 3 eval actions: #2(26833), #3(20075), #0(14906)
2025-09-26 03:09:48,573 - __main__ - INFO - 📊 Episodes completed this rollout: 4
2025-09-26 03:09:48,573 - __main__ - INFO - 📈 Episode stats: avg return = 0.37, avg length = 158.5
2025-09-26 03:09:48,574 - __main__ - INFO - 🎯 Top 3 training actions: #2(20547), #3(16641), #0(12788)
2025-09-26 03:09:51,852 - __main__ - INFO - 📊 Episodes completed this rollout: 6
2025-09-26 03:09:51,852 - __main__ - INFO - 📈 Episode stats: avg return = -0.21, avg length = 298.7
2025-09-26 03:09:51,853 - __main__ - INFO - 🎯 Top 3 training actions: #2(20810), #3(16817), #0(13056)
2025-09-26 03:09:55,065 - __main__ - INFO - 📊 Episodes completed this rollout: 4
2025-09-26 03:09:55,065 - __main__ - INFO - 📈 Episode stats: avg return = 0.60, avg length = 171.2
2025-09-26 03:09:55,066 - __main__ - INFO - 🎯 Top 3 training actions: #2(21040), #3(16994), #0(13330)
2025-09-26 03:09:58,308 - __main__ - INFO - 📊 Episodes completed this rollout: 5
2025-09-26 03:09:58,308 - __main__ - INFO - 📈 Episode stats: avg return = 0.16, avg length = 238.0
2025-09-26 03:09:58,308 - __main__ - INFO - 🎯 Top 3 training actions: #2(21287), #3(17143), #0(13609)
2025-09-26 03:10:01,554 - __main__ - INFO - 📊 Episodes completed this rollout: 5
2025-09-26 03:10:01,555 - __main__ - INFO - 📈 Episode stats: avg return = 0.41, avg length = 164.2
2025-09-26 03:10:01,555 - __main__ - INFO - 🎯 Top 3 training actions: #2(21534), #3(17299), #0(13841)
2025-09-26 03:10:04,807 - __main__ - INFO - 📊 Episodes completed this rollout: 6
2025-09-26 03:10:04,807 - __main__ - INFO - 📈 Episode stats: avg return = 0.28, avg length = 184.7
2025-09-26 03:10:04,808 - __main__ - INFO - 🎯 Top 3 training actions: #2(21747), #3(17454), #0(14041)
2025-09-26 03:10:08,038 - __main__ - INFO - 📊 Episodes completed this rollout: 5
2025-09-26 03:10:08,038 - __main__ - INFO - 📈 Episode stats: avg return = 0.72, avg length = 119.4
2025-09-26 03:10:08,039 - __main__ - INFO - 🎯 Top 3 training actions: #2(21971), #3(17596), #0(14223)
2025-09-26 03:10:11,302 - __main__ - INFO - 📊 Episodes completed this rollout: 6
2025-09-26 03:10:11,302 - __main__ - INFO - 📈 Episode stats: avg return = 0.25, avg length = 188.0
2025-09-26 03:10:11,303 - __main__ - INFO - 🎯 Top 3 training actions: #2(22184), #3(17771), #0(14405)
2025-09-26 03:10:12,313 - __main__ - INFO - 🔄 Synchronized model update at step 89,088
2025-09-26 03:10:12,313 - __main__ - INFO -    HMM interval: 12,000, VAE interval: 12,000
2025-09-26 03:10:12,314 - __main__ - INFO - 🚫 Model training masking: 1404/12288 timesteps masked (11.4%) due to negative rewards (invalid actions)
2025-09-26 03:10:12,680 - __main__ - INFO - 🔄 Capping HMM batch size from 980 to 128 to prevent OOM
2025-09-26 03:10:12,681 - __main__ - INFO - 🔄 HMM refresh starting at step 89,088 with replay size 128x79
2025-09-26 03:10:17,278 - __main__ - DEBUG - Initial ELBO: -9753.5203
2025-09-26 03:10:17,281 - __main__ - DEBUG - Relative tol: 0.0100
2025-09-26 03:10:17,281 - __main__ - DEBUG - Relative elbo_drop_tol: 0.0100
2025-09-26 03:10:17,281 - __main__ - DEBUG - - Init -503.3372
2025-09-26 03:10:17,281 - __main__ - DEBUG - - Trans -4.4059
2025-09-26 03:10:17,281 - __main__ - DEBUG - - Emit 2379.4455
2025-09-26 03:10:17,281 - __main__ - DEBUG - - Entropy 0.0005
2025-09-26 03:10:17,281 - __main__ - DEBUG - - Dir -24.6282
2025-09-26 03:10:17,281 - __main__ - DEBUG - - NIW -11584.7197
2025-09-26 03:10:17,282 - __main__ - DEBUG - - Beta prior -15.8752
2025-09-26 03:10:22,264 - __main__ - DEBUG - Iter 0: ELBO after FB: -9753.5203 (LL 1871.7028, Δ=0.0000)
2025-09-26 03:10:22,265 - __main__ - DEBUG - Blending stats with ρ_niw=0.0500, ρ_tr=0.0500.
2025-09-26 03:10:22,315 - __main__ - DEBUG - Iter 0: ELBO after NIW update: -8098.2203 (Emit LL 4178.4897, NIW term -11728.4639, Δ=1655.3000)
2025-09-26 03:10:22,364 - __main__ - DEBUG - Iter 0: ELBO after Dirichlet update: -8098.2053 (Trans LL -4.4273, Dir term -24.5919, Δ=0.0150)
2025-09-26 03:10:22,432 - __main__ - DEBUG - Iter 0: ELBO after β update: -8098.8217 (Init LL -503.9102, Dir term -24.6240, logp(β) -15.8864, Δ=-0.6163)
2025-09-26 03:10:27,419 - __main__ - DEBUG - Iter 1: ELBO after FB: -8098.8217 (LL 3670.1526, Δ=0.0000)
2025-09-26 03:10:27,420 - __main__ - DEBUG - Blending stats with ρ_niw=0.0500, ρ_tr=0.0500.
2025-09-26 03:10:27,469 - __main__ - DEBUG - Iter 1: ELBO after NIW update: -8098.8217 (Emit LL 4178.4897, NIW term -11728.4639, Δ=0.0000)
2025-09-26 03:10:27,519 - __main__ - DEBUG - Iter 1: ELBO after Dirichlet update: -8098.8929 (Trans LL -4.4116, Dir term -24.7108, Δ=-0.0712)
2025-09-26 03:10:27,586 - __main__ - DEBUG - Iter 1: ELBO after β update: -8099.4431 (Init LL -504.3875, Dir term -24.7747, logp(β) -15.8955, Δ=-0.5502)
2025-09-26 03:10:32,550 - __main__ - DEBUG - Iter 2: ELBO after FB: -8099.4431 (LL 3669.6911, Δ=0.0000)
2025-09-26 03:10:32,551 - __main__ - DEBUG - Blending stats with ρ_niw=0.0500, ρ_tr=0.0500.
2025-09-26 03:10:32,600 - __main__ - DEBUG - Iter 2: ELBO after NIW update: -8099.4431 (Emit LL 4178.4897, NIW term -11728.4639, Δ=0.0000)
2025-09-26 03:10:32,650 - __main__ - DEBUG - Iter 2: ELBO after Dirichlet update: -8099.6456 (Trans LL -4.3988, Dir term -24.9900, Δ=-0.2025)
2025-09-26 03:10:32,717 - __main__ - DEBUG - Iter 2: ELBO after β update: -8100.1220 (Init LL -504.7780, Dir term -25.0747, logp(β) -15.8968, Δ=-0.4765)
2025-09-26 03:10:37,714 - __main__ - DEBUG - Iter 3: ELBO after FB: -8100.1220 (LL 3669.3133, Δ=0.0000)
2025-09-26 03:10:37,715 - __main__ - DEBUG - Blending stats with ρ_niw=0.0500, ρ_tr=0.0500.
2025-09-26 03:10:37,764 - __main__ - DEBUG - Iter 3: ELBO after NIW update: -8100.1220 (Emit LL 4178.4897, NIW term -11728.4639, Δ=0.0000)
2025-09-26 03:10:37,814 - __main__ - DEBUG - Iter 3: ELBO after Dirichlet update: -8100.4441 (Trans LL -4.3884, Dir term -25.4072, Δ=-0.3221)
2025-09-26 03:10:37,878 - __main__ - DEBUG - Iter 3: ELBO after β update: -8100.5981 (Init LL -504.8579, Dir term -25.4873, logp(β) -15.8907, Δ=-0.1540)
2025-09-26 03:10:42,862 - __main__ - DEBUG - Iter 4: ELBO after FB: -8100.5981 (LL 3669.2438, Δ=0.0000)
2025-09-26 03:10:42,863 - __main__ - DEBUG - Blending stats with ρ_niw=0.0500, ρ_tr=0.0500.
2025-09-26 03:10:42,913 - __main__ - DEBUG - Iter 4: ELBO after NIW update: -8100.5981 (Emit LL 4178.4897, NIW term -11728.4639, Δ=0.0000)
2025-09-26 03:10:42,962 - __main__ - DEBUG - Iter 4: ELBO after Dirichlet update: -8100.9128 (Trans LL -4.3860, Dir term -25.8044, Δ=-0.3147)
2025-09-26 03:10:43,025 - __main__ - DEBUG - Iter 4: ELBO after β update: -8101.0169 (Init LL -504.8885, Dir term -25.8835, logp(β) -15.8853, Δ=-0.1041)
2025-09-26 03:10:43,027 - __main__ - INFO -    HMM refresh complete: ELBO=6.1695, iters=0, max iters, states=40
2025-09-26 03:10:43,028 - __main__ - INFO -    ✅ HMM updated (next in 12,000 steps)
2025-09-26 03:10:43,028 - __main__ - INFO - 🔄 VAE refresh starting at step 89,088 with replay size 8x1536
2025-09-26 03:10:43,029 - __main__ - INFO -    Using span sampling (12288 timesteps, too large for full buffer)
2025-09-26 03:11:06,003 - __main__ - INFO -    VAE refresh complete: final_loss=2777.5630, avg_loss=2781.4719, steps=4/4, trend=improving, total_timesteps=12288, span_sampling=32_requested×4_steps, span_len=64
2025-09-26 03:11:06,004 - __main__ - INFO -    ✅ VAE updated (next in 12,000 steps)
2025-09-26 03:11:08,343 - __main__ - INFO - 📊 Episodes completed this rollout: 8
2025-09-26 03:11:08,343 - __main__ - INFO - 📈 Episode stats: avg return = 0.33, avg length = 175.8
2025-09-26 03:11:08,344 - __main__ - INFO - 🎯 Top 3 training actions: #2(22401), #3(17937), #0(14594)
2025-09-26 03:11:09,367 - __main__ - INFO - 🧪 Starting evaluation with 50 episodes...
2025-09-26 03:11:09,367 - __main__ - INFO -    Eval seed: 51
2025-09-26 03:11:09,367 - __main__ - INFO -    Max episode steps (eval): env default
2025-09-26 03:11:09,369 - nle.env.base - INFO - Not saving any NLE data.
2025-09-26 03:11:10,518 - __main__ - DEBUG - 🎯 Eval HMM masking: step 100 masked due to negative reward
2025-09-26 03:11:12,774 - __main__ - WARNING - ⚠️ Episode 1 terminated due to step limit.
2025-09-26 03:11:13,513 - __main__ - DEBUG - 🎯 Eval HMM masking: step 50 masked due to negative reward
2025-09-26 03:11:16,351 - __main__ - WARNING - ⚠️ Episode 2 terminated due to step limit.
2025-09-26 03:11:19,875 - __main__ - WARNING - ⚠️ Episode 3 terminated due to step limit.
2025-09-26 03:11:23,496 - __main__ - WARNING - ⚠️ Episode 5 terminated due to step limit.
2025-09-26 03:11:29,388 - __main__ - WARNING - ⚠️ Episode 7 terminated due to step limit.
2025-09-26 03:11:32,199 - __main__ - DEBUG - 🎯 Eval HMM masking: step 200 masked due to negative reward
2025-09-26 03:11:33,329 - __main__ - WARNING - ⚠️ Episode 9 terminated due to step limit.
2025-09-26 03:11:34,634 - __main__ - DEBUG - 🎯 Eval HMM masking: step 100 masked due to negative reward
2025-09-26 03:11:35,207 - __main__ - DEBUG - 🎯 Eval HMM masking: step 150 masked due to negative reward
2025-09-26 03:11:36,882 - __main__ - WARNING - ⚠️ Episode 10 terminated due to step limit.
2025-09-26 03:11:41,413 - __main__ - WARNING - ⚠️ Episode 12 terminated due to step limit.
2025-09-26 03:11:44,420 - __main__ - DEBUG - 🎯 Eval HMM masking: step 250 masked due to negative reward
2025-09-26 03:11:44,980 - __main__ - WARNING - ⚠️ Episode 13 terminated due to step limit.
2025-09-26 03:11:48,538 - __main__ - WARNING - ⚠️ Episode 14 terminated due to step limit.
2025-09-26 03:11:52,078 - __main__ - WARNING - ⚠️ Episode 15 terminated due to step limit.
2025-09-26 03:11:55,604 - __main__ - WARNING - ⚠️ Episode 16 terminated due to step limit.
2025-09-26 03:12:00,742 - __main__ - DEBUG - 🎯 Eval HMM masking: step 50 masked due to negative reward
2025-09-26 03:12:02,421 - __main__ - DEBUG - 🎯 Eval HMM masking: step 200 masked due to negative reward
2025-09-26 03:12:05,417 - __main__ - DEBUG - 🎯 Eval HMM masking: step 250 masked due to negative reward
2025-09-26 03:12:05,979 - __main__ - WARNING - ⚠️ Episode 22 terminated due to step limit.
2025-09-26 03:12:09,529 - __main__ - WARNING - ⚠️ Episode 23 terminated due to step limit.
2025-09-26 03:12:10,800 - __main__ - DEBUG - 🎯 Eval HMM masking: step 50 masked due to negative reward
2025-09-26 03:12:11,372 - __main__ - DEBUG - 🎯 Eval HMM masking: step 100 masked due to negative reward
2025-09-26 03:12:13,617 - __main__ - WARNING - ⚠️ Episode 25 terminated due to step limit.
2025-09-26 03:12:21,858 - __main__ - WARNING - ⚠️ Episode 28 terminated due to step limit.
2025-09-26 03:12:25,418 - __main__ - WARNING - ⚠️ Episode 29 terminated due to step limit.
2025-09-26 03:12:28,992 - __main__ - WARNING - ⚠️ Episode 30 terminated due to step limit.
2025-09-26 03:12:30,427 - __main__ - DEBUG - 🎯 Eval HMM masking: step 100 masked due to negative reward
2025-09-26 03:12:32,705 - __main__ - WARNING - ⚠️ Episode 32 terminated due to step limit.
2025-09-26 03:12:39,700 - __main__ - WARNING - ⚠️ Episode 35 terminated due to step limit.
2025-09-26 03:12:43,240 - __main__ - WARNING - ⚠️ Episode 36 terminated due to step limit.
2025-09-26 03:12:46,802 - __main__ - WARNING - ⚠️ Episode 37 terminated due to step limit.
2025-09-26 03:12:49,246 - __main__ - DEBUG - 🎯 Eval HMM masking: step 200 masked due to negative reward
2025-09-26 03:12:50,383 - __main__ - WARNING - ⚠️ Episode 38 terminated due to step limit.
2025-09-26 03:12:53,913 - __main__ - WARNING - ⚠️ Episode 39 terminated due to step limit.
2025-09-26 03:12:57,370 - __main__ - DEBUG - 🎯 Eval HMM masking: step 200 masked due to negative reward
2025-09-26 03:12:58,485 - __main__ - WARNING - ⚠️ Episode 41 terminated due to step limit.
2025-09-26 03:12:59,785 - __main__ - DEBUG - 🎯 Eval HMM masking: step 100 masked due to negative reward
2025-09-26 03:13:02,031 - __main__ - WARNING - ⚠️ Episode 42 terminated due to step limit.
2025-09-26 03:13:04,462 - __main__ - DEBUG - 🎯 Eval HMM masking: step 200 masked due to negative reward
2025-09-26 03:13:05,588 - __main__ - WARNING - ⚠️ Episode 43 terminated due to step limit.
2025-09-26 03:13:11,085 - __main__ - WARNING - ⚠️ Episode 45 terminated due to step limit.
2025-09-26 03:13:15,492 - __main__ - WARNING - ⚠️ Episode 47 terminated due to step limit.
2025-09-26 03:13:18,480 - __main__ - DEBUG - 🎯 Eval HMM masking: step 250 masked due to negative reward
2025-09-26 03:13:19,034 - __main__ - WARNING - ⚠️ Episode 48 terminated due to step limit.
2025-09-26 03:13:22,093 - __main__ - INFO - 📊 Evaluation Results (Current Round):
2025-09-26 03:13:22,093 - __main__ - INFO -    Episodes: 50
2025-09-26 03:13:22,093 - __main__ - INFO -    Time: 132.7s (2.7s/ep)
2025-09-26 03:13:22,093 - __main__ - INFO -    Average Return: 0.155 ± 0.606
2025-09-26 03:13:22,093 - __main__ - INFO -    Success Rate: 40.0%
2025-09-26 03:13:22,093 - __main__ - INFO -    Average Length: 224.1
2025-09-26 03:13:22,094 - __main__ - INFO -    Average Coverage: 74.0 positions
2025-09-26 03:13:22,094 - __main__ - INFO -    Episode Completions: 20 terminated (40.0%), 30 truncated (60.0%)
2025-09-26 03:13:22,094 - __main__ - INFO - 📈 Total Evaluation Statistics:
2025-09-26 03:13:22,094 - __main__ - INFO -    Total Episodes: 450
2025-09-26 03:13:22,094 - __main__ - INFO -    Total Average Return: -0.074 ± 0.700
2025-09-26 03:13:22,094 - __main__ - INFO -    Total Average Length: 233.6 ± 105.4
2025-09-26 03:13:22,094 - __main__ - INFO -    Total Completions: 151 terminated (33.6%), 299 truncated (66.4%)
2025-09-26 03:13:22,095 - __main__ - INFO -    Skill Entropy: 0.001
2025-09-26 03:13:22,095 - __main__ - INFO -    Used Skills: 1.0
2025-09-26 03:13:22,095 - __main__ - INFO -    Effective K: 1.00
2025-09-26 03:13:22,095 - __main__ - INFO - 🎯 Action Usage Statistics:
2025-09-26 03:13:22,095 - __main__ - INFO -    Unique actions in evaluation: 8
2025-09-26 03:13:22,095 - __main__ - INFO -    Unique actions in training: 8
2025-09-26 03:13:22,095 - __main__ - INFO -    Total unique actions: 8
2025-09-26 03:13:22,095 - __main__ - INFO -    Action coverage: 6.6%
2025-09-26 03:13:22,096 - __main__ - INFO -    Train action count: 90112
2025-09-26 03:13:22,096 - __main__ - INFO -    Eval action count: 105131
2025-09-26 03:13:22,096 - __main__ - INFO -    Train action entropy: 1.914
2025-09-26 03:13:22,096 - __main__ - INFO -    Eval action entropy: 1.880
2025-09-26 03:13:22,097 - __main__ - INFO -    Top 3 train actions: #2(22401), #3(17937), #0(14594)
2025-09-26 03:13:22,097 - __main__ - INFO -    Top 3 eval actions: #2(29023), #3(22476), #0(16976)
2025-09-26 03:13:24,423 - __main__ - INFO - 📊 Episodes completed this rollout: 5
2025-09-26 03:13:24,424 - __main__ - INFO - 📈 Episode stats: avg return = 0.44, avg length = 170.0
2025-09-26 03:13:24,424 - __main__ - INFO - 🎯 Top 3 training actions: #2(22612), #3(18114), #0(14775)
2025-09-26 03:13:27,729 - __main__ - INFO - 📊 Episodes completed this rollout: 4
2025-09-26 03:13:27,730 - __main__ - INFO - 📈 Episode stats: avg return = 0.56, avg length = 213.5
2025-09-26 03:13:27,730 - __main__ - INFO - 🎯 Top 3 training actions: #2(22801), #3(18363), #0(14981)
2025-09-26 03:13:31,087 - __main__ - INFO - 📊 Episodes completed this rollout: 6
2025-09-26 03:13:31,087 - __main__ - INFO - 📈 Episode stats: avg return = 0.10, avg length = 255.8
2025-09-26 03:13:31,087 - __main__ - INFO - 🎯 Top 3 training actions: #2(22985), #3(18642), #0(15188)
2025-09-26 03:13:34,406 - __main__ - INFO - 📊 Episodes completed this rollout: 2
2025-09-26 03:13:34,407 - __main__ - INFO - 📈 Episode stats: avg return = -0.30, avg length = 300.0
2025-09-26 03:13:34,407 - __main__ - INFO - 🎯 Top 3 training actions: #2(23181), #3(18921), #0(15426)
2025-09-26 03:13:37,743 - __main__ - INFO - 📊 Episodes completed this rollout: 5
2025-09-26 03:13:37,744 - __main__ - INFO - 📈 Episode stats: avg return = 0.18, avg length = 191.4
2025-09-26 03:13:37,744 - __main__ - INFO - 🎯 Top 3 training actions: #2(23406), #3(19142), #0(15657)
2025-09-26 03:13:41,063 - __main__ - INFO - 📊 Episodes completed this rollout: 4
2025-09-26 03:13:41,063 - __main__ - INFO - 📈 Episode stats: avg return = 0.18, avg length = 272.0
2025-09-26 03:13:41,063 - __main__ - INFO - 🎯 Top 3 training actions: #2(23601), #3(19334), #0(15908)
2025-09-26 03:13:44,409 - __main__ - INFO - 📊 Episodes completed this rollout: 8
2025-09-26 03:13:44,409 - __main__ - INFO - 📈 Episode stats: avg return = 0.59, avg length = 166.0
2025-09-26 03:13:44,410 - __main__ - INFO - 🎯 Top 3 training actions: #2(23806), #3(19519), #0(16132)
2025-09-26 03:13:47,650 - __main__ - INFO - 📊 Episodes completed this rollout: 3
2025-09-26 03:13:47,650 - __main__ - INFO - 📈 Episode stats: avg return = 0.16, avg length = 246.3
2025-09-26 03:13:47,651 - __main__ - INFO - 🎯 Top 3 training actions: #2(24014), #3(19725), #0(16343)
2025-09-26 03:13:50,963 - __main__ - INFO - 📊 Episodes completed this rollout: 5
2025-09-26 03:13:50,964 - __main__ - INFO - 📈 Episode stats: avg return = 0.31, avg length = 198.4
2025-09-26 03:13:50,964 - __main__ - INFO - 🎯 Top 3 training actions: #2(24254), #3(19897), #0(16571)
2025-09-26 03:13:54,288 - __main__ - INFO - 📊 Episodes completed this rollout: 7
2025-09-26 03:13:54,288 - __main__ - INFO - 📈 Episode stats: avg return = 0.16, avg length = 232.7
2025-09-26 03:13:54,288 - __main__ - INFO - 🎯 Top 3 training actions: #2(24527), #3(20059), #0(16874)
2025-09-26 03:13:55,309 - __main__ - INFO - 🧪 Starting evaluation with 50 episodes...
2025-09-26 03:13:55,310 - __main__ - INFO -    Eval seed: 51
2025-09-26 03:13:55,310 - __main__ - INFO -    Max episode steps (eval): env default
2025-09-26 03:13:55,311 - nle.env.base - INFO - Not saving any NLE data.
2025-09-26 03:13:58,678 - __main__ - WARNING - ⚠️ Episode 1 terminated due to step limit.
2025-09-26 03:14:01,700 - __main__ - DEBUG - 🎯 Eval HMM masking: step 250 masked due to negative reward
2025-09-26 03:14:02,250 - __main__ - WARNING - ⚠️ Episode 2 terminated due to step limit.
2025-09-26 03:14:05,652 - __main__ - DEBUG - 🎯 Eval HMM masking: step 50 masked due to negative reward
2025-09-26 03:14:06,777 - __main__ - DEBUG - 🎯 Eval HMM masking: step 150 masked due to negative reward
2025-09-26 03:14:08,447 - __main__ - WARNING - ⚠️ Episode 4 terminated due to step limit.
2025-09-26 03:14:11,888 - __main__ - DEBUG - 🎯 Eval HMM masking: step 250 masked due to negative reward
2025-09-26 03:14:12,437 - __main__ - WARNING - ⚠️ Episode 6 terminated due to step limit.
2025-09-26 03:14:16,345 - __main__ - WARNING - ⚠️ Episode 8 terminated due to step limit.
2025-09-26 03:14:19,912 - __main__ - WARNING - ⚠️ Episode 9 terminated due to step limit.
2025-09-26 03:14:21,780 - __main__ - DEBUG - 🎯 Eval HMM masking: step 150 masked due to negative reward
2025-09-26 03:14:22,340 - __main__ - DEBUG - 🎯 Eval HMM masking: step 200 masked due to negative reward
2025-09-26 03:14:23,458 - __main__ - WARNING - ⚠️ Episode 10 terminated due to step limit.
2025-09-26 03:14:27,405 - __main__ - DEBUG - 🎯 Eval HMM masking: step 100 masked due to negative reward
2025-09-26 03:14:27,958 - __main__ - DEBUG - 🎯 Eval HMM masking: step 150 masked due to negative reward
2025-09-26 03:14:29,633 - __main__ - WARNING - ⚠️ Episode 12 terminated due to step limit.
2025-09-26 03:14:36,567 - __main__ - WARNING - ⚠️ Episode 14 terminated due to step limit.
2025-09-26 03:14:40,301 - __main__ - WARNING - ⚠️ Episode 15 terminated due to step limit.
2025-09-26 03:14:43,857 - __main__ - WARNING - ⚠️ Episode 16 terminated due to step limit.
2025-09-26 03:14:49,911 - __main__ - DEBUG - 🎯 Eval HMM masking: step 250 masked due to negative reward
2025-09-26 03:14:50,476 - __main__ - WARNING - ⚠️ Episode 19 terminated due to step limit.
2025-09-26 03:14:51,774 - __main__ - DEBUG - 🎯 Eval HMM masking: step 100 masked due to negative reward
2025-09-26 03:14:54,008 - __main__ - WARNING - ⚠️ Episode 20 terminated due to step limit.
2025-09-26 03:14:58,020 - __main__ - WARNING - ⚠️ Episode 22 terminated due to step limit.
2025-09-26 03:15:01,591 - __main__ - WARNING - ⚠️ Episode 23 terminated due to step limit.
2025-09-26 03:15:04,008 - __main__ - DEBUG - 🎯 Eval HMM masking: step 200 masked due to negative reward
2025-09-26 03:15:04,578 - __main__ - DEBUG - 🎯 Eval HMM masking: step 250 masked due to negative reward
2025-09-26 03:15:05,142 - __main__ - WARNING - ⚠️ Episode 24 terminated due to step limit.
2025-09-26 03:15:09,119 - __main__ - WARNING - ⚠️ Episode 26 terminated due to step limit.
2025-09-26 03:15:10,422 - __main__ - DEBUG - 🎯 Eval HMM masking: step 100 masked due to negative reward
2025-09-26 03:15:15,269 - __main__ - WARNING - ⚠️ Episode 28 terminated due to step limit.
2025-09-26 03:15:21,254 - __main__ - DEBUG - 🎯 Eval HMM masking: step 100 masked due to negative reward
2025-09-26 03:15:23,507 - __main__ - WARNING - ⚠️ Episode 32 terminated due to step limit.
2025-09-26 03:15:27,065 - __main__ - WARNING - ⚠️ Episode 33 terminated due to step limit.
2025-09-26 03:15:30,607 - __main__ - WARNING - ⚠️ Episode 34 terminated due to step limit.
2025-09-26 03:15:35,209 - __main__ - WARNING - ⚠️ Episode 37 terminated due to step limit.
2025-09-26 03:15:38,591 - __main__ - WARNING - ⚠️ Episode 38 terminated due to step limit.
2025-09-26 03:15:41,446 - __main__ - DEBUG - 🎯 Eval HMM masking: step 250 masked due to negative reward
2025-09-26 03:15:41,972 - __main__ - WARNING - ⚠️ Episode 39 terminated due to step limit.
2025-09-26 03:15:46,942 - __main__ - DEBUG - 🎯 Eval HMM masking: step 200 masked due to negative reward
2025-09-26 03:15:48,005 - __main__ - WARNING - ⚠️ Episode 42 terminated due to step limit.
2025-09-26 03:15:51,551 - __main__ - WARNING - ⚠️ Episode 44 terminated due to step limit.
2025-09-26 03:15:52,796 - __main__ - DEBUG - 🎯 Eval HMM masking: step 100 masked due to negative reward
2025-09-26 03:15:54,930 - __main__ - WARNING - ⚠️ Episode 45 terminated due to step limit.
2025-09-26 03:15:56,174 - __main__ - DEBUG - 🎯 Eval HMM masking: step 100 masked due to negative reward
2025-09-26 03:15:58,304 - __main__ - WARNING - ⚠️ Episode 46 terminated due to step limit.
2025-09-26 03:16:01,682 - __main__ - WARNING - ⚠️ Episode 47 terminated due to step limit.
2025-09-26 03:16:06,291 - __main__ - WARNING - ⚠️ Episode 49 terminated due to step limit.
2025-09-26 03:16:06,499 - __main__ - INFO - 📊 Evaluation Results (Current Round):
2025-09-26 03:16:06,499 - __main__ - INFO -    Episodes: 50
2025-09-26 03:16:06,499 - __main__ - INFO -    Time: 131.2s (2.6s/ep)
2025-09-26 03:16:06,499 - __main__ - INFO -    Average Return: 0.113 ± 0.636
2025-09-26 03:16:06,499 - __main__ - INFO -    Success Rate: 40.0%
2025-09-26 03:16:06,499 - __main__ - INFO -    Average Length: 224.5
2025-09-26 03:16:06,499 - __main__ - INFO -    Average Coverage: 62.8 positions
2025-09-26 03:16:06,499 - __main__ - INFO -    Episode Completions: 20 terminated (40.0%), 30 truncated (60.0%)
2025-09-26 03:16:06,500 - __main__ - INFO - 📈 Total Evaluation Statistics:
2025-09-26 03:16:06,500 - __main__ - INFO -    Total Episodes: 500
2025-09-26 03:16:06,500 - __main__ - INFO -    Total Average Return: -0.056 ± 0.696
2025-09-26 03:16:06,500 - __main__ - INFO -    Total Average Length: 232.7 ± 105.9
2025-09-26 03:16:06,500 - __main__ - INFO -    Total Completions: 171 terminated (34.2%), 329 truncated (65.8%)
2025-09-26 03:16:06,500 - __main__ - INFO -    Skill Entropy: 0.001
2025-09-26 03:16:06,501 - __main__ - INFO -    Used Skills: 1.0
2025-09-26 03:16:06,501 - __main__ - INFO -    Effective K: 1.00
2025-09-26 03:16:06,501 - __main__ - INFO - 🎯 Action Usage Statistics:
2025-09-26 03:16:06,501 - __main__ - INFO -    Unique actions in evaluation: 8
2025-09-26 03:16:06,501 - __main__ - INFO -    Unique actions in training: 8
2025-09-26 03:16:06,501 - __main__ - INFO -    Total unique actions: 8
2025-09-26 03:16:06,501 - __main__ - INFO -    Action coverage: 6.6%
2025-09-26 03:16:06,501 - __main__ - INFO -    Train action count: 100352
2025-09-26 03:16:06,502 - __main__ - INFO -    Eval action count: 116356
2025-09-26 03:16:06,502 - __main__ - INFO -    Train action entropy: 1.916
2025-09-26 03:16:06,502 - __main__ - INFO -    Eval action entropy: 1.873
2025-09-26 03:16:06,503 - __main__ - INFO -    Top 3 train actions: #2(24527), #3(20059), #0(16874)
2025-09-26 03:16:06,503 - __main__ - INFO -    Top 3 eval actions: #2(31770), #3(24187), #0(21149)
2025-09-26 03:16:08,721 - __main__ - INFO - 📊 Episodes completed this rollout: 3
2025-09-26 03:16:08,722 - __main__ - INFO - 📈 Episode stats: avg return = 0.90, avg length = 103.3
2025-09-26 03:16:08,722 - __main__ - INFO - 🎯 Top 3 training actions: #2(24802), #3(20187), #0(17255)
2025-09-26 03:16:09,738 - __main__ - INFO - 🔄 Synchronized model update at step 101,376
2025-09-26 03:16:09,738 - __main__ - INFO -    HMM interval: 12,000, VAE interval: 12,000
2025-09-26 03:16:09,739 - __main__ - INFO - 🚫 Model training masking: 1176/12288 timesteps masked (9.6%) due to negative rewards (invalid actions)
2025-09-26 03:16:10,095 - __main__ - INFO - 🔄 Capping HMM batch size from 823 to 128 to prevent OOM
2025-09-26 03:16:10,095 - __main__ - INFO - 🔄 HMM refresh starting at step 101,376 with replay size 128x113
2025-09-26 03:16:16,663 - __main__ - DEBUG - Initial ELBO: -5898.3120
2025-09-26 03:16:16,666 - __main__ - DEBUG - Relative tol: 0.0100
2025-09-26 03:16:16,666 - __main__ - DEBUG - Relative elbo_drop_tol: 0.0100
2025-09-26 03:16:16,667 - __main__ - DEBUG - - Init -503.9102
2025-09-26 03:16:16,667 - __main__ - DEBUG - - Trans -6.9388
2025-09-26 03:16:16,667 - __main__ - DEBUG - - Emit 6381.5106
2025-09-26 03:16:16,667 - __main__ - DEBUG - - Entropy 0.0006
2025-09-26 03:16:16,667 - __main__ - DEBUG - - Dir -24.6240
2025-09-26 03:16:16,667 - __main__ - DEBUG - - NIW -11728.4639
2025-09-26 03:16:16,667 - __main__ - DEBUG - - Beta prior -15.8864
2025-09-26 03:16:23,597 - __main__ - DEBUG - Iter 0: ELBO after FB: -5898.3120 (LL 5870.6622, Δ=0.0000)
2025-09-26 03:16:23,598 - __main__ - DEBUG - Blending stats with ρ_niw=0.0500, ρ_tr=0.0500.
2025-09-26 03:16:23,649 - __main__ - DEBUG - Iter 0: ELBO after NIW update: -2412.2018 (Emit LL 10236.5290, NIW term -12097.3721, Δ=3486.1102)
2025-09-26 03:16:23,699 - __main__ - DEBUG - Iter 0: ELBO after Dirichlet update: -2412.1369 (Trans LL -6.7981, Dir term -24.6997, Δ=0.0650)
2025-09-26 03:16:23,768 - __main__ - DEBUG - Iter 0: ELBO after β update: -2412.7143 (Init LL -504.4554, Dir term -24.7205, logp(β) -15.8979, Δ=-0.5775)
2025-09-26 03:16:30,710 - __main__ - DEBUG - Iter 1: ELBO after FB: -2412.7143 (LL 9725.2761, Δ=0.0000)
2025-09-26 03:16:30,710 - __main__ - DEBUG - Blending stats with ρ_niw=0.0500, ρ_tr=0.0500.
2025-09-26 03:16:30,761 - __main__ - DEBUG - Iter 1: ELBO after NIW update: -2412.7143 (Emit LL 10236.5290, NIW term -12097.3721, Δ=0.0000)
2025-09-26 03:16:30,811 - __main__ - DEBUG - Iter 1: ELBO after Dirichlet update: -2412.7714 (Trans LL -6.7743, Dir term -24.8013, Δ=-0.0570)
2025-09-26 03:16:30,879 - __main__ - DEBUG - Iter 1: ELBO after β update: -2413.3302 (Init LL -504.9329, Dir term -24.8742, logp(β) -15.9064, Δ=-0.5588)
2025-09-26 03:16:37,806 - __main__ - DEBUG - Iter 2: ELBO after FB: -2413.3302 (LL 9724.8225, Δ=0.0000)
2025-09-26 03:16:37,807 - __main__ - DEBUG - Blending stats with ρ_niw=0.0500, ρ_tr=0.0500.
2025-09-26 03:16:37,857 - __main__ - DEBUG - Iter 2: ELBO after NIW update: -2413.3302 (Emit LL 10236.5290, NIW term -12097.3721, Δ=0.0000)
2025-09-26 03:16:37,908 - __main__ - DEBUG - Iter 2: ELBO after Dirichlet update: -2413.5221 (Trans LL -6.7542, Dir term -25.0862, Δ=-0.1919)
2025-09-26 03:16:37,977 - __main__ - DEBUG - Iter 2: ELBO after β update: -2413.9873 (Init LL -505.3080, Dir term -25.1755, logp(β) -15.9072, Δ=-0.4652)
2025-09-26 03:16:44,924 - __main__ - DEBUG - Iter 3: ELBO after FB: -2413.9873 (LL 9724.4675, Δ=0.0000)
2025-09-26 03:16:44,925 - __main__ - DEBUG - Blending stats with ρ_niw=0.0500, ρ_tr=0.0500.
2025-09-26 03:16:44,976 - __main__ - DEBUG - Iter 3: ELBO after NIW update: -2413.9873 (Emit LL 10236.5290, NIW term -12097.3721, Δ=0.0000)
2025-09-26 03:16:45,026 - __main__ - DEBUG - Iter 3: ELBO after Dirichlet update: -2414.3276 (Trans LL -6.7393, Dir term -25.5307, Δ=-0.3404)
2025-09-26 03:16:45,095 - __main__ - DEBUG - Iter 3: ELBO after β update: -2414.5371 (Init LL -505.4240, Dir term -25.6318, logp(β) -15.8996, Δ=-0.2095)
2025-09-26 03:16:52,036 - __main__ - DEBUG - Iter 4: ELBO after FB: -2414.5371 (LL 9724.3664, Δ=0.0000)
2025-09-26 03:16:52,037 - __main__ - DEBUG - Blending stats with ρ_niw=0.0500, ρ_tr=0.0500.
2025-09-26 03:16:52,087 - __main__ - DEBUG - Iter 4: ELBO after NIW update: -2414.5371 (Emit LL 10236.5290, NIW term -12097.3721, Δ=0.0000)
2025-09-26 03:16:52,138 - __main__ - DEBUG - Iter 4: ELBO after Dirichlet update: -2414.9537 (Trans LL -6.7341, Dir term -26.0536, Δ=-0.4165)
2025-09-26 03:16:52,194 - __main__ - DEBUG - Iter 4: ELBO after β update: -2414.8411 (Init LL -505.3060, Dir term -26.0604, logp(β) -15.8982, Δ=0.1126)
2025-09-26 03:16:52,196 - __main__ - INFO -    HMM refresh complete: ELBO=1.5109, iters=0, max iters, states=40
2025-09-26 03:16:52,196 - __main__ - INFO -    ✅ HMM updated (next in 12,000 steps)
2025-09-26 03:16:52,196 - __main__ - INFO - 🔄 VAE refresh starting at step 101,376 with replay size 8x1536
2025-09-26 03:16:52,197 - __main__ - INFO -    Using span sampling (12288 timesteps, too large for full buffer)
2025-09-26 03:17:15,427 - __main__ - INFO -    VAE refresh complete: final_loss=2775.8359, avg_loss=2777.9324, steps=4/4, trend=improving, total_timesteps=12288, span_sampling=32_requested×4_steps, span_len=64
2025-09-26 03:17:15,429 - __main__ - INFO -    ✅ VAE updated (next in 12,000 steps)
2025-09-26 03:17:17,689 - __main__ - INFO - 📊 Episodes completed this rollout: 6
2025-09-26 03:17:17,690 - __main__ - INFO - 📈 Episode stats: avg return = 0.12, avg length = 205.3
2025-09-26 03:17:17,690 - __main__ - INFO - 🎯 Top 3 training actions: #2(25033), #3(20357), #0(17634)
2025-09-26 03:17:20,946 - __main__ - INFO - 📊 Episodes completed this rollout: 5
2025-09-26 03:17:20,946 - __main__ - INFO - 📈 Episode stats: avg return = 0.14, avg length = 210.0
2025-09-26 03:17:20,947 - __main__ - INFO - 🎯 Top 3 training actions: #2(25290), #3(20551), #0(17935)
2025-09-26 03:17:24,188 - __main__ - INFO - 📊 Episodes completed this rollout: 3
2025-09-26 03:17:24,188 - __main__ - INFO - 📈 Episode stats: avg return = -0.27, avg length = 300.0
2025-09-26 03:17:24,188 - __main__ - INFO - 🎯 Top 3 training actions: #2(25560), #3(20732), #0(18181)
2025-09-26 03:17:27,442 - __main__ - INFO - 📊 Episodes completed this rollout: 5
2025-09-26 03:17:27,442 - __main__ - INFO - 📈 Episode stats: avg return = -0.11, avg length = 258.4
2025-09-26 03:17:27,442 - __main__ - INFO - 🎯 Top 3 training actions: #2(25800), #3(20925), #0(18426)
2025-09-26 03:17:30,671 - __main__ - INFO - 📊 Episodes completed this rollout: 3
2025-09-26 03:17:30,671 - __main__ - INFO - 📈 Episode stats: avg return = 0.11, avg length = 210.3
2025-09-26 03:17:30,672 - __main__ - INFO - 🎯 Top 3 training actions: #2(26007), #3(21152), #0(18715)
2025-09-26 03:17:34,000 - __main__ - INFO - 📊 Episodes completed this rollout: 7
2025-09-26 03:17:34,000 - __main__ - INFO - 📈 Episode stats: avg return = 0.39, avg length = 186.0
2025-09-26 03:17:34,000 - __main__ - INFO - 🎯 Top 3 training actions: #2(26190), #3(21369), #0(19076)
2025-09-26 03:17:37,363 - __main__ - INFO - 📊 Episodes completed this rollout: 4
2025-09-26 03:17:37,363 - __main__ - INFO - 📈 Episode stats: avg return = -0.09, avg length = 225.8
2025-09-26 03:17:37,363 - __main__ - INFO - 🎯 Top 3 training actions: #2(26331), #3(21553), #0(19461)
2025-09-26 03:17:40,733 - __main__ - INFO - 📊 Episodes completed this rollout: 5
2025-09-26 03:17:40,733 - __main__ - INFO - 📈 Episode stats: avg return = -0.20, avg length = 240.6
2025-09-26 03:17:40,734 - __main__ - INFO - 🎯 Top 3 training actions: #2(26445), #3(21750), #0(19802)
2025-09-26 03:17:44,039 - __main__ - INFO - 📊 Episodes completed this rollout: 3
2025-09-26 03:17:44,040 - __main__ - INFO - 📈 Episode stats: avg return = -0.54, avg length = 300.0
2025-09-26 03:17:44,040 - __main__ - INFO - 🎯 Top 3 training actions: #2(26588), #3(21990), #0(20077)
2025-09-26 03:17:45,055 - __main__ - INFO - 🧪 Starting evaluation with 50 episodes...
2025-09-26 03:17:45,055 - __main__ - INFO -    Eval seed: 51
2025-09-26 03:17:45,055 - __main__ - INFO -    Max episode steps (eval): env default
2025-09-26 03:17:45,056 - nle.env.base - INFO - Not saving any NLE data.
2025-09-26 03:17:48,303 - __main__ - WARNING - ⚠️ Episode 1 terminated due to step limit.
2025-09-26 03:17:51,689 - __main__ - WARNING - ⚠️ Episode 2 terminated due to step limit.
2025-09-26 03:17:54,019 - __main__ - DEBUG - 🎯 Eval HMM masking: step 200 masked due to negative reward
2025-09-26 03:17:55,089 - __main__ - WARNING - ⚠️ Episode 3 terminated due to step limit.
2025-09-26 03:17:56,342 - __main__ - DEBUG - 🎯 Eval HMM masking: step 100 masked due to negative reward
2025-09-26 03:18:00,196 - __main__ - WARNING - ⚠️ Episode 5 terminated due to step limit.
2025-09-26 03:18:04,578 - __main__ - DEBUG - 🎯 Eval HMM masking: step 150 masked due to negative reward
2025-09-26 03:18:08,837 - __main__ - DEBUG - 🎯 Eval HMM masking: step 250 masked due to negative reward
2025-09-26 03:18:09,370 - __main__ - WARNING - ⚠️ Episode 8 terminated due to step limit.
2025-09-26 03:18:15,343 - __main__ - WARNING - ⚠️ Episode 11 terminated due to step limit.
2025-09-26 03:18:18,735 - __main__ - WARNING - ⚠️ Episode 12 terminated due to step limit.
2025-09-26 03:18:20,529 - __main__ - DEBUG - 🎯 Eval HMM masking: step 150 masked due to negative reward
2025-09-26 03:18:22,130 - __main__ - WARNING - ⚠️ Episode 13 terminated due to step limit.
2025-09-26 03:18:24,449 - __main__ - DEBUG - 🎯 Eval HMM masking: step 200 masked due to negative reward
2025-09-26 03:18:25,513 - __main__ - WARNING - ⚠️ Episode 14 terminated due to step limit.
2025-09-26 03:18:28,908 - __main__ - WARNING - ⚠️ Episode 15 terminated due to step limit.
2025-09-26 03:18:32,285 - __main__ - WARNING - ⚠️ Episode 16 terminated due to step limit.
2025-09-26 03:18:35,681 - __main__ - WARNING - ⚠️ Episode 17 terminated due to step limit.
2025-09-26 03:18:39,048 - __main__ - WARNING - ⚠️ Episode 18 terminated due to step limit.
2025-09-26 03:18:40,304 - __main__ - DEBUG - 🎯 Eval HMM masking: step 100 masked due to negative reward
2025-09-26 03:18:42,751 - __main__ - DEBUG - 🎯 Eval HMM masking: step 200 masked due to negative reward
2025-09-26 03:18:45,384 - __main__ - DEBUG - 🎯 Eval HMM masking: step 150 masked due to negative reward
2025-09-26 03:18:46,984 - __main__ - WARNING - ⚠️ Episode 21 terminated due to step limit.
2025-09-26 03:18:50,652 - __main__ - WARNING - ⚠️ Episode 23 terminated due to step limit.
2025-09-26 03:18:51,365 - __main__ - DEBUG - 🎯 Eval HMM masking: step 50 masked due to negative reward
2025-09-26 03:18:51,897 - __main__ - DEBUG - 🎯 Eval HMM masking: step 100 masked due to negative reward
2025-09-26 03:18:54,038 - __main__ - WARNING - ⚠️ Episode 24 terminated due to step limit.
2025-09-26 03:18:54,755 - __main__ - DEBUG - 🎯 Eval HMM masking: step 50 masked due to negative reward
2025-09-26 03:18:57,424 - __main__ - WARNING - ⚠️ Episode 25 terminated due to step limit.
2025-09-26 03:19:02,689 - __main__ - WARNING - ⚠️ Episode 27 terminated due to step limit.
2025-09-26 03:19:07,758 - __main__ - WARNING - ⚠️ Episode 29 terminated due to step limit.
2025-09-26 03:19:11,341 - __main__ - DEBUG - 🎯 Eval HMM masking: step 200 masked due to negative reward
2025-09-26 03:19:12,402 - __main__ - WARNING - ⚠️ Episode 31 terminated due to step limit.
2025-09-26 03:19:15,068 - __main__ - DEBUG - 🎯 Eval HMM masking: step 200 masked due to negative reward
2025-09-26 03:19:16,132 - __main__ - WARNING - ⚠️ Episode 33 terminated due to step limit.
2025-09-26 03:19:19,525 - __main__ - WARNING - ⚠️ Episode 34 terminated due to step limit.
2025-09-26 03:19:20,238 - __main__ - DEBUG - 🎯 Eval HMM masking: step 50 masked due to negative reward
2025-09-26 03:19:21,849 - __main__ - DEBUG - 🎯 Eval HMM masking: step 200 masked due to negative reward
2025-09-26 03:19:22,917 - __main__ - WARNING - ⚠️ Episode 35 terminated due to step limit.
2025-09-26 03:19:25,246 - __main__ - DEBUG - 🎯 Eval HMM masking: step 200 masked due to negative reward
2025-09-26 03:19:26,309 - __main__ - WARNING - ⚠️ Episode 36 terminated due to step limit.
2025-09-26 03:19:29,883 - __main__ - WARNING - ⚠️ Episode 39 terminated due to step limit.
2025-09-26 03:19:33,257 - __main__ - WARNING - ⚠️ Episode 40 terminated due to step limit.
2025-09-26 03:19:33,971 - __main__ - DEBUG - 🎯 Eval HMM masking: step 50 masked due to negative reward
2025-09-26 03:19:36,644 - __main__ - WARNING - ⚠️ Episode 41 terminated due to step limit.
2025-09-26 03:19:37,877 - __main__ - DEBUG - 🎯 Eval HMM masking: step 100 masked due to negative reward
2025-09-26 03:19:40,016 - __main__ - WARNING - ⚠️ Episode 42 terminated due to step limit.
2025-09-26 03:19:42,338 - __main__ - DEBUG - 🎯 Eval HMM masking: step 200 masked due to negative reward
2025-09-26 03:19:43,391 - __main__ - WARNING - ⚠️ Episode 43 terminated due to step limit.
2025-09-26 03:19:48,811 - __main__ - DEBUG - 🎯 Eval HMM masking: step 250 masked due to negative reward
2025-09-26 03:19:49,338 - __main__ - WARNING - ⚠️ Episode 46 terminated due to step limit.
2025-09-26 03:19:52,224 - __main__ - DEBUG - 🎯 Eval HMM masking: step 250 masked due to negative reward
2025-09-26 03:19:52,760 - __main__ - WARNING - ⚠️ Episode 47 terminated due to step limit.
2025-09-26 03:19:54,528 - __main__ - DEBUG - 🎯 Eval HMM masking: step 150 masked due to negative reward
2025-09-26 03:19:56,124 - __main__ - WARNING - ⚠️ Episode 48 terminated due to step limit.
2025-09-26 03:19:58,442 - __main__ - DEBUG - 🎯 Eval HMM masking: step 200 masked due to negative reward
2025-09-26 03:20:01,232 - __main__ - DEBUG - 🎯 Eval HMM masking: step 150 masked due to negative reward
2025-09-26 03:20:02,829 - __main__ - WARNING - ⚠️ Episode 50 terminated due to step limit.
2025-09-26 03:20:02,996 - __main__ - INFO - 📊 Evaluation Results (Current Round):
2025-09-26 03:20:02,996 - __main__ - INFO -    Episodes: 50
2025-09-26 03:20:02,996 - __main__ - INFO -    Time: 137.9s (2.8s/ep)
2025-09-26 03:20:02,996 - __main__ - INFO -    Average Return: 0.045 ± 0.601
2025-09-26 03:20:02,996 - __main__ - INFO -    Success Rate: 34.0%
2025-09-26 03:20:02,996 - __main__ - INFO -    Average Length: 244.4
2025-09-26 03:20:02,997 - __main__ - INFO -    Average Coverage: 74.6 positions
2025-09-26 03:20:02,997 - __main__ - INFO -    Episode Completions: 17 terminated (34.0%), 33 truncated (66.0%)
2025-09-26 03:20:02,997 - __main__ - INFO - 📈 Total Evaluation Statistics:
2025-09-26 03:20:02,997 - __main__ - INFO -    Total Episodes: 550
2025-09-26 03:20:02,997 - __main__ - INFO -    Total Average Return: -0.046 ± 0.688
2025-09-26 03:20:02,997 - __main__ - INFO -    Total Average Length: 233.8 ± 105.1
2025-09-26 03:20:02,997 - __main__ - INFO -    Total Completions: 188 terminated (34.2%), 362 truncated (65.8%)
2025-09-26 03:20:02,997 - __main__ - INFO -    Skill Entropy: 0.001
2025-09-26 03:20:02,998 - __main__ - INFO -    Used Skills: 1.0
2025-09-26 03:20:02,998 - __main__ - INFO -    Effective K: 1.00
2025-09-26 03:20:02,998 - __main__ - INFO - 🎯 Action Usage Statistics:
2025-09-26 03:20:02,998 - __main__ - INFO -    Unique actions in evaluation: 8
2025-09-26 03:20:02,998 - __main__ - INFO -    Unique actions in training: 8
2025-09-26 03:20:02,998 - __main__ - INFO -    Total unique actions: 8
2025-09-26 03:20:02,998 - __main__ - INFO -    Action coverage: 6.6%
2025-09-26 03:20:02,998 - __main__ - INFO -    Train action count: 110592
2025-09-26 03:20:02,999 - __main__ - INFO -    Eval action count: 128574
2025-09-26 03:20:02,999 - __main__ - INFO -    Train action entropy: 1.912
2025-09-26 03:20:02,999 - __main__ - INFO -    Eval action entropy: 1.883
2025-09-26 03:20:03,000 - __main__ - INFO -    Top 3 train actions: #2(26588), #3(21990), #0(20077)
2025-09-26 03:20:03,000 - __main__ - INFO -    Top 3 eval actions: #2(33626), #3(26975), #0(23815)
2025-09-26 03:20:05,314 - __main__ - INFO - 📊 Episodes completed this rollout: 6
2025-09-26 03:20:05,314 - __main__ - INFO - 📈 Episode stats: avg return = 0.46, avg length = 148.2
2025-09-26 03:20:05,314 - __main__ - INFO - 🎯 Top 3 training actions: #2(26734), #3(22216), #0(20307)
2025-09-26 03:20:08,673 - __main__ - INFO - 📊 Episodes completed this rollout: 7
2025-09-26 03:20:08,673 - __main__ - INFO - 📈 Episode stats: avg return = 0.39, avg length = 206.3
2025-09-26 03:20:08,674 - __main__ - INFO - 🎯 Top 3 training actions: #2(26875), #3(22468), #0(20568)
2025-09-26 03:20:11,993 - __main__ - INFO - 📊 Episodes completed this rollout: 5
2025-09-26 03:20:11,994 - __main__ - INFO - 📈 Episode stats: avg return = 0.66, avg length = 177.2
2025-09-26 03:20:11,994 - __main__ - INFO - 🎯 Top 3 training actions: #2(27012), #3(22805), #0(20830)
2025-09-26 03:20:13,006 - __main__ - INFO - 🔄 Synchronized model update at step 113,664
2025-09-26 03:20:13,007 - __main__ - INFO -    HMM interval: 12,000, VAE interval: 12,000
2025-09-26 03:20:13,007 - __main__ - INFO - 🚫 Model training masking: 1284/12288 timesteps masked (10.4%) due to negative rewards (invalid actions)
2025-09-26 03:20:13,348 - __main__ - INFO - 🔄 Capping HMM batch size from 799 to 128 to prevent OOM
2025-09-26 03:20:13,349 - __main__ - INFO - 🔄 HMM refresh starting at step 113,664 with replay size 128x85
2025-09-26 03:20:18,176 - __main__ - DEBUG - Initial ELBO: -3211.9968
2025-09-26 03:20:18,179 - __main__ - DEBUG - Relative tol: 0.0100
2025-09-26 03:20:18,179 - __main__ - DEBUG - Relative elbo_drop_tol: 0.0100
2025-09-26 03:20:18,179 - __main__ - DEBUG - - Init -504.4554
2025-09-26 03:20:18,180 - __main__ - DEBUG - - Trans -6.1579
2025-09-26 03:20:18,180 - __main__ - DEBUG - - Emit 9436.6065
2025-09-26 03:20:18,180 - __main__ - DEBUG - - Entropy 0.0005
2025-09-26 03:20:18,180 - __main__ - DEBUG - - Dir -24.7205
2025-09-26 03:20:18,180 - __main__ - DEBUG - - NIW -12097.3721
2025-09-26 03:20:18,180 - __main__ - DEBUG - - Beta prior -15.8979
2025-09-26 03:20:23,355 - __main__ - DEBUG - Iter 0: ELBO after FB: -3211.9968 (LL 8925.9937, Δ=0.0000)
2025-09-26 03:20:23,356 - __main__ - DEBUG - Blending stats with ρ_niw=0.0500, ρ_tr=0.0500.
2025-09-26 03:20:23,406 - __main__ - DEBUG - Iter 0: ELBO after NIW update: -689.4864 (Emit LL 12286.9850, NIW term -12425.2402, Δ=2522.5103)
2025-09-26 03:20:23,455 - __main__ - DEBUG - Iter 0: ELBO after Dirichlet update: -689.4569 (Trans LL -6.0790, Dir term -24.7698, Δ=0.0295)
2025-09-26 03:20:23,523 - __main__ - DEBUG - Iter 0: ELBO after β update: -690.0378 (Init LL -504.9915, Dir term -24.8030, logp(β) -15.9096, Δ=-0.5809)
2025-09-26 03:20:28,697 - __main__ - DEBUG - Iter 1: ELBO after FB: -690.0378 (LL 11775.9150, Δ=0.0000)
2025-09-26 03:20:28,698 - __main__ - DEBUG - Blending stats with ρ_niw=0.0500, ρ_tr=0.0500.
2025-09-26 03:20:28,748 - __main__ - DEBUG - Iter 1: ELBO after NIW update: -690.0378 (Emit LL 12286.9850, NIW term -12425.2402, Δ=0.0000)
2025-09-26 03:20:28,797 - __main__ - DEBUG - Iter 1: ELBO after Dirichlet update: -690.0780 (Trans LL -6.0588, Dir term -24.8633, Δ=-0.0402)
2025-09-26 03:20:28,865 - __main__ - DEBUG - Iter 1: ELBO after β update: -690.6130 (Init LL -505.4563, Dir term -24.9259, logp(β) -15.9173, Δ=-0.5350)
2025-09-26 03:20:34,049 - __main__ - DEBUG - Iter 2: ELBO after FB: -690.6130 (LL 11775.4704, Δ=0.0000)
2025-09-26 03:20:34,049 - __main__ - DEBUG - Blending stats with ρ_niw=0.0500, ρ_tr=0.0500.
2025-09-26 03:20:34,099 - __main__ - DEBUG - Iter 2: ELBO after NIW update: -690.6130 (Emit LL 12286.9850, NIW term -12425.2402, Δ=0.0000)
2025-09-26 03:20:34,148 - __main__ - DEBUG - Iter 2: ELBO after Dirichlet update: -690.8333 (Trans LL -6.0419, Dir term -25.1630, Δ=-0.2203)
2025-09-26 03:20:34,215 - __main__ - DEBUG - Iter 2: ELBO after β update: -691.2780 (Init LL -505.8092, Dir term -25.2546, logp(β) -15.9175, Δ=-0.4447)
2025-09-26 03:20:39,395 - __main__ - DEBUG - Iter 3: ELBO after FB: -691.2780 (LL 11775.1344, Δ=0.0000)
2025-09-26 03:20:39,395 - __main__ - DEBUG - Blending stats with ρ_niw=0.0500, ρ_tr=0.0500.
2025-09-26 03:20:39,445 - __main__ - DEBUG - Iter 3: ELBO after NIW update: -691.2780 (Emit LL 12286.9850, NIW term -12425.2402, Δ=0.0000)
2025-09-26 03:20:39,494 - __main__ - DEBUG - Iter 3: ELBO after Dirichlet update: -691.6017 (Trans LL -6.0284, Dir term -25.5918, Δ=-0.3237)
2025-09-26 03:20:39,559 - __main__ - DEBUG - Iter 3: ELBO after β update: -691.7339 (Init LL -505.8905, Dir term -25.6486, logp(β) -15.9116, Δ=-0.1322)
2025-09-26 03:20:44,729 - __main__ - DEBUG - Iter 4: ELBO after FB: -691.7339 (LL 11775.0666, Δ=0.0000)
2025-09-26 03:20:44,730 - __main__ - DEBUG - Blending stats with ρ_niw=0.0500, ρ_tr=0.0500.
2025-09-26 03:20:44,779 - __main__ - DEBUG - Iter 4: ELBO after NIW update: -691.7339 (Emit LL 12286.9850, NIW term -12425.2402, Δ=0.0000)
2025-09-26 03:20:44,828 - __main__ - DEBUG - Iter 4: ELBO after Dirichlet update: -692.0729 (Trans LL -6.0251, Dir term -25.9910, Δ=-0.3390)
2025-09-26 03:20:44,884 - __main__ - DEBUG - Iter 4: ELBO after β update: -692.0218 (Init LL -505.8163, Dir term -26.0160, logp(β) -15.9097, Δ=0.0512)
2025-09-26 03:20:44,886 - __main__ - INFO -    HMM refresh complete: ELBO=92.4231, iters=0, max iters, states=40
2025-09-26 03:20:44,886 - __main__ - INFO -    ✅ HMM updated (next in 12,000 steps)
2025-09-26 03:20:44,886 - __main__ - INFO - 🔄 VAE refresh starting at step 113,664 with replay size 8x1536
2025-09-26 03:20:44,887 - __main__ - INFO -    Using span sampling (12288 timesteps, too large for full buffer)
2025-09-26 03:21:08,200 - __main__ - INFO -    VAE refresh complete: final_loss=2766.2637, avg_loss=2770.3690, steps=4/4, trend=improving, total_timesteps=12288, span_sampling=32_requested×4_steps, span_len=64
2025-09-26 03:21:08,202 - __main__ - INFO -    ✅ VAE updated (next in 12,000 steps)
2025-09-26 03:21:10,436 - __main__ - INFO - 📊 Episodes completed this rollout: 4
2025-09-26 03:21:10,437 - __main__ - INFO - 📈 Episode stats: avg return = -0.05, avg length = 229.0
2025-09-26 03:21:10,437 - __main__ - INFO - 🎯 Top 3 training actions: #2(27179), #3(23148), #0(21073)
2025-09-26 03:21:13,654 - __main__ - INFO - 📊 Episodes completed this rollout: 3
2025-09-26 03:21:13,654 - __main__ - INFO - 📈 Episode stats: avg return = -0.03, avg length = 238.0
2025-09-26 03:21:13,655 - __main__ - INFO - 🎯 Top 3 training actions: #2(27338), #3(23469), #0(21287)
2025-09-26 03:21:16,898 - __main__ - INFO - 📊 Episodes completed this rollout: 6
2025-09-26 03:21:16,899 - __main__ - INFO - 📈 Episode stats: avg return = -0.10, avg length = 245.2
2025-09-26 03:21:16,899 - __main__ - INFO - 🎯 Top 3 training actions: #2(27486), #3(23771), #0(21519)
2025-09-26 03:21:20,128 - __main__ - INFO - 📊 Episodes completed this rollout: 4
2025-09-26 03:21:20,128 - __main__ - INFO - 📈 Episode stats: avg return = 0.21, avg length = 214.0
2025-09-26 03:21:20,129 - __main__ - INFO - 🎯 Top 3 training actions: #2(27663), #3(24099), #0(21734)
2025-09-26 03:21:23,354 - __main__ - INFO - 📊 Episodes completed this rollout: 7
2025-09-26 03:21:23,355 - __main__ - INFO - 📈 Episode stats: avg return = 0.64, avg length = 211.4
2025-09-26 03:21:23,355 - __main__ - INFO - 🎯 Top 3 training actions: #2(27857), #3(24361), #0(21941)
2025-09-26 03:21:26,552 - __main__ - INFO - 📊 Episodes completed this rollout: 1
2025-09-26 03:21:26,553 - __main__ - INFO - 📈 Episode stats: avg return = -0.50, avg length = 300.0
2025-09-26 03:21:26,553 - __main__ - INFO - 🎯 Top 3 training actions: #2(28009), #3(24601), #0(22176)
2025-09-26 03:21:29,793 - __main__ - INFO - 📊 Episodes completed this rollout: 6
2025-09-26 03:21:29,794 - __main__ - INFO - 📈 Episode stats: avg return = 0.32, avg length = 185.7
2025-09-26 03:21:29,794 - __main__ - INFO - 🎯 Top 3 training actions: #2(28185), #3(24861), #0(22424)
2025-09-26 03:21:30,805 - __main__ - INFO - 🧪 Starting evaluation with 50 episodes...
2025-09-26 03:21:30,805 - __main__ - INFO -    Eval seed: 51
2025-09-26 03:21:30,805 - __main__ - INFO -    Max episode steps (eval): env default
2025-09-26 03:21:30,806 - nle.env.base - INFO - Not saving any NLE data.
2025-09-26 03:21:34,012 - __main__ - WARNING - ⚠️ Episode 1 terminated due to step limit.
2025-09-26 03:21:34,722 - __main__ - DEBUG - 🎯 Eval HMM masking: step 50 masked due to negative reward
2025-09-26 03:21:37,372 - __main__ - WARNING - ⚠️ Episode 2 terminated due to step limit.
2025-09-26 03:21:40,706 - __main__ - WARNING - ⚠️ Episode 3 terminated due to step limit.
2025-09-26 03:21:44,051 - __main__ - WARNING - ⚠️ Episode 4 terminated due to step limit.
2025-09-26 03:21:44,760 - __main__ - DEBUG - 🎯 Eval HMM masking: step 50 masked due to negative reward
2025-09-26 03:21:49,644 - __main__ - WARNING - ⚠️ Episode 6 terminated due to step limit.
2025-09-26 03:21:53,328 - __main__ - DEBUG - 🎯 Eval HMM masking: step 200 masked due to negative reward
2025-09-26 03:21:54,389 - __main__ - WARNING - ⚠️ Episode 10 terminated due to step limit.
2025-09-26 03:21:56,454 - __main__ - DEBUG - 🎯 Eval HMM masking: step 50 masked due to negative reward
2025-09-26 03:21:57,509 - __main__ - DEBUG - 🎯 Eval HMM masking: step 150 masked due to negative reward
2025-09-26 03:21:59,077 - __main__ - WARNING - ⚠️ Episode 12 terminated due to step limit.
2025-09-26 03:22:04,249 - __main__ - WARNING - ⚠️ Episode 16 terminated due to step limit.
2025-09-26 03:22:07,362 - __main__ - DEBUG - 🎯 Eval HMM masking: step 250 masked due to negative reward
2025-09-26 03:22:07,884 - __main__ - WARNING - ⚠️ Episode 18 terminated due to step limit.
2025-09-26 03:22:10,187 - __main__ - DEBUG - 🎯 Eval HMM masking: step 200 masked due to negative reward
2025-09-26 03:22:11,245 - __main__ - WARNING - ⚠️ Episode 19 terminated due to step limit.
2025-09-26 03:22:13,872 - __main__ - DEBUG - 🎯 Eval HMM masking: step 50 masked due to negative reward
2025-09-26 03:22:16,497 - __main__ - WARNING - ⚠️ Episode 21 terminated due to step limit.
2025-09-26 03:22:19,849 - __main__ - WARNING - ⚠️ Episode 22 terminated due to step limit.
2025-09-26 03:22:21,765 - __main__ - DEBUG - 🎯 Eval HMM masking: step 100 masked due to negative reward
2025-09-26 03:22:23,862 - __main__ - WARNING - ⚠️ Episode 24 terminated due to step limit.
2025-09-26 03:22:27,212 - __main__ - WARNING - ⚠️ Episode 25 terminated due to step limit.
2025-09-26 03:22:30,545 - __main__ - WARNING - ⚠️ Episode 26 terminated due to step limit.
2025-09-26 03:22:31,448 - __main__ - DEBUG - 🎯 Eval HMM masking: step 50 masked due to negative reward
2025-09-26 03:22:34,065 - __main__ - WARNING - ⚠️ Episode 28 terminated due to step limit.
2025-09-26 03:22:37,407 - __main__ - WARNING - ⚠️ Episode 29 terminated due to step limit.
2025-09-26 03:22:40,743 - __main__ - WARNING - ⚠️ Episode 30 terminated due to step limit.
2025-09-26 03:22:41,449 - __main__ - DEBUG - 🎯 Eval HMM masking: step 50 masked due to negative reward
2025-09-26 03:22:41,977 - __main__ - DEBUG - 🎯 Eval HMM masking: step 100 masked due to negative reward
2025-09-26 03:22:46,782 - __main__ - WARNING - ⚠️ Episode 32 terminated due to step limit.
2025-09-26 03:22:47,493 - __main__ - DEBUG - 🎯 Eval HMM masking: step 50 masked due to negative reward
2025-09-26 03:22:49,609 - __main__ - DEBUG - 🎯 Eval HMM masking: step 100 masked due to negative reward
2025-09-26 03:22:51,702 - __main__ - WARNING - ⚠️ Episode 34 terminated due to step limit.
2025-09-26 03:22:54,897 - __main__ - DEBUG - 🎯 Eval HMM masking: step 250 masked due to negative reward
2025-09-26 03:22:55,415 - __main__ - WARNING - ⚠️ Episode 36 terminated due to step limit.
2025-09-26 03:22:59,142 - __main__ - DEBUG - 🎯 Eval HMM masking: step 50 masked due to negative reward
2025-09-26 03:23:00,731 - __main__ - DEBUG - 🎯 Eval HMM masking: step 200 masked due to negative reward
2025-09-26 03:23:01,786 - __main__ - WARNING - ⚠️ Episode 38 terminated due to step limit.
2025-09-26 03:23:04,852 - __main__ - DEBUG - 🎯 Eval HMM masking: step 100 masked due to negative reward
2025-09-26 03:23:09,978 - __main__ - WARNING - ⚠️ Episode 41 terminated due to step limit.
2025-09-26 03:23:13,302 - __main__ - WARNING - ⚠️ Episode 42 terminated due to step limit.
2025-09-26 03:23:17,273 - __main__ - WARNING - ⚠️ Episode 44 terminated due to step limit.
2025-09-26 03:23:20,635 - __main__ - WARNING - ⚠️ Episode 45 terminated due to step limit.
2025-09-26 03:23:21,335 - __main__ - DEBUG - 🎯 Eval HMM masking: step 50 masked due to negative reward
2025-09-26 03:23:21,858 - __main__ - DEBUG - 🎯 Eval HMM masking: step 100 masked due to negative reward
2025-09-26 03:23:23,946 - __main__ - WARNING - ⚠️ Episode 46 terminated due to step limit.
2025-09-26 03:23:29,375 - __main__ - DEBUG - 🎯 Eval HMM masking: step 150 masked due to negative reward
2025-09-26 03:23:30,960 - __main__ - WARNING - ⚠️ Episode 50 terminated due to step limit.
2025-09-26 03:23:31,127 - __main__ - INFO - 📊 Evaluation Results (Current Round):
2025-09-26 03:23:31,128 - __main__ - INFO -    Episodes: 50
2025-09-26 03:23:31,128 - __main__ - INFO -    Time: 120.3s (2.4s/ep)
2025-09-26 03:23:31,128 - __main__ - INFO -    Average Return: 0.205 ± 0.632
2025-09-26 03:23:31,128 - __main__ - INFO -    Success Rate: 44.0%
2025-09-26 03:23:31,128 - __main__ - INFO -    Average Length: 216.0
2025-09-26 03:23:31,128 - __main__ - INFO -    Average Coverage: 70.5 positions
2025-09-26 03:23:31,128 - __main__ - INFO -    Episode Completions: 22 terminated (44.0%), 28 truncated (56.0%)
2025-09-26 03:23:31,128 - __main__ - INFO - 📈 Total Evaluation Statistics:
2025-09-26 03:23:31,129 - __main__ - INFO -    Total Episodes: 600
2025-09-26 03:23:31,129 - __main__ - INFO -    Total Average Return: -0.026 ± 0.687
2025-09-26 03:23:31,129 - __main__ - INFO -    Total Average Length: 232.3 ± 105.6
2025-09-26 03:23:31,129 - __main__ - INFO -    Total Completions: 210 terminated (35.0%), 390 truncated (65.0%)
2025-09-26 03:23:31,129 - __main__ - INFO -    Skill Entropy: 0.001
2025-09-26 03:23:31,129 - __main__ - INFO -    Used Skills: 1.0
2025-09-26 03:23:31,129 - __main__ - INFO -    Effective K: 1.00
2025-09-26 03:23:31,129 - __main__ - INFO - 🎯 Action Usage Statistics:
2025-09-26 03:23:31,130 - __main__ - INFO -    Unique actions in evaluation: 8
2025-09-26 03:23:31,130 - __main__ - INFO -    Unique actions in training: 8
2025-09-26 03:23:31,130 - __main__ - INFO -    Total unique actions: 8
2025-09-26 03:23:31,130 - __main__ - INFO -    Action coverage: 6.6%
2025-09-26 03:23:31,130 - __main__ - INFO -    Train action count: 120832
2025-09-26 03:23:31,130 - __main__ - INFO -    Eval action count: 139374
2025-09-26 03:23:31,130 - __main__ - INFO -    Train action entropy: 1.910
2025-09-26 03:23:31,131 - __main__ - INFO -    Eval action entropy: 1.883
2025-09-26 03:23:31,131 - __main__ - INFO -    Top 3 train actions: #2(28185), #3(24861), #0(22424)
2025-09-26 03:23:31,131 - __main__ - INFO -    Top 3 eval actions: #2(35562), #3(29604), #0(26415)
2025-09-26 03:23:33,371 - __main__ - INFO - 📊 Episodes completed this rollout: 6
2025-09-26 03:23:33,371 - __main__ - INFO - 📈 Episode stats: avg return = 0.33, avg length = 227.7
2025-09-26 03:23:33,371 - __main__ - INFO - 🎯 Top 3 training actions: #2(28376), #3(25077), #0(22676)
2025-09-26 03:23:39,859 - __main__ - INFO - 📊 Episodes completed this rollout: 9
2025-09-26 03:23:39,859 - __main__ - INFO - 📈 Episode stats: avg return = -0.05, avg length = 243.4
2025-09-26 03:23:39,859 - __main__ - INFO - 🎯 Top 3 training actions: #2(28728), #3(25520), #0(23147)
2025-09-26 03:23:43,064 - __main__ - INFO - 📊 Episodes completed this rollout: 3
2025-09-26 03:23:43,065 - __main__ - INFO - 📈 Episode stats: avg return = 0.44, avg length = 184.0
2025-09-26 03:23:43,065 - __main__ - INFO - 🎯 Top 3 training actions: #2(28947), #3(25816), #0(23337)
2025-09-26 03:23:46,314 - __main__ - INFO - 📊 Episodes completed this rollout: 5
2025-09-26 03:23:46,314 - __main__ - INFO - 📈 Episode stats: avg return = -0.26, avg length = 295.8
2025-09-26 03:23:46,314 - __main__ - INFO - 🎯 Top 3 training actions: #2(29164), #3(26085), #0(23544)
2025-09-26 03:23:47,326 - __main__ - INFO - 🔄 Synchronized model update at step 125,952
2025-09-26 03:23:47,326 - __main__ - INFO -    HMM interval: 12,000, VAE interval: 12,000
2025-09-26 03:23:47,327 - __main__ - INFO - 🚫 Model training masking: 1452/12288 timesteps masked (11.8%) due to negative rewards (invalid actions)
2025-09-26 03:23:47,682 - __main__ - INFO - 🔄 Capping HMM batch size from 956 to 128 to prevent OOM
2025-09-26 03:23:47,682 - __main__ - INFO - 🔄 HMM refresh starting at step 125,952 with replay size 128x120
2025-09-26 03:23:54,547 - __main__ - DEBUG - Initial ELBO: -3489.9450
2025-09-26 03:23:54,552 - __main__ - DEBUG - Relative tol: 0.0100
2025-09-26 03:23:54,552 - __main__ - DEBUG - Relative elbo_drop_tol: 0.0100
2025-09-26 03:23:54,552 - __main__ - DEBUG - - Init -504.9915
2025-09-26 03:23:54,553 - __main__ - DEBUG - - Trans -5.0214
2025-09-26 03:23:54,553 - __main__ - DEBUG - - Emit 9486.0201
2025-09-26 03:23:54,553 - __main__ - DEBUG - - Entropy 0.0007
2025-09-26 03:23:54,553 - __main__ - DEBUG - - Dir -24.8030
2025-09-26 03:23:54,553 - __main__ - DEBUG - - NIW -12425.2402
2025-09-26 03:23:54,553 - __main__ - DEBUG - - Beta prior -15.9096
2025-09-26 03:24:01,786 - __main__ - DEBUG - Iter 0: ELBO after FB: -3489.9450 (LL 8976.0079, Δ=0.0000)
2025-09-26 03:24:01,787 - __main__ - DEBUG - Blending stats with ρ_niw=0.0500, ρ_tr=0.0500.
2025-09-26 03:24:01,837 - __main__ - DEBUG - Iter 0: ELBO after NIW update: -1647.6937 (Emit LL 11564.4315, NIW term -12661.4004, Δ=1842.2512)
2025-09-26 03:24:01,888 - __main__ - DEBUG - Iter 0: ELBO after Dirichlet update: -1647.6615 (Trans LL -5.0147, Dir term -24.7774, Δ=0.0322)
2025-09-26 03:24:01,956 - __main__ - DEBUG - Iter 0: ELBO after β update: -1648.2226 (Init LL -505.5190, Dir term -24.7991, logp(β) -15.9215, Δ=-0.5611)
2025-09-26 03:24:09,227 - __main__ - DEBUG - Iter 1: ELBO after FB: -1648.2226 (LL 11053.8985, Δ=0.0000)
2025-09-26 03:24:09,228 - __main__ - DEBUG - Blending stats with ρ_niw=0.0500, ρ_tr=0.0500.
2025-09-26 03:24:09,278 - __main__ - DEBUG - Iter 1: ELBO after NIW update: -1648.2226 (Emit LL 11564.4315, NIW term -12661.4004, Δ=0.0000)
2025-09-26 03:24:09,329 - __main__ - DEBUG - Iter 1: ELBO after Dirichlet update: -1648.2794 (Trans LL -4.9986, Dir term -24.8721, Δ=-0.0569)
2025-09-26 03:24:09,397 - __main__ - DEBUG - Iter 1: ELBO after β update: -1648.7906 (Init LL -505.9680, Dir term -24.9278, logp(β) -15.9280, Δ=-0.5112)
2025-09-26 03:24:16,720 - __main__ - DEBUG - Iter 2: ELBO after FB: -1648.7906 (LL 11053.4657, Δ=0.0000)
2025-09-26 03:24:16,721 - __main__ - DEBUG - Blending stats with ρ_niw=0.0500, ρ_tr=0.0500.
2025-09-26 03:24:16,769 - __main__ - DEBUG - Iter 2: ELBO after NIW update: -1648.7906 (Emit LL 11564.4315, NIW term -12661.4004, Δ=0.0000)
2025-09-26 03:24:16,819 - __main__ - DEBUG - Iter 2: ELBO after Dirichlet update: -1649.0251 (Trans LL -4.9847, Dir term -25.1762, Δ=-0.2345)
2025-09-26 03:24:16,886 - __main__ - DEBUG - Iter 2: ELBO after β update: -1649.4448 (Init LL -506.2979, Dir term -25.2665, logp(β) -15.9276, Δ=-0.4198)
2025-09-26 03:24:24,182 - __main__ - DEBUG - Iter 3: ELBO after FB: -1649.4448 (LL 11053.1497, Δ=0.0000)
2025-09-26 03:24:24,183 - __main__ - DEBUG - Blending stats with ρ_niw=0.0500, ρ_tr=0.0500.
2025-09-26 03:24:24,234 - __main__ - DEBUG - Iter 3: ELBO after NIW update: -1649.4448 (Emit LL 11564.4315, NIW term -12661.4004, Δ=0.0000)
2025-09-26 03:24:24,284 - __main__ - DEBUG - Iter 3: ELBO after Dirichlet update: -1649.7666 (Trans LL -4.9752, Dir term -25.5977, Δ=-0.3218)
2025-09-26 03:24:24,350 - __main__ - DEBUG - Iter 3: ELBO after β update: -1649.9551 (Init LL -506.4051, Dir term -25.6851, logp(β) -15.9216, Δ=-0.1886)
2025-09-26 03:24:31,736 - __main__ - DEBUG - Iter 4: ELBO after FB: -1649.9551 (LL 11053.0519, Δ=0.0000)
2025-09-26 03:24:31,736 - __main__ - DEBUG - Blending stats with ρ_niw=0.0500, ρ_tr=0.0500.
2025-09-26 03:24:31,785 - __main__ - DEBUG - Iter 4: ELBO after NIW update: -1649.9551 (Emit LL 11564.4315, NIW term -12661.4004, Δ=0.0000)
2025-09-26 03:24:31,836 - __main__ - DEBUG - Iter 4: ELBO after Dirichlet update: -1650.3506 (Trans LL -4.9719, Dir term -26.0839, Δ=-0.3955)
2025-09-26 03:24:31,894 - __main__ - DEBUG - Iter 4: ELBO after β update: -1650.3148 (Init LL -506.3294, Dir term -26.1263, logp(β) -15.9191, Δ=0.0358)
2025-09-26 03:24:31,897 - __main__ - INFO -    HMM refresh complete: ELBO=4.5304, iters=0, max iters, states=40
2025-09-26 03:24:31,897 - __main__ - INFO -    ✅ HMM updated (next in 12,000 steps)
2025-09-26 03:24:31,897 - __main__ - INFO - 🔄 VAE refresh starting at step 125,952 with replay size 8x1536
2025-09-26 03:24:31,898 - __main__ - INFO -    Using span sampling (12288 timesteps, too large for full buffer)
2025-09-26 03:24:54,640 - __main__ - INFO -    VAE refresh complete: final_loss=2742.0906, avg_loss=2748.3466, steps=4/4, trend=improving, total_timesteps=12288, span_sampling=32_requested×4_steps, span_len=64
2025-09-26 03:24:54,643 - __main__ - INFO -    ✅ VAE updated (next in 12,000 steps)
2025-09-26 03:24:57,042 - __main__ - INFO - 📊 Episodes completed this rollout: 4
2025-09-26 03:24:57,043 - __main__ - INFO - 📈 Episode stats: avg return = 0.52, avg length = 182.2
2025-09-26 03:24:57,043 - __main__ - INFO - 🎯 Top 3 training actions: #2(29341), #3(26351), #0(23732)
2025-09-26 03:25:00,270 - __main__ - INFO - 📊 Episodes completed this rollout: 5
2025-09-26 03:25:00,271 - __main__ - INFO - 📈 Episode stats: avg return = 0.43, avg length = 175.2
2025-09-26 03:25:00,271 - __main__ - INFO - 🎯 Top 3 training actions: #2(29504), #3(26573), #0(23929)
2025-09-26 03:25:03,520 - __main__ - INFO - 📊 Episodes completed this rollout: 5
2025-09-26 03:25:03,520 - __main__ - INFO - 📈 Episode stats: avg return = -0.04, avg length = 263.0
2025-09-26 03:25:03,521 - __main__ - INFO - 🎯 Top 3 training actions: #2(29702), #3(26771), #0(24123)
2025-09-26 03:25:06,784 - __main__ - INFO - 📊 Episodes completed this rollout: 4
2025-09-26 03:25:06,784 - __main__ - INFO - 📈 Episode stats: avg return = 0.31, avg length = 237.5
2025-09-26 03:25:06,784 - __main__ - INFO - 🎯 Top 3 training actions: #2(29863), #3(27018), #0(24317)
2025-09-26 03:25:07,799 - __main__ - INFO - 🧪 Starting evaluation with 50 episodes...
2025-09-26 03:25:07,799 - __main__ - INFO -    Eval seed: 51
2025-09-26 03:25:07,799 - __main__ - INFO -    Max episode steps (eval): env default
2025-09-26 03:25:07,800 - nle.env.base - INFO - Not saving any NLE data.
2025-09-26 03:25:09,491 - __main__ - DEBUG - 🎯 Eval HMM masking: step 100 masked due to negative reward
2025-09-26 03:25:10,570 - __main__ - DEBUG - 🎯 Eval HMM masking: step 200 masked due to negative reward
2025-09-26 03:25:11,634 - __main__ - WARNING - ⚠️ Episode 3 terminated due to step limit.
2025-09-26 03:25:15,042 - __main__ - WARNING - ⚠️ Episode 4 terminated due to step limit.
2025-09-26 03:25:19,260 - __main__ - WARNING - ⚠️ Episode 6 terminated due to step limit.
2025-09-26 03:25:22,690 - __main__ - WARNING - ⚠️ Episode 7 terminated due to step limit.
2025-09-26 03:25:26,105 - __main__ - WARNING - ⚠️ Episode 8 terminated due to step limit.
2025-09-26 03:25:27,628 - __main__ - DEBUG - 🎯 Eval HMM masking: step 50 masked due to negative reward
2025-09-26 03:25:30,520 - __main__ - DEBUG - 🎯 Eval HMM masking: step 200 masked due to negative reward
2025-09-26 03:25:31,590 - __main__ - WARNING - ⚠️ Episode 11 terminated due to step limit.
2025-09-26 03:25:35,544 - __main__ - WARNING - ⚠️ Episode 13 terminated due to step limit.
2025-09-26 03:25:41,647 - __main__ - WARNING - ⚠️ Episode 15 terminated due to step limit.
2025-09-26 03:25:45,082 - __main__ - WARNING - ⚠️ Episode 16 terminated due to step limit.
2025-09-26 03:25:47,976 - __main__ - DEBUG - 🎯 Eval HMM masking: step 250 masked due to negative reward
2025-09-26 03:25:48,510 - __main__ - WARNING - ⚠️ Episode 17 terminated due to step limit.
2025-09-26 03:25:52,255 - __main__ - DEBUG - 🎯 Eval HMM masking: step 200 masked due to negative reward
2025-09-26 03:25:55,650 - __main__ - DEBUG - 🎯 Eval HMM masking: step 250 masked due to negative reward
2025-09-26 03:25:56,185 - __main__ - WARNING - ⚠️ Episode 20 terminated due to step limit.
2025-09-26 03:25:57,994 - __main__ - DEBUG - 🎯 Eval HMM masking: step 150 masked due to negative reward
2025-09-26 03:25:59,606 - __main__ - WARNING - ⚠️ Episode 21 terminated due to step limit.
2025-09-26 03:26:01,948 - __main__ - DEBUG - 🎯 Eval HMM masking: step 200 masked due to negative reward
2025-09-26 03:26:03,025 - __main__ - WARNING - ⚠️ Episode 22 terminated due to step limit.
2025-09-26 03:26:11,178 - __main__ - WARNING - ⚠️ Episode 25 terminated due to step limit.
2025-09-26 03:26:13,509 - __main__ - DEBUG - 🎯 Eval HMM masking: step 200 masked due to negative reward
2025-09-26 03:26:14,581 - __main__ - WARNING - ⚠️ Episode 26 terminated due to step limit.
2025-09-26 03:26:19,039 - __main__ - WARNING - ⚠️ Episode 28 terminated due to step limit.
2025-09-26 03:26:27,300 - __main__ - WARNING - ⚠️ Episode 32 terminated due to step limit.
2025-09-26 03:26:29,654 - __main__ - DEBUG - 🎯 Eval HMM masking: step 200 masked due to negative reward
2025-09-26 03:26:30,729 - __main__ - WARNING - ⚠️ Episode 33 terminated due to step limit.
2025-09-26 03:26:34,144 - __main__ - WARNING - ⚠️ Episode 34 terminated due to step limit.
2025-09-26 03:26:39,762 - __main__ - WARNING - ⚠️ Episode 36 terminated due to step limit.
2025-09-26 03:26:42,508 - __main__ - DEBUG - 🎯 Eval HMM masking: step 150 masked due to negative reward
2025-09-26 03:26:44,113 - __main__ - WARNING - ⚠️ Episode 38 terminated due to step limit.
2025-09-26 03:26:48,162 - __main__ - DEBUG - 🎯 Eval HMM masking: step 200 masked due to negative reward
2025-09-26 03:26:51,975 - __main__ - WARNING - ⚠️ Episode 42 terminated due to step limit.
2025-09-26 03:26:53,774 - __main__ - DEBUG - 🎯 Eval HMM masking: step 150 masked due to negative reward
2025-09-26 03:26:55,397 - __main__ - WARNING - ⚠️ Episode 43 terminated due to step limit.
2025-09-26 03:26:58,821 - __main__ - WARNING - ⚠️ Episode 44 terminated due to step limit.
2025-09-26 03:27:02,239 - __main__ - WARNING - ⚠️ Episode 45 terminated due to step limit.
2025-09-26 03:27:04,030 - __main__ - DEBUG - 🎯 Eval HMM masking: step 150 masked due to negative reward
2025-09-26 03:27:05,641 - __main__ - WARNING - ⚠️ Episode 46 terminated due to step limit.
2025-09-26 03:27:07,447 - __main__ - DEBUG - 🎯 Eval HMM masking: step 150 masked due to negative reward
2025-09-26 03:27:10,823 - __main__ - DEBUG - 🎯 Eval HMM masking: step 200 masked due to negative reward
2025-09-26 03:27:11,897 - __main__ - WARNING - ⚠️ Episode 48 terminated due to step limit.
2025-09-26 03:27:15,315 - __main__ - WARNING - ⚠️ Episode 49 terminated due to step limit.
2025-09-26 03:27:16,034 - __main__ - DEBUG - 🎯 Eval HMM masking: step 50 masked due to negative reward
2025-09-26 03:27:18,729 - __main__ - WARNING - ⚠️ Episode 50 terminated due to step limit.
2025-09-26 03:27:18,899 - __main__ - INFO - 📊 Evaluation Results (Current Round):
2025-09-26 03:27:18,899 - __main__ - INFO -    Episodes: 50
2025-09-26 03:27:18,899 - __main__ - INFO -    Time: 131.1s (2.6s/ep)
2025-09-26 03:27:18,900 - __main__ - INFO -    Average Return: 0.157 ± 0.620
2025-09-26 03:27:18,900 - __main__ - INFO -    Success Rate: 42.0%
2025-09-26 03:27:18,900 - __main__ - INFO -    Average Length: 230.6
2025-09-26 03:27:18,900 - __main__ - INFO -    Average Coverage: 78.4 positions
2025-09-26 03:27:18,900 - __main__ - INFO -    Episode Completions: 21 terminated (42.0%), 29 truncated (58.0%)
2025-09-26 03:27:18,900 - __main__ - INFO - 📈 Total Evaluation Statistics:
2025-09-26 03:27:18,900 - __main__ - INFO -    Total Episodes: 650
2025-09-26 03:27:18,901 - __main__ - INFO -    Total Average Return: -0.011 ± 0.684
2025-09-26 03:27:18,901 - __main__ - INFO -    Total Average Length: 232.2 ± 104.9
2025-09-26 03:27:18,901 - __main__ - INFO -    Total Completions: 231 terminated (35.5%), 419 truncated (64.5%)
2025-09-26 03:27:18,901 - __main__ - INFO -    Skill Entropy: 0.001
2025-09-26 03:27:18,901 - __main__ - INFO -    Used Skills: 1.0
2025-09-26 03:27:18,901 - __main__ - INFO -    Effective K: 1.00
2025-09-26 03:27:18,901 - __main__ - INFO - 🎯 Action Usage Statistics:
2025-09-26 03:27:18,902 - __main__ - INFO -    Unique actions in evaluation: 8
2025-09-26 03:27:18,902 - __main__ - INFO -    Unique actions in training: 8
2025-09-26 03:27:18,902 - __main__ - INFO -    Total unique actions: 8
2025-09-26 03:27:18,902 - __main__ - INFO -    Action coverage: 6.6%
2025-09-26 03:27:18,902 - __main__ - INFO -    Train action count: 130048
2025-09-26 03:27:18,902 - __main__ - INFO -    Eval action count: 150904
2025-09-26 03:27:18,902 - __main__ - INFO -    Train action entropy: 1.911
2025-09-26 03:27:18,903 - __main__ - INFO -    Eval action entropy: 1.889
2025-09-26 03:27:18,903 - __main__ - INFO -    Top 3 train actions: #2(29863), #3(27018), #0(24317)
2025-09-26 03:27:18,903 - __main__ - INFO -    Top 3 eval actions: #2(37592), #3(32302), #0(28216)
2025-09-26 03:27:21,165 - __main__ - INFO - 📊 Episodes completed this rollout: 4
2025-09-26 03:27:21,165 - __main__ - INFO - 📈 Episode stats: avg return = 0.58, avg length = 139.5
2025-09-26 03:27:21,165 - __main__ - INFO - 🎯 Top 3 training actions: #2(30045), #3(27241), #0(24483)
2025-09-26 03:27:24,464 - __main__ - INFO - 📊 Episodes completed this rollout: 5
2025-09-26 03:27:24,465 - __main__ - INFO - 📈 Episode stats: avg return = -0.34, avg length = 300.0
2025-09-26 03:27:24,465 - __main__ - INFO - 🎯 Top 3 training actions: #2(30226), #3(27433), #0(24664)
2025-09-26 03:27:27,736 - __main__ - INFO - 📊 Episodes completed this rollout: 4
2025-09-26 03:27:27,736 - __main__ - INFO - 📈 Episode stats: avg return = 0.24, avg length = 176.0
2025-09-26 03:27:27,737 - __main__ - INFO - 🎯 Top 3 training actions: #2(30403), #3(27661), #0(24821)
2025-09-26 03:27:31,022 - __main__ - INFO - 📊 Episodes completed this rollout: 5
2025-09-26 03:27:31,023 - __main__ - INFO - 📈 Episode stats: avg return = 0.03, avg length = 241.6
2025-09-26 03:27:31,023 - __main__ - INFO - 🎯 Top 3 training actions: #2(30607), #3(27893), #0(24980)
2025-09-26 03:27:34,284 - __main__ - INFO - 📊 Episodes completed this rollout: 6
2025-09-26 03:27:34,284 - __main__ - INFO - 📈 Episode stats: avg return = 0.48, avg length = 180.2
2025-09-26 03:27:34,284 - __main__ - INFO - 🎯 Top 3 training actions: #2(30807), #3(28120), #0(25133)
2025-09-26 03:27:37,545 - __main__ - INFO - 📊 Episodes completed this rollout: 3
2025-09-26 03:27:37,545 - __main__ - INFO - 📈 Episode stats: avg return = -0.31, avg length = 300.0
2025-09-26 03:27:37,546 - __main__ - INFO - 🎯 Top 3 training actions: #2(31017), #3(28322), #0(25303)
2025-09-26 03:27:40,821 - __main__ - INFO - 📊 Episodes completed this rollout: 5
2025-09-26 03:27:40,822 - __main__ - INFO - 📈 Episode stats: avg return = 0.03, avg length = 251.8
2025-09-26 03:27:40,822 - __main__ - INFO - 🎯 Top 3 training actions: #2(31287), #3(28505), #0(25468)
2025-09-26 03:27:44,077 - __main__ - INFO - 📊 Episodes completed this rollout: 3
2025-09-26 03:27:44,078 - __main__ - INFO - 📈 Episode stats: avg return = 0.06, avg length = 296.3
2025-09-26 03:27:44,078 - __main__ - INFO - 🎯 Top 3 training actions: #2(31574), #3(28677), #0(25652)
2025-09-26 03:27:45,091 - __main__ - INFO - 🔄 Synchronized model update at step 138,240
2025-09-26 03:27:45,091 - __main__ - INFO -    HMM interval: 12,000, VAE interval: 12,000
2025-09-26 03:27:45,092 - __main__ - INFO - 🚫 Model training masking: 1260/12288 timesteps masked (10.3%) due to negative rewards (invalid actions)
2025-09-26 03:27:45,446 - __main__ - INFO - 🔄 Capping HMM batch size from 800 to 128 to prevent OOM
2025-09-26 03:27:45,447 - __main__ - INFO - 🔄 HMM refresh starting at step 138,240 with replay size 128x83
2025-09-26 03:27:50,337 - __main__ - DEBUG - Initial ELBO: 4600.6212
2025-09-26 03:27:50,339 - __main__ - DEBUG - Relative tol: 0.0100
2025-09-26 03:27:50,339 - __main__ - DEBUG - Relative elbo_drop_tol: 0.0100
2025-09-26 03:27:50,339 - __main__ - DEBUG - - Init -505.5190
2025-09-26 03:27:50,339 - __main__ - DEBUG - - Trans -7.9643
2025-09-26 03:27:50,340 - __main__ - DEBUG - - Emit 17816.2251
2025-09-26 03:27:50,340 - __main__ - DEBUG - - Entropy 0.0005
2025-09-26 03:27:50,340 - __main__ - DEBUG - - Dir -24.7991
2025-09-26 03:27:50,340 - __main__ - DEBUG - - NIW -12661.4004
2025-09-26 03:27:50,340 - __main__ - DEBUG - - Beta prior -15.9215
2025-09-26 03:27:55,573 - __main__ - DEBUG - Iter 0: ELBO after FB: 4600.6212 (LL 17302.7422, Δ=0.0000)
2025-09-26 03:27:55,574 - __main__ - DEBUG - Blending stats with ρ_niw=0.0500, ρ_tr=0.0500.
2025-09-26 03:27:55,624 - __main__ - DEBUG - Iter 0: ELBO after NIW update: 8527.2469 (Emit LL 22273.9943, NIW term -13192.5439, Δ=3926.6257)
2025-09-26 03:27:55,674 - __main__ - DEBUG - Iter 0: ELBO after Dirichlet update: 8527.3708 (Trans LL -7.7220, Dir term -24.9175, Δ=0.1239)
2025-09-26 03:27:55,742 - __main__ - DEBUG - Iter 0: ELBO after β update: 8526.8163 (Init LL -506.0410, Dir term -24.9380, logp(β) -15.9337, Δ=-0.5545)
2025-09-26 03:28:00,935 - __main__ - DEBUG - Iter 1: ELBO after FB: 8526.8163 (LL 21760.2319, Δ=0.0000)
2025-09-26 03:28:00,936 - __main__ - DEBUG - Blending stats with ρ_niw=0.0500, ρ_tr=0.0500.
2025-09-26 03:28:00,986 - __main__ - DEBUG - Iter 1: ELBO after NIW update: 8526.8163 (Emit LL 22273.9943, NIW term -13192.5439, Δ=0.0000)
2025-09-26 03:28:01,035 - __main__ - DEBUG - Iter 1: ELBO after Dirichlet update: 8526.7554 (Trans LL -7.6981, Dir term -25.0228, Δ=-0.0609)
2025-09-26 03:28:01,103 - __main__ - DEBUG - Iter 1: ELBO after β update: 8526.2422 (Init LL -506.4842, Dir term -25.0869, logp(β) -15.9395, Δ=-0.5132)
2025-09-26 03:28:06,301 - __main__ - DEBUG - Iter 2: ELBO after FB: 8526.2422 (LL 21759.8125, Δ=0.0000)
2025-09-26 03:28:06,302 - __main__ - DEBUG - Blending stats with ρ_niw=0.0500, ρ_tr=0.0500.
2025-09-26 03:28:06,352 - __main__ - DEBUG - Iter 2: ELBO after NIW update: 8526.2422 (Emit LL 22273.9943, NIW term -13192.5439, Δ=0.0000)
2025-09-26 03:28:06,403 - __main__ - DEBUG - Iter 2: ELBO after Dirichlet update: 8526.0409 (Trans LL -7.6760, Dir term -25.3103, Δ=-0.2013)
2025-09-26 03:28:06,471 - __main__ - DEBUG - Iter 2: ELBO after β update: 8525.6688 (Init LL -506.7726, Dir term -25.3956, logp(β) -15.9379, Δ=-0.3721)
2025-09-26 03:28:11,714 - __main__ - DEBUG - Iter 3: ELBO after FB: 8525.6688 (LL 21759.5462, Δ=0.0000)
2025-09-26 03:28:11,714 - __main__ - DEBUG - Blending stats with ρ_niw=0.0500, ρ_tr=0.0500.
2025-09-26 03:28:11,764 - __main__ - DEBUG - Iter 3: ELBO after NIW update: 8525.6688 (Emit LL 22273.9943, NIW term -13192.5439, Δ=0.0000)
2025-09-26 03:28:11,814 - __main__ - DEBUG - Iter 3: ELBO after Dirichlet update: 8525.2979 (Trans LL -7.6636, Dir term -25.7788, Δ=-0.3709)
2025-09-26 03:28:11,881 - __main__ - DEBUG - Iter 3: ELBO after β update: 8525.0976 (Init LL -506.8880, Dir term -25.8704, logp(β) -15.9314, Δ=-0.2003)
2025-09-26 03:28:17,123 - __main__ - DEBUG - Iter 4: ELBO after FB: 8525.0976 (LL 21759.4432, Δ=0.0000)
2025-09-26 03:28:17,123 - __main__ - DEBUG - Blending stats with ρ_niw=0.0500, ρ_tr=0.0500.
2025-09-26 03:28:17,173 - __main__ - DEBUG - Iter 4: ELBO after NIW update: 8525.0976 (Emit LL 22273.9943, NIW term -13192.5439, Δ=0.0000)
2025-09-26 03:28:17,224 - __main__ - DEBUG - Iter 4: ELBO after Dirichlet update: 8524.6758 (Trans LL -7.6574, Dir term -26.2983, Δ=-0.4217)
2025-09-26 03:28:17,284 - __main__ - DEBUG - Iter 4: ELBO after β update: 8524.6861 (Init LL -506.8181, Dir term -26.3612, logp(β) -15.9280, Δ=0.0103)
2025-09-26 03:28:17,286 - __main__ - INFO -    HMM refresh complete: ELBO=309.1710, iters=0, max iters, states=40
2025-09-26 03:28:17,286 - __main__ - INFO -    ✅ HMM updated (next in 12,000 steps)
2025-09-26 03:28:17,286 - __main__ - INFO - 🔄 VAE refresh starting at step 138,240 with replay size 8x1536
2025-09-26 03:28:17,287 - __main__ - INFO -    Using span sampling (12288 timesteps, too large for full buffer)
2025-09-26 03:28:40,232 - __main__ - INFO -    VAE refresh complete: final_loss=2734.3970, avg_loss=2733.6043, steps=4/4, trend=stable, total_timesteps=12288, span_sampling=32_requested×4_steps, span_len=64
2025-09-26 03:28:40,233 - __main__ - INFO -    ✅ VAE updated (next in 12,000 steps)
2025-09-26 03:28:42,461 - __main__ - INFO - 📊 Episodes completed this rollout: 2
2025-09-26 03:28:42,461 - __main__ - INFO - 📈 Episode stats: avg return = 0.26, avg length = 286.5
2025-09-26 03:28:42,461 - __main__ - INFO - 🎯 Top 3 training actions: #2(31819), #3(28874), #0(25840)
2025-09-26 03:28:45,750 - __main__ - INFO - 📊 Episodes completed this rollout: 7
2025-09-26 03:28:45,750 - __main__ - INFO - 📈 Episode stats: avg return = 0.06, avg length = 247.9
2025-09-26 03:28:45,751 - __main__ - INFO - 🎯 Top 3 training actions: #2(32089), #3(29083), #0(26008)
2025-09-26 03:28:46,767 - __main__ - INFO - 🧪 Starting evaluation with 50 episodes...
2025-09-26 03:28:46,767 - __main__ - INFO -    Eval seed: 51
2025-09-26 03:28:46,767 - __main__ - INFO -    Max episode steps (eval): env default
2025-09-26 03:28:46,768 - nle.env.base - INFO - Not saving any NLE data.
2025-09-26 03:28:48,962 - __main__ - DEBUG - 🎯 Eval HMM masking: step 200 masked due to negative reward
2025-09-26 03:28:50,041 - __main__ - WARNING - ⚠️ Episode 1 terminated due to step limit.
2025-09-26 03:28:54,883 - __main__ - DEBUG - 🎯 Eval HMM masking: step 200 masked due to negative reward
2025-09-26 03:28:55,427 - __main__ - DEBUG - 🎯 Eval HMM masking: step 250 masked due to negative reward
2025-09-26 03:28:55,960 - __main__ - WARNING - ⚠️ Episode 3 terminated due to step limit.
2025-09-26 03:29:01,004 - __main__ - WARNING - ⚠️ Episode 6 terminated due to step limit.
2025-09-26 03:29:02,273 - __main__ - DEBUG - 🎯 Eval HMM masking: step 100 masked due to negative reward
2025-09-26 03:29:02,819 - __main__ - DEBUG - 🎯 Eval HMM masking: step 150 masked due to negative reward
2025-09-26 03:29:04,448 - __main__ - WARNING - ⚠️ Episode 7 terminated due to step limit.
2025-09-26 03:29:07,878 - __main__ - WARNING - ⚠️ Episode 9 terminated due to step limit.
2025-09-26 03:29:11,305 - __main__ - WARNING - ⚠️ Episode 10 terminated due to step limit.
2025-09-26 03:29:14,719 - __main__ - WARNING - ⚠️ Episode 11 terminated due to step limit.
2025-09-26 03:29:17,074 - __main__ - DEBUG - 🎯 Eval HMM masking: step 200 masked due to negative reward
2025-09-26 03:29:18,154 - __main__ - WARNING - ⚠️ Episode 12 terminated due to step limit.
2025-09-26 03:29:22,914 - __main__ - WARNING - ⚠️ Episode 14 terminated due to step limit.
2025-09-26 03:29:27,168 - __main__ - WARNING - ⚠️ Episode 17 terminated due to step limit.
2025-09-26 03:29:30,592 - __main__ - WARNING - ⚠️ Episode 18 terminated due to step limit.
2025-09-26 03:29:37,123 - __main__ - DEBUG - 🎯 Eval HMM masking: step 250 masked due to negative reward
2025-09-26 03:29:37,654 - __main__ - WARNING - ⚠️ Episode 22 terminated due to step limit.
2025-09-26 03:29:41,042 - __main__ - WARNING - ⚠️ Episode 23 terminated due to step limit.
2025-09-26 03:29:43,691 - __main__ - DEBUG - 🎯 Eval HMM masking: step 200 masked due to negative reward
2025-09-26 03:29:44,743 - __main__ - WARNING - ⚠️ Episode 25 terminated due to step limit.
2025-09-26 03:29:48,147 - __main__ - WARNING - ⚠️ Episode 26 terminated due to step limit.
2025-09-26 03:29:51,577 - __main__ - WARNING - ⚠️ Episode 27 terminated due to step limit.
2025-09-26 03:29:52,297 - __main__ - DEBUG - 🎯 Eval HMM masking: step 50 masked due to negative reward
2025-09-26 03:29:54,459 - __main__ - DEBUG - 🎯 Eval HMM masking: step 250 masked due to negative reward
2025-09-26 03:29:54,994 - __main__ - WARNING - ⚠️ Episode 28 terminated due to step limit.
2025-09-26 03:29:58,424 - __main__ - WARNING - ⚠️ Episode 29 terminated due to step limit.
2025-09-26 03:30:04,637 - __main__ - WARNING - ⚠️ Episode 31 terminated due to step limit.
2025-09-26 03:30:06,975 - __main__ - DEBUG - 🎯 Eval HMM masking: step 200 masked due to negative reward
2025-09-26 03:30:08,050 - __main__ - WARNING - ⚠️ Episode 32 terminated due to step limit.
2025-09-26 03:30:15,820 - __main__ - WARNING - ⚠️ Episode 36 terminated due to step limit.
2025-09-26 03:30:17,628 - __main__ - DEBUG - 🎯 Eval HMM masking: step 150 masked due to negative reward
2025-09-26 03:30:19,243 - __main__ - WARNING - ⚠️ Episode 37 terminated due to step limit.
2025-09-26 03:30:22,661 - __main__ - WARNING - ⚠️ Episode 38 terminated due to step limit.
2025-09-26 03:30:26,080 - __main__ - WARNING - ⚠️ Episode 39 terminated due to step limit.
2025-09-26 03:30:27,339 - __main__ - DEBUG - 🎯 Eval HMM masking: step 50 masked due to negative reward
2025-09-26 03:30:30,029 - __main__ - WARNING - ⚠️ Episode 41 terminated due to step limit.
2025-09-26 03:30:32,540 - __main__ - DEBUG - 🎯 Eval HMM masking: step 100 masked due to negative reward
2025-09-26 03:30:37,989 - __main__ - WARNING - ⚠️ Episode 44 terminated due to step limit.
2025-09-26 03:30:39,249 - __main__ - DEBUG - 🎯 Eval HMM masking: step 100 masked due to negative reward
2025-09-26 03:30:44,767 - __main__ - WARNING - ⚠️ Episode 46 terminated due to step limit.
2025-09-26 03:30:47,653 - __main__ - DEBUG - 🎯 Eval HMM masking: step 250 masked due to negative reward
2025-09-26 03:30:48,186 - __main__ - WARNING - ⚠️ Episode 47 terminated due to step limit.
2025-09-26 03:30:52,811 - __main__ - INFO - 📊 Evaluation Results (Current Round):
2025-09-26 03:30:52,812 - __main__ - INFO -    Episodes: 50
2025-09-26 03:30:52,812 - __main__ - INFO -    Time: 126.0s (2.5s/ep)
2025-09-26 03:30:52,812 - __main__ - INFO -    Average Return: 0.207 ± 0.631
2025-09-26 03:30:52,812 - __main__ - INFO -    Success Rate: 44.0%
2025-09-26 03:30:52,812 - __main__ - INFO -    Average Length: 221.3
2025-09-26 03:30:52,812 - __main__ - INFO -    Average Coverage: 73.6 positions
2025-09-26 03:30:52,812 - __main__ - INFO -    Episode Completions: 22 terminated (44.0%), 28 truncated (56.0%)
2025-09-26 03:30:52,812 - __main__ - INFO - 📈 Total Evaluation Statistics:
2025-09-26 03:30:52,813 - __main__ - INFO -    Total Episodes: 700
2025-09-26 03:30:52,813 - __main__ - INFO -    Total Average Return: 0.004 ± 0.683
2025-09-26 03:30:52,813 - __main__ - INFO -    Total Average Length: 231.4 ± 105.3
2025-09-26 03:30:52,813 - __main__ - INFO -    Total Completions: 253 terminated (36.1%), 447 truncated (63.9%)
2025-09-26 03:30:52,813 - __main__ - INFO -    Skill Entropy: 0.001
2025-09-26 03:30:52,813 - __main__ - INFO -    Used Skills: 1.0
2025-09-26 03:30:52,814 - __main__ - INFO -    Effective K: 1.00
2025-09-26 03:30:52,814 - __main__ - INFO - 🎯 Action Usage Statistics:
2025-09-26 03:30:52,814 - __main__ - INFO -    Unique actions in evaluation: 8
2025-09-26 03:30:52,814 - __main__ - INFO -    Unique actions in training: 8
2025-09-26 03:30:52,814 - __main__ - INFO -    Total unique actions: 8
2025-09-26 03:30:52,814 - __main__ - INFO -    Action coverage: 6.6%
2025-09-26 03:30:52,814 - __main__ - INFO -    Train action count: 140288
2025-09-26 03:30:52,815 - __main__ - INFO -    Eval action count: 161969
2025-09-26 03:30:52,815 - __main__ - INFO -    Train action entropy: 1.915
2025-09-26 03:30:52,815 - __main__ - INFO -    Eval action entropy: 1.891
2025-09-26 03:30:52,816 - __main__ - INFO -    Top 3 train actions: #2(32089), #3(29083), #0(26008)
2025-09-26 03:30:52,816 - __main__ - INFO -    Top 3 eval actions: #2(40556), #3(34552), #0(29889)
2025-09-26 03:30:55,047 - __main__ - INFO - 📊 Episodes completed this rollout: 2
2025-09-26 03:30:55,047 - __main__ - INFO - 📈 Episode stats: avg return = 0.85, avg length = 201.0
2025-09-26 03:30:55,047 - __main__ - INFO - 🎯 Top 3 training actions: #2(32374), #3(29249), #0(26167)
2025-09-26 03:30:58,323 - __main__ - INFO - 📊 Episodes completed this rollout: 5
2025-09-26 03:30:58,323 - __main__ - INFO - 📈 Episode stats: avg return = 0.25, avg length = 229.8
2025-09-26 03:30:58,324 - __main__ - INFO - 🎯 Top 3 training actions: #2(32664), #3(29459), #0(26334)
2025-09-26 03:31:01,616 - __main__ - INFO - 📊 Episodes completed this rollout: 5
2025-09-26 03:31:01,616 - __main__ - INFO - 📈 Episode stats: avg return = -0.01, avg length = 243.0
2025-09-26 03:31:01,616 - __main__ - INFO - 🎯 Top 3 training actions: #2(33000), #3(29707), #0(26445)
2025-09-26 03:31:04,894 - __main__ - INFO - 📊 Episodes completed this rollout: 5
2025-09-26 03:31:04,894 - __main__ - INFO - 📈 Episode stats: avg return = 0.04, avg length = 195.8
2025-09-26 03:31:04,895 - __main__ - INFO - 🎯 Top 3 training actions: #2(33363), #3(29959), #0(26544)
2025-09-26 03:31:08,171 - __main__ - INFO - 📊 Episodes completed this rollout: 5
2025-09-26 03:31:08,172 - __main__ - INFO - 📈 Episode stats: avg return = -0.11, avg length = 202.4
2025-09-26 03:31:08,172 - __main__ - INFO - 🎯 Top 3 training actions: #2(33655), #3(30153), #0(26662)
2025-09-26 03:31:11,431 - __main__ - INFO - 📊 Episodes completed this rollout: 2
2025-09-26 03:31:11,431 - __main__ - INFO - 📈 Episode stats: avg return = -0.85, avg length = 300.0
2025-09-26 03:31:11,432 - __main__ - INFO - 🎯 Top 3 training actions: #2(33896), #3(30334), #0(26792)
2025-09-26 03:31:14,735 - __main__ - INFO - 📊 Episodes completed this rollout: 7
2025-09-26 03:31:14,735 - __main__ - INFO - 📈 Episode stats: avg return = -0.21, avg length = 267.7
2025-09-26 03:31:14,736 - __main__ - INFO - 🎯 Top 3 training actions: #2(34143), #3(30495), #0(26937)
2025-09-26 03:31:17,985 - __main__ - INFO - 📊 Episodes completed this rollout: 2
2025-09-26 03:31:17,985 - __main__ - INFO - 📈 Episode stats: avg return = -0.32, avg length = 300.0
2025-09-26 03:31:17,986 - __main__ - INFO - 🎯 Top 3 training actions: #2(34442), #3(30640), #0(27106)
2025-09-26 03:31:21,243 - __main__ - INFO - 📊 Episodes completed this rollout: 5
2025-09-26 03:31:21,243 - __main__ - INFO - 📈 Episode stats: avg return = 0.45, avg length = 173.0
2025-09-26 03:31:21,244 - __main__ - INFO - 🎯 Top 3 training actions: #2(34729), #3(30802), #0(27282)
2025-09-26 03:31:24,537 - __main__ - INFO - 📊 Episodes completed this rollout: 7
2025-09-26 03:31:24,538 - __main__ - INFO - 📈 Episode stats: avg return = 0.22, avg length = 204.3
2025-09-26 03:31:24,538 - __main__ - INFO - 🎯 Top 3 training actions: #2(34978), #3(30969), #0(27472)
2025-09-26 03:31:25,552 - __main__ - INFO - 🔄 Synchronized model update at step 150,528
2025-09-26 03:31:25,552 - __main__ - INFO -    HMM interval: 12,000, VAE interval: 12,000
2025-09-26 03:31:25,553 - __main__ - INFO - 🚫 Model training masking: 1368/12288 timesteps masked (11.1%) due to negative rewards (invalid actions)
2025-09-26 03:31:25,911 - __main__ - INFO - 🔄 Capping HMM batch size from 883 to 128 to prevent OOM
2025-09-26 03:31:25,912 - __main__ - INFO - 🔄 HMM refresh starting at step 150,528 with replay size 128x81
2025-09-26 03:31:30,713 - __main__ - DEBUG - Initial ELBO: 7750.3906
2025-09-26 03:31:30,715 - __main__ - DEBUG - Relative tol: 0.0100
2025-09-26 03:31:30,715 - __main__ - DEBUG - Relative elbo_drop_tol: 0.0100
2025-09-26 03:31:30,715 - __main__ - DEBUG - - Init -506.0410
2025-09-26 03:31:30,715 - __main__ - DEBUG - - Trans -7.0309
2025-09-26 03:31:30,716 - __main__ - DEBUG - - Emit 21496.8776
2025-09-26 03:31:30,716 - __main__ - DEBUG - - Entropy 0.0005
2025-09-26 03:31:30,716 - __main__ - DEBUG - - Dir -24.9380
2025-09-26 03:31:30,716 - __main__ - DEBUG - - NIW -13192.5439
2025-09-26 03:31:30,716 - __main__ - DEBUG - - Beta prior -15.9337
2025-09-26 03:31:35,811 - __main__ - DEBUG - Iter 0: ELBO after FB: 7750.3906 (LL 20983.8062, Δ=0.0000)
2025-09-26 03:31:35,811 - __main__ - DEBUG - Blending stats with ρ_niw=0.0500, ρ_tr=0.0500.
2025-09-26 03:31:35,862 - __main__ - DEBUG - Iter 0: ELBO after NIW update: 10133.6240 (Emit LL 24349.1306, NIW term -13661.5635, Δ=2383.2334)
2025-09-26 03:31:35,912 - __main__ - DEBUG - Iter 0: ELBO after Dirichlet update: 10133.6778 (Trans LL -6.8811, Dir term -25.0339, Δ=0.0539)
2025-09-26 03:31:35,980 - __main__ - DEBUG - Iter 0: ELBO after β update: 10133.1180 (Init LL -506.5623, Dir term -25.0602, logp(β) -15.9460, Δ=-0.5599)
2025-09-26 03:31:41,108 - __main__ - DEBUG - Iter 1: ELBO after FB: 10133.1180 (LL 23835.6876, Δ=0.0000)
2025-09-26 03:31:41,109 - __main__ - DEBUG - Blending stats with ρ_niw=0.0500, ρ_tr=0.0500.
2025-09-26 03:31:41,159 - __main__ - DEBUG - Iter 1: ELBO after NIW update: 10133.1180 (Emit LL 24349.1306, NIW term -13661.5635, Δ=0.0000)
2025-09-26 03:31:41,209 - __main__ - DEBUG - Iter 1: ELBO after Dirichlet update: 10133.0536 (Trans LL -6.8594, Dir term -25.1463, Δ=-0.0643)
2025-09-26 03:31:41,276 - __main__ - DEBUG - Iter 1: ELBO after β update: 10132.5405 (Init LL -507.0030, Dir term -25.2136, logp(β) -15.9510, Δ=-0.5131)
2025-09-26 03:31:46,384 - __main__ - DEBUG - Iter 2: ELBO after FB: 10132.5405 (LL 23835.2686, Δ=0.0000)
2025-09-26 03:31:46,385 - __main__ - DEBUG - Blending stats with ρ_niw=0.0500, ρ_tr=0.0500.
2025-09-26 03:31:46,435 - __main__ - DEBUG - Iter 2: ELBO after NIW update: 10132.5405 (Emit LL 24349.1306, NIW term -13661.5635, Δ=0.0000)
2025-09-26 03:31:46,485 - __main__ - DEBUG - Iter 2: ELBO after Dirichlet update: 10132.3308 (Trans LL -6.8409, Dir term -25.4419, Δ=-0.2097)
2025-09-26 03:31:46,553 - __main__ - DEBUG - Iter 2: ELBO after β update: 10132.0211 (Init LL -507.2427, Dir term -25.5143, logp(β) -15.9485, Δ=-0.3097)
2025-09-26 03:31:51,648 - __main__ - DEBUG - Iter 3: ELBO after FB: 10132.0211 (LL 23835.0474, Δ=0.0000)
2025-09-26 03:31:51,649 - __main__ - DEBUG - Blending stats with ρ_niw=0.0500, ρ_tr=0.0500.
2025-09-26 03:31:51,699 - __main__ - DEBUG - Iter 3: ELBO after NIW update: 10132.0211 (Emit LL 24349.1306, NIW term -13661.5635, Δ=0.0000)
2025-09-26 03:31:51,749 - __main__ - DEBUG - Iter 3: ELBO after Dirichlet update: 10131.7022 (Trans LL -6.8312, Dir term -25.8429, Δ=-0.3190)
2025-09-26 03:31:51,818 - __main__ - DEBUG - Iter 3: ELBO after β update: 10131.5031 (Init LL -507.3450, Dir term -25.9463, logp(β) -15.9419, Δ=-0.1990)
2025-09-26 03:31:56,940 - __main__ - DEBUG - Iter 4: ELBO after FB: 10131.5031 (LL 23834.9548, Δ=0.0000)
2025-09-26 03:31:56,941 - __main__ - DEBUG - Blending stats with ρ_niw=0.0500, ρ_tr=0.0500.
2025-09-26 03:31:56,991 - __main__ - DEBUG - Iter 4: ELBO after NIW update: 10131.5031 (Emit LL 24349.1306, NIW term -13661.5635, Δ=0.0000)
2025-09-26 03:31:57,041 - __main__ - DEBUG - Iter 4: ELBO after Dirichlet update: 10131.0179 (Trans LL -6.8264, Dir term -26.4363, Δ=-0.4852)
2025-09-26 03:31:57,094 - __main__ - DEBUG - Iter 4: ELBO after β update: 10131.1144 (Init LL -507.2401, Dir term -26.4457, logp(β) -15.9410, Δ=0.0964)
2025-09-26 03:31:57,097 - __main__ - INFO -    HMM refresh complete: ELBO=22.4843, iters=0, max iters, states=40
2025-09-26 03:31:57,097 - __main__ - INFO -    ✅ HMM updated (next in 12,000 steps)
2025-09-26 03:31:57,097 - __main__ - INFO - 🔄 VAE refresh starting at step 150,528 with replay size 8x1536
2025-09-26 03:31:57,098 - __main__ - INFO -    Using span sampling (12288 timesteps, too large for full buffer)
2025-09-26 03:32:19,968 - __main__ - INFO -    VAE refresh complete: final_loss=2726.9055, avg_loss=2729.1541, steps=4/4, trend=improving, total_timesteps=12288, span_sampling=32_requested×4_steps, span_len=64
2025-09-26 03:32:19,969 - __main__ - INFO -    ✅ VAE updated (next in 12,000 steps)
2025-09-26 03:32:19,973 - __main__ - INFO - 🧪 Starting evaluation with 50 episodes...
2025-09-26 03:32:19,973 - __main__ - INFO -    Eval seed: 51
2025-09-26 03:32:19,973 - __main__ - INFO -    Max episode steps (eval): env default
2025-09-26 03:32:19,975 - nle.env.base - INFO - Not saving any NLE data.
2025-09-26 03:32:22,463 - __main__ - DEBUG - 🎯 Eval HMM masking: step 150 masked due to negative reward
2025-09-26 03:32:24,073 - __main__ - WARNING - ⚠️ Episode 2 terminated due to step limit.
2025-09-26 03:32:24,809 - __main__ - DEBUG - 🎯 Eval HMM masking: step 50 masked due to negative reward
2025-09-26 03:32:25,363 - __main__ - DEBUG - 🎯 Eval HMM masking: step 100 masked due to negative reward
2025-09-26 03:32:27,565 - __main__ - WARNING - ⚠️ Episode 3 terminated due to step limit.
2025-09-26 03:32:28,283 - __main__ - DEBUG - 🎯 Eval HMM masking: step 50 masked due to negative reward
2025-09-26 03:32:32,362 - __main__ - DEBUG - 🎯 Eval HMM masking: step 150 masked due to negative reward
2025-09-26 03:32:33,449 - __main__ - DEBUG - 🎯 Eval HMM masking: step 250 masked due to negative reward
2025-09-26 03:32:33,984 - __main__ - WARNING - ⚠️ Episode 5 terminated due to step limit.
2025-09-26 03:32:35,244 - __main__ - DEBUG - 🎯 Eval HMM masking: step 100 masked due to negative reward
2025-09-26 03:32:37,395 - __main__ - WARNING - ⚠️ Episode 6 terminated due to step limit.
2025-09-26 03:32:40,289 - __main__ - DEBUG - 🎯 Eval HMM masking: step 250 masked due to negative reward
2025-09-26 03:32:40,825 - __main__ - WARNING - ⚠️ Episode 7 terminated due to step limit.
2025-09-26 03:32:41,548 - __main__ - DEBUG - 🎯 Eval HMM masking: step 50 masked due to negative reward
2025-09-26 03:32:42,632 - __main__ - DEBUG - 🎯 Eval HMM masking: step 150 masked due to negative reward
2025-09-26 03:32:44,257 - __main__ - WARNING - ⚠️ Episode 8 terminated due to step limit.
2025-09-26 03:32:45,668 - __main__ - DEBUG - 🎯 Eval HMM masking: step 100 masked due to negative reward
2025-09-26 03:32:47,819 - __main__ - WARNING - ⚠️ Episode 10 terminated due to step limit.
2025-09-26 03:32:49,431 - __main__ - DEBUG - 🎯 Eval HMM masking: step 50 masked due to negative reward
2025-09-26 03:32:49,969 - __main__ - DEBUG - 🎯 Eval HMM masking: step 100 masked due to negative reward
2025-09-26 03:32:54,468 - __main__ - WARNING - ⚠️ Episode 13 terminated due to step limit.
2025-09-26 03:32:57,880 - __main__ - WARNING - ⚠️ Episode 14 terminated due to step limit.
2025-09-26 03:32:59,903 - __main__ - DEBUG - 🎯 Eval HMM masking: step 50 masked due to negative reward
2025-09-26 03:33:02,053 - __main__ - DEBUG - 🎯 Eval HMM masking: step 250 masked due to negative reward
2025-09-26 03:33:02,583 - __main__ - WARNING - ⚠️ Episode 17 terminated due to step limit.
2025-09-26 03:33:03,835 - __main__ - DEBUG - 🎯 Eval HMM masking: step 100 masked due to negative reward
2025-09-26 03:33:08,481 - __main__ - WARNING - ⚠️ Episode 20 terminated due to step limit.
2025-09-26 03:33:13,018 - __main__ - WARNING - ⚠️ Episode 22 terminated due to step limit.
2025-09-26 03:33:16,826 - __main__ - WARNING - ⚠️ Episode 24 terminated due to step limit.
2025-09-26 03:33:20,216 - __main__ - WARNING - ⚠️ Episode 25 terminated due to step limit.
2025-09-26 03:33:23,601 - __main__ - WARNING - ⚠️ Episode 26 terminated due to step limit.
2025-09-26 03:33:26,965 - __main__ - WARNING - ⚠️ Episode 27 terminated due to step limit.
2025-09-26 03:33:29,410 - __main__ - DEBUG - 🎯 Eval HMM masking: step 200 masked due to negative reward
2025-09-26 03:33:30,481 - __main__ - WARNING - ⚠️ Episode 29 terminated due to step limit.
2025-09-26 03:33:31,741 - __main__ - DEBUG - 🎯 Eval HMM masking: step 100 masked due to negative reward
2025-09-26 03:33:38,656 - __main__ - WARNING - ⚠️ Episode 32 terminated due to step limit.
2025-09-26 03:33:39,796 - __main__ - DEBUG - 🎯 Eval HMM masking: step 50 masked due to negative reward
2025-09-26 03:33:41,418 - __main__ - DEBUG - 🎯 Eval HMM masking: step 200 masked due to negative reward
2025-09-26 03:33:42,487 - __main__ - WARNING - ⚠️ Episode 34 terminated due to step limit.
2025-09-26 03:33:43,210 - __main__ - DEBUG - 🎯 Eval HMM masking: step 50 masked due to negative reward
2025-09-26 03:33:44,830 - __main__ - DEBUG - 🎯 Eval HMM masking: step 200 masked due to negative reward
2025-09-26 03:33:45,911 - __main__ - WARNING - ⚠️ Episode 35 terminated due to step limit.
2025-09-26 03:33:49,330 - __main__ - WARNING - ⚠️ Episode 36 terminated due to step limit.
2025-09-26 03:33:52,745 - __main__ - WARNING - ⚠️ Episode 37 terminated due to step limit.
2025-09-26 03:34:01,821 - __main__ - WARNING - ⚠️ Episode 43 terminated due to step limit.
2025-09-26 03:34:02,550 - __main__ - DEBUG - 🎯 Eval HMM masking: step 50 masked due to negative reward
2025-09-26 03:34:07,148 - __main__ - WARNING - ⚠️ Episode 46 terminated due to step limit.
2025-09-26 03:34:07,872 - __main__ - DEBUG - 🎯 Eval HMM masking: step 50 masked due to negative reward
2025-09-26 03:34:10,571 - __main__ - WARNING - ⚠️ Episode 47 terminated due to step limit.
2025-09-26 03:34:15,291 - __main__ - WARNING - ⚠️ Episode 49 terminated due to step limit.
2025-09-26 03:34:18,732 - __main__ - WARNING - ⚠️ Episode 50 terminated due to step limit.
2025-09-26 03:34:18,902 - __main__ - INFO - 📊 Evaluation Results (Current Round):
2025-09-26 03:34:18,903 - __main__ - INFO -    Episodes: 50
2025-09-26 03:34:18,903 - __main__ - INFO -    Time: 118.9s (2.4s/ep)
2025-09-26 03:34:18,903 - __main__ - INFO -    Average Return: 0.242 ± 0.627
2025-09-26 03:34:18,903 - __main__ - INFO -    Success Rate: 46.0%
2025-09-26 03:34:18,903 - __main__ - INFO -    Average Length: 208.8
2025-09-26 03:34:18,903 - __main__ - INFO -    Average Coverage: 68.5 positions
2025-09-26 03:34:18,903 - __main__ - INFO -    Episode Completions: 23 terminated (46.0%), 27 truncated (54.0%)
2025-09-26 03:34:18,903 - __main__ - INFO - 📈 Total Evaluation Statistics:
2025-09-26 03:34:18,903 - __main__ - INFO -    Total Episodes: 750
2025-09-26 03:34:18,904 - __main__ - INFO -    Total Average Return: 0.020 ± 0.682
2025-09-26 03:34:18,904 - __main__ - INFO -    Total Average Length: 229.9 ± 106.0
2025-09-26 03:34:18,904 - __main__ - INFO -    Total Completions: 276 terminated (36.8%), 474 truncated (63.2%)
2025-09-26 03:34:18,904 - __main__ - INFO -    Skill Entropy: 0.001
2025-09-26 03:34:18,904 - __main__ - INFO -    Used Skills: 1.0
2025-09-26 03:34:18,904 - __main__ - INFO -    Effective K: 1.00
2025-09-26 03:34:18,905 - __main__ - INFO - 🎯 Action Usage Statistics:
2025-09-26 03:34:18,905 - __main__ - INFO -    Unique actions in evaluation: 8
2025-09-26 03:34:18,905 - __main__ - INFO -    Unique actions in training: 8
2025-09-26 03:34:18,905 - __main__ - INFO -    Total unique actions: 8
2025-09-26 03:34:18,905 - __main__ - INFO -    Action coverage: 6.6%
2025-09-26 03:34:18,905 - __main__ - INFO -    Train action count: 150528
2025-09-26 03:34:18,905 - __main__ - INFO -    Eval action count: 172407
2025-09-26 03:34:18,906 - __main__ - INFO -    Train action entropy: 1.916
2025-09-26 03:34:18,906 - __main__ - INFO -    Eval action entropy: 1.895
2025-09-26 03:34:18,906 - __main__ - INFO -    Top 3 train actions: #2(34978), #3(30969), #0(27472)
2025-09-26 03:34:18,907 - __main__ - INFO -    Top 3 eval actions: #2(43076), #3(36320), #0(31784)
2025-09-26 03:34:21,189 - __main__ - INFO - 📊 Episodes completed this rollout: 5
2025-09-26 03:34:21,189 - __main__ - INFO - 📈 Episode stats: avg return = 0.17, avg length = 193.8
2025-09-26 03:34:21,189 - __main__ - INFO - 🎯 Top 3 training actions: #2(35239), #3(31119), #0(27646)
2025-09-26 03:34:24,449 - __main__ - INFO - 📊 Episodes completed this rollout: 4
2025-09-26 03:34:24,449 - __main__ - INFO - 📈 Episode stats: avg return = 0.32, avg length = 205.5
2025-09-26 03:34:24,451 - __main__ - INFO - 🎯 Top 3 training actions: #2(35524), #3(31265), #0(27851)
2025-09-26 03:34:27,714 - __main__ - INFO - 📊 Episodes completed this rollout: 4
2025-09-26 03:34:27,714 - __main__ - INFO - 📈 Episode stats: avg return = 0.38, avg length = 182.5
2025-09-26 03:34:27,714 - __main__ - INFO - 🎯 Top 3 training actions: #2(35836), #3(31407), #0(28026)
2025-09-26 03:34:30,993 - __main__ - INFO - 📊 Episodes completed this rollout: 4
2025-09-26 03:34:30,993 - __main__ - INFO - 📈 Episode stats: avg return = 0.00, avg length = 253.2
2025-09-26 03:34:30,993 - __main__ - INFO - 🎯 Top 3 training actions: #2(36141), #3(31571), #0(28227)
2025-09-26 03:34:34,276 - __main__ - INFO - 📊 Episodes completed this rollout: 5
2025-09-26 03:34:34,276 - __main__ - INFO - 📈 Episode stats: avg return = 0.22, avg length = 235.8
2025-09-26 03:34:34,277 - __main__ - INFO - 🎯 Top 3 training actions: #2(36482), #3(31701), #0(28452)
2025-09-26 03:34:37,549 - __main__ - INFO - 📊 Episodes completed this rollout: 10
2025-09-26 03:34:37,549 - __main__ - INFO - 📈 Episode stats: avg return = 0.64, avg length = 153.6
2025-09-26 03:34:37,549 - __main__ - INFO - 🎯 Top 3 training actions: #2(36791), #3(31852), #0(28682)
2025-09-26 03:34:40,808 - __main__ - INFO - 📊 Episodes completed this rollout: 3
2025-09-26 03:34:40,808 - __main__ - INFO - 📈 Episode stats: avg return = 0.21, avg length = 206.3
2025-09-26 03:34:40,809 - __main__ - INFO - 🎯 Top 3 training actions: #2(37084), #3(32014), #0(28910)
2025-09-26 03:34:44,109 - __main__ - INFO - 📊 Episodes completed this rollout: 7
2025-09-26 03:34:44,109 - __main__ - INFO - 📈 Episode stats: avg return = 0.28, avg length = 233.6
2025-09-26 03:34:44,110 - __main__ - INFO - 🎯 Top 3 training actions: #2(37362), #3(32166), #0(29172)
2025-09-26 03:34:47,376 - __main__ - INFO - 📊 Episodes completed this rollout: 3
2025-09-26 03:34:47,376 - __main__ - INFO - 📈 Episode stats: avg return = 0.59, avg length = 139.0
2025-09-26 03:34:47,377 - __main__ - INFO - 🎯 Top 3 training actions: #2(37644), #3(32309), #0(29438)
2025-09-26 03:34:50,685 - __main__ - INFO - 📊 Episodes completed this rollout: 7
2025-09-26 03:34:50,686 - __main__ - INFO - 📈 Episode stats: avg return = 0.22, avg length = 199.4
2025-09-26 03:34:50,686 - __main__ - INFO - 🎯 Top 3 training actions: #2(37936), #3(32430), #0(29698)
2025-09-26 03:34:51,702 - __main__ - INFO - 🧪 Starting evaluation with 50 episodes...
2025-09-26 03:34:51,702 - __main__ - INFO -    Eval seed: 51
2025-09-26 03:34:51,703 - __main__ - INFO -    Max episode steps (eval): env default
2025-09-26 03:34:51,703 - nle.env.base - INFO - Not saving any NLE data.
2025-09-26 03:34:57,151 - __main__ - WARNING - ⚠️ Episode 3 terminated due to step limit.
2025-09-26 03:35:00,050 - __main__ - DEBUG - 🎯 Eval HMM masking: step 250 masked due to negative reward
2025-09-26 03:35:00,585 - __main__ - WARNING - ⚠️ Episode 4 terminated due to step limit.
2025-09-26 03:35:03,483 - __main__ - DEBUG - 🎯 Eval HMM masking: step 250 masked due to negative reward
2025-09-26 03:35:11,099 - __main__ - WARNING - ⚠️ Episode 8 terminated due to step limit.
2025-09-26 03:35:11,843 - __main__ - DEBUG - 🎯 Eval HMM masking: step 50 masked due to negative reward
2025-09-26 03:35:12,391 - __main__ - DEBUG - 🎯 Eval HMM masking: step 100 masked due to negative reward
2025-09-26 03:35:14,558 - __main__ - WARNING - ⚠️ Episode 10 terminated due to step limit.
2025-09-26 03:35:17,455 - __main__ - DEBUG - 🎯 Eval HMM masking: step 250 masked due to negative reward
2025-09-26 03:35:17,991 - __main__ - WARNING - ⚠️ Episode 11 terminated due to step limit.
2025-09-26 03:35:21,421 - __main__ - WARNING - ⚠️ Episode 12 terminated due to step limit.
2025-09-26 03:35:23,764 - __main__ - DEBUG - 🎯 Eval HMM masking: step 200 masked due to negative reward
2025-09-26 03:35:25,151 - __main__ - DEBUG - 🎯 Eval HMM masking: step 100 masked due to negative reward
2025-09-26 03:35:27,309 - __main__ - WARNING - ⚠️ Episode 14 terminated due to step limit.
2025-09-26 03:35:28,576 - __main__ - DEBUG - 🎯 Eval HMM masking: step 100 masked due to negative reward
2025-09-26 03:35:30,734 - __main__ - WARNING - ⚠️ Episode 15 terminated due to step limit.
2025-09-26 03:35:33,078 - __main__ - DEBUG - 🎯 Eval HMM masking: step 200 masked due to negative reward
2025-09-26 03:35:33,621 - __main__ - DEBUG - 🎯 Eval HMM masking: step 250 masked due to negative reward
2025-09-26 03:35:34,158 - __main__ - WARNING - ⚠️ Episode 16 terminated due to step limit.
2025-09-26 03:35:35,966 - __main__ - DEBUG - 🎯 Eval HMM masking: step 150 masked due to negative reward
2025-09-26 03:35:37,052 - __main__ - DEBUG - 🎯 Eval HMM masking: step 250 masked due to negative reward
2025-09-26 03:35:37,587 - __main__ - WARNING - ⚠️ Episode 17 terminated due to step limit.
2025-09-26 03:35:39,395 - __main__ - DEBUG - 🎯 Eval HMM masking: step 150 masked due to negative reward
2025-09-26 03:35:41,017 - __main__ - WARNING - ⚠️ Episode 18 terminated due to step limit.
2025-09-26 03:35:47,323 - __main__ - WARNING - ⚠️ Episode 21 terminated due to step limit.
2025-09-26 03:35:52,410 - __main__ - WARNING - ⚠️ Episode 23 terminated due to step limit.
2025-09-26 03:35:55,849 - __main__ - WARNING - ⚠️ Episode 24 terminated due to step limit.
2025-09-26 03:36:00,206 - __main__ - WARNING - ⚠️ Episode 26 terminated due to step limit.
2025-09-26 03:36:03,637 - __main__ - WARNING - ⚠️ Episode 27 terminated due to step limit.
2025-09-26 03:36:08,153 - __main__ - WARNING - ⚠️ Episode 30 terminated due to step limit.
2025-09-26 03:36:09,954 - __main__ - DEBUG - 🎯 Eval HMM masking: step 150 masked due to negative reward
2025-09-26 03:36:10,494 - __main__ - DEBUG - 🎯 Eval HMM masking: step 200 masked due to negative reward
2025-09-26 03:36:11,567 - __main__ - WARNING - ⚠️ Episode 31 terminated due to step limit.
2025-09-26 03:36:14,708 - __main__ - DEBUG - 🎯 Eval HMM masking: step 150 masked due to negative reward
2025-09-26 03:36:16,328 - __main__ - WARNING - ⚠️ Episode 33 terminated due to step limit.
2025-09-26 03:36:17,051 - __main__ - DEBUG - 🎯 Eval HMM masking: step 50 masked due to negative reward
2025-09-26 03:36:19,755 - __main__ - WARNING - ⚠️ Episode 34 terminated due to step limit.
2025-09-26 03:36:23,170 - __main__ - WARNING - ⚠️ Episode 35 terminated due to step limit.
2025-09-26 03:36:28,648 - __main__ - WARNING - ⚠️ Episode 38 terminated due to step limit.
2025-09-26 03:36:32,076 - __main__ - WARNING - ⚠️ Episode 39 terminated due to step limit.
2025-09-26 03:36:35,295 - __main__ - DEBUG - 🎯 Eval HMM masking: step 50 masked due to negative reward
2025-09-26 03:36:41,619 - __main__ - DEBUG - 🎯 Eval HMM masking: step 150 masked due to negative reward
2025-09-26 03:36:43,238 - __main__ - WARNING - ⚠️ Episode 43 terminated due to step limit.
2025-09-26 03:36:45,013 - __main__ - DEBUG - 🎯 Eval HMM masking: step 150 masked due to negative reward
2025-09-26 03:36:46,612 - __main__ - WARNING - ⚠️ Episode 44 terminated due to step limit.
2025-09-26 03:36:49,402 - __main__ - DEBUG - 🎯 Eval HMM masking: step 200 masked due to negative reward
2025-09-26 03:36:50,477 - __main__ - WARNING - ⚠️ Episode 46 terminated due to step limit.
2025-09-26 03:36:54,666 - __main__ - WARNING - ⚠️ Episode 48 terminated due to step limit.
2025-09-26 03:36:55,390 - __main__ - DEBUG - 🎯 Eval HMM masking: step 50 masked due to negative reward
2025-09-26 03:36:58,094 - __main__ - WARNING - ⚠️ Episode 49 terminated due to step limit.
2025-09-26 03:37:01,506 - __main__ - WARNING - ⚠️ Episode 50 terminated due to step limit.
2025-09-26 03:37:01,678 - __main__ - INFO - 📊 Evaluation Results (Current Round):
2025-09-26 03:37:01,679 - __main__ - INFO -    Episodes: 50
2025-09-26 03:37:01,679 - __main__ - INFO -    Time: 130.0s (2.6s/ep)
2025-09-26 03:37:01,679 - __main__ - INFO -    Average Return: 0.196 ± 0.599
2025-09-26 03:37:01,679 - __main__ - INFO -    Success Rate: 42.0%
2025-09-26 03:37:01,679 - __main__ - INFO -    Average Length: 227.7
2025-09-26 03:37:01,680 - __main__ - INFO -    Average Coverage: 73.6 positions
2025-09-26 03:37:01,680 - __main__ - INFO -    Episode Completions: 21 terminated (42.0%), 29 truncated (58.0%)
2025-09-26 03:37:01,680 - __main__ - INFO - 📈 Total Evaluation Statistics:
2025-09-26 03:37:01,680 - __main__ - INFO -    Total Episodes: 800
2025-09-26 03:37:01,680 - __main__ - INFO -    Total Average Return: 0.031 ± 0.678
2025-09-26 03:37:01,681 - __main__ - INFO -    Total Average Length: 229.7 ± 105.6
2025-09-26 03:37:01,681 - __main__ - INFO -    Total Completions: 297 terminated (37.1%), 503 truncated (62.9%)
2025-09-26 03:37:01,681 - __main__ - INFO -    Skill Entropy: 0.001
2025-09-26 03:37:01,681 - __main__ - INFO -    Used Skills: 1.0
2025-09-26 03:37:01,681 - __main__ - INFO -    Effective K: 1.00
2025-09-26 03:37:01,682 - __main__ - INFO - 🎯 Action Usage Statistics:
2025-09-26 03:37:01,682 - __main__ - INFO -    Unique actions in evaluation: 8
2025-09-26 03:37:01,682 - __main__ - INFO -    Unique actions in training: 8
2025-09-26 03:37:01,682 - __main__ - INFO -    Total unique actions: 8
2025-09-26 03:37:01,682 - __main__ - INFO -    Action coverage: 6.6%
2025-09-26 03:37:01,682 - __main__ - INFO -    Train action count: 160768
2025-09-26 03:37:01,682 - __main__ - INFO -    Eval action count: 183791
2025-09-26 03:37:01,683 - __main__ - INFO -    Train action entropy: 1.915
2025-09-26 03:37:01,683 - __main__ - INFO -    Eval action entropy: 1.898
2025-09-26 03:37:01,684 - __main__ - INFO -    Top 3 train actions: #2(37936), #3(32430), #0(29698)
2025-09-26 03:37:01,684 - __main__ - INFO -    Top 3 eval actions: #2(46198), #3(37689), #0(34333)
2025-09-26 03:37:03,961 - __main__ - INFO - 📊 Episodes completed this rollout: 3
2025-09-26 03:37:03,961 - __main__ - INFO - 📈 Episode stats: avg return = 0.01, avg length = 248.7
2025-09-26 03:37:03,962 - __main__ - INFO - 🎯 Top 3 training actions: #2(38224), #3(32536), #0(29931)
2025-09-26 03:37:07,219 - __main__ - INFO - 📊 Episodes completed this rollout: 3
2025-09-26 03:37:07,220 - __main__ - INFO - 📈 Episode stats: avg return = 0.50, avg length = 279.0
2025-09-26 03:37:07,220 - __main__ - INFO - 🎯 Top 3 training actions: #2(38464), #3(32671), #0(30130)
2025-09-26 03:37:08,228 - __main__ - INFO - 🔄 Synchronized model update at step 162,816
2025-09-26 03:37:08,228 - __main__ - INFO -    HMM interval: 12,000, VAE interval: 12,000
2025-09-26 03:37:08,229 - __main__ - INFO - 🚫 Model training masking: 1380/12288 timesteps masked (11.2%) due to negative rewards (invalid actions)
2025-09-26 03:37:08,587 - __main__ - INFO - 🔄 Capping HMM batch size from 893 to 128 to prevent OOM
2025-09-26 03:37:08,588 - __main__ - INFO - 🔄 HMM refresh starting at step 162,816 with replay size 128x69
2025-09-26 03:37:12,681 - __main__ - DEBUG - Initial ELBO: 7892.0374
2025-09-26 03:37:12,684 - __main__ - DEBUG - Relative tol: 0.0100
2025-09-26 03:37:12,684 - __main__ - DEBUG - Relative elbo_drop_tol: 0.0100
2025-09-26 03:37:12,684 - __main__ - DEBUG - - Init -506.5623
2025-09-26 03:37:12,684 - __main__ - DEBUG - - Trans -6.2741
2025-09-26 03:37:12,684 - __main__ - DEBUG - - Emit 22107.4430
2025-09-26 03:37:12,684 - __main__ - DEBUG - - Entropy 0.0004
2025-09-26 03:37:12,684 - __main__ - DEBUG - - Dir -25.0602
2025-09-26 03:37:12,685 - __main__ - DEBUG - - NIW -13661.5635
2025-09-26 03:37:12,685 - __main__ - DEBUG - - Beta prior -15.9460
2025-09-26 03:37:17,112 - __main__ - DEBUG - Iter 0: ELBO after FB: 7892.0374 (LL 21594.6070, Δ=0.0000)
2025-09-26 03:37:17,113 - __main__ - DEBUG - Blending stats with ρ_niw=0.0500, ρ_tr=0.0500.
2025-09-26 03:37:17,161 - __main__ - DEBUG - Iter 0: ELBO after NIW update: 10061.9887 (Emit LL 24681.0906, NIW term -14065.2598, Δ=2169.9513)
2025-09-26 03:37:17,209 - __main__ - DEBUG - Iter 0: ELBO after Dirichlet update: 10062.0243 (Trans LL -6.1875, Dir term -25.1112, Δ=0.0357)
2025-09-26 03:37:17,275 - __main__ - DEBUG - Iter 0: ELBO after β update: 10061.4576 (Init LL -507.0725, Dir term -25.1553, logp(β) -15.9584, Δ=-0.5668)
2025-09-26 03:37:21,693 - __main__ - DEBUG - Iter 1: ELBO after FB: 10061.4576 (LL 24167.8310, Δ=0.0000)
2025-09-26 03:37:21,693 - __main__ - DEBUG - Blending stats with ρ_niw=0.0500, ρ_tr=0.0500.
2025-09-26 03:37:21,741 - __main__ - DEBUG - Iter 1: ELBO after NIW update: 10061.4576 (Emit LL 24681.0906, NIW term -14065.2598, Δ=0.0000)
2025-09-26 03:37:21,787 - __main__ - DEBUG - Iter 1: ELBO after Dirichlet update: 10061.4019 (Trans LL -6.1676, Dir term -25.2307, Δ=-0.0556)
2025-09-26 03:37:21,852 - __main__ - DEBUG - Iter 1: ELBO after β update: 10060.9071 (Init LL -507.5134, Dir term -25.2801, logp(β) -15.9630, Δ=-0.4948)
2025-09-26 03:37:26,298 - __main__ - DEBUG - Iter 2: ELBO after FB: 10060.9071 (LL 24167.4099, Δ=0.0000)
2025-09-26 03:37:26,299 - __main__ - DEBUG - Blending stats with ρ_niw=0.0500, ρ_tr=0.0500.
2025-09-26 03:37:26,347 - __main__ - DEBUG - Iter 2: ELBO after NIW update: 10060.9071 (Emit LL 24681.0906, NIW term -14065.2598, Δ=0.0000)
2025-09-26 03:37:26,395 - __main__ - DEBUG - Iter 2: ELBO after Dirichlet update: 10060.6971 (Trans LL -6.1515, Dir term -25.5063, Δ=-0.2100)
2025-09-26 03:37:26,461 - __main__ - DEBUG - Iter 2: ELBO after β update: 10060.4357 (Init LL -507.7029, Dir term -25.5821, logp(β) -15.9590, Δ=-0.2614)
2025-09-26 03:37:30,875 - __main__ - DEBUG - Iter 3: ELBO after FB: 10060.4357 (LL 24167.2366, Δ=0.0000)
2025-09-26 03:37:30,875 - __main__ - DEBUG - Blending stats with ρ_niw=0.0500, ρ_tr=0.0500.
2025-09-26 03:37:30,924 - __main__ - DEBUG - Iter 3: ELBO after NIW update: 10060.4357 (Emit LL 24681.0906, NIW term -14065.2598, Δ=0.0000)
2025-09-26 03:37:30,971 - __main__ - DEBUG - Iter 3: ELBO after Dirichlet update: 10060.0967 (Trans LL -6.1441, Dir term -25.9285, Δ=-0.3390)
2025-09-26 03:37:31,028 - __main__ - DEBUG - Iter 3: ELBO after β update: 10060.1442 (Init LL -507.6271, Dir term -25.9594, logp(β) -15.9563, Δ=0.0475)
2025-09-26 03:37:35,448 - __main__ - DEBUG - Iter 4: ELBO after FB: 10060.1442 (LL 24167.3197, Δ=0.0000)
2025-09-26 03:37:35,448 - __main__ - DEBUG - Blending stats with ρ_niw=0.0500, ρ_tr=0.0500.
2025-09-26 03:37:35,496 - __main__ - DEBUG - Iter 4: ELBO after NIW update: 10060.1442 (Emit LL 24681.0906, NIW term -14065.2598, Δ=0.0000)
2025-09-26 03:37:35,545 - __main__ - DEBUG - Iter 4: ELBO after Dirichlet update: 10059.9370 (Trans LL -6.1471, Dir term -26.1637, Δ=-0.2072)
2025-09-26 03:37:35,604 - __main__ - DEBUG - Iter 4: ELBO after β update: 10059.7421 (Init LL -507.7626, Dir term -26.2269, logp(β) -15.9525, Δ=-0.1949)
2025-09-26 03:37:35,606 - __main__ - INFO -    HMM refresh complete: ELBO=84.5024, iters=0, max iters, states=40
2025-09-26 03:37:35,606 - __main__ - INFO -    ✅ HMM updated (next in 12,000 steps)
2025-09-26 03:37:35,607 - __main__ - INFO - 🔄 VAE refresh starting at step 162,816 with replay size 8x1536
2025-09-26 03:37:35,608 - __main__ - INFO -    Using span sampling (12288 timesteps, too large for full buffer)
2025-09-26 03:37:58,313 - __main__ - INFO -    VAE refresh complete: final_loss=2717.1714, avg_loss=2720.8326, steps=4/4, trend=improving, total_timesteps=12288, span_sampling=32_requested×4_steps, span_len=64
2025-09-26 03:37:58,314 - __main__ - INFO -    ✅ VAE updated (next in 12,000 steps)
2025-09-26 03:38:00,603 - __main__ - INFO - 📊 Episodes completed this rollout: 4
2025-09-26 03:38:00,604 - __main__ - INFO - 📈 Episode stats: avg return = -0.35, avg length = 300.0
2025-09-26 03:38:00,604 - __main__ - INFO - 🎯 Top 3 training actions: #2(38702), #3(32810), #0(30323)
2025-09-26 03:38:03,879 - __main__ - INFO - 📊 Episodes completed this rollout: 5
2025-09-26 03:38:03,879 - __main__ - INFO - 📈 Episode stats: avg return = 0.38, avg length = 197.6
2025-09-26 03:38:03,879 - __main__ - INFO - 🎯 Top 3 training actions: #2(38999), #3(32965), #0(30510)
2025-09-26 03:38:07,166 - __main__ - INFO - 📊 Episodes completed this rollout: 5
2025-09-26 03:38:07,166 - __main__ - INFO - 📈 Episode stats: avg return = 0.09, avg length = 268.4
2025-09-26 03:38:07,167 - __main__ - INFO - 🎯 Top 3 training actions: #2(39361), #3(33136), #0(30663)
2025-09-26 03:38:10,453 - __main__ - INFO - 📊 Episodes completed this rollout: 3
2025-09-26 03:38:10,454 - __main__ - INFO - 📈 Episode stats: avg return = -0.13, avg length = 262.7
2025-09-26 03:38:10,454 - __main__ - INFO - 🎯 Top 3 training actions: #2(39753), #3(33309), #0(30787)
2025-09-26 03:38:13,769 - __main__ - INFO - 📊 Episodes completed this rollout: 4
2025-09-26 03:38:13,769 - __main__ - INFO - 📈 Episode stats: avg return = -0.25, avg length = 240.5
2025-09-26 03:38:13,770 - __main__ - INFO - 🎯 Top 3 training actions: #2(40117), #3(33487), #0(30935)
2025-09-26 03:38:17,079 - __main__ - INFO - 📊 Episodes completed this rollout: 4
2025-09-26 03:38:17,079 - __main__ - INFO - 📈 Episode stats: avg return = -0.28, avg length = 253.5
2025-09-26 03:38:17,080 - __main__ - INFO - 🎯 Top 3 training actions: #2(40462), #3(33685), #0(31088)
2025-09-26 03:38:20,374 - __main__ - INFO - 📊 Episodes completed this rollout: 5
2025-09-26 03:38:20,374 - __main__ - INFO - 📈 Episode stats: avg return = 0.02, avg length = 232.6
2025-09-26 03:38:20,375 - __main__ - INFO - 🎯 Top 3 training actions: #2(40842), #3(33875), #0(31229)
2025-09-26 03:38:23,651 - __main__ - INFO - 📊 Episodes completed this rollout: 3
2025-09-26 03:38:23,651 - __main__ - INFO - 📈 Episode stats: avg return = -0.02, avg length = 254.3
2025-09-26 03:38:23,651 - __main__ - INFO - 🎯 Top 3 training actions: #2(41274), #3(34062), #0(31353)
2025-09-26 03:38:24,667 - __main__ - INFO - 🧪 Starting evaluation with 50 episodes...
2025-09-26 03:38:24,667 - __main__ - INFO -    Eval seed: 51
2025-09-26 03:38:24,667 - __main__ - INFO -    Max episode steps (eval): env default
2025-09-26 03:38:24,668 - nle.env.base - INFO - Not saving any NLE data.
2025-09-26 03:38:25,783 - __main__ - DEBUG - 🎯 Eval HMM masking: step 100 masked due to negative reward
2025-09-26 03:38:27,936 - __main__ - WARNING - ⚠️ Episode 1 terminated due to step limit.
2025-09-26 03:38:31,358 - __main__ - WARNING - ⚠️ Episode 2 terminated due to step limit.
2025-09-26 03:38:34,140 - __main__ - DEBUG - 🎯 Eval HMM masking: step 100 masked due to negative reward
2025-09-26 03:38:36,290 - __main__ - WARNING - ⚠️ Episode 4 terminated due to step limit.
2025-09-26 03:38:38,092 - __main__ - DEBUG - 🎯 Eval HMM masking: step 150 masked due to negative reward
2025-09-26 03:38:39,177 - __main__ - DEBUG - 🎯 Eval HMM masking: step 250 masked due to negative reward
2025-09-26 03:38:39,710 - __main__ - WARNING - ⚠️ Episode 5 terminated due to step limit.
2025-09-26 03:38:40,437 - __main__ - DEBUG - 🎯 Eval HMM masking: step 50 masked due to negative reward
2025-09-26 03:38:42,064 - __main__ - DEBUG - 🎯 Eval HMM masking: step 200 masked due to negative reward
2025-09-26 03:38:43,133 - __main__ - WARNING - ⚠️ Episode 6 terminated due to step limit.
2025-09-26 03:38:47,971 - __main__ - WARNING - ⚠️ Episode 8 terminated due to step limit.
2025-09-26 03:38:48,691 - __main__ - DEBUG - 🎯 Eval HMM masking: step 50 masked due to negative reward
2025-09-26 03:38:50,317 - __main__ - DEBUG - 🎯 Eval HMM masking: step 200 masked due to negative reward
2025-09-26 03:38:51,388 - __main__ - WARNING - ⚠️ Episode 9 terminated due to step limit.
2025-09-26 03:38:54,443 - __main__ - DEBUG - 🎯 Eval HMM masking: step 50 masked due to negative reward
2025-09-26 03:38:54,984 - __main__ - DEBUG - 🎯 Eval HMM masking: step 100 masked due to negative reward
2025-09-26 03:38:57,131 - __main__ - WARNING - ⚠️ Episode 11 terminated due to step limit.
2025-09-26 03:39:01,470 - __main__ - DEBUG - 🎯 Eval HMM masking: step 250 masked due to negative reward
2025-09-26 03:39:02,003 - __main__ - WARNING - ⚠️ Episode 15 terminated due to step limit.
2025-09-26 03:39:02,725 - __main__ - DEBUG - 🎯 Eval HMM masking: step 50 masked due to negative reward
2025-09-26 03:39:05,406 - __main__ - WARNING - ⚠️ Episode 16 terminated due to step limit.
2025-09-26 03:39:06,130 - __main__ - DEBUG - 🎯 Eval HMM masking: step 50 masked due to negative reward
2025-09-26 03:39:09,772 - __main__ - WARNING - ⚠️ Episode 18 terminated due to step limit.
2025-09-26 03:39:13,166 - __main__ - WARNING - ⚠️ Episode 19 terminated due to step limit.
2025-09-26 03:39:14,428 - __main__ - DEBUG - 🎯 Eval HMM masking: step 100 masked due to negative reward
2025-09-26 03:39:16,593 - __main__ - WARNING - ⚠️ Episode 20 terminated due to step limit.
2025-09-26 03:39:21,052 - __main__ - WARNING - ⚠️ Episode 22 terminated due to step limit.
2025-09-26 03:39:24,459 - __main__ - WARNING - ⚠️ Episode 23 terminated due to step limit.
2025-09-26 03:39:26,813 - __main__ - DEBUG - 🎯 Eval HMM masking: step 200 masked due to negative reward
2025-09-26 03:39:27,890 - __main__ - WARNING - ⚠️ Episode 24 terminated due to step limit.
2025-09-26 03:39:34,396 - __main__ - WARNING - ⚠️ Episode 26 terminated due to step limit.
2025-09-26 03:39:37,833 - __main__ - WARNING - ⚠️ Episode 27 terminated due to step limit.
2025-09-26 03:39:41,238 - __main__ - DEBUG - 🎯 Eval HMM masking: step 200 masked due to negative reward
2025-09-26 03:39:42,322 - __main__ - WARNING - ⚠️ Episode 30 terminated due to step limit.
2025-09-26 03:39:45,164 - __main__ - DEBUG - 🎯 Eval HMM masking: step 200 masked due to negative reward
2025-09-26 03:39:46,236 - __main__ - WARNING - ⚠️ Episode 32 terminated due to step limit.
2025-09-26 03:39:47,507 - __main__ - DEBUG - 🎯 Eval HMM masking: step 100 masked due to negative reward
2025-09-26 03:39:49,677 - __main__ - WARNING - ⚠️ Episode 33 terminated due to step limit.
2025-09-26 03:39:53,089 - __main__ - WARNING - ⚠️ Episode 34 terminated due to step limit.
2025-09-26 03:39:58,217 - __main__ - WARNING - ⚠️ Episode 36 terminated due to step limit.
2025-09-26 03:40:01,098 - __main__ - DEBUG - 🎯 Eval HMM masking: step 250 masked due to negative reward
2025-09-26 03:40:01,629 - __main__ - WARNING - ⚠️ Episode 37 terminated due to step limit.
2025-09-26 03:40:05,698 - __main__ - DEBUG - 🎯 Eval HMM masking: step 200 masked due to negative reward
2025-09-26 03:40:06,243 - __main__ - DEBUG - 🎯 Eval HMM masking: step 250 masked due to negative reward
2025-09-26 03:40:06,775 - __main__ - WARNING - ⚠️ Episode 40 terminated due to step limit.
2025-09-26 03:40:10,170 - __main__ - WARNING - ⚠️ Episode 41 terminated due to step limit.
2025-09-26 03:40:11,522 - __main__ - DEBUG - 🎯 Eval HMM masking: step 100 masked due to negative reward
2025-09-26 03:40:14,501 - __main__ - DEBUG - 🎯 Eval HMM masking: step 200 masked due to negative reward
2025-09-26 03:40:15,573 - __main__ - WARNING - ⚠️ Episode 44 terminated due to step limit.
2025-09-26 03:40:18,974 - __main__ - WARNING - ⚠️ Episode 45 terminated due to step limit.
2025-09-26 03:40:21,331 - __main__ - DEBUG - 🎯 Eval HMM masking: step 200 masked due to negative reward
2025-09-26 03:40:22,415 - __main__ - WARNING - ⚠️ Episode 46 terminated due to step limit.
2025-09-26 03:40:23,673 - __main__ - DEBUG - 🎯 Eval HMM masking: step 100 masked due to negative reward
2025-09-26 03:40:25,819 - __main__ - WARNING - ⚠️ Episode 47 terminated due to step limit.
2025-09-26 03:40:29,238 - __main__ - WARNING - ⚠️ Episode 48 terminated due to step limit.
2025-09-26 03:40:31,046 - __main__ - DEBUG - 🎯 Eval HMM masking: step 150 masked due to negative reward
2025-09-26 03:40:31,591 - __main__ - DEBUG - 🎯 Eval HMM masking: step 200 masked due to negative reward
2025-09-26 03:40:32,137 - __main__ - DEBUG - 🎯 Eval HMM masking: step 250 masked due to negative reward
2025-09-26 03:40:33,154 - __main__ - DEBUG - 🎯 Eval HMM masking: step 50 masked due to negative reward
2025-09-26 03:40:34,241 - __main__ - DEBUG - 🎯 Eval HMM masking: step 150 masked due to negative reward
2025-09-26 03:40:35,852 - __main__ - WARNING - ⚠️ Episode 50 terminated due to step limit.
2025-09-26 03:40:36,023 - __main__ - INFO - 📊 Evaluation Results (Current Round):
2025-09-26 03:40:36,023 - __main__ - INFO -    Episodes: 50
2025-09-26 03:40:36,023 - __main__ - INFO -    Time: 131.4s (2.6s/ep)
2025-09-26 03:40:36,023 - __main__ - INFO -    Average Return: 0.018 ± 0.664
2025-09-26 03:40:36,023 - __main__ - INFO -    Success Rate: 36.0%
2025-09-26 03:40:36,024 - __main__ - INFO -    Average Length: 230.0
2025-09-26 03:40:36,024 - __main__ - INFO -    Average Coverage: 65.8 positions
2025-09-26 03:40:36,024 - __main__ - INFO -    Episode Completions: 18 terminated (36.0%), 32 truncated (64.0%)
2025-09-26 03:40:36,024 - __main__ - INFO - 📈 Total Evaluation Statistics:
2025-09-26 03:40:36,024 - __main__ - INFO -    Total Episodes: 850
2025-09-26 03:40:36,024 - __main__ - INFO -    Total Average Return: 0.030 ± 0.678
2025-09-26 03:40:36,025 - __main__ - INFO -    Total Average Length: 229.8 ± 105.6
2025-09-26 03:40:36,025 - __main__ - INFO -    Total Completions: 315 terminated (37.1%), 535 truncated (62.9%)
2025-09-26 03:40:36,025 - __main__ - INFO -    Skill Entropy: 0.001
2025-09-26 03:40:36,025 - __main__ - INFO -    Used Skills: 1.0
2025-09-26 03:40:36,025 - __main__ - INFO -    Effective K: 1.00
2025-09-26 03:40:36,025 - __main__ - INFO - 🎯 Action Usage Statistics:
2025-09-26 03:40:36,025 - __main__ - INFO -    Unique actions in evaluation: 8
2025-09-26 03:40:36,025 - __main__ - INFO -    Unique actions in training: 8
2025-09-26 03:40:36,026 - __main__ - INFO -    Total unique actions: 8
2025-09-26 03:40:36,026 - __main__ - INFO -    Action coverage: 6.6%
2025-09-26 03:40:36,026 - __main__ - INFO -    Train action count: 171008
2025-09-26 03:40:36,026 - __main__ - INFO -    Eval action count: 195290
2025-09-26 03:40:36,026 - __main__ - INFO -    Train action entropy: 1.913
2025-09-26 03:40:36,027 - __main__ - INFO -    Eval action entropy: 1.893
2025-09-26 03:40:36,027 - __main__ - INFO -    Top 3 train actions: #2(41274), #3(34062), #0(31353)
2025-09-26 03:40:36,027 - __main__ - INFO -    Top 3 eval actions: #2(50611), #3(39520), #0(35985)
2025-09-26 03:40:38,356 - __main__ - INFO - 📊 Episodes completed this rollout: 6
2025-09-26 03:40:38,356 - __main__ - INFO - 📈 Episode stats: avg return = 0.06, avg length = 215.7
2025-09-26 03:40:38,356 - __main__ - INFO - 🎯 Top 3 training actions: #2(41650), #3(34205), #0(31509)
2025-09-26 03:40:41,653 - __main__ - INFO - 📊 Episodes completed this rollout: 6
2025-09-26 03:40:41,654 - __main__ - INFO - 📈 Episode stats: avg return = 0.20, avg length = 203.7
2025-09-26 03:40:41,654 - __main__ - INFO - 🎯 Top 3 training actions: #2(42010), #3(34345), #0(31683)
2025-09-26 03:40:44,913 - __main__ - INFO - 📊 Episodes completed this rollout: 5
2025-09-26 03:40:44,913 - __main__ - INFO - 📈 Episode stats: avg return = 0.59, avg length = 202.8
2025-09-26 03:40:44,913 - __main__ - INFO - 🎯 Top 3 training actions: #2(42309), #3(34510), #0(31845)
2025-09-26 03:40:48,171 - __main__ - INFO - 📊 Episodes completed this rollout: 3
2025-09-26 03:40:48,171 - __main__ - INFO - 📈 Episode stats: avg return = 0.51, avg length = 230.7
2025-09-26 03:40:48,172 - __main__ - INFO - 🎯 Top 3 training actions: #2(42611), #3(34702), #0(32015)
2025-09-26 03:40:49,184 - __main__ - INFO - 🔄 Synchronized model update at step 175,104
2025-09-26 03:40:49,184 - __main__ - INFO -    HMM interval: 12,000, VAE interval: 12,000
2025-09-26 03:40:49,185 - __main__ - INFO - 🚫 Model training masking: 912/12288 timesteps masked (7.4%) due to negative rewards (invalid actions)
2025-09-26 03:40:49,535 - __main__ - INFO - 🔄 Capping HMM batch size from 656 to 128 to prevent OOM
2025-09-26 03:40:49,535 - __main__ - INFO - 🔄 HMM refresh starting at step 175,104 with replay size 128x128
2025-09-26 03:40:57,079 - __main__ - DEBUG - Initial ELBO: 18464.5940
2025-09-26 03:40:57,083 - __main__ - DEBUG - Relative tol: 0.0100
2025-09-26 03:40:57,084 - __main__ - DEBUG - Relative elbo_drop_tol: 0.0100
2025-09-26 03:40:57,084 - __main__ - DEBUG - - Init -507.0725
2025-09-26 03:40:57,084 - __main__ - DEBUG - - Trans -8.4133
2025-09-26 03:40:57,084 - __main__ - DEBUG - - Emit 33086.4526
2025-09-26 03:40:57,084 - __main__ - DEBUG - - Entropy 0.0007
2025-09-26 03:40:57,084 - __main__ - DEBUG - - Dir -25.1553
2025-09-26 03:40:57,084 - __main__ - DEBUG - - NIW -14065.2598
2025-09-26 03:40:57,084 - __main__ - DEBUG - - Beta prior -15.9584
2025-09-26 03:41:04,910 - __main__ - DEBUG - Iter 0: ELBO after FB: 18464.5940 (LL 32570.9675, Δ=0.0000)
2025-09-26 03:41:04,911 - __main__ - DEBUG - Blending stats with ρ_niw=0.0500, ρ_tr=0.0500.
2025-09-26 03:41:04,962 - __main__ - DEBUG - Iter 0: ELBO after NIW update: 22145.3080 (Emit LL 37419.6070, NIW term -14717.7002, Δ=3680.7140)
2025-09-26 03:41:05,013 - __main__ - DEBUG - Iter 0: ELBO after Dirichlet update: 22145.4724 (Trans LL -8.1218, Dir term -25.2824, Δ=0.1644)
2025-09-26 03:41:05,082 - __main__ - DEBUG - Iter 0: ELBO after β update: 22144.9714 (Init LL -507.5520, Dir term -25.2912, logp(β) -15.9710, Δ=-0.5010)
2025-09-26 03:41:12,931 - __main__ - DEBUG - Iter 1: ELBO after FB: 22144.9714 (LL 36903.9339, Δ=-0.0000)
2025-09-26 03:41:12,932 - __main__ - DEBUG - Blending stats with ρ_niw=0.0500, ρ_tr=0.0500.
2025-09-26 03:41:12,982 - __main__ - DEBUG - Iter 1: ELBO after NIW update: 22144.9714 (Emit LL 37419.6070, NIW term -14717.7002, Δ=0.0000)
2025-09-26 03:41:13,032 - __main__ - DEBUG - Iter 1: ELBO after Dirichlet update: 22144.8988 (Trans LL -8.0988, Dir term -25.3868, Δ=-0.0726)
2025-09-26 03:41:13,101 - __main__ - DEBUG - Iter 1: ELBO after β update: 22144.3927 (Init LL -507.9961, Dir term -25.4445, logp(β) -15.9754, Δ=-0.5061)
2025-09-26 03:41:20,943 - __main__ - DEBUG - Iter 2: ELBO after FB: 22144.3927 (LL 36903.5128, Δ=0.0000)
2025-09-26 03:41:20,944 - __main__ - DEBUG - Blending stats with ρ_niw=0.0500, ρ_tr=0.0500.
2025-09-26 03:41:20,995 - __main__ - DEBUG - Iter 2: ELBO after NIW update: 22144.3927 (Emit LL 37419.6070, NIW term -14717.7002, Δ=0.0000)
2025-09-26 03:41:21,047 - __main__ - DEBUG - Iter 2: ELBO after Dirichlet update: 22144.1894 (Trans LL -8.0768, Dir term -25.6698, Δ=-0.2033)
2025-09-26 03:41:21,116 - __main__ - DEBUG - Iter 2: ELBO after β update: 22143.9775 (Init LL -508.1467, Dir term -25.7365, logp(β) -15.9699, Δ=-0.2119)
2025-09-26 03:41:28,980 - __main__ - DEBUG - Iter 3: ELBO after FB: 22143.9775 (LL 36903.3841, Δ=0.0000)
2025-09-26 03:41:28,981 - __main__ - DEBUG - Blending stats with ρ_niw=0.0500, ρ_tr=0.0500.
2025-09-26 03:41:29,032 - __main__ - DEBUG - Iter 3: ELBO after NIW update: 22143.9775 (Emit LL 37419.6070, NIW term -14717.7002, Δ=0.0000)
2025-09-26 03:41:29,083 - __main__ - DEBUG - Iter 3: ELBO after Dirichlet update: 22143.6137 (Trans LL -8.0689, Dir term -26.1083, Δ=-0.3638)
2025-09-26 03:41:29,144 - __main__ - DEBUG - Iter 3: ELBO after β update: 22143.5915 (Init LL -508.1281, Dir term -26.1518, logp(β) -15.9673, Δ=-0.0222)
2025-09-26 03:41:36,969 - __main__ - DEBUG - Iter 4: ELBO after FB: 22143.5915 (LL 36903.4108, Δ=0.0000)
2025-09-26 03:41:36,970 - __main__ - DEBUG - Blending stats with ρ_niw=0.0500, ρ_tr=0.0500.
2025-09-26 03:41:37,021 - __main__ - DEBUG - Iter 4: ELBO after NIW update: 22143.5915 (Emit LL 37419.6070, NIW term -14717.7002, Δ=0.0000)
2025-09-26 03:41:37,072 - __main__ - DEBUG - Iter 4: ELBO after Dirichlet update: 22143.3471 (Trans LL -8.0699, Dir term -26.3953, Δ=-0.2445)
2025-09-26 03:41:37,128 - __main__ - DEBUG - Iter 4: ELBO after β update: 22143.2342 (Init LL -508.2175, Dir term -26.4194, logp(β) -15.9666, Δ=-0.1129)
2025-09-26 03:41:37,130 - __main__ - INFO -    HMM refresh complete: ELBO=453.7173, iters=0, max iters, states=40
2025-09-26 03:41:37,130 - __main__ - INFO -    ✅ HMM updated (next in 12,000 steps)
2025-09-26 03:41:37,131 - __main__ - INFO - 🔄 VAE refresh starting at step 175,104 with replay size 8x1536
2025-09-26 03:41:37,131 - __main__ - INFO -    Using span sampling (12288 timesteps, too large for full buffer)
2025-09-26 03:42:01,272 - __main__ - INFO -    VAE refresh complete: final_loss=2701.3679, avg_loss=2711.5411, steps=4/4, trend=improving, total_timesteps=12288, span_sampling=32_requested×4_steps, span_len=64
2025-09-26 03:42:01,274 - __main__ - INFO -    ✅ VAE updated (next in 12,000 steps)
2025-09-26 03:42:03,539 - __main__ - INFO - 📊 Episodes completed this rollout: 6
2025-09-26 03:42:03,539 - __main__ - INFO - 📈 Episode stats: avg return = 0.51, avg length = 226.7
2025-09-26 03:42:03,540 - __main__ - INFO - 🎯 Top 3 training actions: #2(42893), #3(34879), #0(32203)
2025-09-26 03:42:06,797 - __main__ - INFO - 📊 Episodes completed this rollout: 4
2025-09-26 03:42:06,797 - __main__ - INFO - 📈 Episode stats: avg return = 0.60, avg length = 176.0
2025-09-26 03:42:06,798 - __main__ - INFO - 🎯 Top 3 training actions: #2(43140), #3(35066), #0(32371)
2025-09-26 03:42:10,098 - __main__ - INFO - 📊 Episodes completed this rollout: 6
2025-09-26 03:42:10,098 - __main__ - INFO - 📈 Episode stats: avg return = 0.36, avg length = 173.3
2025-09-26 03:42:10,098 - __main__ - INFO - 🎯 Top 3 training actions: #2(43398), #3(35245), #0(32528)
2025-09-26 03:42:13,390 - __main__ - INFO - 📊 Episodes completed this rollout: 5
2025-09-26 03:42:13,390 - __main__ - INFO - 📈 Episode stats: avg return = 0.24, avg length = 257.2
2025-09-26 03:42:13,390 - __main__ - INFO - 🎯 Top 3 training actions: #2(43652), #3(35415), #0(32675)
2025-09-26 03:42:16,648 - __main__ - INFO - 📊 Episodes completed this rollout: 4
2025-09-26 03:42:16,648 - __main__ - INFO - 📈 Episode stats: avg return = 0.66, avg length = 184.8
2025-09-26 03:42:16,648 - __main__ - INFO - 🎯 Top 3 training actions: #2(43874), #3(35573), #0(32844)
2025-09-26 03:42:17,669 - __main__ - INFO - 🧪 Starting evaluation with 50 episodes...
2025-09-26 03:42:17,669 - __main__ - INFO -    Eval seed: 51
2025-09-26 03:42:17,669 - __main__ - INFO -    Max episode steps (eval): env default
2025-09-26 03:42:17,670 - nle.env.base - INFO - Not saving any NLE data.
2025-09-26 03:42:18,793 - __main__ - DEBUG - 🎯 Eval HMM masking: step 100 masked due to negative reward
2025-09-26 03:42:19,888 - __main__ - DEBUG - 🎯 Eval HMM masking: step 200 masked due to negative reward
2025-09-26 03:42:20,974 - __main__ - WARNING - ⚠️ Episode 1 terminated due to step limit.
2025-09-26 03:42:24,420 - __main__ - WARNING - ⚠️ Episode 2 terminated due to step limit.
2025-09-26 03:42:27,857 - __main__ - WARNING - ⚠️ Episode 3 terminated due to step limit.
2025-09-26 03:42:31,289 - __main__ - WARNING - ⚠️ Episode 4 terminated due to step limit.
2025-09-26 03:42:34,724 - __main__ - WARNING - ⚠️ Episode 5 terminated due to step limit.
2025-09-26 03:42:38,143 - __main__ - WARNING - ⚠️ Episode 6 terminated due to step limit.
2025-09-26 03:42:39,408 - __main__ - DEBUG - 🎯 Eval HMM masking: step 100 masked due to negative reward
2025-09-26 03:42:40,493 - __main__ - DEBUG - 🎯 Eval HMM masking: step 200 masked due to negative reward
2025-09-26 03:42:41,570 - __main__ - WARNING - ⚠️ Episode 7 terminated due to step limit.
2025-09-26 03:42:42,288 - __main__ - DEBUG - 🎯 Eval HMM masking: step 50 masked due to negative reward
2025-09-26 03:42:44,463 - __main__ - DEBUG - 🎯 Eval HMM masking: step 250 masked due to negative reward
2025-09-26 03:42:44,999 - __main__ - WARNING - ⚠️ Episode 8 terminated due to step limit.
2025-09-26 03:42:48,439 - __main__ - WARNING - ⚠️ Episode 9 terminated due to step limit.
2025-09-26 03:42:51,879 - __main__ - WARNING - ⚠️ Episode 10 terminated due to step limit.
2025-09-26 03:42:52,607 - __main__ - DEBUG - 🎯 Eval HMM masking: step 50 masked due to negative reward
2025-09-26 03:42:55,323 - __main__ - WARNING - ⚠️ Episode 11 terminated due to step limit.
2025-09-26 03:42:57,133 - __main__ - DEBUG - 🎯 Eval HMM masking: step 150 masked due to negative reward
2025-09-26 03:42:58,752 - __main__ - WARNING - ⚠️ Episode 12 terminated due to step limit.
2025-09-26 03:43:02,169 - __main__ - WARNING - ⚠️ Episode 13 terminated due to step limit.
2025-09-26 03:43:05,611 - __main__ - WARNING - ⚠️ Episode 14 terminated due to step limit.
2025-09-26 03:43:06,876 - __main__ - DEBUG - 🎯 Eval HMM masking: step 100 masked due to negative reward
2025-09-26 03:43:09,032 - __main__ - WARNING - ⚠️ Episode 15 terminated due to step limit.
2025-09-26 03:43:11,954 - __main__ - DEBUG - 🎯 Eval HMM masking: step 100 masked due to negative reward
2025-09-26 03:43:12,498 - __main__ - DEBUG - 🎯 Eval HMM masking: step 150 masked due to negative reward
2025-09-26 03:43:13,591 - __main__ - DEBUG - 🎯 Eval HMM masking: step 250 masked due to negative reward
2025-09-26 03:43:14,128 - __main__ - WARNING - ⚠️ Episode 17 terminated due to step limit.
2025-09-26 03:43:17,553 - __main__ - WARNING - ⚠️ Episode 18 terminated due to step limit.
2025-09-26 03:43:19,903 - __main__ - DEBUG - 🎯 Eval HMM masking: step 200 masked due to negative reward
2025-09-26 03:43:20,981 - __main__ - WARNING - ⚠️ Episode 19 terminated due to step limit.
2025-09-26 03:43:24,399 - __main__ - WARNING - ⚠️ Episode 20 terminated due to step limit.
2025-09-26 03:43:26,758 - __main__ - DEBUG - 🎯 Eval HMM masking: step 200 masked due to negative reward
2025-09-26 03:43:27,841 - __main__ - WARNING - ⚠️ Episode 21 terminated due to step limit.
2025-09-26 03:43:30,190 - __main__ - DEBUG - 🎯 Eval HMM masking: step 200 masked due to negative reward
2025-09-26 03:43:31,267 - __main__ - WARNING - ⚠️ Episode 22 terminated due to step limit.
2025-09-26 03:43:34,835 - __main__ - WARNING - ⚠️ Episode 24 terminated due to step limit.
2025-09-26 03:43:36,106 - __main__ - DEBUG - 🎯 Eval HMM masking: step 100 masked due to negative reward
2025-09-26 03:43:37,188 - __main__ - DEBUG - 🎯 Eval HMM masking: step 200 masked due to negative reward
2025-09-26 03:43:37,732 - __main__ - DEBUG - 🎯 Eval HMM masking: step 250 masked due to negative reward
2025-09-26 03:43:38,268 - __main__ - WARNING - ⚠️ Episode 25 terminated due to step limit.
2025-09-26 03:43:41,824 - __main__ - WARNING - ⚠️ Episode 27 terminated due to step limit.
2025-09-26 03:43:45,257 - __main__ - WARNING - ⚠️ Episode 28 terminated due to step limit.
2025-09-26 03:43:48,692 - __main__ - WARNING - ⚠️ Episode 29 terminated due to step limit.
2025-09-26 03:43:49,414 - __main__ - DEBUG - 🎯 Eval HMM masking: step 50 masked due to negative reward
2025-09-26 03:43:51,594 - __main__ - DEBUG - 🎯 Eval HMM masking: step 250 masked due to negative reward
2025-09-26 03:43:52,131 - __main__ - WARNING - ⚠️ Episode 30 terminated due to step limit.
2025-09-26 03:43:55,024 - __main__ - DEBUG - 🎯 Eval HMM masking: step 250 masked due to negative reward
2025-09-26 03:43:55,558 - __main__ - WARNING - ⚠️ Episode 31 terminated due to step limit.
2025-09-26 03:43:58,830 - __main__ - DEBUG - 🎯 Eval HMM masking: step 50 masked due to negative reward
2025-09-26 03:44:01,014 - __main__ - DEBUG - 🎯 Eval HMM masking: step 250 masked due to negative reward
2025-09-26 03:44:01,551 - __main__ - WARNING - ⚠️ Episode 33 terminated due to step limit.
2025-09-26 03:44:06,981 - __main__ - WARNING - ⚠️ Episode 36 terminated due to step limit.
2025-09-26 03:44:08,790 - __main__ - DEBUG - 🎯 Eval HMM masking: step 150 masked due to negative reward
2025-09-26 03:44:09,879 - __main__ - DEBUG - 🎯 Eval HMM masking: step 250 masked due to negative reward
2025-09-26 03:44:10,414 - __main__ - WARNING - ⚠️ Episode 37 terminated due to step limit.
2025-09-26 03:44:15,201 - __main__ - WARNING - ⚠️ Episode 39 terminated due to step limit.
2025-09-26 03:44:18,090 - __main__ - DEBUG - 🎯 Eval HMM masking: step 250 masked due to negative reward
2025-09-26 03:44:18,636 - __main__ - WARNING - ⚠️ Episode 40 terminated due to step limit.
2025-09-26 03:44:21,539 - __main__ - DEBUG - 🎯 Eval HMM masking: step 250 masked due to negative reward
2025-09-26 03:44:22,075 - __main__ - WARNING - ⚠️ Episode 41 terminated due to step limit.
2025-09-26 03:44:25,515 - __main__ - WARNING - ⚠️ Episode 42 terminated due to step limit.
2025-09-26 03:44:28,955 - __main__ - WARNING - ⚠️ Episode 43 terminated due to step limit.
2025-09-26 03:44:31,302 - __main__ - DEBUG - 🎯 Eval HMM masking: step 200 masked due to negative reward
2025-09-26 03:44:32,384 - __main__ - WARNING - ⚠️ Episode 44 terminated due to step limit.
2025-09-26 03:44:38,781 - __main__ - WARNING - ⚠️ Episode 48 terminated due to step limit.
2025-09-26 03:44:40,697 - __main__ - DEBUG - 🎯 Eval HMM masking: step 150 masked due to negative reward
2025-09-26 03:44:42,317 - __main__ - WARNING - ⚠️ Episode 50 terminated due to step limit.
2025-09-26 03:44:42,488 - __main__ - INFO - 📊 Evaluation Results (Current Round):
2025-09-26 03:44:42,488 - __main__ - INFO -    Episodes: 50
2025-09-26 03:44:42,488 - __main__ - INFO -    Time: 144.8s (2.9s/ep)
2025-09-26 03:44:42,488 - __main__ - INFO -    Average Return: -0.064 ± 0.523
2025-09-26 03:44:42,489 - __main__ - INFO -    Success Rate: 22.0%
2025-09-26 03:44:42,489 - __main__ - INFO -    Average Length: 253.0
2025-09-26 03:44:42,489 - __main__ - INFO -    Average Coverage: 85.0 positions
2025-09-26 03:44:42,489 - __main__ - INFO -    Episode Completions: 11 terminated (22.0%), 39 truncated (78.0%)
2025-09-26 03:44:42,489 - __main__ - INFO - 📈 Total Evaluation Statistics:
2025-09-26 03:44:42,489 - __main__ - INFO -    Total Episodes: 900
2025-09-26 03:44:42,489 - __main__ - INFO -    Total Average Return: 0.025 ± 0.670
2025-09-26 03:44:42,490 - __main__ - INFO -    Total Average Length: 231.0 ± 105.1
2025-09-26 03:44:42,490 - __main__ - INFO -    Total Completions: 326 terminated (36.2%), 574 truncated (63.8%)
2025-09-26 03:44:42,490 - __main__ - INFO -    Skill Entropy: 0.001
2025-09-26 03:44:42,490 - __main__ - INFO -    Used Skills: 1.0
2025-09-26 03:44:42,490 - __main__ - INFO -    Effective K: 1.00
2025-09-26 03:44:42,490 - __main__ - INFO - 🎯 Action Usage Statistics:
2025-09-26 03:44:42,490 - __main__ - INFO -    Unique actions in evaluation: 8
2025-09-26 03:44:42,491 - __main__ - INFO -    Unique actions in training: 8
2025-09-26 03:44:42,491 - __main__ - INFO -    Total unique actions: 8
2025-09-26 03:44:42,491 - __main__ - INFO -    Action coverage: 6.6%
2025-09-26 03:44:42,491 - __main__ - INFO -    Train action count: 180224
2025-09-26 03:44:42,491 - __main__ - INFO -    Eval action count: 207941
2025-09-26 03:44:42,491 - __main__ - INFO -    Train action entropy: 1.914
2025-09-26 03:44:42,492 - __main__ - INFO -    Eval action entropy: 1.906
2025-09-26 03:44:42,492 - __main__ - INFO -    Top 3 train actions: #2(43874), #3(35573), #0(32844)
2025-09-26 03:44:42,492 - __main__ - INFO -    Top 3 eval actions: #2(53305), #3(41464), #0(37671)
2025-09-26 03:44:44,769 - __main__ - INFO - 📊 Episodes completed this rollout: 5
2025-09-26 03:44:44,769 - __main__ - INFO - 📈 Episode stats: avg return = 0.24, avg length = 219.6
2025-09-26 03:44:44,769 - __main__ - INFO - 🎯 Top 3 training actions: #2(44099), #3(35713), #0(32981)
2025-09-26 03:44:48,040 - __main__ - INFO - 📊 Episodes completed this rollout: 4
2025-09-26 03:44:48,041 - __main__ - INFO - 📈 Episode stats: avg return = 0.08, avg length = 234.5
2025-09-26 03:44:48,041 - __main__ - INFO - 🎯 Top 3 training actions: #2(44308), #3(35865), #0(33140)
2025-09-26 03:44:51,332 - __main__ - INFO - 📊 Episodes completed this rollout: 5
2025-09-26 03:44:51,332 - __main__ - INFO - 📈 Episode stats: avg return = -0.08, avg length = 257.8
2025-09-26 03:44:51,332 - __main__ - INFO - 🎯 Top 3 training actions: #2(44536), #3(36013), #0(33262)
2025-09-26 03:44:54,590 - __main__ - INFO - 📊 Episodes completed this rollout: 1
2025-09-26 03:44:54,591 - __main__ - INFO - 📈 Episode stats: avg return = -0.26, avg length = 300.0
2025-09-26 03:44:54,591 - __main__ - INFO - 🎯 Top 3 training actions: #2(44790), #3(36165), #0(33377)
2025-09-26 03:44:57,892 - __main__ - INFO - 📊 Episodes completed this rollout: 5
2025-09-26 03:44:57,892 - __main__ - INFO - 📈 Episode stats: avg return = -0.46, avg length = 300.0
2025-09-26 03:44:57,892 - __main__ - INFO - 🎯 Top 3 training actions: #2(45018), #3(36308), #0(33500)
2025-09-26 03:45:01,172 - __main__ - INFO - 📊 Episodes completed this rollout: 4
2025-09-26 03:45:01,172 - __main__ - INFO - 📈 Episode stats: avg return = 0.01, avg length = 232.0
2025-09-26 03:45:01,172 - __main__ - INFO - 🎯 Top 3 training actions: #2(45219), #3(36480), #0(33636)
2025-09-26 03:45:04,478 - __main__ - INFO - 📊 Episodes completed this rollout: 8
2025-09-26 03:45:04,478 - __main__ - INFO - 📈 Episode stats: avg return = 0.41, avg length = 206.9
2025-09-26 03:45:04,479 - __main__ - INFO - 🎯 Top 3 training actions: #2(45436), #3(36614), #0(33766)
2025-09-26 03:45:05,495 - __main__ - INFO - 🔄 Synchronized model update at step 187,392
2025-09-26 03:45:05,495 - __main__ - INFO -    HMM interval: 12,000, VAE interval: 12,000
2025-09-26 03:45:05,496 - __main__ - INFO - 🚫 Model training masking: 1176/12288 timesteps masked (9.6%) due to negative rewards (invalid actions)
2025-09-26 03:45:05,849 - __main__ - INFO - 🔄 Capping HMM batch size from 774 to 128 to prevent OOM
2025-09-26 03:45:05,849 - __main__ - INFO - 🔄 HMM refresh starting at step 187,392 with replay size 128x124
2025-09-26 03:45:13,137 - __main__ - DEBUG - Initial ELBO: 22310.8659
2025-09-26 03:45:13,141 - __main__ - DEBUG - Relative tol: 0.0100
2025-09-26 03:45:13,141 - __main__ - DEBUG - Relative elbo_drop_tol: 0.0100
2025-09-26 03:45:13,141 - __main__ - DEBUG - - Init -507.5520
2025-09-26 03:45:13,141 - __main__ - DEBUG - - Trans -7.9977
2025-09-26 03:45:13,142 - __main__ - DEBUG - - Emit 37585.3773
2025-09-26 03:45:13,142 - __main__ - DEBUG - - Entropy 0.0007
2025-09-26 03:45:13,142 - __main__ - DEBUG - - Dir -25.2912
2025-09-26 03:45:13,142 - __main__ - DEBUG - - NIW -14717.7002
2025-09-26 03:45:13,142 - __main__ - DEBUG - - Beta prior -15.9710
2025-09-26 03:45:20,777 - __main__ - DEBUG - Iter 0: ELBO after FB: 22310.8659 (LL 37069.8283, Δ=0.0000)
2025-09-26 03:45:20,778 - __main__ - DEBUG - Blending stats with ρ_niw=0.0500, ρ_tr=0.0500.
2025-09-26 03:45:20,829 - __main__ - DEBUG - Iter 0: ELBO after NIW update: 25093.7078 (Emit LL 41007.3325, NIW term -15356.8135, Δ=2782.8419)
2025-09-26 03:45:20,880 - __main__ - DEBUG - Iter 0: ELBO after Dirichlet update: 25093.8062 (Trans LL -7.7528, Dir term -25.4377, Δ=0.0984)
2025-09-26 03:45:20,948 - __main__ - DEBUG - Iter 0: ELBO after β update: 25093.3296 (Init LL -508.0005, Dir term -25.4529, logp(β) -15.9838, Δ=-0.4765)
2025-09-26 03:45:28,562 - __main__ - DEBUG - Iter 1: ELBO after FB: 25093.3296 (LL 40491.5798, Δ=0.0000)
2025-09-26 03:45:28,562 - __main__ - DEBUG - Blending stats with ρ_niw=0.0500, ρ_tr=0.0500.
2025-09-26 03:45:28,613 - __main__ - DEBUG - Iter 1: ELBO after NIW update: 25093.3296 (Emit LL 41007.3325, NIW term -15356.8135, Δ=0.0000)
2025-09-26 03:45:28,664 - __main__ - DEBUG - Iter 1: ELBO after Dirichlet update: 25093.2793 (Trans LL -7.7312, Dir term -25.5249, Δ=-0.0503)
2025-09-26 03:45:28,733 - __main__ - DEBUG - Iter 1: ELBO after β update: 25092.7551 (Init LL -508.4571, Dir term -25.5886, logp(β) -15.9877, Δ=-0.5242)
2025-09-26 03:45:36,350 - __main__ - DEBUG - Iter 2: ELBO after FB: 25092.7551 (LL 40491.1449, Δ=0.0000)
2025-09-26 03:45:36,351 - __main__ - DEBUG - Blending stats with ρ_niw=0.0500, ρ_tr=0.0500.
2025-09-26 03:45:36,402 - __main__ - DEBUG - Iter 2: ELBO after NIW update: 25092.7551 (Emit LL 41007.3325, NIW term -15356.8135, Δ=0.0000)
2025-09-26 03:45:36,453 - __main__ - DEBUG - Iter 2: ELBO after Dirichlet update: 25092.5337 (Trans LL -7.7106, Dir term -25.8307, Δ=-0.2214)
2025-09-26 03:45:36,522 - __main__ - DEBUG - Iter 2: ELBO after β update: 25092.3157 (Init LL -508.6091, Dir term -25.9021, logp(β) -15.9823, Δ=-0.2181)
2025-09-26 03:45:44,147 - __main__ - DEBUG - Iter 3: ELBO after FB: 25092.3157 (LL 40491.0136, Δ=0.0000)
2025-09-26 03:45:44,148 - __main__ - DEBUG - Blending stats with ρ_niw=0.0500, ρ_tr=0.0500.
2025-09-26 03:45:44,199 - __main__ - DEBUG - Iter 3: ELBO after NIW update: 25092.3157 (Emit LL 41007.3325, NIW term -15356.8135, Δ=0.0000)
2025-09-26 03:45:44,249 - __main__ - DEBUG - Iter 3: ELBO after Dirichlet update: 25091.9796 (Trans LL -7.7037, Dir term -26.2451, Δ=-0.3361)
2025-09-26 03:45:44,316 - __main__ - DEBUG - Iter 3: ELBO after β update: 25091.8669 (Init LL -508.6580, Dir term -26.3143, logp(β) -15.9769, Δ=-0.1127)
2025-09-26 03:45:51,990 - __main__ - DEBUG - Iter 4: ELBO after FB: 25091.8669 (LL 40490.9716, Δ=0.0000)
2025-09-26 03:45:51,991 - __main__ - DEBUG - Blending stats with ρ_niw=0.0500, ρ_tr=0.0500.
2025-09-26 03:45:52,042 - __main__ - DEBUG - Iter 4: ELBO after NIW update: 25091.8669 (Emit LL 41007.3325, NIW term -15356.8135, Δ=0.0000)
2025-09-26 03:45:52,093 - __main__ - DEBUG - Iter 4: ELBO after Dirichlet update: 25091.4237 (Trans LL -7.7017, Dir term -26.7594, Δ=-0.4431)
2025-09-26 03:45:52,150 - __main__ - DEBUG - Iter 4: ELBO after β update: 25091.4007 (Init LL -508.6465, Dir term -26.7942, logp(β) -15.9767, Δ=-0.0231)
2025-09-26 03:45:52,152 - __main__ - INFO -    HMM refresh complete: ELBO=14.3679, iters=0, max iters, states=40
2025-09-26 03:45:52,153 - __main__ - INFO -    ✅ HMM updated (next in 12,000 steps)
2025-09-26 03:45:52,153 - __main__ - INFO - 🔄 VAE refresh starting at step 187,392 with replay size 8x1536
2025-09-26 03:45:52,154 - __main__ - INFO -    Using span sampling (12288 timesteps, too large for full buffer)
2025-09-26 03:46:15,730 - __main__ - INFO -    VAE refresh complete: final_loss=2686.3628, avg_loss=2694.1739, steps=4/4, trend=improving, total_timesteps=12288, span_sampling=32_requested×4_steps, span_len=64
2025-09-26 03:46:15,731 - __main__ - INFO -    ✅ VAE updated (next in 12,000 steps)
2025-09-26 03:46:17,965 - __main__ - INFO - 📊 Episodes completed this rollout: 2
2025-09-26 03:46:17,966 - __main__ - INFO - 📈 Episode stats: avg return = 0.39, avg length = 236.0
2025-09-26 03:46:17,966 - __main__ - INFO - 🎯 Top 3 training actions: #2(45636), #3(36768), #0(33910)
2025-09-26 03:46:21,277 - __main__ - INFO - 📊 Episodes completed this rollout: 7
2025-09-26 03:46:21,277 - __main__ - INFO - 📈 Episode stats: avg return = 0.37, avg length = 231.4
2025-09-26 03:46:21,277 - __main__ - INFO - 🎯 Top 3 training actions: #2(45809), #3(36916), #0(34052)
2025-09-26 03:46:24,512 - __main__ - INFO - 📊 Episodes completed this rollout: 1
2025-09-26 03:46:24,512 - __main__ - INFO - 📈 Episode stats: avg return = 0.84, avg length = 120.0
2025-09-26 03:46:24,512 - __main__ - INFO - 🎯 Top 3 training actions: #2(45980), #3(37069), #0(34177)
2025-09-26 03:46:25,526 - __main__ - INFO - 🧪 Starting evaluation with 50 episodes...
2025-09-26 03:46:25,526 - __main__ - INFO -    Eval seed: 51
2025-09-26 03:46:25,526 - __main__ - INFO -    Max episode steps (eval): env default
2025-09-26 03:46:25,527 - nle.env.base - INFO - Not saving any NLE data.
2025-09-26 03:46:27,173 - __main__ - DEBUG - 🎯 Eval HMM masking: step 150 masked due to negative reward
2025-09-26 03:46:28,781 - __main__ - WARNING - ⚠️ Episode 1 terminated due to step limit.
2025-09-26 03:46:31,665 - __main__ - DEBUG - 🎯 Eval HMM masking: step 250 masked due to negative reward
2025-09-26 03:46:32,201 - __main__ - WARNING - ⚠️ Episode 2 terminated due to step limit.
2025-09-26 03:46:36,154 - __main__ - WARNING - ⚠️ Episode 4 terminated due to step limit.
2025-09-26 03:46:39,558 - __main__ - WARNING - ⚠️ Episode 5 terminated due to step limit.
2025-09-26 03:46:41,367 - __main__ - DEBUG - 🎯 Eval HMM masking: step 150 masked due to negative reward
2025-09-26 03:46:41,907 - __main__ - DEBUG - 🎯 Eval HMM masking: step 200 masked due to negative reward
2025-09-26 03:46:42,973 - __main__ - WARNING - ⚠️ Episode 6 terminated due to step limit.
2025-09-26 03:46:46,568 - __main__ - WARNING - ⚠️ Episode 8 terminated due to step limit.
2025-09-26 03:46:48,367 - __main__ - DEBUG - 🎯 Eval HMM masking: step 150 masked due to negative reward
2025-09-26 03:46:49,820 - __main__ - DEBUG - 🎯 Eval HMM masking: step 100 masked due to negative reward
2025-09-26 03:46:50,900 - __main__ - DEBUG - 🎯 Eval HMM masking: step 200 masked due to negative reward
2025-09-26 03:46:51,968 - __main__ - WARNING - ⚠️ Episode 10 terminated due to step limit.
2025-09-26 03:46:54,309 - __main__ - DEBUG - 🎯 Eval HMM masking: step 200 masked due to negative reward
2025-09-26 03:46:55,383 - __main__ - WARNING - ⚠️ Episode 11 terminated due to step limit.
2025-09-26 03:46:59,473 - __main__ - WARNING - ⚠️ Episode 13 terminated due to step limit.
2025-09-26 03:47:00,195 - __main__ - DEBUG - 🎯 Eval HMM masking: step 50 masked due to negative reward
2025-09-26 03:47:04,507 - __main__ - DEBUG - 🎯 Eval HMM masking: step 250 masked due to negative reward
2025-09-26 03:47:05,040 - __main__ - WARNING - ⚠️ Episode 16 terminated due to step limit.
2025-09-26 03:47:06,302 - __main__ - DEBUG - 🎯 Eval HMM masking: step 100 masked due to negative reward
2025-09-26 03:47:08,462 - __main__ - WARNING - ⚠️ Episode 17 terminated due to step limit.
2025-09-26 03:47:11,344 - __main__ - DEBUG - 🎯 Eval HMM masking: step 250 masked due to negative reward
2025-09-26 03:47:11,874 - __main__ - WARNING - ⚠️ Episode 18 terminated due to step limit.
2025-09-26 03:47:15,288 - __main__ - WARNING - ⚠️ Episode 19 terminated due to step limit.
2025-09-26 03:47:19,258 - __main__ - DEBUG - 🎯 Eval HMM masking: step 100 masked due to negative reward
2025-09-26 03:47:24,385 - __main__ - WARNING - ⚠️ Episode 22 terminated due to step limit.
2025-09-26 03:47:27,257 - __main__ - DEBUG - 🎯 Eval HMM masking: step 250 masked due to negative reward
2025-09-26 03:47:27,788 - __main__ - WARNING - ⚠️ Episode 23 terminated due to step limit.
2025-09-26 03:47:30,672 - __main__ - DEBUG - 🎯 Eval HMM masking: step 250 masked due to negative reward
2025-09-26 03:47:31,205 - __main__ - WARNING - ⚠️ Episode 24 terminated due to step limit.
2025-09-26 03:47:34,613 - __main__ - WARNING - ⚠️ Episode 25 terminated due to step limit.
2025-09-26 03:47:36,409 - __main__ - DEBUG - 🎯 Eval HMM masking: step 150 masked due to negative reward
2025-09-26 03:47:37,485 - __main__ - DEBUG - 🎯 Eval HMM masking: step 250 masked due to negative reward
2025-09-26 03:47:38,017 - __main__ - WARNING - ⚠️ Episode 26 terminated due to step limit.
2025-09-26 03:47:39,290 - __main__ - DEBUG - 🎯 Eval HMM masking: step 100 masked due to negative reward
2025-09-26 03:47:41,466 - __main__ - WARNING - ⚠️ Episode 27 terminated due to step limit.
2025-09-26 03:47:44,868 - __main__ - WARNING - ⚠️ Episode 28 terminated due to step limit.
2025-09-26 03:47:47,745 - __main__ - DEBUG - 🎯 Eval HMM masking: step 250 masked due to negative reward
2025-09-26 03:47:48,283 - __main__ - WARNING - ⚠️ Episode 29 terminated due to step limit.
2025-09-26 03:47:50,075 - __main__ - DEBUG - 🎯 Eval HMM masking: step 150 masked due to negative reward
2025-09-26 03:47:51,693 - __main__ - WARNING - ⚠️ Episode 30 terminated due to step limit.
2025-09-26 03:47:52,948 - __main__ - DEBUG - 🎯 Eval HMM masking: step 100 masked due to negative reward
2025-09-26 03:47:55,097 - __main__ - WARNING - ⚠️ Episode 31 terminated due to step limit.
2025-09-26 03:47:55,814 - __main__ - DEBUG - 🎯 Eval HMM masking: step 50 masked due to negative reward
2025-09-26 03:47:58,497 - __main__ - WARNING - ⚠️ Episode 32 terminated due to step limit.
2025-09-26 03:48:04,077 - __main__ - WARNING - ⚠️ Episode 34 terminated due to step limit.
2025-09-26 03:48:09,510 - __main__ - WARNING - ⚠️ Episode 38 terminated due to step limit.
2025-09-26 03:48:10,765 - __main__ - DEBUG - 🎯 Eval HMM masking: step 100 masked due to negative reward
2025-09-26 03:48:12,198 - __main__ - DEBUG - 🎯 Eval HMM masking: step 100 masked due to negative reward
2025-09-26 03:48:14,343 - __main__ - WARNING - ⚠️ Episode 40 terminated due to step limit.
2025-09-26 03:48:16,140 - __main__ - DEBUG - 🎯 Eval HMM masking: step 150 masked due to negative reward
2025-09-26 03:48:17,748 - __main__ - WARNING - ⚠️ Episode 41 terminated due to step limit.
2025-09-26 03:48:22,695 - __main__ - DEBUG - 🎯 Eval HMM masking: step 250 masked due to negative reward
2025-09-26 03:48:23,227 - __main__ - WARNING - ⚠️ Episode 44 terminated due to step limit.
2025-09-26 03:48:26,635 - __main__ - WARNING - ⚠️ Episode 45 terminated due to step limit.
2025-09-26 03:48:30,030 - __main__ - WARNING - ⚠️ Episode 46 terminated due to step limit.
2025-09-26 03:48:31,827 - __main__ - DEBUG - 🎯 Eval HMM masking: step 150 masked due to negative reward
2025-09-26 03:48:35,983 - __main__ - WARNING - ⚠️ Episode 48 terminated due to step limit.
2025-09-26 03:48:39,398 - __main__ - WARNING - ⚠️ Episode 49 terminated due to step limit.
2025-09-26 03:48:42,778 - __main__ - WARNING - ⚠️ Episode 50 terminated due to step limit.
2025-09-26 03:48:42,940 - __main__ - INFO - 📊 Evaluation Results (Current Round):
2025-09-26 03:48:42,940 - __main__ - INFO -    Episodes: 50
2025-09-26 03:48:42,940 - __main__ - INFO -    Time: 137.4s (2.7s/ep)
2025-09-26 03:48:42,940 - __main__ - INFO -    Average Return: 0.053 ± 0.585
2025-09-26 03:48:42,940 - __main__ - INFO -    Success Rate: 32.0%
2025-09-26 03:48:42,940 - __main__ - INFO -    Average Length: 241.8
2025-09-26 03:48:42,940 - __main__ - INFO -    Average Coverage: 82.3 positions
2025-09-26 03:48:42,941 - __main__ - INFO -    Episode Completions: 16 terminated (32.0%), 34 truncated (68.0%)
2025-09-26 03:48:42,941 - __main__ - INFO - 📈 Total Evaluation Statistics:
2025-09-26 03:48:42,941 - __main__ - INFO -    Total Episodes: 950
2025-09-26 03:48:42,941 - __main__ - INFO -    Total Average Return: 0.026 ± 0.666
2025-09-26 03:48:42,941 - __main__ - INFO -    Total Average Length: 231.6 ± 104.6
2025-09-26 03:48:42,941 - __main__ - INFO -    Total Completions: 342 terminated (36.0%), 608 truncated (64.0%)
2025-09-26 03:48:42,942 - __main__ - INFO -    Skill Entropy: 0.001
2025-09-26 03:48:42,942 - __main__ - INFO -    Used Skills: 1.0
2025-09-26 03:48:42,942 - __main__ - INFO -    Effective K: 1.00
2025-09-26 03:48:42,942 - __main__ - INFO - 🎯 Action Usage Statistics:
2025-09-26 03:48:42,942 - __main__ - INFO -    Unique actions in evaluation: 8
2025-09-26 03:48:42,942 - __main__ - INFO -    Unique actions in training: 8
2025-09-26 03:48:42,942 - __main__ - INFO -    Total unique actions: 8
2025-09-26 03:48:42,942 - __main__ - INFO -    Action coverage: 6.6%
2025-09-26 03:48:42,942 - __main__ - INFO -    Train action count: 190464
2025-09-26 03:48:42,943 - __main__ - INFO -    Eval action count: 220030
2025-09-26 03:48:42,943 - __main__ - INFO -    Train action entropy: 1.924
2025-09-26 03:48:42,943 - __main__ - INFO -    Eval action entropy: 1.919
2025-09-26 03:48:42,944 - __main__ - INFO -    Top 3 train actions: #2(45980), #3(37069), #0(34177)
2025-09-26 03:48:42,944 - __main__ - INFO -    Top 3 eval actions: #2(55449), #3(43230), #0(39220)
2025-09-26 03:48:45,211 - __main__ - INFO - 📊 Episodes completed this rollout: 5
2025-09-26 03:48:45,211 - __main__ - INFO - 📈 Episode stats: avg return = -0.05, avg length = 247.2
2025-09-26 03:48:45,211 - __main__ - INFO - 🎯 Top 3 training actions: #2(46163), #3(37210), #0(34285)
2025-09-26 03:48:48,513 - __main__ - INFO - 📊 Episodes completed this rollout: 6
2025-09-26 03:48:48,513 - __main__ - INFO - 📈 Episode stats: avg return = 0.05, avg length = 208.3
2025-09-26 03:48:48,514 - __main__ - INFO - 🎯 Top 3 training actions: #2(46330), #3(37348), #0(34425)
2025-09-26 03:48:51,784 - __main__ - INFO - 📊 Episodes completed this rollout: 3
2025-09-26 03:48:51,784 - __main__ - INFO - 📈 Episode stats: avg return = -0.00, avg length = 283.0
2025-09-26 03:48:51,784 - __main__ - INFO - 🎯 Top 3 training actions: #2(46513), #3(37498), #0(34567)
2025-09-26 03:48:55,069 - __main__ - INFO - 📊 Episodes completed this rollout: 7
2025-09-26 03:48:55,070 - __main__ - INFO - 📈 Episode stats: avg return = 0.43, avg length = 194.3
2025-09-26 03:48:55,070 - __main__ - INFO - 🎯 Top 3 training actions: #2(46714), #3(37695), #0(34695)
2025-09-26 03:48:58,331 - __main__ - INFO - 📊 Episodes completed this rollout: 3
2025-09-26 03:48:58,331 - __main__ - INFO - 📈 Episode stats: avg return = 0.47, avg length = 232.0
2025-09-26 03:48:58,331 - __main__ - INFO - 🎯 Top 3 training actions: #2(46988), #3(37868), #0(34839)
2025-09-26 03:49:01,594 - __main__ - INFO - 📊 Episodes completed this rollout: 3
2025-09-26 03:49:01,594 - __main__ - INFO - 📈 Episode stats: avg return = 0.11, avg length = 265.0
2025-09-26 03:49:01,594 - __main__ - INFO - 🎯 Top 3 training actions: #2(47209), #3(38071), #0(35007)
2025-09-26 03:49:04,883 - __main__ - INFO - 📊 Episodes completed this rollout: 7
2025-09-26 03:49:04,883 - __main__ - INFO - 📈 Episode stats: avg return = 0.39, avg length = 204.7
2025-09-26 03:49:04,883 - __main__ - INFO - 🎯 Top 3 training actions: #2(47455), #3(38271), #0(35152)
2025-09-26 03:49:08,153 - __main__ - INFO - 📊 Episodes completed this rollout: 4
2025-09-26 03:49:08,153 - __main__ - INFO - 📈 Episode stats: avg return = 0.42, avg length = 209.0
2025-09-26 03:49:08,154 - __main__ - INFO - 🎯 Top 3 training actions: #2(47641), #3(38528), #0(35318)
2025-09-26 03:49:11,442 - __main__ - INFO - 📊 Episodes completed this rollout: 4
2025-09-26 03:49:11,442 - __main__ - INFO - 📈 Episode stats: avg return = -0.04, avg length = 266.8
2025-09-26 03:49:11,442 - __main__ - INFO - 🎯 Top 3 training actions: #2(47820), #3(38828), #0(35511)
2025-09-26 03:49:12,478 - __main__ - INFO - 🔄 Synchronized model update at step 199,680
2025-09-26 03:49:12,478 - __main__ - INFO -    HMM interval: 12,000, VAE interval: 12,000
2025-09-26 03:49:12,479 - __main__ - INFO - 🚫 Model training masking: 1488/12288 timesteps masked (12.1%) due to negative rewards (invalid actions)
2025-09-26 03:49:12,836 - __main__ - INFO - 🔄 Capping HMM batch size from 967 to 128 to prevent OOM
2025-09-26 03:49:12,837 - __main__ - INFO - 🔄 HMM refresh starting at step 199,680 with replay size 128x75
2025-09-26 03:49:17,263 - __main__ - DEBUG - Initial ELBO: 10199.9395
2025-09-26 03:49:17,266 - __main__ - DEBUG - Relative tol: 0.0100
2025-09-26 03:49:17,266 - __main__ - DEBUG - Relative elbo_drop_tol: 0.0100
2025-09-26 03:49:17,266 - __main__ - DEBUG - - Init -508.0005
2025-09-26 03:49:17,266 - __main__ - DEBUG - - Trans -4.8013
2025-09-26 03:49:17,266 - __main__ - DEBUG - - Emit 26110.9912
2025-09-26 03:49:17,266 - __main__ - DEBUG - - Entropy 0.0004
2025-09-26 03:49:17,266 - __main__ - DEBUG - - Dir -25.4529
2025-09-26 03:49:17,267 - __main__ - DEBUG - - NIW -15356.8135
2025-09-26 03:49:17,267 - __main__ - DEBUG - - Beta prior -15.9838
2025-09-26 03:49:22,035 - __main__ - DEBUG - Iter 0: ELBO after FB: 10199.9395 (LL 25598.1897, Δ=0.0000)
2025-09-26 03:49:22,036 - __main__ - DEBUG - Blending stats with ρ_niw=0.0500, ρ_tr=0.0500.
2025-09-26 03:49:22,084 - __main__ - DEBUG - Iter 0: ELBO after NIW update: 11129.5507 (Emit LL 27323.1004, NIW term -15639.3115, Δ=929.6112)
2025-09-26 03:49:22,133 - __main__ - DEBUG - Iter 0: ELBO after Dirichlet update: 11129.5772 (Trans LL -4.8062, Dir term -25.4215, Δ=0.0265)
2025-09-26 03:49:22,199 - __main__ - DEBUG - Iter 0: ELBO after β update: 11129.0926 (Init LL -508.4404, Dir term -25.4535, logp(β) -15.9966, Δ=-0.4846)
2025-09-26 03:49:27,003 - __main__ - DEBUG - Iter 1: ELBO after FB: 11129.0926 (LL 26809.8542, Δ=0.0000)
2025-09-26 03:49:27,004 - __main__ - DEBUG - Blending stats with ρ_niw=0.0500, ρ_tr=0.0500.
2025-09-26 03:49:27,052 - __main__ - DEBUG - Iter 1: ELBO after NIW update: 11129.0926 (Emit LL 27323.1004, NIW term -15639.3115, Δ=0.0000)
2025-09-26 03:49:27,100 - __main__ - DEBUG - Iter 1: ELBO after Dirichlet update: 11129.0238 (Trans LL -4.7934, Dir term -25.5350, Δ=-0.0688)
2025-09-26 03:49:27,167 - __main__ - DEBUG - Iter 1: ELBO after β update: 11128.4797 (Init LL -508.9197, Dir term -25.5963, logp(β) -16.0002, Δ=-0.5441)
2025-09-26 03:49:31,930 - __main__ - DEBUG - Iter 2: ELBO after FB: 11128.4797 (LL 26809.3877, Δ=0.0000)
2025-09-26 03:49:31,930 - __main__ - DEBUG - Blending stats with ρ_niw=0.0500, ρ_tr=0.0500.
2025-09-26 03:49:31,978 - __main__ - DEBUG - Iter 2: ELBO after NIW update: 11128.4797 (Emit LL 27323.1004, NIW term -15639.3115, Δ=0.0000)
2025-09-26 03:49:32,027 - __main__ - DEBUG - Iter 2: ELBO after Dirichlet update: 11128.2565 (Trans LL -4.7794, Dir term -25.8335, Δ=-0.2232)
2025-09-26 03:49:32,093 - __main__ - DEBUG - Iter 2: ELBO after β update: 11128.0522 (Init LL -509.0558, Dir term -25.9070, logp(β) -15.9948, Δ=-0.2042)
2025-09-26 03:49:36,879 - __main__ - DEBUG - Iter 3: ELBO after FB: 11128.0522 (LL 26809.2656, Δ=0.0000)
2025-09-26 03:49:36,880 - __main__ - DEBUG - Blending stats with ρ_niw=0.0500, ρ_tr=0.0500.
2025-09-26 03:49:36,926 - __main__ - DEBUG - Iter 3: ELBO after NIW update: 11128.0522 (Emit LL 27323.1004, NIW term -15639.3115, Δ=0.0000)
2025-09-26 03:49:36,973 - __main__ - DEBUG - Iter 3: ELBO after Dirichlet update: 11127.6869 (Trans LL -4.7758, Dir term -26.2760, Δ=-0.3653)
2025-09-26 03:49:37,035 - __main__ - DEBUG - Iter 3: ELBO after β update: 11127.6271 (Init LL -509.0578, Dir term -26.3387, logp(β) -15.9900, Δ=-0.0598)
2025-09-26 03:49:41,817 - __main__ - DEBUG - Iter 4: ELBO after FB: 11127.6271 (LL 26809.2672, Δ=0.0000)
2025-09-26 03:49:41,818 - __main__ - DEBUG - Blending stats with ρ_niw=0.0500, ρ_tr=0.0500.
2025-09-26 03:49:41,867 - __main__ - DEBUG - Iter 4: ELBO after NIW update: 11127.6271 (Emit LL 27323.1004, NIW term -15639.3115, Δ=0.0000)
2025-09-26 03:49:41,915 - __main__ - DEBUG - Iter 4: ELBO after Dirichlet update: 11127.2640 (Trans LL -4.7758, Dir term -26.7017, Δ=-0.3630)
2025-09-26 03:49:41,966 - __main__ - DEBUG - Iter 4: ELBO after β update: 11127.3488 (Init LL -508.9841, Dir term -26.6912, logp(β) -15.9895, Δ=0.0847)
2025-09-26 03:49:41,968 - __main__ - INFO -    HMM refresh complete: ELBO=130.4068, iters=0, max iters, states=40
2025-09-26 03:49:41,968 - __main__ - INFO -    ✅ HMM updated (next in 12,000 steps)
2025-09-26 03:49:41,968 - __main__ - INFO - 🔄 VAE refresh starting at step 199,680 with replay size 8x1536
2025-09-26 03:49:41,969 - __main__ - INFO -    Using span sampling (12288 timesteps, too large for full buffer)
2025-09-26 03:50:04,566 - __main__ - INFO -    VAE refresh complete: final_loss=2669.0742, avg_loss=2675.8021, steps=4/4, trend=improving, total_timesteps=12288, span_sampling=32_requested×4_steps, span_len=64
2025-09-26 03:50:04,568 - __main__ - INFO -    ✅ VAE updated (next in 12,000 steps)
2025-09-26 03:50:04,572 - __main__ - INFO - ⏱️  Training completed in 4662.52 seconds
2025-09-26 03:50:04,573 - __main__ - INFO - 💾 Saving final PPO checkpoint...
2025-09-26 03:50:04,573 - __main__ - INFO - 💾 Including RND model state in checkpoint
2025-09-26 03:50:04,573 - __main__ - INFO - 💾 Including RND optimizer state in checkpoint
2025-09-26 03:50:04,584 - __main__ - INFO - 💾 Final checkpoint saved: checkpoints/ablation_baseline_rnd_MiniHack_Room_Random_15x15_v0_20250926-023218/ppo_policy.pth
2025-09-26 03:50:04,589 - __main__ - INFO - 📊 Collected 286 training log entries
2025-09-26 03:50:04,589 - __main__ - INFO - ☁️  Uploading all model components to HuggingFace...
2025-09-26 03:50:04,771 - __main__ - INFO - 📦 Created/verified repository: CatkinChen/nethack-ppo-ablation-baseline_rnd
2025-09-26 03:50:04,771 - __main__ - INFO - 📤 Uploading PPO policy checkpoint...
2025-09-26 03:50:08,596 - __main__ - INFO - 📤 Uploading VAE model...
2025-09-26 03:50:12,499 - __main__ - INFO - ✅ VAE model uploaded successfully
2025-09-26 03:50:12,499 - __main__ - INFO - 📤 Uploading HMM model...
2025-09-26 03:50:15,834 - __main__ - INFO - ✅ HMM model uploaded successfully
2025-09-26 03:50:15,834 - __main__ - INFO - 📝 Creating model card...
2025-09-26 03:50:16,641 - __main__ - INFO - ✅ Model card uploaded successfully
2025-09-26 03:50:16,641 - __main__ - INFO - 📄 Uploading training configuration...
2025-09-26 03:50:17,358 - __main__ - INFO - ✅ Training configuration uploaded successfully
2025-09-26 03:50:17,358 - __main__ - INFO - 🎉 All model components uploaded to: https://huggingface.co/CatkinChen/nethack-ppo-ablation-baseline_rnd
2025-09-26 03:50:17,359 - __main__ - INFO - 📈 Uploading training artifacts...
2025-09-26 03:50:21,895 - __main__ - INFO - ✅ Training artifacts uploaded successfully
2025-09-26 03:50:23,182 - __main__ - INFO - 🎉 Training completed successfully!
