2025-09-28 03:29:14,257 - __main__ - INFO - ================================================================================
2025-09-28 03:29:14,258 - __main__ - INFO - Starting Online PPO Training with Pretrained Models
2025-09-28 03:29:14,258 - __main__ - INFO - Environment: MiniHack-River-Narrow-v0
2025-09-28 03:29:14,258 - __main__ - INFO - VAE Repository: None
2025-09-28 03:29:14,258 - __main__ - INFO - VAE Revision: v2.0
2025-09-28 03:29:14,258 - __main__ - INFO - HMM Repository: None
2025-09-28 03:29:14,258 - __main__ - INFO - HMM Revision: v2.0
2025-09-28 03:29:14,258 - __main__ - INFO - Total Timesteps: 195
2025-09-28 03:29:14,258 - __main__ - INFO - ================================================================================
2025-09-28 03:29:14,258 - __main__ - INFO - 🔧 Using device: cuda
2025-09-28 03:29:14,258 - __main__ - INFO - 🔄 Resume mode: Loading all models from unified repo: CatkinChen/nethack-ppo-ablation-no_hmm_curiosity_dyn_only
2025-09-28 03:29:14,258 - __main__ - INFO - 🎨 Loading VAE from unified repo...
2025-09-28 03:29:16,504 - __main__ - INFO - ✅ VAE loaded from vae_model.pth
2025-09-28 03:29:16,504 - __main__ - INFO - ✅ VAE model loaded successfully
2025-09-28 03:29:16,504 - __main__ - INFO -    - Latent dimension: 96
2025-09-28 03:29:16,504 - __main__ - INFO -    - Skills: 40
2025-09-28 03:29:16,504 - __main__ - INFO - ℹ️  No HMM model loaded (HMM integration disabled)
2025-09-28 03:29:16,504 - __main__ - INFO - 🎮 Creating environment: MiniHack-River-Narrow-v0
2025-09-28 03:29:16,504 - nle.env.base - INFO - Not saving any NLE data.
2025-09-28 03:29:16,522 - __main__ - INFO -    - Observation space: Dict('blstats': Box(-2147483648, 2147483647, (27,), int64), 'chars': Box(0, 255, (21, 79), uint8), 'chars_crop': Box(0, 255, (9, 9), uint8), 'colors': Box(0, 15, (21, 79), uint8), 'colors_crop': Box(0, 15, (9, 9), uint8), 'glyphs': Box(0, 5976, (21, 79), int16), 'glyphs_crop': Box(0, 5976, (9, 9), int16), 'message': Box(0, 255, (256,), uint8), 'specials': Box(0, 255, (21, 79), uint8), 'specials_crop': Box(0, 255, (9, 9), uint8))
2025-09-28 03:29:16,523 - __main__ - INFO -    - Action space: Discrete(8)
2025-09-28 03:29:16,523 - __main__ - INFO - 🔄 Using provided VAE config
2025-09-28 03:29:16,523 - __main__ - INFO -    - VAE prior mode set to 'standard' for online training without HMM
2025-09-28 03:29:17,474 - __main__ - INFO - 📊 W&B initialized with run name: ablation_no_hmm_curiosity_dyn_only_MiniHack_River_Narrow_v0_20250928-032914
2025-09-28 03:29:17,474 - __main__ - INFO - 🚀 Initializing PPO trainer...
2025-09-28 03:29:17,474 - nle.env.base - INFO - Not saving any NLE data.
2025-09-28 03:29:17,493 - nle.env.base - INFO - Not saving any NLE data.
2025-09-28 03:29:17,507 - nle.env.base - INFO - Not saving any NLE data.
2025-09-28 03:29:17,521 - nle.env.base - INFO - Not saving any NLE data.
2025-09-28 03:29:17,535 - nle.env.base - INFO - Not saving any NLE data.
2025-09-28 03:29:17,550 - nle.env.base - INFO - Not saving any NLE data.
2025-09-28 03:29:17,564 - nle.env.base - INFO - Not saving any NLE data.
2025-09-28 03:29:17,577 - nle.env.base - INFO - Not saving any NLE data.
2025-09-28 03:29:18,506 - __main__ - INFO - ✅ PPO trainer initialized successfully
2025-09-28 03:29:18,507 - __main__ - INFO - 🔄 Loading existing PPO checkpoint for continuation...
2025-09-28 03:29:18,507 - __main__ - INFO - 📥 Loading PPO checkpoint from HuggingFace: CatkinChen/nethack-ppo-ablation-no_hmm_curiosity_dyn_only
2025-09-28 03:29:20,144 - __main__ - INFO - ✅ PPO checkpoint loaded from HuggingFace
2025-09-28 03:29:20,145 - __main__ - INFO - ✅ Actor-critic model state restored
2025-09-28 03:29:20,145 - __main__ - INFO - ✅ Optimizer state restored
2025-09-28 03:29:20,145 - __main__ - INFO - ✅ Training resumed from step 199,680
2025-09-28 03:29:20,145 - __main__ - INFO - 🔄 Global step counter reset to 0 as requested
2025-09-28 03:29:20,146 - __main__ - INFO - ℹ️  Loaded training configuration from checkpoint
2025-09-28 03:29:20,146 - __main__ - WARNING - ⚠️  Environment changed: None → MiniHack-River-Narrow-v0
2025-09-28 03:29:20,146 - __main__ - INFO - 🎯 PPO checkpoint restoration completed successfully
2025-09-28 03:29:20,146 - __main__ - INFO - 🏋️  Starting PPO training...
2025-09-28 03:29:20,561 - __main__ - INFO - 🎮 Action Mapping Debug (step 0, timestep 0):
2025-09-28 03:29:20,562 - __main__ - INFO -    Global actions sampled: [2 2 1 1 1 3 4 4]
2025-09-28 03:29:20,562 - __main__ - INFO -    Local actions mapped:   [2 2 1 1 1 3 4 4]
2025-09-28 03:29:20,562 - __main__ - INFO -    Available env actions:  (<CompassDirection.N: 107>, <CompassDirection.E: 108>, <CompassDirection.S: 106>, <CompassDirection.W: 104>, <CompassDirection.NE: 117>, <CompassDirection.SE: 110>, <CompassDirection.SW: 98>, <CompassDirection.NW: 121>)
2025-09-28 03:29:20,562 - __main__ - INFO -    Action mapping:         ['local_0->global_0(107)', 'local_1->global_1(108)', 'local_2->global_2(106)', 'local_3->global_3(104)', 'local_4->global_4(117)', 'local_5->global_5(110)', 'local_6->global_6(98)', 'local_7->global_7(121)']
2025-09-28 03:29:20,562 - __main__ - INFO -    Valid global indices:   [0 1 2 3 4 5 6 7] (total: 8)
2025-09-28 03:29:20,563 - __main__ - INFO -    Global->Local mapping:  ['env0:g2->l2', 'env1:g2->l2', 'env2:g1->l1', 'env3:g1->l1', 'env4:g1->l1', 'env5:g3->l3', 'env6:g4->l4', 'env7:g4->l4']
2025-09-28 03:29:27,995 - __main__ - INFO - 📊 Episodes completed this rollout: 8
2025-09-28 03:29:27,996 - __main__ - INFO - 📈 Episode stats: avg return = -0.06, avg length = 350.0
2025-09-28 03:29:28,018 - __main__ - INFO - 🎯 Top 3 training actions: #2(601), #1(582), #0(578)
2025-09-28 03:29:33,577 - __main__ - INFO - 📊 Episodes completed this rollout: 2
2025-09-28 03:29:33,578 - __main__ - INFO - 📈 Episode stats: avg return = 0.98, avg length = 196.0
2025-09-28 03:29:33,578 - __main__ - INFO - 🎯 Top 3 training actions: #1(1035), #2(952), #0(940)
2025-09-28 03:29:34,654 - __main__ - INFO - 🔄 Synchronized model update at step 5,120
2025-09-28 03:29:34,654 - __main__ - INFO -    HMM interval: inf, VAE interval: 5,120
2025-09-28 03:29:34,655 - __main__ - INFO - 🚫 Model training masking: 75/5120 timesteps masked (1.5%) due to negative rewards (invalid actions)
2025-09-28 03:29:34,655 - __main__ - INFO - 🔄 VAE refresh starting at step 5,120 with replay size 8x640
2025-09-28 03:29:34,656 - __main__ - INFO -    Using span sampling (5120 timesteps, too large for full buffer)
2025-09-28 03:29:57,363 - __main__ - INFO -    VAE refresh complete: final_loss=1667.9152, avg_loss=1684.3593, steps=4/4, trend=improving, total_timesteps=5120, span_sampling=32_requested×4_steps, span_len=64
2025-09-28 03:29:57,365 - __main__ - INFO -    ✅ VAE updated (next in 6,144 steps)
2025-09-28 03:29:59,140 - __main__ - INFO - 📊 Episodes completed this rollout: 6
2025-09-28 03:29:59,140 - __main__ - INFO - 📈 Episode stats: avg return = -0.05, avg length = 350.0
2025-09-28 03:29:59,140 - __main__ - INFO - 🎯 Top 3 training actions: #1(1250), #2(1124), #0(1108)
2025-09-28 03:30:01,981 - __main__ - INFO - 📊 Episodes completed this rollout: 1
2025-09-28 03:30:01,982 - __main__ - INFO - 📈 Episode stats: avg return = -0.02, avg length = 350.0
2025-09-28 03:30:01,982 - __main__ - INFO - 🎯 Top 3 training actions: #1(1479), #2(1301), #0(1278)
2025-09-28 03:30:04,840 - __main__ - INFO - 📊 Episodes completed this rollout: 1
2025-09-28 03:30:04,841 - __main__ - INFO - 📈 Episode stats: avg return = -0.05, avg length = 350.0
2025-09-28 03:30:04,841 - __main__ - INFO - 🎯 Top 3 training actions: #1(1706), #0(1466), #2(1453)
2025-09-28 03:30:07,765 - __main__ - INFO - 📊 Episodes completed this rollout: 7
2025-09-28 03:30:07,765 - __main__ - INFO - 📈 Episode stats: avg return = 0.12, avg length = 328.1
2025-09-28 03:30:07,765 - __main__ - INFO - 🎯 Top 3 training actions: #1(1939), #0(1641), #2(1581)
2025-09-28 03:30:10,646 - __main__ - INFO - 📊 Episodes completed this rollout: 5
2025-09-28 03:30:10,646 - __main__ - INFO - 📈 Episode stats: avg return = 0.75, avg length = 170.0
2025-09-28 03:30:10,647 - __main__ - INFO - 🎯 Top 3 training actions: #1(2206), #0(1815), #2(1696)
2025-09-28 03:30:11,765 - __main__ - INFO - 🧪 Starting evaluation with 50 episodes...
2025-09-28 03:30:11,765 - __main__ - INFO -    Eval seed: 51
2025-09-28 03:30:11,765 - __main__ - INFO -    Max episode steps (eval): env default
2025-09-28 03:30:11,766 - nle.env.base - INFO - Not saving any NLE data.
2025-09-28 03:30:15,183 - __main__ - WARNING - ⚠️ Episode 1 terminated due to step limit.
2025-09-28 03:30:18,617 - __main__ - WARNING - ⚠️ Episode 2 terminated due to step limit.
2025-09-28 03:30:29,179 - __main__ - WARNING - ⚠️ Episode 7 terminated due to step limit.
2025-09-28 03:30:33,585 - __main__ - WARNING - ⚠️ Episode 10 terminated due to step limit.
2025-09-28 03:30:36,922 - __main__ - WARNING - ⚠️ Episode 11 terminated due to step limit.
2025-09-28 03:30:40,227 - __main__ - WARNING - ⚠️ Episode 12 terminated due to step limit.
2025-09-28 03:30:45,084 - __main__ - WARNING - ⚠️ Episode 14 terminated due to step limit.
2025-09-28 03:30:48,333 - __main__ - WARNING - ⚠️ Episode 15 terminated due to step limit.
2025-09-28 03:30:54,463 - __main__ - WARNING - ⚠️ Episode 19 terminated due to step limit.
2025-09-28 03:31:03,086 - __main__ - WARNING - ⚠️ Episode 23 terminated due to step limit.
2025-09-28 03:31:06,353 - __main__ - WARNING - ⚠️ Episode 24 terminated due to step limit.
2025-09-28 03:31:11,186 - __main__ - WARNING - ⚠️ Episode 27 terminated due to step limit.
2025-09-28 03:31:17,258 - __main__ - WARNING - ⚠️ Episode 30 terminated due to step limit.
2025-09-28 03:31:20,486 - __main__ - WARNING - ⚠️ Episode 31 terminated due to step limit.
2025-09-28 03:31:25,673 - __main__ - WARNING - ⚠️ Episode 33 terminated due to step limit.
2025-09-28 03:31:28,987 - __main__ - WARNING - ⚠️ Episode 34 terminated due to step limit.
2025-09-28 03:31:32,422 - __main__ - WARNING - ⚠️ Episode 35 terminated due to step limit.
2025-09-28 03:31:35,769 - __main__ - WARNING - ⚠️ Episode 36 terminated due to step limit.
2025-09-28 03:31:39,124 - __main__ - WARNING - ⚠️ Episode 37 terminated due to step limit.
2025-09-28 03:31:42,397 - __main__ - WARNING - ⚠️ Episode 38 terminated due to step limit.
2025-09-28 03:31:45,901 - __main__ - WARNING - ⚠️ Episode 40 terminated due to step limit.
2025-09-28 03:31:51,334 - __main__ - WARNING - ⚠️ Episode 43 terminated due to step limit.
2025-09-28 03:31:54,681 - __main__ - WARNING - ⚠️ Episode 44 terminated due to step limit.
2025-09-28 03:31:57,942 - __main__ - WARNING - ⚠️ Episode 45 terminated due to step limit.
2025-09-28 03:32:02,243 - __main__ - WARNING - ⚠️ Episode 47 terminated due to step limit.
2025-09-28 03:32:05,490 - __main__ - WARNING - ⚠️ Episode 48 terminated due to step limit.
2025-09-28 03:32:08,754 - __main__ - WARNING - ⚠️ Episode 49 terminated due to step limit.
2025-09-28 03:32:10,909 - __main__ - INFO - 📊 Evaluation Results (Current Round):
2025-09-28 03:32:10,909 - __main__ - INFO -    Episodes: 50
2025-09-28 03:32:10,909 - __main__ - INFO -    Time: 119.1s (2.4s/ep)
2025-09-28 03:32:10,909 - __main__ - INFO -    Average Return: 0.434 ± 0.494
2025-09-28 03:32:10,909 - __main__ - INFO -    Success Rate: 46.0%
2025-09-28 03:32:10,909 - __main__ - INFO -    Average Length: 252.8
2025-09-28 03:32:10,909 - __main__ - INFO -    Average Coverage: 38.1 positions
2025-09-28 03:32:10,910 - __main__ - INFO -    Episode Completions: 23 terminated (46.0%), 27 truncated (54.0%)
2025-09-28 03:32:10,910 - __main__ - INFO - 📈 Total Evaluation Statistics:
2025-09-28 03:32:10,910 - __main__ - INFO -    Total Episodes: 50
2025-09-28 03:32:10,910 - __main__ - INFO -    Total Average Return: 0.434 ± 0.494
2025-09-28 03:32:10,910 - __main__ - INFO -    Total Average Length: 252.8 ± 119.3
2025-09-28 03:32:10,910 - __main__ - INFO -    Total Completions: 23 terminated (46.0%), 27 truncated (54.0%)
2025-09-28 03:32:10,910 - __main__ - INFO -    Skill Entropy: 0.000
2025-09-28 03:32:10,910 - __main__ - INFO -    Used Skills: 0.0
2025-09-28 03:32:10,910 - __main__ - INFO -    Effective K: 0.00
2025-09-28 03:32:10,911 - __main__ - INFO - 🎯 Action Usage Statistics:
2025-09-28 03:32:10,911 - __main__ - INFO -    Unique actions in evaluation: 8
2025-09-28 03:32:10,911 - __main__ - INFO -    Unique actions in training: 8
2025-09-28 03:32:10,911 - __main__ - INFO -    Total unique actions: 8
2025-09-28 03:32:10,911 - __main__ - INFO -    Action coverage: 6.6%
2025-09-28 03:32:10,911 - __main__ - INFO -    Train action count: 10240
2025-09-28 03:32:10,911 - __main__ - INFO -    Eval action count: 12642
2025-09-28 03:32:10,912 - __main__ - INFO -    Train action entropy: 1.984
2025-09-28 03:32:10,912 - __main__ - INFO -    Eval action entropy: 1.902
2025-09-28 03:32:10,912 - __main__ - INFO -    Top 3 train actions: #1(2206), #0(1815), #2(1696)
2025-09-28 03:32:10,912 - __main__ - INFO -    Top 3 eval actions: #1(3823), #0(1998), #5(1663)
2025-09-28 03:32:12,738 - __main__ - INFO - 📊 Episodes completed this rollout: 4
2025-09-28 03:32:12,738 - __main__ - INFO - 📈 Episode stats: avg return = 0.22, avg length = 275.5
2025-09-28 03:32:12,739 - __main__ - INFO - 🎯 Top 3 training actions: #1(2543), #0(1956), #2(1827)
2025-09-28 03:32:13,883 - __main__ - INFO - 🔄 Synchronized model update at step 11,264
2025-09-28 03:32:13,884 - __main__ - INFO -    HMM interval: inf, VAE interval: 6,144
2025-09-28 03:32:13,884 - __main__ - INFO - 🚫 Model training masking: 24/6144 timesteps masked (0.4%) due to negative rewards (invalid actions)
2025-09-28 03:32:13,884 - __main__ - INFO - 🔄 VAE refresh starting at step 11,264 with replay size 8x768
2025-09-28 03:32:13,885 - __main__ - INFO -    Using span sampling (6144 timesteps, too large for full buffer)
2025-09-28 03:32:35,520 - __main__ - INFO -    VAE refresh complete: final_loss=1711.8759, avg_loss=1771.0830, steps=4/4, trend=improving, total_timesteps=6144, span_sampling=32_requested×4_steps, span_len=64
2025-09-28 03:32:35,522 - __main__ - INFO -    ✅ VAE updated (next in 7,372 steps)
2025-09-28 03:32:37,299 - __main__ - INFO - 📊 Episodes completed this rollout: 2
2025-09-28 03:32:37,299 - __main__ - INFO - 📈 Episode stats: avg return = -0.04, avg length = 350.0
2025-09-28 03:32:37,299 - __main__ - INFO - 🎯 Top 3 training actions: #1(2838), #0(2127), #2(1977)
2025-09-28 03:32:40,186 - __main__ - INFO - 📊 Episodes completed this rollout: 3
2025-09-28 03:32:40,186 - __main__ - INFO - 📈 Episode stats: avg return = 0.31, avg length = 322.7
2025-09-28 03:32:40,187 - __main__ - INFO - 🎯 Top 3 training actions: #1(3203), #0(2273), #2(2105)
2025-09-28 03:32:43,071 - __main__ - INFO - 📊 Episodes completed this rollout: 4
2025-09-28 03:32:43,071 - __main__ - INFO - 📈 Episode stats: avg return = 0.21, avg length = 319.0
2025-09-28 03:32:43,071 - __main__ - INFO - 🎯 Top 3 training actions: #1(3502), #0(2432), #2(2259)
2025-09-28 03:32:46,059 - __main__ - INFO - 📊 Episodes completed this rollout: 8
2025-09-28 03:32:46,060 - __main__ - INFO - 📈 Episode stats: avg return = 0.59, avg length = 195.4
2025-09-28 03:32:46,060 - __main__ - INFO - 🎯 Top 3 training actions: #1(3848), #0(2579), #2(2385)
2025-09-28 03:32:48,946 - __main__ - INFO - 📊 Episodes completed this rollout: 1
2025-09-28 03:32:48,946 - __main__ - INFO - 📈 Episode stats: avg return = 0.89, avg length = 118.0
2025-09-28 03:32:48,947 - __main__ - INFO - 🎯 Top 3 training actions: #1(4197), #0(2724), #2(2536)
2025-09-28 03:32:51,872 - __main__ - INFO - 📊 Episodes completed this rollout: 3
2025-09-28 03:32:51,872 - __main__ - INFO - 📈 Episode stats: avg return = 0.24, avg length = 316.3
2025-09-28 03:32:51,872 - __main__ - INFO - 🎯 Top 3 training actions: #1(4587), #0(2879), #2(2693)
2025-09-28 03:32:54,806 - __main__ - INFO - 📊 Episodes completed this rollout: 5
2025-09-28 03:32:54,806 - __main__ - INFO - 📈 Episode stats: avg return = 0.19, avg length = 289.4
2025-09-28 03:32:54,806 - __main__ - INFO - 🎯 Top 3 training actions: #1(4964), #0(3008), #2(2830)
2025-09-28 03:32:57,715 - __main__ - INFO - 📊 Episodes completed this rollout: 5
2025-09-28 03:32:57,715 - __main__ - INFO - 📈 Episode stats: avg return = 0.52, avg length = 212.0
2025-09-28 03:32:57,716 - __main__ - INFO - 🎯 Top 3 training actions: #1(5328), #0(3128), #2(2946)
2025-09-28 03:32:58,825 - __main__ - INFO - 🔄 Synchronized model update at step 19,456
2025-09-28 03:32:58,825 - __main__ - INFO -    HMM interval: inf, VAE interval: 7,372
2025-09-28 03:32:58,826 - __main__ - INFO - 🚫 Model training masking: 256/8192 timesteps masked (3.1%) due to negative rewards (invalid actions)
2025-09-28 03:32:58,826 - __main__ - INFO - 🔄 VAE refresh starting at step 19,456 with replay size 8x1024
2025-09-28 03:32:58,827 - __main__ - INFO -    Using span sampling (8192 timesteps, too large for full buffer)
2025-09-28 03:33:19,916 - __main__ - INFO -    VAE refresh complete: final_loss=1615.2838, avg_loss=1648.6184, steps=4/4, trend=improving, total_timesteps=8192, span_sampling=32_requested×4_steps, span_len=64
2025-09-28 03:33:19,918 - __main__ - INFO -    ✅ VAE updated (next in 8,846 steps)
2025-09-28 03:33:21,740 - __main__ - INFO - 📊 Episodes completed this rollout: 6
2025-09-28 03:33:21,741 - __main__ - INFO - 📈 Episode stats: avg return = 0.47, avg length = 216.8
2025-09-28 03:33:21,741 - __main__ - INFO - 🎯 Top 3 training actions: #1(5705), #0(3251), #2(3027)
2025-09-28 03:33:22,880 - __main__ - INFO - 🧪 Starting evaluation with 50 episodes...
2025-09-28 03:33:22,880 - __main__ - INFO -    Eval seed: 51
2025-09-28 03:33:22,880 - __main__ - INFO -    Max episode steps (eval): env default
2025-09-28 03:33:22,881 - nle.env.base - INFO - Not saving any NLE data.
2025-09-28 03:33:26,297 - __main__ - WARNING - ⚠️ Episode 1 terminated due to step limit.
2025-09-28 03:33:29,623 - __main__ - WARNING - ⚠️ Episode 2 terminated due to step limit.
2025-09-28 03:33:32,877 - __main__ - WARNING - ⚠️ Episode 3 terminated due to step limit.
2025-09-28 03:33:36,843 - __main__ - WARNING - ⚠️ Episode 5 terminated due to step limit.
2025-09-28 03:33:42,165 - __main__ - WARNING - ⚠️ Episode 8 terminated due to step limit.
2025-09-28 03:33:46,807 - __main__ - WARNING - ⚠️ Episode 11 terminated due to step limit.
2025-09-28 03:33:55,121 - __main__ - WARNING - ⚠️ Episode 14 terminated due to step limit.
2025-09-28 03:33:58,378 - __main__ - WARNING - ⚠️ Episode 15 terminated due to step limit.
2025-09-28 03:34:02,374 - __main__ - WARNING - ⚠️ Episode 17 terminated due to step limit.
2025-09-28 03:34:06,456 - __main__ - WARNING - ⚠️ Episode 19 terminated due to step limit.
2025-09-28 03:34:10,598 - __main__ - WARNING - ⚠️ Episode 21 terminated due to step limit.
2025-09-28 03:34:15,373 - __main__ - WARNING - ⚠️ Episode 23 terminated due to step limit.
2025-09-28 03:34:18,630 - __main__ - WARNING - ⚠️ Episode 24 terminated due to step limit.
2025-09-28 03:34:23,127 - __main__ - WARNING - ⚠️ Episode 27 terminated due to step limit.
2025-09-28 03:34:26,888 - __main__ - WARNING - ⚠️ Episode 30 terminated due to step limit.
2025-09-28 03:34:30,132 - __main__ - WARNING - ⚠️ Episode 31 terminated due to step limit.
2025-09-28 03:34:33,388 - __main__ - WARNING - ⚠️ Episode 32 terminated due to step limit.
2025-09-28 03:34:36,626 - __main__ - WARNING - ⚠️ Episode 33 terminated due to step limit.
2025-09-28 03:34:40,418 - __main__ - WARNING - ⚠️ Episode 35 terminated due to step limit.
2025-09-28 03:34:44,195 - __main__ - WARNING - ⚠️ Episode 37 terminated due to step limit.
2025-09-28 03:34:47,438 - __main__ - WARNING - ⚠️ Episode 38 terminated due to step limit.
2025-09-28 03:34:50,754 - __main__ - WARNING - ⚠️ Episode 39 terminated due to step limit.
2025-09-28 03:34:54,041 - __main__ - WARNING - ⚠️ Episode 40 terminated due to step limit.
2025-09-28 03:34:58,923 - __main__ - WARNING - ⚠️ Episode 42 terminated due to step limit.
2025-09-28 03:35:02,170 - __main__ - WARNING - ⚠️ Episode 43 terminated due to step limit.
2025-09-28 03:35:05,444 - __main__ - WARNING - ⚠️ Episode 44 terminated due to step limit.
2025-09-28 03:35:09,247 - __main__ - WARNING - ⚠️ Episode 46 terminated due to step limit.
2025-09-28 03:35:13,007 - __main__ - WARNING - ⚠️ Episode 48 terminated due to step limit.
2025-09-28 03:35:16,293 - __main__ - WARNING - ⚠️ Episode 49 terminated due to step limit.
2025-09-28 03:35:16,961 - __main__ - INFO - 📊 Evaluation Results (Current Round):
2025-09-28 03:35:16,961 - __main__ - INFO -    Episodes: 50
2025-09-28 03:35:16,961 - __main__ - INFO -    Time: 114.1s (2.3s/ep)
2025-09-28 03:35:16,961 - __main__ - INFO -    Average Return: 0.376 ± 0.490
2025-09-28 03:35:16,962 - __main__ - INFO -    Success Rate: 42.0%
2025-09-28 03:35:16,962 - __main__ - INFO -    Average Length: 243.2
2025-09-28 03:35:16,962 - __main__ - INFO -    Average Coverage: 32.5 positions
2025-09-28 03:35:16,962 - __main__ - INFO -    Episode Completions: 21 terminated (42.0%), 29 truncated (58.0%)
2025-09-28 03:35:16,962 - __main__ - INFO - 📈 Total Evaluation Statistics:
2025-09-28 03:35:16,962 - __main__ - INFO -    Total Episodes: 100
2025-09-28 03:35:16,962 - __main__ - INFO -    Total Average Return: 0.405 ± 0.493
2025-09-28 03:35:16,962 - __main__ - INFO -    Total Average Length: 248.0 ± 126.1
2025-09-28 03:35:16,962 - __main__ - INFO -    Total Completions: 44 terminated (44.0%), 56 truncated (56.0%)
2025-09-28 03:35:16,962 - __main__ - INFO -    Skill Entropy: 0.000
2025-09-28 03:35:16,962 - __main__ - INFO -    Used Skills: 0.0
2025-09-28 03:35:16,963 - __main__ - INFO -    Effective K: 0.00
2025-09-28 03:35:16,963 - __main__ - INFO - 🎯 Action Usage Statistics:
2025-09-28 03:35:16,963 - __main__ - INFO -    Unique actions in evaluation: 8
2025-09-28 03:35:16,963 - __main__ - INFO -    Unique actions in training: 8
2025-09-28 03:35:16,963 - __main__ - INFO -    Total unique actions: 8
2025-09-28 03:35:16,963 - __main__ - INFO -    Action coverage: 6.6%
2025-09-28 03:35:16,963 - __main__ - INFO -    Train action count: 20480
2025-09-28 03:35:16,963 - __main__ - INFO -    Eval action count: 24803
2025-09-28 03:35:16,964 - __main__ - INFO -    Train action entropy: 1.930
2025-09-28 03:35:16,964 - __main__ - INFO -    Eval action entropy: 1.862
2025-09-28 03:35:16,964 - __main__ - INFO -    Top 3 train actions: #1(5705), #0(3251), #2(3027)
2025-09-28 03:35:16,964 - __main__ - INFO -    Top 3 eval actions: #1(7883), #5(3728), #3(3421)
2025-09-28 03:35:18,749 - __main__ - INFO - 📊 Episodes completed this rollout: 1
2025-09-28 03:35:18,750 - __main__ - INFO - 📈 Episode stats: avg return = -0.03, avg length = 350.0
2025-09-28 03:35:18,750 - __main__ - INFO - 🎯 Top 3 training actions: #1(6072), #0(3360), #2(3091)
2025-09-28 03:35:21,693 - __main__ - INFO - 📊 Episodes completed this rollout: 6
2025-09-28 03:35:21,693 - __main__ - INFO - 📈 Episode stats: avg return = 0.45, avg length = 250.0
2025-09-28 03:35:21,694 - __main__ - INFO - 🎯 Top 3 training actions: #1(6402), #0(3502), #2(3153)
2025-09-28 03:35:24,623 - __main__ - INFO - 📊 Episodes completed this rollout: 5
2025-09-28 03:35:24,624 - __main__ - INFO - 📈 Episode stats: avg return = 0.37, avg length = 227.0
2025-09-28 03:35:24,624 - __main__ - INFO - 🎯 Top 3 training actions: #1(6707), #0(3633), #2(3258)
2025-09-28 03:35:27,502 - __main__ - INFO - 📊 Episodes completed this rollout: 3
2025-09-28 03:35:27,502 - __main__ - INFO - 📈 Episode stats: avg return = 0.96, avg length = 71.7
2025-09-28 03:35:27,502 - __main__ - INFO - 🎯 Top 3 training actions: #1(6986), #0(3788), #2(3336)
2025-09-28 03:35:30,445 - __main__ - INFO - 📊 Episodes completed this rollout: 7
2025-09-28 03:35:30,446 - __main__ - INFO - 📈 Episode stats: avg return = 0.25, avg length = 271.6
2025-09-28 03:35:30,446 - __main__ - INFO - 🎯 Top 3 training actions: #1(7270), #0(3923), #2(3451)
2025-09-28 03:35:33,376 - __main__ - INFO - 📊 Episodes completed this rollout: 4
2025-09-28 03:35:33,376 - __main__ - INFO - 📈 Episode stats: avg return = 0.48, avg length = 215.5
2025-09-28 03:35:33,377 - __main__ - INFO - 🎯 Top 3 training actions: #1(7537), #0(4057), #2(3574)
2025-09-28 03:35:36,301 - __main__ - INFO - 📊 Episodes completed this rollout: 3
2025-09-28 03:35:36,301 - __main__ - INFO - 📈 Episode stats: avg return = 0.61, avg length = 165.3
2025-09-28 03:35:36,301 - __main__ - INFO - 🎯 Top 3 training actions: #1(7859), #0(4174), #2(3648)
2025-09-28 03:35:39,264 - __main__ - INFO - 📊 Episodes completed this rollout: 8
2025-09-28 03:35:39,264 - __main__ - INFO - 📈 Episode stats: avg return = 0.46, avg length = 209.5
2025-09-28 03:35:39,264 - __main__ - INFO - 🎯 Top 3 training actions: #1(8241), #0(4260), #2(3711)
2025-09-28 03:35:40,374 - __main__ - INFO - 🔄 Synchronized model update at step 28,672
2025-09-28 03:35:40,375 - __main__ - INFO -    HMM interval: inf, VAE interval: 8,846
2025-09-28 03:35:40,375 - __main__ - INFO - 🚫 Model training masking: 279/9216 timesteps masked (3.0%) due to negative rewards (invalid actions)
2025-09-28 03:35:40,375 - __main__ - INFO - 🔄 VAE refresh starting at step 28,672 with replay size 8x1152
2025-09-28 03:35:40,376 - __main__ - INFO -    Using span sampling (9216 timesteps, too large for full buffer)
2025-09-28 03:36:01,481 - __main__ - INFO -    VAE refresh complete: final_loss=1611.5430, avg_loss=1643.1205, steps=4/4, trend=improving, total_timesteps=9216, span_sampling=32_requested×4_steps, span_len=64
2025-09-28 03:36:01,484 - __main__ - INFO -    ✅ VAE updated (next in 10,615 steps)
2025-09-28 03:36:03,297 - __main__ - INFO - 📊 Episodes completed this rollout: 6
2025-09-28 03:36:03,298 - __main__ - INFO - 📈 Episode stats: avg return = 0.61, avg length = 163.7
2025-09-28 03:36:03,298 - __main__ - INFO - 🎯 Top 3 training actions: #1(8602), #0(4356), #2(3800)
2025-09-28 03:36:06,180 - __main__ - INFO - 📊 Episodes completed this rollout: 6
2025-09-28 03:36:06,180 - __main__ - INFO - 📈 Episode stats: avg return = 0.43, avg length = 223.0
2025-09-28 03:36:06,180 - __main__ - INFO - 🎯 Top 3 training actions: #1(8946), #0(4437), #3(3893)
2025-09-28 03:36:07,266 - __main__ - INFO - 🧪 Starting evaluation with 50 episodes...
2025-09-28 03:36:07,266 - __main__ - INFO -    Eval seed: 51
2025-09-28 03:36:07,266 - __main__ - INFO -    Max episode steps (eval): env default
2025-09-28 03:36:07,267 - nle.env.base - INFO - Not saving any NLE data.
2025-09-28 03:36:11,384 - __main__ - WARNING - ⚠️ Episode 2 terminated due to step limit.
2025-09-28 03:36:14,950 - __main__ - WARNING - ⚠️ Episode 4 terminated due to step limit.
2025-09-28 03:36:18,252 - __main__ - WARNING - ⚠️ Episode 5 terminated due to step limit.
2025-09-28 03:36:21,580 - __main__ - WARNING - ⚠️ Episode 6 terminated due to step limit.
2025-09-28 03:36:24,905 - __main__ - WARNING - ⚠️ Episode 7 terminated due to step limit.
2025-09-28 03:36:28,195 - __main__ - WARNING - ⚠️ Episode 8 terminated due to step limit.
2025-09-28 03:36:34,757 - __main__ - WARNING - ⚠️ Episode 14 terminated due to step limit.
2025-09-28 03:36:38,817 - __main__ - WARNING - ⚠️ Episode 16 terminated due to step limit.
2025-09-28 03:36:42,072 - __main__ - WARNING - ⚠️ Episode 17 terminated due to step limit.
2025-09-28 03:36:45,344 - __main__ - WARNING - ⚠️ Episode 18 terminated due to step limit.
2025-09-28 03:36:48,638 - __main__ - WARNING - ⚠️ Episode 19 terminated due to step limit.
2025-09-28 03:36:51,913 - __main__ - WARNING - ⚠️ Episode 20 terminated due to step limit.
2025-09-28 03:36:56,930 - __main__ - WARNING - ⚠️ Episode 24 terminated due to step limit.
2025-09-28 03:37:02,528 - __main__ - WARNING - ⚠️ Episode 27 terminated due to step limit.
2025-09-28 03:37:05,829 - __main__ - WARNING - ⚠️ Episode 28 terminated due to step limit.
2025-09-28 03:37:09,696 - __main__ - WARNING - ⚠️ Episode 30 terminated due to step limit.
2025-09-28 03:37:12,977 - __main__ - WARNING - ⚠️ Episode 31 terminated due to step limit.
2025-09-28 03:37:16,276 - __main__ - WARNING - ⚠️ Episode 32 terminated due to step limit.
2025-09-28 03:37:20,105 - __main__ - WARNING - ⚠️ Episode 34 terminated due to step limit.
2025-09-28 03:37:23,363 - __main__ - WARNING - ⚠️ Episode 35 terminated due to step limit.
2025-09-28 03:37:27,353 - __main__ - WARNING - ⚠️ Episode 37 terminated due to step limit.
2025-09-28 03:37:31,965 - __main__ - WARNING - ⚠️ Episode 41 terminated due to step limit.
2025-09-28 03:37:35,251 - __main__ - WARNING - ⚠️ Episode 42 terminated due to step limit.
2025-09-28 03:37:38,529 - __main__ - WARNING - ⚠️ Episode 43 terminated due to step limit.
2025-09-28 03:37:41,785 - __main__ - WARNING - ⚠️ Episode 44 terminated due to step limit.
2025-09-28 03:37:45,039 - __main__ - WARNING - ⚠️ Episode 45 terminated due to step limit.
2025-09-28 03:37:49,170 - __main__ - WARNING - ⚠️ Episode 47 terminated due to step limit.
2025-09-28 03:37:53,321 - __main__ - WARNING - ⚠️ Episode 49 terminated due to step limit.
2025-09-28 03:37:56,613 - __main__ - WARNING - ⚠️ Episode 50 terminated due to step limit.
2025-09-28 03:37:56,616 - __main__ - INFO - 📊 Evaluation Results (Current Round):
2025-09-28 03:37:56,616 - __main__ - INFO -    Episodes: 50
2025-09-28 03:37:56,616 - __main__ - INFO -    Time: 109.3s (2.2s/ep)
2025-09-28 03:37:56,616 - __main__ - INFO -    Average Return: 0.390 ± 0.490
2025-09-28 03:37:56,616 - __main__ - INFO -    Success Rate: 42.0%
2025-09-28 03:37:56,616 - __main__ - INFO -    Average Length: 232.8
2025-09-28 03:37:56,616 - __main__ - INFO -    Average Coverage: 30.1 positions
2025-09-28 03:37:56,616 - __main__ - INFO -    Episode Completions: 21 terminated (42.0%), 29 truncated (58.0%)
2025-09-28 03:37:56,617 - __main__ - INFO - 📈 Total Evaluation Statistics:
2025-09-28 03:37:56,617 - __main__ - INFO -    Total Episodes: 150
2025-09-28 03:37:56,617 - __main__ - INFO -    Total Average Return: 0.400 ± 0.492
2025-09-28 03:37:56,617 - __main__ - INFO -    Total Average Length: 243.0 ± 130.8
2025-09-28 03:37:56,617 - __main__ - INFO -    Total Completions: 65 terminated (43.3%), 85 truncated (56.7%)
2025-09-28 03:37:56,617 - __main__ - INFO -    Skill Entropy: 0.000
2025-09-28 03:37:56,617 - __main__ - INFO -    Used Skills: 0.0
2025-09-28 03:37:56,617 - __main__ - INFO -    Effective K: 0.00
2025-09-28 03:37:56,617 - __main__ - INFO - 🎯 Action Usage Statistics:
2025-09-28 03:37:56,617 - __main__ - INFO -    Unique actions in evaluation: 8
2025-09-28 03:37:56,617 - __main__ - INFO -    Unique actions in training: 8
2025-09-28 03:37:56,618 - __main__ - INFO -    Total unique actions: 8
2025-09-28 03:37:56,618 - __main__ - INFO -    Action coverage: 6.6%
2025-09-28 03:37:56,618 - __main__ - INFO -    Train action count: 30720
2025-09-28 03:37:56,618 - __main__ - INFO -    Eval action count: 36445
2025-09-28 03:37:56,618 - __main__ - INFO -    Train action entropy: 1.913
2025-09-28 03:37:56,618 - __main__ - INFO -    Eval action entropy: 1.839
2025-09-28 03:37:56,619 - __main__ - INFO -    Top 3 train actions: #1(8946), #0(4437), #3(3893)
2025-09-28 03:37:56,619 - __main__ - INFO -    Top 3 eval actions: #1(12152), #5(5538), #3(4778)
2025-09-28 03:37:58,462 - __main__ - INFO - 📊 Episodes completed this rollout: 6
2025-09-28 03:37:58,462 - __main__ - INFO - 📈 Episode stats: avg return = 0.76, avg length = 117.7
2025-09-28 03:37:58,463 - __main__ - INFO - 🎯 Top 3 training actions: #1(9353), #0(4515), #3(4009)
2025-09-28 03:38:01,396 - __main__ - INFO - 📊 Episodes completed this rollout: 5
2025-09-28 03:38:01,397 - __main__ - INFO - 📈 Episode stats: avg return = 0.57, avg length = 165.2
2025-09-28 03:38:01,397 - __main__ - INFO - 🎯 Top 3 training actions: #1(9756), #0(4604), #3(4113)
2025-09-28 03:38:04,300 - __main__ - INFO - 📊 Episodes completed this rollout: 3
2025-09-28 03:38:04,301 - __main__ - INFO - 📈 Episode stats: avg return = 0.57, avg length = 159.0
2025-09-28 03:38:04,301 - __main__ - INFO - 🎯 Top 3 training actions: #1(10113), #0(4727), #3(4210)
2025-09-28 03:38:07,255 - __main__ - INFO - 📊 Episodes completed this rollout: 5
2025-09-28 03:38:07,255 - __main__ - INFO - 📈 Episode stats: avg return = 0.17, avg length = 292.8
2025-09-28 03:38:07,255 - __main__ - INFO - 🎯 Top 3 training actions: #1(10481), #0(4845), #5(4339)
2025-09-28 03:38:10,225 - __main__ - INFO - 📊 Episodes completed this rollout: 5
2025-09-28 03:38:10,225 - __main__ - INFO - 📈 Episode stats: avg return = 0.53, avg length = 200.4
2025-09-28 03:38:10,225 - __main__ - INFO - 🎯 Top 3 training actions: #1(10811), #0(4986), #5(4458)
2025-09-28 03:38:13,183 - __main__ - INFO - 📊 Episodes completed this rollout: 4
2025-09-28 03:38:13,183 - __main__ - INFO - 📈 Episode stats: avg return = 0.22, avg length = 278.5
2025-09-28 03:38:13,184 - __main__ - INFO - 🎯 Top 3 training actions: #1(11118), #0(5137), #5(4603)
2025-09-28 03:38:16,153 - __main__ - INFO - 📊 Episodes completed this rollout: 2
2025-09-28 03:38:16,153 - __main__ - INFO - 📈 Episode stats: avg return = -0.03, avg length = 350.0
2025-09-28 03:38:16,154 - __main__ - INFO - 🎯 Top 3 training actions: #1(11418), #0(5273), #5(4769)
2025-09-28 03:38:19,151 - __main__ - INFO - 📊 Episodes completed this rollout: 6
2025-09-28 03:38:19,151 - __main__ - INFO - 📈 Episode stats: avg return = 0.26, avg length = 252.5
2025-09-28 03:38:19,151 - __main__ - INFO - 🎯 Top 3 training actions: #1(11765), #0(5428), #5(4953)
2025-09-28 03:38:22,104 - __main__ - INFO - 📊 Episodes completed this rollout: 4
2025-09-28 03:38:22,105 - __main__ - INFO - 📈 Episode stats: avg return = 0.46, avg length = 219.2
2025-09-28 03:38:22,105 - __main__ - INFO - 🎯 Top 3 training actions: #1(12063), #0(5557), #5(5176)
2025-09-28 03:38:23,218 - __main__ - INFO - 🔄 Synchronized model update at step 39,936
2025-09-28 03:38:23,219 - __main__ - INFO -    HMM interval: inf, VAE interval: 10,615
2025-09-28 03:38:23,219 - __main__ - INFO - 🚫 Model training masking: 418/11264 timesteps masked (3.7%) due to negative rewards (invalid actions)
2025-09-28 03:38:23,219 - __main__ - INFO - 🔄 VAE refresh starting at step 39,936 with replay size 8x1408
2025-09-28 03:38:23,220 - __main__ - INFO -    Using span sampling (11264 timesteps, too large for full buffer)
2025-09-28 03:38:44,018 - __main__ - INFO -    VAE refresh complete: final_loss=1619.8076, avg_loss=1627.9081, steps=4/4, trend=improving, total_timesteps=11264, span_sampling=32_requested×4_steps, span_len=64
2025-09-28 03:38:44,020 - __main__ - INFO -    ✅ VAE updated (next in 12,000 steps)
2025-09-28 03:38:45,845 - __main__ - INFO - 📊 Episodes completed this rollout: 2
2025-09-28 03:38:45,846 - __main__ - INFO - 📈 Episode stats: avg return = 0.36, avg length = 218.0
2025-09-28 03:38:45,846 - __main__ - INFO - 🎯 Top 3 training actions: #1(12334), #0(5675), #5(5359)
2025-09-28 03:38:46,968 - __main__ - INFO - 🧪 Starting evaluation with 50 episodes...
2025-09-28 03:38:46,968 - __main__ - INFO -    Eval seed: 51
2025-09-28 03:38:46,968 - __main__ - INFO -    Max episode steps (eval): env default
2025-09-28 03:38:46,969 - nle.env.base - INFO - Not saving any NLE data.
2025-09-28 03:38:50,282 - __main__ - WARNING - ⚠️ Episode 1 terminated due to step limit.
2025-09-28 03:38:54,238 - __main__ - WARNING - ⚠️ Episode 3 terminated due to step limit.
2025-09-28 03:38:59,180 - __main__ - WARNING - ⚠️ Episode 5 terminated due to step limit.
2025-09-28 03:39:04,292 - __main__ - WARNING - ⚠️ Episode 7 terminated due to step limit.
2025-09-28 03:39:08,629 - __main__ - WARNING - ⚠️ Episode 9 terminated due to step limit.
2025-09-28 03:39:12,404 - __main__ - WARNING - ⚠️ Episode 11 terminated due to step limit.
2025-09-28 03:39:16,139 - __main__ - WARNING - ⚠️ Episode 13 terminated due to step limit.
2025-09-28 03:39:19,443 - __main__ - WARNING - ⚠️ Episode 14 terminated due to step limit.
2025-09-28 03:39:23,212 - __main__ - WARNING - ⚠️ Episode 16 terminated due to step limit.
2025-09-28 03:39:26,521 - __main__ - WARNING - ⚠️ Episode 17 terminated due to step limit.
2025-09-28 03:39:30,169 - __main__ - WARNING - ⚠️ Episode 19 terminated due to step limit.
2025-09-28 03:39:33,505 - __main__ - WARNING - ⚠️ Episode 20 terminated due to step limit.
2025-09-28 03:39:38,036 - __main__ - WARNING - ⚠️ Episode 23 terminated due to step limit.
2025-09-28 03:39:41,344 - __main__ - WARNING - ⚠️ Episode 24 terminated due to step limit.
2025-09-28 03:39:44,630 - __main__ - WARNING - ⚠️ Episode 25 terminated due to step limit.
2025-09-28 03:39:49,123 - __main__ - WARNING - ⚠️ Episode 27 terminated due to step limit.
2025-09-28 03:39:52,416 - __main__ - WARNING - ⚠️ Episode 28 terminated due to step limit.
2025-09-28 03:39:55,697 - __main__ - WARNING - ⚠️ Episode 29 terminated due to step limit.
2025-09-28 03:39:58,979 - __main__ - WARNING - ⚠️ Episode 30 terminated due to step limit.
2025-09-28 03:40:02,915 - __main__ - WARNING - ⚠️ Episode 32 terminated due to step limit.
2025-09-28 03:40:08,096 - __main__ - WARNING - ⚠️ Episode 36 terminated due to step limit.
2025-09-28 03:40:11,380 - __main__ - WARNING - ⚠️ Episode 37 terminated due to step limit.
2025-09-28 03:40:15,713 - __main__ - WARNING - ⚠️ Episode 39 terminated due to step limit.
2025-09-28 03:40:19,032 - __main__ - WARNING - ⚠️ Episode 40 terminated due to step limit.
2025-09-28 03:40:22,710 - __main__ - WARNING - ⚠️ Episode 42 terminated due to step limit.
2025-09-28 03:40:25,996 - __main__ - WARNING - ⚠️ Episode 43 terminated due to step limit.
2025-09-28 03:40:30,010 - __main__ - WARNING - ⚠️ Episode 45 terminated due to step limit.
2025-09-28 03:40:33,347 - __main__ - WARNING - ⚠️ Episode 46 terminated due to step limit.
2025-09-28 03:40:37,034 - __main__ - WARNING - ⚠️ Episode 48 terminated due to step limit.
2025-09-28 03:40:40,339 - __main__ - WARNING - ⚠️ Episode 49 terminated due to step limit.
2025-09-28 03:40:43,623 - __main__ - WARNING - ⚠️ Episode 50 terminated due to step limit.
2025-09-28 03:40:43,626 - __main__ - INFO - 📊 Evaluation Results (Current Round):
2025-09-28 03:40:43,626 - __main__ - INFO -    Episodes: 50
2025-09-28 03:40:43,626 - __main__ - INFO -    Time: 116.7s (2.3s/ep)
2025-09-28 03:40:43,626 - __main__ - INFO -    Average Return: 0.313 ± 0.454
2025-09-28 03:40:43,626 - __main__ - INFO -    Success Rate: 38.0%
2025-09-28 03:40:43,626 - __main__ - INFO -    Average Length: 247.2
2025-09-28 03:40:43,627 - __main__ - INFO -    Average Coverage: 30.1 positions
2025-09-28 03:40:43,627 - __main__ - INFO -    Episode Completions: 19 terminated (38.0%), 31 truncated (62.0%)
2025-09-28 03:40:43,627 - __main__ - INFO - 📈 Total Evaluation Statistics:
2025-09-28 03:40:43,627 - __main__ - INFO -    Total Episodes: 200
2025-09-28 03:40:43,627 - __main__ - INFO -    Total Average Return: 0.378 ± 0.484
2025-09-28 03:40:43,627 - __main__ - INFO -    Total Average Length: 244.0 ± 131.6
2025-09-28 03:40:43,627 - __main__ - INFO -    Total Completions: 84 terminated (42.0%), 116 truncated (58.0%)
2025-09-28 03:40:43,627 - __main__ - INFO -    Skill Entropy: 0.000
2025-09-28 03:40:43,627 - __main__ - INFO -    Used Skills: 0.0
2025-09-28 03:40:43,627 - __main__ - INFO -    Effective K: 0.00
2025-09-28 03:40:43,627 - __main__ - INFO - 🎯 Action Usage Statistics:
2025-09-28 03:40:43,628 - __main__ - INFO -    Unique actions in evaluation: 8
2025-09-28 03:40:43,628 - __main__ - INFO -    Unique actions in training: 8
2025-09-28 03:40:43,628 - __main__ - INFO -    Total unique actions: 8
2025-09-28 03:40:43,628 - __main__ - INFO -    Action coverage: 6.6%
2025-09-28 03:40:43,628 - __main__ - INFO -    Train action count: 40960
2025-09-28 03:40:43,628 - __main__ - INFO -    Eval action count: 48806
2025-09-28 03:40:43,628 - __main__ - INFO -    Train action entropy: 1.894
2025-09-28 03:40:43,629 - __main__ - INFO -    Eval action entropy: 1.861
2025-09-28 03:40:43,629 - __main__ - INFO -    Top 3 train actions: #1(12334), #0(5675), #5(5359)
2025-09-28 03:40:43,629 - __main__ - INFO -    Top 3 eval actions: #1(15424), #5(7548), #4(6747)
2025-09-28 03:40:45,503 - __main__ - INFO - 📊 Episodes completed this rollout: 5
2025-09-28 03:40:45,503 - __main__ - INFO - 📈 Episode stats: avg return = -0.05, avg length = 350.0
2025-09-28 03:40:45,503 - __main__ - INFO - 🎯 Top 3 training actions: #1(12628), #0(5772), #5(5493)
2025-09-28 03:40:48,411 - __main__ - INFO - 📊 Episodes completed this rollout: 3
2025-09-28 03:40:48,412 - __main__ - INFO - 📈 Episode stats: avg return = 0.25, avg length = 262.7
2025-09-28 03:40:48,412 - __main__ - INFO - 🎯 Top 3 training actions: #1(12914), #0(5880), #5(5633)
2025-09-28 03:40:51,342 - __main__ - INFO - 📊 Episodes completed this rollout: 4
2025-09-28 03:40:51,342 - __main__ - INFO - 📈 Episode stats: avg return = 0.19, avg length = 289.8
2025-09-28 03:40:51,343 - __main__ - INFO - 🎯 Top 3 training actions: #1(13188), #0(5993), #5(5778)
2025-09-28 03:40:54,267 - __main__ - INFO - 📊 Episodes completed this rollout: 4
2025-09-28 03:40:54,267 - __main__ - INFO - 📈 Episode stats: avg return = 0.45, avg length = 207.5
2025-09-28 03:40:54,268 - __main__ - INFO - 🎯 Top 3 training actions: #1(13450), #0(6113), #5(5904)
2025-09-28 03:40:57,242 - __main__ - INFO - 📊 Episodes completed this rollout: 7
2025-09-28 03:40:57,243 - __main__ - INFO - 📈 Episode stats: avg return = 0.53, avg length = 186.9
2025-09-28 03:40:57,243 - __main__ - INFO - 🎯 Top 3 training actions: #1(13694), #0(6246), #4(6061)
2025-09-28 03:41:00,134 - __main__ - INFO - 📊 Episodes completed this rollout: 4
2025-09-28 03:41:00,134 - __main__ - INFO - 📈 Episode stats: avg return = 0.45, avg length = 230.5
2025-09-28 03:41:00,134 - __main__ - INFO - 🎯 Top 3 training actions: #1(13974), #0(6395), #5(6219)
2025-09-28 03:41:03,029 - __main__ - INFO - 📊 Episodes completed this rollout: 3
2025-09-28 03:41:03,029 - __main__ - INFO - 📈 Episode stats: avg return = 0.30, avg length = 258.3
2025-09-28 03:41:03,029 - __main__ - INFO - 🎯 Top 3 training actions: #1(14281), #0(6532), #5(6389)
2025-09-28 03:41:05,929 - __main__ - INFO - 📊 Episodes completed this rollout: 5
2025-09-28 03:41:05,929 - __main__ - INFO - 📈 Episode stats: avg return = 0.53, avg length = 235.6
2025-09-28 03:41:05,930 - __main__ - INFO - 🎯 Top 3 training actions: #1(14658), #0(6631), #4(6536)
2025-09-28 03:41:08,874 - __main__ - INFO - 📊 Episodes completed this rollout: 4
2025-09-28 03:41:08,875 - __main__ - INFO - 📈 Episode stats: avg return = 0.45, avg length = 203.0
2025-09-28 03:41:08,875 - __main__ - INFO - 🎯 Top 3 training actions: #1(15009), #0(6738), #4(6702)
2025-09-28 03:41:09,974 - __main__ - INFO - 🧪 Starting evaluation with 50 episodes...
2025-09-28 03:41:09,974 - __main__ - INFO -    Eval seed: 51
2025-09-28 03:41:09,974 - __main__ - INFO -    Max episode steps (eval): env default
2025-09-28 03:41:09,975 - nle.env.base - INFO - Not saving any NLE data.
2025-09-28 03:41:13,394 - __main__ - WARNING - ⚠️ Episode 1 terminated due to step limit.
2025-09-28 03:41:16,771 - __main__ - WARNING - ⚠️ Episode 2 terminated due to step limit.
2025-09-28 03:41:20,120 - __main__ - WARNING - ⚠️ Episode 3 terminated due to step limit.
2025-09-28 03:41:24,994 - __main__ - WARNING - ⚠️ Episode 6 terminated due to step limit.
2025-09-28 03:41:29,538 - __main__ - WARNING - ⚠️ Episode 9 terminated due to step limit.
2025-09-28 03:41:34,639 - __main__ - WARNING - ⚠️ Episode 13 terminated due to step limit.
2025-09-28 03:41:37,911 - __main__ - WARNING - ⚠️ Episode 14 terminated due to step limit.
2025-09-28 03:41:41,237 - __main__ - WARNING - ⚠️ Episode 15 terminated due to step limit.
2025-09-28 03:41:44,532 - __main__ - WARNING - ⚠️ Episode 16 terminated due to step limit.
2025-09-28 03:41:47,815 - __main__ - WARNING - ⚠️ Episode 17 terminated due to step limit.
2025-09-28 03:41:54,131 - __main__ - WARNING - ⚠️ Episode 19 terminated due to step limit.
2025-09-28 03:41:57,400 - __main__ - WARNING - ⚠️ Episode 20 terminated due to step limit.
2025-09-28 03:42:02,909 - __main__ - WARNING - ⚠️ Episode 23 terminated due to step limit.
2025-09-28 03:42:08,273 - __main__ - WARNING - ⚠️ Episode 27 terminated due to step limit.
2025-09-28 03:42:11,669 - __main__ - WARNING - ⚠️ Episode 28 terminated due to step limit.
2025-09-28 03:42:14,961 - __main__ - WARNING - ⚠️ Episode 29 terminated due to step limit.
2025-09-28 03:42:18,266 - __main__ - WARNING - ⚠️ Episode 30 terminated due to step limit.
2025-09-28 03:42:21,954 - __main__ - WARNING - ⚠️ Episode 32 terminated due to step limit.
2025-09-28 03:42:25,491 - __main__ - WARNING - ⚠️ Episode 34 terminated due to step limit.
2025-09-28 03:42:28,776 - __main__ - WARNING - ⚠️ Episode 35 terminated due to step limit.
2025-09-28 03:42:32,049 - __main__ - WARNING - ⚠️ Episode 36 terminated due to step limit.
2025-09-28 03:42:36,699 - __main__ - WARNING - ⚠️ Episode 39 terminated due to step limit.
2025-09-28 03:42:41,969 - __main__ - WARNING - ⚠️ Episode 42 terminated due to step limit.
2025-09-28 03:42:46,332 - __main__ - WARNING - ⚠️ Episode 44 terminated due to step limit.
2025-09-28 03:42:49,651 - __main__ - WARNING - ⚠️ Episode 45 terminated due to step limit.
2025-09-28 03:42:53,038 - __main__ - WARNING - ⚠️ Episode 46 terminated due to step limit.
2025-09-28 03:42:56,401 - __main__ - WARNING - ⚠️ Episode 47 terminated due to step limit.
2025-09-28 03:43:02,823 - __main__ - WARNING - ⚠️ Episode 49 terminated due to step limit.
2025-09-28 03:43:03,397 - __main__ - INFO - 📊 Evaluation Results (Current Round):
2025-09-28 03:43:03,397 - __main__ - INFO -    Episodes: 50
2025-09-28 03:43:03,397 - __main__ - INFO -    Time: 113.4s (2.3s/ep)
2025-09-28 03:43:03,398 - __main__ - INFO -    Average Return: 0.415 ± 0.487
2025-09-28 03:43:03,398 - __main__ - INFO -    Success Rate: 44.0%
2025-09-28 03:43:03,398 - __main__ - INFO -    Average Length: 239.3
2025-09-28 03:43:03,398 - __main__ - INFO -    Average Coverage: 29.4 positions
2025-09-28 03:43:03,398 - __main__ - INFO -    Episode Completions: 22 terminated (44.0%), 28 truncated (56.0%)
2025-09-28 03:43:03,398 - __main__ - INFO - 📈 Total Evaluation Statistics:
2025-09-28 03:43:03,398 - __main__ - INFO -    Total Episodes: 250
2025-09-28 03:43:03,398 - __main__ - INFO -    Total Average Return: 0.386 ± 0.485
2025-09-28 03:43:03,398 - __main__ - INFO -    Total Average Length: 243.1 ± 132.4
2025-09-28 03:43:03,398 - __main__ - INFO -    Total Completions: 106 terminated (42.4%), 144 truncated (57.6%)
2025-09-28 03:43:03,399 - __main__ - INFO -    Skill Entropy: 0.000
2025-09-28 03:43:03,399 - __main__ - INFO -    Used Skills: 0.0
2025-09-28 03:43:03,399 - __main__ - INFO -    Effective K: 0.00
2025-09-28 03:43:03,399 - __main__ - INFO - 🎯 Action Usage Statistics:
2025-09-28 03:43:03,399 - __main__ - INFO -    Unique actions in evaluation: 8
2025-09-28 03:43:03,399 - __main__ - INFO -    Unique actions in training: 8
2025-09-28 03:43:03,399 - __main__ - INFO -    Total unique actions: 8
2025-09-28 03:43:03,399 - __main__ - INFO -    Action coverage: 6.6%
2025-09-28 03:43:03,399 - __main__ - INFO -    Train action count: 50176
2025-09-28 03:43:03,399 - __main__ - INFO -    Eval action count: 60771
2025-09-28 03:43:03,400 - __main__ - INFO -    Train action entropy: 1.890
2025-09-28 03:43:03,400 - __main__ - INFO -    Eval action entropy: 1.849
2025-09-28 03:43:03,400 - __main__ - INFO -    Top 3 train actions: #1(15009), #0(6738), #4(6702)
2025-09-28 03:43:03,401 - __main__ - INFO -    Top 3 eval actions: #1(19658), #5(8967), #4(8450)
2025-09-28 03:43:05,260 - __main__ - INFO - 📊 Episodes completed this rollout: 5
2025-09-28 03:43:05,260 - __main__ - INFO - 📈 Episode stats: avg return = 0.35, avg length = 241.8
2025-09-28 03:43:05,261 - __main__ - INFO - 🎯 Top 3 training actions: #1(15386), #4(6863), #0(6841)
2025-09-28 03:43:08,213 - __main__ - INFO - 📊 Episodes completed this rollout: 5
2025-09-28 03:43:08,213 - __main__ - INFO - 📈 Episode stats: avg return = 0.13, avg length = 291.2
2025-09-28 03:43:08,214 - __main__ - INFO - 🎯 Top 3 training actions: #1(15733), #4(7035), #0(6949)
2025-09-28 03:43:09,325 - __main__ - INFO - 🔄 Synchronized model update at step 52,224
2025-09-28 03:43:09,325 - __main__ - INFO -    HMM interval: inf, VAE interval: 12,000
2025-09-28 03:43:09,326 - __main__ - INFO - 🚫 Model training masking: 360/12288 timesteps masked (2.9%) due to negative rewards (invalid actions)
2025-09-28 03:43:09,326 - __main__ - INFO - 🔄 VAE refresh starting at step 52,224 with replay size 8x1536
2025-09-28 03:43:09,327 - __main__ - INFO -    Using span sampling (12288 timesteps, too large for full buffer)
2025-09-28 03:43:30,538 - __main__ - INFO -    VAE refresh complete: final_loss=1579.4354, avg_loss=1618.5080, steps=4/4, trend=improving, total_timesteps=12288, span_sampling=32_requested×4_steps, span_len=64
2025-09-28 03:43:30,540 - __main__ - INFO -    ✅ VAE updated (next in 12,000 steps)
2025-09-28 03:43:32,327 - __main__ - INFO - 📊 Episodes completed this rollout: 2
2025-09-28 03:43:32,327 - __main__ - INFO - 📈 Episode stats: avg return = 0.49, avg length = 249.5
2025-09-28 03:43:32,327 - __main__ - INFO - 🎯 Top 3 training actions: #1(16079), #4(7184), #0(7054)
2025-09-28 03:43:35,260 - __main__ - INFO - 📊 Episodes completed this rollout: 3
2025-09-28 03:43:35,260 - __main__ - INFO - 📈 Episode stats: avg return = -0.04, avg length = 350.0
2025-09-28 03:43:35,261 - __main__ - INFO - 🎯 Top 3 training actions: #1(16431), #4(7323), #0(7177)
2025-09-28 03:43:38,236 - __main__ - INFO - 📊 Episodes completed this rollout: 6
2025-09-28 03:43:38,237 - __main__ - INFO - 📈 Episode stats: avg return = 0.31, avg length = 249.3
2025-09-28 03:43:38,237 - __main__ - INFO - 🎯 Top 3 training actions: #1(16787), #4(7473), #0(7285)
2025-09-28 03:43:41,190 - __main__ - INFO - 📊 Episodes completed this rollout: 4
2025-09-28 03:43:41,190 - __main__ - INFO - 📈 Episode stats: avg return = 0.70, avg length = 141.5
2025-09-28 03:43:41,191 - __main__ - INFO - 🎯 Top 3 training actions: #1(17126), #4(7618), #0(7435)
2025-09-28 03:43:44,164 - __main__ - INFO - 📊 Episodes completed this rollout: 4
2025-09-28 03:43:44,164 - __main__ - INFO - 📈 Episode stats: avg return = 0.20, avg length = 284.8
2025-09-28 03:43:44,164 - __main__ - INFO - 🎯 Top 3 training actions: #1(17493), #4(7769), #0(7569)
2025-09-28 03:43:47,161 - __main__ - INFO - 📊 Episodes completed this rollout: 3
2025-09-28 03:43:47,161 - __main__ - INFO - 📈 Episode stats: avg return = 0.33, avg length = 237.7
2025-09-28 03:43:47,162 - __main__ - INFO - 🎯 Top 3 training actions: #1(17862), #4(7927), #0(7676)
2025-09-28 03:43:50,174 - __main__ - INFO - 📊 Episodes completed this rollout: 4
2025-09-28 03:43:50,174 - __main__ - INFO - 📈 Episode stats: avg return = -0.02, avg length = 350.0
2025-09-28 03:43:50,175 - __main__ - INFO - 🎯 Top 3 training actions: #1(18222), #4(8098), #0(7781)
2025-09-28 03:43:53,122 - __main__ - INFO - 📊 Episodes completed this rollout: 3
2025-09-28 03:43:53,123 - __main__ - INFO - 📈 Episode stats: avg return = 0.60, avg length = 290.7
2025-09-28 03:43:53,123 - __main__ - INFO - 🎯 Top 3 training actions: #1(18573), #4(8267), #0(7912)
2025-09-28 03:43:54,240 - __main__ - INFO - 🧪 Starting evaluation with 50 episodes...
2025-09-28 03:43:54,240 - __main__ - INFO -    Eval seed: 51
2025-09-28 03:43:54,240 - __main__ - INFO -    Max episode steps (eval): env default
2025-09-28 03:43:54,241 - nle.env.base - INFO - Not saving any NLE data.
2025-09-28 03:44:00,326 - __main__ - WARNING - ⚠️ Episode 5 terminated due to step limit.
2025-09-28 03:44:03,612 - __main__ - WARNING - ⚠️ Episode 6 terminated due to step limit.
2025-09-28 03:44:06,961 - __main__ - WARNING - ⚠️ Episode 7 terminated due to step limit.
2025-09-28 03:44:11,030 - __main__ - WARNING - ⚠️ Episode 9 terminated due to step limit.
2025-09-28 03:44:14,415 - __main__ - WARNING - ⚠️ Episode 10 terminated due to step limit.
2025-09-28 03:44:17,803 - __main__ - WARNING - ⚠️ Episode 11 terminated due to step limit.
2025-09-28 03:44:21,172 - __main__ - WARNING - ⚠️ Episode 12 terminated due to step limit.
2025-09-28 03:44:25,212 - __main__ - WARNING - ⚠️ Episode 14 terminated due to step limit.
2025-09-28 03:44:28,545 - __main__ - WARNING - ⚠️ Episode 15 terminated due to step limit.
2025-09-28 03:44:31,850 - __main__ - WARNING - ⚠️ Episode 16 terminated due to step limit.
2025-09-28 03:44:35,139 - __main__ - WARNING - ⚠️ Episode 17 terminated due to step limit.
2025-09-28 03:44:38,468 - __main__ - WARNING - ⚠️ Episode 18 terminated due to step limit.
2025-09-28 03:44:41,743 - __main__ - WARNING - ⚠️ Episode 19 terminated due to step limit.
2025-09-28 03:44:45,037 - __main__ - WARNING - ⚠️ Episode 20 terminated due to step limit.
2025-09-28 03:44:48,413 - __main__ - WARNING - ⚠️ Episode 21 terminated due to step limit.
2025-09-28 03:44:51,758 - __main__ - WARNING - ⚠️ Episode 22 terminated due to step limit.
2025-09-28 03:44:55,099 - __main__ - WARNING - ⚠️ Episode 23 terminated due to step limit.
2025-09-28 03:44:58,412 - __main__ - WARNING - ⚠️ Episode 24 terminated due to step limit.
2025-09-28 03:45:02,147 - __main__ - WARNING - ⚠️ Episode 26 terminated due to step limit.
2025-09-28 03:45:07,815 - __main__ - WARNING - ⚠️ Episode 30 terminated due to step limit.
2025-09-28 03:45:11,120 - __main__ - WARNING - ⚠️ Episode 31 terminated due to step limit.
2025-09-28 03:45:14,733 - __main__ - WARNING - ⚠️ Episode 33 terminated due to step limit.
2025-09-28 03:45:18,300 - __main__ - WARNING - ⚠️ Episode 35 terminated due to step limit.
2025-09-28 03:45:21,594 - __main__ - WARNING - ⚠️ Episode 36 terminated due to step limit.
2025-09-28 03:45:27,365 - __main__ - WARNING - ⚠️ Episode 39 terminated due to step limit.
2025-09-28 03:45:30,631 - __main__ - WARNING - ⚠️ Episode 40 terminated due to step limit.
2025-09-28 03:45:33,940 - __main__ - WARNING - ⚠️ Episode 41 terminated due to step limit.
2025-09-28 03:45:37,339 - __main__ - WARNING - ⚠️ Episode 42 terminated due to step limit.
2025-09-28 03:45:40,647 - __main__ - WARNING - ⚠️ Episode 43 terminated due to step limit.
2025-09-28 03:45:43,943 - __main__ - WARNING - ⚠️ Episode 44 terminated due to step limit.
2025-09-28 03:45:48,958 - __main__ - WARNING - ⚠️ Episode 46 terminated due to step limit.
2025-09-28 03:45:52,266 - __main__ - WARNING - ⚠️ Episode 47 terminated due to step limit.
2025-09-28 03:45:58,332 - __main__ - WARNING - ⚠️ Episode 50 terminated due to step limit.
2025-09-28 03:45:58,335 - __main__ - INFO - 📊 Evaluation Results (Current Round):
2025-09-28 03:45:58,335 - __main__ - INFO -    Episodes: 50
2025-09-28 03:45:58,335 - __main__ - INFO -    Time: 124.1s (2.5s/ep)
2025-09-28 03:45:58,335 - __main__ - INFO -    Average Return: 0.309 ± 0.465
2025-09-28 03:45:58,335 - __main__ - INFO -    Success Rate: 34.0%
2025-09-28 03:45:58,335 - __main__ - INFO -    Average Length: 261.8
2025-09-28 03:45:58,335 - __main__ - INFO -    Average Coverage: 28.8 positions
2025-09-28 03:45:58,335 - __main__ - INFO -    Episode Completions: 17 terminated (34.0%), 33 truncated (66.0%)
2025-09-28 03:45:58,336 - __main__ - INFO - 📈 Total Evaluation Statistics:
2025-09-28 03:45:58,336 - __main__ - INFO -    Total Episodes: 300
2025-09-28 03:45:58,336 - __main__ - INFO -    Total Average Return: 0.373 ± 0.483
2025-09-28 03:45:58,336 - __main__ - INFO -    Total Average Length: 246.2 ± 131.9
2025-09-28 03:45:58,336 - __main__ - INFO -    Total Completions: 123 terminated (41.0%), 177 truncated (59.0%)
2025-09-28 03:45:58,336 - __main__ - INFO -    Skill Entropy: 0.000
2025-09-28 03:45:58,336 - __main__ - INFO -    Used Skills: 0.0
2025-09-28 03:45:58,336 - __main__ - INFO -    Effective K: 0.00
2025-09-28 03:45:58,336 - __main__ - INFO - 🎯 Action Usage Statistics:
2025-09-28 03:45:58,336 - __main__ - INFO -    Unique actions in evaluation: 8
2025-09-28 03:45:58,336 - __main__ - INFO -    Unique actions in training: 8
2025-09-28 03:45:58,337 - __main__ - INFO -    Total unique actions: 8
2025-09-28 03:45:58,337 - __main__ - INFO -    Action coverage: 6.6%
2025-09-28 03:45:58,337 - __main__ - INFO -    Train action count: 60416
2025-09-28 03:45:58,337 - __main__ - INFO -    Eval action count: 73860
2025-09-28 03:45:58,337 - __main__ - INFO -    Train action entropy: 1.877
2025-09-28 03:45:58,337 - __main__ - INFO -    Eval action entropy: 1.851
2025-09-28 03:45:58,338 - __main__ - INFO -    Top 3 train actions: #1(18573), #4(8267), #0(7912)
2025-09-28 03:45:58,338 - __main__ - INFO -    Top 3 eval actions: #1(23556), #4(10827), #5(10540)
2025-09-28 03:46:00,185 - __main__ - INFO - 📊 Episodes completed this rollout: 4
2025-09-28 03:46:00,185 - __main__ - INFO - 📈 Episode stats: avg return = 0.24, avg length = 270.2
2025-09-28 03:46:00,186 - __main__ - INFO - 🎯 Top 3 training actions: #1(18915), #4(8440), #0(8029)
2025-09-28 03:46:03,098 - __main__ - INFO - 📊 Episodes completed this rollout: 5
2025-09-28 03:46:03,098 - __main__ - INFO - 📈 Episode stats: avg return = 0.55, avg length = 221.0
2025-09-28 03:46:03,098 - __main__ - INFO - 🎯 Top 3 training actions: #1(19207), #4(8591), #2(8215)
2025-09-28 03:46:05,995 - __main__ - INFO - 📊 Episodes completed this rollout: 5
2025-09-28 03:46:05,995 - __main__ - INFO - 📈 Episode stats: avg return = 0.55, avg length = 169.8
2025-09-28 03:46:05,996 - __main__ - INFO - 🎯 Top 3 training actions: #1(19447), #4(8752), #2(8409)
2025-09-28 03:46:08,907 - __main__ - INFO - 📊 Episodes completed this rollout: 3
2025-09-28 03:46:08,908 - __main__ - INFO - 📈 Episode stats: avg return = -0.05, avg length = 350.0
2025-09-28 03:46:08,908 - __main__ - INFO - 🎯 Top 3 training actions: #1(19688), #4(8922), #2(8586)
2025-09-28 03:46:10,012 - __main__ - INFO - 🔄 Synchronized model update at step 64,512
2025-09-28 03:46:10,012 - __main__ - INFO -    HMM interval: inf, VAE interval: 12,000
2025-09-28 03:46:10,013 - __main__ - INFO - 🚫 Model training masking: 96/12288 timesteps masked (0.8%) due to negative rewards (invalid actions)
2025-09-28 03:46:10,013 - __main__ - INFO - 🔄 VAE refresh starting at step 64,512 with replay size 8x1536
2025-09-28 03:46:10,014 - __main__ - INFO -    Using span sampling (12288 timesteps, too large for full buffer)
2025-09-28 03:46:31,270 - __main__ - INFO -    VAE refresh complete: final_loss=1578.8713, avg_loss=1606.3033, steps=4/4, trend=improving, total_timesteps=12288, span_sampling=32_requested×4_steps, span_len=64
2025-09-28 03:46:31,272 - __main__ - INFO -    ✅ VAE updated (next in 12,000 steps)
2025-09-28 03:46:33,100 - __main__ - INFO - 📊 Episodes completed this rollout: 4
2025-09-28 03:46:33,100 - __main__ - INFO - 📈 Episode stats: avg return = 0.48, avg length = 191.2
2025-09-28 03:46:33,101 - __main__ - INFO - 🎯 Top 3 training actions: #1(19965), #4(9070), #2(8748)
2025-09-28 03:46:36,103 - __main__ - INFO - 📊 Episodes completed this rollout: 4
2025-09-28 03:46:36,103 - __main__ - INFO - 📈 Episode stats: avg return = -0.01, avg length = 350.0
2025-09-28 03:46:36,104 - __main__ - INFO - 🎯 Top 3 training actions: #1(20246), #4(9260), #2(8932)
2025-09-28 03:46:39,038 - __main__ - INFO - 📊 Episodes completed this rollout: 1
2025-09-28 03:46:39,038 - __main__ - INFO - 📈 Episode stats: avg return = -0.02, avg length = 350.0
2025-09-28 03:46:39,038 - __main__ - INFO - 🎯 Top 3 training actions: #1(20493), #4(9406), #2(9158)
2025-09-28 03:46:41,993 - __main__ - INFO - 📊 Episodes completed this rollout: 4
2025-09-28 03:46:41,994 - __main__ - INFO - 📈 Episode stats: avg return = -0.03, avg length = 350.0
2025-09-28 03:46:41,994 - __main__ - INFO - 🎯 Top 3 training actions: #1(20718), #4(9578), #2(9375)
2025-09-28 03:46:44,925 - __main__ - INFO - 📊 Episodes completed this rollout: 3
2025-09-28 03:46:44,925 - __main__ - INFO - 📈 Episode stats: avg return = -0.01, avg length = 350.0
2025-09-28 03:46:44,925 - __main__ - INFO - 🎯 Top 3 training actions: #1(20961), #4(9768), #2(9601)
2025-09-28 03:46:47,843 - __main__ - INFO - 📊 Episodes completed this rollout: 6
2025-09-28 03:46:47,844 - __main__ - INFO - 📈 Episode stats: avg return = 0.32, avg length = 257.5
2025-09-28 03:46:47,844 - __main__ - INFO - 🎯 Top 3 training actions: #1(21220), #4(9941), #2(9844)
2025-09-28 03:46:48,953 - __main__ - INFO - 🧪 Starting evaluation with 50 episodes...
2025-09-28 03:46:48,953 - __main__ - INFO -    Eval seed: 51
2025-09-28 03:46:48,953 - __main__ - INFO -    Max episode steps (eval): env default
2025-09-28 03:46:48,954 - nle.env.base - INFO - Not saving any NLE data.
2025-09-28 03:46:52,256 - __main__ - WARNING - ⚠️ Episode 1 terminated due to step limit.
2025-09-28 03:46:57,935 - __main__ - WARNING - ⚠️ Episode 3 terminated due to step limit.
2025-09-28 03:47:01,266 - __main__ - WARNING - ⚠️ Episode 4 terminated due to step limit.
2025-09-28 03:47:04,564 - __main__ - WARNING - ⚠️ Episode 5 terminated due to step limit.
2025-09-28 03:47:08,424 - __main__ - WARNING - ⚠️ Episode 7 terminated due to step limit.
2025-09-28 03:47:11,708 - __main__ - WARNING - ⚠️ Episode 8 terminated due to step limit.
2025-09-28 03:47:15,826 - __main__ - WARNING - ⚠️ Episode 11 terminated due to step limit.
2025-09-28 03:47:20,810 - __main__ - WARNING - ⚠️ Episode 14 terminated due to step limit.
2025-09-28 03:47:24,169 - __main__ - WARNING - ⚠️ Episode 15 terminated due to step limit.
2025-09-28 03:47:27,902 - __main__ - WARNING - ⚠️ Episode 17 terminated due to step limit.
2025-09-28 03:47:31,245 - __main__ - WARNING - ⚠️ Episode 18 terminated due to step limit.
2025-09-28 03:47:34,583 - __main__ - WARNING - ⚠️ Episode 19 terminated due to step limit.
2025-09-28 03:47:43,360 - __main__ - WARNING - ⚠️ Episode 23 terminated due to step limit.
2025-09-28 03:47:46,627 - __main__ - WARNING - ⚠️ Episode 24 terminated due to step limit.
2025-09-28 03:47:49,974 - __main__ - WARNING - ⚠️ Episode 25 terminated due to step limit.
2025-09-28 03:47:53,387 - __main__ - WARNING - ⚠️ Episode 26 terminated due to step limit.
2025-09-28 03:47:59,150 - __main__ - WARNING - ⚠️ Episode 28 terminated due to step limit.
2025-09-28 03:48:02,403 - __main__ - WARNING - ⚠️ Episode 29 terminated due to step limit.
2025-09-28 03:48:07,515 - __main__ - WARNING - ⚠️ Episode 32 terminated due to step limit.
2025-09-28 03:48:12,132 - __main__ - WARNING - ⚠️ Episode 35 terminated due to step limit.
2025-09-28 03:48:15,518 - __main__ - WARNING - ⚠️ Episode 36 terminated due to step limit.
2025-09-28 03:48:18,888 - __main__ - WARNING - ⚠️ Episode 37 terminated due to step limit.
2025-09-28 03:48:22,189 - __main__ - WARNING - ⚠️ Episode 38 terminated due to step limit.
2025-09-28 03:48:25,431 - __main__ - WARNING - ⚠️ Episode 39 terminated due to step limit.
2025-09-28 03:48:29,103 - __main__ - WARNING - ⚠️ Episode 41 terminated due to step limit.
2025-09-28 03:48:32,375 - __main__ - WARNING - ⚠️ Episode 42 terminated due to step limit.
2025-09-28 03:48:36,616 - __main__ - WARNING - ⚠️ Episode 44 terminated due to step limit.
2025-09-28 03:48:39,887 - __main__ - WARNING - ⚠️ Episode 45 terminated due to step limit.
2025-09-28 03:48:43,137 - __main__ - WARNING - ⚠️ Episode 46 terminated due to step limit.
2025-09-28 03:48:46,418 - __main__ - WARNING - ⚠️ Episode 47 terminated due to step limit.
2025-09-28 03:48:49,676 - __main__ - WARNING - ⚠️ Episode 48 terminated due to step limit.
2025-09-28 03:48:52,963 - __main__ - WARNING - ⚠️ Episode 49 terminated due to step limit.
2025-09-28 03:48:53,894 - __main__ - INFO - 📊 Evaluation Results (Current Round):
2025-09-28 03:48:53,894 - __main__ - INFO -    Episodes: 50
2025-09-28 03:48:53,894 - __main__ - INFO -    Time: 124.9s (2.5s/ep)
2025-09-28 03:48:53,894 - __main__ - INFO -    Average Return: 0.328 ± 0.472
2025-09-28 03:48:53,894 - __main__ - INFO -    Success Rate: 36.0%
2025-09-28 03:48:53,894 - __main__ - INFO -    Average Length: 264.5
2025-09-28 03:48:53,895 - __main__ - INFO -    Average Coverage: 29.2 positions
2025-09-28 03:48:53,895 - __main__ - INFO -    Episode Completions: 18 terminated (36.0%), 32 truncated (64.0%)
2025-09-28 03:48:53,895 - __main__ - INFO - 📈 Total Evaluation Statistics:
2025-09-28 03:48:53,895 - __main__ - INFO -    Total Episodes: 350
2025-09-28 03:48:53,895 - __main__ - INFO -    Total Average Return: 0.366 ± 0.481
2025-09-28 03:48:53,895 - __main__ - INFO -    Total Average Length: 248.8 ± 131.0
2025-09-28 03:48:53,895 - __main__ - INFO -    Total Completions: 141 terminated (40.3%), 209 truncated (59.7%)
2025-09-28 03:48:53,895 - __main__ - INFO -    Skill Entropy: 0.000
2025-09-28 03:48:53,895 - __main__ - INFO -    Used Skills: 0.0
2025-09-28 03:48:53,895 - __main__ - INFO -    Effective K: 0.00
2025-09-28 03:48:53,895 - __main__ - INFO - 🎯 Action Usage Statistics:
2025-09-28 03:48:53,896 - __main__ - INFO -    Unique actions in evaluation: 8
2025-09-28 03:48:53,896 - __main__ - INFO -    Unique actions in training: 8
2025-09-28 03:48:53,896 - __main__ - INFO -    Total unique actions: 8
2025-09-28 03:48:53,896 - __main__ - INFO -    Action coverage: 6.6%
2025-09-28 03:48:53,896 - __main__ - INFO -    Train action count: 70656
2025-09-28 03:48:53,896 - __main__ - INFO -    Eval action count: 87085
2025-09-28 03:48:53,896 - __main__ - INFO -    Train action entropy: 1.878
2025-09-28 03:48:53,897 - __main__ - INFO -    Eval action entropy: 1.856
2025-09-28 03:48:53,897 - __main__ - INFO -    Top 3 train actions: #1(21220), #4(9941), #2(9844)
2025-09-28 03:48:53,897 - __main__ - INFO -    Top 3 eval actions: #1(26915), #4(12834), #5(11886)
2025-09-28 03:48:55,727 - __main__ - INFO - 📊 Episodes completed this rollout: 5
2025-09-28 03:48:55,727 - __main__ - INFO - 📈 Episode stats: avg return = 0.39, avg length = 236.0
2025-09-28 03:48:55,727 - __main__ - INFO - 🎯 Top 3 training actions: #1(21489), #2(10093), #4(10088)
2025-09-28 03:48:58,696 - __main__ - INFO - 📊 Episodes completed this rollout: 1
2025-09-28 03:48:58,697 - __main__ - INFO - 📈 Episode stats: avg return = 0.00, avg length = 350.0
2025-09-28 03:48:58,697 - __main__ - INFO - 🎯 Top 3 training actions: #1(21773), #2(10299), #4(10239)
2025-09-28 03:49:01,618 - __main__ - INFO - 📊 Episodes completed this rollout: 4
2025-09-28 03:49:01,619 - __main__ - INFO - 📈 Episode stats: avg return = 0.21, avg length = 278.8
2025-09-28 03:49:01,619 - __main__ - INFO - 🎯 Top 3 training actions: #1(22031), #2(10522), #4(10370)
2025-09-28 03:49:04,705 - __main__ - INFO - 📊 Episodes completed this rollout: 9
2025-09-28 03:49:04,705 - __main__ - INFO - 📈 Episode stats: avg return = 0.54, avg length = 182.8
2025-09-28 03:49:04,706 - __main__ - INFO - 🎯 Top 3 training actions: #1(22324), #2(10717), #4(10515)
2025-09-28 03:49:07,615 - __main__ - INFO - 📊 Episodes completed this rollout: 2
2025-09-28 03:49:07,615 - __main__ - INFO - 📈 Episode stats: avg return = 0.47, avg length = 218.5
2025-09-28 03:49:07,615 - __main__ - INFO - 🎯 Top 3 training actions: #1(22635), #2(10939), #4(10644)
2025-09-28 03:49:10,506 - __main__ - INFO - 📊 Episodes completed this rollout: 1
2025-09-28 03:49:10,506 - __main__ - INFO - 📈 Episode stats: avg return = -0.03, avg length = 350.0
2025-09-28 03:49:10,507 - __main__ - INFO - 🎯 Top 3 training actions: #1(22907), #2(11157), #4(10788)
2025-09-28 03:49:11,619 - __main__ - INFO - 🔄 Synchronized model update at step 76,800
2025-09-28 03:49:11,619 - __main__ - INFO -    HMM interval: inf, VAE interval: 12,000
2025-09-28 03:49:11,620 - __main__ - INFO - 🚫 Model training masking: 156/12288 timesteps masked (1.3%) due to negative rewards (invalid actions)
2025-09-28 03:49:11,620 - __main__ - INFO - 🔄 VAE refresh starting at step 76,800 with replay size 8x1536
2025-09-28 03:49:11,621 - __main__ - INFO -    Using span sampling (12288 timesteps, too large for full buffer)
2025-09-28 03:49:32,830 - __main__ - INFO -    VAE refresh complete: final_loss=1561.6931, avg_loss=1580.4648, steps=4/4, trend=improving, total_timesteps=12288, span_sampling=32_requested×4_steps, span_len=64
2025-09-28 03:49:32,832 - __main__ - INFO -    ✅ VAE updated (next in 12,000 steps)
2025-09-28 03:49:34,699 - __main__ - INFO - 📊 Episodes completed this rollout: 6
2025-09-28 03:49:34,700 - __main__ - INFO - 📈 Episode stats: avg return = 0.13, avg length = 316.0
2025-09-28 03:49:34,700 - __main__ - INFO - 🎯 Top 3 training actions: #1(23211), #2(11376), #4(10919)
2025-09-28 03:49:37,622 - __main__ - INFO - 📊 Episodes completed this rollout: 6
2025-09-28 03:49:37,622 - __main__ - INFO - 📈 Episode stats: avg return = 0.62, avg length = 176.5
2025-09-28 03:49:37,622 - __main__ - INFO - 🎯 Top 3 training actions: #1(23511), #2(11581), #0(11085)
2025-09-28 03:49:40,530 - __main__ - INFO - 📊 Episodes completed this rollout: 3
2025-09-28 03:49:40,530 - __main__ - INFO - 📈 Episode stats: avg return = 0.64, avg length = 212.0
2025-09-28 03:49:40,531 - __main__ - INFO - 🎯 Top 3 training actions: #1(23819), #2(11785), #0(11273)
2025-09-28 03:49:43,444 - __main__ - INFO - 📊 Episodes completed this rollout: 3
2025-09-28 03:49:43,444 - __main__ - INFO - 📈 Episode stats: avg return = 0.29, avg length = 242.7
2025-09-28 03:49:43,444 - __main__ - INFO - 🎯 Top 3 training actions: #1(24133), #2(11983), #0(11452)
2025-09-28 03:49:44,542 - __main__ - INFO - 🧪 Starting evaluation with 50 episodes...
2025-09-28 03:49:44,542 - __main__ - INFO -    Eval seed: 51
2025-09-28 03:49:44,542 - __main__ - INFO -    Max episode steps (eval): env default
2025-09-28 03:49:44,543 - nle.env.base - INFO - Not saving any NLE data.
2025-09-28 03:49:51,523 - __main__ - WARNING - ⚠️ Episode 4 terminated due to step limit.
2025-09-28 03:49:54,819 - __main__ - WARNING - ⚠️ Episode 5 terminated due to step limit.
2025-09-28 03:49:59,721 - __main__ - WARNING - ⚠️ Episode 9 terminated due to step limit.
2025-09-28 03:50:03,027 - __main__ - WARNING - ⚠️ Episode 10 terminated due to step limit.
2025-09-28 03:50:06,318 - __main__ - WARNING - ⚠️ Episode 11 terminated due to step limit.
2025-09-28 03:50:12,305 - __main__ - WARNING - ⚠️ Episode 15 terminated due to step limit.
2025-09-28 03:50:15,577 - __main__ - WARNING - ⚠️ Episode 16 terminated due to step limit.
2025-09-28 03:50:18,830 - __main__ - WARNING - ⚠️ Episode 17 terminated due to step limit.
2025-09-28 03:50:22,105 - __main__ - WARNING - ⚠️ Episode 18 terminated due to step limit.
2025-09-28 03:50:25,396 - __main__ - WARNING - ⚠️ Episode 19 terminated due to step limit.
2025-09-28 03:50:28,666 - __main__ - WARNING - ⚠️ Episode 20 terminated due to step limit.
2025-09-28 03:50:31,943 - __main__ - WARNING - ⚠️ Episode 21 terminated due to step limit.
2025-09-28 03:50:38,134 - __main__ - WARNING - ⚠️ Episode 24 terminated due to step limit.
2025-09-28 03:50:41,357 - __main__ - WARNING - ⚠️ Episode 25 terminated due to step limit.
2025-09-28 03:50:44,607 - __main__ - WARNING - ⚠️ Episode 26 terminated due to step limit.
2025-09-28 03:50:49,519 - __main__ - WARNING - ⚠️ Episode 30 terminated due to step limit.
2025-09-28 03:50:53,694 - __main__ - WARNING - ⚠️ Episode 33 terminated due to step limit.
2025-09-28 03:50:57,638 - __main__ - WARNING - ⚠️ Episode 36 terminated due to step limit.
2025-09-28 03:51:00,869 - __main__ - WARNING - ⚠️ Episode 37 terminated due to step limit.
2025-09-28 03:51:05,918 - __main__ - WARNING - ⚠️ Episode 39 terminated due to step limit.
2025-09-28 03:51:09,529 - __main__ - WARNING - ⚠️ Episode 41 terminated due to step limit.
2025-09-28 03:51:12,780 - __main__ - WARNING - ⚠️ Episode 42 terminated due to step limit.
2025-09-28 03:51:16,003 - __main__ - WARNING - ⚠️ Episode 43 terminated due to step limit.
2025-09-28 03:51:19,218 - __main__ - WARNING - ⚠️ Episode 44 terminated due to step limit.
2025-09-28 03:51:22,453 - __main__ - WARNING - ⚠️ Episode 45 terminated due to step limit.
2025-09-28 03:51:25,668 - __main__ - WARNING - ⚠️ Episode 46 terminated due to step limit.
2025-09-28 03:51:30,292 - __main__ - WARNING - ⚠️ Episode 49 terminated due to step limit.
2025-09-28 03:51:30,727 - __main__ - INFO - 📊 Evaluation Results (Current Round):
2025-09-28 03:51:30,727 - __main__ - INFO -    Episodes: 50
2025-09-28 03:51:30,727 - __main__ - INFO -    Time: 106.2s (2.1s/ep)
2025-09-28 03:51:30,727 - __main__ - INFO -    Average Return: 0.418 ± 0.496
2025-09-28 03:51:30,727 - __main__ - INFO -    Success Rate: 46.0%
2025-09-28 03:51:30,727 - __main__ - INFO -    Average Length: 228.1
2025-09-28 03:51:30,727 - __main__ - INFO -    Average Coverage: 27.7 positions
2025-09-28 03:51:30,727 - __main__ - INFO -    Episode Completions: 23 terminated (46.0%), 27 truncated (54.0%)
2025-09-28 03:51:30,727 - __main__ - INFO - 📈 Total Evaluation Statistics:
2025-09-28 03:51:30,728 - __main__ - INFO -    Total Episodes: 400
2025-09-28 03:51:30,728 - __main__ - INFO -    Total Average Return: 0.373 ± 0.483
2025-09-28 03:51:30,728 - __main__ - INFO -    Total Average Length: 246.2 ± 132.3
2025-09-28 03:51:30,728 - __main__ - INFO -    Total Completions: 164 terminated (41.0%), 236 truncated (59.0%)
2025-09-28 03:51:30,728 - __main__ - INFO -    Skill Entropy: 0.000
2025-09-28 03:51:30,728 - __main__ - INFO -    Used Skills: 0.0
2025-09-28 03:51:30,728 - __main__ - INFO -    Effective K: 0.00
2025-09-28 03:51:30,728 - __main__ - INFO - 🎯 Action Usage Statistics:
2025-09-28 03:51:30,728 - __main__ - INFO -    Unique actions in evaluation: 8
2025-09-28 03:51:30,728 - __main__ - INFO -    Unique actions in training: 8
2025-09-28 03:51:30,728 - __main__ - INFO -    Total unique actions: 8
2025-09-28 03:51:30,729 - __main__ - INFO -    Action coverage: 6.6%
2025-09-28 03:51:30,729 - __main__ - INFO -    Train action count: 80896
2025-09-28 03:51:30,729 - __main__ - INFO -    Eval action count: 98488
2025-09-28 03:51:30,729 - __main__ - INFO -    Train action entropy: 1.872
2025-09-28 03:51:30,729 - __main__ - INFO -    Eval action entropy: 1.849
2025-09-28 03:51:30,730 - __main__ - INFO -    Top 3 train actions: #1(24133), #2(11983), #0(11452)
2025-09-28 03:51:30,730 - __main__ - INFO -    Top 3 eval actions: #1(30543), #4(14586), #2(13673)
2025-09-28 03:51:32,564 - __main__ - INFO - 📊 Episodes completed this rollout: 4
2025-09-28 03:51:32,564 - __main__ - INFO - 📈 Episode stats: avg return = -0.06, avg length = 350.0
2025-09-28 03:51:32,564 - __main__ - INFO - 🎯 Top 3 training actions: #1(24476), #2(12158), #0(11615)
2025-09-28 03:51:35,514 - __main__ - INFO - 📊 Episodes completed this rollout: 4
2025-09-28 03:51:35,515 - __main__ - INFO - 📈 Episode stats: avg return = 0.19, avg length = 270.5
2025-09-28 03:51:35,515 - __main__ - INFO - 🎯 Top 3 training actions: #1(24789), #2(12352), #0(11788)
2025-09-28 03:51:38,501 - __main__ - INFO - 📊 Episodes completed this rollout: 5
2025-09-28 03:51:38,501 - __main__ - INFO - 📈 Episode stats: avg return = 0.36, avg length = 226.8
2025-09-28 03:51:38,502 - __main__ - INFO - 🎯 Top 3 training actions: #1(25117), #2(12526), #0(11982)
2025-09-28 03:51:41,424 - __main__ - INFO - 📊 Episodes completed this rollout: 5
2025-09-28 03:51:41,424 - __main__ - INFO - 📈 Episode stats: avg return = 0.59, avg length = 190.0
2025-09-28 03:51:41,424 - __main__ - INFO - 🎯 Top 3 training actions: #1(25408), #2(12698), #0(12202)
2025-09-28 03:51:44,350 - __main__ - INFO - 📊 Episodes completed this rollout: 5
2025-09-28 03:51:44,350 - __main__ - INFO - 📈 Episode stats: avg return = 0.38, avg length = 223.2
2025-09-28 03:51:44,350 - __main__ - INFO - 🎯 Top 3 training actions: #1(25734), #2(12879), #0(12392)
2025-09-28 03:51:47,298 - __main__ - INFO - 📊 Episodes completed this rollout: 3
2025-09-28 03:51:47,299 - __main__ - INFO - 📈 Episode stats: avg return = -0.02, avg length = 350.0
2025-09-28 03:51:47,299 - __main__ - INFO - 🎯 Top 3 training actions: #1(26093), #2(13030), #0(12565)
2025-09-28 03:51:50,211 - __main__ - INFO - 📊 Episodes completed this rollout: 3
2025-09-28 03:51:50,211 - __main__ - INFO - 📈 Episode stats: avg return = 0.29, avg length = 247.0
2025-09-28 03:51:50,211 - __main__ - INFO - 🎯 Top 3 training actions: #1(26421), #2(13193), #0(12762)
2025-09-28 03:51:53,143 - __main__ - INFO - 📊 Episodes completed this rollout: 4
2025-09-28 03:51:53,143 - __main__ - INFO - 📈 Episode stats: avg return = 0.20, avg length = 311.2
2025-09-28 03:51:53,143 - __main__ - INFO - 🎯 Top 3 training actions: #1(26771), #2(13374), #0(12944)
2025-09-28 03:51:54,243 - __main__ - INFO - 🔄 Synchronized model update at step 89,088
2025-09-28 03:51:54,244 - __main__ - INFO -    HMM interval: inf, VAE interval: 12,000
2025-09-28 03:51:54,244 - __main__ - INFO - 🚫 Model training masking: 108/12288 timesteps masked (0.9%) due to negative rewards (invalid actions)
2025-09-28 03:51:54,245 - __main__ - INFO - 🔄 VAE refresh starting at step 89,088 with replay size 8x1536
2025-09-28 03:51:54,245 - __main__ - INFO -    Using span sampling (12288 timesteps, too large for full buffer)
2025-09-28 03:52:15,546 - __main__ - INFO -    VAE refresh complete: final_loss=1534.7212, avg_loss=1554.0882, steps=4/4, trend=improving, total_timesteps=12288, span_sampling=32_requested×4_steps, span_len=64
2025-09-28 03:52:15,548 - __main__ - INFO -    ✅ VAE updated (next in 12,000 steps)
2025-09-28 03:52:17,372 - __main__ - INFO - 📊 Episodes completed this rollout: 5
2025-09-28 03:52:17,373 - __main__ - INFO - 📈 Episode stats: avg return = 0.17, avg length = 297.6
2025-09-28 03:52:17,373 - __main__ - INFO - 🎯 Top 3 training actions: #1(27099), #2(13576), #0(13149)
2025-09-28 03:52:18,494 - __main__ - INFO - 🧪 Starting evaluation with 50 episodes...
2025-09-28 03:52:18,494 - __main__ - INFO -    Eval seed: 51
2025-09-28 03:52:18,494 - __main__ - INFO -    Max episode steps (eval): env default
2025-09-28 03:52:18,495 - nle.env.base - INFO - Not saving any NLE data.
2025-09-28 03:52:22,164 - __main__ - WARNING - ⚠️ Episode 2 terminated due to step limit.
2025-09-28 03:52:25,439 - __main__ - WARNING - ⚠️ Episode 3 terminated due to step limit.
2025-09-28 03:52:28,741 - __main__ - WARNING - ⚠️ Episode 4 terminated due to step limit.
2025-09-28 03:52:32,004 - __main__ - WARNING - ⚠️ Episode 5 terminated due to step limit.
2025-09-28 03:52:35,292 - __main__ - WARNING - ⚠️ Episode 6 terminated due to step limit.
2025-09-28 03:52:38,599 - __main__ - WARNING - ⚠️ Episode 7 terminated due to step limit.
2025-09-28 03:52:42,392 - __main__ - WARNING - ⚠️ Episode 9 terminated due to step limit.
2025-09-28 03:52:46,632 - __main__ - WARNING - ⚠️ Episode 11 terminated due to step limit.
2025-09-28 03:52:49,906 - __main__ - WARNING - ⚠️ Episode 12 terminated due to step limit.
2025-09-28 03:52:55,286 - __main__ - WARNING - ⚠️ Episode 15 terminated due to step limit.
2025-09-28 03:52:58,542 - __main__ - WARNING - ⚠️ Episode 16 terminated due to step limit.
2025-09-28 03:53:01,779 - __main__ - WARNING - ⚠️ Episode 17 terminated due to step limit.
2025-09-28 03:53:05,064 - __main__ - WARNING - ⚠️ Episode 18 terminated due to step limit.
2025-09-28 03:53:09,563 - __main__ - WARNING - ⚠️ Episode 21 terminated due to step limit.
2025-09-28 03:53:12,882 - __main__ - WARNING - ⚠️ Episode 22 terminated due to step limit.
2025-09-28 03:53:18,425 - __main__ - WARNING - ⚠️ Episode 26 terminated due to step limit.
2025-09-28 03:53:23,305 - __main__ - WARNING - ⚠️ Episode 29 terminated due to step limit.
2025-09-28 03:53:27,457 - __main__ - WARNING - ⚠️ Episode 32 terminated due to step limit.
2025-09-28 03:53:30,731 - __main__ - WARNING - ⚠️ Episode 33 terminated due to step limit.
2025-09-28 03:53:34,233 - __main__ - WARNING - ⚠️ Episode 35 terminated due to step limit.
2025-09-28 03:53:37,584 - __main__ - WARNING - ⚠️ Episode 36 terminated due to step limit.
2025-09-28 03:53:42,355 - __main__ - WARNING - ⚠️ Episode 39 terminated due to step limit.
2025-09-28 03:53:45,713 - __main__ - WARNING - ⚠️ Episode 40 terminated due to step limit.
2025-09-28 03:53:49,442 - __main__ - WARNING - ⚠️ Episode 42 terminated due to step limit.
2025-09-28 03:53:53,588 - __main__ - WARNING - ⚠️ Episode 44 terminated due to step limit.
2025-09-28 03:53:56,847 - __main__ - WARNING - ⚠️ Episode 45 terminated due to step limit.
2025-09-28 03:54:00,595 - __main__ - WARNING - ⚠️ Episode 47 terminated due to step limit.
2025-09-28 03:54:04,580 - __main__ - WARNING - ⚠️ Episode 49 terminated due to step limit.
2025-09-28 03:54:07,884 - __main__ - WARNING - ⚠️ Episode 50 terminated due to step limit.
2025-09-28 03:54:07,887 - __main__ - INFO - 📊 Evaluation Results (Current Round):
2025-09-28 03:54:07,887 - __main__ - INFO -    Episodes: 50
2025-09-28 03:54:07,887 - __main__ - INFO -    Time: 109.4s (2.2s/ep)
2025-09-28 03:54:07,887 - __main__ - INFO -    Average Return: 0.385 ± 0.501
2025-09-28 03:54:07,887 - __main__ - INFO -    Success Rate: 42.0%
2025-09-28 03:54:07,887 - __main__ - INFO -    Average Length: 232.6
2025-09-28 03:54:07,887 - __main__ - INFO -    Average Coverage: 28.8 positions
2025-09-28 03:54:07,888 - __main__ - INFO -    Episode Completions: 21 terminated (42.0%), 29 truncated (58.0%)
2025-09-28 03:54:07,888 - __main__ - INFO - 📈 Total Evaluation Statistics:
2025-09-28 03:54:07,888 - __main__ - INFO -    Total Episodes: 450
2025-09-28 03:54:07,888 - __main__ - INFO -    Total Average Return: 0.374 ± 0.485
2025-09-28 03:54:07,888 - __main__ - INFO -    Total Average Length: 244.7 ± 133.2
2025-09-28 03:54:07,888 - __main__ - INFO -    Total Completions: 185 terminated (41.1%), 265 truncated (58.9%)
2025-09-28 03:54:07,888 - __main__ - INFO -    Skill Entropy: 0.000
2025-09-28 03:54:07,888 - __main__ - INFO -    Used Skills: 0.0
2025-09-28 03:54:07,888 - __main__ - INFO -    Effective K: 0.00
2025-09-28 03:54:07,888 - __main__ - INFO - 🎯 Action Usage Statistics:
2025-09-28 03:54:07,888 - __main__ - INFO -    Unique actions in evaluation: 8
2025-09-28 03:54:07,889 - __main__ - INFO -    Unique actions in training: 8
2025-09-28 03:54:07,889 - __main__ - INFO -    Total unique actions: 8
2025-09-28 03:54:07,889 - __main__ - INFO -    Action coverage: 6.6%
2025-09-28 03:54:07,889 - __main__ - INFO -    Train action count: 90112
2025-09-28 03:54:07,889 - __main__ - INFO -    Eval action count: 110118
2025-09-28 03:54:07,889 - __main__ - INFO -    Train action entropy: 1.864
2025-09-28 03:54:07,890 - __main__ - INFO -    Eval action entropy: 1.845
2025-09-28 03:54:07,890 - __main__ - INFO -    Top 3 train actions: #1(27099), #2(13576), #0(13149)
2025-09-28 03:54:07,890 - __main__ - INFO -    Top 3 eval actions: #1(34286), #2(16062), #4(15982)
2025-09-28 03:54:09,695 - __main__ - INFO - 📊 Episodes completed this rollout: 4
2025-09-28 03:54:09,695 - __main__ - INFO - 📈 Episode stats: avg return = 0.98, avg length = 50.2
2025-09-28 03:54:09,696 - __main__ - INFO - 🎯 Top 3 training actions: #1(27445), #2(13792), #0(13347)
2025-09-28 03:54:12,689 - __main__ - INFO - 📊 Episodes completed this rollout: 8
2025-09-28 03:54:12,689 - __main__ - INFO - 📈 Episode stats: avg return = 0.46, avg length = 225.1
2025-09-28 03:54:12,690 - __main__ - INFO - 🎯 Top 3 training actions: #1(27802), #2(14002), #0(13532)
2025-09-28 03:54:15,642 - __main__ - INFO - 📊 Episodes completed this rollout: 4
2025-09-28 03:54:15,643 - __main__ - INFO - 📈 Episode stats: avg return = 0.44, avg length = 203.8
2025-09-28 03:54:15,643 - __main__ - INFO - 🎯 Top 3 training actions: #1(28130), #2(14201), #0(13737)
2025-09-28 03:54:18,588 - __main__ - INFO - 📊 Episodes completed this rollout: 2
2025-09-28 03:54:18,588 - __main__ - INFO - 📈 Episode stats: avg return = 0.46, avg length = 204.0
2025-09-28 03:54:18,588 - __main__ - INFO - 🎯 Top 3 training actions: #1(28474), #2(14386), #0(13912)
2025-09-28 03:54:21,575 - __main__ - INFO - 📊 Episodes completed this rollout: 8
2025-09-28 03:54:21,575 - __main__ - INFO - 📈 Episode stats: avg return = 0.31, avg length = 257.8
2025-09-28 03:54:21,575 - __main__ - INFO - 🎯 Top 3 training actions: #1(28833), #2(14577), #0(14058)
2025-09-28 03:54:24,508 - __main__ - INFO - 📊 Episodes completed this rollout: 3
2025-09-28 03:54:24,509 - __main__ - INFO - 📈 Episode stats: avg return = 0.59, avg length = 169.0
2025-09-28 03:54:24,509 - __main__ - INFO - 🎯 Top 3 training actions: #1(29160), #2(14756), #0(14239)
2025-09-28 03:54:27,422 - __main__ - INFO - 📊 Episodes completed this rollout: 1
2025-09-28 03:54:27,422 - __main__ - INFO - 📈 Episode stats: avg return = -0.02, avg length = 350.0
2025-09-28 03:54:27,423 - __main__ - INFO - 🎯 Top 3 training actions: #1(29481), #2(14938), #0(14430)
2025-09-28 03:54:30,411 - __main__ - INFO - 📊 Episodes completed this rollout: 7
2025-09-28 03:54:30,411 - __main__ - INFO - 📈 Episode stats: avg return = 0.24, avg length = 261.9
2025-09-28 03:54:30,411 - __main__ - INFO - 🎯 Top 3 training actions: #1(29825), #2(15109), #0(14611)
2025-09-28 03:54:33,340 - __main__ - INFO - 📊 Episodes completed this rollout: 5
2025-09-28 03:54:33,340 - __main__ - INFO - 📈 Episode stats: avg return = 0.57, avg length = 174.0
2025-09-28 03:54:33,340 - __main__ - INFO - 🎯 Top 3 training actions: #1(30171), #2(15279), #0(14776)
2025-09-28 03:54:36,242 - __main__ - INFO - 📊 Episodes completed this rollout: 1
2025-09-28 03:54:36,242 - __main__ - INFO - 📈 Episode stats: avg return = -0.06, avg length = 350.0
2025-09-28 03:54:36,242 - __main__ - INFO - 🎯 Top 3 training actions: #1(30578), #2(15436), #0(14954)
2025-09-28 03:54:37,334 - __main__ - INFO - 🧪 Starting evaluation with 50 episodes...
2025-09-28 03:54:37,334 - __main__ - INFO -    Eval seed: 51
2025-09-28 03:54:37,334 - __main__ - INFO -    Max episode steps (eval): env default
2025-09-28 03:54:37,335 - nle.env.base - INFO - Not saving any NLE data.
2025-09-28 03:54:41,051 - __main__ - WARNING - ⚠️ Episode 2 terminated due to step limit.
2025-09-28 03:54:44,452 - __main__ - WARNING - ⚠️ Episode 3 terminated due to step limit.
2025-09-28 03:54:47,770 - __main__ - WARNING - ⚠️ Episode 4 terminated due to step limit.
2025-09-28 03:54:51,904 - __main__ - WARNING - ⚠️ Episode 6 terminated due to step limit.
2025-09-28 03:54:56,076 - __main__ - WARNING - ⚠️ Episode 8 terminated due to step limit.
2025-09-28 03:54:59,430 - __main__ - WARNING - ⚠️ Episode 9 terminated due to step limit.
2025-09-28 03:55:02,848 - __main__ - WARNING - ⚠️ Episode 10 terminated due to step limit.
2025-09-28 03:55:06,240 - __main__ - WARNING - ⚠️ Episode 11 terminated due to step limit.
2025-09-28 03:55:09,637 - __main__ - WARNING - ⚠️ Episode 12 terminated due to step limit.
2025-09-28 03:55:12,969 - __main__ - WARNING - ⚠️ Episode 13 terminated due to step limit.
2025-09-28 03:55:19,941 - __main__ - WARNING - ⚠️ Episode 17 terminated due to step limit.
2025-09-28 03:55:23,239 - __main__ - WARNING - ⚠️ Episode 18 terminated due to step limit.
2025-09-28 03:55:27,075 - __main__ - WARNING - ⚠️ Episode 20 terminated due to step limit.
2025-09-28 03:55:30,368 - __main__ - WARNING - ⚠️ Episode 21 terminated due to step limit.
2025-09-28 03:55:35,279 - __main__ - WARNING - ⚠️ Episode 24 terminated due to step limit.
2025-09-28 03:55:38,604 - __main__ - WARNING - ⚠️ Episode 25 terminated due to step limit.
2025-09-28 03:55:41,923 - __main__ - WARNING - ⚠️ Episode 26 terminated due to step limit.
2025-09-28 03:55:45,240 - __main__ - WARNING - ⚠️ Episode 27 terminated due to step limit.
2025-09-28 03:55:48,898 - __main__ - WARNING - ⚠️ Episode 29 terminated due to step limit.
2025-09-28 03:55:52,171 - __main__ - WARNING - ⚠️ Episode 30 terminated due to step limit.
2025-09-28 03:55:56,438 - __main__ - WARNING - ⚠️ Episode 32 terminated due to step limit.
2025-09-28 03:55:59,712 - __main__ - WARNING - ⚠️ Episode 33 terminated due to step limit.
2025-09-28 03:56:03,929 - __main__ - WARNING - ⚠️ Episode 36 terminated due to step limit.
2025-09-28 03:56:07,794 - __main__ - WARNING - ⚠️ Episode 39 terminated due to step limit.
2025-09-28 03:56:11,739 - __main__ - WARNING - ⚠️ Episode 41 terminated due to step limit.
2025-09-28 03:56:15,937 - __main__ - WARNING - ⚠️ Episode 44 terminated due to step limit.
2025-09-28 03:56:19,389 - __main__ - WARNING - ⚠️ Episode 45 terminated due to step limit.
2025-09-28 03:56:24,699 - __main__ - WARNING - ⚠️ Episode 49 terminated due to step limit.
2025-09-28 03:56:28,003 - __main__ - WARNING - ⚠️ Episode 50 terminated due to step limit.
2025-09-28 03:56:28,006 - __main__ - INFO - 📊 Evaluation Results (Current Round):
2025-09-28 03:56:28,006 - __main__ - INFO -    Episodes: 50
2025-09-28 03:56:28,007 - __main__ - INFO -    Time: 110.7s (2.2s/ep)
2025-09-28 03:56:28,007 - __main__ - INFO -    Average Return: 0.359 ± 0.496
2025-09-28 03:56:28,007 - __main__ - INFO -    Success Rate: 42.0%
2025-09-28 03:56:28,007 - __main__ - INFO -    Average Length: 232.1
2025-09-28 03:56:28,007 - __main__ - INFO -    Average Coverage: 26.6 positions
2025-09-28 03:56:28,007 - __main__ - INFO -    Episode Completions: 21 terminated (42.0%), 29 truncated (58.0%)
2025-09-28 03:56:28,007 - __main__ - INFO - 📈 Total Evaluation Statistics:
2025-09-28 03:56:28,007 - __main__ - INFO -    Total Episodes: 500
2025-09-28 03:56:28,009 - __main__ - INFO -    Total Average Return: 0.373 ± 0.486
2025-09-28 03:56:28,010 - __main__ - INFO -    Total Average Length: 243.4 ± 134.4
2025-09-28 03:56:28,010 - __main__ - INFO -    Total Completions: 206 terminated (41.2%), 294 truncated (58.8%)
2025-09-28 03:56:28,010 - __main__ - INFO -    Skill Entropy: 0.000
2025-09-28 03:56:28,010 - __main__ - INFO -    Used Skills: 0.0
2025-09-28 03:56:28,010 - __main__ - INFO -    Effective K: 0.00
2025-09-28 03:56:28,010 - __main__ - INFO - 🎯 Action Usage Statistics:
2025-09-28 03:56:28,010 - __main__ - INFO -    Unique actions in evaluation: 8
2025-09-28 03:56:28,010 - __main__ - INFO -    Unique actions in training: 8
2025-09-28 03:56:28,010 - __main__ - INFO -    Total unique actions: 8
2025-09-28 03:56:28,010 - __main__ - INFO -    Action coverage: 6.6%
2025-09-28 03:56:28,011 - __main__ - INFO -    Train action count: 100352
2025-09-28 03:56:28,011 - __main__ - INFO -    Eval action count: 121724
2025-09-28 03:56:28,011 - __main__ - INFO -    Train action entropy: 1.853
2025-09-28 03:56:28,012 - __main__ - INFO -    Eval action entropy: 1.833
2025-09-28 03:56:28,012 - __main__ - INFO -    Top 3 train actions: #1(30578), #2(15436), #0(14954)
2025-09-28 03:56:28,012 - __main__ - INFO -    Top 3 eval actions: #1(38772), #2(17649), #4(17536)
2025-09-28 03:56:29,948 - __main__ - INFO - 📊 Episodes completed this rollout: 7
2025-09-28 03:56:29,948 - __main__ - INFO - 📈 Episode stats: avg return = 0.36, avg length = 244.4
2025-09-28 03:56:29,949 - __main__ - INFO - 🎯 Top 3 training actions: #1(30998), #2(15569), #0(15126)
2025-09-28 03:56:31,063 - __main__ - INFO - 🔄 Synchronized model update at step 101,376
2025-09-28 03:56:31,064 - __main__ - INFO -    HMM interval: inf, VAE interval: 12,000
2025-09-28 03:56:31,064 - __main__ - INFO - 🚫 Model training masking: 420/12288 timesteps masked (3.4%) due to negative rewards (invalid actions)
2025-09-28 03:56:31,064 - __main__ - INFO - 🔄 VAE refresh starting at step 101,376 with replay size 8x1536
2025-09-28 03:56:31,065 - __main__ - INFO -    Using span sampling (12288 timesteps, too large for full buffer)
2025-09-28 03:56:51,936 - __main__ - INFO -    VAE refresh complete: final_loss=1469.2064, avg_loss=1475.3720, steps=4/4, trend=improving, total_timesteps=12288, span_sampling=32_requested×4_steps, span_len=64
2025-09-28 03:56:51,938 - __main__ - INFO -    ✅ VAE updated (next in 12,000 steps)
2025-09-28 03:56:53,789 - __main__ - INFO - 📊 Episodes completed this rollout: 3
2025-09-28 03:56:53,789 - __main__ - INFO - 📈 Episode stats: avg return = 0.28, avg length = 252.7
2025-09-28 03:56:53,789 - __main__ - INFO - 🎯 Top 3 training actions: #1(31348), #2(15739), #0(15313)
2025-09-28 03:56:56,760 - __main__ - INFO - 📊 Episodes completed this rollout: 3
2025-09-28 03:56:56,760 - __main__ - INFO - 📈 Episode stats: avg return = 0.24, avg length = 255.0
2025-09-28 03:56:56,760 - __main__ - INFO - 🎯 Top 3 training actions: #1(31735), #2(15904), #0(15487)
2025-09-28 03:56:59,742 - __main__ - INFO - 📊 Episodes completed this rollout: 5
2025-09-28 03:56:59,743 - __main__ - INFO - 📈 Episode stats: avg return = 0.13, avg length = 281.8
2025-09-28 03:56:59,743 - __main__ - INFO - 🎯 Top 3 training actions: #1(32119), #2(16037), #0(15666)
2025-09-28 03:57:02,706 - __main__ - INFO - 📊 Episodes completed this rollout: 3
2025-09-28 03:57:02,706 - __main__ - INFO - 📈 Episode stats: avg return = 0.22, avg length = 251.0
2025-09-28 03:57:02,706 - __main__ - INFO - 🎯 Top 3 training actions: #1(32511), #2(16143), #0(15859)
2025-09-28 03:57:05,679 - __main__ - INFO - 📊 Episodes completed this rollout: 3
2025-09-28 03:57:05,680 - __main__ - INFO - 📈 Episode stats: avg return = -0.08, avg length = 350.0
2025-09-28 03:57:05,680 - __main__ - INFO - 🎯 Top 3 training actions: #1(32849), #2(16276), #0(16048)
2025-09-28 03:57:08,666 - __main__ - INFO - 📊 Episodes completed this rollout: 4
2025-09-28 03:57:08,666 - __main__ - INFO - 📈 Episode stats: avg return = -0.06, avg length = 350.0
2025-09-28 03:57:08,666 - __main__ - INFO - 🎯 Top 3 training actions: #1(33205), #2(16399), #0(16225)
2025-09-28 03:57:11,606 - __main__ - INFO - 📊 Episodes completed this rollout: 2
2025-09-28 03:57:11,606 - __main__ - INFO - 📈 Episode stats: avg return = 0.36, avg length = 209.0
2025-09-28 03:57:11,606 - __main__ - INFO - 🎯 Top 3 training actions: #1(33556), #2(16522), #0(16426)
2025-09-28 03:57:14,600 - __main__ - INFO - 📊 Episodes completed this rollout: 5
2025-09-28 03:57:14,600 - __main__ - INFO - 📈 Episode stats: avg return = -0.07, avg length = 350.0
2025-09-28 03:57:14,601 - __main__ - INFO - 🎯 Top 3 training actions: #1(33884), #2(16660), #0(16633)
2025-09-28 03:57:17,548 - __main__ - INFO - 📊 Episodes completed this rollout: 4
2025-09-28 03:57:17,548 - __main__ - INFO - 📈 Episode stats: avg return = 0.41, avg length = 204.0
2025-09-28 03:57:17,549 - __main__ - INFO - 🎯 Top 3 training actions: #1(34218), #0(16808), #2(16793)
2025-09-28 03:57:18,665 - __main__ - INFO - 🧪 Starting evaluation with 50 episodes...
2025-09-28 03:57:18,665 - __main__ - INFO -    Eval seed: 51
2025-09-28 03:57:18,665 - __main__ - INFO -    Max episode steps (eval): env default
2025-09-28 03:57:18,666 - nle.env.base - INFO - Not saving any NLE data.
2025-09-28 03:57:22,544 - __main__ - WARNING - ⚠️ Episode 2 terminated due to step limit.
2025-09-28 03:57:26,003 - __main__ - WARNING - ⚠️ Episode 4 terminated due to step limit.
2025-09-28 03:57:29,268 - __main__ - WARNING - ⚠️ Episode 5 terminated due to step limit.
2025-09-28 03:57:32,533 - __main__ - WARNING - ⚠️ Episode 6 terminated due to step limit.
2025-09-28 03:57:35,799 - __main__ - WARNING - ⚠️ Episode 7 terminated due to step limit.
2025-09-28 03:57:40,133 - __main__ - WARNING - ⚠️ Episode 11 terminated due to step limit.
2025-09-28 03:57:43,422 - __main__ - WARNING - ⚠️ Episode 12 terminated due to step limit.
2025-09-28 03:57:46,680 - __main__ - WARNING - ⚠️ Episode 13 terminated due to step limit.
2025-09-28 03:57:49,954 - __main__ - WARNING - ⚠️ Episode 14 terminated due to step limit.
2025-09-28 03:57:54,209 - __main__ - WARNING - ⚠️ Episode 16 terminated due to step limit.
2025-09-28 03:57:58,065 - __main__ - WARNING - ⚠️ Episode 18 terminated due to step limit.
2025-09-28 03:58:02,491 - __main__ - WARNING - ⚠️ Episode 20 terminated due to step limit.
2025-09-28 03:58:06,425 - __main__ - WARNING - ⚠️ Episode 22 terminated due to step limit.
2025-09-28 03:58:09,717 - __main__ - WARNING - ⚠️ Episode 23 terminated due to step limit.
2025-09-28 03:58:13,003 - __main__ - WARNING - ⚠️ Episode 24 terminated due to step limit.
2025-09-28 03:58:17,964 - __main__ - WARNING - ⚠️ Episode 28 terminated due to step limit.
2025-09-28 03:58:21,240 - __main__ - WARNING - ⚠️ Episode 29 terminated due to step limit.
2025-09-28 03:58:27,697 - __main__ - WARNING - ⚠️ Episode 33 terminated due to step limit.
2025-09-28 03:58:30,981 - __main__ - WARNING - ⚠️ Episode 34 terminated due to step limit.
2025-09-28 03:58:34,785 - __main__ - WARNING - ⚠️ Episode 37 terminated due to step limit.
2025-09-28 03:58:38,076 - __main__ - WARNING - ⚠️ Episode 38 terminated due to step limit.
2025-09-28 03:58:41,371 - __main__ - WARNING - ⚠️ Episode 39 terminated due to step limit.
2025-09-28 03:58:44,688 - __main__ - WARNING - ⚠️ Episode 40 terminated due to step limit.
2025-09-28 03:58:47,967 - __main__ - WARNING - ⚠️ Episode 41 terminated due to step limit.
2025-09-28 03:58:51,266 - __main__ - WARNING - ⚠️ Episode 42 terminated due to step limit.
2025-09-28 03:58:54,572 - __main__ - WARNING - ⚠️ Episode 43 terminated due to step limit.
2025-09-28 03:58:57,980 - __main__ - WARNING - ⚠️ Episode 44 terminated due to step limit.
2025-09-28 03:59:03,255 - __main__ - WARNING - ⚠️ Episode 48 terminated due to step limit.
2025-09-28 03:59:06,569 - __main__ - WARNING - ⚠️ Episode 49 terminated due to step limit.
2025-09-28 03:59:07,067 - __main__ - INFO - 📊 Evaluation Results (Current Round):
2025-09-28 03:59:07,067 - __main__ - INFO -    Episodes: 50
2025-09-28 03:59:07,067 - __main__ - INFO -    Time: 108.4s (2.2s/ep)
2025-09-28 03:59:07,067 - __main__ - INFO -    Average Return: 0.361 ± 0.503
2025-09-28 03:59:07,068 - __main__ - INFO -    Success Rate: 42.0%
2025-09-28 03:59:07,068 - __main__ - INFO -    Average Length: 229.5
2025-09-28 03:59:07,068 - __main__ - INFO -    Average Coverage: 26.5 positions
2025-09-28 03:59:07,068 - __main__ - INFO -    Episode Completions: 21 terminated (42.0%), 29 truncated (58.0%)
2025-09-28 03:59:07,068 - __main__ - INFO - 📈 Total Evaluation Statistics:
2025-09-28 03:59:07,068 - __main__ - INFO -    Total Episodes: 550
2025-09-28 03:59:07,068 - __main__ - INFO -    Total Average Return: 0.372 ± 0.488
2025-09-28 03:59:07,068 - __main__ - INFO -    Total Average Length: 242.2 ± 135.3
2025-09-28 03:59:07,068 - __main__ - INFO -    Total Completions: 227 terminated (41.3%), 323 truncated (58.7%)
2025-09-28 03:59:07,068 - __main__ - INFO -    Skill Entropy: 0.000
2025-09-28 03:59:07,068 - __main__ - INFO -    Used Skills: 0.0
2025-09-28 03:59:07,069 - __main__ - INFO -    Effective K: 0.00
2025-09-28 03:59:07,069 - __main__ - INFO - 🎯 Action Usage Statistics:
2025-09-28 03:59:07,069 - __main__ - INFO -    Unique actions in evaluation: 8
2025-09-28 03:59:07,069 - __main__ - INFO -    Unique actions in training: 8
2025-09-28 03:59:07,069 - __main__ - INFO -    Total unique actions: 8
2025-09-28 03:59:07,069 - __main__ - INFO -    Action coverage: 6.6%
2025-09-28 03:59:07,069 - __main__ - INFO -    Train action count: 110592
2025-09-28 03:59:07,069 - __main__ - INFO -    Eval action count: 133201
2025-09-28 03:59:07,069 - __main__ - INFO -    Train action entropy: 1.844
2025-09-28 03:59:07,070 - __main__ - INFO -    Eval action entropy: 1.827
2025-09-28 03:59:07,070 - __main__ - INFO -    Top 3 train actions: #1(34218), #0(16808), #2(16793)
2025-09-28 03:59:07,070 - __main__ - INFO -    Top 3 eval actions: #1(42751), #2(19411), #0(19244)
2025-09-28 03:59:08,886 - __main__ - INFO - 📊 Episodes completed this rollout: 2
2025-09-28 03:59:08,886 - __main__ - INFO - 📈 Episode stats: avg return = -0.08, avg length = 350.0
2025-09-28 03:59:08,886 - __main__ - INFO - 🎯 Top 3 training actions: #1(34581), #0(16992), #2(16952)
2025-09-28 03:59:11,845 - __main__ - INFO - 📊 Episodes completed this rollout: 6
2025-09-28 03:59:11,846 - __main__ - INFO - 📈 Episode stats: avg return = 0.09, avg length = 300.8
2025-09-28 03:59:11,846 - __main__ - INFO - 🎯 Top 3 training actions: #1(34925), #0(17182), #2(17136)
2025-09-28 03:59:14,758 - __main__ - INFO - 📊 Episodes completed this rollout: 3
2025-09-28 03:59:14,758 - __main__ - INFO - 📈 Episode stats: avg return = 0.64, avg length = 167.3
2025-09-28 03:59:14,758 - __main__ - INFO - 🎯 Top 3 training actions: #1(35247), #0(17398), #2(17333)
2025-09-28 03:59:15,840 - __main__ - INFO - 🔄 Synchronized model update at step 113,664
2025-09-28 03:59:15,840 - __main__ - INFO -    HMM interval: inf, VAE interval: 12,000
2025-09-28 03:59:15,841 - __main__ - INFO - 🚫 Model training masking: 228/12288 timesteps masked (1.9%) due to negative rewards (invalid actions)
2025-09-28 03:59:15,841 - __main__ - INFO - 🔄 VAE refresh starting at step 113,664 with replay size 8x1536
2025-09-28 03:59:15,842 - __main__ - INFO -    Using span sampling (12288 timesteps, too large for full buffer)
2025-09-28 03:59:36,969 - __main__ - INFO -    VAE refresh complete: final_loss=1503.0098, avg_loss=1508.8739, steps=4/4, trend=improving, total_timesteps=12288, span_sampling=32_requested×4_steps, span_len=64
2025-09-28 03:59:36,972 - __main__ - INFO -    ✅ VAE updated (next in 12,000 steps)
2025-09-28 03:59:38,793 - __main__ - INFO - 📊 Episodes completed this rollout: 3
2025-09-28 03:59:38,793 - __main__ - INFO - 📈 Episode stats: avg return = 0.31, avg length = 243.0
2025-09-28 03:59:38,793 - __main__ - INFO - 🎯 Top 3 training actions: #1(35589), #0(17601), #2(17549)
2025-09-28 03:59:41,763 - __main__ - INFO - 📊 Episodes completed this rollout: 5
2025-09-28 03:59:41,763 - __main__ - INFO - 📈 Episode stats: avg return = 0.15, avg length = 289.2
2025-09-28 03:59:41,763 - __main__ - INFO - 🎯 Top 3 training actions: #1(35916), #0(17820), #2(17761)
2025-09-28 03:59:44,697 - __main__ - INFO - 📊 Episodes completed this rollout: 4
2025-09-28 03:59:44,698 - __main__ - INFO - 📈 Episode stats: avg return = 0.40, avg length = 198.0
2025-09-28 03:59:44,698 - __main__ - INFO - 🎯 Top 3 training actions: #1(36273), #0(18038), #2(17943)
2025-09-28 03:59:47,658 - __main__ - INFO - 📊 Episodes completed this rollout: 7
2025-09-28 03:59:47,658 - __main__ - INFO - 📈 Episode stats: avg return = 0.39, avg length = 249.0
2025-09-28 03:59:47,658 - __main__ - INFO - 🎯 Top 3 training actions: #1(36591), #0(18268), #2(18135)
2025-09-28 03:59:50,563 - __main__ - INFO - 📊 Episodes completed this rollout: 4
2025-09-28 03:59:50,563 - __main__ - INFO - 📈 Episode stats: avg return = 0.73, avg length = 118.8
2025-09-28 03:59:50,563 - __main__ - INFO - 🎯 Top 3 training actions: #1(36915), #0(18480), #2(18305)
2025-09-28 03:59:53,464 - __main__ - INFO - 📊 Episodes completed this rollout: 2
2025-09-28 03:59:53,464 - __main__ - INFO - 📈 Episode stats: avg return = 0.43, avg length = 198.0
2025-09-28 03:59:53,465 - __main__ - INFO - 🎯 Top 3 training actions: #1(37255), #0(18692), #2(18490)
2025-09-28 03:59:56,459 - __main__ - INFO - 📊 Episodes completed this rollout: 8
2025-09-28 03:59:56,459 - __main__ - INFO - 📈 Episode stats: avg return = 0.19, avg length = 271.2
2025-09-28 03:59:56,459 - __main__ - INFO - 🎯 Top 3 training actions: #1(37611), #0(18882), #2(18693)
2025-09-28 03:59:57,577 - __main__ - INFO - 🧪 Starting evaluation with 50 episodes...
2025-09-28 03:59:57,577 - __main__ - INFO -    Eval seed: 51
2025-09-28 03:59:57,577 - __main__ - INFO -    Max episode steps (eval): env default
2025-09-28 03:59:57,578 - nle.env.base - INFO - Not saving any NLE data.
2025-09-28 04:00:00,940 - __main__ - WARNING - ⚠️ Episode 1 terminated due to step limit.
2025-09-28 04:00:04,293 - __main__ - WARNING - ⚠️ Episode 2 terminated due to step limit.
2025-09-28 04:00:08,211 - __main__ - WARNING - ⚠️ Episode 4 terminated due to step limit.
2025-09-28 04:00:11,903 - __main__ - WARNING - ⚠️ Episode 6 terminated due to step limit.
2025-09-28 04:00:15,175 - __main__ - WARNING - ⚠️ Episode 7 terminated due to step limit.
2025-09-28 04:00:19,415 - __main__ - WARNING - ⚠️ Episode 11 terminated due to step limit.
2025-09-28 04:00:22,658 - __main__ - WARNING - ⚠️ Episode 12 terminated due to step limit.
2025-09-28 04:00:26,325 - __main__ - WARNING - ⚠️ Episode 14 terminated due to step limit.
2025-09-28 04:00:29,581 - __main__ - WARNING - ⚠️ Episode 15 terminated due to step limit.
2025-09-28 04:00:35,744 - __main__ - WARNING - ⚠️ Episode 17 terminated due to step limit.
2025-09-28 04:00:39,019 - __main__ - WARNING - ⚠️ Episode 18 terminated due to step limit.
2025-09-28 04:00:43,661 - __main__ - WARNING - ⚠️ Episode 21 terminated due to step limit.
2025-09-28 04:00:48,760 - __main__ - WARNING - ⚠️ Episode 24 terminated due to step limit.
2025-09-28 04:00:54,145 - __main__ - WARNING - ⚠️ Episode 27 terminated due to step limit.
2025-09-28 04:00:57,415 - __main__ - WARNING - ⚠️ Episode 28 terminated due to step limit.
2025-09-28 04:01:01,456 - __main__ - WARNING - ⚠️ Episode 31 terminated due to step limit.
2025-09-28 04:01:06,438 - __main__ - WARNING - ⚠️ Episode 34 terminated due to step limit.
2025-09-28 04:01:09,745 - __main__ - WARNING - ⚠️ Episode 35 terminated due to step limit.
2025-09-28 04:01:13,010 - __main__ - WARNING - ⚠️ Episode 36 terminated due to step limit.
2025-09-28 04:01:16,279 - __main__ - WARNING - ⚠️ Episode 37 terminated due to step limit.
2025-09-28 04:01:19,562 - __main__ - WARNING - ⚠️ Episode 38 terminated due to step limit.
2025-09-28 04:01:22,813 - __main__ - WARNING - ⚠️ Episode 39 terminated due to step limit.
2025-09-28 04:01:26,449 - __main__ - WARNING - ⚠️ Episode 41 terminated due to step limit.
2025-09-28 04:01:29,708 - __main__ - WARNING - ⚠️ Episode 42 terminated due to step limit.
2025-09-28 04:01:33,004 - __main__ - WARNING - ⚠️ Episode 43 terminated due to step limit.
2025-09-28 04:01:36,226 - __main__ - WARNING - ⚠️ Episode 44 terminated due to step limit.
2025-09-28 04:01:39,520 - __main__ - WARNING - ⚠️ Episode 45 terminated due to step limit.
2025-09-28 04:01:42,895 - __main__ - WARNING - ⚠️ Episode 46 terminated due to step limit.
2025-09-28 04:01:47,175 - __main__ - WARNING - ⚠️ Episode 48 terminated due to step limit.
2025-09-28 04:01:50,446 - __main__ - WARNING - ⚠️ Episode 49 terminated due to step limit.
2025-09-28 04:01:50,706 - __main__ - INFO - 📊 Evaluation Results (Current Round):
2025-09-28 04:01:50,706 - __main__ - INFO -    Episodes: 50
2025-09-28 04:01:50,706 - __main__ - INFO -    Time: 113.1s (2.3s/ep)
2025-09-28 04:01:50,706 - __main__ - INFO -    Average Return: 0.352 ± 0.492
2025-09-28 04:01:50,706 - __main__ - INFO -    Success Rate: 40.0%
2025-09-28 04:01:50,706 - __main__ - INFO -    Average Length: 241.0
2025-09-28 04:01:50,706 - __main__ - INFO -    Average Coverage: 28.8 positions
2025-09-28 04:01:50,706 - __main__ - INFO -    Episode Completions: 20 terminated (40.0%), 30 truncated (60.0%)
2025-09-28 04:01:50,706 - __main__ - INFO - 📈 Total Evaluation Statistics:
2025-09-28 04:01:50,706 - __main__ - INFO -    Total Episodes: 600
2025-09-28 04:01:50,707 - __main__ - INFO -    Total Average Return: 0.370 ± 0.488
2025-09-28 04:01:50,707 - __main__ - INFO -    Total Average Length: 242.1 ± 135.7
2025-09-28 04:01:50,707 - __main__ - INFO -    Total Completions: 247 terminated (41.2%), 353 truncated (58.8%)
2025-09-28 04:01:50,707 - __main__ - INFO -    Skill Entropy: 0.000
2025-09-28 04:01:50,707 - __main__ - INFO -    Used Skills: 0.0
2025-09-28 04:01:50,707 - __main__ - INFO -    Effective K: 0.00
2025-09-28 04:01:50,707 - __main__ - INFO - 🎯 Action Usage Statistics:
2025-09-28 04:01:50,707 - __main__ - INFO -    Unique actions in evaluation: 8
2025-09-28 04:01:50,707 - __main__ - INFO -    Unique actions in training: 8
2025-09-28 04:01:50,707 - __main__ - INFO -    Total unique actions: 8
2025-09-28 04:01:50,707 - __main__ - INFO -    Action coverage: 6.6%
2025-09-28 04:01:50,708 - __main__ - INFO -    Train action count: 120832
2025-09-28 04:01:50,708 - __main__ - INFO -    Eval action count: 145253
2025-09-28 04:01:50,708 - __main__ - INFO -    Train action entropy: 1.836
2025-09-28 04:01:50,708 - __main__ - INFO -    Eval action entropy: 1.821
2025-09-28 04:01:50,709 - __main__ - INFO -    Top 3 train actions: #1(37611), #0(18882), #2(18693)
2025-09-28 04:01:50,709 - __main__ - INFO -    Top 3 eval actions: #1(46853), #2(21812), #0(21578)
2025-09-28 04:01:52,529 - __main__ - INFO - 📊 Episodes completed this rollout: 2
2025-09-28 04:01:52,529 - __main__ - INFO - 📈 Episode stats: avg return = 0.42, avg length = 203.0
2025-09-28 04:01:52,529 - __main__ - INFO - 🎯 Top 3 training actions: #1(37946), #0(19096), #2(18897)
2025-09-28 04:01:55,416 - __main__ - INFO - 📊 Episodes completed this rollout: 1
2025-09-28 04:01:55,416 - __main__ - INFO - 📈 Episode stats: avg return = -0.04, avg length = 350.0
2025-09-28 04:01:55,417 - __main__ - INFO - 🎯 Top 3 training actions: #1(38279), #0(19312), #2(19104)
2025-09-28 04:01:58,392 - __main__ - INFO - 📊 Episodes completed this rollout: 7
2025-09-28 04:01:58,392 - __main__ - INFO - 📈 Episode stats: avg return = 0.09, avg length = 314.0
2025-09-28 04:01:58,393 - __main__ - INFO - 🎯 Top 3 training actions: #1(38654), #0(19493), #2(19298)
2025-09-28 04:02:01,305 - __main__ - INFO - 📊 Episodes completed this rollout: 2
2025-09-28 04:02:01,305 - __main__ - INFO - 📈 Episode stats: avg return = 0.47, avg length = 256.5
2025-09-28 04:02:01,305 - __main__ - INFO - 🎯 Top 3 training actions: #1(39019), #0(19689), #2(19499)
2025-09-28 04:02:04,221 - __main__ - INFO - 📊 Episodes completed this rollout: 3
2025-09-28 04:02:04,221 - __main__ - INFO - 📈 Episode stats: avg return = -0.01, avg length = 350.0
2025-09-28 04:02:04,221 - __main__ - INFO - 🎯 Top 3 training actions: #1(39364), #0(19911), #2(19732)
2025-09-28 04:02:05,302 - __main__ - INFO - 🔄 Synchronized model update at step 125,952
2025-09-28 04:02:05,303 - __main__ - INFO -    HMM interval: inf, VAE interval: 12,000
2025-09-28 04:02:05,303 - __main__ - INFO - 🚫 Model training masking: 156/12288 timesteps masked (1.3%) due to negative rewards (invalid actions)
2025-09-28 04:02:05,303 - __main__ - INFO - 🔄 VAE refresh starting at step 125,952 with replay size 8x1536
2025-09-28 04:02:05,304 - __main__ - INFO -    Using span sampling (12288 timesteps, too large for full buffer)
2025-09-28 04:02:26,499 - __main__ - INFO -    VAE refresh complete: final_loss=1473.5828, avg_loss=1473.8243, steps=4/4, trend=improving, total_timesteps=12288, span_sampling=32_requested×4_steps, span_len=64
2025-09-28 04:02:26,501 - __main__ - INFO -    ✅ VAE updated (next in 12,000 steps)
2025-09-28 04:02:28,342 - __main__ - INFO - 📊 Episodes completed this rollout: 6
2025-09-28 04:02:28,343 - __main__ - INFO - 📈 Episode stats: avg return = 0.30, avg length = 264.3
2025-09-28 04:02:28,343 - __main__ - INFO - 🎯 Top 3 training actions: #1(39709), #0(20123), #2(19954)
2025-09-28 04:02:31,262 - __main__ - INFO - 📊 Episodes completed this rollout: 2
2025-09-28 04:02:31,262 - __main__ - INFO - 📈 Episode stats: avg return = 0.45, avg length = 209.5
2025-09-28 04:02:31,263 - __main__ - INFO - 🎯 Top 3 training actions: #1(40072), #0(20325), #2(20190)
2025-09-28 04:02:34,191 - __main__ - INFO - 📊 Episodes completed this rollout: 1
2025-09-28 04:02:34,192 - __main__ - INFO - 📈 Episode stats: avg return = -0.05, avg length = 350.0
2025-09-28 04:02:34,192 - __main__ - INFO - 🎯 Top 3 training actions: #1(40439), #0(20510), #2(20412)
2025-09-28 04:02:37,212 - __main__ - INFO - 📊 Episodes completed this rollout: 7
2025-09-28 04:02:37,213 - __main__ - INFO - 📈 Episode stats: avg return = 0.22, avg length = 268.0
2025-09-28 04:02:37,213 - __main__ - INFO - 🎯 Top 3 training actions: #1(40795), #0(20707), #2(20613)
2025-09-28 04:02:38,328 - __main__ - INFO - 🧪 Starting evaluation with 50 episodes...
2025-09-28 04:02:38,328 - __main__ - INFO -    Eval seed: 51
2025-09-28 04:02:38,328 - __main__ - INFO -    Max episode steps (eval): env default
2025-09-28 04:02:38,328 - nle.env.base - INFO - Not saving any NLE data.
2025-09-28 04:02:41,669 - __main__ - WARNING - ⚠️ Episode 1 terminated due to step limit.
2025-09-28 04:02:46,297 - __main__ - WARNING - ⚠️ Episode 4 terminated due to step limit.
2025-09-28 04:02:51,157 - __main__ - WARNING - ⚠️ Episode 6 terminated due to step limit.
2025-09-28 04:02:54,439 - __main__ - WARNING - ⚠️ Episode 7 terminated due to step limit.
2025-09-28 04:02:57,732 - __main__ - WARNING - ⚠️ Episode 8 terminated due to step limit.
2025-09-28 04:03:02,431 - __main__ - WARNING - ⚠️ Episode 10 terminated due to step limit.
2025-09-28 04:03:06,118 - __main__ - WARNING - ⚠️ Episode 12 terminated due to step limit.
2025-09-28 04:03:09,447 - __main__ - WARNING - ⚠️ Episode 13 terminated due to step limit.
2025-09-28 04:03:12,730 - __main__ - WARNING - ⚠️ Episode 14 terminated due to step limit.
2025-09-28 04:03:16,018 - __main__ - WARNING - ⚠️ Episode 15 terminated due to step limit.
2025-09-28 04:03:19,300 - __main__ - WARNING - ⚠️ Episode 16 terminated due to step limit.
2025-09-28 04:03:22,574 - __main__ - WARNING - ⚠️ Episode 17 terminated due to step limit.
2025-09-28 04:03:28,367 - __main__ - WARNING - ⚠️ Episode 19 terminated due to step limit.
2025-09-28 04:03:31,631 - __main__ - WARNING - ⚠️ Episode 20 terminated due to step limit.
2025-09-28 04:03:35,214 - __main__ - WARNING - ⚠️ Episode 22 terminated due to step limit.
2025-09-28 04:03:38,493 - __main__ - WARNING - ⚠️ Episode 23 terminated due to step limit.
2025-09-28 04:03:41,763 - __main__ - WARNING - ⚠️ Episode 24 terminated due to step limit.
2025-09-28 04:03:45,968 - __main__ - WARNING - ⚠️ Episode 26 terminated due to step limit.
2025-09-28 04:03:49,226 - __main__ - WARNING - ⚠️ Episode 27 terminated due to step limit.
2025-09-28 04:03:52,459 - __main__ - WARNING - ⚠️ Episode 28 terminated due to step limit.
2025-09-28 04:03:56,798 - __main__ - WARNING - ⚠️ Episode 30 terminated due to step limit.
2025-09-28 04:04:00,775 - __main__ - WARNING - ⚠️ Episode 32 terminated due to step limit.
2025-09-28 04:04:06,345 - __main__ - WARNING - ⚠️ Episode 34 terminated due to step limit.
2025-09-28 04:04:10,048 - __main__ - WARNING - ⚠️ Episode 36 terminated due to step limit.
2025-09-28 04:04:13,459 - __main__ - WARNING - ⚠️ Episode 37 terminated due to step limit.
2025-09-28 04:04:16,773 - __main__ - WARNING - ⚠️ Episode 38 terminated due to step limit.
2025-09-28 04:04:21,690 - __main__ - WARNING - ⚠️ Episode 42 terminated due to step limit.
2025-09-28 04:04:25,591 - __main__ - WARNING - ⚠️ Episode 44 terminated due to step limit.
2025-09-28 04:04:28,953 - __main__ - WARNING - ⚠️ Episode 45 terminated due to step limit.
2025-09-28 04:04:32,377 - __main__ - WARNING - ⚠️ Episode 46 terminated due to step limit.
2025-09-28 04:04:35,731 - __main__ - WARNING - ⚠️ Episode 47 terminated due to step limit.
2025-09-28 04:04:42,115 - __main__ - WARNING - ⚠️ Episode 49 terminated due to step limit.
2025-09-28 04:04:45,496 - __main__ - WARNING - ⚠️ Episode 50 terminated due to step limit.
2025-09-28 04:04:45,499 - __main__ - INFO - 📊 Evaluation Results (Current Round):
2025-09-28 04:04:45,499 - __main__ - INFO -    Episodes: 50
2025-09-28 04:04:45,499 - __main__ - INFO -    Time: 127.2s (2.5s/ep)
2025-09-28 04:04:45,499 - __main__ - INFO -    Average Return: 0.273 ± 0.477
2025-09-28 04:04:45,500 - __main__ - INFO -    Success Rate: 34.0%
2025-09-28 04:04:45,500 - __main__ - INFO -    Average Length: 270.0
2025-09-28 04:04:45,500 - __main__ - INFO -    Average Coverage: 28.6 positions
2025-09-28 04:04:45,500 - __main__ - INFO -    Episode Completions: 17 terminated (34.0%), 33 truncated (66.0%)
2025-09-28 04:04:45,500 - __main__ - INFO - 📈 Total Evaluation Statistics:
2025-09-28 04:04:45,500 - __main__ - INFO -    Total Episodes: 650
2025-09-28 04:04:45,500 - __main__ - INFO -    Total Average Return: 0.363 ± 0.488
2025-09-28 04:04:45,500 - __main__ - INFO -    Total Average Length: 244.2 ± 134.9
2025-09-28 04:04:45,500 - __main__ - INFO -    Total Completions: 264 terminated (40.6%), 386 truncated (59.4%)
2025-09-28 04:04:45,500 - __main__ - INFO -    Skill Entropy: 0.000
2025-09-28 04:04:45,501 - __main__ - INFO -    Used Skills: 0.0
2025-09-28 04:04:45,501 - __main__ - INFO -    Effective K: 0.00
2025-09-28 04:04:45,501 - __main__ - INFO - 🎯 Action Usage Statistics:
2025-09-28 04:04:45,501 - __main__ - INFO -    Unique actions in evaluation: 8
2025-09-28 04:04:45,501 - __main__ - INFO -    Unique actions in training: 8
2025-09-28 04:04:45,501 - __main__ - INFO -    Total unique actions: 8
2025-09-28 04:04:45,501 - __main__ - INFO -    Action coverage: 6.6%
2025-09-28 04:04:45,501 - __main__ - INFO -    Train action count: 130048
2025-09-28 04:04:45,501 - __main__ - INFO -    Eval action count: 158751
2025-09-28 04:04:45,502 - __main__ - INFO -    Train action entropy: 1.829
2025-09-28 04:04:45,502 - __main__ - INFO -    Eval action entropy: 1.812
2025-09-28 04:04:45,502 - __main__ - INFO -    Top 3 train actions: #1(40795), #0(20707), #2(20613)
2025-09-28 04:04:45,502 - __main__ - INFO -    Top 3 eval actions: #1(52077), #2(24439), #0(24167)
2025-09-28 04:04:47,337 - __main__ - INFO - 📊 Episodes completed this rollout: 3
2025-09-28 04:04:47,337 - __main__ - INFO - 📈 Episode stats: avg return = 0.28, avg length = 248.3
2025-09-28 04:04:47,337 - __main__ - INFO - 🎯 Top 3 training actions: #1(41179), #0(20905), #2(20819)
2025-09-28 04:04:50,273 - __main__ - INFO - 📊 Episodes completed this rollout: 5
2025-09-28 04:04:50,274 - __main__ - INFO - 📈 Episode stats: avg return = 0.36, avg length = 246.4
2025-09-28 04:04:50,274 - __main__ - INFO - 🎯 Top 3 training actions: #1(41553), #0(21123), #2(21035)
2025-09-28 04:04:53,241 - __main__ - INFO - 📊 Episodes completed this rollout: 6
2025-09-28 04:04:53,241 - __main__ - INFO - 📈 Episode stats: avg return = 0.27, avg length = 244.8
2025-09-28 04:04:53,242 - __main__ - INFO - 🎯 Top 3 training actions: #1(41958), #0(21315), #2(21226)
2025-09-28 04:04:56,152 - __main__ - INFO - 📊 Episodes completed this rollout: 2
2025-09-28 04:04:56,152 - __main__ - INFO - 📈 Episode stats: avg return = 0.94, avg length = 117.0
2025-09-28 04:04:56,152 - __main__ - INFO - 🎯 Top 3 training actions: #1(42381), #0(21494), #2(21426)
2025-09-28 04:04:59,104 - __main__ - INFO - 📊 Episodes completed this rollout: 6
2025-09-28 04:04:59,104 - __main__ - INFO - 📈 Episode stats: avg return = 0.27, avg length = 255.8
2025-09-28 04:04:59,104 - __main__ - INFO - 🎯 Top 3 training actions: #1(42814), #0(21666), #2(21590)
2025-09-28 04:05:02,063 - __main__ - INFO - 📊 Episodes completed this rollout: 7
2025-09-28 04:05:02,064 - __main__ - INFO - 📈 Episode stats: avg return = 0.53, avg length = 168.3
2025-09-28 04:05:02,064 - __main__ - INFO - 🎯 Top 3 training actions: #1(43264), #0(21853), #2(21764)
2025-09-28 04:05:04,987 - __main__ - INFO - 📊 Episodes completed this rollout: 2
2025-09-28 04:05:04,987 - __main__ - INFO - 📈 Episode stats: avg return = -0.04, avg length = 350.0
2025-09-28 04:05:04,988 - __main__ - INFO - 🎯 Top 3 training actions: #1(43673), #0(22039), #2(21972)
2025-09-28 04:05:07,882 - __main__ - INFO - 📊 Episodes completed this rollout: 2
2025-09-28 04:05:07,882 - __main__ - INFO - 📈 Episode stats: avg return = 0.41, avg length = 336.5
2025-09-28 04:05:07,882 - __main__ - INFO - 🎯 Top 3 training actions: #1(44065), #0(22236), #2(22189)
2025-09-28 04:05:08,969 - __main__ - INFO - 🔄 Synchronized model update at step 138,240
2025-09-28 04:05:08,970 - __main__ - INFO -    HMM interval: inf, VAE interval: 12,000
2025-09-28 04:05:08,970 - __main__ - INFO - 🚫 Model training masking: 168/12288 timesteps masked (1.4%) due to negative rewards (invalid actions)
2025-09-28 04:05:08,970 - __main__ - INFO - 🔄 VAE refresh starting at step 138,240 with replay size 8x1536
2025-09-28 04:05:08,971 - __main__ - INFO -    Using span sampling (12288 timesteps, too large for full buffer)
2025-09-28 04:05:30,418 - __main__ - INFO -    VAE refresh complete: final_loss=1436.0476, avg_loss=1455.7637, steps=4/4, trend=improving, total_timesteps=12288, span_sampling=32_requested×4_steps, span_len=64
2025-09-28 04:05:30,420 - __main__ - INFO -    ✅ VAE updated (next in 12,000 steps)
2025-09-28 04:05:32,270 - __main__ - INFO - 📊 Episodes completed this rollout: 5
2025-09-28 04:05:32,270 - __main__ - INFO - 📈 Episode stats: avg return = 0.16, avg length = 289.0
2025-09-28 04:05:32,270 - __main__ - INFO - 🎯 Top 3 training actions: #1(44445), #0(22438), #2(22406)
2025-09-28 04:05:35,187 - __main__ - INFO - 📊 Episodes completed this rollout: 3
2025-09-28 04:05:35,187 - __main__ - INFO - 📈 Episode stats: avg return = 0.29, avg length = 259.7
2025-09-28 04:05:35,187 - __main__ - INFO - 🎯 Top 3 training actions: #1(44798), #0(22661), #2(22630)
2025-09-28 04:05:36,302 - __main__ - INFO - 🧪 Starting evaluation with 50 episodes...
2025-09-28 04:05:36,302 - __main__ - INFO -    Eval seed: 51
2025-09-28 04:05:36,302 - __main__ - INFO -    Max episode steps (eval): env default
2025-09-28 04:05:36,303 - nle.env.base - INFO - Not saving any NLE data.
2025-09-28 04:05:39,644 - __main__ - WARNING - ⚠️ Episode 1 terminated due to step limit.
2025-09-28 04:05:42,961 - __main__ - WARNING - ⚠️ Episode 2 terminated due to step limit.
2025-09-28 04:05:46,349 - __main__ - WARNING - ⚠️ Episode 3 terminated due to step limit.
2025-09-28 04:05:51,218 - __main__ - WARNING - ⚠️ Episode 7 terminated due to step limit.
2025-09-28 04:05:54,533 - __main__ - WARNING - ⚠️ Episode 8 terminated due to step limit.
2025-09-28 04:05:58,110 - __main__ - WARNING - ⚠️ Episode 10 terminated due to step limit.
2025-09-28 04:06:01,413 - __main__ - WARNING - ⚠️ Episode 11 terminated due to step limit.
2025-09-28 04:06:04,753 - __main__ - WARNING - ⚠️ Episode 12 terminated due to step limit.
2025-09-28 04:06:08,053 - __main__ - WARNING - ⚠️ Episode 13 terminated due to step limit.
2025-09-28 04:06:12,524 - __main__ - WARNING - ⚠️ Episode 16 terminated due to step limit.
2025-09-28 04:06:15,881 - __main__ - WARNING - ⚠️ Episode 17 terminated due to step limit.
2025-09-28 04:06:19,505 - __main__ - WARNING - ⚠️ Episode 19 terminated due to step limit.
2025-09-28 04:06:23,353 - __main__ - WARNING - ⚠️ Episode 21 terminated due to step limit.
2025-09-28 04:06:26,607 - __main__ - WARNING - ⚠️ Episode 22 terminated due to step limit.
2025-09-28 04:06:29,866 - __main__ - WARNING - ⚠️ Episode 23 terminated due to step limit.
2025-09-28 04:06:34,447 - __main__ - WARNING - ⚠️ Episode 26 terminated due to step limit.
2025-09-28 04:06:37,728 - __main__ - WARNING - ⚠️ Episode 27 terminated due to step limit.
2025-09-28 04:06:41,004 - __main__ - WARNING - ⚠️ Episode 28 terminated due to step limit.
2025-09-28 04:06:47,538 - __main__ - WARNING - ⚠️ Episode 31 terminated due to step limit.
2025-09-28 04:06:52,248 - __main__ - WARNING - ⚠️ Episode 34 terminated due to step limit.
2025-09-28 04:06:55,497 - __main__ - WARNING - ⚠️ Episode 35 terminated due to step limit.
2025-09-28 04:06:58,731 - __main__ - WARNING - ⚠️ Episode 36 terminated due to step limit.
2025-09-28 04:07:04,536 - __main__ - WARNING - ⚠️ Episode 38 terminated due to step limit.
2025-09-28 04:07:07,767 - __main__ - WARNING - ⚠️ Episode 39 terminated due to step limit.
2025-09-28 04:07:11,005 - __main__ - WARNING - ⚠️ Episode 40 terminated due to step limit.
2025-09-28 04:07:14,267 - __main__ - WARNING - ⚠️ Episode 41 terminated due to step limit.
2025-09-28 04:07:17,546 - __main__ - WARNING - ⚠️ Episode 42 terminated due to step limit.
2025-09-28 04:07:20,884 - __main__ - WARNING - ⚠️ Episode 43 terminated due to step limit.
2025-09-28 04:07:24,157 - __main__ - WARNING - ⚠️ Episode 44 terminated due to step limit.
2025-09-28 04:07:27,440 - __main__ - WARNING - ⚠️ Episode 45 terminated due to step limit.
2025-09-28 04:07:31,556 - __main__ - WARNING - ⚠️ Episode 48 terminated due to step limit.
2025-09-28 04:07:34,800 - __main__ - WARNING - ⚠️ Episode 49 terminated due to step limit.
2025-09-28 04:07:35,238 - __main__ - INFO - 📊 Evaluation Results (Current Round):
2025-09-28 04:07:35,238 - __main__ - INFO -    Episodes: 50
2025-09-28 04:07:35,238 - __main__ - INFO -    Time: 118.9s (2.4s/ep)
2025-09-28 04:07:35,238 - __main__ - INFO -    Average Return: 0.315 ± 0.488
2025-09-28 04:07:35,238 - __main__ - INFO -    Success Rate: 36.0%
2025-09-28 04:07:35,238 - __main__ - INFO -    Average Length: 253.3
2025-09-28 04:07:35,238 - __main__ - INFO -    Average Coverage: 27.3 positions
2025-09-28 04:07:35,238 - __main__ - INFO -    Episode Completions: 18 terminated (36.0%), 32 truncated (64.0%)
2025-09-28 04:07:35,239 - __main__ - INFO - 📈 Total Evaluation Statistics:
2025-09-28 04:07:35,239 - __main__ - INFO -    Total Episodes: 700
2025-09-28 04:07:35,239 - __main__ - INFO -    Total Average Return: 0.359 ± 0.488
2025-09-28 04:07:35,239 - __main__ - INFO -    Total Average Length: 244.9 ± 135.1
2025-09-28 04:07:35,239 - __main__ - INFO -    Total Completions: 282 terminated (40.3%), 418 truncated (59.7%)
2025-09-28 04:07:35,239 - __main__ - INFO -    Skill Entropy: 0.000
2025-09-28 04:07:35,239 - __main__ - INFO -    Used Skills: 0.0
2025-09-28 04:07:35,239 - __main__ - INFO -    Effective K: 0.00
2025-09-28 04:07:35,239 - __main__ - INFO - 🎯 Action Usage Statistics:
2025-09-28 04:07:35,240 - __main__ - INFO -    Unique actions in evaluation: 8
2025-09-28 04:07:35,240 - __main__ - INFO -    Unique actions in training: 8
2025-09-28 04:07:35,240 - __main__ - INFO -    Total unique actions: 8
2025-09-28 04:07:35,240 - __main__ - INFO -    Action coverage: 6.6%
2025-09-28 04:07:35,240 - __main__ - INFO -    Train action count: 140288
2025-09-28 04:07:35,240 - __main__ - INFO -    Eval action count: 171418
2025-09-28 04:07:35,240 - __main__ - INFO -    Train action entropy: 1.820
2025-09-28 04:07:35,241 - __main__ - INFO -    Eval action entropy: 1.802
2025-09-28 04:07:35,241 - __main__ - INFO -    Top 3 train actions: #1(44798), #0(22661), #2(22630)
2025-09-28 04:07:35,241 - __main__ - INFO -    Top 3 eval actions: #1(57030), #2(27139), #0(26841)
2025-09-28 04:07:37,092 - __main__ - INFO - 📊 Episodes completed this rollout: 4
2025-09-28 04:07:37,093 - __main__ - INFO - 📈 Episode stats: avg return = 0.19, avg length = 274.2
2025-09-28 04:07:37,093 - __main__ - INFO - 🎯 Top 3 training actions: #1(45186), #0(22880), #2(22838)
2025-09-28 04:07:40,053 - __main__ - INFO - 📊 Episodes completed this rollout: 4
2025-09-28 04:07:40,054 - __main__ - INFO - 📈 Episode stats: avg return = 0.19, avg length = 272.2
2025-09-28 04:07:40,054 - __main__ - INFO - 🎯 Top 3 training actions: #1(45591), #0(23097), #2(23052)
2025-09-28 04:07:43,015 - __main__ - INFO - 📊 Episodes completed this rollout: 4
2025-09-28 04:07:43,016 - __main__ - INFO - 📈 Episode stats: avg return = 0.21, avg length = 281.5
2025-09-28 04:07:43,016 - __main__ - INFO - 🎯 Top 3 training actions: #1(46019), #0(23310), #2(23265)
2025-09-28 04:07:45,963 - __main__ - INFO - 📊 Episodes completed this rollout: 4
2025-09-28 04:07:45,963 - __main__ - INFO - 📈 Episode stats: avg return = 0.72, avg length = 187.0
2025-09-28 04:07:45,963 - __main__ - INFO - 🎯 Top 3 training actions: #1(46437), #0(23524), #2(23484)
2025-09-28 04:07:48,925 - __main__ - INFO - 📊 Episodes completed this rollout: 3
2025-09-28 04:07:48,925 - __main__ - INFO - 📈 Episode stats: avg return = -0.07, avg length = 350.0
2025-09-28 04:07:48,925 - __main__ - INFO - 🎯 Top 3 training actions: #1(46854), #0(23765), #2(23712)
2025-09-28 04:07:51,923 - __main__ - INFO - 📊 Episodes completed this rollout: 5
2025-09-28 04:07:51,923 - __main__ - INFO - 📈 Episode stats: avg return = 0.37, avg length = 255.8
2025-09-28 04:07:51,924 - __main__ - INFO - 🎯 Top 3 training actions: #1(47278), #0(23990), #2(23924)
2025-09-28 04:07:54,856 - __main__ - INFO - 📊 Episodes completed this rollout: 4
2025-09-28 04:07:54,856 - __main__ - INFO - 📈 Episode stats: avg return = 0.22, avg length = 289.8
2025-09-28 04:07:54,856 - __main__ - INFO - 🎯 Top 3 training actions: #1(47671), #0(24223), #2(24144)
2025-09-28 04:07:57,786 - __main__ - INFO - 📊 Episodes completed this rollout: 5
2025-09-28 04:07:57,786 - __main__ - INFO - 📈 Episode stats: avg return = 0.35, avg length = 233.2
2025-09-28 04:07:57,786 - __main__ - INFO - 🎯 Top 3 training actions: #1(48066), #0(24465), #2(24351)
2025-09-28 04:08:00,715 - __main__ - INFO - 📊 Episodes completed this rollout: 4
2025-09-28 04:08:00,716 - __main__ - INFO - 📈 Episode stats: avg return = 0.72, avg length = 123.2
2025-09-28 04:08:00,716 - __main__ - INFO - 🎯 Top 3 training actions: #1(48427), #0(24702), #2(24585)
2025-09-28 04:08:03,668 - __main__ - INFO - 📊 Episodes completed this rollout: 5
2025-09-28 04:08:03,668 - __main__ - INFO - 📈 Episode stats: avg return = 0.36, avg length = 234.2
2025-09-28 04:08:03,669 - __main__ - INFO - 🎯 Top 3 training actions: #1(48790), #0(24934), #2(24824)
2025-09-28 04:08:04,760 - __main__ - INFO - 🔄 Synchronized model update at step 150,528
2025-09-28 04:08:04,761 - __main__ - INFO -    HMM interval: inf, VAE interval: 12,000
2025-09-28 04:08:04,761 - __main__ - INFO - 🚫 Model training masking: 180/12288 timesteps masked (1.5%) due to negative rewards (invalid actions)
2025-09-28 04:08:04,761 - __main__ - INFO - 🔄 VAE refresh starting at step 150,528 with replay size 8x1536
2025-09-28 04:08:04,762 - __main__ - INFO -    Using span sampling (12288 timesteps, too large for full buffer)
2025-09-28 04:08:25,836 - __main__ - INFO -    VAE refresh complete: final_loss=1397.4570, avg_loss=1423.5508, steps=4/4, trend=improving, total_timesteps=12288, span_sampling=32_requested×4_steps, span_len=64
2025-09-28 04:08:25,838 - __main__ - INFO -    ✅ VAE updated (next in 12,000 steps)
2025-09-28 04:08:25,841 - __main__ - INFO - 🧪 Starting evaluation with 50 episodes...
2025-09-28 04:08:25,841 - __main__ - INFO -    Eval seed: 51
2025-09-28 04:08:25,841 - __main__ - INFO -    Max episode steps (eval): env default
2025-09-28 04:08:25,842 - nle.env.base - INFO - Not saving any NLE data.
2025-09-28 04:08:29,520 - __main__ - WARNING - ⚠️ Episode 2 terminated due to step limit.
2025-09-28 04:08:33,098 - __main__ - WARNING - ⚠️ Episode 4 terminated due to step limit.
2025-09-28 04:08:36,355 - __main__ - WARNING - ⚠️ Episode 5 terminated due to step limit.
2025-09-28 04:08:39,593 - __main__ - WARNING - ⚠️ Episode 6 terminated due to step limit.
2025-09-28 04:08:42,855 - __main__ - WARNING - ⚠️ Episode 7 terminated due to step limit.
2025-09-28 04:08:46,106 - __main__ - WARNING - ⚠️ Episode 8 terminated due to step limit.
2025-09-28 04:08:51,391 - __main__ - WARNING - ⚠️ Episode 11 terminated due to step limit.
2025-09-28 04:08:54,672 - __main__ - WARNING - ⚠️ Episode 12 terminated due to step limit.
2025-09-28 04:08:57,934 - __main__ - WARNING - ⚠️ Episode 13 terminated due to step limit.
2025-09-28 04:09:04,226 - __main__ - WARNING - ⚠️ Episode 16 terminated due to step limit.
2025-09-28 04:09:07,520 - __main__ - WARNING - ⚠️ Episode 17 terminated due to step limit.
2025-09-28 04:09:11,301 - __main__ - WARNING - ⚠️ Episode 19 terminated due to step limit.
2025-09-28 04:09:14,606 - __main__ - WARNING - ⚠️ Episode 20 terminated due to step limit.
2025-09-28 04:09:17,893 - __main__ - WARNING - ⚠️ Episode 21 terminated due to step limit.
2025-09-28 04:09:21,187 - __main__ - WARNING - ⚠️ Episode 22 terminated due to step limit.
2025-09-28 04:09:24,506 - __main__ - WARNING - ⚠️ Episode 23 terminated due to step limit.
2025-09-28 04:09:27,787 - __main__ - WARNING - ⚠️ Episode 24 terminated due to step limit.
2025-09-28 04:09:31,037 - __main__ - WARNING - ⚠️ Episode 25 terminated due to step limit.
2025-09-28 04:09:35,086 - __main__ - WARNING - ⚠️ Episode 28 terminated due to step limit.
2025-09-28 04:09:40,087 - __main__ - WARNING - ⚠️ Episode 30 terminated due to step limit.
2025-09-28 04:09:43,374 - __main__ - WARNING - ⚠️ Episode 31 terminated due to step limit.
2025-09-28 04:09:47,322 - __main__ - WARNING - ⚠️ Episode 33 terminated due to step limit.
2025-09-28 04:09:51,256 - __main__ - WARNING - ⚠️ Episode 35 terminated due to step limit.
2025-09-28 04:09:54,546 - __main__ - WARNING - ⚠️ Episode 36 terminated due to step limit.
2025-09-28 04:09:59,306 - __main__ - WARNING - ⚠️ Episode 39 terminated due to step limit.
2025-09-28 04:10:03,187 - __main__ - WARNING - ⚠️ Episode 41 terminated due to step limit.
2025-09-28 04:10:06,955 - __main__ - WARNING - ⚠️ Episode 43 terminated due to step limit.
2025-09-28 04:10:10,250 - __main__ - WARNING - ⚠️ Episode 44 terminated due to step limit.
2025-09-28 04:10:13,534 - __main__ - WARNING - ⚠️ Episode 45 terminated due to step limit.
2025-09-28 04:10:16,802 - __main__ - WARNING - ⚠️ Episode 46 terminated due to step limit.
2025-09-28 04:10:20,910 - __main__ - WARNING - ⚠️ Episode 48 terminated due to step limit.
2025-09-28 04:10:24,189 - __main__ - WARNING - ⚠️ Episode 49 terminated due to step limit.
2025-09-28 04:10:24,771 - __main__ - INFO - 📊 Evaluation Results (Current Round):
2025-09-28 04:10:24,771 - __main__ - INFO -    Episodes: 50
2025-09-28 04:10:24,772 - __main__ - INFO -    Time: 118.9s (2.4s/ep)
2025-09-28 04:10:24,772 - __main__ - INFO -    Average Return: 0.332 ± 0.481
2025-09-28 04:10:24,772 - __main__ - INFO -    Success Rate: 36.0%
2025-09-28 04:10:24,772 - __main__ - INFO -    Average Length: 253.9
2025-09-28 04:10:24,772 - __main__ - INFO -    Average Coverage: 30.1 positions
2025-09-28 04:10:24,772 - __main__ - INFO -    Episode Completions: 18 terminated (36.0%), 32 truncated (64.0%)
2025-09-28 04:10:24,775 - __main__ - INFO - 📈 Total Evaluation Statistics:
2025-09-28 04:10:24,775 - __main__ - INFO -    Total Episodes: 750
2025-09-28 04:10:24,775 - __main__ - INFO -    Total Average Return: 0.357 ± 0.488
2025-09-28 04:10:24,775 - __main__ - INFO -    Total Average Length: 245.5 ± 135.0
2025-09-28 04:10:24,775 - __main__ - INFO -    Total Completions: 300 terminated (40.0%), 450 truncated (60.0%)
2025-09-28 04:10:24,775 - __main__ - INFO -    Skill Entropy: 0.000
2025-09-28 04:10:24,775 - __main__ - INFO -    Used Skills: 0.0
2025-09-28 04:10:24,775 - __main__ - INFO -    Effective K: 0.00
2025-09-28 04:10:24,775 - __main__ - INFO - 🎯 Action Usage Statistics:
2025-09-28 04:10:24,775 - __main__ - INFO -    Unique actions in evaluation: 8
2025-09-28 04:10:24,776 - __main__ - INFO -    Unique actions in training: 8
2025-09-28 04:10:24,776 - __main__ - INFO -    Total unique actions: 8
2025-09-28 04:10:24,776 - __main__ - INFO -    Action coverage: 6.6%
2025-09-28 04:10:24,776 - __main__ - INFO -    Train action count: 150528
2025-09-28 04:10:24,776 - __main__ - INFO -    Eval action count: 184114
2025-09-28 04:10:24,776 - __main__ - INFO -    Train action entropy: 1.809
2025-09-28 04:10:24,777 - __main__ - INFO -    Eval action entropy: 1.796
2025-09-28 04:10:24,777 - __main__ - INFO -    Top 3 train actions: #1(48790), #0(24934), #2(24824)
2025-09-28 04:10:24,777 - __main__ - INFO -    Top 3 eval actions: #1(61610), #2(30023), #0(29642)
2025-09-28 04:10:26,610 - __main__ - INFO - 📊 Episodes completed this rollout: 4
2025-09-28 04:10:26,610 - __main__ - INFO - 📈 Episode stats: avg return = 0.20, avg length = 284.2
2025-09-28 04:10:26,610 - __main__ - INFO - 🎯 Top 3 training actions: #1(49169), #0(25159), #2(25043)
2025-09-28 04:10:29,514 - __main__ - INFO - 📊 Episodes completed this rollout: 2
2025-09-28 04:10:29,514 - __main__ - INFO - 📈 Episode stats: avg return = -0.05, avg length = 350.0
2025-09-28 04:10:29,515 - __main__ - INFO - 🎯 Top 3 training actions: #1(49529), #0(25390), #2(25275)
2025-09-28 04:10:32,440 - __main__ - INFO - 📊 Episodes completed this rollout: 4
2025-09-28 04:10:32,440 - __main__ - INFO - 📈 Episode stats: avg return = -0.04, avg length = 350.0
2025-09-28 04:10:32,441 - __main__ - INFO - 🎯 Top 3 training actions: #1(49881), #0(25639), #2(25502)
2025-09-28 04:10:35,327 - __main__ - INFO - 📊 Episodes completed this rollout: 4
2025-09-28 04:10:35,328 - __main__ - INFO - 📈 Episode stats: avg return = 0.47, avg length = 208.0
2025-09-28 04:10:35,328 - __main__ - INFO - 🎯 Top 3 training actions: #1(50251), #0(25861), #2(25747)
2025-09-28 04:10:38,198 - __main__ - INFO - 📊 Episodes completed this rollout: 3
2025-09-28 04:10:38,199 - __main__ - INFO - 📈 Episode stats: avg return = -0.05, avg length = 350.0
2025-09-28 04:10:38,199 - __main__ - INFO - 🎯 Top 3 training actions: #1(50581), #0(26123), #2(25987)
2025-09-28 04:10:41,086 - __main__ - INFO - 📊 Episodes completed this rollout: 5
2025-09-28 04:10:41,087 - __main__ - INFO - 📈 Episode stats: avg return = 0.17, avg length = 288.8
2025-09-28 04:10:41,087 - __main__ - INFO - 🎯 Top 3 training actions: #1(50925), #0(26366), #2(26224)
2025-09-28 04:10:43,970 - __main__ - INFO - 📊 Episodes completed this rollout: 2
2025-09-28 04:10:43,971 - __main__ - INFO - 📈 Episode stats: avg return = 0.46, avg length = 205.5
2025-09-28 04:10:43,971 - __main__ - INFO - 🎯 Top 3 training actions: #1(51267), #0(26615), #2(26461)
2025-09-28 04:10:46,870 - __main__ - INFO - 📊 Episodes completed this rollout: 4
2025-09-28 04:10:46,871 - __main__ - INFO - 📈 Episode stats: avg return = 0.21, avg length = 323.5
2025-09-28 04:10:46,871 - __main__ - INFO - 🎯 Top 3 training actions: #1(51598), #0(26881), #2(26681)
2025-09-28 04:10:49,759 - __main__ - INFO - 📊 Episodes completed this rollout: 3
2025-09-28 04:10:49,759 - __main__ - INFO - 📈 Episode stats: avg return = 0.29, avg length = 245.7
2025-09-28 04:10:49,760 - __main__ - INFO - 🎯 Top 3 training actions: #1(51900), #0(27144), #2(26897)
2025-09-28 04:10:52,700 - __main__ - INFO - 📊 Episodes completed this rollout: 7
2025-09-28 04:10:52,700 - __main__ - INFO - 📈 Episode stats: avg return = 0.39, avg length = 265.7
2025-09-28 04:10:52,701 - __main__ - INFO - 🎯 Top 3 training actions: #1(52229), #0(27394), #2(27139)
2025-09-28 04:10:53,787 - __main__ - INFO - 🧪 Starting evaluation with 50 episodes...
2025-09-28 04:10:53,787 - __main__ - INFO -    Eval seed: 51
2025-09-28 04:10:53,787 - __main__ - INFO -    Max episode steps (eval): env default
2025-09-28 04:10:53,788 - nle.env.base - INFO - Not saving any NLE data.
2025-09-28 04:10:57,085 - __main__ - WARNING - ⚠️ Episode 1 terminated due to step limit.
2025-09-28 04:11:02,282 - __main__ - WARNING - ⚠️ Episode 5 terminated due to step limit.
2025-09-28 04:11:05,551 - __main__ - WARNING - ⚠️ Episode 6 terminated due to step limit.
2025-09-28 04:11:08,790 - __main__ - WARNING - ⚠️ Episode 7 terminated due to step limit.
2025-09-28 04:11:12,023 - __main__ - WARNING - ⚠️ Episode 8 terminated due to step limit.
2025-09-28 04:11:15,260 - __main__ - WARNING - ⚠️ Episode 9 terminated due to step limit.
2025-09-28 04:11:18,559 - __main__ - WARNING - ⚠️ Episode 10 terminated due to step limit.
2025-09-28 04:11:21,841 - __main__ - WARNING - ⚠️ Episode 11 terminated due to step limit.
2025-09-28 04:11:25,073 - __main__ - WARNING - ⚠️ Episode 12 terminated due to step limit.
2025-09-28 04:11:28,332 - __main__ - WARNING - ⚠️ Episode 13 terminated due to step limit.
2025-09-28 04:11:31,656 - __main__ - WARNING - ⚠️ Episode 14 terminated due to step limit.
2025-09-28 04:11:34,909 - __main__ - WARNING - ⚠️ Episode 15 terminated due to step limit.
2025-09-28 04:11:38,180 - __main__ - WARNING - ⚠️ Episode 16 terminated due to step limit.
2025-09-28 04:11:41,451 - __main__ - WARNING - ⚠️ Episode 17 terminated due to step limit.
2025-09-28 04:11:44,691 - __main__ - WARNING - ⚠️ Episode 18 terminated due to step limit.
2025-09-28 04:11:47,953 - __main__ - WARNING - ⚠️ Episode 19 terminated due to step limit.
2025-09-28 04:11:53,016 - __main__ - WARNING - ⚠️ Episode 22 terminated due to step limit.
2025-09-28 04:11:56,255 - __main__ - WARNING - ⚠️ Episode 23 terminated due to step limit.
2025-09-28 04:12:00,093 - __main__ - WARNING - ⚠️ Episode 25 terminated due to step limit.
2025-09-28 04:12:03,385 - __main__ - WARNING - ⚠️ Episode 26 terminated due to step limit.
2025-09-28 04:12:08,255 - __main__ - WARNING - ⚠️ Episode 28 terminated due to step limit.
2025-09-28 04:12:13,845 - __main__ - WARNING - ⚠️ Episode 31 terminated due to step limit.
2025-09-28 04:12:17,067 - __main__ - WARNING - ⚠️ Episode 32 terminated due to step limit.
2025-09-28 04:12:23,610 - __main__ - WARNING - ⚠️ Episode 35 terminated due to step limit.
2025-09-28 04:12:27,930 - __main__ - WARNING - ⚠️ Episode 37 terminated due to step limit.
2025-09-28 04:12:31,184 - __main__ - WARNING - ⚠️ Episode 38 terminated due to step limit.
2025-09-28 04:12:35,242 - __main__ - WARNING - ⚠️ Episode 40 terminated due to step limit.
2025-09-28 04:12:40,167 - __main__ - WARNING - ⚠️ Episode 43 terminated due to step limit.
2025-09-28 04:12:43,407 - __main__ - WARNING - ⚠️ Episode 44 terminated due to step limit.
2025-09-28 04:12:46,657 - __main__ - WARNING - ⚠️ Episode 45 terminated due to step limit.
2025-09-28 04:12:49,923 - __main__ - WARNING - ⚠️ Episode 46 terminated due to step limit.
2025-09-28 04:12:53,183 - __main__ - WARNING - ⚠️ Episode 47 terminated due to step limit.
2025-09-28 04:12:56,454 - __main__ - WARNING - ⚠️ Episode 48 terminated due to step limit.
2025-09-28 04:12:59,701 - __main__ - WARNING - ⚠️ Episode 49 terminated due to step limit.
2025-09-28 04:13:02,972 - __main__ - WARNING - ⚠️ Episode 50 terminated due to step limit.
2025-09-28 04:13:02,974 - __main__ - INFO - 📊 Evaluation Results (Current Round):
2025-09-28 04:13:02,975 - __main__ - INFO -    Episodes: 50
2025-09-28 04:13:02,975 - __main__ - INFO -    Time: 129.2s (2.6s/ep)
2025-09-28 04:13:02,975 - __main__ - INFO -    Average Return: 0.256 ± 0.467
2025-09-28 04:13:02,975 - __main__ - INFO -    Success Rate: 30.0%
2025-09-28 04:13:02,975 - __main__ - INFO -    Average Length: 277.8
2025-09-28 04:13:02,975 - __main__ - INFO -    Average Coverage: 33.9 positions
2025-09-28 04:13:02,975 - __main__ - INFO -    Episode Completions: 15 terminated (30.0%), 35 truncated (70.0%)
2025-09-28 04:13:02,975 - __main__ - INFO - 📈 Total Evaluation Statistics:
2025-09-28 04:13:02,975 - __main__ - INFO -    Total Episodes: 800
2025-09-28 04:13:02,975 - __main__ - INFO -    Total Average Return: 0.351 ± 0.487
2025-09-28 04:13:02,976 - __main__ - INFO -    Total Average Length: 247.5 ± 134.1
2025-09-28 04:13:02,976 - __main__ - INFO -    Total Completions: 315 terminated (39.4%), 485 truncated (60.6%)
2025-09-28 04:13:02,976 - __main__ - INFO -    Skill Entropy: 0.000
2025-09-28 04:13:02,976 - __main__ - INFO -    Used Skills: 0.0
2025-09-28 04:13:02,976 - __main__ - INFO -    Effective K: 0.00
2025-09-28 04:13:02,976 - __main__ - INFO - 🎯 Action Usage Statistics:
2025-09-28 04:13:02,976 - __main__ - INFO -    Unique actions in evaluation: 8
2025-09-28 04:13:02,976 - __main__ - INFO -    Unique actions in training: 8
2025-09-28 04:13:02,976 - __main__ - INFO -    Total unique actions: 8
2025-09-28 04:13:02,976 - __main__ - INFO -    Action coverage: 6.6%
2025-09-28 04:13:02,976 - __main__ - INFO -    Train action count: 160768
2025-09-28 04:13:02,977 - __main__ - INFO -    Eval action count: 198004
2025-09-28 04:13:02,977 - __main__ - INFO -    Train action entropy: 1.806
2025-09-28 04:13:02,977 - __main__ - INFO -    Eval action entropy: 1.798
2025-09-28 04:13:02,977 - __main__ - INFO -    Top 3 train actions: #1(52229), #0(27394), #2(27139)
2025-09-28 04:13:02,978 - __main__ - INFO -    Top 3 eval actions: #1(65769), #2(33230), #0(33112)
2025-09-28 04:13:04,772 - __main__ - INFO - 📊 Episodes completed this rollout: 3
2025-09-28 04:13:04,773 - __main__ - INFO - 📈 Episode stats: avg return = 0.98, avg length = 77.0
2025-09-28 04:13:04,773 - __main__ - INFO - 🎯 Top 3 training actions: #1(52527), #0(27656), #2(27388)
2025-09-28 04:13:07,703 - __main__ - INFO - 📊 Episodes completed this rollout: 8
2025-09-28 04:13:07,703 - __main__ - INFO - 📈 Episode stats: avg return = 0.46, avg length = 220.4
2025-09-28 04:13:07,703 - __main__ - INFO - 🎯 Top 3 training actions: #1(52848), #0(27908), #2(27617)
2025-09-28 04:13:08,818 - __main__ - INFO - 🔄 Synchronized model update at step 162,816
2025-09-28 04:13:08,818 - __main__ - INFO -    HMM interval: inf, VAE interval: 12,000
2025-09-28 04:13:08,819 - __main__ - INFO - 🚫 Model training masking: 216/12288 timesteps masked (1.8%) due to negative rewards (invalid actions)
2025-09-28 04:13:08,819 - __main__ - INFO - 🔄 VAE refresh starting at step 162,816 with replay size 8x1536
2025-09-28 04:13:08,820 - __main__ - INFO -    Using span sampling (12288 timesteps, too large for full buffer)
2025-09-28 04:13:30,127 - __main__ - INFO -    VAE refresh complete: final_loss=1352.5236, avg_loss=1345.0392, steps=4/4, trend=stable, total_timesteps=12288, span_sampling=32_requested×4_steps, span_len=64
2025-09-28 04:13:30,130 - __main__ - INFO -    ✅ VAE updated (next in 12,000 steps)
2025-09-28 04:13:31,912 - __main__ - INFO - 📊 Episodes completed this rollout: 5
2025-09-28 04:13:31,913 - __main__ - INFO - 📈 Episode stats: avg return = 0.79, avg length = 110.0
2025-09-28 04:13:31,913 - __main__ - INFO - 🎯 Top 3 training actions: #1(53201), #0(28161), #2(27859)
2025-09-28 04:13:34,810 - __main__ - INFO - 📊 Episodes completed this rollout: 2
2025-09-28 04:13:34,810 - __main__ - INFO - 📈 Episode stats: avg return = -0.07, avg length = 350.0
2025-09-28 04:13:34,810 - __main__ - INFO - 🎯 Top 3 training actions: #1(53561), #0(28406), #2(28091)
2025-09-28 04:13:37,761 - __main__ - INFO - 📊 Episodes completed this rollout: 4
2025-09-28 04:13:37,761 - __main__ - INFO - 📈 Episode stats: avg return = 0.21, avg length = 307.5
2025-09-28 04:13:37,761 - __main__ - INFO - 🎯 Top 3 training actions: #1(53897), #0(28648), #2(28328)
2025-09-28 04:13:40,688 - __main__ - INFO - 📊 Episodes completed this rollout: 6
2025-09-28 04:13:40,688 - __main__ - INFO - 📈 Episode stats: avg return = 0.47, avg length = 215.5
2025-09-28 04:13:40,688 - __main__ - INFO - 🎯 Top 3 training actions: #1(54267), #0(28901), #2(28550)
2025-09-28 04:13:43,588 - __main__ - INFO - 📊 Episodes completed this rollout: 3
2025-09-28 04:13:43,588 - __main__ - INFO - 📈 Episode stats: avg return = 0.60, avg length = 199.0
2025-09-28 04:13:43,588 - __main__ - INFO - 🎯 Top 3 training actions: #1(54648), #0(29137), #2(28788)
2025-09-28 04:13:46,515 - __main__ - INFO - 📊 Episodes completed this rollout: 5
2025-09-28 04:13:46,515 - __main__ - INFO - 📈 Episode stats: avg return = 0.14, avg length = 293.0
2025-09-28 04:13:46,515 - __main__ - INFO - 🎯 Top 3 training actions: #1(54982), #0(29386), #2(29044)
2025-09-28 04:13:49,389 - __main__ - INFO - 📊 Episodes completed this rollout: 2
2025-09-28 04:13:49,389 - __main__ - INFO - 📈 Episode stats: avg return = 0.44, avg length = 214.0
2025-09-28 04:13:49,390 - __main__ - INFO - 🎯 Top 3 training actions: #1(55321), #0(29633), #2(29271)
2025-09-28 04:13:52,310 - __main__ - INFO - 📊 Episodes completed this rollout: 4
2025-09-28 04:13:52,310 - __main__ - INFO - 📈 Episode stats: avg return = 0.22, avg length = 278.8
2025-09-28 04:13:52,310 - __main__ - INFO - 🎯 Top 3 training actions: #1(55635), #0(29878), #2(29515)
2025-09-28 04:13:53,396 - __main__ - INFO - 🧪 Starting evaluation with 50 episodes...
2025-09-28 04:13:53,396 - __main__ - INFO -    Eval seed: 51
2025-09-28 04:13:53,396 - __main__ - INFO -    Max episode steps (eval): env default
2025-09-28 04:13:53,397 - nle.env.base - INFO - Not saving any NLE data.
2025-09-28 04:13:56,687 - __main__ - WARNING - ⚠️ Episode 1 terminated due to step limit.
2025-09-28 04:13:59,977 - __main__ - WARNING - ⚠️ Episode 2 terminated due to step limit.
2025-09-28 04:14:08,514 - __main__ - WARNING - ⚠️ Episode 7 terminated due to step limit.
2025-09-28 04:14:11,788 - __main__ - WARNING - ⚠️ Episode 8 terminated due to step limit.
2025-09-28 04:14:16,209 - __main__ - WARNING - ⚠️ Episode 10 terminated due to step limit.
2025-09-28 04:14:21,691 - __main__ - WARNING - ⚠️ Episode 13 terminated due to step limit.
2025-09-28 04:14:26,048 - __main__ - WARNING - ⚠️ Episode 15 terminated due to step limit.
2025-09-28 04:14:29,313 - __main__ - WARNING - ⚠️ Episode 16 terminated due to step limit.
2025-09-28 04:14:32,543 - __main__ - WARNING - ⚠️ Episode 17 terminated due to step limit.
2025-09-28 04:14:36,483 - __main__ - WARNING - ⚠️ Episode 19 terminated due to step limit.
2025-09-28 04:14:42,143 - __main__ - WARNING - ⚠️ Episode 21 terminated due to step limit.
2025-09-28 04:14:45,358 - __main__ - WARNING - ⚠️ Episode 22 terminated due to step limit.
2025-09-28 04:14:48,580 - __main__ - WARNING - ⚠️ Episode 23 terminated due to step limit.
2025-09-28 04:14:51,807 - __main__ - WARNING - ⚠️ Episode 24 terminated due to step limit.
2025-09-28 04:14:55,033 - __main__ - WARNING - ⚠️ Episode 25 terminated due to step limit.
2025-09-28 04:14:58,977 - __main__ - WARNING - ⚠️ Episode 27 terminated due to step limit.
2025-09-28 04:15:02,195 - __main__ - WARNING - ⚠️ Episode 28 terminated due to step limit.
2025-09-28 04:15:05,410 - __main__ - WARNING - ⚠️ Episode 29 terminated due to step limit.
2025-09-28 04:15:09,363 - __main__ - WARNING - ⚠️ Episode 31 terminated due to step limit.
2025-09-28 04:15:12,639 - __main__ - WARNING - ⚠️ Episode 32 terminated due to step limit.
2025-09-28 04:15:17,501 - __main__ - WARNING - ⚠️ Episode 34 terminated due to step limit.
2025-09-28 04:15:20,749 - __main__ - WARNING - ⚠️ Episode 35 terminated due to step limit.
2025-09-28 04:15:23,964 - __main__ - WARNING - ⚠️ Episode 36 terminated due to step limit.
2025-09-28 04:15:27,184 - __main__ - WARNING - ⚠️ Episode 37 terminated due to step limit.
2025-09-28 04:15:30,431 - __main__ - WARNING - ⚠️ Episode 38 terminated due to step limit.
2025-09-28 04:15:35,407 - __main__ - WARNING - ⚠️ Episode 41 terminated due to step limit.
2025-09-28 04:15:38,649 - __main__ - WARNING - ⚠️ Episode 42 terminated due to step limit.
2025-09-28 04:15:44,287 - __main__ - WARNING - ⚠️ Episode 46 terminated due to step limit.
2025-09-28 04:15:48,870 - __main__ - WARNING - ⚠️ Episode 49 terminated due to step limit.
2025-09-28 04:15:52,089 - __main__ - WARNING - ⚠️ Episode 50 terminated due to step limit.
2025-09-28 04:15:52,092 - __main__ - INFO - 📊 Evaluation Results (Current Round):
2025-09-28 04:15:52,092 - __main__ - INFO -    Episodes: 50
2025-09-28 04:15:52,092 - __main__ - INFO -    Time: 118.7s (2.4s/ep)
2025-09-28 04:15:52,092 - __main__ - INFO -    Average Return: 0.350 ± 0.495
2025-09-28 04:15:52,092 - __main__ - INFO -    Success Rate: 40.0%
2025-09-28 04:15:52,092 - __main__ - INFO -    Average Length: 256.1
2025-09-28 04:15:52,092 - __main__ - INFO -    Average Coverage: 34.0 positions
2025-09-28 04:15:52,092 - __main__ - INFO -    Episode Completions: 20 terminated (40.0%), 30 truncated (60.0%)
2025-09-28 04:15:52,092 - __main__ - INFO - 📈 Total Evaluation Statistics:
2025-09-28 04:15:52,092 - __main__ - INFO -    Total Episodes: 850
2025-09-28 04:15:52,093 - __main__ - INFO -    Total Average Return: 0.351 ± 0.488
2025-09-28 04:15:52,093 - __main__ - INFO -    Total Average Length: 248.0 ± 133.5
2025-09-28 04:15:52,093 - __main__ - INFO -    Total Completions: 335 terminated (39.4%), 515 truncated (60.6%)
2025-09-28 04:15:52,093 - __main__ - INFO -    Skill Entropy: 0.000
2025-09-28 04:15:52,093 - __main__ - INFO -    Used Skills: 0.0
2025-09-28 04:15:52,093 - __main__ - INFO -    Effective K: 0.00
2025-09-28 04:15:52,093 - __main__ - INFO - 🎯 Action Usage Statistics:
2025-09-28 04:15:52,093 - __main__ - INFO -    Unique actions in evaluation: 8
2025-09-28 04:15:52,093 - __main__ - INFO -    Unique actions in training: 8
2025-09-28 04:15:52,093 - __main__ - INFO -    Total unique actions: 8
2025-09-28 04:15:52,093 - __main__ - INFO -    Action coverage: 6.6%
2025-09-28 04:15:52,094 - __main__ - INFO -    Train action count: 171008
2025-09-28 04:15:52,094 - __main__ - INFO -    Eval action count: 210808
2025-09-28 04:15:52,094 - __main__ - INFO -    Train action entropy: 1.802
2025-09-28 04:15:52,094 - __main__ - INFO -    Eval action entropy: 1.797
2025-09-28 04:15:52,095 - __main__ - INFO -    Top 3 train actions: #1(55635), #0(29878), #2(29515)
2025-09-28 04:15:52,095 - __main__ - INFO -    Top 3 eval actions: #1(69730), #2(36367), #0(36205)
2025-09-28 04:15:53,920 - __main__ - INFO - 📊 Episodes completed this rollout: 4
2025-09-28 04:15:53,920 - __main__ - INFO - 📈 Episode stats: avg return = -0.04, avg length = 350.0
2025-09-28 04:15:53,921 - __main__ - INFO - 🎯 Top 3 training actions: #1(55978), #0(30101), #2(29752)
2025-09-28 04:15:56,778 - __main__ - INFO - 📊 Episodes completed this rollout: 3
2025-09-28 04:15:56,778 - __main__ - INFO - 📈 Episode stats: avg return = 0.30, avg length = 262.7
2025-09-28 04:15:56,778 - __main__ - INFO - 🎯 Top 3 training actions: #1(56274), #0(30363), #2(30011)
2025-09-28 04:15:59,647 - __main__ - INFO - 📊 Episodes completed this rollout: 4
2025-09-28 04:15:59,647 - __main__ - INFO - 📈 Episode stats: avg return = 0.21, avg length = 284.8
2025-09-28 04:15:59,647 - __main__ - INFO - 🎯 Top 3 training actions: #1(56585), #0(30615), #2(30268)
2025-09-28 04:16:02,534 - __main__ - INFO - 📊 Episodes completed this rollout: 5
2025-09-28 04:16:02,534 - __main__ - INFO - 📈 Episode stats: avg return = 0.36, avg length = 244.8
2025-09-28 04:16:02,535 - __main__ - INFO - 🎯 Top 3 training actions: #1(56878), #0(30866), #2(30510)
2025-09-28 04:16:03,649 - __main__ - INFO - 🔄 Synchronized model update at step 175,104
2025-09-28 04:16:03,650 - __main__ - INFO -    HMM interval: inf, VAE interval: 12,000
2025-09-28 04:16:03,650 - __main__ - INFO - 🚫 Model training masking: 132/12288 timesteps masked (1.1%) due to negative rewards (invalid actions)
2025-09-28 04:16:03,650 - __main__ - INFO - 🔄 VAE refresh starting at step 175,104 with replay size 8x1536
2025-09-28 04:16:03,651 - __main__ - INFO -    Using span sampling (12288 timesteps, too large for full buffer)
2025-09-28 04:16:24,995 - __main__ - INFO -    VAE refresh complete: final_loss=1340.6783, avg_loss=1342.5604, steps=4/4, trend=improving, total_timesteps=12288, span_sampling=32_requested×4_steps, span_len=64
2025-09-28 04:16:24,997 - __main__ - INFO -    ✅ VAE updated (next in 12,000 steps)
2025-09-28 04:16:26,764 - __main__ - INFO - 📊 Episodes completed this rollout: 3
2025-09-28 04:16:26,765 - __main__ - INFO - 📈 Episode stats: avg return = 0.26, avg length = 257.3
2025-09-28 04:16:26,765 - __main__ - INFO - 🎯 Top 3 training actions: #1(57169), #0(31130), #2(30741)
2025-09-28 04:16:29,604 - __main__ - INFO - 📊 Episodes completed this rollout: 1
2025-09-28 04:16:29,604 - __main__ - INFO - 📈 Episode stats: avg return = -0.02, avg length = 350.0
2025-09-28 04:16:29,604 - __main__ - INFO - 🎯 Top 3 training actions: #1(57497), #0(31365), #2(30990)
2025-09-28 04:16:32,511 - __main__ - INFO - 📊 Episodes completed this rollout: 9
2025-09-28 04:16:32,511 - __main__ - INFO - 📈 Episode stats: avg return = 0.40, avg length = 244.9
2025-09-28 04:16:32,511 - __main__ - INFO - 🎯 Top 3 training actions: #1(57839), #0(31608), #2(31253)
2025-09-28 04:16:35,430 - __main__ - INFO - 📊 Episodes completed this rollout: 4
2025-09-28 04:16:35,431 - __main__ - INFO - 📈 Episode stats: avg return = 0.46, avg length = 205.0
2025-09-28 04:16:35,431 - __main__ - INFO - 🎯 Top 3 training actions: #1(58146), #0(31864), #2(31513)
2025-09-28 04:16:38,293 - __main__ - INFO - 📊 Episodes completed this rollout: 1
2025-09-28 04:16:38,293 - __main__ - INFO - 📈 Episode stats: avg return = -0.06, avg length = 350.0
2025-09-28 04:16:38,293 - __main__ - INFO - 🎯 Top 3 training actions: #1(58440), #0(32119), #2(31782)
2025-09-28 04:16:39,390 - __main__ - INFO - 🧪 Starting evaluation with 50 episodes...
2025-09-28 04:16:39,390 - __main__ - INFO -    Eval seed: 51
2025-09-28 04:16:39,390 - __main__ - INFO -    Max episode steps (eval): env default
2025-09-28 04:16:39,391 - nle.env.base - INFO - Not saving any NLE data.
2025-09-28 04:16:42,619 - __main__ - WARNING - ⚠️ Episode 1 terminated due to step limit.
2025-09-28 04:16:48,809 - __main__ - WARNING - ⚠️ Episode 3 terminated due to step limit.
2025-09-28 04:16:52,087 - __main__ - WARNING - ⚠️ Episode 4 terminated due to step limit.
2025-09-28 04:16:55,348 - __main__ - WARNING - ⚠️ Episode 5 terminated due to step limit.
2025-09-28 04:16:58,614 - __main__ - WARNING - ⚠️ Episode 6 terminated due to step limit.
2025-09-28 04:17:01,937 - __main__ - WARNING - ⚠️ Episode 7 terminated due to step limit.
2025-09-28 04:17:05,217 - __main__ - WARNING - ⚠️ Episode 8 terminated due to step limit.
2025-09-28 04:17:08,491 - __main__ - WARNING - ⚠️ Episode 9 terminated due to step limit.
2025-09-28 04:17:11,820 - __main__ - WARNING - ⚠️ Episode 10 terminated due to step limit.
2025-09-28 04:17:18,527 - __main__ - WARNING - ⚠️ Episode 13 terminated due to step limit.
2025-09-28 04:17:21,752 - __main__ - WARNING - ⚠️ Episode 14 terminated due to step limit.
2025-09-28 04:17:27,634 - __main__ - WARNING - ⚠️ Episode 17 terminated due to step limit.
2025-09-28 04:17:30,858 - __main__ - WARNING - ⚠️ Episode 18 terminated due to step limit.
2025-09-28 04:17:34,075 - __main__ - WARNING - ⚠️ Episode 19 terminated due to step limit.
2025-09-28 04:17:38,938 - __main__ - WARNING - ⚠️ Episode 22 terminated due to step limit.
2025-09-28 04:17:42,156 - __main__ - WARNING - ⚠️ Episode 23 terminated due to step limit.
2025-09-28 04:17:45,367 - __main__ - WARNING - ⚠️ Episode 24 terminated due to step limit.
2025-09-28 04:17:48,658 - __main__ - WARNING - ⚠️ Episode 25 terminated due to step limit.
2025-09-28 04:17:51,931 - __main__ - WARNING - ⚠️ Episode 26 terminated due to step limit.
2025-09-28 04:17:55,207 - __main__ - WARNING - ⚠️ Episode 27 terminated due to step limit.
2025-09-28 04:18:00,414 - __main__ - WARNING - ⚠️ Episode 31 terminated due to step limit.
2025-09-28 04:18:03,712 - __main__ - WARNING - ⚠️ Episode 32 terminated due to step limit.
2025-09-28 04:18:06,951 - __main__ - WARNING - ⚠️ Episode 33 terminated due to step limit.
2025-09-28 04:18:10,186 - __main__ - WARNING - ⚠️ Episode 34 terminated due to step limit.
2025-09-28 04:18:14,025 - __main__ - WARNING - ⚠️ Episode 36 terminated due to step limit.
2025-09-28 04:18:17,381 - __main__ - WARNING - ⚠️ Episode 37 terminated due to step limit.
2025-09-28 04:18:20,699 - __main__ - WARNING - ⚠️ Episode 38 terminated due to step limit.
2025-09-28 04:18:23,957 - __main__ - WARNING - ⚠️ Episode 39 terminated due to step limit.
2025-09-28 04:18:27,222 - __main__ - WARNING - ⚠️ Episode 40 terminated due to step limit.
2025-09-28 04:18:30,489 - __main__ - WARNING - ⚠️ Episode 41 terminated due to step limit.
2025-09-28 04:18:33,779 - __main__ - WARNING - ⚠️ Episode 42 terminated due to step limit.
2025-09-28 04:18:37,211 - __main__ - WARNING - ⚠️ Episode 43 terminated due to step limit.
2025-09-28 04:18:40,493 - __main__ - WARNING - ⚠️ Episode 44 terminated due to step limit.
2025-09-28 04:18:44,236 - __main__ - WARNING - ⚠️ Episode 46 terminated due to step limit.
2025-09-28 04:18:47,504 - __main__ - WARNING - ⚠️ Episode 47 terminated due to step limit.
2025-09-28 04:18:50,790 - __main__ - WARNING - ⚠️ Episode 48 terminated due to step limit.
2025-09-28 04:18:54,036 - __main__ - WARNING - ⚠️ Episode 49 terminated due to step limit.
2025-09-28 04:18:54,592 - __main__ - INFO - 📊 Evaluation Results (Current Round):
2025-09-28 04:18:54,592 - __main__ - INFO -    Episodes: 50
2025-09-28 04:18:54,592 - __main__ - INFO -    Time: 135.2s (2.7s/ep)
2025-09-28 04:18:54,592 - __main__ - INFO -    Average Return: 0.211 ± 0.446
2025-09-28 04:18:54,592 - __main__ - INFO -    Success Rate: 26.0%
2025-09-28 04:18:54,592 - __main__ - INFO -    Average Length: 288.8
2025-09-28 04:18:54,592 - __main__ - INFO -    Average Coverage: 30.9 positions
2025-09-28 04:18:54,592 - __main__ - INFO -    Episode Completions: 13 terminated (26.0%), 37 truncated (74.0%)
2025-09-28 04:18:54,592 - __main__ - INFO - 📈 Total Evaluation Statistics:
2025-09-28 04:18:54,592 - __main__ - INFO -    Total Episodes: 900
2025-09-28 04:18:54,593 - __main__ - INFO -    Total Average Return: 0.343 ± 0.487
2025-09-28 04:18:54,593 - __main__ - INFO -    Total Average Length: 250.3 ± 132.7
2025-09-28 04:18:54,593 - __main__ - INFO -    Total Completions: 348 terminated (38.7%), 552 truncated (61.3%)
2025-09-28 04:18:54,593 - __main__ - INFO -    Skill Entropy: 0.000
2025-09-28 04:18:54,593 - __main__ - INFO -    Used Skills: 0.0
2025-09-28 04:18:54,593 - __main__ - INFO -    Effective K: 0.00
2025-09-28 04:18:54,593 - __main__ - INFO - 🎯 Action Usage Statistics:
2025-09-28 04:18:54,593 - __main__ - INFO -    Unique actions in evaluation: 8
2025-09-28 04:18:54,593 - __main__ - INFO -    Unique actions in training: 8
2025-09-28 04:18:54,593 - __main__ - INFO -    Total unique actions: 8
2025-09-28 04:18:54,593 - __main__ - INFO -    Action coverage: 6.6%
2025-09-28 04:18:54,594 - __main__ - INFO -    Train action count: 180224
2025-09-28 04:18:54,594 - __main__ - INFO -    Eval action count: 225246
2025-09-28 04:18:54,594 - __main__ - INFO -    Train action entropy: 1.800
2025-09-28 04:18:54,594 - __main__ - INFO -    Eval action entropy: 1.794
2025-09-28 04:18:54,595 - __main__ - INFO -    Top 3 train actions: #1(58440), #0(32119), #2(31782)
2025-09-28 04:18:54,595 - __main__ - INFO -    Top 3 eval actions: #1(73968), #2(40189), #0(39844)
2025-09-28 04:18:56,434 - __main__ - INFO - 📊 Episodes completed this rollout: 4
2025-09-28 04:18:56,434 - __main__ - INFO - 📈 Episode stats: avg return = -0.07, avg length = 350.0
2025-09-28 04:18:56,434 - __main__ - INFO - 🎯 Top 3 training actions: #1(58765), #0(32351), #2(32059)
2025-09-28 04:18:59,357 - __main__ - INFO - 📊 Episodes completed this rollout: 3
2025-09-28 04:18:59,357 - __main__ - INFO - 📈 Episode stats: avg return = -0.03, avg length = 350.0
2025-09-28 04:18:59,357 - __main__ - INFO - 🎯 Top 3 training actions: #1(59066), #0(32604), #2(32357)
2025-09-28 04:19:02,272 - __main__ - INFO - 📊 Episodes completed this rollout: 3
2025-09-28 04:19:02,272 - __main__ - INFO - 📈 Episode stats: avg return = 0.28, avg length = 330.3
2025-09-28 04:19:02,272 - __main__ - INFO - 🎯 Top 3 training actions: #1(59354), #0(32860), #2(32633)
2025-09-28 04:19:05,202 - __main__ - INFO - 📊 Episodes completed this rollout: 4
2025-09-28 04:19:05,202 - __main__ - INFO - 📈 Episode stats: avg return = -0.05, avg length = 350.0
2025-09-28 04:19:05,202 - __main__ - INFO - 🎯 Top 3 training actions: #1(59663), #0(33097), #2(32904)
2025-09-28 04:19:08,123 - __main__ - INFO - 📊 Episodes completed this rollout: 4
2025-09-28 04:19:08,124 - __main__ - INFO - 📈 Episode stats: avg return = 0.69, avg length = 147.5
2025-09-28 04:19:08,124 - __main__ - INFO - 🎯 Top 3 training actions: #1(59973), #0(33342), #2(33178)
2025-09-28 04:19:11,068 - __main__ - INFO - 📊 Episodes completed this rollout: 6
2025-09-28 04:19:11,069 - __main__ - INFO - 📈 Episode stats: avg return = 0.29, avg length = 265.3
2025-09-28 04:19:11,069 - __main__ - INFO - 🎯 Top 3 training actions: #1(60247), #0(33581), #2(33449)
2025-09-28 04:19:13,966 - __main__ - INFO - 📊 Episodes completed this rollout: 2
2025-09-28 04:19:13,966 - __main__ - INFO - 📈 Episode stats: avg return = -0.05, avg length = 350.0
2025-09-28 04:19:13,966 - __main__ - INFO - 🎯 Top 3 training actions: #1(60529), #0(33834), #2(33708)
2025-09-28 04:19:15,084 - __main__ - INFO - 🔄 Synchronized model update at step 187,392
2025-09-28 04:19:15,084 - __main__ - INFO -    HMM interval: inf, VAE interval: 12,000
2025-09-28 04:19:15,085 - __main__ - INFO - 🚫 Model training masking: 204/12288 timesteps masked (1.7%) due to negative rewards (invalid actions)
2025-09-28 04:19:15,085 - __main__ - INFO - 🔄 VAE refresh starting at step 187,392 with replay size 8x1536
2025-09-28 04:19:15,086 - __main__ - INFO -    Using span sampling (12288 timesteps, too large for full buffer)
2025-09-28 04:19:36,288 - __main__ - INFO -    VAE refresh complete: final_loss=1352.5450, avg_loss=1364.8475, steps=4/4, trend=improving, total_timesteps=12288, span_sampling=32_requested×4_steps, span_len=64
2025-09-28 04:19:36,290 - __main__ - INFO -    ✅ VAE updated (next in 12,000 steps)
2025-09-28 04:19:38,106 - __main__ - INFO - 📊 Episodes completed this rollout: 2
2025-09-28 04:19:38,107 - __main__ - INFO - 📈 Episode stats: avg return = 0.45, avg length = 194.5
2025-09-28 04:19:38,107 - __main__ - INFO - 🎯 Top 3 training actions: #1(60839), #0(34073), #2(33955)
2025-09-28 04:19:41,061 - __main__ - INFO - 📊 Episodes completed this rollout: 7
2025-09-28 04:19:41,062 - __main__ - INFO - 📈 Episode stats: avg return = 0.22, avg length = 271.1
2025-09-28 04:19:41,062 - __main__ - INFO - 🎯 Top 3 training actions: #1(61118), #0(34325), #2(34231)
2025-09-28 04:19:43,996 - __main__ - INFO - 📊 Episodes completed this rollout: 2
2025-09-28 04:19:43,996 - __main__ - INFO - 📈 Episode stats: avg return = -0.07, avg length = 350.0
2025-09-28 04:19:43,997 - __main__ - INFO - 🎯 Top 3 training actions: #1(61405), #0(34584), #2(34485)
2025-09-28 04:19:45,110 - __main__ - INFO - 🧪 Starting evaluation with 50 episodes...
2025-09-28 04:19:45,110 - __main__ - INFO -    Eval seed: 51
2025-09-28 04:19:45,110 - __main__ - INFO -    Max episode steps (eval): env default
2025-09-28 04:19:45,111 - nle.env.base - INFO - Not saving any NLE data.
2025-09-28 04:19:48,700 - __main__ - WARNING - ⚠️ Episode 2 terminated due to step limit.
2025-09-28 04:19:51,994 - __main__ - WARNING - ⚠️ Episode 3 terminated due to step limit.
2025-09-28 04:19:57,086 - __main__ - WARNING - ⚠️ Episode 5 terminated due to step limit.
2025-09-28 04:20:00,344 - __main__ - WARNING - ⚠️ Episode 6 terminated due to step limit.
2025-09-28 04:20:06,206 - __main__ - WARNING - ⚠️ Episode 9 terminated due to step limit.
2025-09-28 04:20:09,495 - __main__ - WARNING - ⚠️ Episode 10 terminated due to step limit.
2025-09-28 04:20:12,773 - __main__ - WARNING - ⚠️ Episode 11 terminated due to step limit.
2025-09-28 04:20:16,049 - __main__ - WARNING - ⚠️ Episode 12 terminated due to step limit.
2025-09-28 04:20:19,326 - __main__ - WARNING - ⚠️ Episode 13 terminated due to step limit.
2025-09-28 04:20:22,615 - __main__ - WARNING - ⚠️ Episode 14 terminated due to step limit.
2025-09-28 04:20:25,896 - __main__ - WARNING - ⚠️ Episode 15 terminated due to step limit.
2025-09-28 04:20:29,448 - __main__ - WARNING - ⚠️ Episode 17 terminated due to step limit.
2025-09-28 04:20:32,754 - __main__ - WARNING - ⚠️ Episode 18 terminated due to step limit.
2025-09-28 04:20:36,029 - __main__ - WARNING - ⚠️ Episode 19 terminated due to step limit.
2025-09-28 04:20:39,308 - __main__ - WARNING - ⚠️ Episode 20 terminated due to step limit.
2025-09-28 04:20:42,568 - __main__ - WARNING - ⚠️ Episode 21 terminated due to step limit.
2025-09-28 04:20:45,834 - __main__ - WARNING - ⚠️ Episode 22 terminated due to step limit.
2025-09-28 04:20:49,134 - __main__ - WARNING - ⚠️ Episode 23 terminated due to step limit.
2025-09-28 04:20:53,024 - __main__ - WARNING - ⚠️ Episode 25 terminated due to step limit.
2025-09-28 04:20:57,151 - __main__ - WARNING - ⚠️ Episode 27 terminated due to step limit.
2025-09-28 04:21:00,436 - __main__ - WARNING - ⚠️ Episode 28 terminated due to step limit.
2025-09-28 04:21:03,722 - __main__ - WARNING - ⚠️ Episode 29 terminated due to step limit.
2025-09-28 04:21:07,042 - __main__ - WARNING - ⚠️ Episode 30 terminated due to step limit.
2025-09-28 04:21:10,348 - __main__ - WARNING - ⚠️ Episode 31 terminated due to step limit.
2025-09-28 04:21:14,992 - __main__ - WARNING - ⚠️ Episode 33 terminated due to step limit.
2025-09-28 04:21:18,244 - __main__ - WARNING - ⚠️ Episode 34 terminated due to step limit.
2025-09-28 04:21:21,510 - __main__ - WARNING - ⚠️ Episode 35 terminated due to step limit.
2025-09-28 04:21:24,781 - __main__ - WARNING - ⚠️ Episode 36 terminated due to step limit.
2025-09-28 04:21:28,081 - __main__ - WARNING - ⚠️ Episode 37 terminated due to step limit.
2025-09-28 04:21:31,368 - __main__ - WARNING - ⚠️ Episode 38 terminated due to step limit.
2025-09-28 04:21:34,643 - __main__ - WARNING - ⚠️ Episode 39 terminated due to step limit.
2025-09-28 04:21:39,771 - __main__ - WARNING - ⚠️ Episode 41 terminated due to step limit.
2025-09-28 04:21:44,905 - __main__ - WARNING - ⚠️ Episode 43 terminated due to step limit.
2025-09-28 04:21:49,832 - __main__ - WARNING - ⚠️ Episode 46 terminated due to step limit.
2025-09-28 04:21:53,113 - __main__ - WARNING - ⚠️ Episode 47 terminated due to step limit.
2025-09-28 04:21:56,360 - __main__ - WARNING - ⚠️ Episode 48 terminated due to step limit.
2025-09-28 04:22:00,154 - __main__ - WARNING - ⚠️ Episode 50 terminated due to step limit.
2025-09-28 04:22:00,157 - __main__ - INFO - 📊 Evaluation Results (Current Round):
2025-09-28 04:22:00,157 - __main__ - INFO -    Episodes: 50
2025-09-28 04:22:00,157 - __main__ - INFO -    Time: 135.0s (2.7s/ep)
2025-09-28 04:22:00,157 - __main__ - INFO -    Average Return: 0.209 ± 0.444
2025-09-28 04:22:00,158 - __main__ - INFO -    Success Rate: 26.0%
2025-09-28 04:22:00,158 - __main__ - INFO -    Average Length: 287.1
2025-09-28 04:22:00,158 - __main__ - INFO -    Average Coverage: 28.1 positions
2025-09-28 04:22:00,158 - __main__ - INFO -    Episode Completions: 13 terminated (26.0%), 37 truncated (74.0%)
2025-09-28 04:22:00,158 - __main__ - INFO - 📈 Total Evaluation Statistics:
2025-09-28 04:22:00,158 - __main__ - INFO -    Total Episodes: 950
2025-09-28 04:22:00,158 - __main__ - INFO -    Total Average Return: 0.336 ± 0.485
2025-09-28 04:22:00,158 - __main__ - INFO -    Total Average Length: 252.2 ± 131.9
2025-09-28 04:22:00,158 - __main__ - INFO -    Total Completions: 361 terminated (38.0%), 589 truncated (62.0%)
2025-09-28 04:22:00,158 - __main__ - INFO -    Skill Entropy: 0.000
2025-09-28 04:22:00,158 - __main__ - INFO -    Used Skills: 0.0
2025-09-28 04:22:00,159 - __main__ - INFO -    Effective K: 0.00
2025-09-28 04:22:00,159 - __main__ - INFO - 🎯 Action Usage Statistics:
2025-09-28 04:22:00,159 - __main__ - INFO -    Unique actions in evaluation: 8
2025-09-28 04:22:00,159 - __main__ - INFO -    Unique actions in training: 8
2025-09-28 04:22:00,159 - __main__ - INFO -    Total unique actions: 8
2025-09-28 04:22:00,159 - __main__ - INFO -    Action coverage: 6.6%
2025-09-28 04:22:00,159 - __main__ - INFO -    Train action count: 190464
2025-09-28 04:22:00,159 - __main__ - INFO -    Eval action count: 239602
2025-09-28 04:22:00,160 - __main__ - INFO -    Train action entropy: 1.798
2025-09-28 04:22:00,160 - __main__ - INFO -    Eval action entropy: 1.791
2025-09-28 04:22:00,160 - __main__ - INFO -    Top 3 train actions: #1(61405), #0(34584), #2(34485)
2025-09-28 04:22:00,160 - __main__ - INFO -    Top 3 eval actions: #1(78321), #2(43809), #0(43314)
2025-09-28 04:22:01,975 - __main__ - INFO - 📊 Episodes completed this rollout: 2
2025-09-28 04:22:01,976 - __main__ - INFO - 📈 Episode stats: avg return = -0.01, avg length = 350.0
2025-09-28 04:22:01,976 - __main__ - INFO - 🎯 Top 3 training actions: #1(61714), #0(34810), #2(34766)
2025-09-28 04:22:04,886 - __main__ - INFO - 📊 Episodes completed this rollout: 6
2025-09-28 04:22:04,887 - __main__ - INFO - 📈 Episode stats: avg return = 0.26, avg length = 248.3
2025-09-28 04:22:04,887 - __main__ - INFO - 🎯 Top 3 training actions: #1(62024), #0(35046), #2(35022)
2025-09-28 04:22:07,774 - __main__ - INFO - 📊 Episodes completed this rollout: 3
2025-09-28 04:22:07,775 - __main__ - INFO - 📈 Episode stats: avg return = 0.59, avg length = 260.7
2025-09-28 04:22:07,775 - __main__ - INFO - 🎯 Top 3 training actions: #1(62360), #0(35281), #2(35243)
2025-09-28 04:22:10,679 - __main__ - INFO - 📊 Episodes completed this rollout: 4
2025-09-28 04:22:10,680 - __main__ - INFO - 📈 Episode stats: avg return = 0.44, avg length = 213.0
2025-09-28 04:22:10,680 - __main__ - INFO - 🎯 Top 3 training actions: #1(62664), #0(35526), #2(35489)
2025-09-28 04:22:13,608 - __main__ - INFO - 📊 Episodes completed this rollout: 6
2025-09-28 04:22:13,608 - __main__ - INFO - 📈 Episode stats: avg return = 0.30, avg length = 250.2
2025-09-28 04:22:13,608 - __main__ - INFO - 🎯 Top 3 training actions: #1(63007), #0(35757), #2(35717)
2025-09-28 04:22:16,501 - __main__ - INFO - 📊 Episodes completed this rollout: 4
2025-09-28 04:22:16,501 - __main__ - INFO - 📈 Episode stats: avg return = 0.71, avg length = 153.5
2025-09-28 04:22:16,501 - __main__ - INFO - 🎯 Top 3 training actions: #1(63342), #0(35986), #2(35954)
2025-09-28 04:22:19,411 - __main__ - INFO - 📊 Episodes completed this rollout: 5
2025-09-28 04:22:19,412 - __main__ - INFO - 📈 Episode stats: avg return = 0.38, avg length = 232.8
2025-09-28 04:22:19,412 - __main__ - INFO - 🎯 Top 3 training actions: #1(63654), #0(36248), #2(36180)
2025-09-28 04:22:22,337 - __main__ - INFO - 📊 Episodes completed this rollout: 7
2025-09-28 04:22:22,337 - __main__ - INFO - 📈 Episode stats: avg return = 0.53, avg length = 183.9
2025-09-28 04:22:22,338 - __main__ - INFO - 🎯 Top 3 training actions: #1(64034), #0(36489), #2(36396)
2025-09-28 04:22:25,239 - __main__ - INFO - 📊 Episodes completed this rollout: 5
2025-09-28 04:22:25,239 - __main__ - INFO - 📈 Episode stats: avg return = 0.55, avg length = 179.6
2025-09-28 04:22:25,240 - __main__ - INFO - 🎯 Top 3 training actions: #1(64408), #0(36710), #2(36638)
2025-09-28 04:22:26,331 - __main__ - INFO - 🔄 Synchronized model update at step 199,680
2025-09-28 04:22:26,331 - __main__ - INFO -    HMM interval: inf, VAE interval: 12,000
2025-09-28 04:22:26,332 - __main__ - INFO - 🚫 Model training masking: 336/12288 timesteps masked (2.7%) due to negative rewards (invalid actions)
2025-09-28 04:22:26,332 - __main__ - INFO - 🔄 VAE refresh starting at step 199,680 with replay size 8x1536
2025-09-28 04:22:26,333 - __main__ - INFO -    Using span sampling (12288 timesteps, too large for full buffer)
2025-09-28 04:22:47,277 - __main__ - INFO -    VAE refresh complete: final_loss=1317.8292, avg_loss=1320.7456, steps=4/4, trend=improving, total_timesteps=12288, span_sampling=32_requested×4_steps, span_len=64
2025-09-28 04:22:47,278 - __main__ - INFO -    ✅ VAE updated (next in 12,000 steps)
2025-09-28 04:22:47,282 - __main__ - INFO - ⏱️  Training completed in 3207.14 seconds
2025-09-28 04:22:47,282 - __main__ - INFO - 💾 Saving final PPO checkpoint...
2025-09-28 04:22:47,290 - __main__ - INFO - 💾 Final checkpoint saved: checkpoints/ablation_no_hmm_curiosity_dyn_only_MiniHack_River_Narrow_v0_20250928-032914/ppo_policy.pth
2025-09-28 04:22:47,295 - __main__ - INFO - 📊 Collected 268 training log entries
2025-09-28 04:22:47,295 - __main__ - INFO - ☁️  Uploading all model components to HuggingFace...
2025-09-28 04:22:47,439 - __main__ - INFO - 📦 Created/verified repository: CatkinChen/nethack-ppo-ablation-no_hmm_curiosity_dyn_only
2025-09-28 04:22:47,439 - __main__ - INFO - 📤 Uploading PPO policy checkpoint...
2025-09-28 04:22:50,615 - __main__ - INFO - 📤 Uploading VAE model...
2025-09-28 04:22:54,157 - __main__ - INFO - ✅ VAE model uploaded successfully
2025-09-28 04:22:54,158 - __main__ - INFO - 📤 Uploading HMM model...
2025-09-28 04:22:54,158 - __main__ - WARNING - ⚠️  HMM upload failed: 'NoneType' object has no attribute 'get_posterior_params'
2025-09-28 04:22:54,158 - __main__ - INFO - 📝 Creating model card...
2025-09-28 04:22:54,912 - __main__ - INFO - ✅ Model card uploaded successfully
2025-09-28 04:22:54,913 - __main__ - INFO - 📄 Uploading training configuration...
2025-09-28 04:22:55,542 - __main__ - INFO - ✅ Training configuration uploaded successfully
2025-09-28 04:22:55,543 - __main__ - INFO - 🎉 All model components uploaded to: https://huggingface.co/CatkinChen/nethack-ppo-ablation-no_hmm_curiosity_dyn_only
2025-09-28 04:22:55,543 - __main__ - INFO - 📈 Uploading training artifacts...
2025-09-28 04:22:59,264 - __main__ - INFO - ✅ Training artifacts uploaded successfully
2025-09-28 04:22:59,883 - __main__ - INFO - 🎉 Training completed successfully!
