2025-09-27 17:05:48,670 - __main__ - INFO - ================================================================================
2025-09-27 17:05:48,670 - __main__ - INFO - Starting Online PPO Training with Pretrained Models
2025-09-27 17:05:48,670 - __main__ - INFO - Environment: MiniHack-Room-Random-15x15-v0
2025-09-27 17:05:48,670 - __main__ - INFO - VAE Repository: CatkinChen/nethack-vae
2025-09-27 17:05:48,670 - __main__ - INFO - HMM Repository: None
2025-09-27 17:05:48,670 - __main__ - INFO - Total Timesteps: 195
2025-09-27 17:05:48,671 - __main__ - INFO - ================================================================================
2025-09-27 17:05:48,671 - __main__ - INFO - 🔧 Using device: cuda
2025-09-27 17:05:48,671 - __main__ - INFO - 🆕 Fresh training mode: Loading models from separate repos
2025-09-27 17:05:48,671 - __main__ - INFO - 🎨 Loading pretrained VAE model...
2025-09-27 17:05:49,355 - __main__ - INFO - ✅ VAE model loaded successfully
2025-09-27 17:05:49,356 - __main__ - INFO -    - Latent dimension: 96
2025-09-27 17:05:49,356 - __main__ - INFO -    - Skills: 40
2025-09-27 17:05:49,356 - __main__ - INFO - ℹ️  No HMM model loaded (HMM integration disabled)
2025-09-27 17:05:49,356 - __main__ - INFO - 🎮 Creating environment: MiniHack-Room-Random-15x15-v0
2025-09-27 17:05:49,356 - nle.env.base - INFO - Not saving any NLE data.
2025-09-27 17:05:49,372 - __main__ - INFO -    - Observation space: Dict('blstats': Box(-2147483648, 2147483647, (27,), int64), 'chars': Box(0, 255, (21, 79), uint8), 'chars_crop': Box(0, 255, (9, 9), uint8), 'colors': Box(0, 15, (21, 79), uint8), 'colors_crop': Box(0, 15, (9, 9), uint8), 'glyphs': Box(0, 5976, (21, 79), int16), 'glyphs_crop': Box(0, 5976, (9, 9), int16), 'message': Box(0, 255, (256,), uint8), 'specials': Box(0, 255, (21, 79), uint8), 'specials_crop': Box(0, 255, (9, 9), uint8))
2025-09-27 17:05:49,372 - __main__ - INFO -    - Action space: Discrete(8)
2025-09-27 17:05:49,372 - __main__ - INFO - 🔄 Using provided VAE config
2025-09-27 17:05:49,372 - __main__ - INFO -    - VAE prior mode set to 'standard' for online training without HMM
2025-09-27 17:05:50,402 - __main__ - INFO - 📊 W&B initialized with run name: ablation_no_hmm_rnd_MiniHack_Room_Random_15x15_v0_20250927-170548
2025-09-27 17:05:50,402 - __main__ - INFO - 🚀 Initializing PPO trainer...
2025-09-27 17:05:50,402 - nle.env.base - INFO - Not saving any NLE data.
2025-09-27 17:05:50,418 - nle.env.base - INFO - Not saving any NLE data.
2025-09-27 17:05:50,433 - nle.env.base - INFO - Not saving any NLE data.
2025-09-27 17:05:50,447 - nle.env.base - INFO - Not saving any NLE data.
2025-09-27 17:05:50,462 - nle.env.base - INFO - Not saving any NLE data.
2025-09-27 17:05:50,476 - nle.env.base - INFO - Not saving any NLE data.
2025-09-27 17:05:50,491 - nle.env.base - INFO - Not saving any NLE data.
2025-09-27 17:05:50,505 - nle.env.base - INFO - Not saving any NLE data.
2025-09-27 17:05:51,416 - __main__ - INFO - ✅ PPO trainer initialized successfully
2025-09-27 17:05:51,416 - __main__ - INFO - 🆕 Starting fresh PPO training (no checkpoint loading)
2025-09-27 17:05:51,416 - __main__ - INFO - 🏋️  Starting PPO training...
2025-09-27 17:05:51,830 - __main__ - INFO - 🎮 Action Mapping Debug (step 0, timestep 0):
2025-09-27 17:05:51,831 - __main__ - INFO -    Global actions sampled: [3 4 7 1 1 3 4 4]
2025-09-27 17:05:51,831 - __main__ - INFO -    Local actions mapped:   [3 4 7 1 1 3 4 4]
2025-09-27 17:05:51,831 - __main__ - INFO -    Available env actions:  (<CompassDirection.N: 107>, <CompassDirection.E: 108>, <CompassDirection.S: 106>, <CompassDirection.W: 104>, <CompassDirection.NE: 117>, <CompassDirection.SE: 110>, <CompassDirection.SW: 98>, <CompassDirection.NW: 121>)
2025-09-27 17:05:51,831 - __main__ - INFO -    Action mapping:         ['local_0->global_0(107)', 'local_1->global_1(108)', 'local_2->global_2(106)', 'local_3->global_3(104)', 'local_4->global_4(117)', 'local_5->global_5(110)', 'local_6->global_6(98)', 'local_7->global_7(121)']
2025-09-27 17:05:51,832 - __main__ - INFO -    Valid global indices:   [0 1 2 3 4 5 6 7] (total: 8)
2025-09-27 17:05:51,832 - __main__ - INFO -    Global->Local mapping:  ['env0:g3->l3', 'env1:g4->l4', 'env2:g7->l7', 'env3:g1->l1', 'env4:g1->l1', 'env5:g3->l3', 'env6:g4->l4', 'env7:g4->l4']
2025-09-27 17:05:51,837 - __main__ - INFO - 🚫 Negative Reward Masking (step 0, timestep 0):
2025-09-27 17:05:51,837 - __main__ - INFO -    Environments masked due to prev negative rewards: 0/8
2025-09-27 17:05:51,837 - __main__ - INFO -    Environments with current negative rewards: 1/8
2025-09-27 17:05:51,838 - __main__ - INFO -    Rewards: [ 0.    0.    0.    0.    0.    0.   -0.01  0.  ]
2025-09-27 17:05:56,279 - __main__ - INFO - 📊 Episodes completed this rollout: 1
2025-09-27 17:05:56,279 - __main__ - INFO - 📈 Episode stats: avg return = 0.68, avg length = 197.0
2025-09-27 17:05:56,294 - __main__ - INFO - 🎯 Top 3 training actions: #6(306), #7(280), #2(278)
2025-09-27 17:05:59,024 - __main__ - INFO - 📊 Episodes completed this rollout: 7
2025-09-27 17:05:59,024 - __main__ - INFO - 📈 Episode stats: avg return = -0.32, avg length = 300.0
2025-09-27 17:05:59,024 - __main__ - INFO - 🎯 Top 3 training actions: #2(444), #1(434), #6(428)
2025-09-27 17:06:01,704 - __main__ - INFO - 📊 Episodes completed this rollout: 7
2025-09-27 17:06:01,704 - __main__ - INFO - 📈 Episode stats: avg return = 0.72, avg length = 151.7
2025-09-27 17:06:01,704 - __main__ - INFO - 🎯 Top 3 training actions: #1(623), #7(596), #2(588)
2025-09-27 17:06:04,375 - __main__ - INFO - 📊 Episodes completed this rollout: 3
2025-09-27 17:06:04,376 - __main__ - INFO - 📈 Episode stats: avg return = 0.04, avg length = 258.0
2025-09-27 17:06:04,376 - __main__ - INFO - 🎯 Top 3 training actions: #1(812), #7(752), #2(724)
2025-09-27 17:06:05,370 - __main__ - INFO - 🔄 Synchronized model update at step 5,120
2025-09-27 17:06:05,371 - __main__ - INFO -    HMM interval: inf, VAE interval: 5,120
2025-09-27 17:06:05,372 - __main__ - INFO - 🚫 Model training masking: 570/5120 timesteps masked (11.1%) due to negative rewards (invalid actions)
2025-09-27 17:06:05,372 - __main__ - INFO - 🔄 VAE refresh starting at step 5,120 with replay size 8x640
2025-09-27 17:06:05,373 - __main__ - INFO -    Using span sampling (5120 timesteps, too large for full buffer)
2025-09-27 17:06:27,514 - __main__ - INFO -    VAE refresh complete: final_loss=1064.2201, avg_loss=1114.9108, steps=4/4, trend=improving, total_timesteps=5120, span_sampling=32_requested×4_steps, span_len=64
2025-09-27 17:06:27,515 - __main__ - INFO -    ✅ VAE updated (next in 6,144 steps)
2025-09-27 17:06:29,193 - __main__ - INFO - 📊 Episodes completed this rollout: 6
2025-09-27 17:06:29,193 - __main__ - INFO - 📈 Episode stats: avg return = 0.52, avg length = 167.3
2025-09-27 17:06:29,194 - __main__ - INFO - 🎯 Top 3 training actions: #1(986), #7(908), #2(835)
2025-09-27 17:06:31,910 - __main__ - INFO - 📊 Episodes completed this rollout: 2
2025-09-27 17:06:31,911 - __main__ - INFO - 📈 Episode stats: avg return = -0.18, avg length = 300.0
2025-09-27 17:06:31,911 - __main__ - INFO - 🎯 Top 3 training actions: #1(1191), #7(1047), #2(934)
2025-09-27 17:06:34,651 - __main__ - INFO - 📊 Episodes completed this rollout: 5
2025-09-27 17:06:34,651 - __main__ - INFO - 📈 Episode stats: avg return = 0.12, avg length = 259.2
2025-09-27 17:06:34,651 - __main__ - INFO - 🎯 Top 3 training actions: #1(1385), #7(1149), #6(1059)
2025-09-27 17:06:37,420 - __main__ - INFO - 📊 Episodes completed this rollout: 4
2025-09-27 17:06:37,420 - __main__ - INFO - 📈 Episode stats: avg return = -0.00, avg length = 275.5
2025-09-27 17:06:37,421 - __main__ - INFO - 🎯 Top 3 training actions: #1(1559), #7(1277), #6(1210)
2025-09-27 17:06:40,162 - __main__ - INFO - 📊 Episodes completed this rollout: 3
2025-09-27 17:06:40,163 - __main__ - INFO - 📈 Episode stats: avg return = 0.03, avg length = 257.7
2025-09-27 17:06:40,163 - __main__ - INFO - 🎯 Top 3 training actions: #1(1776), #7(1351), #6(1332)
2025-09-27 17:06:41,253 - __main__ - INFO - 🧪 Starting evaluation with 50 episodes...
2025-09-27 17:06:41,254 - __main__ - INFO -    Eval seed: 51
2025-09-27 17:06:41,254 - __main__ - INFO -    Max episode steps (eval): env default
2025-09-27 17:06:41,255 - nle.env.base - INFO - Not saving any NLE data.
2025-09-27 17:06:44,089 - __main__ - WARNING - ⚠️ Episode 3 terminated due to step limit.
2025-09-27 17:06:48,283 - __main__ - WARNING - ⚠️ Episode 5 terminated due to step limit.
2025-09-27 17:06:51,032 - __main__ - WARNING - ⚠️ Episode 6 terminated due to step limit.
2025-09-27 17:06:53,865 - __main__ - WARNING - ⚠️ Episode 7 terminated due to step limit.
2025-09-27 17:06:56,684 - __main__ - WARNING - ⚠️ Episode 8 terminated due to step limit.
2025-09-27 17:06:59,456 - __main__ - WARNING - ⚠️ Episode 9 terminated due to step limit.
2025-09-27 17:07:02,222 - __main__ - WARNING - ⚠️ Episode 10 terminated due to step limit.
2025-09-27 17:07:05,007 - __main__ - WARNING - ⚠️ Episode 11 terminated due to step limit.
2025-09-27 17:07:10,460 - __main__ - WARNING - ⚠️ Episode 14 terminated due to step limit.
2025-09-27 17:07:13,227 - __main__ - WARNING - ⚠️ Episode 15 terminated due to step limit.
2025-09-27 17:07:15,984 - __main__ - WARNING - ⚠️ Episode 16 terminated due to step limit.
2025-09-27 17:07:18,737 - __main__ - WARNING - ⚠️ Episode 17 terminated due to step limit.
2025-09-27 17:07:23,153 - __main__ - WARNING - ⚠️ Episode 19 terminated due to step limit.
2025-09-27 17:07:29,754 - __main__ - WARNING - ⚠️ Episode 23 terminated due to step limit.
2025-09-27 17:07:33,049 - __main__ - WARNING - ⚠️ Episode 25 terminated due to step limit.
2025-09-27 17:07:35,907 - __main__ - WARNING - ⚠️ Episode 26 terminated due to step limit.
2025-09-27 17:07:40,142 - __main__ - WARNING - ⚠️ Episode 28 terminated due to step limit.
2025-09-27 17:07:42,884 - __main__ - WARNING - ⚠️ Episode 29 terminated due to step limit.
2025-09-27 17:07:45,630 - __main__ - WARNING - ⚠️ Episode 30 terminated due to step limit.
2025-09-27 17:07:49,716 - __main__ - WARNING - ⚠️ Episode 32 terminated due to step limit.
2025-09-27 17:07:52,641 - __main__ - WARNING - ⚠️ Episode 33 terminated due to step limit.
2025-09-27 17:07:55,547 - __main__ - WARNING - ⚠️ Episode 34 terminated due to step limit.
2025-09-27 17:07:59,748 - __main__ - WARNING - ⚠️ Episode 37 terminated due to step limit.
2025-09-27 17:08:02,651 - __main__ - WARNING - ⚠️ Episode 38 terminated due to step limit.
2025-09-27 17:08:05,575 - __main__ - WARNING - ⚠️ Episode 39 terminated due to step limit.
2025-09-27 17:08:08,443 - __main__ - WARNING - ⚠️ Episode 40 terminated due to step limit.
2025-09-27 17:08:12,149 - __main__ - WARNING - ⚠️ Episode 42 terminated due to step limit.
2025-09-27 17:08:14,888 - __main__ - WARNING - ⚠️ Episode 43 terminated due to step limit.
2025-09-27 17:08:17,632 - __main__ - WARNING - ⚠️ Episode 44 terminated due to step limit.
2025-09-27 17:08:22,753 - __main__ - WARNING - ⚠️ Episode 47 terminated due to step limit.
2025-09-27 17:08:25,507 - __main__ - WARNING - ⚠️ Episode 48 terminated due to step limit.
2025-09-27 17:08:29,073 - __main__ - WARNING - ⚠️ Episode 50 terminated due to step limit.
2025-09-27 17:08:29,076 - __main__ - INFO - 📊 Evaluation Results (Current Round):
2025-09-27 17:08:29,076 - __main__ - INFO -    Episodes: 50
2025-09-27 17:08:29,076 - __main__ - INFO -    Time: 107.8s (2.2s/ep)
2025-09-27 17:08:29,076 - __main__ - INFO -    Average Return: -0.019 ± 0.686
2025-09-27 17:08:29,076 - __main__ - INFO -    Success Rate: 36.0%
2025-09-27 17:08:29,076 - __main__ - INFO -    Average Length: 230.1
2025-09-27 17:08:29,076 - __main__ - INFO -    Average Coverage: 65.5 positions
2025-09-27 17:08:29,076 - __main__ - INFO -    Episode Completions: 18 terminated (36.0%), 32 truncated (64.0%)
2025-09-27 17:08:29,076 - __main__ - INFO - 📈 Total Evaluation Statistics:
2025-09-27 17:08:29,076 - __main__ - INFO -    Total Episodes: 50
2025-09-27 17:08:29,076 - __main__ - INFO -    Total Average Return: -0.019 ± 0.686
2025-09-27 17:08:29,077 - __main__ - INFO -    Total Average Length: 230.1 ± 106.4
2025-09-27 17:08:29,077 - __main__ - INFO -    Total Completions: 18 terminated (36.0%), 32 truncated (64.0%)
2025-09-27 17:08:29,077 - __main__ - INFO -    Skill Entropy: 0.000
2025-09-27 17:08:29,077 - __main__ - INFO -    Used Skills: 0.0
2025-09-27 17:08:29,077 - __main__ - INFO -    Effective K: 0.00
2025-09-27 17:08:29,077 - __main__ - INFO - 🎯 Action Usage Statistics:
2025-09-27 17:08:29,077 - __main__ - INFO -    Unique actions in evaluation: 8
2025-09-27 17:08:29,077 - __main__ - INFO -    Unique actions in training: 8
2025-09-27 17:08:29,077 - __main__ - INFO -    Total unique actions: 8
2025-09-27 17:08:29,077 - __main__ - INFO -    Action coverage: 6.6%
2025-09-27 17:08:29,077 - __main__ - INFO -    Train action count: 10240
2025-09-27 17:08:29,078 - __main__ - INFO -    Eval action count: 11504
2025-09-27 17:08:29,078 - __main__ - INFO -    Train action entropy: 2.066
2025-09-27 17:08:29,078 - __main__ - INFO -    Eval action entropy: 1.960
2025-09-27 17:08:29,079 - __main__ - INFO -    Top 3 train actions: #1(1776), #7(1351), #6(1332)
2025-09-27 17:08:29,079 - __main__ - INFO -    Top 3 eval actions: #1(3119), #3(1998), #5(1648)
2025-09-27 17:08:30,770 - __main__ - INFO - 📊 Episodes completed this rollout: 5
2025-09-27 17:08:30,770 - __main__ - INFO - 📈 Episode stats: avg return = -0.36, avg length = 300.0
2025-09-27 17:08:30,770 - __main__ - INFO - 🎯 Top 3 training actions: #1(2057), #7(1446), #6(1437)
2025-09-27 17:08:31,851 - __main__ - INFO - 🔄 Synchronized model update at step 11,264
2025-09-27 17:08:31,851 - __main__ - INFO -    HMM interval: inf, VAE interval: 6,144
2025-09-27 17:08:31,852 - __main__ - INFO - 🚫 Model training masking: 810/6144 timesteps masked (13.2%) due to negative rewards (invalid actions)
2025-09-27 17:08:31,852 - __main__ - INFO - 🔄 VAE refresh starting at step 11,264 with replay size 8x768
2025-09-27 17:08:31,853 - __main__ - INFO -    Using span sampling (6144 timesteps, too large for full buffer)
2025-09-27 17:08:53,477 - __main__ - INFO -    VAE refresh complete: final_loss=1025.5277, avg_loss=1054.6355, steps=4/4, trend=improving, total_timesteps=6144, span_sampling=32_requested×4_steps, span_len=64
2025-09-27 17:08:53,480 - __main__ - INFO -    ✅ VAE updated (next in 7,372 steps)
2025-09-27 17:08:55,132 - __main__ - INFO - 📊 Episodes completed this rollout: 3
2025-09-27 17:08:55,132 - __main__ - INFO - 📈 Episode stats: avg return = 0.45, avg length = 268.7
2025-09-27 17:08:55,133 - __main__ - INFO - 🎯 Top 3 training actions: #1(2264), #3(1595), #6(1538)
2025-09-27 17:08:57,927 - __main__ - INFO - 📊 Episodes completed this rollout: 6
2025-09-27 17:08:57,927 - __main__ - INFO - 📈 Episode stats: avg return = 0.42, avg length = 217.7
2025-09-27 17:08:57,927 - __main__ - INFO - 🎯 Top 3 training actions: #1(2422), #3(1831), #6(1666)
2025-09-27 17:09:00,667 - __main__ - INFO - 📊 Episodes completed this rollout: 3
2025-09-27 17:09:00,667 - __main__ - INFO - 📈 Episode stats: avg return = 0.58, avg length = 171.7
2025-09-27 17:09:00,668 - __main__ - INFO - 🎯 Top 3 training actions: #1(2591), #3(2040), #6(1806)
2025-09-27 17:09:03,487 - __main__ - INFO - 📊 Episodes completed this rollout: 6
2025-09-27 17:09:03,487 - __main__ - INFO - 📈 Episode stats: avg return = -0.14, avg length = 252.5
2025-09-27 17:09:03,487 - __main__ - INFO - 🎯 Top 3 training actions: #1(2773), #3(2191), #6(1984)
2025-09-27 17:09:06,211 - __main__ - INFO - 📊 Episodes completed this rollout: 3
2025-09-27 17:09:06,211 - __main__ - INFO - 📈 Episode stats: avg return = 0.12, avg length = 246.3
2025-09-27 17:09:06,212 - __main__ - INFO - 🎯 Top 3 training actions: #1(2949), #3(2321), #6(2114)
2025-09-27 17:09:08,935 - __main__ - INFO - 📊 Episodes completed this rollout: 4
2025-09-27 17:09:08,935 - __main__ - INFO - 📈 Episode stats: avg return = 0.39, avg length = 222.2
2025-09-27 17:09:08,936 - __main__ - INFO - 🎯 Top 3 training actions: #1(3111), #3(2435), #6(2252)
2025-09-27 17:09:11,675 - __main__ - INFO - 📊 Episodes completed this rollout: 4
2025-09-27 17:09:11,675 - __main__ - INFO - 📈 Episode stats: avg return = 0.10, avg length = 249.8
2025-09-27 17:09:11,676 - __main__ - INFO - 🎯 Top 3 training actions: #1(3265), #3(2552), #6(2402)
2025-09-27 17:09:14,433 - __main__ - INFO - 📊 Episodes completed this rollout: 5
2025-09-27 17:09:14,433 - __main__ - INFO - 📈 Episode stats: avg return = 0.06, avg length = 246.4
2025-09-27 17:09:14,433 - __main__ - INFO - 🎯 Top 3 training actions: #1(3412), #3(2636), #6(2550)
2025-09-27 17:09:15,507 - __main__ - INFO - 🔄 Synchronized model update at step 19,456
2025-09-27 17:09:15,507 - __main__ - INFO -    HMM interval: inf, VAE interval: 7,372
2025-09-27 17:09:15,508 - __main__ - INFO - 🚫 Model training masking: 1008/8192 timesteps masked (12.3%) due to negative rewards (invalid actions)
2025-09-27 17:09:15,508 - __main__ - INFO - 🔄 VAE refresh starting at step 19,456 with replay size 8x1024
2025-09-27 17:09:15,509 - __main__ - INFO -    Using span sampling (8192 timesteps, too large for full buffer)
2025-09-27 17:09:37,312 - __main__ - INFO -    VAE refresh complete: final_loss=994.2213, avg_loss=1012.0654, steps=4/4, trend=improving, total_timesteps=8192, span_sampling=32_requested×4_steps, span_len=64
2025-09-27 17:09:37,314 - __main__ - INFO -    ✅ VAE updated (next in 8,846 steps)
2025-09-27 17:09:38,966 - __main__ - INFO - 📊 Episodes completed this rollout: 4
2025-09-27 17:09:38,966 - __main__ - INFO - 📈 Episode stats: avg return = -0.06, avg length = 261.2
2025-09-27 17:09:38,966 - __main__ - INFO - 🎯 Top 3 training actions: #1(3584), #6(2736), #3(2702)
2025-09-27 17:09:40,054 - __main__ - INFO - 🧪 Starting evaluation with 50 episodes...
2025-09-27 17:09:40,054 - __main__ - INFO -    Eval seed: 51
2025-09-27 17:09:40,054 - __main__ - INFO -    Max episode steps (eval): env default
2025-09-27 17:09:40,055 - nle.env.base - INFO - Not saving any NLE data.
2025-09-27 17:09:42,841 - __main__ - WARNING - ⚠️ Episode 1 terminated due to step limit.
2025-09-27 17:09:47,483 - __main__ - WARNING - ⚠️ Episode 3 terminated due to step limit.
2025-09-27 17:09:52,596 - __main__ - WARNING - ⚠️ Episode 7 terminated due to step limit.
2025-09-27 17:09:55,547 - __main__ - WARNING - ⚠️ Episode 9 terminated due to step limit.
2025-09-27 17:09:59,512 - __main__ - WARNING - ⚠️ Episode 11 terminated due to step limit.
2025-09-27 17:10:02,399 - __main__ - WARNING - ⚠️ Episode 12 terminated due to step limit.
2025-09-27 17:10:07,314 - __main__ - WARNING - ⚠️ Episode 15 terminated due to step limit.
2025-09-27 17:10:10,082 - __main__ - WARNING - ⚠️ Episode 16 terminated due to step limit.
2025-09-27 17:10:12,824 - __main__ - WARNING - ⚠️ Episode 17 terminated due to step limit.
2025-09-27 17:10:20,901 - __main__ - WARNING - ⚠️ Episode 22 terminated due to step limit.
2025-09-27 17:10:26,771 - __main__ - WARNING - ⚠️ Episode 26 terminated due to step limit.
2025-09-27 17:10:30,987 - __main__ - WARNING - ⚠️ Episode 28 terminated due to step limit.
2025-09-27 17:10:33,735 - __main__ - WARNING - ⚠️ Episode 29 terminated due to step limit.
2025-09-27 17:10:44,561 - __main__ - WARNING - ⚠️ Episode 35 terminated due to step limit.
2025-09-27 17:10:48,383 - __main__ - WARNING - ⚠️ Episode 37 terminated due to step limit.
2025-09-27 17:10:51,110 - __main__ - WARNING - ⚠️ Episode 38 terminated due to step limit.
2025-09-27 17:11:01,815 - __main__ - WARNING - ⚠️ Episode 45 terminated due to step limit.
2025-09-27 17:11:04,725 - __main__ - WARNING - ⚠️ Episode 47 terminated due to step limit.
2025-09-27 17:11:07,602 - __main__ - WARNING - ⚠️ Episode 49 terminated due to step limit.
2025-09-27 17:11:07,866 - __main__ - INFO - 📊 Evaluation Results (Current Round):
2025-09-27 17:11:07,866 - __main__ - INFO -    Episodes: 50
2025-09-27 17:11:07,867 - __main__ - INFO -    Time: 87.8s (1.8s/ep)
2025-09-27 17:11:07,867 - __main__ - INFO -    Average Return: 0.499 ± 0.546
2025-09-27 17:11:07,867 - __main__ - INFO -    Success Rate: 62.0%
2025-09-27 17:11:07,867 - __main__ - INFO -    Average Length: 189.4
2025-09-27 17:11:07,867 - __main__ - INFO -    Average Coverage: 73.7 positions
2025-09-27 17:11:07,867 - __main__ - INFO -    Episode Completions: 31 terminated (62.0%), 19 truncated (38.0%)
2025-09-27 17:11:07,867 - __main__ - INFO - 📈 Total Evaluation Statistics:
2025-09-27 17:11:07,867 - __main__ - INFO -    Total Episodes: 100
2025-09-27 17:11:07,867 - __main__ - INFO -    Total Average Return: 0.240 ± 0.672
2025-09-27 17:11:07,867 - __main__ - INFO -    Total Average Length: 209.7 ± 106.5
2025-09-27 17:11:07,867 - __main__ - INFO -    Total Completions: 49 terminated (49.0%), 51 truncated (51.0%)
2025-09-27 17:11:07,868 - __main__ - INFO -    Skill Entropy: 0.000
2025-09-27 17:11:07,868 - __main__ - INFO -    Used Skills: 0.0
2025-09-27 17:11:07,868 - __main__ - INFO -    Effective K: 0.00
2025-09-27 17:11:07,868 - __main__ - INFO - 🎯 Action Usage Statistics:
2025-09-27 17:11:07,868 - __main__ - INFO -    Unique actions in evaluation: 8
2025-09-27 17:11:07,868 - __main__ - INFO -    Unique actions in training: 8
2025-09-27 17:11:07,868 - __main__ - INFO -    Total unique actions: 8
2025-09-27 17:11:07,868 - __main__ - INFO -    Action coverage: 6.6%
2025-09-27 17:11:07,868 - __main__ - INFO -    Train action count: 20480
2025-09-27 17:11:07,868 - __main__ - INFO -    Eval action count: 20974
2025-09-27 17:11:07,869 - __main__ - INFO -    Train action entropy: 2.063
2025-09-27 17:11:07,869 - __main__ - INFO -    Eval action entropy: 2.014
2025-09-27 17:11:07,869 - __main__ - INFO -    Top 3 train actions: #1(3584), #6(2736), #3(2702)
2025-09-27 17:11:07,869 - __main__ - INFO -    Top 3 eval actions: #1(4785), #5(2980), #0(2750)
2025-09-27 17:11:09,522 - __main__ - INFO - 📊 Episodes completed this rollout: 5
2025-09-27 17:11:09,522 - __main__ - INFO - 📈 Episode stats: avg return = 0.56, avg length = 146.8
2025-09-27 17:11:09,523 - __main__ - INFO - 🎯 Top 3 training actions: #1(3783), #6(2928), #0(2807)
2025-09-27 17:11:12,274 - __main__ - INFO - 📊 Episodes completed this rollout: 6
2025-09-27 17:11:12,275 - __main__ - INFO - 📈 Episode stats: avg return = 0.12, avg length = 221.8
2025-09-27 17:11:12,275 - __main__ - INFO - 🎯 Top 3 training actions: #1(4023), #6(3075), #0(2953)
2025-09-27 17:11:15,000 - __main__ - INFO - 📊 Episodes completed this rollout: 5
2025-09-27 17:11:15,000 - __main__ - INFO - 📈 Episode stats: avg return = 0.57, avg length = 227.8
2025-09-27 17:11:15,001 - __main__ - INFO - 🎯 Top 3 training actions: #1(4227), #6(3196), #0(3138)
2025-09-27 17:11:17,723 - __main__ - INFO - 📊 Episodes completed this rollout: 3
2025-09-27 17:11:17,723 - __main__ - INFO - 📈 Episode stats: avg return = 0.15, avg length = 205.7
2025-09-27 17:11:17,724 - __main__ - INFO - 🎯 Top 3 training actions: #1(4504), #0(3331), #6(3310)
2025-09-27 17:11:20,484 - __main__ - INFO - 📊 Episodes completed this rollout: 6
2025-09-27 17:11:20,484 - __main__ - INFO - 📈 Episode stats: avg return = 0.01, avg length = 238.5
2025-09-27 17:11:20,485 - __main__ - INFO - 🎯 Top 3 training actions: #1(4763), #0(3547), #6(3410)
2025-09-27 17:11:23,210 - __main__ - INFO - 📊 Episodes completed this rollout: 4
2025-09-27 17:11:23,211 - __main__ - INFO - 📈 Episode stats: avg return = 0.36, avg length = 186.2
2025-09-27 17:11:23,211 - __main__ - INFO - 🎯 Top 3 training actions: #1(4947), #0(3767), #6(3534)
2025-09-27 17:11:25,930 - __main__ - INFO - 📊 Episodes completed this rollout: 4
2025-09-27 17:11:25,930 - __main__ - INFO - 📈 Episode stats: avg return = 0.50, avg length = 233.5
2025-09-27 17:11:25,930 - __main__ - INFO - 🎯 Top 3 training actions: #1(5097), #0(3961), #6(3682)
2025-09-27 17:11:28,671 - __main__ - INFO - 📊 Episodes completed this rollout: 5
2025-09-27 17:11:28,672 - __main__ - INFO - 📈 Episode stats: avg return = 0.03, avg length = 250.8
2025-09-27 17:11:28,672 - __main__ - INFO - 🎯 Top 3 training actions: #1(5256), #0(4117), #6(3814)
2025-09-27 17:11:29,750 - __main__ - INFO - 🔄 Synchronized model update at step 28,672
2025-09-27 17:11:29,751 - __main__ - INFO -    HMM interval: inf, VAE interval: 8,846
2025-09-27 17:11:29,751 - __main__ - INFO - 🚫 Model training masking: 441/9216 timesteps masked (4.8%) due to negative rewards (invalid actions)
2025-09-27 17:11:29,751 - __main__ - INFO - 🔄 VAE refresh starting at step 28,672 with replay size 8x1152
2025-09-27 17:11:29,752 - __main__ - INFO -    Using span sampling (9216 timesteps, too large for full buffer)
2025-09-27 17:11:53,715 - __main__ - INFO -    VAE refresh complete: final_loss=996.3618, avg_loss=1009.4567, steps=4/4, trend=improving, total_timesteps=9216, span_sampling=32_requested×4_steps, span_len=64
2025-09-27 17:11:53,717 - __main__ - INFO -    ✅ VAE updated (next in 10,615 steps)
2025-09-27 17:11:55,408 - __main__ - INFO - 📊 Episodes completed this rollout: 5
2025-09-27 17:11:55,408 - __main__ - INFO - 📈 Episode stats: avg return = 0.51, avg length = 173.8
2025-09-27 17:11:55,408 - __main__ - INFO - 🎯 Top 3 training actions: #1(5415), #0(4266), #6(3928)
2025-09-27 17:11:58,157 - __main__ - INFO - 📊 Episodes completed this rollout: 6
2025-09-27 17:11:58,157 - __main__ - INFO - 📈 Episode stats: avg return = 0.51, avg length = 200.3
2025-09-27 17:11:58,158 - __main__ - INFO - 🎯 Top 3 training actions: #1(5586), #0(4423), #6(4041)
2025-09-27 17:11:59,244 - __main__ - INFO - 🧪 Starting evaluation with 50 episodes...
2025-09-27 17:11:59,244 - __main__ - INFO -    Eval seed: 51
2025-09-27 17:11:59,244 - __main__ - INFO -    Max episode steps (eval): env default
2025-09-27 17:11:59,245 - nle.env.base - INFO - Not saving any NLE data.
2025-09-27 17:12:02,040 - __main__ - WARNING - ⚠️ Episode 1 terminated due to step limit.
2025-09-27 17:12:04,936 - __main__ - WARNING - ⚠️ Episode 2 terminated due to step limit.
2025-09-27 17:12:07,812 - __main__ - WARNING - ⚠️ Episode 4 terminated due to step limit.
2025-09-27 17:12:12,906 - __main__ - WARNING - ⚠️ Episode 8 terminated due to step limit.
2025-09-27 17:12:15,624 - __main__ - WARNING - ⚠️ Episode 9 terminated due to step limit.
2025-09-27 17:12:18,346 - __main__ - WARNING - ⚠️ Episode 10 terminated due to step limit.
2025-09-27 17:12:21,071 - __main__ - WARNING - ⚠️ Episode 11 terminated due to step limit.
2025-09-27 17:12:23,789 - __main__ - WARNING - ⚠️ Episode 12 terminated due to step limit.
2025-09-27 17:12:27,186 - __main__ - WARNING - ⚠️ Episode 14 terminated due to step limit.
2025-09-27 17:12:29,914 - __main__ - WARNING - ⚠️ Episode 15 terminated due to step limit.
2025-09-27 17:12:33,339 - __main__ - WARNING - ⚠️ Episode 18 terminated due to step limit.
2025-09-27 17:12:36,094 - __main__ - WARNING - ⚠️ Episode 19 terminated due to step limit.
2025-09-27 17:12:41,007 - __main__ - WARNING - ⚠️ Episode 21 terminated due to step limit.
2025-09-27 17:12:45,645 - __main__ - WARNING - ⚠️ Episode 24 terminated due to step limit.
2025-09-27 17:12:48,419 - __main__ - WARNING - ⚠️ Episode 25 terminated due to step limit.
2025-09-27 17:12:53,829 - __main__ - WARNING - ⚠️ Episode 30 terminated due to step limit.
2025-09-27 17:12:56,564 - __main__ - WARNING - ⚠️ Episode 31 terminated due to step limit.
2025-09-27 17:12:59,291 - __main__ - WARNING - ⚠️ Episode 32 terminated due to step limit.
2025-09-27 17:13:02,012 - __main__ - WARNING - ⚠️ Episode 33 terminated due to step limit.
2025-09-27 17:13:04,735 - __main__ - WARNING - ⚠️ Episode 34 terminated due to step limit.
2025-09-27 17:13:07,491 - __main__ - WARNING - ⚠️ Episode 35 terminated due to step limit.
2025-09-27 17:13:10,279 - __main__ - WARNING - ⚠️ Episode 36 terminated due to step limit.
2025-09-27 17:13:14,914 - __main__ - WARNING - ⚠️ Episode 38 terminated due to step limit.
2025-09-27 17:13:19,157 - __main__ - WARNING - ⚠️ Episode 41 terminated due to step limit.
2025-09-27 17:13:21,897 - __main__ - WARNING - ⚠️ Episode 42 terminated due to step limit.
2025-09-27 17:13:26,489 - __main__ - WARNING - ⚠️ Episode 44 terminated due to step limit.
2025-09-27 17:13:29,232 - __main__ - WARNING - ⚠️ Episode 45 terminated due to step limit.
2025-09-27 17:13:31,967 - __main__ - WARNING - ⚠️ Episode 46 terminated due to step limit.
2025-09-27 17:13:34,711 - __main__ - WARNING - ⚠️ Episode 47 terminated due to step limit.
2025-09-27 17:13:39,631 - __main__ - WARNING - ⚠️ Episode 50 terminated due to step limit.
2025-09-27 17:13:39,634 - __main__ - INFO - 📊 Evaluation Results (Current Round):
2025-09-27 17:13:39,634 - __main__ - INFO -    Episodes: 50
2025-09-27 17:13:39,634 - __main__ - INFO -    Time: 100.4s (2.0s/ep)
2025-09-27 17:13:39,635 - __main__ - INFO -    Average Return: 0.220 ± 0.589
2025-09-27 17:13:39,635 - __main__ - INFO -    Success Rate: 40.0%
2025-09-27 17:13:39,635 - __main__ - INFO -    Average Length: 218.7
2025-09-27 17:13:39,635 - __main__ - INFO -    Average Coverage: 76.1 positions
2025-09-27 17:13:39,635 - __main__ - INFO -    Episode Completions: 20 terminated (40.0%), 30 truncated (60.0%)
2025-09-27 17:13:39,635 - __main__ - INFO - 📈 Total Evaluation Statistics:
2025-09-27 17:13:39,635 - __main__ - INFO -    Total Episodes: 150
2025-09-27 17:13:39,635 - __main__ - INFO -    Total Average Return: 0.233 ± 0.646
2025-09-27 17:13:39,635 - __main__ - INFO -    Total Average Length: 212.7 ± 107.0
2025-09-27 17:13:39,635 - __main__ - INFO -    Total Completions: 69 terminated (46.0%), 81 truncated (54.0%)
2025-09-27 17:13:39,635 - __main__ - INFO -    Skill Entropy: 0.000
2025-09-27 17:13:39,636 - __main__ - INFO -    Used Skills: 0.0
2025-09-27 17:13:39,636 - __main__ - INFO -    Effective K: 0.00
2025-09-27 17:13:39,636 - __main__ - INFO - 🎯 Action Usage Statistics:
2025-09-27 17:13:39,636 - __main__ - INFO -    Unique actions in evaluation: 8
2025-09-27 17:13:39,636 - __main__ - INFO -    Unique actions in training: 8
2025-09-27 17:13:39,636 - __main__ - INFO -    Total unique actions: 8
2025-09-27 17:13:39,636 - __main__ - INFO -    Action coverage: 6.6%
2025-09-27 17:13:39,636 - __main__ - INFO -    Train action count: 30720
2025-09-27 17:13:39,636 - __main__ - INFO -    Eval action count: 31908
2025-09-27 17:13:39,637 - __main__ - INFO -    Train action entropy: 2.054
2025-09-27 17:13:39,637 - __main__ - INFO -    Eval action entropy: 2.025
2025-09-27 17:13:39,637 - __main__ - INFO -    Top 3 train actions: #1(5586), #0(4423), #6(4041)
2025-09-27 17:13:39,637 - __main__ - INFO -    Top 3 eval actions: #1(6626), #5(4700), #0(4306)
2025-09-27 17:13:41,350 - __main__ - INFO - 📊 Episodes completed this rollout: 4
2025-09-27 17:13:41,350 - __main__ - INFO - 📈 Episode stats: avg return = 0.12, avg length = 229.8
2025-09-27 17:13:41,351 - __main__ - INFO - 🎯 Top 3 training actions: #1(5759), #0(4549), #7(4178)
2025-09-27 17:13:44,109 - __main__ - INFO - 📊 Episodes completed this rollout: 4
2025-09-27 17:13:44,109 - __main__ - INFO - 📈 Episode stats: avg return = 0.36, avg length = 210.0
2025-09-27 17:13:44,110 - __main__ - INFO - 🎯 Top 3 training actions: #1(5955), #0(4701), #7(4364)
2025-09-27 17:13:46,882 - __main__ - INFO - 📊 Episodes completed this rollout: 5
2025-09-27 17:13:46,882 - __main__ - INFO - 📈 Episode stats: avg return = -0.01, avg length = 244.0
2025-09-27 17:13:46,883 - __main__ - INFO - 🎯 Top 3 training actions: #1(6122), #0(4872), #7(4552)
2025-09-27 17:13:49,637 - __main__ - INFO - 📊 Episodes completed this rollout: 3
2025-09-27 17:13:49,637 - __main__ - INFO - 📈 Episode stats: avg return = 0.15, avg length = 240.0
2025-09-27 17:13:49,637 - __main__ - INFO - 🎯 Top 3 training actions: #1(6276), #0(5023), #7(4744)
2025-09-27 17:13:52,437 - __main__ - INFO - 📊 Episodes completed this rollout: 6
2025-09-27 17:13:52,437 - __main__ - INFO - 📈 Episode stats: avg return = 0.17, avg length = 256.5
2025-09-27 17:13:52,437 - __main__ - INFO - 🎯 Top 3 training actions: #1(6428), #0(5179), #7(4899)
2025-09-27 17:13:55,189 - __main__ - INFO - 📊 Episodes completed this rollout: 5
2025-09-27 17:13:55,189 - __main__ - INFO - 📈 Episode stats: avg return = 0.72, avg length = 154.0
2025-09-27 17:13:55,189 - __main__ - INFO - 🎯 Top 3 training actions: #1(6565), #0(5318), #7(5057)
2025-09-27 17:13:57,983 - __main__ - INFO - 📊 Episodes completed this rollout: 6
2025-09-27 17:13:57,983 - __main__ - INFO - 📈 Episode stats: avg return = 0.12, avg length = 216.3
2025-09-27 17:13:57,983 - __main__ - INFO - 🎯 Top 3 training actions: #1(6696), #0(5460), #7(5178)
2025-09-27 17:14:00,714 - __main__ - INFO - 📊 Episodes completed this rollout: 3
2025-09-27 17:14:00,714 - __main__ - INFO - 📈 Episode stats: avg return = 0.45, avg length = 207.3
2025-09-27 17:14:00,714 - __main__ - INFO - 🎯 Top 3 training actions: #1(6804), #0(5614), #7(5299)
2025-09-27 17:14:03,489 - __main__ - INFO - 📊 Episodes completed this rollout: 6
2025-09-27 17:14:03,489 - __main__ - INFO - 📈 Episode stats: avg return = 0.00, avg length = 244.8
2025-09-27 17:14:03,489 - __main__ - INFO - 🎯 Top 3 training actions: #1(6886), #0(5779), #7(5422)
2025-09-27 17:14:04,579 - __main__ - INFO - 🔄 Synchronized model update at step 39,936
2025-09-27 17:14:04,580 - __main__ - INFO -    HMM interval: inf, VAE interval: 10,615
2025-09-27 17:14:04,580 - __main__ - INFO - 🚫 Model training masking: 616/11264 timesteps masked (5.5%) due to negative rewards (invalid actions)
2025-09-27 17:14:04,581 - __main__ - INFO - 🔄 VAE refresh starting at step 39,936 with replay size 8x1408
2025-09-27 17:14:04,582 - __main__ - INFO -    Using span sampling (11264 timesteps, too large for full buffer)
2025-09-27 17:14:28,548 - __main__ - INFO -    VAE refresh complete: final_loss=991.5071, avg_loss=1007.7876, steps=4/4, trend=improving, total_timesteps=11264, span_sampling=32_requested×4_steps, span_len=64
2025-09-27 17:14:28,551 - __main__ - INFO -    ✅ VAE updated (next in 12,000 steps)
2025-09-27 17:14:30,192 - __main__ - INFO - 📊 Episodes completed this rollout: 3
2025-09-27 17:14:30,193 - __main__ - INFO - 📈 Episode stats: avg return = 0.53, avg length = 202.7
2025-09-27 17:14:30,193 - __main__ - INFO - 🎯 Top 3 training actions: #1(6944), #0(5909), #7(5528)
2025-09-27 17:14:31,291 - __main__ - INFO - 🧪 Starting evaluation with 50 episodes...
2025-09-27 17:14:31,291 - __main__ - INFO -    Eval seed: 51
2025-09-27 17:14:31,291 - __main__ - INFO -    Max episode steps (eval): env default
2025-09-27 17:14:31,292 - nle.env.base - INFO - Not saving any NLE data.
2025-09-27 17:14:35,369 - __main__ - WARNING - ⚠️ Episode 2 terminated due to step limit.
2025-09-27 17:14:39,620 - __main__ - WARNING - ⚠️ Episode 4 terminated due to step limit.
2025-09-27 17:14:46,515 - __main__ - WARNING - ⚠️ Episode 7 terminated due to step limit.
2025-09-27 17:14:51,075 - __main__ - WARNING - ⚠️ Episode 10 terminated due to step limit.
2025-09-27 17:14:53,870 - __main__ - WARNING - ⚠️ Episode 11 terminated due to step limit.
2025-09-27 17:14:57,531 - __main__ - WARNING - ⚠️ Episode 14 terminated due to step limit.
2025-09-27 17:15:02,196 - __main__ - WARNING - ⚠️ Episode 17 terminated due to step limit.
2025-09-27 17:15:07,134 - __main__ - WARNING - ⚠️ Episode 20 terminated due to step limit.
2025-09-27 17:15:09,850 - __main__ - WARNING - ⚠️ Episode 21 terminated due to step limit.
2025-09-27 17:15:12,564 - __main__ - WARNING - ⚠️ Episode 22 terminated due to step limit.
2025-09-27 17:15:15,310 - __main__ - WARNING - ⚠️ Episode 23 terminated due to step limit.
2025-09-27 17:15:18,523 - __main__ - WARNING - ⚠️ Episode 25 terminated due to step limit.
2025-09-27 17:15:21,630 - __main__ - WARNING - ⚠️ Episode 27 terminated due to step limit.
2025-09-27 17:15:24,364 - __main__ - WARNING - ⚠️ Episode 28 terminated due to step limit.
2025-09-27 17:15:27,111 - __main__ - WARNING - ⚠️ Episode 29 terminated due to step limit.
2025-09-27 17:15:29,847 - __main__ - WARNING - ⚠️ Episode 30 terminated due to step limit.
2025-09-27 17:15:35,522 - __main__ - WARNING - ⚠️ Episode 34 terminated due to step limit.
2025-09-27 17:15:43,913 - __main__ - WARNING - ⚠️ Episode 38 terminated due to step limit.
2025-09-27 17:15:47,996 - __main__ - WARNING - ⚠️ Episode 40 terminated due to step limit.
2025-09-27 17:15:50,733 - __main__ - WARNING - ⚠️ Episode 41 terminated due to step limit.
2025-09-27 17:15:53,463 - __main__ - WARNING - ⚠️ Episode 42 terminated due to step limit.
2025-09-27 17:15:56,195 - __main__ - WARNING - ⚠️ Episode 43 terminated due to step limit.
2025-09-27 17:15:58,923 - __main__ - WARNING - ⚠️ Episode 44 terminated due to step limit.
2025-09-27 17:16:01,664 - __main__ - WARNING - ⚠️ Episode 45 terminated due to step limit.
2025-09-27 17:16:05,288 - __main__ - WARNING - ⚠️ Episode 47 terminated due to step limit.
2025-09-27 17:16:08,020 - __main__ - WARNING - ⚠️ Episode 48 terminated due to step limit.
2025-09-27 17:16:10,748 - __main__ - WARNING - ⚠️ Episode 49 terminated due to step limit.
2025-09-27 17:16:13,474 - __main__ - WARNING - ⚠️ Episode 50 terminated due to step limit.
2025-09-27 17:16:13,477 - __main__ - INFO - 📊 Evaluation Results (Current Round):
2025-09-27 17:16:13,477 - __main__ - INFO -    Episodes: 50
2025-09-27 17:16:13,477 - __main__ - INFO -    Time: 102.2s (2.0s/ep)
2025-09-27 17:16:13,477 - __main__ - INFO -    Average Return: 0.277 ± 0.583
2025-09-27 17:16:13,477 - __main__ - INFO -    Success Rate: 44.0%
2025-09-27 17:16:13,477 - __main__ - INFO -    Average Length: 221.1
2025-09-27 17:16:13,477 - __main__ - INFO -    Average Coverage: 76.0 positions
2025-09-27 17:16:13,477 - __main__ - INFO -    Episode Completions: 22 terminated (44.0%), 28 truncated (56.0%)
2025-09-27 17:16:13,477 - __main__ - INFO - 📈 Total Evaluation Statistics:
2025-09-27 17:16:13,477 - __main__ - INFO -    Total Episodes: 200
2025-09-27 17:16:13,478 - __main__ - INFO -    Total Average Return: 0.244 ± 0.631
2025-09-27 17:16:13,478 - __main__ - INFO -    Total Average Length: 214.8 ± 105.8
2025-09-27 17:16:13,478 - __main__ - INFO -    Total Completions: 91 terminated (45.5%), 109 truncated (54.5%)
2025-09-27 17:16:13,478 - __main__ - INFO -    Skill Entropy: 0.000
2025-09-27 17:16:13,478 - __main__ - INFO -    Used Skills: 0.0
2025-09-27 17:16:13,478 - __main__ - INFO -    Effective K: 0.00
2025-09-27 17:16:13,478 - __main__ - INFO - 🎯 Action Usage Statistics:
2025-09-27 17:16:13,478 - __main__ - INFO -    Unique actions in evaluation: 8
2025-09-27 17:16:13,478 - __main__ - INFO -    Unique actions in training: 8
2025-09-27 17:16:13,478 - __main__ - INFO -    Total unique actions: 8
2025-09-27 17:16:13,478 - __main__ - INFO -    Action coverage: 6.6%
2025-09-27 17:16:13,479 - __main__ - INFO -    Train action count: 40960
2025-09-27 17:16:13,479 - __main__ - INFO -    Eval action count: 42962
2025-09-27 17:16:13,479 - __main__ - INFO -    Train action entropy: 2.059
2025-09-27 17:16:13,479 - __main__ - INFO -    Eval action entropy: 2.054
2025-09-27 17:16:13,480 - __main__ - INFO -    Top 3 train actions: #1(6944), #0(5909), #7(5528)
2025-09-27 17:16:13,480 - __main__ - INFO -    Top 3 eval actions: #1(7403), #5(5945), #0(5795)
2025-09-27 17:16:15,163 - __main__ - INFO - 📊 Episodes completed this rollout: 7
2025-09-27 17:16:15,164 - __main__ - INFO - 📈 Episode stats: avg return = 0.33, avg length = 184.0
2025-09-27 17:16:15,164 - __main__ - INFO - 🎯 Top 3 training actions: #1(7014), #0(6042), #7(5686)
2025-09-27 17:16:17,924 - __main__ - INFO - 📊 Episodes completed this rollout: 3
2025-09-27 17:16:17,925 - __main__ - INFO - 📈 Episode stats: avg return = 0.23, avg length = 242.3
2025-09-27 17:16:17,925 - __main__ - INFO - 🎯 Top 3 training actions: #1(7109), #0(6165), #7(5853)
2025-09-27 17:16:20,791 - __main__ - INFO - 📊 Episodes completed this rollout: 3
2025-09-27 17:16:20,791 - __main__ - INFO - 📈 Episode stats: avg return = -0.29, avg length = 300.0
2025-09-27 17:16:20,791 - __main__ - INFO - 🎯 Top 3 training actions: #1(7187), #0(6285), #7(6004)
2025-09-27 17:16:23,650 - __main__ - INFO - 📊 Episodes completed this rollout: 6
2025-09-27 17:16:23,650 - __main__ - INFO - 📈 Episode stats: avg return = -0.13, avg length = 260.0
2025-09-27 17:16:23,650 - __main__ - INFO - 🎯 Top 3 training actions: #1(7281), #0(6379), #7(6172)
2025-09-27 17:16:26,384 - __main__ - INFO - 📊 Episodes completed this rollout: 3
2025-09-27 17:16:26,385 - __main__ - INFO - 📈 Episode stats: avg return = 0.61, avg length = 150.0
2025-09-27 17:16:26,385 - __main__ - INFO - 🎯 Top 3 training actions: #1(7364), #0(6487), #7(6349)
2025-09-27 17:16:29,178 - __main__ - INFO - 📊 Episodes completed this rollout: 8
2025-09-27 17:16:29,179 - __main__ - INFO - 📈 Episode stats: avg return = 0.30, avg length = 221.8
2025-09-27 17:16:29,179 - __main__ - INFO - 🎯 Top 3 training actions: #1(7435), #0(6586), #7(6584)
2025-09-27 17:16:31,944 - __main__ - INFO - 📊 Episodes completed this rollout: 2
2025-09-27 17:16:31,944 - __main__ - INFO - 📈 Episode stats: avg return = 0.84, avg length = 245.5
2025-09-27 17:16:31,944 - __main__ - INFO - 🎯 Top 3 training actions: #1(7512), #7(6767), #2(6757)
2025-09-27 17:16:34,714 - __main__ - INFO - 📊 Episodes completed this rollout: 4
2025-09-27 17:16:34,714 - __main__ - INFO - 📈 Episode stats: avg return = -0.09, avg length = 279.8
2025-09-27 17:16:34,714 - __main__ - INFO - 🎯 Top 3 training actions: #1(7610), #2(7023), #7(6925)
2025-09-27 17:16:37,478 - __main__ - INFO - 📊 Episodes completed this rollout: 5
2025-09-27 17:16:37,478 - __main__ - INFO - 📈 Episode stats: avg return = 0.26, avg length = 214.0
2025-09-27 17:16:37,478 - __main__ - INFO - 🎯 Top 3 training actions: #1(7719), #2(7327), #7(7048)
2025-09-27 17:16:38,566 - __main__ - INFO - 🧪 Starting evaluation with 50 episodes...
2025-09-27 17:16:38,566 - __main__ - INFO -    Eval seed: 51
2025-09-27 17:16:38,566 - __main__ - INFO -    Max episode steps (eval): env default
2025-09-27 17:16:38,567 - nle.env.base - INFO - Not saving any NLE data.
2025-09-27 17:16:41,318 - __main__ - WARNING - ⚠️ Episode 1 terminated due to step limit.
2025-09-27 17:16:44,238 - __main__ - WARNING - ⚠️ Episode 2 terminated due to step limit.
2025-09-27 17:16:47,143 - __main__ - WARNING - ⚠️ Episode 3 terminated due to step limit.
2025-09-27 17:16:50,013 - __main__ - WARNING - ⚠️ Episode 4 terminated due to step limit.
2025-09-27 17:16:52,882 - __main__ - WARNING - ⚠️ Episode 5 terminated due to step limit.
2025-09-27 17:16:55,809 - __main__ - WARNING - ⚠️ Episode 6 terminated due to step limit.
2025-09-27 17:16:58,616 - __main__ - WARNING - ⚠️ Episode 7 terminated due to step limit.
2025-09-27 17:17:01,352 - __main__ - WARNING - ⚠️ Episode 8 terminated due to step limit.
2025-09-27 17:17:04,876 - __main__ - WARNING - ⚠️ Episode 10 terminated due to step limit.
2025-09-27 17:17:09,364 - __main__ - WARNING - ⚠️ Episode 12 terminated due to step limit.
2025-09-27 17:17:12,086 - __main__ - WARNING - ⚠️ Episode 13 terminated due to step limit.
2025-09-27 17:17:14,813 - __main__ - WARNING - ⚠️ Episode 14 terminated due to step limit.
2025-09-27 17:17:18,036 - __main__ - WARNING - ⚠️ Episode 16 terminated due to step limit.
2025-09-27 17:17:20,812 - __main__ - WARNING - ⚠️ Episode 17 terminated due to step limit.
2025-09-27 17:17:24,328 - __main__ - WARNING - ⚠️ Episode 19 terminated due to step limit.
2025-09-27 17:17:27,066 - __main__ - WARNING - ⚠️ Episode 20 terminated due to step limit.
2025-09-27 17:17:31,213 - __main__ - WARNING - ⚠️ Episode 24 terminated due to step limit.
2025-09-27 17:17:34,031 - __main__ - WARNING - ⚠️ Episode 25 terminated due to step limit.
2025-09-27 17:17:36,802 - __main__ - WARNING - ⚠️ Episode 26 terminated due to step limit.
2025-09-27 17:17:39,521 - __main__ - WARNING - ⚠️ Episode 27 terminated due to step limit.
2025-09-27 17:17:42,284 - __main__ - WARNING - ⚠️ Episode 28 terminated due to step limit.
2025-09-27 17:17:45,035 - __main__ - WARNING - ⚠️ Episode 29 terminated due to step limit.
2025-09-27 17:17:47,771 - __main__ - WARNING - ⚠️ Episode 30 terminated due to step limit.
2025-09-27 17:17:52,473 - __main__ - WARNING - ⚠️ Episode 35 terminated due to step limit.
2025-09-27 17:17:55,271 - __main__ - WARNING - ⚠️ Episode 36 terminated due to step limit.
2025-09-27 17:17:58,183 - __main__ - WARNING - ⚠️ Episode 37 terminated due to step limit.
2025-09-27 17:18:01,855 - __main__ - WARNING - ⚠️ Episode 39 terminated due to step limit.
2025-09-27 17:18:04,664 - __main__ - WARNING - ⚠️ Episode 40 terminated due to step limit.
2025-09-27 17:18:07,403 - __main__ - WARNING - ⚠️ Episode 41 terminated due to step limit.
2025-09-27 17:18:10,144 - __main__ - WARNING - ⚠️ Episode 42 terminated due to step limit.
2025-09-27 17:18:12,876 - __main__ - WARNING - ⚠️ Episode 43 terminated due to step limit.
2025-09-27 17:18:15,631 - __main__ - WARNING - ⚠️ Episode 44 terminated due to step limit.
2025-09-27 17:18:18,453 - __main__ - WARNING - ⚠️ Episode 45 terminated due to step limit.
2025-09-27 17:18:21,180 - __main__ - WARNING - ⚠️ Episode 46 terminated due to step limit.
2025-09-27 17:18:23,948 - __main__ - WARNING - ⚠️ Episode 47 terminated due to step limit.
2025-09-27 17:18:26,874 - __main__ - WARNING - ⚠️ Episode 48 terminated due to step limit.
2025-09-27 17:18:31,108 - __main__ - WARNING - ⚠️ Episode 50 terminated due to step limit.
2025-09-27 17:18:31,111 - __main__ - INFO - 📊 Evaluation Results (Current Round):
2025-09-27 17:18:31,111 - __main__ - INFO -    Episodes: 50
2025-09-27 17:18:31,111 - __main__ - INFO -    Time: 112.5s (2.3s/ep)
2025-09-27 17:18:31,111 - __main__ - INFO -    Average Return: -0.270 ± 0.708
2025-09-27 17:18:31,111 - __main__ - INFO -    Success Rate: 26.0%
2025-09-27 17:18:31,111 - __main__ - INFO -    Average Length: 242.5
2025-09-27 17:18:31,111 - __main__ - INFO -    Average Coverage: 53.2 positions
2025-09-27 17:18:31,112 - __main__ - INFO -    Episode Completions: 13 terminated (26.0%), 37 truncated (74.0%)
2025-09-27 17:18:31,112 - __main__ - INFO - 📈 Total Evaluation Statistics:
2025-09-27 17:18:31,112 - __main__ - INFO -    Total Episodes: 250
2025-09-27 17:18:31,112 - __main__ - INFO -    Total Average Return: 0.141 ± 0.679
2025-09-27 17:18:31,112 - __main__ - INFO -    Total Average Length: 220.3 ± 105.4
2025-09-27 17:18:31,112 - __main__ - INFO -    Total Completions: 104 terminated (41.6%), 146 truncated (58.4%)
2025-09-27 17:18:31,112 - __main__ - INFO -    Skill Entropy: 0.000
2025-09-27 17:18:31,112 - __main__ - INFO -    Used Skills: 0.0
2025-09-27 17:18:31,112 - __main__ - INFO -    Effective K: 0.00
2025-09-27 17:18:31,112 - __main__ - INFO - 🎯 Action Usage Statistics:
2025-09-27 17:18:31,112 - __main__ - INFO -    Unique actions in evaluation: 8
2025-09-27 17:18:31,113 - __main__ - INFO -    Unique actions in training: 8
2025-09-27 17:18:31,113 - __main__ - INFO -    Total unique actions: 8
2025-09-27 17:18:31,113 - __main__ - INFO -    Action coverage: 6.6%
2025-09-27 17:18:31,113 - __main__ - INFO -    Train action count: 50176
2025-09-27 17:18:31,113 - __main__ - INFO -    Eval action count: 55085
2025-09-27 17:18:31,113 - __main__ - INFO -    Train action entropy: 2.064
2025-09-27 17:18:31,114 - __main__ - INFO -    Eval action entropy: 2.055
2025-09-27 17:18:31,114 - __main__ - INFO -    Top 3 train actions: #1(7719), #2(7327), #7(7048)
2025-09-27 17:18:31,114 - __main__ - INFO -    Top 3 eval actions: #2(8919), #1(8869), #5(7781)
2025-09-27 17:18:32,789 - __main__ - INFO - 📊 Episodes completed this rollout: 4
2025-09-27 17:18:32,790 - __main__ - INFO - 📈 Episode stats: avg return = -0.28, avg length = 284.2
2025-09-27 17:18:32,790 - __main__ - INFO - 🎯 Top 3 training actions: #1(7833), #2(7597), #7(7165)
2025-09-27 17:18:35,532 - __main__ - INFO - 📊 Episodes completed this rollout: 3
2025-09-27 17:18:35,532 - __main__ - INFO - 📈 Episode stats: avg return = -0.09, avg length = 273.0
2025-09-27 17:18:35,532 - __main__ - INFO - 🎯 Top 3 training actions: #1(7981), #2(7863), #7(7281)
2025-09-27 17:18:36,613 - __main__ - INFO - 🔄 Synchronized model update at step 52,224
2025-09-27 17:18:36,613 - __main__ - INFO -    HMM interval: inf, VAE interval: 12,000
2025-09-27 17:18:36,614 - __main__ - INFO - 🚫 Model training masking: 2388/12288 timesteps masked (19.4%) due to negative rewards (invalid actions)
2025-09-27 17:18:36,614 - __main__ - INFO - 🔄 VAE refresh starting at step 52,224 with replay size 8x1536
2025-09-27 17:18:36,616 - __main__ - INFO -    Using span sampling (12288 timesteps, too large for full buffer)
2025-09-27 17:18:56,658 - __main__ - INFO -    VAE refresh complete: final_loss=964.2482, avg_loss=993.4828, steps=4/4, trend=improving, total_timesteps=12288, span_sampling=32_requested×4_steps, span_len=64
2025-09-27 17:18:56,660 - __main__ - INFO -    ✅ VAE updated (next in 12,000 steps)
2025-09-27 17:18:58,299 - __main__ - INFO - 📊 Episodes completed this rollout: 3
2025-09-27 17:18:58,299 - __main__ - INFO - 📈 Episode stats: avg return = -0.26, avg length = 288.7
2025-09-27 17:18:58,299 - __main__ - INFO - 🎯 Top 3 training actions: #1(8105), #2(8067), #7(7419)
2025-09-27 17:19:01,039 - __main__ - INFO - 📊 Episodes completed this rollout: 6
2025-09-27 17:19:01,040 - __main__ - INFO - 📈 Episode stats: avg return = 0.07, avg length = 209.7
2025-09-27 17:19:01,040 - __main__ - INFO - 🎯 Top 3 training actions: #2(8255), #1(8239), #7(7552)
2025-09-27 17:19:03,735 - __main__ - INFO - 📊 Episodes completed this rollout: 3
2025-09-27 17:19:03,735 - __main__ - INFO - 📈 Episode stats: avg return = 0.18, avg length = 247.0
2025-09-27 17:19:03,735 - __main__ - INFO - 🎯 Top 3 training actions: #2(8464), #1(8357), #7(7703)
2025-09-27 17:19:06,471 - __main__ - INFO - 📊 Episodes completed this rollout: 6
2025-09-27 17:19:06,471 - __main__ - INFO - 📈 Episode stats: avg return = 0.18, avg length = 211.2
2025-09-27 17:19:06,471 - __main__ - INFO - 🎯 Top 3 training actions: #2(8692), #1(8469), #7(7896)
2025-09-27 17:19:09,184 - __main__ - INFO - 📊 Episodes completed this rollout: 3
2025-09-27 17:19:09,184 - __main__ - INFO - 📈 Episode stats: avg return = -0.23, avg length = 300.0
2025-09-27 17:19:09,185 - __main__ - INFO - 🎯 Top 3 training actions: #2(8942), #1(8582), #7(8078)
2025-09-27 17:19:11,935 - __main__ - INFO - 📊 Episodes completed this rollout: 5
2025-09-27 17:19:11,936 - __main__ - INFO - 📈 Episode stats: avg return = 0.06, avg length = 247.8
2025-09-27 17:19:11,936 - __main__ - INFO - 🎯 Top 3 training actions: #2(9181), #1(8681), #7(8256)
2025-09-27 17:19:14,659 - __main__ - INFO - 📊 Episodes completed this rollout: 5
2025-09-27 17:19:14,659 - __main__ - INFO - 📈 Episode stats: avg return = 0.31, avg length = 205.8
2025-09-27 17:19:14,660 - __main__ - INFO - 🎯 Top 3 training actions: #2(9434), #1(8794), #7(8427)
2025-09-27 17:19:17,380 - __main__ - INFO - 📊 Episodes completed this rollout: 4
2025-09-27 17:19:17,380 - __main__ - INFO - 📈 Episode stats: avg return = 0.12, avg length = 249.2
2025-09-27 17:19:17,380 - __main__ - INFO - 🎯 Top 3 training actions: #2(9638), #1(8932), #7(8576)
2025-09-27 17:19:18,447 - __main__ - INFO - 🧪 Starting evaluation with 50 episodes...
2025-09-27 17:19:18,447 - __main__ - INFO -    Eval seed: 51
2025-09-27 17:19:18,447 - __main__ - INFO -    Max episode steps (eval): env default
2025-09-27 17:19:18,448 - nle.env.base - INFO - Not saving any NLE data.
2025-09-27 17:19:23,303 - __main__ - WARNING - ⚠️ Episode 4 terminated due to step limit.
2025-09-27 17:19:28,494 - __main__ - WARNING - ⚠️ Episode 7 terminated due to step limit.
2025-09-27 17:19:31,219 - __main__ - WARNING - ⚠️ Episode 8 terminated due to step limit.
2025-09-27 17:19:33,943 - __main__ - WARNING - ⚠️ Episode 9 terminated due to step limit.
2025-09-27 17:19:36,676 - __main__ - WARNING - ⚠️ Episode 10 terminated due to step limit.
2025-09-27 17:19:43,039 - __main__ - WARNING - ⚠️ Episode 13 terminated due to step limit.
2025-09-27 17:19:49,198 - __main__ - WARNING - ⚠️ Episode 16 terminated due to step limit.
2025-09-27 17:19:52,034 - __main__ - WARNING - ⚠️ Episode 17 terminated due to step limit.
2025-09-27 17:19:54,854 - __main__ - WARNING - ⚠️ Episode 18 terminated due to step limit.
2025-09-27 17:19:57,623 - __main__ - WARNING - ⚠️ Episode 19 terminated due to step limit.
2025-09-27 17:20:00,427 - __main__ - WARNING - ⚠️ Episode 20 terminated due to step limit.
2025-09-27 17:20:06,082 - __main__ - WARNING - ⚠️ Episode 24 terminated due to step limit.
2025-09-27 17:20:08,798 - __main__ - WARNING - ⚠️ Episode 25 terminated due to step limit.
2025-09-27 17:20:11,525 - __main__ - WARNING - ⚠️ Episode 26 terminated due to step limit.
2025-09-27 17:20:14,262 - __main__ - WARNING - ⚠️ Episode 27 terminated due to step limit.
2025-09-27 17:20:18,328 - __main__ - WARNING - ⚠️ Episode 29 terminated due to step limit.
2025-09-27 17:20:22,427 - __main__ - WARNING - ⚠️ Episode 31 terminated due to step limit.
2025-09-27 17:20:25,235 - __main__ - WARNING - ⚠️ Episode 32 terminated due to step limit.
2025-09-27 17:20:28,047 - __main__ - WARNING - ⚠️ Episode 33 terminated due to step limit.
2025-09-27 17:20:31,022 - __main__ - WARNING - ⚠️ Episode 35 terminated due to step limit.
2025-09-27 17:20:33,831 - __main__ - WARNING - ⚠️ Episode 36 terminated due to step limit.
2025-09-27 17:20:39,034 - __main__ - WARNING - ⚠️ Episode 39 terminated due to step limit.
2025-09-27 17:20:41,749 - __main__ - WARNING - ⚠️ Episode 40 terminated due to step limit.
2025-09-27 17:20:44,471 - __main__ - WARNING - ⚠️ Episode 41 terminated due to step limit.
2025-09-27 17:20:47,216 - __main__ - WARNING - ⚠️ Episode 42 terminated due to step limit.
2025-09-27 17:20:49,942 - __main__ - WARNING - ⚠️ Episode 43 terminated due to step limit.
2025-09-27 17:20:52,657 - __main__ - WARNING - ⚠️ Episode 44 terminated due to step limit.
2025-09-27 17:20:56,457 - __main__ - WARNING - ⚠️ Episode 46 terminated due to step limit.
2025-09-27 17:20:59,293 - __main__ - INFO - 📊 Evaluation Results (Current Round):
2025-09-27 17:20:59,293 - __main__ - INFO -    Episodes: 50
2025-09-27 17:20:59,293 - __main__ - INFO -    Time: 100.8s (2.0s/ep)
2025-09-27 17:20:59,293 - __main__ - INFO -    Average Return: 0.329 ± 0.570
2025-09-27 17:20:59,294 - __main__ - INFO -    Success Rate: 44.0%
2025-09-27 17:20:59,294 - __main__ - INFO -    Average Length: 219.2
2025-09-27 17:20:59,294 - __main__ - INFO -    Average Coverage: 74.2 positions
2025-09-27 17:20:59,294 - __main__ - INFO -    Episode Completions: 22 terminated (44.0%), 28 truncated (56.0%)
2025-09-27 17:20:59,294 - __main__ - INFO - 📈 Total Evaluation Statistics:
2025-09-27 17:20:59,294 - __main__ - INFO -    Total Episodes: 300
2025-09-27 17:20:59,294 - __main__ - INFO -    Total Average Return: 0.172 ± 0.666
2025-09-27 17:20:59,294 - __main__ - INFO -    Total Average Length: 220.1 ± 105.2
2025-09-27 17:20:59,294 - __main__ - INFO -    Total Completions: 126 terminated (42.0%), 174 truncated (58.0%)
2025-09-27 17:20:59,294 - __main__ - INFO -    Skill Entropy: 0.000
2025-09-27 17:20:59,294 - __main__ - INFO -    Used Skills: 0.0
2025-09-27 17:20:59,295 - __main__ - INFO -    Effective K: 0.00
2025-09-27 17:20:59,295 - __main__ - INFO - 🎯 Action Usage Statistics:
2025-09-27 17:20:59,295 - __main__ - INFO -    Unique actions in evaluation: 8
2025-09-27 17:20:59,295 - __main__ - INFO -    Unique actions in training: 8
2025-09-27 17:20:59,295 - __main__ - INFO -    Total unique actions: 8
2025-09-27 17:20:59,295 - __main__ - INFO -    Action coverage: 6.6%
2025-09-27 17:20:59,295 - __main__ - INFO -    Train action count: 60416
2025-09-27 17:20:59,295 - __main__ - INFO -    Eval action count: 66043
2025-09-27 17:20:59,296 - __main__ - INFO -    Train action entropy: 2.064
2025-09-27 17:20:59,296 - __main__ - INFO -    Eval action entropy: 2.051
2025-09-27 17:20:59,296 - __main__ - INFO -    Top 3 train actions: #2(9638), #1(8932), #7(8576)
2025-09-27 17:20:59,296 - __main__ - INFO -    Top 3 eval actions: #2(11427), #1(10829), #7(8703)
2025-09-27 17:21:01,034 - __main__ - INFO - 📊 Episodes completed this rollout: 7
2025-09-27 17:21:01,034 - __main__ - INFO - 📈 Episode stats: avg return = 0.52, avg length = 156.0
2025-09-27 17:21:01,035 - __main__ - INFO - 🎯 Top 3 training actions: #2(9865), #1(9149), #7(8732)
2025-09-27 17:21:03,787 - __main__ - INFO - 📊 Episodes completed this rollout: 4
2025-09-27 17:21:03,787 - __main__ - INFO - 📈 Episode stats: avg return = 0.45, avg length = 157.2
2025-09-27 17:21:03,787 - __main__ - INFO - 🎯 Top 3 training actions: #2(10081), #1(9369), #7(8858)
2025-09-27 17:21:06,593 - __main__ - INFO - 📊 Episodes completed this rollout: 7
2025-09-27 17:21:06,594 - __main__ - INFO - 📈 Episode stats: avg return = 0.04, avg length = 235.6
2025-09-27 17:21:06,594 - __main__ - INFO - 🎯 Top 3 training actions: #2(10304), #1(9544), #7(8984)
2025-09-27 17:21:09,349 - __main__ - INFO - 📊 Episodes completed this rollout: 5
2025-09-27 17:21:09,349 - __main__ - INFO - 📈 Episode stats: avg return = 0.67, avg length = 132.2
2025-09-27 17:21:09,349 - __main__ - INFO - 🎯 Top 3 training actions: #2(10526), #1(9706), #7(9146)
2025-09-27 17:21:10,438 - __main__ - INFO - 🔄 Synchronized model update at step 64,512
2025-09-27 17:21:10,438 - __main__ - INFO -    HMM interval: inf, VAE interval: 12,000
2025-09-27 17:21:10,439 - __main__ - INFO - 🚫 Model training masking: 1368/12288 timesteps masked (11.1%) due to negative rewards (invalid actions)
2025-09-27 17:21:10,439 - __main__ - INFO - 🔄 VAE refresh starting at step 64,512 with replay size 8x1536
2025-09-27 17:21:10,440 - __main__ - INFO -    Using span sampling (12288 timesteps, too large for full buffer)
2025-09-27 17:21:32,756 - __main__ - INFO -    VAE refresh complete: final_loss=976.0989, avg_loss=993.4397, steps=4/4, trend=improving, total_timesteps=12288, span_sampling=32_requested×4_steps, span_len=64
2025-09-27 17:21:32,759 - __main__ - INFO -    ✅ VAE updated (next in 12,000 steps)
2025-09-27 17:21:34,416 - __main__ - INFO - 📊 Episodes completed this rollout: 5
2025-09-27 17:21:34,417 - __main__ - INFO - 📈 Episode stats: avg return = 0.40, avg length = 179.4
2025-09-27 17:21:34,417 - __main__ - INFO - 🎯 Top 3 training actions: #2(10753), #1(9836), #7(9312)
2025-09-27 17:21:37,200 - __main__ - INFO - 📊 Episodes completed this rollout: 6
2025-09-27 17:21:37,200 - __main__ - INFO - 📈 Episode stats: avg return = 0.02, avg length = 260.8
2025-09-27 17:21:37,200 - __main__ - INFO - 🎯 Top 3 training actions: #2(11006), #1(9959), #7(9466)
2025-09-27 17:21:39,898 - __main__ - INFO - 📊 Episodes completed this rollout: 1
2025-09-27 17:21:39,898 - __main__ - INFO - 📈 Episode stats: avg return = 0.98, avg length = 134.0
2025-09-27 17:21:39,898 - __main__ - INFO - 🎯 Top 3 training actions: #2(11223), #1(10071), #7(9612)
2025-09-27 17:21:42,703 - __main__ - INFO - 📊 Episodes completed this rollout: 8
2025-09-27 17:21:42,703 - __main__ - INFO - 📈 Episode stats: avg return = 0.18, avg length = 232.4
2025-09-27 17:21:42,703 - __main__ - INFO - 🎯 Top 3 training actions: #2(11428), #1(10177), #7(9755)
2025-09-27 17:21:45,450 - __main__ - INFO - 📊 Episodes completed this rollout: 5
2025-09-27 17:21:45,450 - __main__ - INFO - 📈 Episode stats: avg return = 0.72, avg length = 123.8
2025-09-27 17:21:45,450 - __main__ - INFO - 🎯 Top 3 training actions: #2(11644), #1(10288), #7(9921)
2025-09-27 17:21:48,196 - __main__ - INFO - 📊 Episodes completed this rollout: 5
2025-09-27 17:21:48,196 - __main__ - INFO - 📈 Episode stats: avg return = 0.20, avg length = 258.4
2025-09-27 17:21:48,197 - __main__ - INFO - 🎯 Top 3 training actions: #2(11831), #1(10415), #7(10065)
2025-09-27 17:21:49,261 - __main__ - INFO - 🧪 Starting evaluation with 50 episodes...
2025-09-27 17:21:49,261 - __main__ - INFO -    Eval seed: 51
2025-09-27 17:21:49,262 - __main__ - INFO -    Max episode steps (eval): env default
2025-09-27 17:21:49,262 - nle.env.base - INFO - Not saving any NLE data.
2025-09-27 17:21:54,169 - __main__ - WARNING - ⚠️ Episode 2 terminated due to step limit.
2025-09-27 17:21:56,904 - __main__ - WARNING - ⚠️ Episode 3 terminated due to step limit.
2025-09-27 17:21:59,779 - __main__ - WARNING - ⚠️ Episode 4 terminated due to step limit.
2025-09-27 17:22:02,655 - __main__ - WARNING - ⚠️ Episode 5 terminated due to step limit.
2025-09-27 17:22:07,631 - __main__ - WARNING - ⚠️ Episode 8 terminated due to step limit.
2025-09-27 17:22:10,531 - __main__ - WARNING - ⚠️ Episode 11 terminated due to step limit.
2025-09-27 17:22:13,266 - __main__ - WARNING - ⚠️ Episode 12 terminated due to step limit.
2025-09-27 17:22:15,992 - __main__ - WARNING - ⚠️ Episode 13 terminated due to step limit.
2025-09-27 17:22:24,794 - __main__ - WARNING - ⚠️ Episode 19 terminated due to step limit.
2025-09-27 17:22:29,080 - __main__ - WARNING - ⚠️ Episode 21 terminated due to step limit.
2025-09-27 17:22:31,801 - __main__ - WARNING - ⚠️ Episode 22 terminated due to step limit.
2025-09-27 17:22:35,368 - __main__ - WARNING - ⚠️ Episode 26 terminated due to step limit.
2025-09-27 17:22:38,082 - __main__ - WARNING - ⚠️ Episode 27 terminated due to step limit.
2025-09-27 17:22:41,412 - __main__ - WARNING - ⚠️ Episode 30 terminated due to step limit.
2025-09-27 17:22:44,124 - __main__ - WARNING - ⚠️ Episode 31 terminated due to step limit.
2025-09-27 17:22:46,827 - __main__ - WARNING - ⚠️ Episode 32 terminated due to step limit.
2025-09-27 17:22:49,531 - __main__ - WARNING - ⚠️ Episode 33 terminated due to step limit.
2025-09-27 17:22:53,421 - __main__ - WARNING - ⚠️ Episode 35 terminated due to step limit.
2025-09-27 17:22:57,460 - __main__ - WARNING - ⚠️ Episode 37 terminated due to step limit.
2025-09-27 17:23:02,892 - __main__ - WARNING - ⚠️ Episode 39 terminated due to step limit.
2025-09-27 17:23:07,792 - __main__ - WARNING - ⚠️ Episode 41 terminated due to step limit.
2025-09-27 17:23:10,521 - __main__ - WARNING - ⚠️ Episode 42 terminated due to step limit.
2025-09-27 17:23:13,241 - __main__ - WARNING - ⚠️ Episode 43 terminated due to step limit.
2025-09-27 17:23:15,987 - __main__ - WARNING - ⚠️ Episode 44 terminated due to step limit.
2025-09-27 17:23:18,716 - __main__ - WARNING - ⚠️ Episode 45 terminated due to step limit.
2025-09-27 17:23:21,440 - __main__ - WARNING - ⚠️ Episode 46 terminated due to step limit.
2025-09-27 17:23:24,195 - __main__ - WARNING - ⚠️ Episode 47 terminated due to step limit.
2025-09-27 17:23:26,909 - __main__ - WARNING - ⚠️ Episode 48 terminated due to step limit.
2025-09-27 17:23:29,887 - __main__ - WARNING - ⚠️ Episode 50 terminated due to step limit.
2025-09-27 17:23:29,890 - __main__ - INFO - 📊 Evaluation Results (Current Round):
2025-09-27 17:23:29,890 - __main__ - INFO -    Episodes: 50
2025-09-27 17:23:29,890 - __main__ - INFO -    Time: 100.6s (2.0s/ep)
2025-09-27 17:23:29,890 - __main__ - INFO -    Average Return: 0.290 ± 0.566
2025-09-27 17:23:29,890 - __main__ - INFO -    Success Rate: 42.0%
2025-09-27 17:23:29,890 - __main__ - INFO -    Average Length: 219.4
2025-09-27 17:23:29,890 - __main__ - INFO -    Average Coverage: 70.7 positions
2025-09-27 17:23:29,890 - __main__ - INFO -    Episode Completions: 21 terminated (42.0%), 29 truncated (58.0%)
2025-09-27 17:23:29,890 - __main__ - INFO - 📈 Total Evaluation Statistics:
2025-09-27 17:23:29,891 - __main__ - INFO -    Total Episodes: 350
2025-09-27 17:23:29,891 - __main__ - INFO -    Total Average Return: 0.189 ± 0.654
2025-09-27 17:23:29,891 - __main__ - INFO -    Total Average Length: 220.0 ± 106.6
2025-09-27 17:23:29,891 - __main__ - INFO -    Total Completions: 147 terminated (42.0%), 203 truncated (58.0%)
2025-09-27 17:23:29,891 - __main__ - INFO -    Skill Entropy: 0.000
2025-09-27 17:23:29,891 - __main__ - INFO -    Used Skills: 0.0
2025-09-27 17:23:29,891 - __main__ - INFO -    Effective K: 0.00
2025-09-27 17:23:29,891 - __main__ - INFO - 🎯 Action Usage Statistics:
2025-09-27 17:23:29,891 - __main__ - INFO -    Unique actions in evaluation: 8
2025-09-27 17:23:29,891 - __main__ - INFO -    Unique actions in training: 8
2025-09-27 17:23:29,891 - __main__ - INFO -    Total unique actions: 8
2025-09-27 17:23:29,892 - __main__ - INFO -    Action coverage: 6.6%
2025-09-27 17:23:29,892 - __main__ - INFO -    Train action count: 70656
2025-09-27 17:23:29,892 - __main__ - INFO -    Eval action count: 77014
2025-09-27 17:23:29,892 - __main__ - INFO -    Train action entropy: 2.062
2025-09-27 17:23:29,892 - __main__ - INFO -    Eval action entropy: 2.052
2025-09-27 17:23:29,893 - __main__ - INFO -    Top 3 train actions: #2(11831), #1(10415), #7(10065)
2025-09-27 17:23:29,893 - __main__ - INFO -    Top 3 eval actions: #2(13485), #1(12236), #7(10271)
2025-09-27 17:23:31,609 - __main__ - INFO - 📊 Episodes completed this rollout: 4
2025-09-27 17:23:31,609 - __main__ - INFO - 📈 Episode stats: avg return = 0.08, avg length = 229.2
2025-09-27 17:23:31,610 - __main__ - INFO - 🎯 Top 3 training actions: #2(12004), #1(10554), #7(10216)
2025-09-27 17:23:34,350 - __main__ - INFO - 📊 Episodes completed this rollout: 2
2025-09-27 17:23:34,350 - __main__ - INFO - 📈 Episode stats: avg return = 0.43, avg length = 273.5
2025-09-27 17:23:34,351 - __main__ - INFO - 🎯 Top 3 training actions: #2(12195), #1(10704), #7(10353)
2025-09-27 17:23:37,136 - __main__ - INFO - 📊 Episodes completed this rollout: 5
2025-09-27 17:23:37,137 - __main__ - INFO - 📈 Episode stats: avg return = -0.12, avg length = 300.0
2025-09-27 17:23:37,137 - __main__ - INFO - 🎯 Top 3 training actions: #2(12378), #1(10837), #7(10484)
2025-09-27 17:23:39,918 - __main__ - INFO - 📊 Episodes completed this rollout: 3
2025-09-27 17:23:39,918 - __main__ - INFO - 📈 Episode stats: avg return = 0.10, avg length = 231.7
2025-09-27 17:23:39,919 - __main__ - INFO - 🎯 Top 3 training actions: #2(12572), #1(10973), #7(10642)
2025-09-27 17:23:42,692 - __main__ - INFO - 📊 Episodes completed this rollout: 5
2025-09-27 17:23:42,692 - __main__ - INFO - 📈 Episode stats: avg return = -0.10, avg length = 300.0
2025-09-27 17:23:42,692 - __main__ - INFO - 🎯 Top 3 training actions: #2(12773), #1(11117), #7(10800)
2025-09-27 17:23:45,463 - __main__ - INFO - 📊 Episodes completed this rollout: 2
2025-09-27 17:23:45,463 - __main__ - INFO - 📈 Episode stats: avg return = -0.18, avg length = 300.0
2025-09-27 17:23:45,463 - __main__ - INFO - 🎯 Top 3 training actions: #2(12962), #1(11243), #7(10999)
2025-09-27 17:23:46,685 - __main__ - INFO - 🔄 Synchronized model update at step 76,800
2025-09-27 17:23:46,685 - __main__ - INFO -    HMM interval: inf, VAE interval: 12,000
2025-09-27 17:23:46,685 - __main__ - INFO - 🚫 Model training masking: 936/12288 timesteps masked (7.6%) due to negative rewards (invalid actions)
2025-09-27 17:23:46,686 - __main__ - INFO - 🔄 VAE refresh starting at step 76,800 with replay size 8x1536
2025-09-27 17:23:46,686 - __main__ - INFO -    Using span sampling (12288 timesteps, too large for full buffer)
2025-09-27 17:24:10,362 - __main__ - INFO -    VAE refresh complete: final_loss=974.5388, avg_loss=990.4965, steps=4/4, trend=improving, total_timesteps=12288, span_sampling=32_requested×4_steps, span_len=64
2025-09-27 17:24:10,365 - __main__ - INFO -    ✅ VAE updated (next in 12,000 steps)
2025-09-27 17:24:12,043 - __main__ - INFO - 📊 Episodes completed this rollout: 5
2025-09-27 17:24:12,043 - __main__ - INFO - 📈 Episode stats: avg return = -0.19, avg length = 300.0
2025-09-27 17:24:12,043 - __main__ - INFO - 🎯 Top 3 training actions: #2(13162), #1(11393), #7(11165)
2025-09-27 17:24:14,827 - __main__ - INFO - 📊 Episodes completed this rollout: 2
2025-09-27 17:24:14,827 - __main__ - INFO - 📈 Episode stats: avg return = -0.15, avg length = 300.0
2025-09-27 17:24:14,827 - __main__ - INFO - 🎯 Top 3 training actions: #2(13347), #1(11564), #7(11311)
2025-09-27 17:24:17,572 - __main__ - INFO - 📊 Episodes completed this rollout: 4
2025-09-27 17:24:17,572 - __main__ - INFO - 📈 Episode stats: avg return = 0.44, avg length = 190.8
2025-09-27 17:24:17,572 - __main__ - INFO - 🎯 Top 3 training actions: #2(13500), #1(11711), #7(11475)
2025-09-27 17:24:20,374 - __main__ - INFO - 📊 Episodes completed this rollout: 7
2025-09-27 17:24:20,374 - __main__ - INFO - 📈 Episode stats: avg return = 0.31, avg length = 216.1
2025-09-27 17:24:20,374 - __main__ - INFO - 🎯 Top 3 training actions: #2(13636), #1(11840), #7(11619)
2025-09-27 17:24:21,450 - __main__ - INFO - 🧪 Starting evaluation with 50 episodes...
2025-09-27 17:24:21,450 - __main__ - INFO -    Eval seed: 51
2025-09-27 17:24:21,450 - __main__ - INFO -    Max episode steps (eval): env default
2025-09-27 17:24:21,451 - nle.env.base - INFO - Not saving any NLE data.
2025-09-27 17:24:26,543 - __main__ - WARNING - ⚠️ Episode 4 terminated due to step limit.
2025-09-27 17:24:31,530 - __main__ - WARNING - ⚠️ Episode 7 terminated due to step limit.
2025-09-27 17:24:34,364 - __main__ - WARNING - ⚠️ Episode 9 terminated due to step limit.
2025-09-27 17:24:37,147 - __main__ - WARNING - ⚠️ Episode 10 terminated due to step limit.
2025-09-27 17:24:39,923 - __main__ - WARNING - ⚠️ Episode 11 terminated due to step limit.
2025-09-27 17:24:42,726 - __main__ - WARNING - ⚠️ Episode 12 terminated due to step limit.
2025-09-27 17:24:45,464 - __main__ - WARNING - ⚠️ Episode 13 terminated due to step limit.
2025-09-27 17:24:48,194 - __main__ - WARNING - ⚠️ Episode 14 terminated due to step limit.
2025-09-27 17:24:50,937 - __main__ - WARNING - ⚠️ Episode 15 terminated due to step limit.
2025-09-27 17:24:57,578 - __main__ - WARNING - ⚠️ Episode 19 terminated due to step limit.
2025-09-27 17:25:00,307 - __main__ - WARNING - ⚠️ Episode 20 terminated due to step limit.
2025-09-27 17:25:03,054 - __main__ - WARNING - ⚠️ Episode 21 terminated due to step limit.
2025-09-27 17:25:07,754 - __main__ - WARNING - ⚠️ Episode 24 terminated due to step limit.
2025-09-27 17:25:11,721 - __main__ - WARNING - ⚠️ Episode 26 terminated due to step limit.
2025-09-27 17:25:14,443 - __main__ - WARNING - ⚠️ Episode 27 terminated due to step limit.
2025-09-27 17:25:17,171 - __main__ - WARNING - ⚠️ Episode 28 terminated due to step limit.
2025-09-27 17:25:19,898 - __main__ - WARNING - ⚠️ Episode 29 terminated due to step limit.
2025-09-27 17:25:25,280 - __main__ - WARNING - ⚠️ Episode 31 terminated due to step limit.
2025-09-27 17:25:28,009 - __main__ - WARNING - ⚠️ Episode 32 terminated due to step limit.
2025-09-27 17:25:32,946 - __main__ - WARNING - ⚠️ Episode 36 terminated due to step limit.
2025-09-27 17:25:35,680 - __main__ - WARNING - ⚠️ Episode 37 terminated due to step limit.
2025-09-27 17:25:38,950 - __main__ - WARNING - ⚠️ Episode 39 terminated due to step limit.
2025-09-27 17:25:41,729 - __main__ - WARNING - ⚠️ Episode 40 terminated due to step limit.
2025-09-27 17:25:44,521 - __main__ - WARNING - ⚠️ Episode 41 terminated due to step limit.
2025-09-27 17:25:47,649 - __main__ - WARNING - ⚠️ Episode 43 terminated due to step limit.
2025-09-27 17:25:50,360 - __main__ - WARNING - ⚠️ Episode 44 terminated due to step limit.
2025-09-27 17:25:53,099 - __main__ - WARNING - ⚠️ Episode 45 terminated due to step limit.
2025-09-27 17:25:55,890 - __main__ - WARNING - ⚠️ Episode 47 terminated due to step limit.
2025-09-27 17:25:58,592 - __main__ - WARNING - ⚠️ Episode 48 terminated due to step limit.
2025-09-27 17:26:01,602 - __main__ - WARNING - ⚠️ Episode 50 terminated due to step limit.
2025-09-27 17:26:01,605 - __main__ - INFO - 📊 Evaluation Results (Current Round):
2025-09-27 17:26:01,605 - __main__ - INFO -    Episodes: 50
2025-09-27 17:26:01,605 - __main__ - INFO -    Time: 100.2s (2.0s/ep)
2025-09-27 17:26:01,605 - __main__ - INFO -    Average Return: 0.314 ± 0.548
2025-09-27 17:26:01,605 - __main__ - INFO -    Success Rate: 40.0%
2025-09-27 17:26:01,606 - __main__ - INFO -    Average Length: 218.6
2025-09-27 17:26:01,606 - __main__ - INFO -    Average Coverage: 72.5 positions
2025-09-27 17:26:01,606 - __main__ - INFO -    Episode Completions: 20 terminated (40.0%), 30 truncated (60.0%)
2025-09-27 17:26:01,606 - __main__ - INFO - 📈 Total Evaluation Statistics:
2025-09-27 17:26:01,606 - __main__ - INFO -    Total Episodes: 400
2025-09-27 17:26:01,606 - __main__ - INFO -    Total Average Return: 0.205 ± 0.643
2025-09-27 17:26:01,606 - __main__ - INFO -    Total Average Length: 219.9 ± 107.2
2025-09-27 17:26:01,606 - __main__ - INFO -    Total Completions: 167 terminated (41.8%), 233 truncated (58.2%)
2025-09-27 17:26:01,606 - __main__ - INFO -    Skill Entropy: 0.000
2025-09-27 17:26:01,606 - __main__ - INFO -    Used Skills: 0.0
2025-09-27 17:26:01,606 - __main__ - INFO -    Effective K: 0.00
2025-09-27 17:26:01,607 - __main__ - INFO - 🎯 Action Usage Statistics:
2025-09-27 17:26:01,607 - __main__ - INFO -    Unique actions in evaluation: 8
2025-09-27 17:26:01,607 - __main__ - INFO -    Unique actions in training: 8
2025-09-27 17:26:01,607 - __main__ - INFO -    Total unique actions: 8
2025-09-27 17:26:01,607 - __main__ - INFO -    Action coverage: 6.6%
2025-09-27 17:26:01,607 - __main__ - INFO -    Train action count: 80896
2025-09-27 17:26:01,607 - __main__ - INFO -    Eval action count: 87945
2025-09-27 17:26:01,607 - __main__ - INFO -    Train action entropy: 2.062
2025-09-27 17:26:01,608 - __main__ - INFO -    Eval action entropy: 2.054
2025-09-27 17:26:01,608 - __main__ - INFO -    Top 3 train actions: #2(13636), #1(11840), #7(11619)
2025-09-27 17:26:01,608 - __main__ - INFO -    Top 3 eval actions: #2(15390), #1(13693), #7(11726)
2025-09-27 17:26:03,281 - __main__ - INFO - 📊 Episodes completed this rollout: 6
2025-09-27 17:26:03,282 - __main__ - INFO - 📈 Episode stats: avg return = 0.44, avg length = 165.7
2025-09-27 17:26:03,282 - __main__ - INFO - 🎯 Top 3 training actions: #2(13803), #1(11983), #7(11770)
2025-09-27 17:26:05,984 - __main__ - INFO - 📊 Episodes completed this rollout: 4
2025-09-27 17:26:05,985 - __main__ - INFO - 📈 Episode stats: avg return = 0.35, avg length = 214.0
2025-09-27 17:26:05,985 - __main__ - INFO - 🎯 Top 3 training actions: #2(13992), #1(12125), #7(11889)
2025-09-27 17:26:08,716 - __main__ - INFO - 📊 Episodes completed this rollout: 6
2025-09-27 17:26:08,716 - __main__ - INFO - 📈 Episode stats: avg return = 0.20, avg length = 255.3
2025-09-27 17:26:08,716 - __main__ - INFO - 🎯 Top 3 training actions: #2(14141), #1(12223), #7(11987)
2025-09-27 17:26:11,394 - __main__ - INFO - 📊 Episodes completed this rollout: 1
2025-09-27 17:26:11,395 - __main__ - INFO - 📈 Episode stats: avg return = -0.10, avg length = 300.0
2025-09-27 17:26:11,395 - __main__ - INFO - 🎯 Top 3 training actions: #2(14300), #1(12326), #7(12075)
2025-09-27 17:26:14,241 - __main__ - INFO - 📊 Episodes completed this rollout: 7
2025-09-27 17:26:14,241 - __main__ - INFO - 📈 Episode stats: avg return = 0.03, avg length = 258.1
2025-09-27 17:26:14,241 - __main__ - INFO - 🎯 Top 3 training actions: #2(14407), #1(12416), #7(12147)
2025-09-27 17:26:16,954 - __main__ - INFO - 📊 Episodes completed this rollout: 1
2025-09-27 17:26:16,954 - __main__ - INFO - 📈 Episode stats: avg return = -0.15, avg length = 300.0
2025-09-27 17:26:16,954 - __main__ - INFO - 🎯 Top 3 training actions: #2(14512), #1(12491), #7(12227)
2025-09-27 17:26:19,671 - __main__ - INFO - 📊 Episodes completed this rollout: 5
2025-09-27 17:26:19,672 - __main__ - INFO - 📈 Episode stats: avg return = 0.17, avg length = 262.8
2025-09-27 17:26:19,672 - __main__ - INFO - 🎯 Top 3 training actions: #2(14622), #1(12611), #7(12287)
2025-09-27 17:26:22,464 - __main__ - INFO - 📊 Episodes completed this rollout: 6
2025-09-27 17:26:22,465 - __main__ - INFO - 📈 Episode stats: avg return = 0.41, avg length = 188.0
2025-09-27 17:26:22,465 - __main__ - INFO - 🎯 Top 3 training actions: #2(14680), #1(12750), #7(12340)
2025-09-27 17:26:23,576 - __main__ - INFO - 🔄 Synchronized model update at step 89,088
2025-09-27 17:26:23,576 - __main__ - INFO -    HMM interval: inf, VAE interval: 12,000
2025-09-27 17:26:23,577 - __main__ - INFO - 🚫 Model training masking: 492/12288 timesteps masked (4.0%) due to negative rewards (invalid actions)
2025-09-27 17:26:23,577 - __main__ - INFO - 🔄 VAE refresh starting at step 89,088 with replay size 8x1536
2025-09-27 17:26:23,578 - __main__ - INFO -    Using span sampling (12288 timesteps, too large for full buffer)
2025-09-27 17:26:48,342 - __main__ - INFO -    VAE refresh complete: final_loss=975.8966, avg_loss=988.4153, steps=4/4, trend=improving, total_timesteps=12288, span_sampling=32_requested×4_steps, span_len=64
2025-09-27 17:26:48,344 - __main__ - INFO -    ✅ VAE updated (next in 12,000 steps)
2025-09-27 17:26:50,014 - __main__ - INFO - 📊 Episodes completed this rollout: 8
2025-09-27 17:26:50,014 - __main__ - INFO - 📈 Episode stats: avg return = 0.70, avg length = 158.2
2025-09-27 17:26:50,014 - __main__ - INFO - 🎯 Top 3 training actions: #2(14728), #1(12868), #7(12388)
2025-09-27 17:26:51,109 - __main__ - INFO - 🧪 Starting evaluation with 50 episodes...
2025-09-27 17:26:51,109 - __main__ - INFO -    Eval seed: 51
2025-09-27 17:26:51,109 - __main__ - INFO -    Max episode steps (eval): env default
2025-09-27 17:26:51,109 - nle.env.base - INFO - Not saving any NLE data.
2025-09-27 17:26:54,200 - __main__ - WARNING - ⚠️ Episode 2 terminated due to step limit.
2025-09-27 17:26:57,956 - __main__ - WARNING - ⚠️ Episode 4 terminated due to step limit.
2025-09-27 17:27:04,722 - __main__ - WARNING - ⚠️ Episode 10 terminated due to step limit.
2025-09-27 17:27:07,459 - __main__ - WARNING - ⚠️ Episode 11 terminated due to step limit.
2025-09-27 17:27:10,181 - __main__ - WARNING - ⚠️ Episode 12 terminated due to step limit.
2025-09-27 17:27:13,024 - __main__ - WARNING - ⚠️ Episode 13 terminated due to step limit.
2025-09-27 17:27:16,969 - __main__ - WARNING - ⚠️ Episode 15 terminated due to step limit.
2025-09-27 17:27:19,722 - __main__ - WARNING - ⚠️ Episode 16 terminated due to step limit.
2025-09-27 17:27:24,881 - __main__ - WARNING - ⚠️ Episode 18 terminated due to step limit.
2025-09-27 17:27:27,662 - __main__ - WARNING - ⚠️ Episode 19 terminated due to step limit.
2025-09-27 17:27:33,207 - __main__ - WARNING - ⚠️ Episode 22 terminated due to step limit.
2025-09-27 17:27:36,051 - __main__ - WARNING - ⚠️ Episode 23 terminated due to step limit.
2025-09-27 17:27:38,760 - __main__ - WARNING - ⚠️ Episode 24 terminated due to step limit.
2025-09-27 17:27:41,471 - __main__ - WARNING - ⚠️ Episode 25 terminated due to step limit.
2025-09-27 17:27:44,365 - __main__ - WARNING - ⚠️ Episode 27 terminated due to step limit.
2025-09-27 17:27:49,070 - __main__ - WARNING - ⚠️ Episode 29 terminated due to step limit.
2025-09-27 17:27:53,337 - __main__ - WARNING - ⚠️ Episode 31 terminated due to step limit.
2025-09-27 17:27:56,061 - __main__ - WARNING - ⚠️ Episode 32 terminated due to step limit.
2025-09-27 17:27:58,778 - __main__ - WARNING - ⚠️ Episode 33 terminated due to step limit.
2025-09-27 17:28:01,488 - __main__ - WARNING - ⚠️ Episode 34 terminated due to step limit.
2025-09-27 17:28:04,258 - __main__ - WARNING - ⚠️ Episode 36 terminated due to step limit.
2025-09-27 17:28:06,974 - __main__ - WARNING - ⚠️ Episode 37 terminated due to step limit.
2025-09-27 17:28:09,682 - __main__ - WARNING - ⚠️ Episode 38 terminated due to step limit.
2025-09-27 17:28:14,185 - __main__ - WARNING - ⚠️ Episode 41 terminated due to step limit.
2025-09-27 17:28:16,911 - __main__ - WARNING - ⚠️ Episode 42 terminated due to step limit.
2025-09-27 17:28:19,667 - __main__ - WARNING - ⚠️ Episode 43 terminated due to step limit.
2025-09-27 17:28:22,401 - __main__ - WARNING - ⚠️ Episode 44 terminated due to step limit.
2025-09-27 17:28:25,131 - __main__ - WARNING - ⚠️ Episode 45 terminated due to step limit.
2025-09-27 17:28:27,863 - __main__ - WARNING - ⚠️ Episode 46 terminated due to step limit.
2025-09-27 17:28:32,963 - __main__ - WARNING - ⚠️ Episode 48 terminated due to step limit.
2025-09-27 17:28:35,948 - __main__ - WARNING - ⚠️ Episode 50 terminated due to step limit.
2025-09-27 17:28:35,951 - __main__ - INFO - 📊 Evaluation Results (Current Round):
2025-09-27 17:28:35,951 - __main__ - INFO -    Episodes: 50
2025-09-27 17:28:35,951 - __main__ - INFO -    Time: 104.8s (2.1s/ep)
2025-09-27 17:28:35,951 - __main__ - INFO -    Average Return: 0.306 ± 0.515
2025-09-27 17:28:35,951 - __main__ - INFO -    Success Rate: 38.0%
2025-09-27 17:28:35,951 - __main__ - INFO -    Average Length: 228.7
2025-09-27 17:28:35,951 - __main__ - INFO -    Average Coverage: 77.3 positions
2025-09-27 17:28:35,951 - __main__ - INFO -    Episode Completions: 19 terminated (38.0%), 31 truncated (62.0%)
2025-09-27 17:28:35,951 - __main__ - INFO - 📈 Total Evaluation Statistics:
2025-09-27 17:28:35,951 - __main__ - INFO -    Total Episodes: 450
2025-09-27 17:28:35,952 - __main__ - INFO -    Total Average Return: 0.216 ± 0.631
2025-09-27 17:28:35,952 - __main__ - INFO -    Total Average Length: 220.8 ± 106.8
2025-09-27 17:28:35,952 - __main__ - INFO -    Total Completions: 186 terminated (41.3%), 264 truncated (58.7%)
2025-09-27 17:28:35,952 - __main__ - INFO -    Skill Entropy: 0.000
2025-09-27 17:28:35,952 - __main__ - INFO -    Used Skills: 0.0
2025-09-27 17:28:35,952 - __main__ - INFO -    Effective K: 0.00
2025-09-27 17:28:35,952 - __main__ - INFO - 🎯 Action Usage Statistics:
2025-09-27 17:28:35,952 - __main__ - INFO -    Unique actions in evaluation: 8
2025-09-27 17:28:35,952 - __main__ - INFO -    Unique actions in training: 8
2025-09-27 17:28:35,952 - __main__ - INFO -    Total unique actions: 8
2025-09-27 17:28:35,952 - __main__ - INFO -    Action coverage: 6.6%
2025-09-27 17:28:35,953 - __main__ - INFO -    Train action count: 90112
2025-09-27 17:28:35,953 - __main__ - INFO -    Eval action count: 99381
2025-09-27 17:28:35,953 - __main__ - INFO -    Train action entropy: 2.065
2025-09-27 17:28:35,953 - __main__ - INFO -    Eval action entropy: 2.061
2025-09-27 17:28:35,954 - __main__ - INFO -    Top 3 train actions: #2(14728), #1(12868), #7(12388)
2025-09-27 17:28:35,954 - __main__ - INFO -    Top 3 eval actions: #2(15834), #1(15147), #0(14220)
2025-09-27 17:28:37,613 - __main__ - INFO - 📊 Episodes completed this rollout: 5
2025-09-27 17:28:37,613 - __main__ - INFO - 📈 Episode stats: avg return = 0.56, avg length = 166.6
2025-09-27 17:28:37,613 - __main__ - INFO - 🎯 Top 3 training actions: #2(14762), #1(12984), #0(12495)
2025-09-27 17:28:40,316 - __main__ - INFO - 📊 Episodes completed this rollout: 3
2025-09-27 17:28:40,317 - __main__ - INFO - 📈 Episode stats: avg return = 0.63, avg length = 239.7
2025-09-27 17:28:40,317 - __main__ - INFO - 🎯 Top 3 training actions: #2(14812), #1(13099), #0(12795)
2025-09-27 17:28:43,041 - __main__ - INFO - 📊 Episodes completed this rollout: 6
2025-09-27 17:28:43,041 - __main__ - INFO - 📈 Episode stats: avg return = 0.46, avg length = 217.8
2025-09-27 17:28:43,041 - __main__ - INFO - 🎯 Top 3 training actions: #2(14868), #1(13193), #0(13094)
2025-09-27 17:28:45,748 - __main__ - INFO - 📊 Episodes completed this rollout: 5
2025-09-27 17:28:45,748 - __main__ - INFO - 📈 Episode stats: avg return = 0.72, avg length = 157.0
2025-09-27 17:28:45,749 - __main__ - INFO - 🎯 Top 3 training actions: #2(14895), #0(13385), #1(13292)
2025-09-27 17:28:48,488 - __main__ - INFO - 📊 Episodes completed this rollout: 6
2025-09-27 17:28:48,488 - __main__ - INFO - 📈 Episode stats: avg return = 0.41, avg length = 233.0
2025-09-27 17:28:48,489 - __main__ - INFO - 🎯 Top 3 training actions: #2(14925), #0(13638), #1(13408)
2025-09-27 17:28:51,256 - __main__ - INFO - 📊 Episodes completed this rollout: 7
2025-09-27 17:28:51,257 - __main__ - INFO - 📈 Episode stats: avg return = 0.77, avg length = 136.9
2025-09-27 17:28:51,257 - __main__ - INFO - 🎯 Top 3 training actions: #2(14970), #0(13836), #1(13522)
2025-09-27 17:28:54,068 - __main__ - INFO - 📊 Episodes completed this rollout: 3
2025-09-27 17:28:54,068 - __main__ - INFO - 📈 Episode stats: avg return = -0.19, avg length = 300.0
2025-09-27 17:28:54,069 - __main__ - INFO - 🎯 Top 3 training actions: #2(15011), #0(14035), #1(13667)
2025-09-27 17:28:56,823 - __main__ - INFO - 📊 Episodes completed this rollout: 4
2025-09-27 17:28:56,824 - __main__ - INFO - 📈 Episode stats: avg return = 0.05, avg length = 260.8
2025-09-27 17:28:56,824 - __main__ - INFO - 🎯 Top 3 training actions: #2(15045), #0(14242), #1(13832)
2025-09-27 17:28:59,574 - __main__ - INFO - 📊 Episodes completed this rollout: 4
2025-09-27 17:28:59,574 - __main__ - INFO - 📈 Episode stats: avg return = 0.37, avg length = 215.0
2025-09-27 17:28:59,575 - __main__ - INFO - 🎯 Top 3 training actions: #2(15119), #0(14496), #1(13987)
2025-09-27 17:29:02,348 - __main__ - INFO - 📊 Episodes completed this rollout: 1
2025-09-27 17:29:02,348 - __main__ - INFO - 📈 Episode stats: avg return = -0.37, avg length = 300.0
2025-09-27 17:29:02,348 - __main__ - INFO - 🎯 Top 3 training actions: #2(15201), #0(14757), #1(14118)
2025-09-27 17:29:03,412 - __main__ - INFO - 🧪 Starting evaluation with 50 episodes...
2025-09-27 17:29:03,413 - __main__ - INFO -    Eval seed: 51
2025-09-27 17:29:03,413 - __main__ - INFO -    Max episode steps (eval): env default
2025-09-27 17:29:03,414 - nle.env.base - INFO - Not saving any NLE data.
2025-09-27 17:29:06,247 - __main__ - WARNING - ⚠️ Episode 1 terminated due to step limit.
2025-09-27 17:29:10,949 - __main__ - WARNING - ⚠️ Episode 4 terminated due to step limit.
2025-09-27 17:29:13,678 - __main__ - WARNING - ⚠️ Episode 5 terminated due to step limit.
2025-09-27 17:29:18,383 - __main__ - WARNING - ⚠️ Episode 7 terminated due to step limit.
2025-09-27 17:29:21,118 - __main__ - WARNING - ⚠️ Episode 8 terminated due to step limit.
2025-09-27 17:29:24,075 - __main__ - WARNING - ⚠️ Episode 10 terminated due to step limit.
2025-09-27 17:29:26,812 - __main__ - WARNING - ⚠️ Episode 11 terminated due to step limit.
2025-09-27 17:29:29,552 - __main__ - WARNING - ⚠️ Episode 12 terminated due to step limit.
2025-09-27 17:29:32,303 - __main__ - WARNING - ⚠️ Episode 13 terminated due to step limit.
2025-09-27 17:29:36,534 - __main__ - WARNING - ⚠️ Episode 17 terminated due to step limit.
2025-09-27 17:29:39,893 - __main__ - WARNING - ⚠️ Episode 19 terminated due to step limit.
2025-09-27 17:29:42,620 - __main__ - WARNING - ⚠️ Episode 20 terminated due to step limit.
2025-09-27 17:29:45,344 - __main__ - WARNING - ⚠️ Episode 21 terminated due to step limit.
2025-09-27 17:29:49,600 - __main__ - WARNING - ⚠️ Episode 23 terminated due to step limit.
2025-09-27 17:29:52,325 - __main__ - WARNING - ⚠️ Episode 24 terminated due to step limit.
2025-09-27 17:29:55,811 - __main__ - WARNING - ⚠️ Episode 27 terminated due to step limit.
2025-09-27 17:29:58,584 - __main__ - WARNING - ⚠️ Episode 28 terminated due to step limit.
2025-09-27 17:30:02,423 - __main__ - WARNING - ⚠️ Episode 30 terminated due to step limit.
2025-09-27 17:30:07,335 - __main__ - WARNING - ⚠️ Episode 33 terminated due to step limit.
2025-09-27 17:30:10,062 - __main__ - WARNING - ⚠️ Episode 34 terminated due to step limit.
2025-09-27 17:30:12,856 - __main__ - WARNING - ⚠️ Episode 36 terminated due to step limit.
2025-09-27 17:30:16,414 - __main__ - WARNING - ⚠️ Episode 38 terminated due to step limit.
2025-09-27 17:30:21,393 - __main__ - WARNING - ⚠️ Episode 41 terminated due to step limit.
2025-09-27 17:30:24,130 - __main__ - WARNING - ⚠️ Episode 42 terminated due to step limit.
2025-09-27 17:30:26,979 - __main__ - WARNING - ⚠️ Episode 43 terminated due to step limit.
2025-09-27 17:30:29,870 - __main__ - WARNING - ⚠️ Episode 45 terminated due to step limit.
2025-09-27 17:30:32,606 - __main__ - WARNING - ⚠️ Episode 46 terminated due to step limit.
2025-09-27 17:30:38,477 - __main__ - WARNING - ⚠️ Episode 49 terminated due to step limit.
2025-09-27 17:30:38,814 - __main__ - INFO - 📊 Evaluation Results (Current Round):
2025-09-27 17:30:38,814 - __main__ - INFO -    Episodes: 50
2025-09-27 17:30:38,814 - __main__ - INFO -    Time: 95.4s (1.9s/ep)
2025-09-27 17:30:38,815 - __main__ - INFO -    Average Return: 0.372 ± 0.540
2025-09-27 17:30:38,815 - __main__ - INFO -    Success Rate: 44.0%
2025-09-27 17:30:38,815 - __main__ - INFO -    Average Length: 208.3
2025-09-27 17:30:38,815 - __main__ - INFO -    Average Coverage: 67.5 positions
2025-09-27 17:30:38,815 - __main__ - INFO -    Episode Completions: 22 terminated (44.0%), 28 truncated (56.0%)
2025-09-27 17:30:38,815 - __main__ - INFO - 📈 Total Evaluation Statistics:
2025-09-27 17:30:38,815 - __main__ - INFO -    Total Episodes: 500
2025-09-27 17:30:38,815 - __main__ - INFO -    Total Average Return: 0.232 ± 0.624
2025-09-27 17:30:38,815 - __main__ - INFO -    Total Average Length: 219.6 ± 107.6
2025-09-27 17:30:38,815 - __main__ - INFO -    Total Completions: 208 terminated (41.6%), 292 truncated (58.4%)
2025-09-27 17:30:38,815 - __main__ - INFO -    Skill Entropy: 0.000
2025-09-27 17:30:38,816 - __main__ - INFO -    Used Skills: 0.0
2025-09-27 17:30:38,816 - __main__ - INFO -    Effective K: 0.00
2025-09-27 17:30:38,816 - __main__ - INFO - 🎯 Action Usage Statistics:
2025-09-27 17:30:38,816 - __main__ - INFO -    Unique actions in evaluation: 8
2025-09-27 17:30:38,816 - __main__ - INFO -    Unique actions in training: 8
2025-09-27 17:30:38,816 - __main__ - INFO -    Total unique actions: 8
2025-09-27 17:30:38,816 - __main__ - INFO -    Action coverage: 6.6%
2025-09-27 17:30:38,816 - __main__ - INFO -    Train action count: 100352
2025-09-27 17:30:38,816 - __main__ - INFO -    Eval action count: 109797
2025-09-27 17:30:38,817 - __main__ - INFO -    Train action entropy: 2.067
2025-09-27 17:30:38,817 - __main__ - INFO -    Eval action entropy: 2.060
2025-09-27 17:30:38,817 - __main__ - INFO -    Top 3 train actions: #2(15201), #0(14757), #1(14118)
2025-09-27 17:30:38,817 - __main__ - INFO -    Top 3 eval actions: #0(16862), #2(16713), #1(16382)
2025-09-27 17:30:40,550 - __main__ - INFO - 📊 Episodes completed this rollout: 10
2025-09-27 17:30:40,550 - __main__ - INFO - 📈 Episode stats: avg return = 0.08, avg length = 233.0
2025-09-27 17:30:40,550 - __main__ - INFO - 🎯 Top 3 training actions: #2(15292), #0(15009), #1(14238)
2025-09-27 17:30:41,618 - __main__ - INFO - 🔄 Synchronized model update at step 101,376
2025-09-27 17:30:41,618 - __main__ - INFO -    HMM interval: inf, VAE interval: 12,000
2025-09-27 17:30:41,619 - __main__ - INFO - 🚫 Model training masking: 276/12288 timesteps masked (2.2%) due to negative rewards (invalid actions)
2025-09-27 17:30:41,619 - __main__ - INFO - 🔄 VAE refresh starting at step 101,376 with replay size 8x1536
2025-09-27 17:30:41,620 - __main__ - INFO -    Using span sampling (12288 timesteps, too large for full buffer)
2025-09-27 17:31:06,898 - __main__ - INFO -    VAE refresh complete: final_loss=979.9019, avg_loss=996.2676, steps=4/4, trend=improving, total_timesteps=12288, span_sampling=32_requested×4_steps, span_len=64
2025-09-27 17:31:06,900 - __main__ - INFO -    ✅ VAE updated (next in 12,000 steps)
2025-09-27 17:31:08,564 - __main__ - INFO - 📊 Episodes completed this rollout: 8
2025-09-27 17:31:08,564 - __main__ - INFO - 📈 Episode stats: avg return = 0.85, avg length = 85.1
2025-09-27 17:31:08,565 - __main__ - INFO - 🎯 Top 3 training actions: #2(15404), #0(15281), #1(14338)
2025-09-27 17:31:11,292 - __main__ - INFO - 📊 Episodes completed this rollout: 1
2025-09-27 17:31:11,293 - __main__ - INFO - 📈 Episode stats: avg return = -0.01, avg length = 300.0
2025-09-27 17:31:11,293 - __main__ - INFO - 🎯 Top 3 training actions: #2(15545), #0(15543), #1(14426)
2025-09-27 17:31:14,087 - __main__ - INFO - 📊 Episodes completed this rollout: 9
2025-09-27 17:31:14,087 - __main__ - INFO - 📈 Episode stats: avg return = 0.15, avg length = 213.8
2025-09-27 17:31:14,087 - __main__ - INFO - 🎯 Top 3 training actions: #0(15813), #2(15724), #1(14518)
2025-09-27 17:31:16,818 - __main__ - INFO - 📊 Episodes completed this rollout: 6
2025-09-27 17:31:16,818 - __main__ - INFO - 📈 Episode stats: avg return = 0.77, avg length = 114.7
2025-09-27 17:31:16,818 - __main__ - INFO - 🎯 Top 3 training actions: #0(16104), #2(15854), #1(14590)
2025-09-27 17:31:19,568 - __main__ - INFO - 📊 Episodes completed this rollout: 3
2025-09-27 17:31:19,568 - __main__ - INFO - 📈 Episode stats: avg return = -0.10, avg length = 300.0
2025-09-27 17:31:19,568 - __main__ - INFO - 🎯 Top 3 training actions: #0(16404), #2(16030), #1(14650)
2025-09-27 17:31:22,360 - __main__ - INFO - 📊 Episodes completed this rollout: 7
2025-09-27 17:31:22,361 - __main__ - INFO - 📈 Episode stats: avg return = 0.19, avg length = 217.4
2025-09-27 17:31:22,361 - __main__ - INFO - 🎯 Top 3 training actions: #0(16711), #2(16181), #1(14698)
2025-09-27 17:31:25,103 - __main__ - INFO - 📊 Episodes completed this rollout: 3
2025-09-27 17:31:25,103 - __main__ - INFO - 📈 Episode stats: avg return = 0.19, avg length = 227.3
2025-09-27 17:31:25,104 - __main__ - INFO - 🎯 Top 3 training actions: #0(17002), #2(16336), #1(14747)
2025-09-27 17:31:27,866 - __main__ - INFO - 📊 Episodes completed this rollout: 5
2025-09-27 17:31:27,867 - __main__ - INFO - 📈 Episode stats: avg return = 0.24, avg length = 260.4
2025-09-27 17:31:27,867 - __main__ - INFO - 🎯 Top 3 training actions: #0(17248), #2(16518), #1(14800)
2025-09-27 17:31:30,639 - __main__ - INFO - 📊 Episodes completed this rollout: 2
2025-09-27 17:31:30,639 - __main__ - INFO - 📈 Episode stats: avg return = 0.42, avg length = 291.5
2025-09-27 17:31:30,640 - __main__ - INFO - 🎯 Top 3 training actions: #0(17501), #2(16679), #1(14862)
2025-09-27 17:31:31,729 - __main__ - INFO - 🧪 Starting evaluation with 50 episodes...
2025-09-27 17:31:31,729 - __main__ - INFO -    Eval seed: 51
2025-09-27 17:31:31,729 - __main__ - INFO -    Max episode steps (eval): env default
2025-09-27 17:31:31,729 - nle.env.base - INFO - Not saving any NLE data.
2025-09-27 17:31:34,507 - __main__ - WARNING - ⚠️ Episode 1 terminated due to step limit.
2025-09-27 17:31:37,256 - __main__ - WARNING - ⚠️ Episode 2 terminated due to step limit.
2025-09-27 17:31:41,270 - __main__ - WARNING - ⚠️ Episode 5 terminated due to step limit.
2025-09-27 17:31:44,609 - __main__ - WARNING - ⚠️ Episode 7 terminated due to step limit.
2025-09-27 17:31:47,328 - __main__ - WARNING - ⚠️ Episode 8 terminated due to step limit.
2025-09-27 17:31:50,036 - __main__ - WARNING - ⚠️ Episode 9 terminated due to step limit.
2025-09-27 17:31:56,102 - __main__ - WARNING - ⚠️ Episode 13 terminated due to step limit.
2025-09-27 17:31:58,803 - __main__ - WARNING - ⚠️ Episode 14 terminated due to step limit.
2025-09-27 17:32:05,726 - __main__ - WARNING - ⚠️ Episode 18 terminated due to step limit.
2025-09-27 17:32:08,462 - __main__ - WARNING - ⚠️ Episode 19 terminated due to step limit.
2025-09-27 17:32:11,208 - __main__ - WARNING - ⚠️ Episode 20 terminated due to step limit.
2025-09-27 17:32:13,917 - __main__ - WARNING - ⚠️ Episode 21 terminated due to step limit.
2025-09-27 17:32:16,626 - __main__ - WARNING - ⚠️ Episode 22 terminated due to step limit.
2025-09-27 17:32:19,589 - __main__ - WARNING - ⚠️ Episode 24 terminated due to step limit.
2025-09-27 17:32:22,307 - __main__ - WARNING - ⚠️ Episode 25 terminated due to step limit.
2025-09-27 17:32:25,021 - __main__ - WARNING - ⚠️ Episode 26 terminated due to step limit.
2025-09-27 17:32:27,766 - __main__ - WARNING - ⚠️ Episode 27 terminated due to step limit.
2025-09-27 17:32:32,855 - __main__ - WARNING - ⚠️ Episode 33 terminated due to step limit.
2025-09-27 17:32:35,626 - __main__ - WARNING - ⚠️ Episode 34 terminated due to step limit.
2025-09-27 17:32:38,354 - __main__ - WARNING - ⚠️ Episode 35 terminated due to step limit.
2025-09-27 17:32:41,088 - __main__ - WARNING - ⚠️ Episode 36 terminated due to step limit.
2025-09-27 17:32:43,937 - __main__ - WARNING - ⚠️ Episode 38 terminated due to step limit.
2025-09-27 17:32:47,425 - __main__ - WARNING - ⚠️ Episode 40 terminated due to step limit.
2025-09-27 17:32:50,149 - __main__ - WARNING - ⚠️ Episode 41 terminated due to step limit.
2025-09-27 17:32:52,880 - __main__ - WARNING - ⚠️ Episode 42 terminated due to step limit.
2025-09-27 17:32:55,605 - __main__ - WARNING - ⚠️ Episode 43 terminated due to step limit.
2025-09-27 17:32:58,331 - __main__ - WARNING - ⚠️ Episode 44 terminated due to step limit.
2025-09-27 17:33:01,092 - __main__ - WARNING - ⚠️ Episode 45 terminated due to step limit.
2025-09-27 17:33:03,866 - __main__ - WARNING - ⚠️ Episode 46 terminated due to step limit.
2025-09-27 17:33:06,844 - __main__ - WARNING - ⚠️ Episode 48 terminated due to step limit.
2025-09-27 17:33:09,584 - __main__ - WARNING - ⚠️ Episode 49 terminated due to step limit.
2025-09-27 17:33:12,316 - __main__ - WARNING - ⚠️ Episode 50 terminated due to step limit.
2025-09-27 17:33:12,319 - __main__ - INFO - 📊 Evaluation Results (Current Round):
2025-09-27 17:33:12,319 - __main__ - INFO -    Episodes: 50
2025-09-27 17:33:12,319 - __main__ - INFO -    Time: 100.6s (2.0s/ep)
2025-09-27 17:33:12,319 - __main__ - INFO -    Average Return: 0.274 ± 0.526
2025-09-27 17:33:12,319 - __main__ - INFO -    Success Rate: 36.0%
2025-09-27 17:33:12,319 - __main__ - INFO -    Average Length: 220.3
2025-09-27 17:33:12,319 - __main__ - INFO -    Average Coverage: 65.6 positions
2025-09-27 17:33:12,320 - __main__ - INFO -    Episode Completions: 18 terminated (36.0%), 32 truncated (64.0%)
2025-09-27 17:33:12,320 - __main__ - INFO - 📈 Total Evaluation Statistics:
2025-09-27 17:33:12,320 - __main__ - INFO -    Total Episodes: 550
2025-09-27 17:33:12,320 - __main__ - INFO -    Total Average Return: 0.235 ± 0.616
2025-09-27 17:33:12,320 - __main__ - INFO -    Total Average Length: 219.7 ± 108.2
2025-09-27 17:33:12,320 - __main__ - INFO -    Total Completions: 226 terminated (41.1%), 324 truncated (58.9%)
2025-09-27 17:33:12,320 - __main__ - INFO -    Skill Entropy: 0.000
2025-09-27 17:33:12,320 - __main__ - INFO -    Used Skills: 0.0
2025-09-27 17:33:12,320 - __main__ - INFO -    Effective K: 0.00
2025-09-27 17:33:12,320 - __main__ - INFO - 🎯 Action Usage Statistics:
2025-09-27 17:33:12,320 - __main__ - INFO -    Unique actions in evaluation: 8
2025-09-27 17:33:12,321 - __main__ - INFO -    Unique actions in training: 8
2025-09-27 17:33:12,321 - __main__ - INFO -    Total unique actions: 8
2025-09-27 17:33:12,321 - __main__ - INFO -    Action coverage: 6.6%
2025-09-27 17:33:12,321 - __main__ - INFO -    Train action count: 110592
2025-09-27 17:33:12,321 - __main__ - INFO -    Eval action count: 120813
2025-09-27 17:33:12,321 - __main__ - INFO -    Train action entropy: 2.064
2025-09-27 17:33:12,322 - __main__ - INFO -    Eval action entropy: 2.058
2025-09-27 17:33:12,322 - __main__ - INFO -    Top 3 train actions: #0(17501), #2(16679), #1(14862)
2025-09-27 17:33:12,322 - __main__ - INFO -    Top 3 eval actions: #0(19304), #2(18752), #1(17231)
2025-09-27 17:33:13,969 - __main__ - INFO - 📊 Episodes completed this rollout: 3
2025-09-27 17:33:13,969 - __main__ - INFO - 📈 Episode stats: avg return = 0.22, avg length = 250.0
2025-09-27 17:33:13,969 - __main__ - INFO - 🎯 Top 3 training actions: #0(17714), #2(16868), #1(14933)
2025-09-27 17:33:16,735 - __main__ - INFO - 📊 Episodes completed this rollout: 5
2025-09-27 17:33:16,735 - __main__ - INFO - 📈 Episode stats: avg return = 0.12, avg length = 245.0
2025-09-27 17:33:16,735 - __main__ - INFO - 🎯 Top 3 training actions: #0(17940), #2(17065), #1(15032)
2025-09-27 17:33:19,496 - __main__ - INFO - 📊 Episodes completed this rollout: 6
2025-09-27 17:33:19,497 - __main__ - INFO - 📈 Episode stats: avg return = 0.40, avg length = 207.0
2025-09-27 17:33:19,497 - __main__ - INFO - 🎯 Top 3 training actions: #0(18195), #2(17252), #1(15133)
2025-09-27 17:33:20,583 - __main__ - INFO - 🔄 Synchronized model update at step 113,664
2025-09-27 17:33:20,584 - __main__ - INFO -    HMM interval: inf, VAE interval: 12,000
2025-09-27 17:33:20,584 - __main__ - INFO - 🚫 Model training masking: 492/12288 timesteps masked (4.0%) due to negative rewards (invalid actions)
2025-09-27 17:33:20,584 - __main__ - INFO - 🔄 VAE refresh starting at step 113,664 with replay size 8x1536
2025-09-27 17:33:20,585 - __main__ - INFO -    Using span sampling (12288 timesteps, too large for full buffer)
2025-09-27 17:33:45,092 - __main__ - INFO -    VAE refresh complete: final_loss=952.8300, avg_loss=968.3236, steps=4/4, trend=improving, total_timesteps=12288, span_sampling=32_requested×4_steps, span_len=64
2025-09-27 17:33:45,094 - __main__ - INFO -    ✅ VAE updated (next in 12,000 steps)
2025-09-27 17:33:46,759 - __main__ - INFO - 📊 Episodes completed this rollout: 5
2025-09-27 17:33:46,759 - __main__ - INFO - 📈 Episode stats: avg return = 0.31, avg length = 206.0
2025-09-27 17:33:46,759 - __main__ - INFO - 🎯 Top 3 training actions: #0(18430), #2(17412), #1(15246)
2025-09-27 17:33:49,483 - __main__ - INFO - 📊 Episodes completed this rollout: 4
2025-09-27 17:33:49,483 - __main__ - INFO - 📈 Episode stats: avg return = 0.18, avg length = 281.5
2025-09-27 17:33:49,484 - __main__ - INFO - 🎯 Top 3 training actions: #0(18648), #2(17593), #1(15356)
2025-09-27 17:33:52,247 - __main__ - INFO - 📊 Episodes completed this rollout: 9
2025-09-27 17:33:52,248 - __main__ - INFO - 📈 Episode stats: avg return = 0.61, avg length = 130.8
2025-09-27 17:33:52,248 - __main__ - INFO - 🎯 Top 3 training actions: #0(18868), #2(17776), #1(15473)
2025-09-27 17:33:54,970 - __main__ - INFO - 📊 Episodes completed this rollout: 2
2025-09-27 17:33:54,971 - __main__ - INFO - 📈 Episode stats: avg return = -0.23, avg length = 300.0
2025-09-27 17:33:54,971 - __main__ - INFO - 🎯 Top 3 training actions: #0(19079), #2(17947), #1(15578)
2025-09-27 17:33:57,698 - __main__ - INFO - 📊 Episodes completed this rollout: 3
2025-09-27 17:33:57,698 - __main__ - INFO - 📈 Episode stats: avg return = -0.37, avg length = 300.0
2025-09-27 17:33:57,698 - __main__ - INFO - 🎯 Top 3 training actions: #0(19306), #2(18106), #1(15657)
2025-09-27 17:34:00,432 - __main__ - INFO - 📊 Episodes completed this rollout: 5
2025-09-27 17:34:00,433 - __main__ - INFO - 📈 Episode stats: avg return = 0.01, avg length = 266.2
2025-09-27 17:34:00,433 - __main__ - INFO - 🎯 Top 3 training actions: #0(19464), #2(18266), #1(15741)
2025-09-27 17:34:03,140 - __main__ - INFO - 📊 Episodes completed this rollout: 3
2025-09-27 17:34:03,140 - __main__ - INFO - 📈 Episode stats: avg return = 0.22, avg length = 201.0
2025-09-27 17:34:03,140 - __main__ - INFO - 🎯 Top 3 training actions: #0(19653), #2(18414), #1(15826)
2025-09-27 17:34:04,204 - __main__ - INFO - 🧪 Starting evaluation with 50 episodes...
2025-09-27 17:34:04,205 - __main__ - INFO -    Eval seed: 51
2025-09-27 17:34:04,205 - __main__ - INFO -    Max episode steps (eval): env default
2025-09-27 17:34:04,205 - nle.env.base - INFO - Not saving any NLE data.
2025-09-27 17:34:08,693 - __main__ - WARNING - ⚠️ Episode 2 terminated due to step limit.
2025-09-27 17:34:11,430 - __main__ - WARNING - ⚠️ Episode 3 terminated due to step limit.
2025-09-27 17:34:14,168 - __main__ - WARNING - ⚠️ Episode 4 terminated due to step limit.
2025-09-27 17:34:17,310 - __main__ - WARNING - ⚠️ Episode 6 terminated due to step limit.
2025-09-27 17:34:20,410 - __main__ - WARNING - ⚠️ Episode 8 terminated due to step limit.
2025-09-27 17:34:25,175 - __main__ - WARNING - ⚠️ Episode 10 terminated due to step limit.
2025-09-27 17:34:27,895 - __main__ - WARNING - ⚠️ Episode 11 terminated due to step limit.
2025-09-27 17:34:30,636 - __main__ - WARNING - ⚠️ Episode 12 terminated due to step limit.
2025-09-27 17:34:33,354 - __main__ - WARNING - ⚠️ Episode 13 terminated due to step limit.
2025-09-27 17:34:36,172 - __main__ - WARNING - ⚠️ Episode 14 terminated due to step limit.
2025-09-27 17:34:39,638 - __main__ - WARNING - ⚠️ Episode 16 terminated due to step limit.
2025-09-27 17:34:42,465 - __main__ - WARNING - ⚠️ Episode 17 terminated due to step limit.
2025-09-27 17:34:45,182 - __main__ - WARNING - ⚠️ Episode 18 terminated due to step limit.
2025-09-27 17:34:49,288 - __main__ - WARNING - ⚠️ Episode 20 terminated due to step limit.
2025-09-27 17:34:52,026 - __main__ - WARNING - ⚠️ Episode 21 terminated due to step limit.
2025-09-27 17:34:55,017 - __main__ - WARNING - ⚠️ Episode 23 terminated due to step limit.
2025-09-27 17:34:57,866 - __main__ - WARNING - ⚠️ Episode 25 terminated due to step limit.
2025-09-27 17:35:02,170 - __main__ - WARNING - ⚠️ Episode 29 terminated due to step limit.
2025-09-27 17:35:06,820 - __main__ - WARNING - ⚠️ Episode 33 terminated due to step limit.
2025-09-27 17:35:12,472 - __main__ - WARNING - ⚠️ Episode 36 terminated due to step limit.
2025-09-27 17:35:15,208 - __main__ - WARNING - ⚠️ Episode 37 terminated due to step limit.
2025-09-27 17:35:18,163 - __main__ - WARNING - ⚠️ Episode 39 terminated due to step limit.
2025-09-27 17:35:21,789 - __main__ - WARNING - ⚠️ Episode 41 terminated due to step limit.
2025-09-27 17:35:24,530 - __main__ - WARNING - ⚠️ Episode 42 terminated due to step limit.
2025-09-27 17:35:27,258 - __main__ - WARNING - ⚠️ Episode 43 terminated due to step limit.
2025-09-27 17:35:31,370 - __main__ - WARNING - ⚠️ Episode 45 terminated due to step limit.
2025-09-27 17:35:34,107 - __main__ - WARNING - ⚠️ Episode 46 terminated due to step limit.
2025-09-27 17:35:36,845 - __main__ - WARNING - ⚠️ Episode 47 terminated due to step limit.
2025-09-27 17:35:40,741 - __main__ - WARNING - ⚠️ Episode 49 terminated due to step limit.
2025-09-27 17:35:42,122 - __main__ - INFO - 📊 Evaluation Results (Current Round):
2025-09-27 17:35:42,122 - __main__ - INFO -    Episodes: 50
2025-09-27 17:35:42,122 - __main__ - INFO -    Time: 97.9s (2.0s/ep)
2025-09-27 17:35:42,122 - __main__ - INFO -    Average Return: 0.277 ± 0.583
2025-09-27 17:35:42,123 - __main__ - INFO -    Success Rate: 42.0%
2025-09-27 17:35:42,123 - __main__ - INFO -    Average Length: 213.1
2025-09-27 17:35:42,123 - __main__ - INFO -    Average Coverage: 59.9 positions
2025-09-27 17:35:42,123 - __main__ - INFO -    Episode Completions: 21 terminated (42.0%), 29 truncated (58.0%)
2025-09-27 17:35:42,123 - __main__ - INFO - 📈 Total Evaluation Statistics:
2025-09-27 17:35:42,123 - __main__ - INFO -    Total Episodes: 600
2025-09-27 17:35:42,123 - __main__ - INFO -    Total Average Return: 0.239 ± 0.613
2025-09-27 17:35:42,123 - __main__ - INFO -    Total Average Length: 219.1 ± 108.5
2025-09-27 17:35:42,123 - __main__ - INFO -    Total Completions: 247 terminated (41.2%), 353 truncated (58.8%)
2025-09-27 17:35:42,123 - __main__ - INFO -    Skill Entropy: 0.000
2025-09-27 17:35:42,123 - __main__ - INFO -    Used Skills: 0.0
2025-09-27 17:35:42,124 - __main__ - INFO -    Effective K: 0.00
2025-09-27 17:35:42,124 - __main__ - INFO - 🎯 Action Usage Statistics:
2025-09-27 17:35:42,124 - __main__ - INFO -    Unique actions in evaluation: 8
2025-09-27 17:35:42,124 - __main__ - INFO -    Unique actions in training: 8
2025-09-27 17:35:42,124 - __main__ - INFO -    Total unique actions: 8
2025-09-27 17:35:42,124 - __main__ - INFO -    Action coverage: 6.6%
2025-09-27 17:35:42,124 - __main__ - INFO -    Train action count: 120832
2025-09-27 17:35:42,124 - __main__ - INFO -    Eval action count: 131469
2025-09-27 17:35:42,125 - __main__ - INFO -    Train action entropy: 2.063
2025-09-27 17:35:42,125 - __main__ - INFO -    Eval action entropy: 2.058
2025-09-27 17:35:42,125 - __main__ - INFO -    Top 3 train actions: #0(19653), #2(18414), #1(15826)
2025-09-27 17:35:42,125 - __main__ - INFO -    Top 3 eval actions: #0(21279), #2(20465), #1(18359)
2025-09-27 17:35:43,819 - __main__ - INFO - 📊 Episodes completed this rollout: 7
2025-09-27 17:35:43,819 - __main__ - INFO - 📈 Episode stats: avg return = 0.25, avg length = 222.6
2025-09-27 17:35:43,819 - __main__ - INFO - 🎯 Top 3 training actions: #0(19835), #2(18559), #1(15937)
2025-09-27 17:35:46,563 - __main__ - INFO - 📊 Episodes completed this rollout: 4
2025-09-27 17:35:46,564 - __main__ - INFO - 📈 Episode stats: avg return = 0.46, avg length = 177.5
2025-09-27 17:35:46,564 - __main__ - INFO - 🎯 Top 3 training actions: #0(20009), #2(18740), #1(16072)
2025-09-27 17:35:49,341 - __main__ - INFO - 📊 Episodes completed this rollout: 6
2025-09-27 17:35:49,342 - __main__ - INFO - 📈 Episode stats: avg return = 0.10, avg length = 220.2
2025-09-27 17:35:49,342 - __main__ - INFO - 🎯 Top 3 training actions: #0(20175), #2(18900), #1(16170)
2025-09-27 17:35:52,098 - __main__ - INFO - 📊 Episodes completed this rollout: 4
2025-09-27 17:35:52,098 - __main__ - INFO - 📈 Episode stats: avg return = -0.04, avg length = 265.5
2025-09-27 17:35:52,098 - __main__ - INFO - 🎯 Top 3 training actions: #0(20295), #2(19039), #1(16276)
2025-09-27 17:35:54,803 - __main__ - INFO - 📊 Episodes completed this rollout: 2
2025-09-27 17:35:54,804 - __main__ - INFO - 📈 Episode stats: avg return = 0.31, avg length = 212.5
2025-09-27 17:35:54,804 - __main__ - INFO - 🎯 Top 3 training actions: #0(20424), #2(19191), #1(16357)
2025-09-27 17:35:55,890 - __main__ - INFO - 🔄 Synchronized model update at step 125,952
2025-09-27 17:35:55,890 - __main__ - INFO -    HMM interval: inf, VAE interval: 12,000
2025-09-27 17:35:55,890 - __main__ - INFO - 🚫 Model training masking: 156/12288 timesteps masked (1.3%) due to negative rewards (invalid actions)
2025-09-27 17:35:55,891 - __main__ - INFO - 🔄 VAE refresh starting at step 125,952 with replay size 8x1536
2025-09-27 17:35:55,892 - __main__ - INFO -    Using span sampling (12288 timesteps, too large for full buffer)
2025-09-27 17:36:21,718 - __main__ - INFO -    VAE refresh complete: final_loss=965.3774, avg_loss=983.8560, steps=4/4, trend=improving, total_timesteps=12288, span_sampling=32_requested×4_steps, span_len=64
2025-09-27 17:36:21,720 - __main__ - INFO -    ✅ VAE updated (next in 12,000 steps)
2025-09-27 17:36:23,384 - __main__ - INFO - 📊 Episodes completed this rollout: 5
2025-09-27 17:36:23,384 - __main__ - INFO - 📈 Episode stats: avg return = 0.05, avg length = 279.4
2025-09-27 17:36:23,384 - __main__ - INFO - 🎯 Top 3 training actions: #0(20548), #2(19364), #1(16433)
2025-09-27 17:36:26,094 - __main__ - INFO - 📊 Episodes completed this rollout: 2
2025-09-27 17:36:26,094 - __main__ - INFO - 📈 Episode stats: avg return = -0.11, avg length = 300.0
2025-09-27 17:36:26,094 - __main__ - INFO - 🎯 Top 3 training actions: #0(20673), #2(19518), #1(16495)
2025-09-27 17:36:28,857 - __main__ - INFO - 📊 Episodes completed this rollout: 8
2025-09-27 17:36:28,857 - __main__ - INFO - 📈 Episode stats: avg return = 0.09, avg length = 244.0
2025-09-27 17:36:28,857 - __main__ - INFO - 🎯 Top 3 training actions: #0(20784), #2(19676), #1(16544)
2025-09-27 17:36:31,557 - __main__ - INFO - 📊 Episodes completed this rollout: 2
2025-09-27 17:36:31,558 - __main__ - INFO - 📈 Episode stats: avg return = 0.88, avg length = 118.0
2025-09-27 17:36:31,558 - __main__ - INFO - 🎯 Top 3 training actions: #0(20898), #2(19823), #1(16602)
2025-09-27 17:36:32,629 - __main__ - INFO - 🧪 Starting evaluation with 50 episodes...
2025-09-27 17:36:32,629 - __main__ - INFO -    Eval seed: 51
2025-09-27 17:36:32,629 - __main__ - INFO -    Max episode steps (eval): env default
2025-09-27 17:36:32,630 - nle.env.base - INFO - Not saving any NLE data.
2025-09-27 17:36:35,415 - __main__ - WARNING - ⚠️ Episode 1 terminated due to step limit.
2025-09-27 17:36:38,161 - __main__ - WARNING - ⚠️ Episode 2 terminated due to step limit.
2025-09-27 17:36:40,910 - __main__ - WARNING - ⚠️ Episode 3 terminated due to step limit.
2025-09-27 17:36:43,677 - __main__ - WARNING - ⚠️ Episode 4 terminated due to step limit.
2025-09-27 17:36:46,417 - __main__ - WARNING - ⚠️ Episode 5 terminated due to step limit.
2025-09-27 17:36:50,327 - __main__ - WARNING - ⚠️ Episode 7 terminated due to step limit.
2025-09-27 17:36:53,079 - __main__ - WARNING - ⚠️ Episode 8 terminated due to step limit.
2025-09-27 17:36:55,923 - __main__ - WARNING - ⚠️ Episode 9 terminated due to step limit.
2025-09-27 17:36:58,648 - __main__ - WARNING - ⚠️ Episode 10 terminated due to step limit.
2025-09-27 17:37:01,520 - __main__ - WARNING - ⚠️ Episode 12 terminated due to step limit.
2025-09-27 17:37:05,930 - __main__ - WARNING - ⚠️ Episode 15 terminated due to step limit.
2025-09-27 17:37:09,102 - __main__ - WARNING - ⚠️ Episode 17 terminated due to step limit.
2025-09-27 17:37:11,842 - __main__ - WARNING - ⚠️ Episode 18 terminated due to step limit.
2025-09-27 17:37:14,626 - __main__ - WARNING - ⚠️ Episode 19 terminated due to step limit.
2025-09-27 17:37:17,368 - __main__ - WARNING - ⚠️ Episode 20 terminated due to step limit.
2025-09-27 17:37:22,003 - __main__ - WARNING - ⚠️ Episode 22 terminated due to step limit.
2025-09-27 17:37:24,745 - __main__ - WARNING - ⚠️ Episode 23 terminated due to step limit.
2025-09-27 17:37:30,429 - __main__ - WARNING - ⚠️ Episode 27 terminated due to step limit.
2025-09-27 17:37:33,337 - __main__ - WARNING - ⚠️ Episode 29 terminated due to step limit.
2025-09-27 17:37:36,073 - __main__ - WARNING - ⚠️ Episode 30 terminated due to step limit.
2025-09-27 17:37:38,820 - __main__ - WARNING - ⚠️ Episode 31 terminated due to step limit.
2025-09-27 17:37:42,099 - __main__ - WARNING - ⚠️ Episode 33 terminated due to step limit.
2025-09-27 17:37:44,844 - __main__ - WARNING - ⚠️ Episode 34 terminated due to step limit.
2025-09-27 17:37:47,616 - __main__ - WARNING - ⚠️ Episode 35 terminated due to step limit.
2025-09-27 17:37:50,362 - __main__ - WARNING - ⚠️ Episode 36 terminated due to step limit.
2025-09-27 17:37:53,113 - __main__ - WARNING - ⚠️ Episode 37 terminated due to step limit.
2025-09-27 17:37:55,988 - __main__ - WARNING - ⚠️ Episode 38 terminated due to step limit.
2025-09-27 17:37:58,720 - __main__ - WARNING - ⚠️ Episode 39 terminated due to step limit.
2025-09-27 17:38:01,539 - __main__ - WARNING - ⚠️ Episode 40 terminated due to step limit.
2025-09-27 17:38:07,091 - __main__ - WARNING - ⚠️ Episode 42 terminated due to step limit.
2025-09-27 17:38:09,929 - __main__ - WARNING - ⚠️ Episode 43 terminated due to step limit.
2025-09-27 17:38:12,649 - __main__ - WARNING - ⚠️ Episode 44 terminated due to step limit.
2025-09-27 17:38:18,012 - __main__ - WARNING - ⚠️ Episode 49 terminated due to step limit.
2025-09-27 17:38:20,787 - __main__ - WARNING - ⚠️ Episode 50 terminated due to step limit.
2025-09-27 17:38:20,790 - __main__ - INFO - 📊 Evaluation Results (Current Round):
2025-09-27 17:38:20,790 - __main__ - INFO -    Episodes: 50
2025-09-27 17:38:20,790 - __main__ - INFO -    Time: 108.2s (2.2s/ep)
2025-09-27 17:38:20,790 - __main__ - INFO -    Average Return: 0.140 ± 0.553
2025-09-27 17:38:20,790 - __main__ - INFO -    Success Rate: 32.0%
2025-09-27 17:38:20,790 - __main__ - INFO -    Average Length: 234.8
2025-09-27 17:38:20,790 - __main__ - INFO -    Average Coverage: 64.0 positions
2025-09-27 17:38:20,791 - __main__ - INFO -    Episode Completions: 16 terminated (32.0%), 34 truncated (68.0%)
2025-09-27 17:38:20,791 - __main__ - INFO - 📈 Total Evaluation Statistics:
2025-09-27 17:38:20,791 - __main__ - INFO -    Total Episodes: 650
2025-09-27 17:38:20,791 - __main__ - INFO -    Total Average Return: 0.231 ± 0.609
2025-09-27 17:38:20,791 - __main__ - INFO -    Total Average Length: 220.3 ± 108.4
2025-09-27 17:38:20,791 - __main__ - INFO -    Total Completions: 263 terminated (40.5%), 387 truncated (59.5%)
2025-09-27 17:38:20,791 - __main__ - INFO -    Skill Entropy: 0.000
2025-09-27 17:38:20,791 - __main__ - INFO -    Used Skills: 0.0
2025-09-27 17:38:20,791 - __main__ - INFO -    Effective K: 0.00
2025-09-27 17:38:20,791 - __main__ - INFO - 🎯 Action Usage Statistics:
2025-09-27 17:38:20,792 - __main__ - INFO -    Unique actions in evaluation: 8
2025-09-27 17:38:20,792 - __main__ - INFO -    Unique actions in training: 8
2025-09-27 17:38:20,792 - __main__ - INFO -    Total unique actions: 8
2025-09-27 17:38:20,792 - __main__ - INFO -    Action coverage: 6.6%
2025-09-27 17:38:20,792 - __main__ - INFO -    Train action count: 130048
2025-09-27 17:38:20,792 - __main__ - INFO -    Eval action count: 143209
2025-09-27 17:38:20,792 - __main__ - INFO -    Train action entropy: 2.065
2025-09-27 17:38:20,793 - __main__ - INFO -    Eval action entropy: 2.062
2025-09-27 17:38:20,793 - __main__ - INFO -    Top 3 train actions: #0(20898), #2(19823), #1(16602)
2025-09-27 17:38:20,793 - __main__ - INFO -    Top 3 eval actions: #0(22710), #2(22376), #1(19144)
2025-09-27 17:38:22,481 - __main__ - INFO - 📊 Episodes completed this rollout: 6
2025-09-27 17:38:22,482 - __main__ - INFO - 📈 Episode stats: avg return = 0.58, avg length = 227.5
2025-09-27 17:38:22,482 - __main__ - INFO - 🎯 Top 3 training actions: #0(21005), #2(19982), #1(16662)
2025-09-27 17:38:25,224 - __main__ - INFO - 📊 Episodes completed this rollout: 3
2025-09-27 17:38:25,224 - __main__ - INFO - 📈 Episode stats: avg return = -0.10, avg length = 300.0
2025-09-27 17:38:25,225 - __main__ - INFO - 🎯 Top 3 training actions: #0(21125), #2(20156), #1(16745)
2025-09-27 17:38:27,957 - __main__ - INFO - 📊 Episodes completed this rollout: 4
2025-09-27 17:38:27,957 - __main__ - INFO - 📈 Episode stats: avg return = 0.07, avg length = 235.5
2025-09-27 17:38:27,958 - __main__ - INFO - 🎯 Top 3 training actions: #0(21277), #2(20331), #1(16839)
2025-09-27 17:38:30,715 - __main__ - INFO - 📊 Episodes completed this rollout: 5
2025-09-27 17:38:30,715 - __main__ - INFO - 📈 Episode stats: avg return = 0.09, avg length = 258.2
2025-09-27 17:38:30,715 - __main__ - INFO - 🎯 Top 3 training actions: #0(21430), #2(20461), #1(16927)
2025-09-27 17:38:33,473 - __main__ - INFO - 📊 Episodes completed this rollout: 3
2025-09-27 17:38:33,474 - __main__ - INFO - 📈 Episode stats: avg return = -0.28, avg length = 300.0
2025-09-27 17:38:33,474 - __main__ - INFO - 🎯 Top 3 training actions: #0(21585), #2(20626), #5(17030)
2025-09-27 17:38:36,228 - __main__ - INFO - 📊 Episodes completed this rollout: 4
2025-09-27 17:38:36,228 - __main__ - INFO - 📈 Episode stats: avg return = 0.31, avg length = 213.5
2025-09-27 17:38:36,229 - __main__ - INFO - 🎯 Top 3 training actions: #0(21746), #2(20775), #5(17179)
2025-09-27 17:38:38,973 - __main__ - INFO - 📊 Episodes completed this rollout: 5
2025-09-27 17:38:38,973 - __main__ - INFO - 📈 Episode stats: avg return = 0.30, avg length = 199.2
2025-09-27 17:38:38,973 - __main__ - INFO - 🎯 Top 3 training actions: #0(21976), #2(20915), #5(17310)
2025-09-27 17:38:41,712 - __main__ - INFO - 📊 Episodes completed this rollout: 4
2025-09-27 17:38:41,712 - __main__ - INFO - 📈 Episode stats: avg return = -0.11, avg length = 300.0
2025-09-27 17:38:41,712 - __main__ - INFO - 🎯 Top 3 training actions: #0(22207), #2(21053), #5(17456)
2025-09-27 17:38:42,787 - __main__ - INFO - 🔄 Synchronized model update at step 138,240
2025-09-27 17:38:42,787 - __main__ - INFO -    HMM interval: inf, VAE interval: 12,000
2025-09-27 17:38:42,788 - __main__ - INFO - 🚫 Model training masking: 264/12288 timesteps masked (2.1%) due to negative rewards (invalid actions)
2025-09-27 17:38:42,788 - __main__ - INFO - 🔄 VAE refresh starting at step 138,240 with replay size 8x1536
2025-09-27 17:38:42,789 - __main__ - INFO -    Using span sampling (12288 timesteps, too large for full buffer)
2025-09-27 17:39:07,972 - __main__ - INFO -    VAE refresh complete: final_loss=953.2241, avg_loss=966.3772, steps=4/4, trend=improving, total_timesteps=12288, span_sampling=32_requested×4_steps, span_len=64
2025-09-27 17:39:07,974 - __main__ - INFO -    ✅ VAE updated (next in 12,000 steps)
2025-09-27 17:39:09,639 - __main__ - INFO - 📊 Episodes completed this rollout: 5
2025-09-27 17:39:09,639 - __main__ - INFO - 📈 Episode stats: avg return = 0.15, avg length = 271.0
2025-09-27 17:39:09,639 - __main__ - INFO - 🎯 Top 3 training actions: #0(22385), #2(21254), #5(17560)
2025-09-27 17:39:12,375 - __main__ - INFO - 📊 Episodes completed this rollout: 4
2025-09-27 17:39:12,375 - __main__ - INFO - 📈 Episode stats: avg return = 0.41, avg length = 181.5
2025-09-27 17:39:12,375 - __main__ - INFO - 🎯 Top 3 training actions: #0(22545), #2(21437), #5(17663)
2025-09-27 17:39:13,440 - __main__ - INFO - 🧪 Starting evaluation with 50 episodes...
2025-09-27 17:39:13,440 - __main__ - INFO -    Eval seed: 51
2025-09-27 17:39:13,440 - __main__ - INFO -    Max episode steps (eval): env default
2025-09-27 17:39:13,441 - nle.env.base - INFO - Not saving any NLE data.
2025-09-27 17:39:20,064 - __main__ - WARNING - ⚠️ Episode 4 terminated due to step limit.
2025-09-27 17:39:22,798 - __main__ - WARNING - ⚠️ Episode 5 terminated due to step limit.
2025-09-27 17:39:27,393 - __main__ - WARNING - ⚠️ Episode 8 terminated due to step limit.
2025-09-27 17:39:30,131 - __main__ - WARNING - ⚠️ Episode 9 terminated due to step limit.
2025-09-27 17:39:32,876 - __main__ - WARNING - ⚠️ Episode 10 terminated due to step limit.
2025-09-27 17:39:35,598 - __main__ - WARNING - ⚠️ Episode 11 terminated due to step limit.
2025-09-27 17:39:38,341 - __main__ - WARNING - ⚠️ Episode 12 terminated due to step limit.
2025-09-27 17:39:41,074 - __main__ - WARNING - ⚠️ Episode 13 terminated due to step limit.
2025-09-27 17:39:44,569 - __main__ - WARNING - ⚠️ Episode 16 terminated due to step limit.
2025-09-27 17:39:47,443 - __main__ - WARNING - ⚠️ Episode 17 terminated due to step limit.
2025-09-27 17:39:50,196 - __main__ - WARNING - ⚠️ Episode 18 terminated due to step limit.
2025-09-27 17:39:52,968 - __main__ - WARNING - ⚠️ Episode 19 terminated due to step limit.
2025-09-27 17:39:55,697 - __main__ - WARNING - ⚠️ Episode 20 terminated due to step limit.
2025-09-27 17:39:58,597 - __main__ - WARNING - ⚠️ Episode 22 terminated due to step limit.
2025-09-27 17:40:01,406 - __main__ - WARNING - ⚠️ Episode 23 terminated due to step limit.
2025-09-27 17:40:04,193 - __main__ - WARNING - ⚠️ Episode 24 terminated due to step limit.
2025-09-27 17:40:09,169 - __main__ - WARNING - ⚠️ Episode 26 terminated due to step limit.
2025-09-27 17:40:11,904 - __main__ - WARNING - ⚠️ Episode 27 terminated due to step limit.
2025-09-27 17:40:14,626 - __main__ - WARNING - ⚠️ Episode 28 terminated due to step limit.
2025-09-27 17:40:17,358 - __main__ - WARNING - ⚠️ Episode 29 terminated due to step limit.
2025-09-27 17:40:20,588 - __main__ - WARNING - ⚠️ Episode 31 terminated due to step limit.
2025-09-27 17:40:25,385 - __main__ - WARNING - ⚠️ Episode 33 terminated due to step limit.
2025-09-27 17:40:28,090 - __main__ - WARNING - ⚠️ Episode 34 terminated due to step limit.
2025-09-27 17:40:32,395 - __main__ - WARNING - ⚠️ Episode 38 terminated due to step limit.
2025-09-27 17:40:35,098 - __main__ - WARNING - ⚠️ Episode 39 terminated due to step limit.
2025-09-27 17:40:37,852 - __main__ - WARNING - ⚠️ Episode 40 terminated due to step limit.
2025-09-27 17:40:40,552 - __main__ - WARNING - ⚠️ Episode 41 terminated due to step limit.
2025-09-27 17:40:45,339 - __main__ - WARNING - ⚠️ Episode 43 terminated due to step limit.
2025-09-27 17:40:49,769 - __main__ - WARNING - ⚠️ Episode 45 terminated due to step limit.
2025-09-27 17:40:52,523 - __main__ - WARNING - ⚠️ Episode 46 terminated due to step limit.
2025-09-27 17:40:55,268 - __main__ - WARNING - ⚠️ Episode 47 terminated due to step limit.
2025-09-27 17:40:58,101 - __main__ - WARNING - ⚠️ Episode 48 terminated due to step limit.
2025-09-27 17:41:00,963 - __main__ - WARNING - ⚠️ Episode 49 terminated due to step limit.
2025-09-27 17:41:03,774 - __main__ - WARNING - ⚠️ Episode 50 terminated due to step limit.
2025-09-27 17:41:03,777 - __main__ - INFO - 📊 Evaluation Results (Current Round):
2025-09-27 17:41:03,777 - __main__ - INFO -    Episodes: 50
2025-09-27 17:41:03,777 - __main__ - INFO -    Time: 110.3s (2.2s/ep)
2025-09-27 17:41:03,777 - __main__ - INFO -    Average Return: 0.284 ± 0.476
2025-09-27 17:41:03,777 - __main__ - INFO -    Success Rate: 32.0%
2025-09-27 17:41:03,777 - __main__ - INFO -    Average Length: 240.4
2025-09-27 17:41:03,778 - __main__ - INFO -    Average Coverage: 69.1 positions
2025-09-27 17:41:03,778 - __main__ - INFO -    Episode Completions: 16 terminated (32.0%), 34 truncated (68.0%)
2025-09-27 17:41:03,778 - __main__ - INFO - 📈 Total Evaluation Statistics:
2025-09-27 17:41:03,778 - __main__ - INFO -    Total Episodes: 700
2025-09-27 17:41:03,778 - __main__ - INFO -    Total Average Return: 0.235 ± 0.601
2025-09-27 17:41:03,778 - __main__ - INFO -    Total Average Length: 221.8 ± 108.0
2025-09-27 17:41:03,778 - __main__ - INFO -    Total Completions: 279 terminated (39.9%), 421 truncated (60.1%)
2025-09-27 17:41:03,778 - __main__ - INFO -    Skill Entropy: 0.000
2025-09-27 17:41:03,778 - __main__ - INFO -    Used Skills: 0.0
2025-09-27 17:41:03,778 - __main__ - INFO -    Effective K: 0.00
2025-09-27 17:41:03,779 - __main__ - INFO - 🎯 Action Usage Statistics:
2025-09-27 17:41:03,779 - __main__ - INFO -    Unique actions in evaluation: 8
2025-09-27 17:41:03,779 - __main__ - INFO -    Unique actions in training: 8
2025-09-27 17:41:03,779 - __main__ - INFO -    Total unique actions: 8
2025-09-27 17:41:03,779 - __main__ - INFO -    Action coverage: 6.6%
2025-09-27 17:41:03,779 - __main__ - INFO -    Train action count: 140288
2025-09-27 17:41:03,779 - __main__ - INFO -    Eval action count: 155229
2025-09-27 17:41:03,779 - __main__ - INFO -    Train action entropy: 2.066
2025-09-27 17:41:03,780 - __main__ - INFO -    Eval action entropy: 2.059
2025-09-27 17:41:03,780 - __main__ - INFO -    Top 3 train actions: #0(22545), #2(21437), #5(17663)
2025-09-27 17:41:03,780 - __main__ - INFO -    Top 3 eval actions: #0(24826), #2(24735), #1(20976)
2025-09-27 17:41:05,452 - __main__ - INFO - 📊 Episodes completed this rollout: 3
2025-09-27 17:41:05,452 - __main__ - INFO - 📈 Episode stats: avg return = -0.09, avg length = 300.0
2025-09-27 17:41:05,452 - __main__ - INFO - 🎯 Top 3 training actions: #0(22720), #2(21630), #1(17797)
2025-09-27 17:41:08,230 - __main__ - INFO - 📊 Episodes completed this rollout: 4
2025-09-27 17:41:08,230 - __main__ - INFO - 📈 Episode stats: avg return = -0.07, avg length = 300.0
2025-09-27 17:41:08,231 - __main__ - INFO - 🎯 Top 3 training actions: #0(22874), #2(21819), #1(17976)
2025-09-27 17:41:10,992 - __main__ - INFO - 📊 Episodes completed this rollout: 6
2025-09-27 17:41:10,992 - __main__ - INFO - 📈 Episode stats: avg return = 0.63, avg length = 164.3
2025-09-27 17:41:10,993 - __main__ - INFO - 🎯 Top 3 training actions: #0(23054), #2(21998), #1(18127)
2025-09-27 17:41:13,753 - __main__ - INFO - 📊 Episodes completed this rollout: 3
2025-09-27 17:41:13,753 - __main__ - INFO - 📈 Episode stats: avg return = -0.04, avg length = 300.0
2025-09-27 17:41:13,753 - __main__ - INFO - 🎯 Top 3 training actions: #0(23182), #2(22193), #1(18288)
2025-09-27 17:41:16,511 - __main__ - INFO - 📊 Episodes completed this rollout: 3
2025-09-27 17:41:16,511 - __main__ - INFO - 📈 Episode stats: avg return = -0.01, avg length = 300.0
2025-09-27 17:41:16,511 - __main__ - INFO - 🎯 Top 3 training actions: #0(23343), #2(22372), #1(18442)
2025-09-27 17:41:19,306 - __main__ - INFO - 📊 Episodes completed this rollout: 6
2025-09-27 17:41:19,306 - __main__ - INFO - 📈 Episode stats: avg return = 0.28, avg length = 252.8
2025-09-27 17:41:19,307 - __main__ - INFO - 🎯 Top 3 training actions: #0(23497), #2(22523), #1(18597)
2025-09-27 17:41:22,065 - __main__ - INFO - 📊 Episodes completed this rollout: 2
2025-09-27 17:41:22,066 - __main__ - INFO - 📈 Episode stats: avg return = -0.05, avg length = 300.0
2025-09-27 17:41:22,066 - __main__ - INFO - 🎯 Top 3 training actions: #0(23666), #2(22660), #1(18753)
2025-09-27 17:41:24,922 - __main__ - INFO - 📊 Episodes completed this rollout: 7
2025-09-27 17:41:24,922 - __main__ - INFO - 📈 Episode stats: avg return = 0.37, avg length = 244.4
2025-09-27 17:41:24,922 - __main__ - INFO - 🎯 Top 3 training actions: #0(23856), #2(22790), #1(18885)
2025-09-27 17:41:27,688 - __main__ - INFO - 📊 Episodes completed this rollout: 1
2025-09-27 17:41:27,688 - __main__ - INFO - 📈 Episode stats: avg return = 1.00, avg length = 140.0
2025-09-27 17:41:27,688 - __main__ - INFO - 🎯 Top 3 training actions: #0(24058), #2(22944), #1(19003)
2025-09-27 17:41:30,445 - __main__ - INFO - 📊 Episodes completed this rollout: 5
2025-09-27 17:41:30,445 - __main__ - INFO - 📈 Episode stats: avg return = 0.32, avg length = 260.4
2025-09-27 17:41:30,446 - __main__ - INFO - 🎯 Top 3 training actions: #0(24260), #2(23096), #1(19129)
2025-09-27 17:41:31,526 - __main__ - INFO - 🔄 Synchronized model update at step 150,528
2025-09-27 17:41:31,526 - __main__ - INFO -    HMM interval: inf, VAE interval: 12,000
2025-09-27 17:41:31,527 - __main__ - INFO - 🚫 Model training masking: 732/12288 timesteps masked (6.0%) due to negative rewards (invalid actions)
2025-09-27 17:41:31,527 - __main__ - INFO - 🔄 VAE refresh starting at step 150,528 with replay size 8x1536
2025-09-27 17:41:31,529 - __main__ - INFO -    Using span sampling (12288 timesteps, too large for full buffer)
2025-09-27 17:41:55,061 - __main__ - INFO -    VAE refresh complete: final_loss=945.9471, avg_loss=960.5719, steps=4/4, trend=improving, total_timesteps=12288, span_sampling=32_requested×4_steps, span_len=64
2025-09-27 17:41:55,064 - __main__ - INFO -    ✅ VAE updated (next in 12,000 steps)
2025-09-27 17:41:55,066 - __main__ - INFO - 🧪 Starting evaluation with 50 episodes...
2025-09-27 17:41:55,067 - __main__ - INFO -    Eval seed: 51
2025-09-27 17:41:55,067 - __main__ - INFO -    Max episode steps (eval): env default
2025-09-27 17:41:55,067 - nle.env.base - INFO - Not saving any NLE data.
2025-09-27 17:42:00,372 - __main__ - WARNING - ⚠️ Episode 2 terminated due to step limit.
2025-09-27 17:42:03,101 - __main__ - WARNING - ⚠️ Episode 3 terminated due to step limit.
2025-09-27 17:42:05,825 - __main__ - WARNING - ⚠️ Episode 4 terminated due to step limit.
2025-09-27 17:42:08,547 - __main__ - WARNING - ⚠️ Episode 5 terminated due to step limit.
2025-09-27 17:42:11,816 - __main__ - WARNING - ⚠️ Episode 7 terminated due to step limit.
2025-09-27 17:42:14,536 - __main__ - WARNING - ⚠️ Episode 8 terminated due to step limit.
2025-09-27 17:42:18,633 - __main__ - WARNING - ⚠️ Episode 10 terminated due to step limit.
2025-09-27 17:42:21,358 - __main__ - WARNING - ⚠️ Episode 11 terminated due to step limit.
2025-09-27 17:42:28,161 - __main__ - WARNING - ⚠️ Episode 15 terminated due to step limit.
2025-09-27 17:42:30,901 - __main__ - WARNING - ⚠️ Episode 16 terminated due to step limit.
2025-09-27 17:42:33,633 - __main__ - WARNING - ⚠️ Episode 17 terminated due to step limit.
2025-09-27 17:42:36,360 - __main__ - WARNING - ⚠️ Episode 18 terminated due to step limit.
2025-09-27 17:42:40,052 - __main__ - WARNING - ⚠️ Episode 20 terminated due to step limit.
2025-09-27 17:42:42,961 - __main__ - WARNING - ⚠️ Episode 22 terminated due to step limit.
2025-09-27 17:42:45,699 - __main__ - WARNING - ⚠️ Episode 23 terminated due to step limit.
2025-09-27 17:42:50,377 - __main__ - WARNING - ⚠️ Episode 25 terminated due to step limit.
2025-09-27 17:42:53,176 - __main__ - WARNING - ⚠️ Episode 26 terminated due to step limit.
2025-09-27 17:42:56,047 - __main__ - WARNING - ⚠️ Episode 27 terminated due to step limit.
2025-09-27 17:43:00,337 - __main__ - WARNING - ⚠️ Episode 29 terminated due to step limit.
2025-09-27 17:43:03,219 - __main__ - WARNING - ⚠️ Episode 30 terminated due to step limit.
2025-09-27 17:43:06,052 - __main__ - WARNING - ⚠️ Episode 31 terminated due to step limit.
2025-09-27 17:43:11,740 - __main__ - WARNING - ⚠️ Episode 36 terminated due to step limit.
2025-09-27 17:43:15,619 - __main__ - WARNING - ⚠️ Episode 38 terminated due to step limit.
2025-09-27 17:43:18,339 - __main__ - WARNING - ⚠️ Episode 39 terminated due to step limit.
2025-09-27 17:43:21,068 - __main__ - WARNING - ⚠️ Episode 40 terminated due to step limit.
2025-09-27 17:43:23,795 - __main__ - WARNING - ⚠️ Episode 41 terminated due to step limit.
2025-09-27 17:43:26,534 - __main__ - WARNING - ⚠️ Episode 42 terminated due to step limit.
2025-09-27 17:43:29,275 - __main__ - WARNING - ⚠️ Episode 43 terminated due to step limit.
2025-09-27 17:43:32,089 - __main__ - WARNING - ⚠️ Episode 44 terminated due to step limit.
2025-09-27 17:43:34,856 - __main__ - WARNING - ⚠️ Episode 45 terminated due to step limit.
2025-09-27 17:43:37,613 - __main__ - WARNING - ⚠️ Episode 46 terminated due to step limit.
2025-09-27 17:43:40,343 - __main__ - WARNING - ⚠️ Episode 47 terminated due to step limit.
2025-09-27 17:43:43,751 - __main__ - WARNING - ⚠️ Episode 50 terminated due to step limit.
2025-09-27 17:43:43,753 - __main__ - INFO - 📊 Evaluation Results (Current Round):
2025-09-27 17:43:43,754 - __main__ - INFO -    Episodes: 50
2025-09-27 17:43:43,754 - __main__ - INFO -    Time: 108.7s (2.2s/ep)
2025-09-27 17:43:43,754 - __main__ - INFO -    Average Return: 0.252 ± 0.507
2025-09-27 17:43:43,754 - __main__ - INFO -    Success Rate: 34.0%
2025-09-27 17:43:43,754 - __main__ - INFO -    Average Length: 236.4
2025-09-27 17:43:43,754 - __main__ - INFO -    Average Coverage: 63.1 positions
2025-09-27 17:43:43,754 - __main__ - INFO -    Episode Completions: 17 terminated (34.0%), 33 truncated (66.0%)
2025-09-27 17:43:43,754 - __main__ - INFO - 📈 Total Evaluation Statistics:
2025-09-27 17:43:43,754 - __main__ - INFO -    Total Episodes: 750
2025-09-27 17:43:43,755 - __main__ - INFO -    Total Average Return: 0.236 ± 0.595
2025-09-27 17:43:43,755 - __main__ - INFO -    Total Average Length: 222.7 ± 107.8
2025-09-27 17:43:43,755 - __main__ - INFO -    Total Completions: 296 terminated (39.5%), 454 truncated (60.5%)
2025-09-27 17:43:43,755 - __main__ - INFO -    Skill Entropy: 0.000
2025-09-27 17:43:43,755 - __main__ - INFO -    Used Skills: 0.0
2025-09-27 17:43:43,755 - __main__ - INFO -    Effective K: 0.00
2025-09-27 17:43:43,755 - __main__ - INFO - 🎯 Action Usage Statistics:
2025-09-27 17:43:43,755 - __main__ - INFO -    Unique actions in evaluation: 8
2025-09-27 17:43:43,755 - __main__ - INFO -    Unique actions in training: 8
2025-09-27 17:43:43,755 - __main__ - INFO -    Total unique actions: 8
2025-09-27 17:43:43,756 - __main__ - INFO -    Action coverage: 6.6%
2025-09-27 17:43:43,756 - __main__ - INFO -    Train action count: 150528
2025-09-27 17:43:43,756 - __main__ - INFO -    Eval action count: 167048
2025-09-27 17:43:43,756 - __main__ - INFO -    Train action entropy: 2.065
2025-09-27 17:43:43,756 - __main__ - INFO -    Eval action entropy: 2.059
2025-09-27 17:43:43,757 - __main__ - INFO -    Top 3 train actions: #0(24260), #2(23096), #1(19129)
2025-09-27 17:43:43,757 - __main__ - INFO -    Top 3 eval actions: #0(27119), #2(26346), #1(22243)
2025-09-27 17:43:45,441 - __main__ - INFO - 📊 Episodes completed this rollout: 3
2025-09-27 17:43:45,441 - __main__ - INFO - 📈 Episode stats: avg return = -0.17, avg length = 300.0
2025-09-27 17:43:45,441 - __main__ - INFO - 🎯 Top 3 training actions: #0(24452), #2(23226), #1(19231)
2025-09-27 17:43:48,174 - __main__ - INFO - 📊 Episodes completed this rollout: 5
2025-09-27 17:43:48,175 - __main__ - INFO - 📈 Episode stats: avg return = 0.11, avg length = 241.8
2025-09-27 17:43:48,175 - __main__ - INFO - 🎯 Top 3 training actions: #0(24632), #2(23393), #1(19342)
2025-09-27 17:43:50,937 - __main__ - INFO - 📊 Episodes completed this rollout: 5
2025-09-27 17:43:50,937 - __main__ - INFO - 📈 Episode stats: avg return = 0.12, avg length = 248.8
2025-09-27 17:43:50,937 - __main__ - INFO - 🎯 Top 3 training actions: #0(24839), #2(23519), #1(19436)
2025-09-27 17:43:53,674 - __main__ - INFO - 📊 Episodes completed this rollout: 4
2025-09-27 17:43:53,675 - __main__ - INFO - 📈 Episode stats: avg return = 0.22, avg length = 231.2
2025-09-27 17:43:53,675 - __main__ - INFO - 🎯 Top 3 training actions: #0(25035), #2(23658), #1(19543)
2025-09-27 17:43:56,406 - __main__ - INFO - 📊 Episodes completed this rollout: 4
2025-09-27 17:43:56,406 - __main__ - INFO - 📈 Episode stats: avg return = -0.03, avg length = 300.0
2025-09-27 17:43:56,407 - __main__ - INFO - 🎯 Top 3 training actions: #0(25271), #2(23807), #1(19638)
2025-09-27 17:43:59,104 - __main__ - INFO - 📊 Episodes completed this rollout: 1
2025-09-27 17:43:59,104 - __main__ - INFO - 📈 Episode stats: avg return = -0.03, avg length = 300.0
2025-09-27 17:43:59,104 - __main__ - INFO - 🎯 Top 3 training actions: #0(25493), #2(23957), #1(19738)
2025-09-27 17:44:01,875 - __main__ - INFO - 📊 Episodes completed this rollout: 7
2025-09-27 17:44:01,875 - __main__ - INFO - 📈 Episode stats: avg return = 0.25, avg length = 234.4
2025-09-27 17:44:01,876 - __main__ - INFO - 🎯 Top 3 training actions: #0(25725), #2(24120), #1(19852)
2025-09-27 17:44:04,599 - __main__ - INFO - 📊 Episodes completed this rollout: 2
2025-09-27 17:44:04,599 - __main__ - INFO - 📈 Episode stats: avg return = -0.01, avg length = 300.0
2025-09-27 17:44:04,599 - __main__ - INFO - 🎯 Top 3 training actions: #0(26001), #2(24248), #1(19940)
2025-09-27 17:44:07,351 - __main__ - INFO - 📊 Episodes completed this rollout: 6
2025-09-27 17:44:07,351 - __main__ - INFO - 📈 Episode stats: avg return = 0.13, avg length = 270.0
2025-09-27 17:44:07,351 - __main__ - INFO - 🎯 Top 3 training actions: #0(26249), #2(24407), #1(20050)
2025-09-27 17:44:10,068 - __main__ - INFO - 📊 Episodes completed this rollout: 3
2025-09-27 17:44:10,069 - __main__ - INFO - 📈 Episode stats: avg return = 0.32, avg length = 240.0
2025-09-27 17:44:10,069 - __main__ - INFO - 🎯 Top 3 training actions: #0(26526), #2(24566), #1(20146)
2025-09-27 17:44:11,167 - __main__ - INFO - 🧪 Starting evaluation with 50 episodes...
2025-09-27 17:44:11,167 - __main__ - INFO -    Eval seed: 51
2025-09-27 17:44:11,167 - __main__ - INFO -    Max episode steps (eval): env default
2025-09-27 17:44:11,168 - nle.env.base - INFO - Not saving any NLE data.
2025-09-27 17:44:13,930 - __main__ - WARNING - ⚠️ Episode 1 terminated due to step limit.
2025-09-27 17:44:16,751 - __main__ - WARNING - ⚠️ Episode 3 terminated due to step limit.
2025-09-27 17:44:19,506 - __main__ - WARNING - ⚠️ Episode 4 terminated due to step limit.
2025-09-27 17:44:22,254 - __main__ - WARNING - ⚠️ Episode 5 terminated due to step limit.
2025-09-27 17:44:25,352 - __main__ - WARNING - ⚠️ Episode 7 terminated due to step limit.
2025-09-27 17:44:28,079 - __main__ - WARNING - ⚠️ Episode 8 terminated due to step limit.
2025-09-27 17:44:33,492 - __main__ - WARNING - ⚠️ Episode 10 terminated due to step limit.
2025-09-27 17:44:36,230 - __main__ - WARNING - ⚠️ Episode 11 terminated due to step limit.
2025-09-27 17:44:38,965 - __main__ - WARNING - ⚠️ Episode 12 terminated due to step limit.
2025-09-27 17:44:41,858 - __main__ - WARNING - ⚠️ Episode 13 terminated due to step limit.
2025-09-27 17:44:44,764 - __main__ - WARNING - ⚠️ Episode 14 terminated due to step limit.
2025-09-27 17:44:47,670 - __main__ - WARNING - ⚠️ Episode 15 terminated due to step limit.
2025-09-27 17:44:50,942 - __main__ - WARNING - ⚠️ Episode 17 terminated due to step limit.
2025-09-27 17:44:58,113 - __main__ - WARNING - ⚠️ Episode 21 terminated due to step limit.
2025-09-27 17:45:00,974 - __main__ - WARNING - ⚠️ Episode 22 terminated due to step limit.
2025-09-27 17:45:06,306 - __main__ - WARNING - ⚠️ Episode 25 terminated due to step limit.
2025-09-27 17:45:09,286 - __main__ - WARNING - ⚠️ Episode 27 terminated due to step limit.
2025-09-27 17:45:12,030 - __main__ - WARNING - ⚠️ Episode 28 terminated due to step limit.
2025-09-27 17:45:15,677 - __main__ - WARNING - ⚠️ Episode 30 terminated due to step limit.
2025-09-27 17:45:18,407 - __main__ - WARNING - ⚠️ Episode 31 terminated due to step limit.
2025-09-27 17:45:21,144 - __main__ - WARNING - ⚠️ Episode 32 terminated due to step limit.
2025-09-27 17:45:23,875 - __main__ - WARNING - ⚠️ Episode 33 terminated due to step limit.
2025-09-27 17:45:26,609 - __main__ - WARNING - ⚠️ Episode 34 terminated due to step limit.
2025-09-27 17:45:29,337 - __main__ - WARNING - ⚠️ Episode 35 terminated due to step limit.
2025-09-27 17:45:33,115 - __main__ - WARNING - ⚠️ Episode 37 terminated due to step limit.
2025-09-27 17:45:35,838 - __main__ - WARNING - ⚠️ Episode 38 terminated due to step limit.
2025-09-27 17:45:38,576 - __main__ - WARNING - ⚠️ Episode 39 terminated due to step limit.
2025-09-27 17:45:41,305 - __main__ - WARNING - ⚠️ Episode 40 terminated due to step limit.
2025-09-27 17:45:44,031 - __main__ - WARNING - ⚠️ Episode 41 terminated due to step limit.
2025-09-27 17:45:46,761 - __main__ - WARNING - ⚠️ Episode 42 terminated due to step limit.
2025-09-27 17:45:49,492 - __main__ - WARNING - ⚠️ Episode 43 terminated due to step limit.
2025-09-27 17:45:56,817 - __main__ - WARNING - ⚠️ Episode 47 terminated due to step limit.
2025-09-27 17:45:59,559 - __main__ - WARNING - ⚠️ Episode 48 terminated due to step limit.
2025-09-27 17:46:02,293 - __main__ - WARNING - ⚠️ Episode 49 terminated due to step limit.
2025-09-27 17:46:05,019 - __main__ - WARNING - ⚠️ Episode 50 terminated due to step limit.
2025-09-27 17:46:05,022 - __main__ - INFO - 📊 Evaluation Results (Current Round):
2025-09-27 17:46:05,023 - __main__ - INFO -    Episodes: 50
2025-09-27 17:46:05,023 - __main__ - INFO -    Time: 113.9s (2.3s/ep)
2025-09-27 17:46:05,023 - __main__ - INFO -    Average Return: 0.260 ± 0.470
2025-09-27 17:46:05,023 - __main__ - INFO -    Success Rate: 30.0%
2025-09-27 17:46:05,023 - __main__ - INFO -    Average Length: 246.9
2025-09-27 17:46:05,023 - __main__ - INFO -    Average Coverage: 61.8 positions
2025-09-27 17:46:05,023 - __main__ - INFO -    Episode Completions: 15 terminated (30.0%), 35 truncated (70.0%)
2025-09-27 17:46:05,023 - __main__ - INFO - 📈 Total Evaluation Statistics:
2025-09-27 17:46:05,023 - __main__ - INFO -    Total Episodes: 800
2025-09-27 17:46:05,023 - __main__ - INFO -    Total Average Return: 0.238 ± 0.588
2025-09-27 17:46:05,024 - __main__ - INFO -    Total Average Length: 224.2 ± 107.4
2025-09-27 17:46:05,024 - __main__ - INFO -    Total Completions: 311 terminated (38.9%), 489 truncated (61.1%)
2025-09-27 17:46:05,024 - __main__ - INFO -    Skill Entropy: 0.000
2025-09-27 17:46:05,024 - __main__ - INFO -    Used Skills: 0.0
2025-09-27 17:46:05,024 - __main__ - INFO -    Effective K: 0.00
2025-09-27 17:46:05,024 - __main__ - INFO - 🎯 Action Usage Statistics:
2025-09-27 17:46:05,024 - __main__ - INFO -    Unique actions in evaluation: 8
2025-09-27 17:46:05,024 - __main__ - INFO -    Unique actions in training: 8
2025-09-27 17:46:05,024 - __main__ - INFO -    Total unique actions: 8
2025-09-27 17:46:05,024 - __main__ - INFO -    Action coverage: 6.6%
2025-09-27 17:46:05,025 - __main__ - INFO -    Train action count: 160768
2025-09-27 17:46:05,025 - __main__ - INFO -    Eval action count: 179393
2025-09-27 17:46:05,025 - __main__ - INFO -    Train action entropy: 2.064
2025-09-27 17:46:05,025 - __main__ - INFO -    Eval action entropy: 2.058
2025-09-27 17:46:05,026 - __main__ - INFO -    Top 3 train actions: #0(26526), #2(24566), #1(20146)
2025-09-27 17:46:05,026 - __main__ - INFO -    Top 3 eval actions: #0(29875), #2(28333), #1(23505)
2025-09-27 17:46:06,689 - __main__ - INFO - 📊 Episodes completed this rollout: 4
2025-09-27 17:46:06,690 - __main__ - INFO - 📈 Episode stats: avg return = 0.23, avg length = 254.5
2025-09-27 17:46:06,690 - __main__ - INFO - 🎯 Top 3 training actions: #0(26749), #2(24725), #1(20234)
2025-09-27 17:46:09,482 - __main__ - INFO - 📊 Episodes completed this rollout: 10
2025-09-27 17:46:09,483 - __main__ - INFO - 📈 Episode stats: avg return = 0.58, avg length = 142.2
2025-09-27 17:46:09,483 - __main__ - INFO - 🎯 Top 3 training actions: #0(26967), #2(24890), #1(20364)
2025-09-27 17:46:10,564 - __main__ - INFO - 🔄 Synchronized model update at step 162,816
2025-09-27 17:46:10,564 - __main__ - INFO -    HMM interval: inf, VAE interval: 12,000
2025-09-27 17:46:10,565 - __main__ - INFO - 🚫 Model training masking: 108/12288 timesteps masked (0.9%) due to negative rewards (invalid actions)
2025-09-27 17:46:10,565 - __main__ - INFO - 🔄 VAE refresh starting at step 162,816 with replay size 8x1536
2025-09-27 17:46:10,566 - __main__ - INFO -    Using span sampling (12288 timesteps, too large for full buffer)
2025-09-27 17:46:36,468 - __main__ - INFO -    VAE refresh complete: final_loss=950.7184, avg_loss=968.2745, steps=4/4, trend=improving, total_timesteps=12288, span_sampling=32_requested×4_steps, span_len=64
2025-09-27 17:46:36,470 - __main__ - INFO -    ✅ VAE updated (next in 12,000 steps)
2025-09-27 17:46:38,100 - __main__ - INFO - 📊 Episodes completed this rollout: 1
2025-09-27 17:46:38,100 - __main__ - INFO - 📈 Episode stats: avg return = -0.11, avg length = 300.0
2025-09-27 17:46:38,101 - __main__ - INFO - 🎯 Top 3 training actions: #0(27180), #2(25032), #1(20485)
2025-09-27 17:46:40,884 - __main__ - INFO - 📊 Episodes completed this rollout: 5
2025-09-27 17:46:40,885 - __main__ - INFO - 📈 Episode stats: avg return = 0.18, avg length = 241.0
2025-09-27 17:46:40,885 - __main__ - INFO - 🎯 Top 3 training actions: #0(27383), #2(25184), #1(20619)
2025-09-27 17:46:43,644 - __main__ - INFO - 📊 Episodes completed this rollout: 4
2025-09-27 17:46:43,644 - __main__ - INFO - 📈 Episode stats: avg return = 0.24, avg length = 235.5
2025-09-27 17:46:43,644 - __main__ - INFO - 🎯 Top 3 training actions: #0(27590), #2(25323), #1(20744)
2025-09-27 17:46:46,404 - __main__ - INFO - 📊 Episodes completed this rollout: 4
2025-09-27 17:46:46,404 - __main__ - INFO - 📈 Episode stats: avg return = -0.07, avg length = 300.0
2025-09-27 17:46:46,404 - __main__ - INFO - 🎯 Top 3 training actions: #0(27802), #2(25454), #1(20865)
2025-09-27 17:46:49,150 - __main__ - INFO - 📊 Episodes completed this rollout: 4
2025-09-27 17:46:49,151 - __main__ - INFO - 📈 Episode stats: avg return = -0.01, avg length = 300.0
2025-09-27 17:46:49,151 - __main__ - INFO - 🎯 Top 3 training actions: #0(27984), #2(25576), #1(21008)
2025-09-27 17:46:51,921 - __main__ - INFO - 📊 Episodes completed this rollout: 4
2025-09-27 17:46:51,922 - __main__ - INFO - 📈 Episode stats: avg return = 0.49, avg length = 173.8
2025-09-27 17:46:51,922 - __main__ - INFO - 🎯 Top 3 training actions: #0(28134), #2(25708), #1(21136)
2025-09-27 17:46:54,695 - __main__ - INFO - 📊 Episodes completed this rollout: 5
2025-09-27 17:46:54,695 - __main__ - INFO - 📈 Episode stats: avg return = -0.02, avg length = 300.0
2025-09-27 17:46:54,695 - __main__ - INFO - 🎯 Top 3 training actions: #0(28259), #2(25850), #1(21243)
2025-09-27 17:46:57,414 - __main__ - INFO - 📊 Episodes completed this rollout: 2
2025-09-27 17:46:57,414 - __main__ - INFO - 📈 Episode stats: avg return = 0.48, avg length = 188.0
2025-09-27 17:46:57,415 - __main__ - INFO - 🎯 Top 3 training actions: #0(28402), #2(25978), #1(21345)
2025-09-27 17:46:58,551 - __main__ - INFO - 🧪 Starting evaluation with 50 episodes...
2025-09-27 17:46:58,552 - __main__ - INFO -    Eval seed: 51
2025-09-27 17:46:58,552 - __main__ - INFO -    Max episode steps (eval): env default
2025-09-27 17:46:58,552 - nle.env.base - INFO - Not saving any NLE data.
2025-09-27 17:47:05,343 - __main__ - WARNING - ⚠️ Episode 3 terminated due to step limit.
2025-09-27 17:47:08,077 - __main__ - WARNING - ⚠️ Episode 4 terminated due to step limit.
2025-09-27 17:47:10,858 - __main__ - WARNING - ⚠️ Episode 5 terminated due to step limit.
2025-09-27 17:47:13,585 - __main__ - WARNING - ⚠️ Episode 6 terminated due to step limit.
2025-09-27 17:47:17,310 - __main__ - WARNING - ⚠️ Episode 8 terminated due to step limit.
2025-09-27 17:47:20,030 - __main__ - WARNING - ⚠️ Episode 9 terminated due to step limit.
2025-09-27 17:47:22,748 - __main__ - WARNING - ⚠️ Episode 10 terminated due to step limit.
2025-09-27 17:47:25,459 - __main__ - WARNING - ⚠️ Episode 11 terminated due to step limit.
2025-09-27 17:47:28,181 - __main__ - WARNING - ⚠️ Episode 12 terminated due to step limit.
2025-09-27 17:47:34,135 - __main__ - WARNING - ⚠️ Episode 15 terminated due to step limit.
2025-09-27 17:47:36,859 - __main__ - WARNING - ⚠️ Episode 16 terminated due to step limit.
2025-09-27 17:47:39,595 - __main__ - WARNING - ⚠️ Episode 17 terminated due to step limit.
2025-09-27 17:47:45,003 - __main__ - WARNING - ⚠️ Episode 19 terminated due to step limit.
2025-09-27 17:47:47,731 - __main__ - WARNING - ⚠️ Episode 20 terminated due to step limit.
2025-09-27 17:47:50,460 - __main__ - WARNING - ⚠️ Episode 21 terminated due to step limit.
2025-09-27 17:47:53,184 - __main__ - WARNING - ⚠️ Episode 22 terminated due to step limit.
2025-09-27 17:47:56,467 - __main__ - WARNING - ⚠️ Episode 24 terminated due to step limit.
2025-09-27 17:47:59,193 - __main__ - WARNING - ⚠️ Episode 25 terminated due to step limit.
2025-09-27 17:48:01,919 - __main__ - WARNING - ⚠️ Episode 26 terminated due to step limit.
2025-09-27 17:48:05,757 - __main__ - WARNING - ⚠️ Episode 29 terminated due to step limit.
2025-09-27 17:48:08,492 - __main__ - WARNING - ⚠️ Episode 30 terminated due to step limit.
2025-09-27 17:48:11,327 - __main__ - WARNING - ⚠️ Episode 32 terminated due to step limit.
2025-09-27 17:48:14,111 - __main__ - WARNING - ⚠️ Episode 33 terminated due to step limit.
2025-09-27 17:48:16,865 - __main__ - WARNING - ⚠️ Episode 34 terminated due to step limit.
2025-09-27 17:48:19,601 - __main__ - WARNING - ⚠️ Episode 35 terminated due to step limit.
2025-09-27 17:48:22,340 - __main__ - WARNING - ⚠️ Episode 36 terminated due to step limit.
2025-09-27 17:48:25,422 - __main__ - WARNING - ⚠️ Episode 38 terminated due to step limit.
2025-09-27 17:48:28,214 - __main__ - WARNING - ⚠️ Episode 39 terminated due to step limit.
2025-09-27 17:48:30,953 - __main__ - WARNING - ⚠️ Episode 40 terminated due to step limit.
2025-09-27 17:48:33,676 - __main__ - WARNING - ⚠️ Episode 41 terminated due to step limit.
2025-09-27 17:48:37,534 - __main__ - WARNING - ⚠️ Episode 43 terminated due to step limit.
2025-09-27 17:48:42,805 - __main__ - WARNING - ⚠️ Episode 47 terminated due to step limit.
2025-09-27 17:48:45,599 - __main__ - WARNING - ⚠️ Episode 48 terminated due to step limit.
2025-09-27 17:48:48,314 - __main__ - WARNING - ⚠️ Episode 49 terminated due to step limit.
2025-09-27 17:48:51,059 - __main__ - WARNING - ⚠️ Episode 50 terminated due to step limit.
2025-09-27 17:48:51,062 - __main__ - INFO - 📊 Evaluation Results (Current Round):
2025-09-27 17:48:51,062 - __main__ - INFO -    Episodes: 50
2025-09-27 17:48:51,062 - __main__ - INFO -    Time: 112.5s (2.3s/ep)
2025-09-27 17:48:51,062 - __main__ - INFO -    Average Return: 0.287 ± 0.464
2025-09-27 17:48:51,063 - __main__ - INFO -    Success Rate: 30.0%
2025-09-27 17:48:51,063 - __main__ - INFO -    Average Length: 246.1
2025-09-27 17:48:51,063 - __main__ - INFO -    Average Coverage: 60.9 positions
2025-09-27 17:48:51,063 - __main__ - INFO -    Episode Completions: 15 terminated (30.0%), 35 truncated (70.0%)
2025-09-27 17:48:51,063 - __main__ - INFO - 📈 Total Evaluation Statistics:
2025-09-27 17:48:51,063 - __main__ - INFO -    Total Episodes: 850
2025-09-27 17:48:51,063 - __main__ - INFO -    Total Average Return: 0.241 ± 0.582
2025-09-27 17:48:51,063 - __main__ - INFO -    Total Average Length: 225.5 ± 106.8
2025-09-27 17:48:51,063 - __main__ - INFO -    Total Completions: 326 terminated (38.4%), 524 truncated (61.6%)
2025-09-27 17:48:51,063 - __main__ - INFO -    Skill Entropy: 0.000
2025-09-27 17:48:51,064 - __main__ - INFO -    Used Skills: 0.0
2025-09-27 17:48:51,064 - __main__ - INFO -    Effective K: 0.00
2025-09-27 17:48:51,064 - __main__ - INFO - 🎯 Action Usage Statistics:
2025-09-27 17:48:51,064 - __main__ - INFO -    Unique actions in evaluation: 8
2025-09-27 17:48:51,064 - __main__ - INFO -    Unique actions in training: 8
2025-09-27 17:48:51,064 - __main__ - INFO -    Total unique actions: 8
2025-09-27 17:48:51,064 - __main__ - INFO -    Action coverage: 6.6%
2025-09-27 17:48:51,064 - __main__ - INFO -    Train action count: 171008
2025-09-27 17:48:51,064 - __main__ - INFO -    Eval action count: 191700
2025-09-27 17:48:51,065 - __main__ - INFO -    Train action entropy: 2.064
2025-09-27 17:48:51,065 - __main__ - INFO -    Eval action entropy: 2.060
2025-09-27 17:48:51,065 - __main__ - INFO -    Top 3 train actions: #0(28402), #2(25978), #1(21345)
2025-09-27 17:48:51,065 - __main__ - INFO -    Top 3 eval actions: #0(31470), #2(30153), #1(25045)
2025-09-27 17:48:52,778 - __main__ - INFO - 📊 Episodes completed this rollout: 10
2025-09-27 17:48:52,778 - __main__ - INFO - 📈 Episode stats: avg return = 0.46, avg length = 169.7
2025-09-27 17:48:52,778 - __main__ - INFO - 🎯 Top 3 training actions: #0(28511), #2(26169), #1(21481)
2025-09-27 17:48:55,525 - __main__ - INFO - 📊 Episodes completed this rollout: 3
2025-09-27 17:48:55,525 - __main__ - INFO - 📈 Episode stats: avg return = 0.28, avg length = 279.0
2025-09-27 17:48:55,525 - __main__ - INFO - 🎯 Top 3 training actions: #0(28656), #2(26326), #1(21610)
2025-09-27 17:48:58,288 - __main__ - INFO - 📊 Episodes completed this rollout: 5
2025-09-27 17:48:58,289 - __main__ - INFO - 📈 Episode stats: avg return = 0.59, avg length = 193.6
2025-09-27 17:48:58,289 - __main__ - INFO - 🎯 Top 3 training actions: #0(28813), #2(26489), #1(21756)
2025-09-27 17:49:01,026 - __main__ - INFO - 📊 Episodes completed this rollout: 5
2025-09-27 17:49:01,026 - __main__ - INFO - 📈 Episode stats: avg return = 0.38, avg length = 201.8
2025-09-27 17:49:01,026 - __main__ - INFO - 🎯 Top 3 training actions: #0(28966), #2(26615), #1(21894)
2025-09-27 17:49:02,112 - __main__ - INFO - 🔄 Synchronized model update at step 175,104
2025-09-27 17:49:02,113 - __main__ - INFO -    HMM interval: inf, VAE interval: 12,000
2025-09-27 17:49:02,114 - __main__ - INFO - 🚫 Model training masking: 192/12288 timesteps masked (1.6%) due to negative rewards (invalid actions)
2025-09-27 17:49:02,114 - __main__ - INFO - 🔄 VAE refresh starting at step 175,104 with replay size 8x1536
2025-09-27 17:49:02,115 - __main__ - INFO -    Using span sampling (12288 timesteps, too large for full buffer)
2025-09-27 17:49:27,314 - __main__ - INFO -    VAE refresh complete: final_loss=941.8224, avg_loss=960.5278, steps=4/4, trend=improving, total_timesteps=12288, span_sampling=32_requested×4_steps, span_len=64
2025-09-27 17:49:27,316 - __main__ - INFO -    ✅ VAE updated (next in 12,000 steps)
2025-09-27 17:49:28,959 - __main__ - INFO - 📊 Episodes completed this rollout: 3
2025-09-27 17:49:28,959 - __main__ - INFO - 📈 Episode stats: avg return = -0.04, avg length = 300.0
2025-09-27 17:49:28,959 - __main__ - INFO - 🎯 Top 3 training actions: #0(29099), #2(26745), #1(22057)
2025-09-27 17:49:31,691 - __main__ - INFO - 📊 Episodes completed this rollout: 3
2025-09-27 17:49:31,692 - __main__ - INFO - 📈 Episode stats: avg return = -0.05, avg length = 300.0
2025-09-27 17:49:31,692 - __main__ - INFO - 🎯 Top 3 training actions: #0(29236), #2(26859), #1(22222)
2025-09-27 17:49:34,396 - __main__ - INFO - 📊 Episodes completed this rollout: 3
2025-09-27 17:49:34,397 - __main__ - INFO - 📈 Episode stats: avg return = -0.02, avg length = 300.0
2025-09-27 17:49:34,397 - __main__ - INFO - 🎯 Top 3 training actions: #0(29368), #2(26981), #1(22372)
2025-09-27 17:49:37,135 - __main__ - INFO - 📊 Episodes completed this rollout: 5
2025-09-27 17:49:37,135 - __main__ - INFO - 📈 Episode stats: avg return = -0.03, avg length = 300.0
2025-09-27 17:49:37,135 - __main__ - INFO - 🎯 Top 3 training actions: #0(29464), #2(27111), #3(22580)
2025-09-27 17:49:39,845 - __main__ - INFO - 📊 Episodes completed this rollout: 3
2025-09-27 17:49:39,845 - __main__ - INFO - 📈 Episode stats: avg return = -0.05, avg length = 300.0
2025-09-27 17:49:39,845 - __main__ - INFO - 🎯 Top 3 training actions: #0(29540), #2(27246), #3(22775)
2025-09-27 17:49:40,905 - __main__ - INFO - 🧪 Starting evaluation with 50 episodes...
2025-09-27 17:49:40,905 - __main__ - INFO -    Eval seed: 51
2025-09-27 17:49:40,905 - __main__ - INFO -    Max episode steps (eval): env default
2025-09-27 17:49:40,906 - nle.env.base - INFO - Not saving any NLE data.
2025-09-27 17:49:43,641 - __main__ - WARNING - ⚠️ Episode 1 terminated due to step limit.
2025-09-27 17:49:46,349 - __main__ - WARNING - ⚠️ Episode 2 terminated due to step limit.
2025-09-27 17:49:51,649 - __main__ - WARNING - ⚠️ Episode 4 terminated due to step limit.
2025-09-27 17:49:54,388 - __main__ - WARNING - ⚠️ Episode 6 terminated due to step limit.
2025-09-27 17:49:57,170 - __main__ - WARNING - ⚠️ Episode 7 terminated due to step limit.
2025-09-27 17:49:59,890 - __main__ - WARNING - ⚠️ Episode 8 terminated due to step limit.
2025-09-27 17:50:02,614 - __main__ - WARNING - ⚠️ Episode 9 terminated due to step limit.
2025-09-27 17:50:05,495 - __main__ - WARNING - ⚠️ Episode 10 terminated due to step limit.
2025-09-27 17:50:08,367 - __main__ - WARNING - ⚠️ Episode 11 terminated due to step limit.
2025-09-27 17:50:11,250 - __main__ - WARNING - ⚠️ Episode 12 terminated due to step limit.
2025-09-27 17:50:14,086 - __main__ - WARNING - ⚠️ Episode 13 terminated due to step limit.
2025-09-27 17:50:16,809 - __main__ - WARNING - ⚠️ Episode 14 terminated due to step limit.
2025-09-27 17:50:19,707 - __main__ - WARNING - ⚠️ Episode 15 terminated due to step limit.
2025-09-27 17:50:22,506 - __main__ - WARNING - ⚠️ Episode 16 terminated due to step limit.
2025-09-27 17:50:25,221 - __main__ - WARNING - ⚠️ Episode 17 terminated due to step limit.
2025-09-27 17:50:27,941 - __main__ - WARNING - ⚠️ Episode 18 terminated due to step limit.
2025-09-27 17:50:30,652 - __main__ - WARNING - ⚠️ Episode 19 terminated due to step limit.
2025-09-27 17:50:34,472 - __main__ - WARNING - ⚠️ Episode 21 terminated due to step limit.
2025-09-27 17:50:37,420 - __main__ - WARNING - ⚠️ Episode 23 terminated due to step limit.
2025-09-27 17:50:43,641 - __main__ - WARNING - ⚠️ Episode 26 terminated due to step limit.
2025-09-27 17:50:46,400 - __main__ - WARNING - ⚠️ Episode 27 terminated due to step limit.
2025-09-27 17:50:49,302 - __main__ - WARNING - ⚠️ Episode 29 terminated due to step limit.
2025-09-27 17:50:52,143 - __main__ - WARNING - ⚠️ Episode 30 terminated due to step limit.
2025-09-27 17:50:54,952 - __main__ - WARNING - ⚠️ Episode 32 terminated due to step limit.
2025-09-27 17:50:57,677 - __main__ - WARNING - ⚠️ Episode 33 terminated due to step limit.
2025-09-27 17:51:00,808 - __main__ - WARNING - ⚠️ Episode 35 terminated due to step limit.
2025-09-27 17:51:04,611 - __main__ - WARNING - ⚠️ Episode 37 terminated due to step limit.
2025-09-27 17:51:07,340 - __main__ - WARNING - ⚠️ Episode 38 terminated due to step limit.
2025-09-27 17:51:10,076 - __main__ - WARNING - ⚠️ Episode 39 terminated due to step limit.
2025-09-27 17:51:12,807 - __main__ - WARNING - ⚠️ Episode 40 terminated due to step limit.
2025-09-27 17:51:15,537 - __main__ - WARNING - ⚠️ Episode 41 terminated due to step limit.
2025-09-27 17:51:18,266 - __main__ - WARNING - ⚠️ Episode 42 terminated due to step limit.
2025-09-27 17:51:21,023 - __main__ - WARNING - ⚠️ Episode 43 terminated due to step limit.
2025-09-27 17:51:23,821 - __main__ - WARNING - ⚠️ Episode 44 terminated due to step limit.
2025-09-27 17:51:26,965 - __main__ - WARNING - ⚠️ Episode 46 terminated due to step limit.
2025-09-27 17:51:29,695 - __main__ - WARNING - ⚠️ Episode 47 terminated due to step limit.
2025-09-27 17:51:32,430 - __main__ - WARNING - ⚠️ Episode 48 terminated due to step limit.
2025-09-27 17:51:35,165 - __main__ - WARNING - ⚠️ Episode 49 terminated due to step limit.
2025-09-27 17:51:38,044 - __main__ - WARNING - ⚠️ Episode 50 terminated due to step limit.
2025-09-27 17:51:38,047 - __main__ - INFO - 📊 Evaluation Results (Current Round):
2025-09-27 17:51:38,047 - __main__ - INFO -    Episodes: 50
2025-09-27 17:51:38,047 - __main__ - INFO -    Time: 117.1s (2.3s/ep)
2025-09-27 17:51:38,048 - __main__ - INFO -    Average Return: 0.188 ± 0.430
2025-09-27 17:51:38,048 - __main__ - INFO -    Success Rate: 22.0%
2025-09-27 17:51:38,048 - __main__ - INFO -    Average Length: 254.5
2025-09-27 17:51:38,048 - __main__ - INFO -    Average Coverage: 63.6 positions
2025-09-27 17:51:38,048 - __main__ - INFO -    Episode Completions: 11 terminated (22.0%), 39 truncated (78.0%)
2025-09-27 17:51:38,048 - __main__ - INFO - 📈 Total Evaluation Statistics:
2025-09-27 17:51:38,048 - __main__ - INFO -    Total Episodes: 900
2025-09-27 17:51:38,048 - __main__ - INFO -    Total Average Return: 0.238 ± 0.574
2025-09-27 17:51:38,048 - __main__ - INFO -    Total Average Length: 227.1 ± 106.5
2025-09-27 17:51:38,049 - __main__ - INFO -    Total Completions: 337 terminated (37.4%), 563 truncated (62.6%)
2025-09-27 17:51:38,049 - __main__ - INFO -    Skill Entropy: 0.000
2025-09-27 17:51:38,049 - __main__ - INFO -    Used Skills: 0.0
2025-09-27 17:51:38,049 - __main__ - INFO -    Effective K: 0.00
2025-09-27 17:51:38,049 - __main__ - INFO - 🎯 Action Usage Statistics:
2025-09-27 17:51:38,049 - __main__ - INFO -    Unique actions in evaluation: 8
2025-09-27 17:51:38,049 - __main__ - INFO -    Unique actions in training: 8
2025-09-27 17:51:38,049 - __main__ - INFO -    Total unique actions: 8
2025-09-27 17:51:38,049 - __main__ - INFO -    Action coverage: 6.6%
2025-09-27 17:51:38,050 - __main__ - INFO -    Train action count: 180224
2025-09-27 17:51:38,050 - __main__ - INFO -    Eval action count: 204425
2025-09-27 17:51:38,050 - __main__ - INFO -    Train action entropy: 2.065
2025-09-27 17:51:38,050 - __main__ - INFO -    Eval action entropy: 2.063
2025-09-27 17:51:38,051 - __main__ - INFO -    Top 3 train actions: #0(29540), #2(27246), #3(22775)
2025-09-27 17:51:38,051 - __main__ - INFO -    Top 3 eval actions: #0(32270), #2(31687), #1(27353)
2025-09-27 17:51:39,805 - __main__ - INFO - 📊 Episodes completed this rollout: 3
2025-09-27 17:51:39,805 - __main__ - INFO - 📈 Episode stats: avg return = -0.05, avg length = 300.0
2025-09-27 17:51:39,805 - __main__ - INFO - 🎯 Top 3 training actions: #0(29586), #2(27387), #3(22954)
2025-09-27 17:51:42,586 - __main__ - INFO - 📊 Episodes completed this rollout: 6
2025-09-27 17:51:42,586 - __main__ - INFO - 📈 Episode stats: avg return = 0.63, avg length = 177.8
2025-09-27 17:51:42,587 - __main__ - INFO - 🎯 Top 3 training actions: #0(29637), #2(27498), #3(23138)
2025-09-27 17:51:45,329 - __main__ - INFO - 📊 Episodes completed this rollout: 5
2025-09-27 17:51:45,329 - __main__ - INFO - 📈 Episode stats: avg return = 0.18, avg length = 245.2
2025-09-27 17:51:45,329 - __main__ - INFO - 🎯 Top 3 training actions: #0(29707), #2(27621), #3(23317)
2025-09-27 17:51:48,044 - __main__ - INFO - 📊 Episodes completed this rollout: 4
2025-09-27 17:51:48,044 - __main__ - INFO - 📈 Episode stats: avg return = 0.48, avg length = 225.5
2025-09-27 17:51:48,044 - __main__ - INFO - 🎯 Top 3 training actions: #0(29766), #2(27759), #3(23517)
2025-09-27 17:51:50,772 - __main__ - INFO - 📊 Episodes completed this rollout: 6
2025-09-27 17:51:50,772 - __main__ - INFO - 📈 Episode stats: avg return = 0.49, avg length = 161.5
2025-09-27 17:51:50,773 - __main__ - INFO - 🎯 Top 3 training actions: #0(29815), #2(27908), #3(23732)
2025-09-27 17:51:53,487 - __main__ - INFO - 📊 Episodes completed this rollout: 3
2025-09-27 17:51:53,487 - __main__ - INFO - 📈 Episode stats: avg return = 0.31, avg length = 282.7
2025-09-27 17:51:53,487 - __main__ - INFO - 🎯 Top 3 training actions: #0(29880), #2(28063), #3(23908)
2025-09-27 17:51:56,255 - __main__ - INFO - 📊 Episodes completed this rollout: 6
2025-09-27 17:51:56,255 - __main__ - INFO - 📈 Episode stats: avg return = 0.12, avg length = 258.5
2025-09-27 17:51:56,255 - __main__ - INFO - 🎯 Top 3 training actions: #0(29952), #2(28247), #3(24083)
2025-09-27 17:51:57,321 - __main__ - INFO - 🔄 Synchronized model update at step 187,392
2025-09-27 17:51:57,322 - __main__ - INFO -    HMM interval: inf, VAE interval: 12,000
2025-09-27 17:51:57,322 - __main__ - INFO - 🚫 Model training masking: 120/12288 timesteps masked (1.0%) due to negative rewards (invalid actions)
2025-09-27 17:51:57,323 - __main__ - INFO - 🔄 VAE refresh starting at step 187,392 with replay size 8x1536
2025-09-27 17:51:57,324 - __main__ - INFO -    Using span sampling (12288 timesteps, too large for full buffer)
2025-09-27 17:52:22,310 - __main__ - INFO -    VAE refresh complete: final_loss=928.7363, avg_loss=943.0031, steps=4/4, trend=improving, total_timesteps=12288, span_sampling=32_requested×4_steps, span_len=64
2025-09-27 17:52:22,311 - __main__ - INFO -    ✅ VAE updated (next in 12,000 steps)
2025-09-27 17:52:23,989 - __main__ - INFO - 📊 Episodes completed this rollout: 4
2025-09-27 17:52:23,989 - __main__ - INFO - 📈 Episode stats: avg return = 0.49, avg length = 237.0
2025-09-27 17:52:23,989 - __main__ - INFO - 🎯 Top 3 training actions: #0(30030), #2(28402), #3(24277)
2025-09-27 17:52:26,733 - __main__ - INFO - 📊 Episodes completed this rollout: 2
2025-09-27 17:52:26,733 - __main__ - INFO - 📈 Episode stats: avg return = -0.03, avg length = 300.0
2025-09-27 17:52:26,733 - __main__ - INFO - 🎯 Top 3 training actions: #0(30118), #2(28585), #3(24419)
2025-09-27 17:52:29,517 - __main__ - INFO - 📊 Episodes completed this rollout: 6
2025-09-27 17:52:29,517 - __main__ - INFO - 📈 Episode stats: avg return = 0.33, avg length = 211.8
2025-09-27 17:52:29,517 - __main__ - INFO - 🎯 Top 3 training actions: #0(30208), #2(28748), #3(24581)
2025-09-27 17:52:30,598 - __main__ - INFO - 🧪 Starting evaluation with 50 episodes...
2025-09-27 17:52:30,598 - __main__ - INFO -    Eval seed: 51
2025-09-27 17:52:30,598 - __main__ - INFO -    Max episode steps (eval): env default
2025-09-27 17:52:30,599 - nle.env.base - INFO - Not saving any NLE data.
2025-09-27 17:52:33,334 - __main__ - WARNING - ⚠️ Episode 1 terminated due to step limit.
2025-09-27 17:52:38,064 - __main__ - WARNING - ⚠️ Episode 3 terminated due to step limit.
2025-09-27 17:52:40,784 - __main__ - WARNING - ⚠️ Episode 4 terminated due to step limit.
2025-09-27 17:52:44,682 - __main__ - WARNING - ⚠️ Episode 7 terminated due to step limit.
2025-09-27 17:52:47,459 - __main__ - WARNING - ⚠️ Episode 8 terminated due to step limit.
2025-09-27 17:52:51,030 - __main__ - WARNING - ⚠️ Episode 10 terminated due to step limit.
2025-09-27 17:52:53,750 - __main__ - WARNING - ⚠️ Episode 11 terminated due to step limit.
2025-09-27 17:52:56,576 - __main__ - WARNING - ⚠️ Episode 12 terminated due to step limit.
2025-09-27 17:52:59,383 - __main__ - WARNING - ⚠️ Episode 13 terminated due to step limit.
2025-09-27 17:53:03,774 - __main__ - WARNING - ⚠️ Episode 16 terminated due to step limit.
2025-09-27 17:53:06,612 - __main__ - WARNING - ⚠️ Episode 17 terminated due to step limit.
2025-09-27 17:53:09,444 - __main__ - WARNING - ⚠️ Episode 18 terminated due to step limit.
2025-09-27 17:53:12,282 - __main__ - WARNING - ⚠️ Episode 19 terminated due to step limit.
2025-09-27 17:53:15,125 - __main__ - WARNING - ⚠️ Episode 20 terminated due to step limit.
2025-09-27 17:53:18,017 - __main__ - WARNING - ⚠️ Episode 22 terminated due to step limit.
2025-09-27 17:53:20,757 - __main__ - WARNING - ⚠️ Episode 23 terminated due to step limit.
2025-09-27 17:53:24,355 - __main__ - WARNING - ⚠️ Episode 25 terminated due to step limit.
2025-09-27 17:53:27,086 - __main__ - WARNING - ⚠️ Episode 26 terminated due to step limit.
2025-09-27 17:53:29,853 - __main__ - WARNING - ⚠️ Episode 27 terminated due to step limit.
2025-09-27 17:53:32,681 - __main__ - WARNING - ⚠️ Episode 28 terminated due to step limit.
2025-09-27 17:53:35,408 - __main__ - WARNING - ⚠️ Episode 29 terminated due to step limit.
2025-09-27 17:53:38,250 - __main__ - WARNING - ⚠️ Episode 30 terminated due to step limit.
2025-09-27 17:53:41,080 - __main__ - WARNING - ⚠️ Episode 31 terminated due to step limit.
2025-09-27 17:53:43,911 - __main__ - WARNING - ⚠️ Episode 33 terminated due to step limit.
2025-09-27 17:53:46,727 - __main__ - WARNING - ⚠️ Episode 34 terminated due to step limit.
2025-09-27 17:53:49,453 - __main__ - WARNING - ⚠️ Episode 35 terminated due to step limit.
2025-09-27 17:53:52,255 - __main__ - WARNING - ⚠️ Episode 37 terminated due to step limit.
2025-09-27 17:53:54,988 - __main__ - WARNING - ⚠️ Episode 38 terminated due to step limit.
2025-09-27 17:53:57,726 - __main__ - WARNING - ⚠️ Episode 39 terminated due to step limit.
2025-09-27 17:54:00,492 - __main__ - WARNING - ⚠️ Episode 40 terminated due to step limit.
2025-09-27 17:54:04,179 - __main__ - WARNING - ⚠️ Episode 42 terminated due to step limit.
2025-09-27 17:54:06,905 - __main__ - WARNING - ⚠️ Episode 43 terminated due to step limit.
2025-09-27 17:54:09,619 - __main__ - WARNING - ⚠️ Episode 44 terminated due to step limit.
2025-09-27 17:54:12,342 - __main__ - WARNING - ⚠️ Episode 45 terminated due to step limit.
2025-09-27 17:54:15,046 - __main__ - WARNING - ⚠️ Episode 46 terminated due to step limit.
2025-09-27 17:54:17,751 - __main__ - WARNING - ⚠️ Episode 47 terminated due to step limit.
2025-09-27 17:54:20,459 - __main__ - WARNING - ⚠️ Episode 48 terminated due to step limit.
2025-09-27 17:54:23,166 - __main__ - WARNING - ⚠️ Episode 49 terminated due to step limit.
2025-09-27 17:54:25,870 - __main__ - WARNING - ⚠️ Episode 50 terminated due to step limit.
2025-09-27 17:54:25,873 - __main__ - INFO - 📊 Evaluation Results (Current Round):
2025-09-27 17:54:25,873 - __main__ - INFO -    Episodes: 50
2025-09-27 17:54:25,873 - __main__ - INFO -    Time: 115.3s (2.3s/ep)
2025-09-27 17:54:25,873 - __main__ - INFO -    Average Return: 0.176 ± 0.435
2025-09-27 17:54:25,874 - __main__ - INFO -    Success Rate: 22.0%
2025-09-27 17:54:25,874 - __main__ - INFO -    Average Length: 250.4
2025-09-27 17:54:25,874 - __main__ - INFO -    Average Coverage: 60.6 positions
2025-09-27 17:54:25,874 - __main__ - INFO -    Episode Completions: 11 terminated (22.0%), 39 truncated (78.0%)
2025-09-27 17:54:25,874 - __main__ - INFO - 📈 Total Evaluation Statistics:
2025-09-27 17:54:25,874 - __main__ - INFO -    Total Episodes: 950
2025-09-27 17:54:25,874 - __main__ - INFO -    Total Average Return: 0.234 ± 0.568
2025-09-27 17:54:25,874 - __main__ - INFO -    Total Average Length: 228.4 ± 106.2
2025-09-27 17:54:25,874 - __main__ - INFO -    Total Completions: 348 terminated (36.6%), 602 truncated (63.4%)
2025-09-27 17:54:25,874 - __main__ - INFO -    Skill Entropy: 0.000
2025-09-27 17:54:25,874 - __main__ - INFO -    Used Skills: 0.0
2025-09-27 17:54:25,875 - __main__ - INFO -    Effective K: 0.00
2025-09-27 17:54:25,875 - __main__ - INFO - 🎯 Action Usage Statistics:
2025-09-27 17:54:25,875 - __main__ - INFO -    Unique actions in evaluation: 8
2025-09-27 17:54:25,875 - __main__ - INFO -    Unique actions in training: 8
2025-09-27 17:54:25,875 - __main__ - INFO -    Total unique actions: 8
2025-09-27 17:54:25,875 - __main__ - INFO -    Action coverage: 6.6%
2025-09-27 17:54:25,875 - __main__ - INFO -    Train action count: 190464
2025-09-27 17:54:25,875 - __main__ - INFO -    Eval action count: 216944
2025-09-27 17:54:25,875 - __main__ - INFO -    Train action entropy: 2.067
2025-09-27 17:54:25,876 - __main__ - INFO -    Eval action entropy: 2.066
2025-09-27 17:54:25,876 - __main__ - INFO -    Top 3 train actions: #0(30208), #2(28748), #3(24581)
2025-09-27 17:54:25,876 - __main__ - INFO -    Top 3 eval actions: #2(33594), #0(33162), #3(29175)
2025-09-27 17:54:27,512 - __main__ - INFO - 📊 Episodes completed this rollout: 3
2025-09-27 17:54:27,512 - __main__ - INFO - 📈 Episode stats: avg return = 0.27, avg length = 231.3
2025-09-27 17:54:27,512 - __main__ - INFO - 🎯 Top 3 training actions: #0(30261), #2(28918), #3(24741)
2025-09-27 17:54:30,252 - __main__ - INFO - 📊 Episodes completed this rollout: 5
2025-09-27 17:54:30,252 - __main__ - INFO - 📈 Episode stats: avg return = 0.16, avg length = 243.4
2025-09-27 17:54:30,253 - __main__ - INFO - 🎯 Top 3 training actions: #0(30327), #2(29068), #3(24895)
2025-09-27 17:54:33,061 - __main__ - INFO - 📊 Episodes completed this rollout: 5
2025-09-27 17:54:33,061 - __main__ - INFO - 📈 Episode stats: avg return = 0.17, avg length = 244.4
2025-09-27 17:54:33,062 - __main__ - INFO - 🎯 Top 3 training actions: #0(30400), #2(29223), #3(25033)
2025-09-27 17:54:35,863 - __main__ - INFO - 📊 Episodes completed this rollout: 6
2025-09-27 17:54:35,863 - __main__ - INFO - 📈 Episode stats: avg return = 0.49, avg length = 168.8
2025-09-27 17:54:35,863 - __main__ - INFO - 🎯 Top 3 training actions: #0(30430), #2(29395), #3(25181)
2025-09-27 17:54:38,625 - __main__ - INFO - 📊 Episodes completed this rollout: 6
2025-09-27 17:54:38,625 - __main__ - INFO - 📈 Episode stats: avg return = 0.47, avg length = 207.7
2025-09-27 17:54:38,625 - __main__ - INFO - 🎯 Top 3 training actions: #0(30469), #2(29590), #3(25343)
2025-09-27 17:54:41,346 - __main__ - INFO - 📊 Episodes completed this rollout: 1
2025-09-27 17:54:41,346 - __main__ - INFO - 📈 Episode stats: avg return = -0.03, avg length = 300.0
2025-09-27 17:54:41,347 - __main__ - INFO - 🎯 Top 3 training actions: #0(30518), #2(29768), #3(25494)
2025-09-27 17:54:44,096 - __main__ - INFO - 📊 Episodes completed this rollout: 4
2025-09-27 17:54:44,096 - __main__ - INFO - 📈 Episode stats: avg return = -0.07, avg length = 300.0
2025-09-27 17:54:44,096 - __main__ - INFO - 🎯 Top 3 training actions: #0(30565), #2(29925), #3(25664)
2025-09-27 17:54:46,854 - __main__ - INFO - 📊 Episodes completed this rollout: 4
2025-09-27 17:54:46,854 - __main__ - INFO - 📈 Episode stats: avg return = 0.18, avg length = 239.8
2025-09-27 17:54:46,854 - __main__ - INFO - 🎯 Top 3 training actions: #0(30613), #2(30059), #3(25839)
2025-09-27 17:54:49,547 - __main__ - INFO - 📊 Episodes completed this rollout: 4
2025-09-27 17:54:49,547 - __main__ - INFO - 📈 Episode stats: avg return = 0.18, avg length = 296.0
2025-09-27 17:54:49,547 - __main__ - INFO - 🎯 Top 3 training actions: #0(30658), #2(30198), #3(26025)
2025-09-27 17:54:50,606 - __main__ - INFO - 🔄 Synchronized model update at step 199,680
2025-09-27 17:54:50,606 - __main__ - INFO -    HMM interval: inf, VAE interval: 12,000
2025-09-27 17:54:50,606 - __main__ - INFO - 🚫 Model training masking: 120/12288 timesteps masked (1.0%) due to negative rewards (invalid actions)
2025-09-27 17:54:50,607 - __main__ - INFO - 🔄 VAE refresh starting at step 199,680 with replay size 8x1536
2025-09-27 17:54:50,607 - __main__ - INFO -    Using span sampling (12288 timesteps, too large for full buffer)
2025-09-27 17:55:16,194 - __main__ - INFO -    VAE refresh complete: final_loss=943.7499, avg_loss=957.3942, steps=4/4, trend=improving, total_timesteps=12288, span_sampling=32_requested×4_steps, span_len=64
2025-09-27 17:55:16,197 - __main__ - INFO -    ✅ VAE updated (next in 12,000 steps)
2025-09-27 17:55:16,200 - __main__ - INFO - ⏱️  Training completed in 2964.78 seconds
2025-09-27 17:55:16,201 - __main__ - INFO - 💾 Saving final PPO checkpoint...
2025-09-27 17:55:16,201 - __main__ - INFO - 💾 Including RND model state in checkpoint
2025-09-27 17:55:16,201 - __main__ - INFO - 💾 Including RND optimizer state in checkpoint
2025-09-27 17:55:16,212 - __main__ - INFO - 💾 Final checkpoint saved: checkpoints/ablation_no_hmm_rnd_MiniHack_Room_Random_15x15_v0_20250927-170548/ppo_policy.pth
2025-09-27 17:55:16,216 - __main__ - INFO - 📊 Collected 268 training log entries
2025-09-27 17:55:16,217 - __main__ - INFO - ☁️  Uploading all model components to HuggingFace...
2025-09-27 17:55:16,357 - __main__ - INFO - 📦 Created/verified repository: CatkinChen/nethack-ppo-ablation-no_hmm_rnd
2025-09-27 17:55:16,357 - __main__ - INFO - 📤 Uploading PPO policy checkpoint...
2025-09-27 17:55:19,402 - __main__ - INFO - 📤 Uploading VAE model...
2025-09-27 17:55:22,734 - __main__ - INFO - ✅ VAE model uploaded successfully
2025-09-27 17:55:22,734 - __main__ - INFO - 📤 Uploading HMM model...
2025-09-27 17:55:22,734 - __main__ - WARNING - ⚠️  HMM upload failed: 'NoneType' object has no attribute 'get_posterior_params'
2025-09-27 17:55:22,734 - __main__ - INFO - 📝 Creating model card...
2025-09-27 17:55:23,779 - __main__ - INFO - ✅ Model card uploaded successfully
2025-09-27 17:55:23,779 - __main__ - INFO - 📄 Uploading training configuration...
2025-09-27 17:55:24,471 - __main__ - INFO - ✅ Training configuration uploaded successfully
2025-09-27 17:55:24,471 - __main__ - INFO - 🎉 All model components uploaded to: https://huggingface.co/CatkinChen/nethack-ppo-ablation-no_hmm_rnd
2025-09-27 17:55:24,471 - __main__ - INFO - 📈 Uploading training artifacts...
2025-09-27 17:55:27,793 - __main__ - INFO - ✅ Training artifacts uploaded successfully
2025-09-27 17:55:28,422 - __main__ - INFO - 🎉 Training completed successfully!
