2025-09-27 16:15:07,463 - __main__ - INFO - ================================================================================
2025-09-27 16:15:07,464 - __main__ - INFO - Starting Online PPO Training with Pretrained Models
2025-09-27 16:15:07,464 - __main__ - INFO - Environment: MiniHack-Room-Random-15x15-v0
2025-09-27 16:15:07,464 - __main__ - INFO - VAE Repository: CatkinChen/nethack-vae
2025-09-27 16:15:07,464 - __main__ - INFO - HMM Repository: None
2025-09-27 16:15:07,464 - __main__ - INFO - Total Timesteps: 195
2025-09-27 16:15:07,464 - __main__ - INFO - ================================================================================
2025-09-27 16:15:07,464 - __main__ - INFO - 🔧 Using device: cuda
2025-09-27 16:15:07,464 - __main__ - INFO - 🆕 Fresh training mode: Loading models from separate repos
2025-09-27 16:15:07,464 - __main__ - INFO - 🎨 Loading pretrained VAE model...
2025-09-27 16:15:08,060 - __main__ - INFO - ✅ VAE model loaded successfully
2025-09-27 16:15:08,060 - __main__ - INFO -    - Latent dimension: 96
2025-09-27 16:15:08,061 - __main__ - INFO -    - Skills: 40
2025-09-27 16:15:08,061 - __main__ - INFO - ℹ️  No HMM model loaded (HMM integration disabled)
2025-09-27 16:15:08,061 - __main__ - INFO - 🎮 Creating environment: MiniHack-Room-Random-15x15-v0
2025-09-27 16:15:08,061 - nle.env.base - INFO - Not saving any NLE data.
2025-09-27 16:15:08,077 - __main__ - INFO -    - Observation space: Dict('blstats': Box(-2147483648, 2147483647, (27,), int64), 'chars': Box(0, 255, (21, 79), uint8), 'chars_crop': Box(0, 255, (9, 9), uint8), 'colors': Box(0, 15, (21, 79), uint8), 'colors_crop': Box(0, 15, (9, 9), uint8), 'glyphs': Box(0, 5976, (21, 79), int16), 'glyphs_crop': Box(0, 5976, (9, 9), int16), 'message': Box(0, 255, (256,), uint8), 'specials': Box(0, 255, (21, 79), uint8), 'specials_crop': Box(0, 255, (9, 9), uint8))
2025-09-27 16:15:08,077 - __main__ - INFO -    - Action space: Discrete(8)
2025-09-27 16:15:08,077 - __main__ - INFO - 🔄 Using provided VAE config
2025-09-27 16:15:08,077 - __main__ - INFO -    - VAE prior mode set to 'standard' for online training without HMM
2025-09-27 16:15:09,151 - __main__ - INFO - 📊 W&B initialized with run name: ablation_no_hmm_curiosity_dyn_only_MiniHack_Room_Random_15x15_v0_20250927-161507
2025-09-27 16:15:09,152 - __main__ - INFO - 🚀 Initializing PPO trainer...
2025-09-27 16:15:09,152 - nle.env.base - INFO - Not saving any NLE data.
2025-09-27 16:15:09,167 - nle.env.base - INFO - Not saving any NLE data.
2025-09-27 16:15:09,181 - nle.env.base - INFO - Not saving any NLE data.
2025-09-27 16:15:09,195 - nle.env.base - INFO - Not saving any NLE data.
2025-09-27 16:15:09,209 - nle.env.base - INFO - Not saving any NLE data.
2025-09-27 16:15:09,222 - nle.env.base - INFO - Not saving any NLE data.
2025-09-27 16:15:09,237 - nle.env.base - INFO - Not saving any NLE data.
2025-09-27 16:15:09,251 - nle.env.base - INFO - Not saving any NLE data.
2025-09-27 16:15:10,153 - __main__ - INFO - ✅ PPO trainer initialized successfully
2025-09-27 16:15:10,153 - __main__ - INFO - 🆕 Starting fresh PPO training (no checkpoint loading)
2025-09-27 16:15:10,154 - __main__ - INFO - 🏋️  Starting PPO training...
2025-09-27 16:15:10,576 - __main__ - INFO - 🎮 Action Mapping Debug (step 0, timestep 0):
2025-09-27 16:15:10,576 - __main__ - INFO -    Global actions sampled: [3 4 7 1 1 3 4 4]
2025-09-27 16:15:10,577 - __main__ - INFO -    Local actions mapped:   [3 4 7 1 1 3 4 4]
2025-09-27 16:15:10,577 - __main__ - INFO -    Available env actions:  (<CompassDirection.N: 107>, <CompassDirection.E: 108>, <CompassDirection.S: 106>, <CompassDirection.W: 104>, <CompassDirection.NE: 117>, <CompassDirection.SE: 110>, <CompassDirection.SW: 98>, <CompassDirection.NW: 121>)
2025-09-27 16:15:10,577 - __main__ - INFO -    Action mapping:         ['local_0->global_0(107)', 'local_1->global_1(108)', 'local_2->global_2(106)', 'local_3->global_3(104)', 'local_4->global_4(117)', 'local_5->global_5(110)', 'local_6->global_6(98)', 'local_7->global_7(121)']
2025-09-27 16:15:10,577 - __main__ - INFO -    Valid global indices:   [0 1 2 3 4 5 6 7] (total: 8)
2025-09-27 16:15:10,577 - __main__ - INFO -    Global->Local mapping:  ['env0:g3->l3', 'env1:g4->l4', 'env2:g7->l7', 'env3:g1->l1', 'env4:g1->l1', 'env5:g3->l3', 'env6:g4->l4', 'env7:g4->l4']
2025-09-27 16:15:10,583 - __main__ - INFO - 🚫 Negative Reward Masking (step 0, timestep 0):
2025-09-27 16:15:10,583 - __main__ - INFO -    Environments masked due to prev negative rewards: 0/8
2025-09-27 16:15:10,583 - __main__ - INFO -    Environments with current negative rewards: 1/8
2025-09-27 16:15:10,583 - __main__ - INFO -    Rewards: [ 0.    0.    0.    0.    0.   -0.01  0.    0.  ]
2025-09-27 16:15:12,232 - __main__ - INFO - 📊 Episodes completed this rollout: 3
2025-09-27 16:15:12,232 - __main__ - INFO - 📈 Episode stats: avg return = 0.96, avg length = 37.0
2025-09-27 16:15:12,240 - __main__ - INFO - 🎯 Top 3 training actions: #7(153), #6(136), #3(131)
2025-09-27 16:15:15,136 - __main__ - INFO - 📊 Episodes completed this rollout: 1
2025-09-27 16:15:15,136 - __main__ - INFO - 📈 Episode stats: avg return = 0.95, avg length = 129.0
2025-09-27 16:15:15,136 - __main__ - INFO - 🎯 Top 3 training actions: #6(294), #7(282), #3(280)
2025-09-27 16:15:17,935 - __main__ - INFO - 📊 Episodes completed this rollout: 8
2025-09-27 16:15:17,935 - __main__ - INFO - 📈 Episode stats: avg return = 0.07, avg length = 270.5
2025-09-27 16:15:17,935 - __main__ - INFO - 🎯 Top 3 training actions: #6(448), #5(433), #7(417)
2025-09-27 16:15:23,483 - __main__ - INFO - 📊 Episodes completed this rollout: 8
2025-09-27 16:15:23,483 - __main__ - INFO - 📈 Episode stats: avg return = -0.17, avg length = 266.0
2025-09-27 16:15:23,483 - __main__ - INFO - 🎯 Top 3 training actions: #5(829), #7(777), #1(664)
2025-09-27 16:15:24,547 - __main__ - INFO - 🔄 Synchronized model update at step 5,120
2025-09-27 16:15:24,547 - __main__ - INFO -    HMM interval: inf, VAE interval: 5,120
2025-09-27 16:15:24,548 - __main__ - INFO - 🚫 Model training masking: 475/5120 timesteps masked (9.3%) due to negative rewards (invalid actions)
2025-09-27 16:15:24,548 - __main__ - INFO - 🔄 VAE refresh starting at step 5,120 with replay size 8x640
2025-09-27 16:15:24,549 - __main__ - INFO -    Using span sampling (5120 timesteps, too large for full buffer)
2025-09-27 16:15:48,046 - __main__ - INFO -    VAE refresh complete: final_loss=1075.1503, avg_loss=1127.7492, steps=4/4, trend=improving, total_timesteps=5120, span_sampling=32_requested×4_steps, span_len=64
2025-09-27 16:15:48,048 - __main__ - INFO -    ✅ VAE updated (next in 6,144 steps)
2025-09-27 16:15:49,720 - __main__ - INFO - 📊 Episodes completed this rollout: 5
2025-09-27 16:15:49,720 - __main__ - INFO - 📈 Episode stats: avg return = 0.67, avg length = 130.2
2025-09-27 16:15:49,720 - __main__ - INFO - 🎯 Top 3 training actions: #7(1006), #5(968), #1(804)
2025-09-27 16:15:52,507 - __main__ - INFO - 📊 Episodes completed this rollout: 2
2025-09-27 16:15:52,507 - __main__ - INFO - 📈 Episode stats: avg return = -0.30, avg length = 300.0
2025-09-27 16:15:52,508 - __main__ - INFO - 🎯 Top 3 training actions: #7(1251), #5(1106), #1(937)
2025-09-27 16:15:55,293 - __main__ - INFO - 📊 Episodes completed this rollout: 8
2025-09-27 16:15:55,293 - __main__ - INFO - 📈 Episode stats: avg return = 0.35, avg length = 214.8
2025-09-27 16:15:55,294 - __main__ - INFO - 🎯 Top 3 training actions: #7(1422), #5(1292), #1(1081)
2025-09-27 16:15:58,030 - __main__ - INFO - 📊 Episodes completed this rollout: 1
2025-09-27 16:15:58,030 - __main__ - INFO - 📈 Episode stats: avg return = 0.87, avg length = 64.0
2025-09-27 16:15:58,030 - __main__ - INFO - 🎯 Top 3 training actions: #7(1627), #5(1467), #1(1251)
2025-09-27 16:16:00,857 - __main__ - INFO - 📊 Episodes completed this rollout: 10
2025-09-27 16:16:00,858 - __main__ - INFO - 📈 Episode stats: avg return = 0.06, avg length = 235.1
2025-09-27 16:16:00,858 - __main__ - INFO - 🎯 Top 3 training actions: #7(1817), #5(1667), #1(1452)
2025-09-27 16:16:01,945 - __main__ - INFO - 🧪 Starting evaluation with 50 episodes...
2025-09-27 16:16:01,945 - __main__ - INFO -    Eval seed: 51
2025-09-27 16:16:01,945 - __main__ - INFO -    Max episode steps (eval): env default
2025-09-27 16:16:01,946 - nle.env.base - INFO - Not saving any NLE data.
2025-09-27 16:16:09,722 - __main__ - WARNING - ⚠️ Episode 5 terminated due to step limit.
2025-09-27 16:16:14,168 - __main__ - WARNING - ⚠️ Episode 9 terminated due to step limit.
2025-09-27 16:16:16,974 - __main__ - WARNING - ⚠️ Episode 10 terminated due to step limit.
2025-09-27 16:16:19,780 - __main__ - WARNING - ⚠️ Episode 11 terminated due to step limit.
2025-09-27 16:16:22,959 - __main__ - WARNING - ⚠️ Episode 13 terminated due to step limit.
2025-09-27 16:16:25,762 - __main__ - WARNING - ⚠️ Episode 14 terminated due to step limit.
2025-09-27 16:16:28,559 - __main__ - WARNING - ⚠️ Episode 15 terminated due to step limit.
2025-09-27 16:16:31,369 - __main__ - WARNING - ⚠️ Episode 16 terminated due to step limit.
2025-09-27 16:16:35,114 - __main__ - WARNING - ⚠️ Episode 18 terminated due to step limit.
2025-09-27 16:16:38,012 - __main__ - WARNING - ⚠️ Episode 19 terminated due to step limit.
2025-09-27 16:16:42,623 - __main__ - WARNING - ⚠️ Episode 21 terminated due to step limit.
2025-09-27 16:16:45,571 - __main__ - WARNING - ⚠️ Episode 22 terminated due to step limit.
2025-09-27 16:16:48,526 - __main__ - WARNING - ⚠️ Episode 24 terminated due to step limit.
2025-09-27 16:16:51,403 - __main__ - WARNING - ⚠️ Episode 25 terminated due to step limit.
2025-09-27 16:16:54,180 - __main__ - WARNING - ⚠️ Episode 26 terminated due to step limit.
2025-09-27 16:16:57,137 - __main__ - WARNING - ⚠️ Episode 27 terminated due to step limit.
2025-09-27 16:17:03,526 - __main__ - WARNING - ⚠️ Episode 30 terminated due to step limit.
2025-09-27 16:17:10,432 - __main__ - WARNING - ⚠️ Episode 34 terminated due to step limit.
2025-09-27 16:17:13,239 - __main__ - WARNING - ⚠️ Episode 35 terminated due to step limit.
2025-09-27 16:17:16,125 - __main__ - WARNING - ⚠️ Episode 36 terminated due to step limit.
2025-09-27 16:17:20,479 - __main__ - WARNING - ⚠️ Episode 40 terminated due to step limit.
2025-09-27 16:17:23,285 - __main__ - WARNING - ⚠️ Episode 41 terminated due to step limit.
2025-09-27 16:17:26,100 - __main__ - WARNING - ⚠️ Episode 42 terminated due to step limit.
2025-09-27 16:17:28,910 - __main__ - WARNING - ⚠️ Episode 43 terminated due to step limit.
2025-09-27 16:17:31,707 - __main__ - WARNING - ⚠️ Episode 44 terminated due to step limit.
2025-09-27 16:17:34,510 - __main__ - WARNING - ⚠️ Episode 45 terminated due to step limit.
2025-09-27 16:17:39,675 - __main__ - WARNING - ⚠️ Episode 48 terminated due to step limit.
2025-09-27 16:17:42,506 - __main__ - WARNING - ⚠️ Episode 49 terminated due to step limit.
2025-09-27 16:17:43,252 - __main__ - INFO - 📊 Evaluation Results (Current Round):
2025-09-27 16:17:43,252 - __main__ - INFO -    Episodes: 50
2025-09-27 16:17:43,252 - __main__ - INFO -    Time: 101.3s (2.0s/ep)
2025-09-27 16:17:43,252 - __main__ - INFO -    Average Return: 0.153 ± 0.654
2025-09-27 16:17:43,252 - __main__ - INFO -    Success Rate: 44.0%
2025-09-27 16:17:43,252 - __main__ - INFO -    Average Length: 214.6
2025-09-27 16:17:43,252 - __main__ - INFO -    Average Coverage: 68.9 positions
2025-09-27 16:17:43,252 - __main__ - INFO -    Episode Completions: 22 terminated (44.0%), 28 truncated (56.0%)
2025-09-27 16:17:43,253 - __main__ - INFO - 📈 Total Evaluation Statistics:
2025-09-27 16:17:43,253 - __main__ - INFO -    Total Episodes: 50
2025-09-27 16:17:43,253 - __main__ - INFO -    Total Average Return: 0.153 ± 0.654
2025-09-27 16:17:43,253 - __main__ - INFO -    Total Average Length: 214.6 ± 105.0
2025-09-27 16:17:43,253 - __main__ - INFO -    Total Completions: 22 terminated (44.0%), 28 truncated (56.0%)
2025-09-27 16:17:43,253 - __main__ - INFO -    Skill Entropy: 0.000
2025-09-27 16:17:43,253 - __main__ - INFO -    Used Skills: 0.0
2025-09-27 16:17:43,253 - __main__ - INFO -    Effective K: 0.00
2025-09-27 16:17:43,253 - __main__ - INFO - 🎯 Action Usage Statistics:
2025-09-27 16:17:43,253 - __main__ - INFO -    Unique actions in evaluation: 8
2025-09-27 16:17:43,253 - __main__ - INFO -    Unique actions in training: 8
2025-09-27 16:17:43,253 - __main__ - INFO -    Total unique actions: 8
2025-09-27 16:17:43,254 - __main__ - INFO -    Action coverage: 6.6%
2025-09-27 16:17:43,254 - __main__ - INFO -    Train action count: 10240
2025-09-27 16:17:43,254 - __main__ - INFO -    Eval action count: 10730
2025-09-27 16:17:43,254 - __main__ - INFO -    Train action entropy: 2.052
2025-09-27 16:17:43,254 - __main__ - INFO -    Eval action entropy: 1.978
2025-09-27 16:17:43,255 - __main__ - INFO -    Top 3 train actions: #7(1817), #5(1667), #1(1452)
2025-09-27 16:17:43,255 - __main__ - INFO -    Top 3 eval actions: #7(2194), #1(2151), #5(1713)
2025-09-27 16:17:44,914 - __main__ - INFO - 📊 Episodes completed this rollout: 2
2025-09-27 16:17:44,915 - __main__ - INFO - 📈 Episode stats: avg return = 0.91, avg length = 96.5
2025-09-27 16:17:44,915 - __main__ - INFO - 🎯 Top 3 training actions: #7(2036), #5(1811), #1(1660)
2025-09-27 16:17:46,028 - __main__ - INFO - 🔄 Synchronized model update at step 11,264
2025-09-27 16:17:46,029 - __main__ - INFO -    HMM interval: inf, VAE interval: 6,144
2025-09-27 16:17:46,029 - __main__ - INFO - 🚫 Model training masking: 534/6144 timesteps masked (8.7%) due to negative rewards (invalid actions)
2025-09-27 16:17:46,029 - __main__ - INFO - 🔄 VAE refresh starting at step 11,264 with replay size 8x768
2025-09-27 16:17:46,030 - __main__ - INFO -    Using span sampling (6144 timesteps, too large for full buffer)
2025-09-27 16:18:09,585 - __main__ - INFO -    VAE refresh complete: final_loss=1030.6219, avg_loss=1059.3517, steps=4/4, trend=improving, total_timesteps=6144, span_sampling=32_requested×4_steps, span_len=64
2025-09-27 16:18:09,587 - __main__ - INFO -    ✅ VAE updated (next in 7,372 steps)
2025-09-27 16:18:11,281 - __main__ - INFO - 📊 Episodes completed this rollout: 4
2025-09-27 16:18:11,281 - __main__ - INFO - 📈 Episode stats: avg return = -0.02, avg length = 235.0
2025-09-27 16:18:11,281 - __main__ - INFO - 🎯 Top 3 training actions: #7(2291), #5(1964), #1(1871)
2025-09-27 16:18:14,102 - __main__ - INFO - 📊 Episodes completed this rollout: 3
2025-09-27 16:18:14,103 - __main__ - INFO - 📈 Episode stats: avg return = -0.20, avg length = 300.0
2025-09-27 16:18:14,103 - __main__ - INFO - 🎯 Top 3 training actions: #7(2568), #5(2094), #1(2082)
2025-09-27 16:18:16,899 - __main__ - INFO - 📊 Episodes completed this rollout: 3
2025-09-27 16:18:16,900 - __main__ - INFO - 📈 Episode stats: avg return = -0.09, avg length = 289.3
2025-09-27 16:18:16,900 - __main__ - INFO - 🎯 Top 3 training actions: #7(2795), #1(2370), #5(2195)
2025-09-27 16:18:19,758 - __main__ - INFO - 📊 Episodes completed this rollout: 8
2025-09-27 16:18:19,758 - __main__ - INFO - 📈 Episode stats: avg return = 0.26, avg length = 200.5
2025-09-27 16:18:19,758 - __main__ - INFO - 🎯 Top 3 training actions: #7(3011), #1(2689), #5(2346)
2025-09-27 16:18:22,565 - __main__ - INFO - 📊 Episodes completed this rollout: 3
2025-09-27 16:18:22,565 - __main__ - INFO - 📈 Episode stats: avg return = 0.12, avg length = 215.0
2025-09-27 16:18:22,565 - __main__ - INFO - 🎯 Top 3 training actions: #7(3200), #1(3000), #5(2523)
2025-09-27 16:18:25,382 - __main__ - INFO - 📊 Episodes completed this rollout: 3
2025-09-27 16:18:25,382 - __main__ - INFO - 📈 Episode stats: avg return = -0.32, avg length = 300.0
2025-09-27 16:18:25,383 - __main__ - INFO - 🎯 Top 3 training actions: #7(3404), #1(3371), #5(2666)
2025-09-27 16:18:28,240 - __main__ - INFO - 📊 Episodes completed this rollout: 7
2025-09-27 16:18:28,240 - __main__ - INFO - 📈 Episode stats: avg return = -0.12, avg length = 248.4
2025-09-27 16:18:28,240 - __main__ - INFO - 🎯 Top 3 training actions: #7(3635), #1(3617), #5(2814)
2025-09-27 16:18:31,057 - __main__ - INFO - 📊 Episodes completed this rollout: 3
2025-09-27 16:18:31,057 - __main__ - INFO - 📈 Episode stats: avg return = 0.24, avg length = 223.0
2025-09-27 16:18:31,057 - __main__ - INFO - 🎯 Top 3 training actions: #1(3876), #7(3860), #5(2934)
2025-09-27 16:18:32,173 - __main__ - INFO - 🔄 Synchronized model update at step 19,456
2025-09-27 16:18:32,173 - __main__ - INFO -    HMM interval: inf, VAE interval: 7,372
2025-09-27 16:18:32,174 - __main__ - INFO - 🚫 Model training masking: 400/8192 timesteps masked (4.9%) due to negative rewards (invalid actions)
2025-09-27 16:18:32,174 - __main__ - INFO - 🔄 VAE refresh starting at step 19,456 with replay size 8x1024
2025-09-27 16:18:32,175 - __main__ - INFO -    Using span sampling (8192 timesteps, too large for full buffer)
2025-09-27 16:18:56,805 - __main__ - INFO -    VAE refresh complete: final_loss=1000.6227, avg_loss=1019.3867, steps=4/4, trend=improving, total_timesteps=8192, span_sampling=32_requested×4_steps, span_len=64
2025-09-27 16:18:56,807 - __main__ - INFO -    ✅ VAE updated (next in 8,846 steps)
2025-09-27 16:18:58,504 - __main__ - INFO - 📊 Episodes completed this rollout: 4
2025-09-27 16:18:58,505 - __main__ - INFO - 📈 Episode stats: avg return = 0.17, avg length = 253.8
2025-09-27 16:18:58,505 - __main__ - INFO - 🎯 Top 3 training actions: #1(4110), #7(4076), #5(3036)
2025-09-27 16:18:59,605 - __main__ - INFO - 🧪 Starting evaluation with 50 episodes...
2025-09-27 16:18:59,605 - __main__ - INFO -    Eval seed: 51
2025-09-27 16:18:59,605 - __main__ - INFO -    Max episode steps (eval): env default
2025-09-27 16:18:59,606 - nle.env.base - INFO - Not saving any NLE data.
2025-09-27 16:19:04,923 - __main__ - WARNING - ⚠️ Episode 4 terminated due to step limit.
2025-09-27 16:19:08,369 - __main__ - WARNING - ⚠️ Episode 7 terminated due to step limit.
2025-09-27 16:19:11,200 - __main__ - WARNING - ⚠️ Episode 8 terminated due to step limit.
2025-09-27 16:19:13,977 - __main__ - WARNING - ⚠️ Episode 9 terminated due to step limit.
2025-09-27 16:19:16,827 - __main__ - WARNING - ⚠️ Episode 10 terminated due to step limit.
2025-09-27 16:19:19,613 - __main__ - WARNING - ⚠️ Episode 11 terminated due to step limit.
2025-09-27 16:19:23,185 - __main__ - WARNING - ⚠️ Episode 13 terminated due to step limit.
2025-09-27 16:19:26,110 - __main__ - WARNING - ⚠️ Episode 15 terminated due to step limit.
2025-09-27 16:19:29,539 - __main__ - WARNING - ⚠️ Episode 17 terminated due to step limit.
2025-09-27 16:19:35,933 - __main__ - WARNING - ⚠️ Episode 21 terminated due to step limit.
2025-09-27 16:19:38,722 - __main__ - WARNING - ⚠️ Episode 22 terminated due to step limit.
2025-09-27 16:19:42,586 - __main__ - WARNING - ⚠️ Episode 26 terminated due to step limit.
2025-09-27 16:19:45,382 - __main__ - WARNING - ⚠️ Episode 27 terminated due to step limit.
2025-09-27 16:19:48,268 - __main__ - WARNING - ⚠️ Episode 28 terminated due to step limit.
2025-09-27 16:19:51,252 - __main__ - WARNING - ⚠️ Episode 29 terminated due to step limit.
2025-09-27 16:19:54,241 - __main__ - WARNING - ⚠️ Episode 30 terminated due to step limit.
2025-09-27 16:19:57,199 - __main__ - WARNING - ⚠️ Episode 31 terminated due to step limit.
2025-09-27 16:20:00,102 - __main__ - WARNING - ⚠️ Episode 32 terminated due to step limit.
2025-09-27 16:20:02,935 - __main__ - WARNING - ⚠️ Episode 33 terminated due to step limit.
2025-09-27 16:20:10,726 - __main__ - WARNING - ⚠️ Episode 36 terminated due to step limit.
2025-09-27 16:20:13,521 - __main__ - WARNING - ⚠️ Episode 37 terminated due to step limit.
2025-09-27 16:20:16,746 - __main__ - WARNING - ⚠️ Episode 39 terminated due to step limit.
2025-09-27 16:20:19,576 - __main__ - WARNING - ⚠️ Episode 40 terminated due to step limit.
2025-09-27 16:20:22,379 - __main__ - WARNING - ⚠️ Episode 41 terminated due to step limit.
2025-09-27 16:20:27,051 - __main__ - WARNING - ⚠️ Episode 43 terminated due to step limit.
2025-09-27 16:20:33,656 - __main__ - WARNING - ⚠️ Episode 47 terminated due to step limit.
2025-09-27 16:20:36,556 - __main__ - WARNING - ⚠️ Episode 48 terminated due to step limit.
2025-09-27 16:20:39,406 - __main__ - WARNING - ⚠️ Episode 49 terminated due to step limit.
2025-09-27 16:20:42,273 - __main__ - WARNING - ⚠️ Episode 50 terminated due to step limit.
2025-09-27 16:20:42,275 - __main__ - INFO - 📊 Evaluation Results (Current Round):
2025-09-27 16:20:42,275 - __main__ - INFO -    Episodes: 50
2025-09-27 16:20:42,276 - __main__ - INFO -    Time: 102.7s (2.1s/ep)
2025-09-27 16:20:42,276 - __main__ - INFO -    Average Return: 0.219 ± 0.606
2025-09-27 16:20:42,276 - __main__ - INFO -    Success Rate: 42.0%
2025-09-27 16:20:42,276 - __main__ - INFO -    Average Length: 216.4
2025-09-27 16:20:42,276 - __main__ - INFO -    Average Coverage: 72.1 positions
2025-09-27 16:20:42,276 - __main__ - INFO -    Episode Completions: 21 terminated (42.0%), 29 truncated (58.0%)
2025-09-27 16:20:42,276 - __main__ - INFO - 📈 Total Evaluation Statistics:
2025-09-27 16:20:42,276 - __main__ - INFO -    Total Episodes: 100
2025-09-27 16:20:42,276 - __main__ - INFO -    Total Average Return: 0.186 ± 0.631
2025-09-27 16:20:42,276 - __main__ - INFO -    Total Average Length: 215.5 ± 109.8
2025-09-27 16:20:42,276 - __main__ - INFO -    Total Completions: 43 terminated (43.0%), 57 truncated (57.0%)
2025-09-27 16:20:42,277 - __main__ - INFO -    Skill Entropy: 0.000
2025-09-27 16:20:42,277 - __main__ - INFO -    Used Skills: 0.0
2025-09-27 16:20:42,277 - __main__ - INFO -    Effective K: 0.00
2025-09-27 16:20:42,277 - __main__ - INFO - 🎯 Action Usage Statistics:
2025-09-27 16:20:42,277 - __main__ - INFO -    Unique actions in evaluation: 8
2025-09-27 16:20:42,277 - __main__ - INFO -    Unique actions in training: 8
2025-09-27 16:20:42,277 - __main__ - INFO -    Total unique actions: 8
2025-09-27 16:20:42,277 - __main__ - INFO -    Action coverage: 6.6%
2025-09-27 16:20:42,277 - __main__ - INFO -    Train action count: 20480
2025-09-27 16:20:42,277 - __main__ - INFO -    Eval action count: 21550
2025-09-27 16:20:42,278 - __main__ - INFO -    Train action entropy: 2.005
2025-09-27 16:20:42,278 - __main__ - INFO -    Eval action entropy: 1.973
2025-09-27 16:20:42,278 - __main__ - INFO -    Top 3 train actions: #1(4110), #7(4076), #5(3036)
2025-09-27 16:20:42,278 - __main__ - INFO -    Top 3 eval actions: #7(4610), #1(4535), #2(3108)
2025-09-27 16:20:43,991 - __main__ - INFO - 📊 Episodes completed this rollout: 3
2025-09-27 16:20:43,991 - __main__ - INFO - 📈 Episode stats: avg return = -0.14, avg length = 300.0
2025-09-27 16:20:43,992 - __main__ - INFO - 🎯 Top 3 training actions: #1(4334), #7(4300), #5(3093)
2025-09-27 16:20:46,746 - __main__ - INFO - 📊 Episodes completed this rollout: 5
2025-09-27 16:20:46,747 - __main__ - INFO - 📈 Episode stats: avg return = 0.43, avg length = 206.0
2025-09-27 16:20:46,747 - __main__ - INFO - 🎯 Top 3 training actions: #1(4596), #7(4491), #5(3161)
2025-09-27 16:20:49,567 - __main__ - INFO - 📊 Episodes completed this rollout: 6
2025-09-27 16:20:49,567 - __main__ - INFO - 📈 Episode stats: avg return = 0.39, avg length = 156.7
2025-09-27 16:20:49,567 - __main__ - INFO - 🎯 Top 3 training actions: #1(4900), #7(4650), #5(3242)
2025-09-27 16:20:52,364 - __main__ - INFO - 📊 Episodes completed this rollout: 4
2025-09-27 16:20:52,364 - __main__ - INFO - 📈 Episode stats: avg return = -0.02, avg length = 258.0
2025-09-27 16:20:52,364 - __main__ - INFO - 🎯 Top 3 training actions: #1(5265), #7(4818), #5(3332)
2025-09-27 16:20:55,196 - __main__ - INFO - 📊 Episodes completed this rollout: 5
2025-09-27 16:20:55,196 - __main__ - INFO - 📈 Episode stats: avg return = -0.21, avg length = 255.4
2025-09-27 16:20:55,196 - __main__ - INFO - 🎯 Top 3 training actions: #1(5628), #7(4959), #5(3412)
2025-09-27 16:20:57,950 - __main__ - INFO - 📊 Episodes completed this rollout: 3
2025-09-27 16:20:57,950 - __main__ - INFO - 📈 Episode stats: avg return = -0.14, avg length = 257.0
2025-09-27 16:20:57,951 - __main__ - INFO - 🎯 Top 3 training actions: #1(5921), #7(5154), #5(3504)
2025-09-27 16:21:00,742 - __main__ - INFO - 📊 Episodes completed this rollout: 5
2025-09-27 16:21:00,743 - __main__ - INFO - 📈 Episode stats: avg return = -0.07, avg length = 251.2
2025-09-27 16:21:00,743 - __main__ - INFO - 🎯 Top 3 training actions: #1(6107), #7(5337), #5(3567)
2025-09-27 16:21:03,548 - __main__ - INFO - 📊 Episodes completed this rollout: 4
2025-09-27 16:21:03,549 - __main__ - INFO - 📈 Episode stats: avg return = 0.20, avg length = 246.2
2025-09-27 16:21:03,549 - __main__ - INFO - 🎯 Top 3 training actions: #1(6298), #7(5518), #5(3655)
2025-09-27 16:21:04,665 - __main__ - INFO - 🔄 Synchronized model update at step 28,672
2025-09-27 16:21:04,665 - __main__ - INFO -    HMM interval: inf, VAE interval: 8,846
2025-09-27 16:21:04,666 - __main__ - INFO - 🚫 Model training masking: 846/9216 timesteps masked (9.2%) due to negative rewards (invalid actions)
2025-09-27 16:21:04,666 - __main__ - INFO - 🔄 VAE refresh starting at step 28,672 with replay size 8x1152
2025-09-27 16:21:04,667 - __main__ - INFO -    Using span sampling (9216 timesteps, too large for full buffer)
2025-09-27 16:21:27,916 - __main__ - INFO -    VAE refresh complete: final_loss=983.4732, avg_loss=1003.9958, steps=4/4, trend=improving, total_timesteps=9216, span_sampling=32_requested×4_steps, span_len=64
2025-09-27 16:21:27,918 - __main__ - INFO -    ✅ VAE updated (next in 10,615 steps)
2025-09-27 16:21:29,617 - __main__ - INFO - 📊 Episodes completed this rollout: 3
2025-09-27 16:21:29,617 - __main__ - INFO - 📈 Episode stats: avg return = -0.25, avg length = 300.0
2025-09-27 16:21:29,618 - __main__ - INFO - 🎯 Top 3 training actions: #1(6454), #7(5686), #5(3759)
2025-09-27 16:21:32,417 - __main__ - INFO - 📊 Episodes completed this rollout: 5
2025-09-27 16:21:32,417 - __main__ - INFO - 📈 Episode stats: avg return = 0.26, avg length = 237.0
2025-09-27 16:21:32,417 - __main__ - INFO - 🎯 Top 3 training actions: #1(6598), #7(5822), #5(3895)
2025-09-27 16:21:33,526 - __main__ - INFO - 🧪 Starting evaluation with 50 episodes...
2025-09-27 16:21:33,526 - __main__ - INFO -    Eval seed: 51
2025-09-27 16:21:33,526 - __main__ - INFO -    Max episode steps (eval): env default
2025-09-27 16:21:33,526 - nle.env.base - INFO - Not saving any NLE data.
2025-09-27 16:21:36,332 - __main__ - WARNING - ⚠️ Episode 1 terminated due to step limit.
2025-09-27 16:21:39,116 - __main__ - WARNING - ⚠️ Episode 2 terminated due to step limit.
2025-09-27 16:21:41,908 - __main__ - WARNING - ⚠️ Episode 3 terminated due to step limit.
2025-09-27 16:21:44,706 - __main__ - WARNING - ⚠️ Episode 4 terminated due to step limit.
2025-09-27 16:21:49,002 - __main__ - WARNING - ⚠️ Episode 7 terminated due to step limit.
2025-09-27 16:21:51,800 - __main__ - WARNING - ⚠️ Episode 8 terminated due to step limit.
2025-09-27 16:21:54,601 - __main__ - WARNING - ⚠️ Episode 9 terminated due to step limit.
2025-09-27 16:21:57,380 - __main__ - WARNING - ⚠️ Episode 10 terminated due to step limit.
2025-09-27 16:22:00,162 - __main__ - WARNING - ⚠️ Episode 11 terminated due to step limit.
2025-09-27 16:22:02,955 - __main__ - WARNING - ⚠️ Episode 12 terminated due to step limit.
2025-09-27 16:22:05,792 - __main__ - WARNING - ⚠️ Episode 13 terminated due to step limit.
2025-09-27 16:22:08,571 - __main__ - WARNING - ⚠️ Episode 14 terminated due to step limit.
2025-09-27 16:22:11,382 - __main__ - WARNING - ⚠️ Episode 15 terminated due to step limit.
2025-09-27 16:22:14,156 - __main__ - WARNING - ⚠️ Episode 16 terminated due to step limit.
2025-09-27 16:22:17,824 - __main__ - WARNING - ⚠️ Episode 18 terminated due to step limit.
2025-09-27 16:22:20,652 - __main__ - WARNING - ⚠️ Episode 19 terminated due to step limit.
2025-09-27 16:22:23,486 - __main__ - WARNING - ⚠️ Episode 20 terminated due to step limit.
2025-09-27 16:22:28,113 - __main__ - WARNING - ⚠️ Episode 23 terminated due to step limit.
2025-09-27 16:22:34,756 - __main__ - WARNING - ⚠️ Episode 27 terminated due to step limit.
2025-09-27 16:22:37,568 - __main__ - WARNING - ⚠️ Episode 28 terminated due to step limit.
2025-09-27 16:22:40,390 - __main__ - WARNING - ⚠️ Episode 29 terminated due to step limit.
2025-09-27 16:22:47,337 - __main__ - WARNING - ⚠️ Episode 34 terminated due to step limit.
2025-09-27 16:22:50,993 - __main__ - WARNING - ⚠️ Episode 36 terminated due to step limit.
2025-09-27 16:22:55,649 - __main__ - WARNING - ⚠️ Episode 39 terminated due to step limit.
2025-09-27 16:22:58,431 - __main__ - WARNING - ⚠️ Episode 40 terminated due to step limit.
2025-09-27 16:23:01,211 - __main__ - WARNING - ⚠️ Episode 41 terminated due to step limit.
2025-09-27 16:23:03,993 - __main__ - WARNING - ⚠️ Episode 42 terminated due to step limit.
2025-09-27 16:23:09,136 - __main__ - WARNING - ⚠️ Episode 46 terminated due to step limit.
2025-09-27 16:23:15,283 - __main__ - WARNING - ⚠️ Episode 49 terminated due to step limit.
2025-09-27 16:23:18,129 - __main__ - WARNING - ⚠️ Episode 50 terminated due to step limit.
2025-09-27 16:23:18,132 - __main__ - INFO - 📊 Evaluation Results (Current Round):
2025-09-27 16:23:18,132 - __main__ - INFO -    Episodes: 50
2025-09-27 16:23:18,132 - __main__ - INFO -    Time: 104.6s (2.1s/ep)
2025-09-27 16:23:18,132 - __main__ - INFO -    Average Return: 0.243 ± 0.543
2025-09-27 16:23:18,132 - __main__ - INFO -    Success Rate: 40.0%
2025-09-27 16:23:18,132 - __main__ - INFO -    Average Length: 223.6
2025-09-27 16:23:18,132 - __main__ - INFO -    Average Coverage: 76.6 positions
2025-09-27 16:23:18,132 - __main__ - INFO -    Episode Completions: 20 terminated (40.0%), 30 truncated (60.0%)
2025-09-27 16:23:18,132 - __main__ - INFO - 📈 Total Evaluation Statistics:
2025-09-27 16:23:18,132 - __main__ - INFO -    Total Episodes: 150
2025-09-27 16:23:18,133 - __main__ - INFO -    Total Average Return: 0.205 ± 0.604
2025-09-27 16:23:18,133 - __main__ - INFO -    Total Average Length: 218.2 ± 108.8
2025-09-27 16:23:18,133 - __main__ - INFO -    Total Completions: 63 terminated (42.0%), 87 truncated (58.0%)
2025-09-27 16:23:18,133 - __main__ - INFO -    Skill Entropy: 0.000
2025-09-27 16:23:18,133 - __main__ - INFO -    Used Skills: 0.0
2025-09-27 16:23:18,133 - __main__ - INFO -    Effective K: 0.00
2025-09-27 16:23:18,133 - __main__ - INFO - 🎯 Action Usage Statistics:
2025-09-27 16:23:18,133 - __main__ - INFO -    Unique actions in evaluation: 8
2025-09-27 16:23:18,133 - __main__ - INFO -    Unique actions in training: 8
2025-09-27 16:23:18,133 - __main__ - INFO -    Total unique actions: 8
2025-09-27 16:23:18,133 - __main__ - INFO -    Action coverage: 6.6%
2025-09-27 16:23:18,134 - __main__ - INFO -    Train action count: 30720
2025-09-27 16:23:18,134 - __main__ - INFO -    Eval action count: 32728
2025-09-27 16:23:18,134 - __main__ - INFO -    Train action entropy: 2.008
2025-09-27 16:23:18,134 - __main__ - INFO -    Eval action entropy: 2.025
2025-09-27 16:23:18,135 - __main__ - INFO -    Top 3 train actions: #1(6598), #7(5822), #5(3895)
2025-09-27 16:23:18,135 - __main__ - INFO -    Top 3 eval actions: #1(6095), #7(6081), #2(4768)
2025-09-27 16:23:19,813 - __main__ - INFO - 📊 Episodes completed this rollout: 5
2025-09-27 16:23:19,813 - __main__ - INFO - 📈 Episode stats: avg return = 0.70, avg length = 171.0
2025-09-27 16:23:19,813 - __main__ - INFO - 🎯 Top 3 training actions: #1(6742), #7(5958), #5(4034)
2025-09-27 16:23:22,725 - __main__ - INFO - 📊 Episodes completed this rollout: 4
2025-09-27 16:23:22,725 - __main__ - INFO - 📈 Episode stats: avg return = 0.04, avg length = 298.0
2025-09-27 16:23:22,725 - __main__ - INFO - 🎯 Top 3 training actions: #1(6865), #7(6075), #5(4178)
2025-09-27 16:23:25,644 - __main__ - INFO - 📊 Episodes completed this rollout: 5
2025-09-27 16:23:25,645 - __main__ - INFO - 📈 Episode stats: avg return = 0.25, avg length = 189.0
2025-09-27 16:23:25,645 - __main__ - INFO - 🎯 Top 3 training actions: #1(6966), #7(6154), #5(4358)
2025-09-27 16:23:28,528 - __main__ - INFO - 📊 Episodes completed this rollout: 5
2025-09-27 16:23:28,529 - __main__ - INFO - 📈 Episode stats: avg return = 0.25, avg length = 211.4
2025-09-27 16:23:28,529 - __main__ - INFO - 🎯 Top 3 training actions: #1(7070), #7(6251), #5(4529)
2025-09-27 16:23:31,372 - __main__ - INFO - 📊 Episodes completed this rollout: 4
2025-09-27 16:23:31,372 - __main__ - INFO - 📈 Episode stats: avg return = -0.03, avg length = 283.8
2025-09-27 16:23:31,372 - __main__ - INFO - 🎯 Top 3 training actions: #1(7180), #7(6353), #5(4698)
2025-09-27 16:23:34,179 - __main__ - INFO - 📊 Episodes completed this rollout: 4
2025-09-27 16:23:34,179 - __main__ - INFO - 📈 Episode stats: avg return = 0.00, avg length = 266.8
2025-09-27 16:23:34,179 - __main__ - INFO - 🎯 Top 3 training actions: #1(7285), #7(6503), #5(4860)
2025-09-27 16:23:37,022 - __main__ - INFO - 📊 Episodes completed this rollout: 2
2025-09-27 16:23:37,023 - __main__ - INFO - 📈 Episode stats: avg return = -0.40, avg length = 300.0
2025-09-27 16:23:37,023 - __main__ - INFO - 🎯 Top 3 training actions: #1(7388), #7(6660), #5(5013)
2025-09-27 16:23:39,904 - __main__ - INFO - 📊 Episodes completed this rollout: 5
2025-09-27 16:23:39,905 - __main__ - INFO - 📈 Episode stats: avg return = 0.19, avg length = 197.0
2025-09-27 16:23:39,905 - __main__ - INFO - 🎯 Top 3 training actions: #1(7484), #7(6762), #5(5155)
2025-09-27 16:23:42,753 - __main__ - INFO - 📊 Episodes completed this rollout: 6
2025-09-27 16:23:42,753 - __main__ - INFO - 📈 Episode stats: avg return = -0.06, avg length = 256.7
2025-09-27 16:23:42,753 - __main__ - INFO - 🎯 Top 3 training actions: #1(7573), #7(6867), #5(5295)
2025-09-27 16:23:43,863 - __main__ - INFO - 🔄 Synchronized model update at step 39,936
2025-09-27 16:23:43,863 - __main__ - INFO -    HMM interval: inf, VAE interval: 10,615
2025-09-27 16:23:43,864 - __main__ - INFO - 🚫 Model training masking: 891/11264 timesteps masked (7.9%) due to negative rewards (invalid actions)
2025-09-27 16:23:43,864 - __main__ - INFO - 🔄 VAE refresh starting at step 39,936 with replay size 8x1408
2025-09-27 16:23:43,865 - __main__ - INFO -    Using span sampling (11264 timesteps, too large for full buffer)
2025-09-27 16:24:07,096 - __main__ - INFO -    VAE refresh complete: final_loss=976.1987, avg_loss=996.8071, steps=4/4, trend=improving, total_timesteps=11264, span_sampling=32_requested×4_steps, span_len=64
2025-09-27 16:24:07,098 - __main__ - INFO -    ✅ VAE updated (next in 12,000 steps)
2025-09-27 16:24:08,750 - __main__ - INFO - 📊 Episodes completed this rollout: 2
2025-09-27 16:24:08,750 - __main__ - INFO - 📈 Episode stats: avg return = 0.30, avg length = 280.0
2025-09-27 16:24:08,750 - __main__ - INFO - 🎯 Top 3 training actions: #1(7686), #7(6982), #5(5456)
2025-09-27 16:24:09,840 - __main__ - INFO - 🧪 Starting evaluation with 50 episodes...
2025-09-27 16:24:09,840 - __main__ - INFO -    Eval seed: 51
2025-09-27 16:24:09,841 - __main__ - INFO -    Max episode steps (eval): env default
2025-09-27 16:24:09,841 - nle.env.base - INFO - Not saving any NLE data.
2025-09-27 16:24:12,783 - __main__ - WARNING - ⚠️ Episode 1 terminated due to step limit.
2025-09-27 16:24:15,709 - __main__ - WARNING - ⚠️ Episode 2 terminated due to step limit.
2025-09-27 16:24:18,623 - __main__ - WARNING - ⚠️ Episode 3 terminated due to step limit.
2025-09-27 16:24:21,529 - __main__ - WARNING - ⚠️ Episode 5 terminated due to step limit.
2025-09-27 16:24:24,384 - __main__ - WARNING - ⚠️ Episode 7 terminated due to step limit.
2025-09-27 16:24:27,242 - __main__ - WARNING - ⚠️ Episode 8 terminated due to step limit.
2025-09-27 16:24:30,235 - __main__ - WARNING - ⚠️ Episode 10 terminated due to step limit.
2025-09-27 16:24:33,105 - __main__ - WARNING - ⚠️ Episode 11 terminated due to step limit.
2025-09-27 16:24:36,129 - __main__ - WARNING - ⚠️ Episode 13 terminated due to step limit.
2025-09-27 16:24:38,915 - __main__ - WARNING - ⚠️ Episode 14 terminated due to step limit.
2025-09-27 16:24:42,880 - __main__ - WARNING - ⚠️ Episode 17 terminated due to step limit.
2025-09-27 16:24:45,783 - __main__ - WARNING - ⚠️ Episode 18 terminated due to step limit.
2025-09-27 16:24:53,007 - __main__ - WARNING - ⚠️ Episode 21 terminated due to step limit.
2025-09-27 16:24:55,872 - __main__ - WARNING - ⚠️ Episode 22 terminated due to step limit.
2025-09-27 16:24:58,675 - __main__ - WARNING - ⚠️ Episode 23 terminated due to step limit.
2025-09-27 16:25:01,533 - __main__ - WARNING - ⚠️ Episode 24 terminated due to step limit.
2025-09-27 16:25:04,423 - __main__ - WARNING - ⚠️ Episode 25 terminated due to step limit.
2025-09-27 16:25:08,426 - __main__ - WARNING - ⚠️ Episode 27 terminated due to step limit.
2025-09-27 16:25:11,298 - __main__ - WARNING - ⚠️ Episode 28 terminated due to step limit.
2025-09-27 16:25:14,167 - __main__ - WARNING - ⚠️ Episode 29 terminated due to step limit.
2025-09-27 16:25:16,956 - __main__ - WARNING - ⚠️ Episode 30 terminated due to step limit.
2025-09-27 16:25:20,329 - __main__ - WARNING - ⚠️ Episode 32 terminated due to step limit.
2025-09-27 16:25:23,110 - __main__ - WARNING - ⚠️ Episode 33 terminated due to step limit.
2025-09-27 16:25:25,892 - __main__ - WARNING - ⚠️ Episode 34 terminated due to step limit.
2025-09-27 16:25:30,882 - __main__ - WARNING - ⚠️ Episode 39 terminated due to step limit.
2025-09-27 16:25:33,833 - __main__ - WARNING - ⚠️ Episode 41 terminated due to step limit.
2025-09-27 16:25:36,617 - __main__ - WARNING - ⚠️ Episode 42 terminated due to step limit.
2025-09-27 16:25:41,047 - __main__ - WARNING - ⚠️ Episode 44 terminated due to step limit.
2025-09-27 16:25:43,827 - __main__ - WARNING - ⚠️ Episode 45 terminated due to step limit.
2025-09-27 16:25:46,637 - __main__ - WARNING - ⚠️ Episode 46 terminated due to step limit.
2025-09-27 16:25:53,714 - __main__ - WARNING - ⚠️ Episode 50 terminated due to step limit.
2025-09-27 16:25:53,716 - __main__ - INFO - 📊 Evaluation Results (Current Round):
2025-09-27 16:25:53,716 - __main__ - INFO -    Episodes: 50
2025-09-27 16:25:53,716 - __main__ - INFO -    Time: 103.9s (2.1s/ep)
2025-09-27 16:25:53,717 - __main__ - INFO -    Average Return: 0.234 ± 0.556
2025-09-27 16:25:53,717 - __main__ - INFO -    Success Rate: 38.0%
2025-09-27 16:25:53,717 - __main__ - INFO -    Average Length: 218.8
2025-09-27 16:25:53,717 - __main__ - INFO -    Average Coverage: 68.1 positions
2025-09-27 16:25:53,717 - __main__ - INFO -    Episode Completions: 19 terminated (38.0%), 31 truncated (62.0%)
2025-09-27 16:25:53,717 - __main__ - INFO - 📈 Total Evaluation Statistics:
2025-09-27 16:25:53,717 - __main__ - INFO -    Total Episodes: 200
2025-09-27 16:25:53,717 - __main__ - INFO -    Total Average Return: 0.212 ± 0.592
2025-09-27 16:25:53,717 - __main__ - INFO -    Total Average Length: 218.3 ± 110.7
2025-09-27 16:25:53,717 - __main__ - INFO -    Total Completions: 82 terminated (41.0%), 118 truncated (59.0%)
2025-09-27 16:25:53,717 - __main__ - INFO -    Skill Entropy: 0.000
2025-09-27 16:25:53,718 - __main__ - INFO -    Used Skills: 0.0
2025-09-27 16:25:53,718 - __main__ - INFO -    Effective K: 0.00
2025-09-27 16:25:53,718 - __main__ - INFO - 🎯 Action Usage Statistics:
2025-09-27 16:25:53,718 - __main__ - INFO -    Unique actions in evaluation: 8
2025-09-27 16:25:53,718 - __main__ - INFO -    Unique actions in training: 8
2025-09-27 16:25:53,718 - __main__ - INFO -    Total unique actions: 8
2025-09-27 16:25:53,718 - __main__ - INFO -    Action coverage: 6.6%
2025-09-27 16:25:53,718 - __main__ - INFO -    Train action count: 40960
2025-09-27 16:25:53,718 - __main__ - INFO -    Eval action count: 43668
2025-09-27 16:25:53,719 - __main__ - INFO -    Train action entropy: 2.039
2025-09-27 16:25:53,719 - __main__ - INFO -    Eval action entropy: 2.045
2025-09-27 16:25:53,719 - __main__ - INFO -    Top 3 train actions: #1(7686), #7(6982), #5(5456)
2025-09-27 16:25:53,719 - __main__ - INFO -    Top 3 eval actions: #7(7471), #1(7469), #2(6192)
2025-09-27 16:25:55,451 - __main__ - INFO - 📊 Episodes completed this rollout: 7
2025-09-27 16:25:55,451 - __main__ - INFO - 📈 Episode stats: avg return = 0.16, avg length = 232.1
2025-09-27 16:25:55,451 - __main__ - INFO - 🎯 Top 3 training actions: #1(7811), #7(7111), #5(5595)
2025-09-27 16:25:58,227 - __main__ - INFO - 📊 Episodes completed this rollout: 3
2025-09-27 16:25:58,227 - __main__ - INFO - 📈 Episode stats: avg return = 0.60, avg length = 168.0
2025-09-27 16:25:58,228 - __main__ - INFO - 🎯 Top 3 training actions: #1(7976), #7(7244), #5(5739)
2025-09-27 16:26:01,052 - __main__ - INFO - 📊 Episodes completed this rollout: 5
2025-09-27 16:26:01,052 - __main__ - INFO - 📈 Episode stats: avg return = -0.04, avg length = 283.2
2025-09-27 16:26:01,052 - __main__ - INFO - 🎯 Top 3 training actions: #1(8128), #7(7343), #5(5897)
2025-09-27 16:26:03,899 - __main__ - INFO - 📊 Episodes completed this rollout: 7
2025-09-27 16:26:03,899 - __main__ - INFO - 📈 Episode stats: avg return = 0.63, avg length = 124.6
2025-09-27 16:26:03,899 - __main__ - INFO - 🎯 Top 3 training actions: #1(8279), #7(7462), #5(6037)
2025-09-27 16:26:06,701 - __main__ - INFO - 📊 Episodes completed this rollout: 3
2025-09-27 16:26:06,702 - __main__ - INFO - 📈 Episode stats: avg return = 0.15, avg length = 293.7
2025-09-27 16:26:06,702 - __main__ - INFO - 🎯 Top 3 training actions: #1(8403), #7(7580), #5(6169)
2025-09-27 16:26:09,507 - __main__ - INFO - 📊 Episodes completed this rollout: 6
2025-09-27 16:26:09,508 - __main__ - INFO - 📈 Episode stats: avg return = 0.54, avg length = 224.3
2025-09-27 16:26:09,508 - __main__ - INFO - 🎯 Top 3 training actions: #1(8512), #7(7726), #5(6308)
2025-09-27 16:26:12,307 - __main__ - INFO - 📊 Episodes completed this rollout: 5
2025-09-27 16:26:12,308 - __main__ - INFO - 📈 Episode stats: avg return = 0.50, avg length = 149.0
2025-09-27 16:26:12,308 - __main__ - INFO - 🎯 Top 3 training actions: #1(8606), #7(7846), #5(6444)
2025-09-27 16:26:15,103 - __main__ - INFO - 📊 Episodes completed this rollout: 4
2025-09-27 16:26:15,103 - __main__ - INFO - 📈 Episode stats: avg return = 0.16, avg length = 246.0
2025-09-27 16:26:15,103 - __main__ - INFO - 🎯 Top 3 training actions: #1(8702), #7(7949), #5(6608)
2025-09-27 16:26:17,878 - __main__ - INFO - 📊 Episodes completed this rollout: 3
2025-09-27 16:26:17,878 - __main__ - INFO - 📈 Episode stats: avg return = -0.12, avg length = 300.0
2025-09-27 16:26:17,878 - __main__ - INFO - 🎯 Top 3 training actions: #1(8782), #7(8047), #5(6751)
2025-09-27 16:26:18,973 - __main__ - INFO - 🧪 Starting evaluation with 50 episodes...
2025-09-27 16:26:18,974 - __main__ - INFO -    Eval seed: 51
2025-09-27 16:26:18,974 - __main__ - INFO -    Max episode steps (eval): env default
2025-09-27 16:26:18,974 - nle.env.base - INFO - Not saving any NLE data.
2025-09-27 16:26:21,806 - __main__ - WARNING - ⚠️ Episode 1 terminated due to step limit.
2025-09-27 16:26:24,597 - __main__ - WARNING - ⚠️ Episode 2 terminated due to step limit.
2025-09-27 16:26:29,605 - __main__ - WARNING - ⚠️ Episode 5 terminated due to step limit.
2025-09-27 16:26:33,891 - __main__ - WARNING - ⚠️ Episode 7 terminated due to step limit.
2025-09-27 16:26:38,883 - __main__ - WARNING - ⚠️ Episode 9 terminated due to step limit.
2025-09-27 16:26:43,351 - __main__ - WARNING - ⚠️ Episode 11 terminated due to step limit.
2025-09-27 16:26:46,222 - __main__ - WARNING - ⚠️ Episode 12 terminated due to step limit.
2025-09-27 16:26:49,098 - __main__ - WARNING - ⚠️ Episode 13 terminated due to step limit.
2025-09-27 16:26:53,877 - __main__ - WARNING - ⚠️ Episode 15 terminated due to step limit.
2025-09-27 16:26:56,682 - __main__ - WARNING - ⚠️ Episode 17 terminated due to step limit.
2025-09-27 16:26:59,690 - __main__ - WARNING - ⚠️ Episode 20 terminated due to step limit.
2025-09-27 16:27:02,488 - __main__ - WARNING - ⚠️ Episode 21 terminated due to step limit.
2025-09-27 16:27:05,280 - __main__ - WARNING - ⚠️ Episode 22 terminated due to step limit.
2025-09-27 16:27:08,110 - __main__ - WARNING - ⚠️ Episode 23 terminated due to step limit.
2025-09-27 16:27:11,972 - __main__ - WARNING - ⚠️ Episode 26 terminated due to step limit.
2025-09-27 16:27:16,599 - __main__ - WARNING - ⚠️ Episode 29 terminated due to step limit.
2025-09-27 16:27:19,386 - __main__ - WARNING - ⚠️ Episode 30 terminated due to step limit.
2025-09-27 16:27:22,173 - __main__ - WARNING - ⚠️ Episode 31 terminated due to step limit.
2025-09-27 16:27:24,971 - __main__ - WARNING - ⚠️ Episode 32 terminated due to step limit.
2025-09-27 16:27:28,196 - __main__ - WARNING - ⚠️ Episode 34 terminated due to step limit.
2025-09-27 16:27:31,402 - __main__ - WARNING - ⚠️ Episode 36 terminated due to step limit.
2025-09-27 16:27:35,058 - __main__ - WARNING - ⚠️ Episode 38 terminated due to step limit.
2025-09-27 16:27:37,965 - __main__ - WARNING - ⚠️ Episode 39 terminated due to step limit.
2025-09-27 16:27:40,942 - __main__ - WARNING - ⚠️ Episode 41 terminated due to step limit.
2025-09-27 16:27:43,859 - __main__ - WARNING - ⚠️ Episode 42 terminated due to step limit.
2025-09-27 16:27:46,819 - __main__ - WARNING - ⚠️ Episode 44 terminated due to step limit.
2025-09-27 16:27:49,618 - __main__ - WARNING - ⚠️ Episode 45 terminated due to step limit.
2025-09-27 16:27:56,552 - __main__ - WARNING - ⚠️ Episode 50 terminated due to step limit.
2025-09-27 16:27:56,556 - __main__ - INFO - 📊 Evaluation Results (Current Round):
2025-09-27 16:27:56,556 - __main__ - INFO -    Episodes: 50
2025-09-27 16:27:56,556 - __main__ - INFO -    Time: 97.6s (2.0s/ep)
2025-09-27 16:27:56,557 - __main__ - INFO -    Average Return: 0.327 ± 0.572
2025-09-27 16:27:56,557 - __main__ - INFO -    Success Rate: 44.0%
2025-09-27 16:27:56,557 - __main__ - INFO -    Average Length: 207.5
2025-09-27 16:27:56,557 - __main__ - INFO -    Average Coverage: 63.6 positions
2025-09-27 16:27:56,557 - __main__ - INFO -    Episode Completions: 22 terminated (44.0%), 28 truncated (56.0%)
2025-09-27 16:27:56,557 - __main__ - INFO - 📈 Total Evaluation Statistics:
2025-09-27 16:27:56,557 - __main__ - INFO -    Total Episodes: 250
2025-09-27 16:27:56,557 - __main__ - INFO -    Total Average Return: 0.235 ± 0.590
2025-09-27 16:27:56,557 - __main__ - INFO -    Total Average Length: 216.2 ± 112.5
2025-09-27 16:27:56,557 - __main__ - INFO -    Total Completions: 104 terminated (41.6%), 146 truncated (58.4%)
2025-09-27 16:27:56,558 - __main__ - INFO -    Skill Entropy: 0.000
2025-09-27 16:27:56,558 - __main__ - INFO -    Used Skills: 0.0
2025-09-27 16:27:56,558 - __main__ - INFO -    Effective K: 0.00
2025-09-27 16:27:56,558 - __main__ - INFO - 🎯 Action Usage Statistics:
2025-09-27 16:27:56,558 - __main__ - INFO -    Unique actions in evaluation: 8
2025-09-27 16:27:56,558 - __main__ - INFO -    Unique actions in training: 8
2025-09-27 16:27:56,558 - __main__ - INFO -    Total unique actions: 8
2025-09-27 16:27:56,558 - __main__ - INFO -    Action coverage: 6.6%
2025-09-27 16:27:56,558 - __main__ - INFO -    Train action count: 50176
2025-09-27 16:27:56,559 - __main__ - INFO -    Eval action count: 54045
2025-09-27 16:27:56,559 - __main__ - INFO -    Train action entropy: 2.050
2025-09-27 16:27:56,559 - __main__ - INFO -    Eval action entropy: 2.059
2025-09-27 16:27:56,560 - __main__ - INFO -    Top 3 train actions: #1(8782), #7(8047), #5(6751)
2025-09-27 16:27:56,560 - __main__ - INFO -    Top 3 eval actions: #7(8541), #1(8321), #2(7559)
2025-09-27 16:27:58,294 - __main__ - INFO - 📊 Episodes completed this rollout: 5
2025-09-27 16:27:58,294 - __main__ - INFO - 📈 Episode stats: avg return = 0.11, avg length = 241.0
2025-09-27 16:27:58,295 - __main__ - INFO - 🎯 Top 3 training actions: #1(8855), #7(8149), #5(6868)
2025-09-27 16:28:01,114 - __main__ - INFO - 📊 Episodes completed this rollout: 6
2025-09-27 16:28:01,114 - __main__ - INFO - 📈 Episode stats: avg return = 0.26, avg length = 219.2
2025-09-27 16:28:01,114 - __main__ - INFO - 🎯 Top 3 training actions: #1(8935), #7(8250), #5(6987)
2025-09-27 16:28:02,200 - __main__ - INFO - 🔄 Synchronized model update at step 52,224
2025-09-27 16:28:02,200 - __main__ - INFO -    HMM interval: inf, VAE interval: 12,000
2025-09-27 16:28:02,201 - __main__ - INFO - 🚫 Model training masking: 408/12288 timesteps masked (3.3%) due to negative rewards (invalid actions)
2025-09-27 16:28:02,201 - __main__ - INFO - 🔄 VAE refresh starting at step 52,224 with replay size 8x1536
2025-09-27 16:28:02,202 - __main__ - INFO -    Using span sampling (12288 timesteps, too large for full buffer)
2025-09-27 16:28:27,185 - __main__ - INFO -    VAE refresh complete: final_loss=978.5061, avg_loss=1002.7458, steps=4/4, trend=improving, total_timesteps=12288, span_sampling=32_requested×4_steps, span_len=64
2025-09-27 16:28:27,187 - __main__ - INFO -    ✅ VAE updated (next in 12,000 steps)
2025-09-27 16:28:28,865 - __main__ - INFO - 📊 Episodes completed this rollout: 2
2025-09-27 16:28:28,865 - __main__ - INFO - 📈 Episode stats: avg return = -0.14, avg length = 300.0
2025-09-27 16:28:28,865 - __main__ - INFO - 🎯 Top 3 training actions: #1(9026), #7(8357), #5(7120)
2025-09-27 16:28:31,751 - __main__ - INFO - 📊 Episodes completed this rollout: 6
2025-09-27 16:28:31,751 - __main__ - INFO - 📈 Episode stats: avg return = 0.42, avg length = 175.5
2025-09-27 16:28:31,751 - __main__ - INFO - 🎯 Top 3 training actions: #1(9139), #7(8432), #5(7243)
2025-09-27 16:28:34,592 - __main__ - INFO - 📊 Episodes completed this rollout: 4
2025-09-27 16:28:34,592 - __main__ - INFO - 📈 Episode stats: avg return = 0.15, avg length = 245.2
2025-09-27 16:28:34,592 - __main__ - INFO - 🎯 Top 3 training actions: #1(9272), #7(8533), #5(7398)
2025-09-27 16:28:37,361 - __main__ - INFO - 📊 Episodes completed this rollout: 4
2025-09-27 16:28:37,361 - __main__ - INFO - 📈 Episode stats: avg return = 0.11, avg length = 289.2
2025-09-27 16:28:37,361 - __main__ - INFO - 🎯 Top 3 training actions: #1(9419), #7(8621), #5(7522)
2025-09-27 16:28:40,185 - __main__ - INFO - 📊 Episodes completed this rollout: 5
2025-09-27 16:28:40,186 - __main__ - INFO - 📈 Episode stats: avg return = 0.22, avg length = 250.4
2025-09-27 16:28:40,186 - __main__ - INFO - 🎯 Top 3 training actions: #1(9563), #7(8705), #5(7649)
2025-09-27 16:28:42,951 - __main__ - INFO - 📊 Episodes completed this rollout: 3
2025-09-27 16:28:42,951 - __main__ - INFO - 📈 Episode stats: avg return = 0.60, avg length = 186.3
2025-09-27 16:28:42,951 - __main__ - INFO - 🎯 Top 3 training actions: #1(9725), #7(8783), #5(7784)
2025-09-27 16:28:45,727 - __main__ - INFO - 📊 Episodes completed this rollout: 4
2025-09-27 16:28:45,728 - __main__ - INFO - 📈 Episode stats: avg return = 0.06, avg length = 284.0
2025-09-27 16:28:45,728 - __main__ - INFO - 🎯 Top 3 training actions: #1(9892), #7(8898), #5(7924)
2025-09-27 16:28:48,524 - __main__ - INFO - 📊 Episodes completed this rollout: 6
2025-09-27 16:28:48,524 - __main__ - INFO - 📈 Episode stats: avg return = 0.25, avg length = 203.0
2025-09-27 16:28:48,525 - __main__ - INFO - 🎯 Top 3 training actions: #1(10094), #7(9014), #5(8077)
2025-09-27 16:28:49,617 - __main__ - INFO - 🧪 Starting evaluation with 50 episodes...
2025-09-27 16:28:49,618 - __main__ - INFO -    Eval seed: 51
2025-09-27 16:28:49,618 - __main__ - INFO -    Max episode steps (eval): env default
2025-09-27 16:28:49,618 - nle.env.base - INFO - Not saving any NLE data.
2025-09-27 16:28:52,435 - __main__ - WARNING - ⚠️ Episode 1 terminated due to step limit.
2025-09-27 16:28:55,662 - __main__ - WARNING - ⚠️ Episode 4 terminated due to step limit.
2025-09-27 16:29:01,226 - __main__ - WARNING - ⚠️ Episode 6 terminated due to step limit.
2025-09-27 16:29:04,031 - __main__ - WARNING - ⚠️ Episode 7 terminated due to step limit.
2025-09-27 16:29:06,841 - __main__ - WARNING - ⚠️ Episode 8 terminated due to step limit.
2025-09-27 16:29:09,647 - __main__ - WARNING - ⚠️ Episode 9 terminated due to step limit.
2025-09-27 16:29:12,464 - __main__ - WARNING - ⚠️ Episode 10 terminated due to step limit.
2025-09-27 16:29:18,819 - __main__ - WARNING - ⚠️ Episode 13 terminated due to step limit.
2025-09-27 16:29:21,622 - __main__ - WARNING - ⚠️ Episode 14 terminated due to step limit.
2025-09-27 16:29:24,428 - __main__ - WARNING - ⚠️ Episode 15 terminated due to step limit.
2025-09-27 16:29:27,232 - __main__ - WARNING - ⚠️ Episode 16 terminated due to step limit.
2025-09-27 16:29:30,038 - __main__ - WARNING - ⚠️ Episode 17 terminated due to step limit.
2025-09-27 16:29:32,837 - __main__ - WARNING - ⚠️ Episode 18 terminated due to step limit.
2025-09-27 16:29:35,645 - __main__ - WARNING - ⚠️ Episode 19 terminated due to step limit.
2025-09-27 16:29:38,450 - __main__ - WARNING - ⚠️ Episode 20 terminated due to step limit.
2025-09-27 16:29:41,251 - __main__ - WARNING - ⚠️ Episode 21 terminated due to step limit.
2025-09-27 16:29:44,929 - __main__ - WARNING - ⚠️ Episode 23 terminated due to step limit.
2025-09-27 16:29:52,064 - __main__ - WARNING - ⚠️ Episode 27 terminated due to step limit.
2025-09-27 16:29:54,960 - __main__ - WARNING - ⚠️ Episode 28 terminated due to step limit.
2025-09-27 16:29:57,822 - __main__ - WARNING - ⚠️ Episode 29 terminated due to step limit.
2025-09-27 16:30:00,631 - __main__ - WARNING - ⚠️ Episode 30 terminated due to step limit.
2025-09-27 16:30:03,492 - __main__ - WARNING - ⚠️ Episode 31 terminated due to step limit.
2025-09-27 16:30:08,088 - __main__ - WARNING - ⚠️ Episode 34 terminated due to step limit.
2025-09-27 16:30:11,835 - __main__ - WARNING - ⚠️ Episode 36 terminated due to step limit.
2025-09-27 16:30:14,652 - __main__ - WARNING - ⚠️ Episode 37 terminated due to step limit.
2025-09-27 16:30:17,452 - __main__ - WARNING - ⚠️ Episode 38 terminated due to step limit.
2025-09-27 16:30:20,250 - __main__ - WARNING - ⚠️ Episode 39 terminated due to step limit.
2025-09-27 16:30:23,269 - __main__ - WARNING - ⚠️ Episode 41 terminated due to step limit.
2025-09-27 16:30:26,235 - __main__ - WARNING - ⚠️ Episode 43 terminated due to step limit.
2025-09-27 16:30:29,028 - __main__ - WARNING - ⚠️ Episode 44 terminated due to step limit.
2025-09-27 16:30:31,813 - __main__ - WARNING - ⚠️ Episode 45 terminated due to step limit.
2025-09-27 16:30:36,883 - __main__ - WARNING - ⚠️ Episode 48 terminated due to step limit.
2025-09-27 16:30:39,829 - __main__ - WARNING - ⚠️ Episode 49 terminated due to step limit.
2025-09-27 16:30:40,943 - __main__ - INFO - 📊 Evaluation Results (Current Round):
2025-09-27 16:30:40,943 - __main__ - INFO -    Episodes: 50
2025-09-27 16:30:40,943 - __main__ - INFO -    Time: 111.3s (2.2s/ep)
2025-09-27 16:30:40,944 - __main__ - INFO -    Average Return: 0.106 ± 0.594
2025-09-27 16:30:40,944 - __main__ - INFO -    Success Rate: 34.0%
2025-09-27 16:30:40,944 - __main__ - INFO -    Average Length: 236.5
2025-09-27 16:30:40,944 - __main__ - INFO -    Average Coverage: 58.5 positions
2025-09-27 16:30:40,944 - __main__ - INFO -    Episode Completions: 17 terminated (34.0%), 33 truncated (66.0%)
2025-09-27 16:30:40,944 - __main__ - INFO - 📈 Total Evaluation Statistics:
2025-09-27 16:30:40,944 - __main__ - INFO -    Total Episodes: 300
2025-09-27 16:30:40,944 - __main__ - INFO -    Total Average Return: 0.214 ± 0.593
2025-09-27 16:30:40,944 - __main__ - INFO -    Total Average Length: 219.6 ± 111.3
2025-09-27 16:30:40,944 - __main__ - INFO -    Total Completions: 121 terminated (40.3%), 179 truncated (59.7%)
2025-09-27 16:30:40,945 - __main__ - INFO -    Skill Entropy: 0.000
2025-09-27 16:30:40,945 - __main__ - INFO -    Used Skills: 0.0
2025-09-27 16:30:40,945 - __main__ - INFO -    Effective K: 0.00
2025-09-27 16:30:40,945 - __main__ - INFO - 🎯 Action Usage Statistics:
2025-09-27 16:30:40,945 - __main__ - INFO -    Unique actions in evaluation: 8
2025-09-27 16:30:40,945 - __main__ - INFO -    Unique actions in training: 8
2025-09-27 16:30:40,945 - __main__ - INFO -    Total unique actions: 8
2025-09-27 16:30:40,945 - __main__ - INFO -    Action coverage: 6.6%
2025-09-27 16:30:40,945 - __main__ - INFO -    Train action count: 60416
2025-09-27 16:30:40,946 - __main__ - INFO -    Eval action count: 65871
2025-09-27 16:30:40,946 - __main__ - INFO -    Train action entropy: 2.058
2025-09-27 16:30:40,946 - __main__ - INFO -    Eval action entropy: 2.053
2025-09-27 16:30:40,947 - __main__ - INFO -    Top 3 train actions: #1(10094), #7(9014), #5(8077)
2025-09-27 16:30:40,947 - __main__ - INFO -    Top 3 eval actions: #1(11335), #7(10096), #2(8718)
2025-09-27 16:30:42,663 - __main__ - INFO - 📊 Episodes completed this rollout: 4
2025-09-27 16:30:42,664 - __main__ - INFO - 📈 Episode stats: avg return = 0.07, avg length = 258.5
2025-09-27 16:30:42,664 - __main__ - INFO - 🎯 Top 3 training actions: #1(10361), #7(9150), #5(8221)
2025-09-27 16:30:45,476 - __main__ - INFO - 📊 Episodes completed this rollout: 3
2025-09-27 16:30:45,476 - __main__ - INFO - 📈 Episode stats: avg return = 0.49, avg length = 201.3
2025-09-27 16:30:45,477 - __main__ - INFO - 🎯 Top 3 training actions: #1(10605), #7(9290), #5(8340)
2025-09-27 16:30:48,316 - __main__ - INFO - 📊 Episodes completed this rollout: 6
2025-09-27 16:30:48,316 - __main__ - INFO - 📈 Episode stats: avg return = 0.13, avg length = 236.3
2025-09-27 16:30:48,317 - __main__ - INFO - 🎯 Top 3 training actions: #1(10826), #7(9428), #5(8453)
2025-09-27 16:30:51,111 - __main__ - INFO - 📊 Episodes completed this rollout: 3
2025-09-27 16:30:51,111 - __main__ - INFO - 📈 Episode stats: avg return = 0.21, avg length = 243.3
2025-09-27 16:30:51,112 - __main__ - INFO - 🎯 Top 3 training actions: #1(11086), #7(9597), #5(8558)
2025-09-27 16:30:52,223 - __main__ - INFO - 🔄 Synchronized model update at step 64,512
2025-09-27 16:30:52,224 - __main__ - INFO -    HMM interval: inf, VAE interval: 12,000
2025-09-27 16:30:52,224 - __main__ - INFO - 🚫 Model training masking: 312/12288 timesteps masked (2.5%) due to negative rewards (invalid actions)
2025-09-27 16:30:52,224 - __main__ - INFO - 🔄 VAE refresh starting at step 64,512 with replay size 8x1536
2025-09-27 16:30:52,225 - __main__ - INFO -    Using span sampling (12288 timesteps, too large for full buffer)
2025-09-27 16:31:16,716 - __main__ - INFO -    VAE refresh complete: final_loss=952.7983, avg_loss=981.9382, steps=4/4, trend=improving, total_timesteps=12288, span_sampling=32_requested×4_steps, span_len=64
2025-09-27 16:31:16,718 - __main__ - INFO -    ✅ VAE updated (next in 12,000 steps)
2025-09-27 16:31:18,481 - __main__ - INFO - 📊 Episodes completed this rollout: 8
2025-09-27 16:31:18,481 - __main__ - INFO - 📈 Episode stats: avg return = 0.24, avg length = 220.4
2025-09-27 16:31:18,481 - __main__ - INFO - 🎯 Top 3 training actions: #1(11268), #7(9755), #5(8669)
2025-09-27 16:31:21,276 - __main__ - INFO - 📊 Episodes completed this rollout: 2
2025-09-27 16:31:21,276 - __main__ - INFO - 📈 Episode stats: avg return = 0.41, avg length = 184.0
2025-09-27 16:31:21,276 - __main__ - INFO - 🎯 Top 3 training actions: #1(11414), #7(9875), #5(8797)
2025-09-27 16:31:24,093 - __main__ - INFO - 📊 Episodes completed this rollout: 5
2025-09-27 16:31:24,094 - __main__ - INFO - 📈 Episode stats: avg return = 0.10, avg length = 234.0
2025-09-27 16:31:24,094 - __main__ - INFO - 🎯 Top 3 training actions: #1(11597), #7(10002), #5(8921)
2025-09-27 16:31:26,953 - __main__ - INFO - 📊 Episodes completed this rollout: 5
2025-09-27 16:31:26,953 - __main__ - INFO - 📈 Episode stats: avg return = 0.23, avg length = 201.8
2025-09-27 16:31:26,953 - __main__ - INFO - 🎯 Top 3 training actions: #1(11766), #7(10112), #5(9044)
2025-09-27 16:31:29,796 - __main__ - INFO - 📊 Episodes completed this rollout: 5
2025-09-27 16:31:29,797 - __main__ - INFO - 📈 Episode stats: avg return = 0.28, avg length = 200.2
2025-09-27 16:31:29,797 - __main__ - INFO - 🎯 Top 3 training actions: #1(11987), #7(10226), #5(9167)
2025-09-27 16:31:32,620 - __main__ - INFO - 📊 Episodes completed this rollout: 4
2025-09-27 16:31:32,620 - __main__ - INFO - 📈 Episode stats: avg return = 0.14, avg length = 247.2
2025-09-27 16:31:32,620 - __main__ - INFO - 🎯 Top 3 training actions: #1(12228), #7(10316), #5(9259)
2025-09-27 16:31:33,742 - __main__ - INFO - 🧪 Starting evaluation with 50 episodes...
2025-09-27 16:31:33,742 - __main__ - INFO -    Eval seed: 51
2025-09-27 16:31:33,742 - __main__ - INFO -    Max episode steps (eval): env default
2025-09-27 16:31:33,743 - nle.env.base - INFO - Not saving any NLE data.
2025-09-27 16:31:36,545 - __main__ - WARNING - ⚠️ Episode 1 terminated due to step limit.
2025-09-27 16:31:39,334 - __main__ - WARNING - ⚠️ Episode 2 terminated due to step limit.
2025-09-27 16:31:42,116 - __main__ - WARNING - ⚠️ Episode 3 terminated due to step limit.
2025-09-27 16:31:46,184 - __main__ - WARNING - ⚠️ Episode 5 terminated due to step limit.
2025-09-27 16:31:49,155 - __main__ - WARNING - ⚠️ Episode 7 terminated due to step limit.
2025-09-27 16:31:51,923 - __main__ - WARNING - ⚠️ Episode 8 terminated due to step limit.
2025-09-27 16:31:56,047 - __main__ - WARNING - ⚠️ Episode 12 terminated due to step limit.
2025-09-27 16:31:58,833 - __main__ - WARNING - ⚠️ Episode 13 terminated due to step limit.
2025-09-27 16:32:01,616 - __main__ - WARNING - ⚠️ Episode 14 terminated due to step limit.
2025-09-27 16:32:06,078 - __main__ - WARNING - ⚠️ Episode 17 terminated due to step limit.
2025-09-27 16:32:08,956 - __main__ - WARNING - ⚠️ Episode 18 terminated due to step limit.
2025-09-27 16:32:11,915 - __main__ - WARNING - ⚠️ Episode 21 terminated due to step limit.
2025-09-27 16:32:14,695 - __main__ - WARNING - ⚠️ Episode 22 terminated due to step limit.
2025-09-27 16:32:17,473 - __main__ - WARNING - ⚠️ Episode 23 terminated due to step limit.
2025-09-27 16:32:20,280 - __main__ - WARNING - ⚠️ Episode 24 terminated due to step limit.
2025-09-27 16:32:23,058 - __main__ - WARNING - ⚠️ Episode 25 terminated due to step limit.
2025-09-27 16:32:27,146 - __main__ - WARNING - ⚠️ Episode 29 terminated due to step limit.
2025-09-27 16:32:29,928 - __main__ - WARNING - ⚠️ Episode 30 terminated due to step limit.
2025-09-27 16:32:32,864 - __main__ - WARNING - ⚠️ Episode 32 terminated due to step limit.
2025-09-27 16:32:35,874 - __main__ - WARNING - ⚠️ Episode 34 terminated due to step limit.
2025-09-27 16:32:38,716 - __main__ - WARNING - ⚠️ Episode 35 terminated due to step limit.
2025-09-27 16:32:45,580 - __main__ - WARNING - ⚠️ Episode 39 terminated due to step limit.
2025-09-27 16:32:48,357 - __main__ - WARNING - ⚠️ Episode 40 terminated due to step limit.
2025-09-27 16:32:51,159 - __main__ - WARNING - ⚠️ Episode 41 terminated due to step limit.
2025-09-27 16:32:54,417 - __main__ - WARNING - ⚠️ Episode 43 terminated due to step limit.
2025-09-27 16:32:57,255 - __main__ - WARNING - ⚠️ Episode 44 terminated due to step limit.
2025-09-27 16:33:00,079 - __main__ - WARNING - ⚠️ Episode 45 terminated due to step limit.
2025-09-27 16:33:02,991 - __main__ - WARNING - ⚠️ Episode 46 terminated due to step limit.
2025-09-27 16:33:06,965 - __main__ - WARNING - ⚠️ Episode 48 terminated due to step limit.
2025-09-27 16:33:09,729 - __main__ - WARNING - ⚠️ Episode 49 terminated due to step limit.
2025-09-27 16:33:10,106 - __main__ - INFO - 📊 Evaluation Results (Current Round):
2025-09-27 16:33:10,106 - __main__ - INFO -    Episodes: 50
2025-09-27 16:33:10,106 - __main__ - INFO -    Time: 96.4s (1.9s/ep)
2025-09-27 16:33:10,106 - __main__ - INFO -    Average Return: 0.287 ± 0.562
2025-09-27 16:33:10,106 - __main__ - INFO -    Success Rate: 40.0%
2025-09-27 16:33:10,106 - __main__ - INFO -    Average Length: 206.6
2025-09-27 16:33:10,106 - __main__ - INFO -    Average Coverage: 56.0 positions
2025-09-27 16:33:10,106 - __main__ - INFO -    Episode Completions: 20 terminated (40.0%), 30 truncated (60.0%)
2025-09-27 16:33:10,106 - __main__ - INFO - 📈 Total Evaluation Statistics:
2025-09-27 16:33:10,106 - __main__ - INFO -    Total Episodes: 350
2025-09-27 16:33:10,106 - __main__ - INFO -    Total Average Return: 0.224 ± 0.589
2025-09-27 16:33:10,107 - __main__ - INFO -    Total Average Length: 217.7 ± 112.9
2025-09-27 16:33:10,107 - __main__ - INFO -    Total Completions: 141 terminated (40.3%), 209 truncated (59.7%)
2025-09-27 16:33:10,107 - __main__ - INFO -    Skill Entropy: 0.000
2025-09-27 16:33:10,107 - __main__ - INFO -    Used Skills: 0.0
2025-09-27 16:33:10,107 - __main__ - INFO -    Effective K: 0.00
2025-09-27 16:33:10,107 - __main__ - INFO - 🎯 Action Usage Statistics:
2025-09-27 16:33:10,107 - __main__ - INFO -    Unique actions in evaluation: 8
2025-09-27 16:33:10,107 - __main__ - INFO -    Unique actions in training: 8
2025-09-27 16:33:10,107 - __main__ - INFO -    Total unique actions: 8
2025-09-27 16:33:10,107 - __main__ - INFO -    Action coverage: 6.6%
2025-09-27 16:33:10,108 - __main__ - INFO -    Train action count: 70656
2025-09-27 16:33:10,108 - __main__ - INFO -    Eval action count: 76200
2025-09-27 16:33:10,108 - __main__ - INFO -    Train action entropy: 2.056
2025-09-27 16:33:10,108 - __main__ - INFO -    Eval action entropy: 2.053
2025-09-27 16:33:10,109 - __main__ - INFO -    Top 3 train actions: #1(12228), #7(10316), #5(9259)
2025-09-27 16:33:10,109 - __main__ - INFO -    Top 3 eval actions: #1(13586), #7(10924), #2(9910)
2025-09-27 16:33:11,802 - __main__ - INFO - 📊 Episodes completed this rollout: 3
2025-09-27 16:33:11,802 - __main__ - INFO - 📈 Episode stats: avg return = -0.19, avg length = 300.0
2025-09-27 16:33:11,802 - __main__ - INFO - 🎯 Top 3 training actions: #1(12476), #7(10410), #5(9340)
2025-09-27 16:33:14,572 - __main__ - INFO - 📊 Episodes completed this rollout: 4
2025-09-27 16:33:14,572 - __main__ - INFO - 📈 Episode stats: avg return = 0.13, avg length = 270.5
2025-09-27 16:33:14,572 - __main__ - INFO - 🎯 Top 3 training actions: #1(12718), #7(10500), #5(9423)
2025-09-27 16:33:17,450 - __main__ - INFO - 📊 Episodes completed this rollout: 3
2025-09-27 16:33:17,450 - __main__ - INFO - 📈 Episode stats: avg return = 0.06, avg length = 292.7
2025-09-27 16:33:17,451 - __main__ - INFO - 🎯 Top 3 training actions: #1(12925), #7(10577), #5(9515)
2025-09-27 16:33:20,243 - __main__ - INFO - 📊 Episodes completed this rollout: 6
2025-09-27 16:33:20,243 - __main__ - INFO - 📈 Episode stats: avg return = 0.05, avg length = 260.7
2025-09-27 16:33:20,243 - __main__ - INFO - 🎯 Top 3 training actions: #1(13135), #7(10681), #5(9625)
2025-09-27 16:33:23,052 - __main__ - INFO - 📊 Episodes completed this rollout: 5
2025-09-27 16:33:23,052 - __main__ - INFO - 📈 Episode stats: avg return = 0.53, avg length = 215.4
2025-09-27 16:33:23,052 - __main__ - INFO - 🎯 Top 3 training actions: #1(13350), #7(10773), #0(9782)
2025-09-27 16:33:25,822 - __main__ - INFO - 📊 Episodes completed this rollout: 3
2025-09-27 16:33:25,822 - __main__ - INFO - 📈 Episode stats: avg return = 0.30, avg length = 220.3
2025-09-27 16:33:25,822 - __main__ - INFO - 🎯 Top 3 training actions: #1(13588), #7(10871), #0(9952)
2025-09-27 16:33:26,909 - __main__ - INFO - 🔄 Synchronized model update at step 76,800
2025-09-27 16:33:26,909 - __main__ - INFO -    HMM interval: inf, VAE interval: 12,000
2025-09-27 16:33:26,910 - __main__ - INFO - 🚫 Model training masking: 480/12288 timesteps masked (3.9%) due to negative rewards (invalid actions)
2025-09-27 16:33:26,910 - __main__ - INFO - 🔄 VAE refresh starting at step 76,800 with replay size 8x1536
2025-09-27 16:33:26,911 - __main__ - INFO -    Using span sampling (12288 timesteps, too large for full buffer)
2025-09-27 16:33:51,549 - __main__ - INFO -    VAE refresh complete: final_loss=976.3219, avg_loss=988.4593, steps=4/4, trend=improving, total_timesteps=12288, span_sampling=32_requested×4_steps, span_len=64
2025-09-27 16:33:51,551 - __main__ - INFO -    ✅ VAE updated (next in 12,000 steps)
2025-09-27 16:33:53,250 - __main__ - INFO - 📊 Episodes completed this rollout: 7
2025-09-27 16:33:53,250 - __main__ - INFO - 📈 Episode stats: avg return = 0.50, avg length = 173.6
2025-09-27 16:33:53,251 - __main__ - INFO - 🎯 Top 3 training actions: #1(13797), #7(10961), #0(10119)
2025-09-27 16:33:56,070 - __main__ - INFO - 📊 Episodes completed this rollout: 4
2025-09-27 16:33:56,070 - __main__ - INFO - 📈 Episode stats: avg return = 0.44, avg length = 209.8
2025-09-27 16:33:56,071 - __main__ - INFO - 🎯 Top 3 training actions: #1(14041), #7(11028), #0(10311)
2025-09-27 16:33:58,898 - __main__ - INFO - 📊 Episodes completed this rollout: 5
2025-09-27 16:33:58,899 - __main__ - INFO - 📈 Episode stats: avg return = 0.06, avg length = 274.8
2025-09-27 16:33:58,899 - __main__ - INFO - 🎯 Top 3 training actions: #1(14321), #7(11118), #0(10465)
2025-09-27 16:34:01,660 - __main__ - INFO - 📊 Episodes completed this rollout: 1
2025-09-27 16:34:01,661 - __main__ - INFO - 📈 Episode stats: avg return = -0.11, avg length = 300.0
2025-09-27 16:34:01,661 - __main__ - INFO - 🎯 Top 3 training actions: #1(14579), #7(11229), #0(10609)
2025-09-27 16:34:02,767 - __main__ - INFO - 🧪 Starting evaluation with 50 episodes...
2025-09-27 16:34:02,767 - __main__ - INFO -    Eval seed: 51
2025-09-27 16:34:02,767 - __main__ - INFO -    Max episode steps (eval): env default
2025-09-27 16:34:02,768 - nle.env.base - INFO - Not saving any NLE data.
2025-09-27 16:34:05,593 - __main__ - WARNING - ⚠️ Episode 1 terminated due to step limit.
2025-09-27 16:34:10,751 - __main__ - WARNING - ⚠️ Episode 3 terminated due to step limit.
2025-09-27 16:34:13,535 - __main__ - WARNING - ⚠️ Episode 4 terminated due to step limit.
2025-09-27 16:34:16,310 - __main__ - WARNING - ⚠️ Episode 5 terminated due to step limit.
2025-09-27 16:34:19,468 - __main__ - WARNING - ⚠️ Episode 7 terminated due to step limit.
2025-09-27 16:34:22,365 - __main__ - WARNING - ⚠️ Episode 8 terminated due to step limit.
2025-09-27 16:34:25,137 - __main__ - WARNING - ⚠️ Episode 9 terminated due to step limit.
2025-09-27 16:34:28,025 - __main__ - WARNING - ⚠️ Episode 10 terminated due to step limit.
2025-09-27 16:34:30,790 - __main__ - WARNING - ⚠️ Episode 11 terminated due to step limit.
2025-09-27 16:34:34,043 - __main__ - WARNING - ⚠️ Episode 13 terminated due to step limit.
2025-09-27 16:34:36,977 - __main__ - WARNING - ⚠️ Episode 14 terminated due to step limit.
2025-09-27 16:34:39,838 - __main__ - WARNING - ⚠️ Episode 15 terminated due to step limit.
2025-09-27 16:34:43,053 - __main__ - WARNING - ⚠️ Episode 17 terminated due to step limit.
2025-09-27 16:34:47,429 - __main__ - WARNING - ⚠️ Episode 19 terminated due to step limit.
2025-09-27 16:34:50,198 - __main__ - WARNING - ⚠️ Episode 20 terminated due to step limit.
2025-09-27 16:34:55,628 - __main__ - WARNING - ⚠️ Episode 23 terminated due to step limit.
2025-09-27 16:34:58,472 - __main__ - WARNING - ⚠️ Episode 24 terminated due to step limit.
2025-09-27 16:35:01,870 - __main__ - WARNING - ⚠️ Episode 26 terminated due to step limit.
2025-09-27 16:35:04,679 - __main__ - WARNING - ⚠️ Episode 27 terminated due to step limit.
2025-09-27 16:35:07,474 - __main__ - WARNING - ⚠️ Episode 28 terminated due to step limit.
2025-09-27 16:35:11,258 - __main__ - WARNING - ⚠️ Episode 30 terminated due to step limit.
2025-09-27 16:35:16,032 - __main__ - WARNING - ⚠️ Episode 32 terminated due to step limit.
2025-09-27 16:35:18,842 - __main__ - WARNING - ⚠️ Episode 33 terminated due to step limit.
2025-09-27 16:35:21,670 - __main__ - WARNING - ⚠️ Episode 34 terminated due to step limit.
2025-09-27 16:35:24,447 - __main__ - WARNING - ⚠️ Episode 35 terminated due to step limit.
2025-09-27 16:35:27,400 - __main__ - WARNING - ⚠️ Episode 37 terminated due to step limit.
2025-09-27 16:35:33,999 - __main__ - WARNING - ⚠️ Episode 41 terminated due to step limit.
2025-09-27 16:35:37,993 - __main__ - WARNING - ⚠️ Episode 44 terminated due to step limit.
2025-09-27 16:35:40,804 - __main__ - WARNING - ⚠️ Episode 45 terminated due to step limit.
2025-09-27 16:35:43,581 - __main__ - WARNING - ⚠️ Episode 46 terminated due to step limit.
2025-09-27 16:35:46,383 - __main__ - WARNING - ⚠️ Episode 47 terminated due to step limit.
2025-09-27 16:35:49,440 - __main__ - WARNING - ⚠️ Episode 49 terminated due to step limit.
2025-09-27 16:35:49,477 - __main__ - INFO - 📊 Evaluation Results (Current Round):
2025-09-27 16:35:49,477 - __main__ - INFO -    Episodes: 50
2025-09-27 16:35:49,477 - __main__ - INFO -    Time: 106.7s (2.1s/ep)
2025-09-27 16:35:49,477 - __main__ - INFO -    Average Return: 0.257 ± 0.538
2025-09-27 16:35:49,477 - __main__ - INFO -    Success Rate: 36.0%
2025-09-27 16:35:49,477 - __main__ - INFO -    Average Length: 227.3
2025-09-27 16:35:49,477 - __main__ - INFO -    Average Coverage: 63.8 positions
2025-09-27 16:35:49,477 - __main__ - INFO -    Episode Completions: 18 terminated (36.0%), 32 truncated (64.0%)
2025-09-27 16:35:49,477 - __main__ - INFO - 📈 Total Evaluation Statistics:
2025-09-27 16:35:49,478 - __main__ - INFO -    Total Episodes: 400
2025-09-27 16:35:49,478 - __main__ - INFO -    Total Average Return: 0.228 ± 0.583
2025-09-27 16:35:49,478 - __main__ - INFO -    Total Average Length: 218.9 ± 112.4
2025-09-27 16:35:49,478 - __main__ - INFO -    Total Completions: 159 terminated (39.8%), 241 truncated (60.2%)
2025-09-27 16:35:49,478 - __main__ - INFO -    Skill Entropy: 0.000
2025-09-27 16:35:49,478 - __main__ - INFO -    Used Skills: 0.0
2025-09-27 16:35:49,478 - __main__ - INFO -    Effective K: 0.00
2025-09-27 16:35:49,478 - __main__ - INFO - 🎯 Action Usage Statistics:
2025-09-27 16:35:49,478 - __main__ - INFO -    Unique actions in evaluation: 8
2025-09-27 16:35:49,478 - __main__ - INFO -    Unique actions in training: 8
2025-09-27 16:35:49,478 - __main__ - INFO -    Total unique actions: 8
2025-09-27 16:35:49,479 - __main__ - INFO -    Action coverage: 6.6%
2025-09-27 16:35:49,479 - __main__ - INFO -    Train action count: 80896
2025-09-27 16:35:49,479 - __main__ - INFO -    Eval action count: 87567
2025-09-27 16:35:49,479 - __main__ - INFO -    Train action entropy: 2.054
2025-09-27 16:35:49,479 - __main__ - INFO -    Eval action entropy: 2.049
2025-09-27 16:35:49,480 - __main__ - INFO -    Top 3 train actions: #1(14579), #7(11229), #0(10609)
2025-09-27 16:35:49,480 - __main__ - INFO -    Top 3 eval actions: #1(16196), #7(12269), #0(11056)
2025-09-27 16:35:51,200 - __main__ - INFO - 📊 Episodes completed this rollout: 5
2025-09-27 16:35:51,200 - __main__ - INFO - 📈 Episode stats: avg return = -0.16, avg length = 300.0
2025-09-27 16:35:51,201 - __main__ - INFO - 🎯 Top 3 training actions: #1(14805), #7(11356), #0(10727)
2025-09-27 16:35:54,003 - __main__ - INFO - 📊 Episodes completed this rollout: 5
2025-09-27 16:35:54,003 - __main__ - INFO - 📈 Episode stats: avg return = 0.32, avg length = 204.0
2025-09-27 16:35:54,003 - __main__ - INFO - 🎯 Top 3 training actions: #1(15049), #7(11513), #0(10855)
2025-09-27 16:35:56,826 - __main__ - INFO - 📊 Episodes completed this rollout: 4
2025-09-27 16:35:56,826 - __main__ - INFO - 📈 Episode stats: avg return = 0.45, avg length = 159.5
2025-09-27 16:35:56,826 - __main__ - INFO - 🎯 Top 3 training actions: #1(15268), #7(11653), #0(10983)
2025-09-27 16:35:59,719 - __main__ - INFO - 📊 Episodes completed this rollout: 7
2025-09-27 16:35:59,719 - __main__ - INFO - 📈 Episode stats: avg return = -0.01, avg length = 260.4
2025-09-27 16:35:59,719 - __main__ - INFO - 🎯 Top 3 training actions: #1(15554), #7(11815), #0(11060)
2025-09-27 16:36:02,465 - __main__ - INFO - 📊 Episodes completed this rollout: 3
2025-09-27 16:36:02,466 - __main__ - INFO - 📈 Episode stats: avg return = 0.64, avg length = 136.0
2025-09-27 16:36:02,466 - __main__ - INFO - 🎯 Top 3 training actions: #1(15845), #7(11962), #0(11139)
2025-09-27 16:36:05,270 - __main__ - INFO - 📊 Episodes completed this rollout: 6
2025-09-27 16:36:05,271 - __main__ - INFO - 📈 Episode stats: avg return = 0.02, avg length = 269.7
2025-09-27 16:36:05,271 - __main__ - INFO - 🎯 Top 3 training actions: #1(16089), #7(12135), #0(11194)
2025-09-27 16:36:08,031 - __main__ - INFO - 📊 Episodes completed this rollout: 1
2025-09-27 16:36:08,032 - __main__ - INFO - 📈 Episode stats: avg return = -0.24, avg length = 300.0
2025-09-27 16:36:08,032 - __main__ - INFO - 🎯 Top 3 training actions: #1(16327), #7(12293), #0(11267)
2025-09-27 16:36:10,843 - __main__ - INFO - 📊 Episodes completed this rollout: 5
2025-09-27 16:36:10,843 - __main__ - INFO - 📈 Episode stats: avg return = -0.03, avg length = 254.4
2025-09-27 16:36:10,843 - __main__ - INFO - 🎯 Top 3 training actions: #1(16625), #7(12413), #0(11367)
2025-09-27 16:36:11,927 - __main__ - INFO - 🔄 Synchronized model update at step 89,088
2025-09-27 16:36:11,928 - __main__ - INFO -    HMM interval: inf, VAE interval: 12,000
2025-09-27 16:36:11,928 - __main__ - INFO - 🚫 Model training masking: 372/12288 timesteps masked (3.0%) due to negative rewards (invalid actions)
2025-09-27 16:36:11,928 - __main__ - INFO - 🔄 VAE refresh starting at step 89,088 with replay size 8x1536
2025-09-27 16:36:11,929 - __main__ - INFO -    Using span sampling (12288 timesteps, too large for full buffer)
2025-09-27 16:36:37,032 - __main__ - INFO -    VAE refresh complete: final_loss=959.5236, avg_loss=981.0598, steps=4/4, trend=improving, total_timesteps=12288, span_sampling=32_requested×4_steps, span_len=64
2025-09-27 16:36:37,034 - __main__ - INFO -    ✅ VAE updated (next in 12,000 steps)
2025-09-27 16:36:38,734 - __main__ - INFO - 📊 Episodes completed this rollout: 5
2025-09-27 16:36:38,734 - __main__ - INFO - 📈 Episode stats: avg return = -0.03, avg length = 271.8
2025-09-27 16:36:38,735 - __main__ - INFO - 🎯 Top 3 training actions: #1(16912), #7(12529), #0(11474)
2025-09-27 16:36:39,852 - __main__ - INFO - 🧪 Starting evaluation with 50 episodes...
2025-09-27 16:36:39,852 - __main__ - INFO -    Eval seed: 51
2025-09-27 16:36:39,852 - __main__ - INFO -    Max episode steps (eval): env default
2025-09-27 16:36:39,852 - nle.env.base - INFO - Not saving any NLE data.
2025-09-27 16:36:42,690 - __main__ - WARNING - ⚠️ Episode 1 terminated due to step limit.
2025-09-27 16:36:46,837 - __main__ - WARNING - ⚠️ Episode 4 terminated due to step limit.
2025-09-27 16:36:49,649 - __main__ - WARNING - ⚠️ Episode 5 terminated due to step limit.
2025-09-27 16:36:53,804 - __main__ - WARNING - ⚠️ Episode 7 terminated due to step limit.
2025-09-27 16:36:56,620 - __main__ - WARNING - ⚠️ Episode 8 terminated due to step limit.
2025-09-27 16:36:59,384 - __main__ - WARNING - ⚠️ Episode 9 terminated due to step limit.
2025-09-27 16:37:02,163 - __main__ - WARNING - ⚠️ Episode 10 terminated due to step limit.
2025-09-27 16:37:05,134 - __main__ - WARNING - ⚠️ Episode 12 terminated due to step limit.
2025-09-27 16:37:07,928 - __main__ - WARNING - ⚠️ Episode 13 terminated due to step limit.
2025-09-27 16:37:10,704 - __main__ - WARNING - ⚠️ Episode 14 terminated due to step limit.
2025-09-27 16:37:13,525 - __main__ - WARNING - ⚠️ Episode 15 terminated due to step limit.
2025-09-27 16:37:16,319 - __main__ - WARNING - ⚠️ Episode 16 terminated due to step limit.
2025-09-27 16:37:19,155 - __main__ - WARNING - ⚠️ Episode 17 terminated due to step limit.
2025-09-27 16:37:22,662 - __main__ - WARNING - ⚠️ Episode 19 terminated due to step limit.
2025-09-27 16:37:25,471 - __main__ - WARNING - ⚠️ Episode 20 terminated due to step limit.
2025-09-27 16:37:28,763 - __main__ - WARNING - ⚠️ Episode 22 terminated due to step limit.
2025-09-27 16:37:31,544 - __main__ - WARNING - ⚠️ Episode 23 terminated due to step limit.
2025-09-27 16:37:34,378 - __main__ - WARNING - ⚠️ Episode 24 terminated due to step limit.
2025-09-27 16:37:37,169 - __main__ - WARNING - ⚠️ Episode 25 terminated due to step limit.
2025-09-27 16:37:39,958 - __main__ - WARNING - ⚠️ Episode 26 terminated due to step limit.
2025-09-27 16:37:47,682 - __main__ - WARNING - ⚠️ Episode 29 terminated due to step limit.
2025-09-27 16:37:50,620 - __main__ - WARNING - ⚠️ Episode 30 terminated due to step limit.
2025-09-27 16:37:53,508 - __main__ - WARNING - ⚠️ Episode 31 terminated due to step limit.
2025-09-27 16:37:56,422 - __main__ - WARNING - ⚠️ Episode 32 terminated due to step limit.
2025-09-27 16:37:59,738 - __main__ - WARNING - ⚠️ Episode 35 terminated due to step limit.
2025-09-27 16:38:02,575 - __main__ - WARNING - ⚠️ Episode 36 terminated due to step limit.
2025-09-27 16:38:05,522 - __main__ - WARNING - ⚠️ Episode 37 terminated due to step limit.
2025-09-27 16:38:08,446 - __main__ - WARNING - ⚠️ Episode 38 terminated due to step limit.
2025-09-27 16:38:12,901 - __main__ - WARNING - ⚠️ Episode 40 terminated due to step limit.
2025-09-27 16:38:15,734 - __main__ - WARNING - ⚠️ Episode 41 terminated due to step limit.
2025-09-27 16:38:18,650 - __main__ - WARNING - ⚠️ Episode 42 terminated due to step limit.
2025-09-27 16:38:22,294 - __main__ - WARNING - ⚠️ Episode 44 terminated due to step limit.
2025-09-27 16:38:25,204 - __main__ - WARNING - ⚠️ Episode 45 terminated due to step limit.
2025-09-27 16:38:28,056 - __main__ - WARNING - ⚠️ Episode 46 terminated due to step limit.
2025-09-27 16:38:30,821 - __main__ - WARNING - ⚠️ Episode 47 terminated due to step limit.
2025-09-27 16:38:33,642 - __main__ - WARNING - ⚠️ Episode 49 terminated due to step limit.
2025-09-27 16:38:36,417 - __main__ - WARNING - ⚠️ Episode 50 terminated due to step limit.
2025-09-27 16:38:36,420 - __main__ - INFO - 📊 Evaluation Results (Current Round):
2025-09-27 16:38:36,420 - __main__ - INFO -    Episodes: 50
2025-09-27 16:38:36,420 - __main__ - INFO -    Time: 116.6s (2.3s/ep)
2025-09-27 16:38:36,421 - __main__ - INFO -    Average Return: 0.072 ± 0.526
2025-09-27 16:38:36,421 - __main__ - INFO -    Success Rate: 26.0%
2025-09-27 16:38:36,421 - __main__ - INFO -    Average Length: 246.7
2025-09-27 16:38:36,421 - __main__ - INFO -    Average Coverage: 63.0 positions
2025-09-27 16:38:36,421 - __main__ - INFO -    Episode Completions: 13 terminated (26.0%), 37 truncated (74.0%)
2025-09-27 16:38:36,421 - __main__ - INFO - 📈 Total Evaluation Statistics:
2025-09-27 16:38:36,421 - __main__ - INFO -    Total Episodes: 450
2025-09-27 16:38:36,421 - __main__ - INFO -    Total Average Return: 0.211 ± 0.579
2025-09-27 16:38:36,421 - __main__ - INFO -    Total Average Length: 222.0 ± 111.3
2025-09-27 16:38:36,421 - __main__ - INFO -    Total Completions: 172 terminated (38.2%), 278 truncated (61.8%)
2025-09-27 16:38:36,421 - __main__ - INFO -    Skill Entropy: 0.000
2025-09-27 16:38:36,422 - __main__ - INFO -    Used Skills: 0.0
2025-09-27 16:38:36,422 - __main__ - INFO -    Effective K: 0.00
2025-09-27 16:38:36,422 - __main__ - INFO - 🎯 Action Usage Statistics:
2025-09-27 16:38:36,422 - __main__ - INFO -    Unique actions in evaluation: 8
2025-09-27 16:38:36,422 - __main__ - INFO -    Unique actions in training: 8
2025-09-27 16:38:36,422 - __main__ - INFO -    Total unique actions: 8
2025-09-27 16:38:36,422 - __main__ - INFO -    Action coverage: 6.6%
2025-09-27 16:38:36,422 - __main__ - INFO -    Train action count: 90112
2025-09-27 16:38:36,422 - __main__ - INFO -    Eval action count: 99903
2025-09-27 16:38:36,423 - __main__ - INFO -    Train action entropy: 2.049
2025-09-27 16:38:36,423 - __main__ - INFO -    Eval action entropy: 2.041
2025-09-27 16:38:36,423 - __main__ - INFO -    Top 3 train actions: #1(16912), #7(12529), #0(11474)
2025-09-27 16:38:36,423 - __main__ - INFO -    Top 3 eval actions: #1(19679), #7(13638), #5(12832)
2025-09-27 16:38:38,108 - __main__ - INFO - 📊 Episodes completed this rollout: 2
2025-09-27 16:38:38,109 - __main__ - INFO - 📈 Episode stats: avg return = 0.37, avg length = 243.0
2025-09-27 16:38:38,109 - __main__ - INFO - 🎯 Top 3 training actions: #1(17213), #7(12656), #5(11584)
2025-09-27 16:38:40,917 - __main__ - INFO - 📊 Episodes completed this rollout: 4
2025-09-27 16:38:40,918 - __main__ - INFO - 📈 Episode stats: avg return = 0.08, avg length = 299.0
2025-09-27 16:38:40,918 - __main__ - INFO - 🎯 Top 3 training actions: #1(17518), #7(12801), #5(11788)
2025-09-27 16:38:43,718 - __main__ - INFO - 📊 Episodes completed this rollout: 4
2025-09-27 16:38:43,718 - __main__ - INFO - 📈 Episode stats: avg return = 0.28, avg length = 209.8
2025-09-27 16:38:43,718 - __main__ - INFO - 🎯 Top 3 training actions: #1(17791), #7(12955), #5(12015)
2025-09-27 16:38:46,543 - __main__ - INFO - 📊 Episodes completed this rollout: 5
2025-09-27 16:38:46,543 - __main__ - INFO - 📈 Episode stats: avg return = -0.30, avg length = 300.0
2025-09-27 16:38:46,544 - __main__ - INFO - 🎯 Top 3 training actions: #1(18074), #7(13163), #5(12241)
2025-09-27 16:38:49,356 - __main__ - INFO - 📊 Episodes completed this rollout: 3
2025-09-27 16:38:49,356 - __main__ - INFO - 📈 Episode stats: avg return = -0.39, avg length = 300.0
2025-09-27 16:38:49,356 - __main__ - INFO - 🎯 Top 3 training actions: #1(18305), #7(13357), #5(12420)
2025-09-27 16:38:52,118 - __main__ - INFO - 📊 Episodes completed this rollout: 1
2025-09-27 16:38:52,118 - __main__ - INFO - 📈 Episode stats: avg return = -0.07, avg length = 300.0
2025-09-27 16:38:52,119 - __main__ - INFO - 🎯 Top 3 training actions: #1(18555), #7(13589), #5(12628)
2025-09-27 16:38:54,977 - __main__ - INFO - 📊 Episodes completed this rollout: 8
2025-09-27 16:38:54,977 - __main__ - INFO - 📈 Episode stats: avg return = -0.01, avg length = 269.6
2025-09-27 16:38:54,977 - __main__ - INFO - 🎯 Top 3 training actions: #1(18854), #7(13762), #5(12792)
2025-09-27 16:38:57,771 - __main__ - INFO - 📊 Episodes completed this rollout: 3
2025-09-27 16:38:57,772 - __main__ - INFO - 📈 Episode stats: avg return = 0.37, avg length = 211.7
2025-09-27 16:38:57,772 - __main__ - INFO - 🎯 Top 3 training actions: #1(19189), #7(13921), #5(12994)
2025-09-27 16:39:00,567 - __main__ - INFO - 📊 Episodes completed this rollout: 4
2025-09-27 16:39:00,567 - __main__ - INFO - 📈 Episode stats: avg return = 0.23, avg length = 226.0
2025-09-27 16:39:00,567 - __main__ - INFO - 🎯 Top 3 training actions: #1(19435), #7(14103), #5(13179)
2025-09-27 16:39:03,360 - __main__ - INFO - 📊 Episodes completed this rollout: 2
2025-09-27 16:39:03,360 - __main__ - INFO - 📈 Episode stats: avg return = -0.13, avg length = 300.0
2025-09-27 16:39:03,360 - __main__ - INFO - 🎯 Top 3 training actions: #1(19708), #7(14273), #5(13355)
2025-09-27 16:39:04,479 - __main__ - INFO - 🧪 Starting evaluation with 50 episodes...
2025-09-27 16:39:04,480 - __main__ - INFO -    Eval seed: 51
2025-09-27 16:39:04,480 - __main__ - INFO -    Max episode steps (eval): env default
2025-09-27 16:39:04,480 - nle.env.base - INFO - Not saving any NLE data.
2025-09-27 16:39:07,257 - __main__ - WARNING - ⚠️ Episode 1 terminated due to step limit.
2025-09-27 16:39:12,946 - __main__ - WARNING - ⚠️ Episode 4 terminated due to step limit.
2025-09-27 16:39:15,708 - __main__ - WARNING - ⚠️ Episode 5 terminated due to step limit.
2025-09-27 16:39:20,226 - __main__ - WARNING - ⚠️ Episode 7 terminated due to step limit.
2025-09-27 16:39:22,984 - __main__ - WARNING - ⚠️ Episode 8 terminated due to step limit.
2025-09-27 16:39:25,762 - __main__ - WARNING - ⚠️ Episode 9 terminated due to step limit.
2025-09-27 16:39:28,665 - __main__ - WARNING - ⚠️ Episode 11 terminated due to step limit.
2025-09-27 16:39:31,463 - __main__ - WARNING - ⚠️ Episode 12 terminated due to step limit.
2025-09-27 16:39:35,887 - __main__ - WARNING - ⚠️ Episode 14 terminated due to step limit.
2025-09-27 16:39:40,581 - __main__ - WARNING - ⚠️ Episode 16 terminated due to step limit.
2025-09-27 16:39:43,769 - __main__ - WARNING - ⚠️ Episode 18 terminated due to step limit.
2025-09-27 16:39:46,716 - __main__ - WARNING - ⚠️ Episode 19 terminated due to step limit.
2025-09-27 16:39:52,932 - __main__ - WARNING - ⚠️ Episode 22 terminated due to step limit.
2025-09-27 16:39:55,814 - __main__ - WARNING - ⚠️ Episode 24 terminated due to step limit.
2025-09-27 16:39:58,656 - __main__ - WARNING - ⚠️ Episode 25 terminated due to step limit.
2025-09-27 16:40:03,758 - __main__ - WARNING - ⚠️ Episode 28 terminated due to step limit.
2025-09-27 16:40:06,520 - __main__ - WARNING - ⚠️ Episode 29 terminated due to step limit.
2025-09-27 16:40:09,352 - __main__ - WARNING - ⚠️ Episode 30 terminated due to step limit.
2025-09-27 16:40:12,165 - __main__ - WARNING - ⚠️ Episode 31 terminated due to step limit.
2025-09-27 16:40:15,139 - __main__ - WARNING - ⚠️ Episode 33 terminated due to step limit.
2025-09-27 16:40:21,146 - __main__ - WARNING - ⚠️ Episode 36 terminated due to step limit.
2025-09-27 16:40:24,097 - __main__ - WARNING - ⚠️ Episode 37 terminated due to step limit.
2025-09-27 16:40:27,008 - __main__ - WARNING - ⚠️ Episode 38 terminated due to step limit.
2025-09-27 16:40:30,932 - __main__ - WARNING - ⚠️ Episode 40 terminated due to step limit.
2025-09-27 16:40:33,892 - __main__ - WARNING - ⚠️ Episode 41 terminated due to step limit.
2025-09-27 16:40:41,050 - __main__ - WARNING - ⚠️ Episode 44 terminated due to step limit.
2025-09-27 16:40:43,869 - __main__ - WARNING - ⚠️ Episode 45 terminated due to step limit.
2025-09-27 16:40:46,696 - __main__ - WARNING - ⚠️ Episode 46 terminated due to step limit.
2025-09-27 16:40:50,775 - __main__ - WARNING - ⚠️ Episode 49 terminated due to step limit.
2025-09-27 16:40:53,417 - __main__ - INFO - 📊 Evaluation Results (Current Round):
2025-09-27 16:40:53,417 - __main__ - INFO -    Episodes: 50
2025-09-27 16:40:53,417 - __main__ - INFO -    Time: 108.9s (2.2s/ep)
2025-09-27 16:40:53,418 - __main__ - INFO -    Average Return: 0.341 ± 0.520
2025-09-27 16:40:53,418 - __main__ - INFO -    Success Rate: 42.0%
2025-09-27 16:40:53,418 - __main__ - INFO -    Average Length: 229.8
2025-09-27 16:40:53,418 - __main__ - INFO -    Average Coverage: 66.1 positions
2025-09-27 16:40:53,418 - __main__ - INFO -    Episode Completions: 21 terminated (42.0%), 29 truncated (58.0%)
2025-09-27 16:40:53,418 - __main__ - INFO - 📈 Total Evaluation Statistics:
2025-09-27 16:40:53,418 - __main__ - INFO -    Total Episodes: 500
2025-09-27 16:40:53,418 - __main__ - INFO -    Total Average Return: 0.224 ± 0.575
2025-09-27 16:40:53,418 - __main__ - INFO -    Total Average Length: 222.8 ± 110.6
2025-09-27 16:40:53,418 - __main__ - INFO -    Total Completions: 193 terminated (38.6%), 307 truncated (61.4%)
2025-09-27 16:40:53,419 - __main__ - INFO -    Skill Entropy: 0.000
2025-09-27 16:40:53,419 - __main__ - INFO -    Used Skills: 0.0
2025-09-27 16:40:53,419 - __main__ - INFO -    Effective K: 0.00
2025-09-27 16:40:53,419 - __main__ - INFO - 🎯 Action Usage Statistics:
2025-09-27 16:40:53,419 - __main__ - INFO -    Unique actions in evaluation: 8
2025-09-27 16:40:53,419 - __main__ - INFO -    Unique actions in training: 8
2025-09-27 16:40:53,419 - __main__ - INFO -    Total unique actions: 8
2025-09-27 16:40:53,419 - __main__ - INFO -    Action coverage: 6.6%
2025-09-27 16:40:53,419 - __main__ - INFO -    Train action count: 100352
2025-09-27 16:40:53,419 - __main__ - INFO -    Eval action count: 111394
2025-09-27 16:40:53,420 - __main__ - INFO -    Train action entropy: 2.041
2025-09-27 16:40:53,420 - __main__ - INFO -    Eval action entropy: 2.029
2025-09-27 16:40:53,420 - __main__ - INFO -    Top 3 train actions: #1(19708), #7(14273), #5(13355)
2025-09-27 16:40:53,420 - __main__ - INFO -    Top 3 eval actions: #1(23015), #3(15863), #7(15317)
2025-09-27 16:40:55,157 - __main__ - INFO - 📊 Episodes completed this rollout: 6
2025-09-27 16:40:55,157 - __main__ - INFO - 📈 Episode stats: avg return = -0.08, avg length = 300.0
2025-09-27 16:40:55,157 - __main__ - INFO - 🎯 Top 3 training actions: #1(20015), #7(14438), #5(13486)
2025-09-27 16:40:56,280 - __main__ - INFO - 🔄 Synchronized model update at step 101,376
2025-09-27 16:40:56,280 - __main__ - INFO -    HMM interval: inf, VAE interval: 12,000
2025-09-27 16:40:56,281 - __main__ - INFO - 🚫 Model training masking: 84/12288 timesteps masked (0.7%) due to negative rewards (invalid actions)
2025-09-27 16:40:56,281 - __main__ - INFO - 🔄 VAE refresh starting at step 101,376 with replay size 8x1536
2025-09-27 16:40:56,282 - __main__ - INFO -    Using span sampling (12288 timesteps, too large for full buffer)
2025-09-27 16:41:22,561 - __main__ - INFO -    VAE refresh complete: final_loss=970.6298, avg_loss=983.1841, steps=4/4, trend=improving, total_timesteps=12288, span_sampling=32_requested×4_steps, span_len=64
2025-09-27 16:41:22,563 - __main__ - INFO -    ✅ VAE updated (next in 12,000 steps)
2025-09-27 16:41:24,254 - __main__ - INFO - 📊 Episodes completed this rollout: 5
2025-09-27 16:41:24,255 - __main__ - INFO - 📈 Episode stats: avg return = 0.53, avg length = 167.0
2025-09-27 16:41:24,255 - __main__ - INFO - 🎯 Top 3 training actions: #1(20327), #7(14600), #5(13637)
2025-09-27 16:41:27,070 - __main__ - INFO - 📊 Episodes completed this rollout: 5
2025-09-27 16:41:27,070 - __main__ - INFO - 📈 Episode stats: avg return = 0.32, avg length = 236.2
2025-09-27 16:41:27,070 - __main__ - INFO - 🎯 Top 3 training actions: #1(20607), #7(14770), #5(13786)
2025-09-27 16:41:29,870 - __main__ - INFO - 📊 Episodes completed this rollout: 2
2025-09-27 16:41:29,870 - __main__ - INFO - 📈 Episode stats: avg return = -0.24, avg length = 300.0
2025-09-27 16:41:29,870 - __main__ - INFO - 🎯 Top 3 training actions: #1(20851), #7(14981), #5(13932)
2025-09-27 16:41:32,675 - __main__ - INFO - 📊 Episodes completed this rollout: 7
2025-09-27 16:41:32,675 - __main__ - INFO - 📈 Episode stats: avg return = 0.39, avg length = 196.9
2025-09-27 16:41:32,675 - __main__ - INFO - 🎯 Top 3 training actions: #1(21189), #7(15144), #3(14117)
2025-09-27 16:41:35,479 - __main__ - INFO - 📊 Episodes completed this rollout: 3
2025-09-27 16:41:35,479 - __main__ - INFO - 📈 Episode stats: avg return = 0.50, avg length = 199.7
2025-09-27 16:41:35,479 - __main__ - INFO - 🎯 Top 3 training actions: #1(21563), #7(15269), #3(14411)
2025-09-27 16:41:38,360 - __main__ - INFO - 📊 Episodes completed this rollout: 5
2025-09-27 16:41:38,360 - __main__ - INFO - 📈 Episode stats: avg return = 0.01, avg length = 266.0
2025-09-27 16:41:38,361 - __main__ - INFO - 🎯 Top 3 training actions: #1(22007), #7(15407), #3(14637)
2025-09-27 16:41:41,180 - __main__ - INFO - 📊 Episodes completed this rollout: 4
2025-09-27 16:41:41,181 - __main__ - INFO - 📈 Episode stats: avg return = 0.27, avg length = 163.2
2025-09-27 16:41:41,181 - __main__ - INFO - 🎯 Top 3 training actions: #1(22370), #7(15523), #3(14948)
2025-09-27 16:41:44,024 - __main__ - INFO - 📊 Episodes completed this rollout: 7
2025-09-27 16:41:44,024 - __main__ - INFO - 📈 Episode stats: avg return = 0.02, avg length = 245.7
2025-09-27 16:41:44,025 - __main__ - INFO - 🎯 Top 3 training actions: #1(22721), #7(15675), #3(15195)
2025-09-27 16:41:46,922 - __main__ - INFO - 📊 Episodes completed this rollout: 6
2025-09-27 16:41:46,922 - __main__ - INFO - 📈 Episode stats: avg return = 0.59, avg length = 156.7
2025-09-27 16:41:46,922 - __main__ - INFO - 🎯 Top 3 training actions: #1(23005), #7(15798), #3(15497)
2025-09-27 16:41:48,082 - __main__ - INFO - 🧪 Starting evaluation with 50 episodes...
2025-09-27 16:41:48,082 - __main__ - INFO -    Eval seed: 51
2025-09-27 16:41:48,082 - __main__ - INFO -    Max episode steps (eval): env default
2025-09-27 16:41:48,083 - nle.env.base - INFO - Not saving any NLE data.
2025-09-27 16:41:51,108 - __main__ - WARNING - ⚠️ Episode 1 terminated due to step limit.
2025-09-27 16:41:54,086 - __main__ - WARNING - ⚠️ Episode 2 terminated due to step limit.
2025-09-27 16:41:58,856 - __main__ - WARNING - ⚠️ Episode 4 terminated due to step limit.
2025-09-27 16:42:02,459 - __main__ - WARNING - ⚠️ Episode 6 terminated due to step limit.
2025-09-27 16:42:06,701 - __main__ - WARNING - ⚠️ Episode 8 terminated due to step limit.
2025-09-27 16:42:09,481 - __main__ - WARNING - ⚠️ Episode 9 terminated due to step limit.
2025-09-27 16:42:12,262 - __main__ - WARNING - ⚠️ Episode 10 terminated due to step limit.
2025-09-27 16:42:15,038 - __main__ - WARNING - ⚠️ Episode 11 terminated due to step limit.
2025-09-27 16:42:17,916 - __main__ - WARNING - ⚠️ Episode 12 terminated due to step limit.
2025-09-27 16:42:23,151 - __main__ - WARNING - ⚠️ Episode 14 terminated due to step limit.
2025-09-27 16:42:25,945 - __main__ - WARNING - ⚠️ Episode 15 terminated due to step limit.
2025-09-27 16:42:30,373 - __main__ - WARNING - ⚠️ Episode 17 terminated due to step limit.
2025-09-27 16:42:33,176 - __main__ - WARNING - ⚠️ Episode 18 terminated due to step limit.
2025-09-27 16:42:38,265 - __main__ - WARNING - ⚠️ Episode 20 terminated due to step limit.
2025-09-27 16:42:42,895 - __main__ - WARNING - ⚠️ Episode 23 terminated due to step limit.
2025-09-27 16:42:45,673 - __main__ - WARNING - ⚠️ Episode 24 terminated due to step limit.
2025-09-27 16:42:48,513 - __main__ - WARNING - ⚠️ Episode 25 terminated due to step limit.
2025-09-27 16:42:51,310 - __main__ - WARNING - ⚠️ Episode 26 terminated due to step limit.
2025-09-27 16:42:57,725 - __main__ - WARNING - ⚠️ Episode 30 terminated due to step limit.
2025-09-27 16:43:00,709 - __main__ - WARNING - ⚠️ Episode 31 terminated due to step limit.
2025-09-27 16:43:05,266 - __main__ - WARNING - ⚠️ Episode 33 terminated due to step limit.
2025-09-27 16:43:08,039 - __main__ - WARNING - ⚠️ Episode 34 terminated due to step limit.
2025-09-27 16:43:11,546 - __main__ - WARNING - ⚠️ Episode 36 terminated due to step limit.
2025-09-27 16:43:14,346 - __main__ - WARNING - ⚠️ Episode 37 terminated due to step limit.
2025-09-27 16:43:17,120 - __main__ - WARNING - ⚠️ Episode 38 terminated due to step limit.
2025-09-27 16:43:20,425 - __main__ - WARNING - ⚠️ Episode 40 terminated due to step limit.
2025-09-27 16:43:23,213 - __main__ - WARNING - ⚠️ Episode 41 terminated due to step limit.
2025-09-27 16:43:33,174 - __main__ - WARNING - ⚠️ Episode 47 terminated due to step limit.
2025-09-27 16:43:35,999 - __main__ - WARNING - ⚠️ Episode 48 terminated due to step limit.
2025-09-27 16:43:38,915 - __main__ - WARNING - ⚠️ Episode 49 terminated due to step limit.
2025-09-27 16:43:41,758 - __main__ - WARNING - ⚠️ Episode 50 terminated due to step limit.
2025-09-27 16:43:41,761 - __main__ - INFO - 📊 Evaluation Results (Current Round):
2025-09-27 16:43:41,761 - __main__ - INFO -    Episodes: 50
2025-09-27 16:43:41,761 - __main__ - INFO -    Time: 113.7s (2.3s/ep)
2025-09-27 16:43:41,761 - __main__ - INFO -    Average Return: 0.312 ± 0.514
2025-09-27 16:43:41,761 - __main__ - INFO -    Success Rate: 38.0%
2025-09-27 16:43:41,762 - __main__ - INFO -    Average Length: 241.0
2025-09-27 16:43:41,762 - __main__ - INFO -    Average Coverage: 70.4 positions
2025-09-27 16:43:41,762 - __main__ - INFO -    Episode Completions: 19 terminated (38.0%), 31 truncated (62.0%)
2025-09-27 16:43:41,762 - __main__ - INFO - 📈 Total Evaluation Statistics:
2025-09-27 16:43:41,762 - __main__ - INFO -    Total Episodes: 550
2025-09-27 16:43:41,762 - __main__ - INFO -    Total Average Return: 0.232 ± 0.570
2025-09-27 16:43:41,762 - __main__ - INFO -    Total Average Length: 224.4 ± 109.1
2025-09-27 16:43:41,762 - __main__ - INFO -    Total Completions: 212 terminated (38.5%), 338 truncated (61.5%)
2025-09-27 16:43:41,762 - __main__ - INFO -    Skill Entropy: 0.000
2025-09-27 16:43:41,762 - __main__ - INFO -    Used Skills: 0.0
2025-09-27 16:43:41,762 - __main__ - INFO -    Effective K: 0.00
2025-09-27 16:43:41,763 - __main__ - INFO - 🎯 Action Usage Statistics:
2025-09-27 16:43:41,763 - __main__ - INFO -    Unique actions in evaluation: 8
2025-09-27 16:43:41,763 - __main__ - INFO -    Unique actions in training: 8
2025-09-27 16:43:41,763 - __main__ - INFO -    Total unique actions: 8
2025-09-27 16:43:41,763 - __main__ - INFO -    Action coverage: 6.6%
2025-09-27 16:43:41,763 - __main__ - INFO -    Train action count: 110592
2025-09-27 16:43:41,763 - __main__ - INFO -    Eval action count: 123446
2025-09-27 16:43:41,764 - __main__ - INFO -    Train action entropy: 2.028
2025-09-27 16:43:41,764 - __main__ - INFO -    Eval action entropy: 2.018
2025-09-27 16:43:41,764 - __main__ - INFO -    Top 3 train actions: #1(23005), #7(15798), #3(15497)
2025-09-27 16:43:41,764 - __main__ - INFO -    Top 3 eval actions: #1(26264), #3(19562), #7(16618)
2025-09-27 16:43:43,443 - __main__ - INFO - 📊 Episodes completed this rollout: 3
2025-09-27 16:43:43,443 - __main__ - INFO - 📈 Episode stats: avg return = 0.65, avg length = 207.3
2025-09-27 16:43:43,443 - __main__ - INFO - 🎯 Top 3 training actions: #1(23293), #7(15921), #3(15797)
2025-09-27 16:43:46,259 - __main__ - INFO - 📊 Episodes completed this rollout: 4
2025-09-27 16:43:46,259 - __main__ - INFO - 📈 Episode stats: avg return = 0.24, avg length = 225.8
2025-09-27 16:43:46,260 - __main__ - INFO - 🎯 Top 3 training actions: #1(23575), #3(16063), #7(16041)
2025-09-27 16:43:49,078 - __main__ - INFO - 📊 Episodes completed this rollout: 4
2025-09-27 16:43:49,078 - __main__ - INFO - 📈 Episode stats: avg return = 0.18, avg length = 237.2
2025-09-27 16:43:49,079 - __main__ - INFO - 🎯 Top 3 training actions: #1(23835), #3(16428), #7(16126)
2025-09-27 16:43:50,175 - __main__ - INFO - 🔄 Synchronized model update at step 113,664
2025-09-27 16:43:50,175 - __main__ - INFO -    HMM interval: inf, VAE interval: 12,000
2025-09-27 16:43:50,176 - __main__ - INFO - 🚫 Model training masking: 540/12288 timesteps masked (4.4%) due to negative rewards (invalid actions)
2025-09-27 16:43:50,176 - __main__ - INFO - 🔄 VAE refresh starting at step 113,664 with replay size 8x1536
2025-09-27 16:43:50,177 - __main__ - INFO -    Using span sampling (12288 timesteps, too large for full buffer)
2025-09-27 16:44:15,136 - __main__ - INFO -    VAE refresh complete: final_loss=960.1169, avg_loss=973.9524, steps=4/4, trend=improving, total_timesteps=12288, span_sampling=32_requested×4_steps, span_len=64
2025-09-27 16:44:15,138 - __main__ - INFO -    ✅ VAE updated (next in 12,000 steps)
2025-09-27 16:44:16,848 - __main__ - INFO - 📊 Episodes completed this rollout: 4
2025-09-27 16:44:16,848 - __main__ - INFO - 📈 Episode stats: avg return = -0.15, avg length = 300.0
2025-09-27 16:44:16,849 - __main__ - INFO - 🎯 Top 3 training actions: #1(24076), #3(16810), #7(16223)
2025-09-27 16:44:19,765 - __main__ - INFO - 📊 Episodes completed this rollout: 4
2025-09-27 16:44:19,765 - __main__ - INFO - 📈 Episode stats: avg return = -0.23, avg length = 300.0
2025-09-27 16:44:19,765 - __main__ - INFO - 🎯 Top 3 training actions: #1(24374), #3(17137), #7(16327)
2025-09-27 16:44:22,608 - __main__ - INFO - 📊 Episodes completed this rollout: 6
2025-09-27 16:44:22,608 - __main__ - INFO - 📈 Episode stats: avg return = 0.22, avg length = 242.8
2025-09-27 16:44:22,608 - __main__ - INFO - 🎯 Top 3 training actions: #1(24645), #3(17476), #7(16438)
2025-09-27 16:44:25,378 - __main__ - INFO - 📊 Episodes completed this rollout: 3
2025-09-27 16:44:25,379 - __main__ - INFO - 📈 Episode stats: avg return = 0.32, avg length = 220.0
2025-09-27 16:44:25,379 - __main__ - INFO - 🎯 Top 3 training actions: #1(24961), #3(17786), #7(16537)
2025-09-27 16:44:28,165 - __main__ - INFO - 📊 Episodes completed this rollout: 3
2025-09-27 16:44:28,165 - __main__ - INFO - 📈 Episode stats: avg return = -0.22, avg length = 300.0
2025-09-27 16:44:28,166 - __main__ - INFO - 🎯 Top 3 training actions: #1(25283), #3(18108), #7(16619)
2025-09-27 16:44:30,978 - __main__ - INFO - 📊 Episodes completed this rollout: 4
2025-09-27 16:44:30,978 - __main__ - INFO - 📈 Episode stats: avg return = 0.21, avg length = 232.0
2025-09-27 16:44:30,978 - __main__ - INFO - 🎯 Top 3 training actions: #1(25577), #3(18441), #7(16730)
2025-09-27 16:44:33,758 - __main__ - INFO - 📊 Episodes completed this rollout: 3
2025-09-27 16:44:33,759 - __main__ - INFO - 📈 Episode stats: avg return = 0.22, avg length = 297.3
2025-09-27 16:44:33,759 - __main__ - INFO - 🎯 Top 3 training actions: #1(25882), #3(18756), #7(16834)
2025-09-27 16:44:34,870 - __main__ - INFO - 🧪 Starting evaluation with 50 episodes...
2025-09-27 16:44:34,870 - __main__ - INFO -    Eval seed: 51
2025-09-27 16:44:34,870 - __main__ - INFO -    Max episode steps (eval): env default
2025-09-27 16:44:34,871 - nle.env.base - INFO - Not saving any NLE data.
2025-09-27 16:44:37,646 - __main__ - WARNING - ⚠️ Episode 1 terminated due to step limit.
2025-09-27 16:44:40,413 - __main__ - WARNING - ⚠️ Episode 2 terminated due to step limit.
2025-09-27 16:44:43,179 - __main__ - WARNING - ⚠️ Episode 3 terminated due to step limit.
2025-09-27 16:44:45,938 - __main__ - WARNING - ⚠️ Episode 4 terminated due to step limit.
2025-09-27 16:44:50,416 - __main__ - WARNING - ⚠️ Episode 6 terminated due to step limit.
2025-09-27 16:44:55,582 - __main__ - WARNING - ⚠️ Episode 8 terminated due to step limit.
2025-09-27 16:44:58,336 - __main__ - WARNING - ⚠️ Episode 9 terminated due to step limit.
2025-09-27 16:45:01,093 - __main__ - WARNING - ⚠️ Episode 10 terminated due to step limit.
2025-09-27 16:45:03,860 - __main__ - WARNING - ⚠️ Episode 11 terminated due to step limit.
2025-09-27 16:45:06,624 - __main__ - WARNING - ⚠️ Episode 12 terminated due to step limit.
2025-09-27 16:45:09,378 - __main__ - WARNING - ⚠️ Episode 13 terminated due to step limit.
2025-09-27 16:45:12,132 - __main__ - WARNING - ⚠️ Episode 14 terminated due to step limit.
2025-09-27 16:45:15,141 - __main__ - WARNING - ⚠️ Episode 16 terminated due to step limit.
2025-09-27 16:45:18,260 - __main__ - WARNING - ⚠️ Episode 19 terminated due to step limit.
2025-09-27 16:45:21,660 - __main__ - WARNING - ⚠️ Episode 21 terminated due to step limit.
2025-09-27 16:45:27,528 - __main__ - WARNING - ⚠️ Episode 24 terminated due to step limit.
2025-09-27 16:45:30,887 - __main__ - WARNING - ⚠️ Episode 26 terminated due to step limit.
2025-09-27 16:45:33,686 - __main__ - WARNING - ⚠️ Episode 27 terminated due to step limit.
2025-09-27 16:45:36,592 - __main__ - WARNING - ⚠️ Episode 28 terminated due to step limit.
2025-09-27 16:45:39,411 - __main__ - WARNING - ⚠️ Episode 29 terminated due to step limit.
2025-09-27 16:45:42,222 - __main__ - WARNING - ⚠️ Episode 30 terminated due to step limit.
2025-09-27 16:45:45,095 - __main__ - WARNING - ⚠️ Episode 31 terminated due to step limit.
2025-09-27 16:45:54,217 - __main__ - WARNING - ⚠️ Episode 35 terminated due to step limit.
2025-09-27 16:45:57,952 - __main__ - WARNING - ⚠️ Episode 37 terminated due to step limit.
2025-09-27 16:46:00,802 - __main__ - WARNING - ⚠️ Episode 38 terminated due to step limit.
2025-09-27 16:46:03,604 - __main__ - WARNING - ⚠️ Episode 39 terminated due to step limit.
2025-09-27 16:46:06,458 - __main__ - WARNING - ⚠️ Episode 40 terminated due to step limit.
2025-09-27 16:46:09,217 - __main__ - WARNING - ⚠️ Episode 41 terminated due to step limit.
2025-09-27 16:46:12,079 - __main__ - WARNING - ⚠️ Episode 42 terminated due to step limit.
2025-09-27 16:46:16,037 - __main__ - WARNING - ⚠️ Episode 44 terminated due to step limit.
2025-09-27 16:46:18,795 - __main__ - WARNING - ⚠️ Episode 45 terminated due to step limit.
2025-09-27 16:46:24,108 - __main__ - WARNING - ⚠️ Episode 48 terminated due to step limit.
2025-09-27 16:46:26,872 - __main__ - WARNING - ⚠️ Episode 49 terminated due to step limit.
2025-09-27 16:46:29,659 - __main__ - WARNING - ⚠️ Episode 50 terminated due to step limit.
2025-09-27 16:46:29,662 - __main__ - INFO - 📊 Evaluation Results (Current Round):
2025-09-27 16:46:29,662 - __main__ - INFO -    Episodes: 50
2025-09-27 16:46:29,662 - __main__ - INFO -    Time: 114.8s (2.3s/ep)
2025-09-27 16:46:29,662 - __main__ - INFO -    Average Return: 0.268 ± 0.483
2025-09-27 16:46:29,663 - __main__ - INFO -    Success Rate: 32.0%
2025-09-27 16:46:29,663 - __main__ - INFO -    Average Length: 245.8
2025-09-27 16:46:29,663 - __main__ - INFO -    Average Coverage: 67.4 positions
2025-09-27 16:46:29,663 - __main__ - INFO -    Episode Completions: 16 terminated (32.0%), 34 truncated (68.0%)
2025-09-27 16:46:29,663 - __main__ - INFO - 📈 Total Evaluation Statistics:
2025-09-27 16:46:29,663 - __main__ - INFO -    Total Episodes: 600
2025-09-27 16:46:29,663 - __main__ - INFO -    Total Average Return: 0.235 ± 0.563
2025-09-27 16:46:29,663 - __main__ - INFO -    Total Average Length: 226.2 ± 108.1
2025-09-27 16:46:29,663 - __main__ - INFO -    Total Completions: 228 terminated (38.0%), 372 truncated (62.0%)
2025-09-27 16:46:29,663 - __main__ - INFO -    Skill Entropy: 0.000
2025-09-27 16:46:29,663 - __main__ - INFO -    Used Skills: 0.0
2025-09-27 16:46:29,664 - __main__ - INFO -    Effective K: 0.00
2025-09-27 16:46:29,664 - __main__ - INFO - 🎯 Action Usage Statistics:
2025-09-27 16:46:29,664 - __main__ - INFO -    Unique actions in evaluation: 8
2025-09-27 16:46:29,664 - __main__ - INFO -    Unique actions in training: 8
2025-09-27 16:46:29,664 - __main__ - INFO -    Total unique actions: 8
2025-09-27 16:46:29,664 - __main__ - INFO -    Action coverage: 6.6%
2025-09-27 16:46:29,664 - __main__ - INFO -    Train action count: 120832
2025-09-27 16:46:29,664 - __main__ - INFO -    Eval action count: 135736
2025-09-27 16:46:29,664 - __main__ - INFO -    Train action entropy: 2.017
2025-09-27 16:46:29,665 - __main__ - INFO -    Eval action entropy: 2.004
2025-09-27 16:46:29,665 - __main__ - INFO -    Top 3 train actions: #1(25882), #3(18756), #7(16834)
2025-09-27 16:46:29,665 - __main__ - INFO -    Top 3 eval actions: #1(29615), #3(23412), #5(18244)
2025-09-27 16:46:31,389 - __main__ - INFO - 📊 Episodes completed this rollout: 7
2025-09-27 16:46:31,389 - __main__ - INFO - 📈 Episode stats: avg return = 0.38, avg length = 219.1
2025-09-27 16:46:31,390 - __main__ - INFO - 🎯 Top 3 training actions: #1(26156), #3(19067), #7(16959)
2025-09-27 16:46:34,148 - __main__ - INFO - 📊 Episodes completed this rollout: 1
2025-09-27 16:46:34,148 - __main__ - INFO - 📈 Episode stats: avg return = -0.06, avg length = 300.0
2025-09-27 16:46:34,148 - __main__ - INFO - 🎯 Top 3 training actions: #1(26432), #3(19401), #7(17066)
2025-09-27 16:46:36,966 - __main__ - INFO - 📊 Episodes completed this rollout: 8
2025-09-27 16:46:36,966 - __main__ - INFO - 📈 Episode stats: avg return = 0.08, avg length = 263.9
2025-09-27 16:46:36,966 - __main__ - INFO - 🎯 Top 3 training actions: #1(26713), #3(19702), #7(17174)
2025-09-27 16:46:39,712 - __main__ - INFO - 📊 Episodes completed this rollout: 2
2025-09-27 16:46:39,712 - __main__ - INFO - 📈 Episode stats: avg return = 0.96, avg length = 143.5
2025-09-27 16:46:39,712 - __main__ - INFO - 🎯 Top 3 training actions: #1(27012), #3(20017), #7(17317)
2025-09-27 16:46:42,459 - __main__ - INFO - 📊 Episodes completed this rollout: 3
2025-09-27 16:46:42,459 - __main__ - INFO - 📈 Episode stats: avg return = 0.30, avg length = 240.0
2025-09-27 16:46:42,459 - __main__ - INFO - 🎯 Top 3 training actions: #1(27290), #3(20351), #7(17462)
2025-09-27 16:46:43,544 - __main__ - INFO - 🔄 Synchronized model update at step 125,952
2025-09-27 16:46:43,544 - __main__ - INFO -    HMM interval: inf, VAE interval: 12,000
2025-09-27 16:46:43,545 - __main__ - INFO - 🚫 Model training masking: 276/12288 timesteps masked (2.2%) due to negative rewards (invalid actions)
2025-09-27 16:46:43,545 - __main__ - INFO - 🔄 VAE refresh starting at step 125,952 with replay size 8x1536
2025-09-27 16:46:43,546 - __main__ - INFO -    Using span sampling (12288 timesteps, too large for full buffer)
2025-09-27 16:47:09,646 - __main__ - INFO -    VAE refresh complete: final_loss=961.6001, avg_loss=981.0199, steps=4/4, trend=improving, total_timesteps=12288, span_sampling=32_requested×4_steps, span_len=64
2025-09-27 16:47:09,649 - __main__ - INFO -    ✅ VAE updated (next in 12,000 steps)
2025-09-27 16:47:11,398 - __main__ - INFO - 📊 Episodes completed this rollout: 8
2025-09-27 16:47:11,399 - __main__ - INFO - 📈 Episode stats: avg return = 0.12, avg length = 233.9
2025-09-27 16:47:11,399 - __main__ - INFO - 🎯 Top 3 training actions: #1(27508), #3(20731), #7(17577)
2025-09-27 16:47:14,149 - __main__ - INFO - 📊 Episodes completed this rollout: 4
2025-09-27 16:47:14,149 - __main__ - INFO - 📈 Episode stats: avg return = 0.95, avg length = 89.8
2025-09-27 16:47:14,150 - __main__ - INFO - 🎯 Top 3 training actions: #1(27795), #3(21062), #7(17690)
2025-09-27 16:47:16,908 - __main__ - INFO - 📊 Episodes completed this rollout: 4
2025-09-27 16:47:16,909 - __main__ - INFO - 📈 Episode stats: avg return = 0.12, avg length = 228.2
2025-09-27 16:47:16,909 - __main__ - INFO - 🎯 Top 3 training actions: #1(28085), #3(21403), #7(17792)
2025-09-27 16:47:19,814 - __main__ - INFO - 📊 Episodes completed this rollout: 8
2025-09-27 16:47:19,814 - __main__ - INFO - 📈 Episode stats: avg return = 0.35, avg length = 203.8
2025-09-27 16:47:19,814 - __main__ - INFO - 🎯 Top 3 training actions: #1(28339), #3(21723), #7(17923)
2025-09-27 16:47:20,945 - __main__ - INFO - 🧪 Starting evaluation with 50 episodes...
2025-09-27 16:47:20,945 - __main__ - INFO -    Eval seed: 51
2025-09-27 16:47:20,945 - __main__ - INFO -    Max episode steps (eval): env default
2025-09-27 16:47:20,946 - nle.env.base - INFO - Not saving any NLE data.
2025-09-27 16:47:23,858 - __main__ - WARNING - ⚠️ Episode 1 terminated due to step limit.
2025-09-27 16:47:26,782 - __main__ - WARNING - ⚠️ Episode 2 terminated due to step limit.
2025-09-27 16:47:29,612 - __main__ - WARNING - ⚠️ Episode 3 terminated due to step limit.
2025-09-27 16:47:34,448 - __main__ - WARNING - ⚠️ Episode 6 terminated due to step limit.
2025-09-27 16:47:37,249 - __main__ - WARNING - ⚠️ Episode 7 terminated due to step limit.
2025-09-27 16:47:40,044 - __main__ - WARNING - ⚠️ Episode 8 terminated due to step limit.
2025-09-27 16:47:47,285 - __main__ - WARNING - ⚠️ Episode 13 terminated due to step limit.
2025-09-27 16:47:50,070 - __main__ - WARNING - ⚠️ Episode 14 terminated due to step limit.
2025-09-27 16:47:54,678 - __main__ - WARNING - ⚠️ Episode 16 terminated due to step limit.
2025-09-27 16:47:58,369 - __main__ - WARNING - ⚠️ Episode 18 terminated due to step limit.
2025-09-27 16:48:03,247 - __main__ - WARNING - ⚠️ Episode 20 terminated due to step limit.
2025-09-27 16:48:06,018 - __main__ - WARNING - ⚠️ Episode 21 terminated due to step limit.
2025-09-27 16:48:08,845 - __main__ - WARNING - ⚠️ Episode 22 terminated due to step limit.
2025-09-27 16:48:11,636 - __main__ - WARNING - ⚠️ Episode 24 terminated due to step limit.
2025-09-27 16:48:16,896 - __main__ - WARNING - ⚠️ Episode 28 terminated due to step limit.
2025-09-27 16:48:20,087 - __main__ - WARNING - ⚠️ Episode 30 terminated due to step limit.
2025-09-27 16:48:25,907 - __main__ - WARNING - ⚠️ Episode 34 terminated due to step limit.
2025-09-27 16:48:28,694 - __main__ - WARNING - ⚠️ Episode 35 terminated due to step limit.
2025-09-27 16:48:31,527 - __main__ - WARNING - ⚠️ Episode 36 terminated due to step limit.
2025-09-27 16:48:35,259 - __main__ - WARNING - ⚠️ Episode 38 terminated due to step limit.
2025-09-27 16:48:38,054 - __main__ - WARNING - ⚠️ Episode 39 terminated due to step limit.
2025-09-27 16:48:40,841 - __main__ - WARNING - ⚠️ Episode 40 terminated due to step limit.
2025-09-27 16:48:45,419 - __main__ - WARNING - ⚠️ Episode 42 terminated due to step limit.
2025-09-27 16:48:48,216 - __main__ - WARNING - ⚠️ Episode 43 terminated due to step limit.
2025-09-27 16:48:51,000 - __main__ - WARNING - ⚠️ Episode 44 terminated due to step limit.
2025-09-27 16:48:55,910 - __main__ - WARNING - ⚠️ Episode 46 terminated due to step limit.
2025-09-27 16:48:58,694 - __main__ - WARNING - ⚠️ Episode 47 terminated due to step limit.
2025-09-27 16:49:01,482 - __main__ - WARNING - ⚠️ Episode 48 terminated due to step limit.
2025-09-27 16:49:03,694 - __main__ - INFO - 📊 Evaluation Results (Current Round):
2025-09-27 16:49:03,694 - __main__ - INFO -    Episodes: 50
2025-09-27 16:49:03,694 - __main__ - INFO -    Time: 102.7s (2.1s/ep)
2025-09-27 16:49:03,695 - __main__ - INFO -    Average Return: 0.383 ± 0.515
2025-09-27 16:49:03,695 - __main__ - INFO -    Success Rate: 44.0%
2025-09-27 16:49:03,695 - __main__ - INFO -    Average Length: 219.9
2025-09-27 16:49:03,695 - __main__ - INFO -    Average Coverage: 63.7 positions
2025-09-27 16:49:03,695 - __main__ - INFO -    Episode Completions: 22 terminated (44.0%), 28 truncated (56.0%)
2025-09-27 16:49:03,695 - __main__ - INFO - 📈 Total Evaluation Statistics:
2025-09-27 16:49:03,695 - __main__ - INFO -    Total Episodes: 650
2025-09-27 16:49:03,695 - __main__ - INFO -    Total Average Return: 0.246 ± 0.561
2025-09-27 16:49:03,695 - __main__ - INFO -    Total Average Length: 225.7 ± 107.7
2025-09-27 16:49:03,695 - __main__ - INFO -    Total Completions: 250 terminated (38.5%), 400 truncated (61.5%)
2025-09-27 16:49:03,696 - __main__ - INFO -    Skill Entropy: 0.000
2025-09-27 16:49:03,696 - __main__ - INFO -    Used Skills: 0.0
2025-09-27 16:49:03,696 - __main__ - INFO -    Effective K: 0.00
2025-09-27 16:49:03,696 - __main__ - INFO - 🎯 Action Usage Statistics:
2025-09-27 16:49:03,696 - __main__ - INFO -    Unique actions in evaluation: 8
2025-09-27 16:49:03,696 - __main__ - INFO -    Unique actions in training: 8
2025-09-27 16:49:03,696 - __main__ - INFO -    Total unique actions: 8
2025-09-27 16:49:03,696 - __main__ - INFO -    Action coverage: 6.6%
2025-09-27 16:49:03,696 - __main__ - INFO -    Train action count: 130048
2025-09-27 16:49:03,696 - __main__ - INFO -    Eval action count: 146733
2025-09-27 16:49:03,697 - __main__ - INFO -    Train action entropy: 2.007
2025-09-27 16:49:03,697 - __main__ - INFO -    Eval action entropy: 1.995
2025-09-27 16:49:03,697 - __main__ - INFO -    Top 3 train actions: #1(28339), #3(21723), #7(17923)
2025-09-27 16:49:03,697 - __main__ - INFO -    Top 3 eval actions: #1(32495), #3(26562), #5(20018)
2025-09-27 16:49:05,428 - __main__ - INFO - 📊 Episodes completed this rollout: 1
2025-09-27 16:49:05,428 - __main__ - INFO - 📈 Episode stats: avg return = -0.04, avg length = 300.0
2025-09-27 16:49:05,428 - __main__ - INFO - 🎯 Top 3 training actions: #1(28618), #3(21998), #7(18057)
2025-09-27 16:49:08,299 - __main__ - INFO - 📊 Episodes completed this rollout: 7
2025-09-27 16:49:08,300 - __main__ - INFO - 📈 Episode stats: avg return = 0.21, avg length = 220.6
2025-09-27 16:49:08,300 - __main__ - INFO - 🎯 Top 3 training actions: #1(28915), #3(22275), #7(18157)
2025-09-27 16:49:11,095 - __main__ - INFO - 📊 Episodes completed this rollout: 5
2025-09-27 16:49:11,095 - __main__ - INFO - 📈 Episode stats: avg return = 0.30, avg length = 201.6
2025-09-27 16:49:11,095 - __main__ - INFO - 🎯 Top 3 training actions: #1(29201), #3(22591), #7(18228)
2025-09-27 16:49:13,859 - __main__ - INFO - 📊 Episodes completed this rollout: 2
2025-09-27 16:49:13,860 - __main__ - INFO - 📈 Episode stats: avg return = -0.07, avg length = 300.0
2025-09-27 16:49:13,860 - __main__ - INFO - 🎯 Top 3 training actions: #1(29473), #3(22967), #7(18291)
2025-09-27 16:49:16,655 - __main__ - INFO - 📊 Episodes completed this rollout: 5
2025-09-27 16:49:16,656 - __main__ - INFO - 📈 Episode stats: avg return = 0.10, avg length = 285.6
2025-09-27 16:49:16,656 - __main__ - INFO - 🎯 Top 3 training actions: #1(29744), #3(23325), #5(18417)
2025-09-27 16:49:19,474 - __main__ - INFO - 📊 Episodes completed this rollout: 3
2025-09-27 16:49:19,475 - __main__ - INFO - 📈 Episode stats: avg return = 0.30, avg length = 205.0
2025-09-27 16:49:19,475 - __main__ - INFO - 🎯 Top 3 training actions: #1(30085), #3(23667), #5(18539)
2025-09-27 16:49:22,295 - __main__ - INFO - 📊 Episodes completed this rollout: 7
2025-09-27 16:49:22,295 - __main__ - INFO - 📈 Episode stats: avg return = 0.09, avg length = 286.7
2025-09-27 16:49:22,296 - __main__ - INFO - 🎯 Top 3 training actions: #1(30342), #3(24017), #5(18685)
2025-09-27 16:49:26,124 - __main__ - INFO - 🔄 Synchronized model update at step 138,240
2025-09-27 16:49:26,124 - __main__ - INFO -    HMM interval: inf, VAE interval: 12,000
2025-09-27 16:49:26,125 - __main__ - INFO - 🚫 Model training masking: 144/12288 timesteps masked (1.2%) due to negative rewards (invalid actions)
2025-09-27 16:49:26,125 - __main__ - INFO - 🔄 VAE refresh starting at step 138,240 with replay size 8x1536
2025-09-27 16:49:26,126 - __main__ - INFO -    Using span sampling (12288 timesteps, too large for full buffer)
2025-09-27 16:49:52,688 - __main__ - INFO -    VAE refresh complete: final_loss=967.0359, avg_loss=984.8126, steps=4/4, trend=improving, total_timesteps=12288, span_sampling=32_requested×4_steps, span_len=64
2025-09-27 16:49:52,690 - __main__ - INFO -    ✅ VAE updated (next in 12,000 steps)
2025-09-27 16:49:54,396 - __main__ - INFO - 📊 Episodes completed this rollout: 5
2025-09-27 16:49:54,396 - __main__ - INFO - 📈 Episode stats: avg return = -0.06, avg length = 300.0
2025-09-27 16:49:54,396 - __main__ - INFO - 🎯 Top 3 training actions: #1(30875), #3(24668), #5(18965)
2025-09-27 16:49:57,164 - __main__ - INFO - 📊 Episodes completed this rollout: 5
2025-09-27 16:49:57,164 - __main__ - INFO - 📈 Episode stats: avg return = 0.35, avg length = 182.8
2025-09-27 16:49:57,164 - __main__ - INFO - 🎯 Top 3 training actions: #1(31097), #3(25011), #5(19141)
2025-09-27 16:49:58,254 - __main__ - INFO - 🧪 Starting evaluation with 50 episodes...
2025-09-27 16:49:58,255 - __main__ - INFO -    Eval seed: 51
2025-09-27 16:49:58,255 - __main__ - INFO -    Max episode steps (eval): env default
2025-09-27 16:49:58,255 - nle.env.base - INFO - Not saving any NLE data.
2025-09-27 16:50:01,171 - __main__ - WARNING - ⚠️ Episode 1 terminated due to step limit.
2025-09-27 16:50:04,017 - __main__ - WARNING - ⚠️ Episode 2 terminated due to step limit.
2025-09-27 16:50:06,782 - __main__ - WARNING - ⚠️ Episode 3 terminated due to step limit.
2025-09-27 16:50:09,718 - __main__ - WARNING - ⚠️ Episode 4 terminated due to step limit.
2025-09-27 16:50:12,491 - __main__ - WARNING - ⚠️ Episode 5 terminated due to step limit.
2025-09-27 16:50:15,756 - __main__ - WARNING - ⚠️ Episode 7 terminated due to step limit.
2025-09-27 16:50:18,778 - __main__ - WARNING - ⚠️ Episode 9 terminated due to step limit.
2025-09-27 16:50:21,789 - __main__ - WARNING - ⚠️ Episode 11 terminated due to step limit.
2025-09-27 16:50:24,570 - __main__ - WARNING - ⚠️ Episode 12 terminated due to step limit.
2025-09-27 16:50:27,885 - __main__ - WARNING - ⚠️ Episode 14 terminated due to step limit.
2025-09-27 16:50:30,667 - __main__ - WARNING - ⚠️ Episode 15 terminated due to step limit.
2025-09-27 16:50:33,449 - __main__ - WARNING - ⚠️ Episode 16 terminated due to step limit.
2025-09-27 16:50:36,236 - __main__ - WARNING - ⚠️ Episode 17 terminated due to step limit.
2025-09-27 16:50:39,884 - __main__ - WARNING - ⚠️ Episode 19 terminated due to step limit.
2025-09-27 16:50:42,663 - __main__ - WARNING - ⚠️ Episode 20 terminated due to step limit.
2025-09-27 16:50:45,449 - __main__ - WARNING - ⚠️ Episode 21 terminated due to step limit.
2025-09-27 16:50:48,230 - __main__ - WARNING - ⚠️ Episode 22 terminated due to step limit.
2025-09-27 16:50:51,390 - __main__ - WARNING - ⚠️ Episode 24 terminated due to step limit.
2025-09-27 16:50:55,846 - __main__ - WARNING - ⚠️ Episode 26 terminated due to step limit.
2025-09-27 16:50:59,049 - __main__ - WARNING - ⚠️ Episode 28 terminated due to step limit.
2025-09-27 16:51:01,830 - __main__ - WARNING - ⚠️ Episode 29 terminated due to step limit.
2025-09-27 16:51:04,612 - __main__ - WARNING - ⚠️ Episode 30 terminated due to step limit.
2025-09-27 16:51:08,063 - __main__ - WARNING - ⚠️ Episode 33 terminated due to step limit.
2025-09-27 16:51:10,960 - __main__ - WARNING - ⚠️ Episode 34 terminated due to step limit.
2025-09-27 16:51:13,874 - __main__ - WARNING - ⚠️ Episode 35 terminated due to step limit.
2025-09-27 16:51:16,795 - __main__ - WARNING - ⚠️ Episode 36 terminated due to step limit.
2025-09-27 16:51:19,570 - __main__ - WARNING - ⚠️ Episode 37 terminated due to step limit.
2025-09-27 16:51:22,415 - __main__ - WARNING - ⚠️ Episode 38 terminated due to step limit.
2025-09-27 16:51:25,279 - __main__ - WARNING - ⚠️ Episode 39 terminated due to step limit.
2025-09-27 16:51:30,904 - __main__ - WARNING - ⚠️ Episode 41 terminated due to step limit.
2025-09-27 16:51:33,726 - __main__ - WARNING - ⚠️ Episode 42 terminated due to step limit.
2025-09-27 16:51:36,508 - __main__ - WARNING - ⚠️ Episode 43 terminated due to step limit.
2025-09-27 16:51:39,280 - __main__ - WARNING - ⚠️ Episode 44 terminated due to step limit.
2025-09-27 16:51:42,391 - __main__ - WARNING - ⚠️ Episode 47 terminated due to step limit.
2025-09-27 16:51:45,172 - __main__ - WARNING - ⚠️ Episode 48 terminated due to step limit.
2025-09-27 16:51:47,951 - __main__ - WARNING - ⚠️ Episode 49 terminated due to step limit.
2025-09-27 16:51:50,758 - __main__ - WARNING - ⚠️ Episode 50 terminated due to step limit.
2025-09-27 16:51:50,760 - __main__ - INFO - 📊 Evaluation Results (Current Round):
2025-09-27 16:51:50,761 - __main__ - INFO -    Episodes: 50
2025-09-27 16:51:50,761 - __main__ - INFO -    Time: 112.5s (2.3s/ep)
2025-09-27 16:51:50,761 - __main__ - INFO -    Average Return: 0.064 ± 0.534
2025-09-27 16:51:50,761 - __main__ - INFO -    Success Rate: 26.0%
2025-09-27 16:51:50,761 - __main__ - INFO -    Average Length: 240.1
2025-09-27 16:51:50,761 - __main__ - INFO -    Average Coverage: 46.1 positions
2025-09-27 16:51:50,761 - __main__ - INFO -    Episode Completions: 13 terminated (26.0%), 37 truncated (74.0%)
2025-09-27 16:51:50,761 - __main__ - INFO - 📈 Total Evaluation Statistics:
2025-09-27 16:51:50,761 - __main__ - INFO -    Total Episodes: 700
2025-09-27 16:51:50,761 - __main__ - INFO -    Total Average Return: 0.233 ± 0.561
2025-09-27 16:51:50,762 - __main__ - INFO -    Total Average Length: 226.8 ± 107.9
2025-09-27 16:51:50,762 - __main__ - INFO -    Total Completions: 263 terminated (37.6%), 437 truncated (62.4%)
2025-09-27 16:51:50,762 - __main__ - INFO -    Skill Entropy: 0.000
2025-09-27 16:51:50,762 - __main__ - INFO -    Used Skills: 0.0
2025-09-27 16:51:50,762 - __main__ - INFO -    Effective K: 0.00
2025-09-27 16:51:50,762 - __main__ - INFO - 🎯 Action Usage Statistics:
2025-09-27 16:51:50,762 - __main__ - INFO -    Unique actions in evaluation: 8
2025-09-27 16:51:50,762 - __main__ - INFO -    Unique actions in training: 8
2025-09-27 16:51:50,762 - __main__ - INFO -    Total unique actions: 8
2025-09-27 16:51:50,762 - __main__ - INFO -    Action coverage: 6.6%
2025-09-27 16:51:50,762 - __main__ - INFO -    Train action count: 140288
2025-09-27 16:51:50,763 - __main__ - INFO -    Eval action count: 158739
2025-09-27 16:51:50,763 - __main__ - INFO -    Train action entropy: 1.996
2025-09-27 16:51:50,763 - __main__ - INFO -    Eval action entropy: 1.984
2025-09-27 16:51:50,763 - __main__ - INFO -    Top 3 train actions: #1(31097), #3(25011), #5(19141)
2025-09-27 16:51:50,764 - __main__ - INFO -    Top 3 eval actions: #1(35032), #3(30845), #5(21860)
2025-09-27 16:51:52,450 - __main__ - INFO - 📊 Episodes completed this rollout: 3
2025-09-27 16:51:52,451 - __main__ - INFO - 📈 Episode stats: avg return = 0.24, avg length = 259.0
2025-09-27 16:51:52,451 - __main__ - INFO - 🎯 Top 3 training actions: #1(31324), #3(25372), #5(19280)
2025-09-27 16:51:55,323 - __main__ - INFO - 📊 Episodes completed this rollout: 6
2025-09-27 16:51:55,324 - __main__ - INFO - 📈 Episode stats: avg return = -0.03, avg length = 259.3
2025-09-27 16:51:55,324 - __main__ - INFO - 🎯 Top 3 training actions: #1(31567), #3(25740), #5(19438)
2025-09-27 16:51:58,141 - __main__ - INFO - 📊 Episodes completed this rollout: 3
2025-09-27 16:51:58,141 - __main__ - INFO - 📈 Episode stats: avg return = 0.19, avg length = 246.7
2025-09-27 16:51:58,141 - __main__ - INFO - 🎯 Top 3 training actions: #1(31817), #3(26092), #5(19574)
2025-09-27 16:52:00,953 - __main__ - INFO - 📊 Episodes completed this rollout: 3
2025-09-27 16:52:00,953 - __main__ - INFO - 📈 Episode stats: avg return = -0.19, avg length = 300.0
2025-09-27 16:52:00,953 - __main__ - INFO - 🎯 Top 3 training actions: #1(32042), #3(26508), #5(19736)
2025-09-27 16:52:03,739 - __main__ - INFO - 📊 Episodes completed this rollout: 3
2025-09-27 16:52:03,740 - __main__ - INFO - 📈 Episode stats: avg return = -0.10, avg length = 300.0
2025-09-27 16:52:03,740 - __main__ - INFO - 🎯 Top 3 training actions: #1(32289), #3(26876), #5(19892)
2025-09-27 16:52:06,558 - __main__ - INFO - 📊 Episodes completed this rollout: 7
2025-09-27 16:52:06,558 - __main__ - INFO - 📈 Episode stats: avg return = 0.36, avg length = 208.3
2025-09-27 16:52:06,559 - __main__ - INFO - 🎯 Top 3 training actions: #1(32545), #3(27231), #5(20061)
2025-09-27 16:52:09,340 - __main__ - INFO - 📊 Episodes completed this rollout: 2
2025-09-27 16:52:09,341 - __main__ - INFO - 📈 Episode stats: avg return = -0.10, avg length = 300.0
2025-09-27 16:52:09,341 - __main__ - INFO - 🎯 Top 3 training actions: #1(32822), #3(27550), #5(20233)
2025-09-27 16:52:12,142 - __main__ - INFO - 📊 Episodes completed this rollout: 4
2025-09-27 16:52:12,142 - __main__ - INFO - 📈 Episode stats: avg return = -0.06, avg length = 300.0
2025-09-27 16:52:12,142 - __main__ - INFO - 🎯 Top 3 training actions: #1(33071), #3(27872), #5(20415)
2025-09-27 16:52:14,964 - __main__ - INFO - 📊 Episodes completed this rollout: 5
2025-09-27 16:52:14,965 - __main__ - INFO - 📈 Episode stats: avg return = 0.09, avg length = 240.2
2025-09-27 16:52:14,965 - __main__ - INFO - 🎯 Top 3 training actions: #1(33265), #3(28183), #5(20623)
2025-09-27 16:52:17,754 - __main__ - INFO - 📊 Episodes completed this rollout: 4
2025-09-27 16:52:17,754 - __main__ - INFO - 📈 Episode stats: avg return = 0.45, avg length = 208.8
2025-09-27 16:52:17,754 - __main__ - INFO - 🎯 Top 3 training actions: #1(33480), #3(28456), #5(20808)
2025-09-27 16:52:18,873 - __main__ - INFO - 🔄 Synchronized model update at step 150,528
2025-09-27 16:52:18,874 - __main__ - INFO -    HMM interval: inf, VAE interval: 12,000
2025-09-27 16:52:18,874 - __main__ - INFO - 🚫 Model training masking: 312/12288 timesteps masked (2.5%) due to negative rewards (invalid actions)
2025-09-27 16:52:18,874 - __main__ - INFO - 🔄 VAE refresh starting at step 150,528 with replay size 8x1536
2025-09-27 16:52:18,875 - __main__ - INFO -    Using span sampling (12288 timesteps, too large for full buffer)
2025-09-27 16:52:44,542 - __main__ - INFO -    VAE refresh complete: final_loss=950.5641, avg_loss=964.3744, steps=4/4, trend=improving, total_timesteps=12288, span_sampling=32_requested×4_steps, span_len=64
2025-09-27 16:52:44,545 - __main__ - INFO -    ✅ VAE updated (next in 12,000 steps)
2025-09-27 16:52:44,548 - __main__ - INFO - 🧪 Starting evaluation with 50 episodes...
2025-09-27 16:52:44,548 - __main__ - INFO -    Eval seed: 51
2025-09-27 16:52:44,549 - __main__ - INFO -    Max episode steps (eval): env default
2025-09-27 16:52:44,549 - nle.env.base - INFO - Not saving any NLE data.
2025-09-27 16:52:47,430 - __main__ - WARNING - ⚠️ Episode 1 terminated due to step limit.
2025-09-27 16:52:50,354 - __main__ - WARNING - ⚠️ Episode 2 terminated due to step limit.
2025-09-27 16:52:53,673 - __main__ - WARNING - ⚠️ Episode 4 terminated due to step limit.
2025-09-27 16:52:56,441 - __main__ - WARNING - ⚠️ Episode 5 terminated due to step limit.
2025-09-27 16:52:59,314 - __main__ - WARNING - ⚠️ Episode 6 terminated due to step limit.
2025-09-27 16:53:02,080 - __main__ - WARNING - ⚠️ Episode 7 terminated due to step limit.
2025-09-27 16:53:04,949 - __main__ - WARNING - ⚠️ Episode 8 terminated due to step limit.
2025-09-27 16:53:07,718 - __main__ - WARNING - ⚠️ Episode 9 terminated due to step limit.
2025-09-27 16:53:10,490 - __main__ - WARNING - ⚠️ Episode 10 terminated due to step limit.
2025-09-27 16:53:13,282 - __main__ - WARNING - ⚠️ Episode 11 terminated due to step limit.
2025-09-27 16:53:16,082 - __main__ - WARNING - ⚠️ Episode 12 terminated due to step limit.
2025-09-27 16:53:18,924 - __main__ - WARNING - ⚠️ Episode 13 terminated due to step limit.
2025-09-27 16:53:21,695 - __main__ - WARNING - ⚠️ Episode 14 terminated due to step limit.
2025-09-27 16:53:24,470 - __main__ - WARNING - ⚠️ Episode 15 terminated due to step limit.
2025-09-27 16:53:27,250 - __main__ - WARNING - ⚠️ Episode 16 terminated due to step limit.
2025-09-27 16:53:30,275 - __main__ - WARNING - ⚠️ Episode 18 terminated due to step limit.
2025-09-27 16:53:33,905 - __main__ - WARNING - ⚠️ Episode 20 terminated due to step limit.
2025-09-27 16:53:36,690 - __main__ - WARNING - ⚠️ Episode 21 terminated due to step limit.
2025-09-27 16:53:39,481 - __main__ - WARNING - ⚠️ Episode 22 terminated due to step limit.
2025-09-27 16:53:42,388 - __main__ - WARNING - ⚠️ Episode 23 terminated due to step limit.
2025-09-27 16:53:45,169 - __main__ - WARNING - ⚠️ Episode 24 terminated due to step limit.
2025-09-27 16:53:48,009 - __main__ - WARNING - ⚠️ Episode 25 terminated due to step limit.
2025-09-27 16:53:50,810 - __main__ - WARNING - ⚠️ Episode 26 terminated due to step limit.
2025-09-27 16:53:55,855 - __main__ - WARNING - ⚠️ Episode 29 terminated due to step limit.
2025-09-27 16:53:58,630 - __main__ - WARNING - ⚠️ Episode 30 terminated due to step limit.
2025-09-27 16:54:01,396 - __main__ - WARNING - ⚠️ Episode 31 terminated due to step limit.
2025-09-27 16:54:04,161 - __main__ - WARNING - ⚠️ Episode 32 terminated due to step limit.
2025-09-27 16:54:06,931 - __main__ - WARNING - ⚠️ Episode 33 terminated due to step limit.
2025-09-27 16:54:09,692 - __main__ - WARNING - ⚠️ Episode 34 terminated due to step limit.
2025-09-27 16:54:12,456 - __main__ - WARNING - ⚠️ Episode 35 terminated due to step limit.
2025-09-27 16:54:15,268 - __main__ - WARNING - ⚠️ Episode 36 terminated due to step limit.
2025-09-27 16:54:18,028 - __main__ - WARNING - ⚠️ Episode 37 terminated due to step limit.
2025-09-27 16:54:20,849 - __main__ - WARNING - ⚠️ Episode 38 terminated due to step limit.
2025-09-27 16:54:24,755 - __main__ - WARNING - ⚠️ Episode 40 terminated due to step limit.
2025-09-27 16:54:27,544 - __main__ - WARNING - ⚠️ Episode 41 terminated due to step limit.
2025-09-27 16:54:30,322 - __main__ - WARNING - ⚠️ Episode 42 terminated due to step limit.
2025-09-27 16:54:33,115 - __main__ - WARNING - ⚠️ Episode 43 terminated due to step limit.
2025-09-27 16:54:35,942 - __main__ - WARNING - ⚠️ Episode 44 terminated due to step limit.
2025-09-27 16:54:38,729 - __main__ - WARNING - ⚠️ Episode 45 terminated due to step limit.
2025-09-27 16:54:43,560 - __main__ - WARNING - ⚠️ Episode 50 terminated due to step limit.
2025-09-27 16:54:43,563 - __main__ - INFO - 📊 Evaluation Results (Current Round):
2025-09-27 16:54:43,563 - __main__ - INFO -    Episodes: 50
2025-09-27 16:54:43,563 - __main__ - INFO -    Time: 119.0s (2.4s/ep)
2025-09-27 16:54:43,563 - __main__ - INFO -    Average Return: 0.073 ± 0.452
2025-09-27 16:54:43,563 - __main__ - INFO -    Success Rate: 20.0%
2025-09-27 16:54:43,563 - __main__ - INFO -    Average Length: 254.8
2025-09-27 16:54:43,563 - __main__ - INFO -    Average Coverage: 56.6 positions
2025-09-27 16:54:43,563 - __main__ - INFO -    Episode Completions: 10 terminated (20.0%), 40 truncated (80.0%)
2025-09-27 16:54:43,564 - __main__ - INFO - 📈 Total Evaluation Statistics:
2025-09-27 16:54:43,564 - __main__ - INFO -    Total Episodes: 750
2025-09-27 16:54:43,564 - __main__ - INFO -    Total Average Return: 0.223 ± 0.556
2025-09-27 16:54:43,564 - __main__ - INFO -    Total Average Length: 228.6 ± 107.2
2025-09-27 16:54:43,564 - __main__ - INFO -    Total Completions: 273 terminated (36.4%), 477 truncated (63.6%)
2025-09-27 16:54:43,564 - __main__ - INFO -    Skill Entropy: 0.000
2025-09-27 16:54:43,564 - __main__ - INFO -    Used Skills: 0.0
2025-09-27 16:54:43,564 - __main__ - INFO -    Effective K: 0.00
2025-09-27 16:54:43,564 - __main__ - INFO - 🎯 Action Usage Statistics:
2025-09-27 16:54:43,564 - __main__ - INFO -    Unique actions in evaluation: 8
2025-09-27 16:54:43,565 - __main__ - INFO -    Unique actions in training: 8
2025-09-27 16:54:43,565 - __main__ - INFO -    Total unique actions: 8
2025-09-27 16:54:43,565 - __main__ - INFO -    Action coverage: 6.6%
2025-09-27 16:54:43,565 - __main__ - INFO -    Train action count: 150528
2025-09-27 16:54:43,565 - __main__ - INFO -    Eval action count: 171480
2025-09-27 16:54:43,566 - __main__ - INFO -    Train action entropy: 1.986
2025-09-27 16:54:43,566 - __main__ - INFO -    Eval action entropy: 1.977
2025-09-27 16:54:43,566 - __main__ - INFO -    Top 3 train actions: #1(33480), #3(28456), #5(20808)
2025-09-27 16:54:43,566 - __main__ - INFO -    Top 3 eval actions: #1(37343), #3(34654), #5(24249)
2025-09-27 16:54:45,296 - __main__ - INFO - 📊 Episodes completed this rollout: 4
2025-09-27 16:54:45,297 - __main__ - INFO - 📈 Episode stats: avg return = 0.16, avg length = 283.8
2025-09-27 16:54:45,297 - __main__ - INFO - 🎯 Top 3 training actions: #1(33673), #3(28749), #5(20983)
2025-09-27 16:54:48,105 - __main__ - INFO - 📊 Episodes completed this rollout: 2
2025-09-27 16:54:48,105 - __main__ - INFO - 📈 Episode stats: avg return = -0.22, avg length = 300.0
2025-09-27 16:54:48,105 - __main__ - INFO - 🎯 Top 3 training actions: #1(33855), #3(29026), #5(21187)
2025-09-27 16:54:50,953 - __main__ - INFO - 📊 Episodes completed this rollout: 4
2025-09-27 16:54:50,954 - __main__ - INFO - 📈 Episode stats: avg return = 0.20, avg length = 285.5
2025-09-27 16:54:50,954 - __main__ - INFO - 🎯 Top 3 training actions: #1(34068), #3(29276), #5(21387)
2025-09-27 16:54:53,789 - __main__ - INFO - 📊 Episodes completed this rollout: 4
2025-09-27 16:54:53,789 - __main__ - INFO - 📈 Episode stats: avg return = 0.18, avg length = 291.2
2025-09-27 16:54:53,790 - __main__ - INFO - 🎯 Top 3 training actions: #1(34282), #3(29535), #5(21586)
2025-09-27 16:54:56,620 - __main__ - INFO - 📊 Episodes completed this rollout: 4
2025-09-27 16:54:56,620 - __main__ - INFO - 📈 Episode stats: avg return = -0.15, avg length = 300.0
2025-09-27 16:54:56,623 - __main__ - INFO - 🎯 Top 3 training actions: #1(34484), #3(29761), #5(21787)
2025-09-27 16:54:59,438 - __main__ - INFO - 📊 Episodes completed this rollout: 5
2025-09-27 16:54:59,438 - __main__ - INFO - 📈 Episode stats: avg return = 0.28, avg length = 195.6
2025-09-27 16:54:59,438 - __main__ - INFO - 🎯 Top 3 training actions: #1(34631), #3(29986), #5(21994)
2025-09-27 16:55:02,258 - __main__ - INFO - 📊 Episodes completed this rollout: 6
2025-09-27 16:55:02,258 - __main__ - INFO - 📈 Episode stats: avg return = 0.44, avg length = 192.3
2025-09-27 16:55:02,259 - __main__ - INFO - 🎯 Top 3 training actions: #1(34801), #3(30174), #5(22193)
2025-09-27 16:55:05,098 - __main__ - INFO - 📊 Episodes completed this rollout: 4
2025-09-27 16:55:05,098 - __main__ - INFO - 📈 Episode stats: avg return = 0.12, avg length = 235.0
2025-09-27 16:55:05,099 - __main__ - INFO - 🎯 Top 3 training actions: #1(34988), #3(30385), #5(22415)
2025-09-27 16:55:07,909 - __main__ - INFO - 📊 Episodes completed this rollout: 4
2025-09-27 16:55:07,909 - __main__ - INFO - 📈 Episode stats: avg return = 0.35, avg length = 220.0
2025-09-27 16:55:07,909 - __main__ - INFO - 🎯 Top 3 training actions: #1(35180), #3(30601), #5(22623)
2025-09-27 16:55:10,718 - __main__ - INFO - 📊 Episodes completed this rollout: 4
2025-09-27 16:55:10,718 - __main__ - INFO - 📈 Episode stats: avg return = 0.13, avg length = 225.8
2025-09-27 16:55:10,719 - __main__ - INFO - 🎯 Top 3 training actions: #1(35428), #3(30833), #5(22798)
2025-09-27 16:55:11,815 - __main__ - INFO - 🧪 Starting evaluation with 50 episodes...
2025-09-27 16:55:11,815 - __main__ - INFO -    Eval seed: 51
2025-09-27 16:55:11,815 - __main__ - INFO -    Max episode steps (eval): env default
2025-09-27 16:55:11,816 - nle.env.base - INFO - Not saving any NLE data.
2025-09-27 16:55:14,624 - __main__ - WARNING - ⚠️ Episode 1 terminated due to step limit.
2025-09-27 16:55:17,412 - __main__ - WARNING - ⚠️ Episode 2 terminated due to step limit.
2025-09-27 16:55:22,028 - __main__ - WARNING - ⚠️ Episode 4 terminated due to step limit.
2025-09-27 16:55:24,818 - __main__ - WARNING - ⚠️ Episode 5 terminated due to step limit.
2025-09-27 16:55:28,188 - __main__ - WARNING - ⚠️ Episode 7 terminated due to step limit.
2025-09-27 16:55:31,060 - __main__ - WARNING - ⚠️ Episode 8 terminated due to step limit.
2025-09-27 16:55:33,962 - __main__ - WARNING - ⚠️ Episode 9 terminated due to step limit.
2025-09-27 16:55:41,117 - __main__ - WARNING - ⚠️ Episode 13 terminated due to step limit.
2025-09-27 16:55:43,998 - __main__ - WARNING - ⚠️ Episode 14 terminated due to step limit.
2025-09-27 16:55:46,774 - __main__ - WARNING - ⚠️ Episode 15 terminated due to step limit.
2025-09-27 16:55:49,697 - __main__ - WARNING - ⚠️ Episode 16 terminated due to step limit.
2025-09-27 16:55:52,574 - __main__ - WARNING - ⚠️ Episode 17 terminated due to step limit.
2025-09-27 16:55:55,517 - __main__ - WARNING - ⚠️ Episode 18 terminated due to step limit.
2025-09-27 16:55:58,376 - __main__ - WARNING - ⚠️ Episode 19 terminated due to step limit.
2025-09-27 16:56:01,309 - __main__ - WARNING - ⚠️ Episode 20 terminated due to step limit.
2025-09-27 16:56:04,253 - __main__ - WARNING - ⚠️ Episode 22 terminated due to step limit.
2025-09-27 16:56:07,177 - __main__ - WARNING - ⚠️ Episode 23 terminated due to step limit.
2025-09-27 16:56:10,107 - __main__ - WARNING - ⚠️ Episode 24 terminated due to step limit.
2025-09-27 16:56:13,742 - __main__ - WARNING - ⚠️ Episode 26 terminated due to step limit.
2025-09-27 16:56:16,660 - __main__ - WARNING - ⚠️ Episode 27 terminated due to step limit.
2025-09-27 16:56:19,915 - __main__ - WARNING - ⚠️ Episode 29 terminated due to step limit.
2025-09-27 16:56:22,838 - __main__ - WARNING - ⚠️ Episode 30 terminated due to step limit.
2025-09-27 16:56:25,752 - __main__ - WARNING - ⚠️ Episode 31 terminated due to step limit.
2025-09-27 16:56:29,027 - __main__ - WARNING - ⚠️ Episode 33 terminated due to step limit.
2025-09-27 16:56:32,178 - __main__ - WARNING - ⚠️ Episode 35 terminated due to step limit.
2025-09-27 16:56:35,371 - __main__ - WARNING - ⚠️ Episode 37 terminated due to step limit.
2025-09-27 16:56:39,251 - __main__ - WARNING - ⚠️ Episode 40 terminated due to step limit.
2025-09-27 16:56:42,084 - __main__ - WARNING - ⚠️ Episode 42 terminated due to step limit.
2025-09-27 16:56:44,878 - __main__ - WARNING - ⚠️ Episode 43 terminated due to step limit.
2025-09-27 16:56:47,671 - __main__ - WARNING - ⚠️ Episode 44 terminated due to step limit.
2025-09-27 16:56:52,842 - __main__ - WARNING - ⚠️ Episode 46 terminated due to step limit.
2025-09-27 16:56:55,827 - __main__ - WARNING - ⚠️ Episode 47 terminated due to step limit.
2025-09-27 16:56:58,609 - __main__ - WARNING - ⚠️ Episode 48 terminated due to step limit.
2025-09-27 16:57:01,690 - __main__ - WARNING - ⚠️ Episode 50 terminated due to step limit.
2025-09-27 16:57:01,693 - __main__ - INFO - 📊 Evaluation Results (Current Round):
2025-09-27 16:57:01,693 - __main__ - INFO -    Episodes: 50
2025-09-27 16:57:01,694 - __main__ - INFO -    Time: 109.9s (2.2s/ep)
2025-09-27 16:57:01,694 - __main__ - INFO -    Average Return: 0.234 ± 0.517
2025-09-27 16:57:01,694 - __main__ - INFO -    Success Rate: 32.0%
2025-09-27 16:57:01,694 - __main__ - INFO -    Average Length: 229.9
2025-09-27 16:57:01,694 - __main__ - INFO -    Average Coverage: 57.1 positions
2025-09-27 16:57:01,694 - __main__ - INFO -    Episode Completions: 16 terminated (32.0%), 34 truncated (68.0%)
2025-09-27 16:57:01,694 - __main__ - INFO - 📈 Total Evaluation Statistics:
2025-09-27 16:57:01,694 - __main__ - INFO -    Total Episodes: 800
2025-09-27 16:57:01,694 - __main__ - INFO -    Total Average Return: 0.223 ± 0.554
2025-09-27 16:57:01,694 - __main__ - INFO -    Total Average Length: 228.7 ± 107.4
2025-09-27 16:57:01,694 - __main__ - INFO -    Total Completions: 289 terminated (36.1%), 511 truncated (63.9%)
2025-09-27 16:57:01,695 - __main__ - INFO -    Skill Entropy: 0.000
2025-09-27 16:57:01,695 - __main__ - INFO -    Used Skills: 0.0
2025-09-27 16:57:01,695 - __main__ - INFO -    Effective K: 0.00
2025-09-27 16:57:01,695 - __main__ - INFO - 🎯 Action Usage Statistics:
2025-09-27 16:57:01,695 - __main__ - INFO -    Unique actions in evaluation: 8
2025-09-27 16:57:01,695 - __main__ - INFO -    Unique actions in training: 8
2025-09-27 16:57:01,695 - __main__ - INFO -    Total unique actions: 8
2025-09-27 16:57:01,695 - __main__ - INFO -    Action coverage: 6.6%
2025-09-27 16:57:01,695 - __main__ - INFO -    Train action count: 160768
2025-09-27 16:57:01,695 - __main__ - INFO -    Eval action count: 182976
2025-09-27 16:57:01,696 - __main__ - INFO -    Train action entropy: 1.983
2025-09-27 16:57:01,696 - __main__ - INFO -    Eval action entropy: 1.972
2025-09-27 16:57:01,696 - __main__ - INFO -    Top 3 train actions: #1(35428), #3(30833), #5(22798)
2025-09-27 16:57:01,696 - __main__ - INFO -    Top 3 eval actions: #1(40092), #3(37420), #5(26030)
2025-09-27 16:57:03,401 - __main__ - INFO - 📊 Episodes completed this rollout: 4
2025-09-27 16:57:03,401 - __main__ - INFO - 📈 Episode stats: avg return = -0.12, avg length = 300.0
2025-09-27 16:57:03,401 - __main__ - INFO - 🎯 Top 3 training actions: #1(35672), #3(31092), #5(22945)
2025-09-27 16:57:06,224 - __main__ - INFO - 📊 Episodes completed this rollout: 5
2025-09-27 16:57:06,225 - __main__ - INFO - 📈 Episode stats: avg return = 0.12, avg length = 272.2
2025-09-27 16:57:06,225 - __main__ - INFO - 🎯 Top 3 training actions: #1(35937), #3(31338), #5(23073)
2025-09-27 16:57:07,333 - __main__ - INFO - 🔄 Synchronized model update at step 162,816
2025-09-27 16:57:07,334 - __main__ - INFO -    HMM interval: inf, VAE interval: 12,000
2025-09-27 16:57:07,334 - __main__ - INFO - 🚫 Model training masking: 408/12288 timesteps masked (3.3%) due to negative rewards (invalid actions)
2025-09-27 16:57:07,335 - __main__ - INFO - 🔄 VAE refresh starting at step 162,816 with replay size 8x1536
2025-09-27 16:57:07,335 - __main__ - INFO -    Using span sampling (12288 timesteps, too large for full buffer)
2025-09-27 16:57:32,054 - __main__ - INFO -    VAE refresh complete: final_loss=931.5914, avg_loss=950.3462, steps=4/4, trend=improving, total_timesteps=12288, span_sampling=32_requested×4_steps, span_len=64
2025-09-27 16:57:32,056 - __main__ - INFO -    ✅ VAE updated (next in 12,000 steps)
2025-09-27 16:57:33,711 - __main__ - INFO - 📊 Episodes completed this rollout: 2
2025-09-27 16:57:33,711 - __main__ - INFO - 📈 Episode stats: avg return = 0.42, avg length = 246.0
2025-09-27 16:57:33,712 - __main__ - INFO - 🎯 Top 3 training actions: #1(36159), #3(31615), #5(23218)
2025-09-27 16:57:36,513 - __main__ - INFO - 📊 Episodes completed this rollout: 5
2025-09-27 16:57:36,513 - __main__ - INFO - 📈 Episode stats: avg return = 0.35, avg length = 257.4
2025-09-27 16:57:36,513 - __main__ - INFO - 🎯 Top 3 training actions: #1(36401), #3(31868), #5(23363)
2025-09-27 16:57:39,311 - __main__ - INFO - 📊 Episodes completed this rollout: 5
2025-09-27 16:57:39,311 - __main__ - INFO - 📈 Episode stats: avg return = 0.36, avg length = 209.0
2025-09-27 16:57:39,311 - __main__ - INFO - 🎯 Top 3 training actions: #1(36694), #3(32119), #5(23490)
2025-09-27 16:57:42,100 - __main__ - INFO - 📊 Episodes completed this rollout: 3
2025-09-27 16:57:42,100 - __main__ - INFO - 📈 Episode stats: avg return = -0.05, avg length = 300.0
2025-09-27 16:57:42,100 - __main__ - INFO - 🎯 Top 3 training actions: #1(36917), #3(32362), #5(23654)
2025-09-27 16:57:44,891 - __main__ - INFO - 📊 Episodes completed this rollout: 4
2025-09-27 16:57:44,891 - __main__ - INFO - 📈 Episode stats: avg return = 0.23, avg length = 284.8
2025-09-27 16:57:44,892 - __main__ - INFO - 🎯 Top 3 training actions: #1(37136), #3(32601), #5(23807)
2025-09-27 16:57:47,693 - __main__ - INFO - 📊 Episodes completed this rollout: 4
2025-09-27 16:57:47,693 - __main__ - INFO - 📈 Episode stats: avg return = 0.19, avg length = 268.5
2025-09-27 16:57:47,693 - __main__ - INFO - 🎯 Top 3 training actions: #1(37318), #3(32830), #5(23979)
2025-09-27 16:57:50,510 - __main__ - INFO - 📊 Episodes completed this rollout: 6
2025-09-27 16:57:50,510 - __main__ - INFO - 📈 Episode stats: avg return = 0.46, avg length = 205.8
2025-09-27 16:57:50,511 - __main__ - INFO - 🎯 Top 3 training actions: #1(37510), #3(33036), #5(24134)
2025-09-27 16:57:53,286 - __main__ - INFO - 📊 Episodes completed this rollout: 2
2025-09-27 16:57:53,286 - __main__ - INFO - 📈 Episode stats: avg return = 0.44, avg length = 243.5
2025-09-27 16:57:53,287 - __main__ - INFO - 🎯 Top 3 training actions: #1(37684), #3(33271), #5(24284)
2025-09-27 16:57:54,398 - __main__ - INFO - 🧪 Starting evaluation with 50 episodes...
2025-09-27 16:57:54,398 - __main__ - INFO -    Eval seed: 51
2025-09-27 16:57:54,398 - __main__ - INFO -    Max episode steps (eval): env default
2025-09-27 16:57:54,399 - nle.env.base - INFO - Not saving any NLE data.
2025-09-27 16:57:57,173 - __main__ - WARNING - ⚠️ Episode 1 terminated due to step limit.
2025-09-27 16:57:59,991 - __main__ - WARNING - ⚠️ Episode 2 terminated due to step limit.
2025-09-27 16:58:02,791 - __main__ - WARNING - ⚠️ Episode 3 terminated due to step limit.
2025-09-27 16:58:05,652 - __main__ - WARNING - ⚠️ Episode 4 terminated due to step limit.
2025-09-27 16:58:12,758 - __main__ - WARNING - ⚠️ Episode 8 terminated due to step limit.
2025-09-27 16:58:15,536 - __main__ - WARNING - ⚠️ Episode 9 terminated due to step limit.
2025-09-27 16:58:18,678 - __main__ - WARNING - ⚠️ Episode 11 terminated due to step limit.
2025-09-27 16:58:21,446 - __main__ - WARNING - ⚠️ Episode 12 terminated due to step limit.
2025-09-27 16:58:24,278 - __main__ - WARNING - ⚠️ Episode 13 terminated due to step limit.
2025-09-27 16:58:27,023 - __main__ - WARNING - ⚠️ Episode 14 terminated due to step limit.
2025-09-27 16:58:29,786 - __main__ - WARNING - ⚠️ Episode 15 terminated due to step limit.
2025-09-27 16:58:32,537 - __main__ - WARNING - ⚠️ Episode 16 terminated due to step limit.
2025-09-27 16:58:35,288 - __main__ - WARNING - ⚠️ Episode 17 terminated due to step limit.
2025-09-27 16:58:38,043 - __main__ - WARNING - ⚠️ Episode 18 terminated due to step limit.
2025-09-27 16:58:45,475 - __main__ - WARNING - ⚠️ Episode 24 terminated due to step limit.
2025-09-27 16:58:48,521 - __main__ - WARNING - ⚠️ Episode 26 terminated due to step limit.
2025-09-27 16:58:51,296 - __main__ - WARNING - ⚠️ Episode 27 terminated due to step limit.
2025-09-27 16:58:55,962 - __main__ - WARNING - ⚠️ Episode 29 terminated due to step limit.
2025-09-27 16:58:59,585 - __main__ - WARNING - ⚠️ Episode 31 terminated due to step limit.
2025-09-27 16:59:02,424 - __main__ - WARNING - ⚠️ Episode 32 terminated due to step limit.
2025-09-27 16:59:05,641 - __main__ - WARNING - ⚠️ Episode 34 terminated due to step limit.
2025-09-27 16:59:08,575 - __main__ - WARNING - ⚠️ Episode 35 terminated due to step limit.
2025-09-27 16:59:11,457 - __main__ - WARNING - ⚠️ Episode 37 terminated due to step limit.
2025-09-27 16:59:15,163 - __main__ - WARNING - ⚠️ Episode 40 terminated due to step limit.
2025-09-27 16:59:18,068 - __main__ - WARNING - ⚠️ Episode 41 terminated due to step limit.
2025-09-27 16:59:20,856 - __main__ - WARNING - ⚠️ Episode 42 terminated due to step limit.
2025-09-27 16:59:28,638 - __main__ - WARNING - ⚠️ Episode 47 terminated due to step limit.
2025-09-27 16:59:33,897 - __main__ - WARNING - ⚠️ Episode 50 terminated due to step limit.
2025-09-27 16:59:33,900 - __main__ - INFO - 📊 Evaluation Results (Current Round):
2025-09-27 16:59:33,900 - __main__ - INFO -    Episodes: 50
2025-09-27 16:59:33,900 - __main__ - INFO -    Time: 99.5s (2.0s/ep)
2025-09-27 16:59:33,900 - __main__ - INFO -    Average Return: 0.416 ± 0.505
2025-09-27 16:59:33,901 - __main__ - INFO -    Success Rate: 44.0%
2025-09-27 16:59:33,901 - __main__ - INFO -    Average Length: 212.5
2025-09-27 16:59:33,901 - __main__ - INFO -    Average Coverage: 60.2 positions
2025-09-27 16:59:33,901 - __main__ - INFO -    Episode Completions: 22 terminated (44.0%), 28 truncated (56.0%)
2025-09-27 16:59:33,901 - __main__ - INFO - 📈 Total Evaluation Statistics:
2025-09-27 16:59:33,901 - __main__ - INFO -    Total Episodes: 850
2025-09-27 16:59:33,901 - __main__ - INFO -    Total Average Return: 0.235 ± 0.553
2025-09-27 16:59:33,901 - __main__ - INFO -    Total Average Length: 227.8 ± 107.9
2025-09-27 16:59:33,901 - __main__ - INFO -    Total Completions: 311 terminated (36.6%), 539 truncated (63.4%)
2025-09-27 16:59:33,901 - __main__ - INFO -    Skill Entropy: 0.000
2025-09-27 16:59:33,902 - __main__ - INFO -    Used Skills: 0.0
2025-09-27 16:59:33,902 - __main__ - INFO -    Effective K: 0.00
2025-09-27 16:59:33,902 - __main__ - INFO - 🎯 Action Usage Statistics:
2025-09-27 16:59:33,902 - __main__ - INFO -    Unique actions in evaluation: 8
2025-09-27 16:59:33,902 - __main__ - INFO -    Unique actions in training: 8
2025-09-27 16:59:33,902 - __main__ - INFO -    Total unique actions: 8
2025-09-27 16:59:33,902 - __main__ - INFO -    Action coverage: 6.6%
2025-09-27 16:59:33,902 - __main__ - INFO -    Train action count: 171008
2025-09-27 16:59:33,902 - __main__ - INFO -    Eval action count: 193599
2025-09-27 16:59:33,903 - __main__ - INFO -    Train action entropy: 1.980
2025-09-27 16:59:33,903 - __main__ - INFO -    Eval action entropy: 1.972
2025-09-27 16:59:33,903 - __main__ - INFO -    Top 3 train actions: #1(37684), #3(33271), #5(24284)
2025-09-27 16:59:33,903 - __main__ - INFO -    Top 3 eval actions: #1(42069), #3(39630), #5(27666)
2025-09-27 16:59:35,630 - __main__ - INFO - 📊 Episodes completed this rollout: 6
2025-09-27 16:59:35,630 - __main__ - INFO - 📈 Episode stats: avg return = 0.30, avg length = 244.5
2025-09-27 16:59:35,630 - __main__ - INFO - 🎯 Top 3 training actions: #1(37881), #3(33478), #5(24444)
2025-09-27 16:59:38,443 - __main__ - INFO - 📊 Episodes completed this rollout: 3
2025-09-27 16:59:38,443 - __main__ - INFO - 📈 Episode stats: avg return = 0.31, avg length = 267.0
2025-09-27 16:59:38,443 - __main__ - INFO - 🎯 Top 3 training actions: #1(38056), #3(33692), #5(24604)
2025-09-27 16:59:41,260 - __main__ - INFO - 📊 Episodes completed this rollout: 4
2025-09-27 16:59:41,260 - __main__ - INFO - 📈 Episode stats: avg return = 0.23, avg length = 225.5
2025-09-27 16:59:41,261 - __main__ - INFO - 🎯 Top 3 training actions: #1(38260), #3(33889), #5(24753)
2025-09-27 16:59:44,090 - __main__ - INFO - 📊 Episodes completed this rollout: 5
2025-09-27 16:59:44,091 - __main__ - INFO - 📈 Episode stats: avg return = 0.11, avg length = 277.0
2025-09-27 16:59:44,091 - __main__ - INFO - 🎯 Top 3 training actions: #1(38431), #3(34134), #5(24925)
2025-09-27 16:59:45,207 - __main__ - INFO - 🔄 Synchronized model update at step 175,104
2025-09-27 16:59:45,207 - __main__ - INFO -    HMM interval: inf, VAE interval: 12,000
2025-09-27 16:59:45,208 - __main__ - INFO - 🚫 Model training masking: 60/12288 timesteps masked (0.5%) due to negative rewards (invalid actions)
2025-09-27 16:59:45,208 - __main__ - INFO - 🔄 VAE refresh starting at step 175,104 with replay size 8x1536
2025-09-27 16:59:45,209 - __main__ - INFO -    Using span sampling (12288 timesteps, too large for full buffer)
2025-09-27 17:00:11,439 - __main__ - INFO -    VAE refresh complete: final_loss=939.1440, avg_loss=957.9119, steps=4/4, trend=improving, total_timesteps=12288, span_sampling=32_requested×4_steps, span_len=64
2025-09-27 17:00:11,441 - __main__ - INFO -    ✅ VAE updated (next in 12,000 steps)
2025-09-27 17:00:13,091 - __main__ - INFO - 📊 Episodes completed this rollout: 1
2025-09-27 17:00:13,091 - __main__ - INFO - 📈 Episode stats: avg return = -0.08, avg length = 300.0
2025-09-27 17:00:13,092 - __main__ - INFO - 🎯 Top 3 training actions: #1(38628), #3(34371), #5(25089)
2025-09-27 17:00:15,915 - __main__ - INFO - 📊 Episodes completed this rollout: 7
2025-09-27 17:00:15,915 - __main__ - INFO - 📈 Episode stats: avg return = 0.12, avg length = 257.9
2025-09-27 17:00:15,916 - __main__ - INFO - 🎯 Top 3 training actions: #1(38806), #3(34613), #5(25274)
2025-09-27 17:00:18,727 - __main__ - INFO - 📊 Episodes completed this rollout: 3
2025-09-27 17:00:18,728 - __main__ - INFO - 📈 Episode stats: avg return = 0.25, avg length = 241.3
2025-09-27 17:00:18,728 - __main__ - INFO - 🎯 Top 3 training actions: #1(39037), #3(34813), #5(25439)
2025-09-27 17:00:21,578 - __main__ - INFO - 📊 Episodes completed this rollout: 3
2025-09-27 17:00:21,578 - __main__ - INFO - 📈 Episode stats: avg return = -0.20, avg length = 300.0
2025-09-27 17:00:21,579 - __main__ - INFO - 🎯 Top 3 training actions: #1(39281), #3(35046), #5(25567)
2025-09-27 17:00:24,438 - __main__ - INFO - 📊 Episodes completed this rollout: 9
2025-09-27 17:00:24,438 - __main__ - INFO - 📈 Episode stats: avg return = 0.31, avg length = 182.0
2025-09-27 17:00:24,438 - __main__ - INFO - 🎯 Top 3 training actions: #1(39520), #3(35267), #5(25678)
2025-09-27 17:00:25,547 - __main__ - INFO - 🧪 Starting evaluation with 50 episodes...
2025-09-27 17:00:25,548 - __main__ - INFO -    Eval seed: 51
2025-09-27 17:00:25,548 - __main__ - INFO -    Max episode steps (eval): env default
2025-09-27 17:00:25,548 - nle.env.base - INFO - Not saving any NLE data.
2025-09-27 17:00:28,348 - __main__ - WARNING - ⚠️ Episode 1 terminated due to step limit.
2025-09-27 17:00:31,269 - __main__ - WARNING - ⚠️ Episode 2 terminated due to step limit.
2025-09-27 17:00:34,063 - __main__ - WARNING - ⚠️ Episode 3 terminated due to step limit.
2025-09-27 17:00:38,767 - __main__ - WARNING - ⚠️ Episode 5 terminated due to step limit.
2025-09-27 17:00:42,494 - __main__ - WARNING - ⚠️ Episode 7 terminated due to step limit.
2025-09-27 17:00:45,289 - __main__ - WARNING - ⚠️ Episode 8 terminated due to step limit.
2025-09-27 17:00:48,083 - __main__ - WARNING - ⚠️ Episode 9 terminated due to step limit.
2025-09-27 17:00:51,767 - __main__ - WARNING - ⚠️ Episode 13 terminated due to step limit.
2025-09-27 17:00:54,566 - __main__ - WARNING - ⚠️ Episode 14 terminated due to step limit.
2025-09-27 17:00:57,358 - __main__ - WARNING - ⚠️ Episode 15 terminated due to step limit.
2025-09-27 17:01:00,747 - __main__ - WARNING - ⚠️ Episode 17 terminated due to step limit.
2025-09-27 17:01:04,634 - __main__ - WARNING - ⚠️ Episode 20 terminated due to step limit.
2025-09-27 17:01:07,465 - __main__ - WARNING - ⚠️ Episode 21 terminated due to step limit.
2025-09-27 17:01:10,255 - __main__ - WARNING - ⚠️ Episode 22 terminated due to step limit.
2025-09-27 17:01:13,046 - __main__ - WARNING - ⚠️ Episode 23 terminated due to step limit.
2025-09-27 17:01:15,832 - __main__ - WARNING - ⚠️ Episode 24 terminated due to step limit.
2025-09-27 17:01:18,668 - __main__ - WARNING - ⚠️ Episode 25 terminated due to step limit.
2025-09-27 17:01:21,528 - __main__ - WARNING - ⚠️ Episode 26 terminated due to step limit.
2025-09-27 17:01:24,320 - __main__ - WARNING - ⚠️ Episode 27 terminated due to step limit.
2025-09-27 17:01:27,113 - __main__ - WARNING - ⚠️ Episode 28 terminated due to step limit.
2025-09-27 17:01:29,909 - __main__ - WARNING - ⚠️ Episode 29 terminated due to step limit.
2025-09-27 17:01:33,253 - __main__ - WARNING - ⚠️ Episode 31 terminated due to step limit.
2025-09-27 17:01:37,473 - __main__ - WARNING - ⚠️ Episode 36 terminated due to step limit.
2025-09-27 17:01:40,330 - __main__ - WARNING - ⚠️ Episode 37 terminated due to step limit.
2025-09-27 17:01:43,171 - __main__ - WARNING - ⚠️ Episode 38 terminated due to step limit.
2025-09-27 17:01:45,960 - __main__ - WARNING - ⚠️ Episode 39 terminated due to step limit.
2025-09-27 17:01:48,749 - __main__ - WARNING - ⚠️ Episode 40 terminated due to step limit.
2025-09-27 17:01:51,715 - __main__ - WARNING - ⚠️ Episode 42 terminated due to step limit.
2025-09-27 17:01:54,514 - __main__ - WARNING - ⚠️ Episode 43 terminated due to step limit.
2025-09-27 17:01:57,311 - __main__ - WARNING - ⚠️ Episode 44 terminated due to step limit.
2025-09-27 17:02:00,209 - __main__ - WARNING - ⚠️ Episode 46 terminated due to step limit.
2025-09-27 17:02:03,020 - __main__ - WARNING - ⚠️ Episode 47 terminated due to step limit.
2025-09-27 17:02:05,862 - __main__ - WARNING - ⚠️ Episode 48 terminated due to step limit.
2025-09-27 17:02:08,727 - __main__ - WARNING - ⚠️ Episode 49 terminated due to step limit.
2025-09-27 17:02:11,573 - __main__ - WARNING - ⚠️ Episode 50 terminated due to step limit.
2025-09-27 17:02:11,576 - __main__ - INFO - 📊 Evaluation Results (Current Round):
2025-09-27 17:02:11,576 - __main__ - INFO -    Episodes: 50
2025-09-27 17:02:11,577 - __main__ - INFO -    Time: 106.0s (2.1s/ep)
2025-09-27 17:02:11,577 - __main__ - INFO -    Average Return: 0.256 ± 0.486
2025-09-27 17:02:11,577 - __main__ - INFO -    Success Rate: 30.0%
2025-09-27 17:02:11,577 - __main__ - INFO -    Average Length: 225.8
2025-09-27 17:02:11,577 - __main__ - INFO -    Average Coverage: 54.6 positions
2025-09-27 17:02:11,577 - __main__ - INFO -    Episode Completions: 15 terminated (30.0%), 35 truncated (70.0%)
2025-09-27 17:02:11,577 - __main__ - INFO - 📈 Total Evaluation Statistics:
2025-09-27 17:02:11,577 - __main__ - INFO -    Total Episodes: 900
2025-09-27 17:02:11,577 - __main__ - INFO -    Total Average Return: 0.236 ± 0.549
2025-09-27 17:02:11,578 - __main__ - INFO -    Total Average Length: 227.7 ± 108.4
2025-09-27 17:02:11,578 - __main__ - INFO -    Total Completions: 326 terminated (36.2%), 574 truncated (63.8%)
2025-09-27 17:02:11,578 - __main__ - INFO -    Skill Entropy: 0.000
2025-09-27 17:02:11,578 - __main__ - INFO -    Used Skills: 0.0
2025-09-27 17:02:11,578 - __main__ - INFO -    Effective K: 0.00
2025-09-27 17:02:11,578 - __main__ - INFO - 🎯 Action Usage Statistics:
2025-09-27 17:02:11,578 - __main__ - INFO -    Unique actions in evaluation: 8
2025-09-27 17:02:11,578 - __main__ - INFO -    Unique actions in training: 8
2025-09-27 17:02:11,578 - __main__ - INFO -    Total unique actions: 8
2025-09-27 17:02:11,578 - __main__ - INFO -    Action coverage: 6.6%
2025-09-27 17:02:11,579 - __main__ - INFO -    Train action count: 180224
2025-09-27 17:02:11,579 - __main__ - INFO -    Eval action count: 204890
2025-09-27 17:02:11,579 - __main__ - INFO -    Train action entropy: 1.980
2025-09-27 17:02:11,579 - __main__ - INFO -    Eval action entropy: 1.974
2025-09-27 17:02:11,580 - __main__ - INFO -    Top 3 train actions: #1(39520), #3(35267), #5(25678)
2025-09-27 17:02:11,580 - __main__ - INFO -    Top 3 eval actions: #1(44456), #3(41967), #5(29018)
2025-09-27 17:02:16,072 - __main__ - INFO - 📊 Episodes completed this rollout: 7
2025-09-27 17:02:16,072 - __main__ - INFO - 📈 Episode stats: avg return = 0.26, avg length = 251.3
2025-09-27 17:02:16,072 - __main__ - INFO - 🎯 Top 3 training actions: #1(39954), #3(35671), #5(25899)
2025-09-27 17:02:18,853 - __main__ - INFO - 📊 Episodes completed this rollout: 2
2025-09-27 17:02:18,854 - __main__ - INFO - 📈 Episode stats: avg return = -0.06, avg length = 300.0
2025-09-27 17:02:18,854 - __main__ - INFO - 🎯 Top 3 training actions: #1(40134), #3(35826), #5(26023)
2025-09-27 17:02:21,652 - __main__ - INFO - 📊 Episodes completed this rollout: 4
2025-09-27 17:02:21,652 - __main__ - INFO - 📈 Episode stats: avg return = -0.04, avg length = 300.0
2025-09-27 17:02:21,652 - __main__ - INFO - 🎯 Top 3 training actions: #1(40310), #3(36023), #5(26171)
2025-09-27 17:02:24,471 - __main__ - INFO - 📊 Episodes completed this rollout: 6
2025-09-27 17:02:24,471 - __main__ - INFO - 📈 Episode stats: avg return = 0.28, avg length = 213.3
2025-09-27 17:02:24,471 - __main__ - INFO - 🎯 Top 3 training actions: #1(40494), #3(36196), #5(26296)
2025-09-27 17:02:27,237 - __main__ - INFO - 📊 Episodes completed this rollout: 1
2025-09-27 17:02:27,238 - __main__ - INFO - 📈 Episode stats: avg return = -0.01, avg length = 300.0
2025-09-27 17:02:27,238 - __main__ - INFO - 🎯 Top 3 training actions: #1(40666), #3(36339), #5(26426)
2025-09-27 17:02:30,102 - __main__ - INFO - 📊 Episodes completed this rollout: 6
2025-09-27 17:02:30,102 - __main__ - INFO - 📈 Episode stats: avg return = -0.01, avg length = 300.0
2025-09-27 17:02:30,102 - __main__ - INFO - 🎯 Top 3 training actions: #1(40825), #3(36484), #5(26543)
2025-09-27 17:02:31,222 - __main__ - INFO - 🔄 Synchronized model update at step 187,392
2025-09-27 17:02:31,223 - __main__ - INFO -    HMM interval: inf, VAE interval: 12,000
2025-09-27 17:02:31,224 - __main__ - INFO - 🚫 Model training masking: 72/12288 timesteps masked (0.6%) due to negative rewards (invalid actions)
2025-09-27 17:02:31,224 - __main__ - INFO - 🔄 VAE refresh starting at step 187,392 with replay size 8x1536
2025-09-27 17:02:31,225 - __main__ - INFO -    Using span sampling (12288 timesteps, too large for full buffer)
2025-09-27 17:02:58,261 - __main__ - INFO -    VAE refresh complete: final_loss=950.3535, avg_loss=969.0224, steps=4/4, trend=improving, total_timesteps=12288, span_sampling=32_requested×4_steps, span_len=64
2025-09-27 17:02:58,263 - __main__ - INFO -    ✅ VAE updated (next in 12,000 steps)
2025-09-27 17:02:59,903 - __main__ - INFO - 📊 Episodes completed this rollout: 1
2025-09-27 17:02:59,903 - __main__ - INFO - 📈 Episode stats: avg return = 0.00, avg length = 300.0
2025-09-27 17:02:59,904 - __main__ - INFO - 🎯 Top 3 training actions: #1(40990), #3(36635), #5(26647)
2025-09-27 17:03:02,730 - __main__ - INFO - 📊 Episodes completed this rollout: 7
2025-09-27 17:03:02,730 - __main__ - INFO - 📈 Episode stats: avg return = 0.27, avg length = 270.4
2025-09-27 17:03:02,731 - __main__ - INFO - 🎯 Top 3 training actions: #1(41185), #3(36754), #5(26750)
2025-09-27 17:03:05,485 - __main__ - INFO - 📊 Episodes completed this rollout: 1
2025-09-27 17:03:05,485 - __main__ - INFO - 📈 Episode stats: avg return = 0.00, avg length = 300.0
2025-09-27 17:03:05,485 - __main__ - INFO - 🎯 Top 3 training actions: #1(41388), #3(36892), #5(26862)
2025-09-27 17:03:06,594 - __main__ - INFO - 🧪 Starting evaluation with 50 episodes...
2025-09-27 17:03:06,594 - __main__ - INFO -    Eval seed: 51
2025-09-27 17:03:06,594 - __main__ - INFO -    Max episode steps (eval): env default
2025-09-27 17:03:06,594 - nle.env.base - INFO - Not saving any NLE data.
2025-09-27 17:03:09,476 - __main__ - WARNING - ⚠️ Episode 1 terminated due to step limit.
2025-09-27 17:03:15,894 - __main__ - WARNING - ⚠️ Episode 5 terminated due to step limit.
2025-09-27 17:03:20,886 - __main__ - WARNING - ⚠️ Episode 7 terminated due to step limit.
2025-09-27 17:03:23,777 - __main__ - WARNING - ⚠️ Episode 9 terminated due to step limit.
2025-09-27 17:03:26,634 - __main__ - WARNING - ⚠️ Episode 10 terminated due to step limit.
2025-09-27 17:03:29,588 - __main__ - WARNING - ⚠️ Episode 11 terminated due to step limit.
2025-09-27 17:03:32,544 - __main__ - WARNING - ⚠️ Episode 12 terminated due to step limit.
2025-09-27 17:03:35,586 - __main__ - WARNING - ⚠️ Episode 14 terminated due to step limit.
2025-09-27 17:03:38,540 - __main__ - WARNING - ⚠️ Episode 15 terminated due to step limit.
2025-09-27 17:03:41,653 - __main__ - WARNING - ⚠️ Episode 17 terminated due to step limit.
2025-09-27 17:03:44,582 - __main__ - WARNING - ⚠️ Episode 18 terminated due to step limit.
2025-09-27 17:03:48,825 - __main__ - WARNING - ⚠️ Episode 22 terminated due to step limit.
2025-09-27 17:03:51,660 - __main__ - WARNING - ⚠️ Episode 24 terminated due to step limit.
2025-09-27 17:03:54,439 - __main__ - WARNING - ⚠️ Episode 25 terminated due to step limit.
2025-09-27 17:03:58,143 - __main__ - WARNING - ⚠️ Episode 27 terminated due to step limit.
2025-09-27 17:04:01,740 - __main__ - WARNING - ⚠️ Episode 29 terminated due to step limit.
2025-09-27 17:04:04,525 - __main__ - WARNING - ⚠️ Episode 30 terminated due to step limit.
2025-09-27 17:04:07,312 - __main__ - WARNING - ⚠️ Episode 31 terminated due to step limit.
2025-09-27 17:04:11,753 - __main__ - WARNING - ⚠️ Episode 35 terminated due to step limit.
2025-09-27 17:04:14,540 - __main__ - WARNING - ⚠️ Episode 36 terminated due to step limit.
2025-09-27 17:04:17,771 - __main__ - WARNING - ⚠️ Episode 38 terminated due to step limit.
2025-09-27 17:04:20,607 - __main__ - WARNING - ⚠️ Episode 39 terminated due to step limit.
2025-09-27 17:04:24,270 - __main__ - WARNING - ⚠️ Episode 42 terminated due to step limit.
2025-09-27 17:04:27,196 - __main__ - WARNING - ⚠️ Episode 43 terminated due to step limit.
2025-09-27 17:04:30,059 - __main__ - WARNING - ⚠️ Episode 44 terminated due to step limit.
2025-09-27 17:04:36,149 - __main__ - WARNING - ⚠️ Episode 49 terminated due to step limit.
2025-09-27 17:04:39,006 - __main__ - WARNING - ⚠️ Episode 50 terminated due to step limit.
2025-09-27 17:04:39,009 - __main__ - INFO - 📊 Evaluation Results (Current Round):
2025-09-27 17:04:39,009 - __main__ - INFO -    Episodes: 50
2025-09-27 17:04:39,009 - __main__ - INFO -    Time: 92.4s (1.8s/ep)
2025-09-27 17:04:39,009 - __main__ - INFO -    Average Return: 0.439 ± 0.514
2025-09-27 17:04:39,009 - __main__ - INFO -    Success Rate: 46.0%
2025-09-27 17:04:39,009 - __main__ - INFO -    Average Length: 194.0
2025-09-27 17:04:39,009 - __main__ - INFO -    Average Coverage: 50.9 positions
2025-09-27 17:04:39,009 - __main__ - INFO -    Episode Completions: 23 terminated (46.0%), 27 truncated (54.0%)
2025-09-27 17:04:39,009 - __main__ - INFO - 📈 Total Evaluation Statistics:
2025-09-27 17:04:39,009 - __main__ - INFO -    Total Episodes: 950
2025-09-27 17:04:39,009 - __main__ - INFO -    Total Average Return: 0.246 ± 0.549
2025-09-27 17:04:39,010 - __main__ - INFO -    Total Average Length: 225.9 ± 109.6
2025-09-27 17:04:39,010 - __main__ - INFO -    Total Completions: 349 terminated (36.7%), 601 truncated (63.3%)
2025-09-27 17:04:39,010 - __main__ - INFO -    Skill Entropy: 0.000
2025-09-27 17:04:39,010 - __main__ - INFO -    Used Skills: 0.0
2025-09-27 17:04:39,010 - __main__ - INFO -    Effective K: 0.00
2025-09-27 17:04:39,010 - __main__ - INFO - 🎯 Action Usage Statistics:
2025-09-27 17:04:39,010 - __main__ - INFO -    Unique actions in evaluation: 8
2025-09-27 17:04:39,010 - __main__ - INFO -    Unique actions in training: 8
2025-09-27 17:04:39,010 - __main__ - INFO -    Total unique actions: 8
2025-09-27 17:04:39,010 - __main__ - INFO -    Action coverage: 6.6%
2025-09-27 17:04:39,011 - __main__ - INFO -    Train action count: 190464
2025-09-27 17:04:39,011 - __main__ - INFO -    Eval action count: 214592
2025-09-27 17:04:39,011 - __main__ - INFO -    Train action entropy: 1.984
2025-09-27 17:04:39,011 - __main__ - INFO -    Eval action entropy: 1.978
2025-09-27 17:04:39,012 - __main__ - INFO -    Top 3 train actions: #1(41388), #3(36892), #5(26862)
2025-09-27 17:04:39,012 - __main__ - INFO -    Top 3 eval actions: #1(46179), #3(43247), #5(30072)
2025-09-27 17:04:40,716 - __main__ - INFO - 📊 Episodes completed this rollout: 4
2025-09-27 17:04:40,717 - __main__ - INFO - 📈 Episode stats: avg return = -0.02, avg length = 300.0
2025-09-27 17:04:40,717 - __main__ - INFO - 🎯 Top 3 training actions: #1(41560), #3(37028), #5(26977)
2025-09-27 17:04:43,493 - __main__ - INFO - 📊 Episodes completed this rollout: 5
2025-09-27 17:04:43,493 - __main__ - INFO - 📈 Episode stats: avg return = 0.20, avg length = 241.8
2025-09-27 17:04:43,493 - __main__ - INFO - 🎯 Top 3 training actions: #1(41752), #3(37201), #5(27074)
2025-09-27 17:04:46,291 - __main__ - INFO - 📊 Episodes completed this rollout: 5
2025-09-27 17:04:46,291 - __main__ - INFO - 📈 Episode stats: avg return = 0.35, avg length = 255.2
2025-09-27 17:04:46,291 - __main__ - INFO - 🎯 Top 3 training actions: #1(41951), #3(37393), #5(27190)
2025-09-27 17:04:49,118 - __main__ - INFO - 📊 Episodes completed this rollout: 4
2025-09-27 17:04:49,118 - __main__ - INFO - 📈 Episode stats: avg return = 0.21, avg length = 247.8
2025-09-27 17:04:49,118 - __main__ - INFO - 🎯 Top 3 training actions: #1(42117), #3(37602), #5(27315)
2025-09-27 17:04:51,904 - __main__ - INFO - 📊 Episodes completed this rollout: 4
2025-09-27 17:04:51,904 - __main__ - INFO - 📈 Episode stats: avg return = 0.74, avg length = 193.8
2025-09-27 17:04:51,904 - __main__ - INFO - 🎯 Top 3 training actions: #1(42260), #3(37815), #5(27435)
2025-09-27 17:04:54,740 - __main__ - INFO - 📊 Episodes completed this rollout: 4
2025-09-27 17:04:54,740 - __main__ - INFO - 📈 Episode stats: avg return = -0.01, avg length = 300.0
2025-09-27 17:04:54,740 - __main__ - INFO - 🎯 Top 3 training actions: #1(42433), #3(37997), #5(27552)
2025-09-27 17:04:57,489 - __main__ - INFO - 📊 Episodes completed this rollout: 3
2025-09-27 17:04:57,490 - __main__ - INFO - 📈 Episode stats: avg return = 0.31, avg length = 203.7
2025-09-27 17:04:57,490 - __main__ - INFO - 🎯 Top 3 training actions: #1(42592), #3(38178), #5(27659)
2025-09-27 17:05:00,255 - __main__ - INFO - 📊 Episodes completed this rollout: 5
2025-09-27 17:05:00,255 - __main__ - INFO - 📈 Episode stats: avg return = 0.38, avg length = 209.2
2025-09-27 17:05:00,255 - __main__ - INFO - 🎯 Top 3 training actions: #1(42722), #3(38345), #5(27781)
2025-09-27 17:05:03,038 - __main__ - INFO - 📊 Episodes completed this rollout: 4
2025-09-27 17:05:03,039 - __main__ - INFO - 📈 Episode stats: avg return = -0.02, avg length = 300.0
2025-09-27 17:05:03,039 - __main__ - INFO - 🎯 Top 3 training actions: #1(42865), #3(38489), #5(27875)
2025-09-27 17:05:04,132 - __main__ - INFO - 🔄 Synchronized model update at step 199,680
2025-09-27 17:05:04,132 - __main__ - INFO -    HMM interval: inf, VAE interval: 12,000
2025-09-27 17:05:04,133 - __main__ - INFO - 🚫 Model training masking: 108/12288 timesteps masked (0.9%) due to negative rewards (invalid actions)
2025-09-27 17:05:04,133 - __main__ - INFO - 🔄 VAE refresh starting at step 199,680 with replay size 8x1536
2025-09-27 17:05:04,134 - __main__ - INFO -    Using span sampling (12288 timesteps, too large for full buffer)
2025-09-27 17:05:30,886 - __main__ - INFO -    VAE refresh complete: final_loss=945.7789, avg_loss=963.3422, steps=4/4, trend=improving, total_timesteps=12288, span_sampling=32_requested×4_steps, span_len=64
2025-09-27 17:05:30,888 - __main__ - INFO -    ✅ VAE updated (next in 12,000 steps)
2025-09-27 17:05:30,891 - __main__ - INFO - ⏱️  Training completed in 3020.74 seconds
2025-09-27 17:05:30,891 - __main__ - INFO - 💾 Saving final PPO checkpoint...
2025-09-27 17:05:30,900 - __main__ - INFO - 💾 Final checkpoint saved: checkpoints/ablation_no_hmm_curiosity_dyn_only_MiniHack_Room_Random_15x15_v0_20250927-161507/ppo_policy.pth
2025-09-27 17:05:30,904 - __main__ - INFO - 📊 Collected 268 training log entries
2025-09-27 17:05:30,905 - __main__ - INFO - ☁️  Uploading all model components to HuggingFace...
2025-09-27 17:05:31,061 - __main__ - INFO - 📦 Created/verified repository: CatkinChen/nethack-ppo-ablation-no_hmm_curiosity_dyn_only
2025-09-27 17:05:31,062 - __main__ - INFO - 📤 Uploading PPO policy checkpoint...
2025-09-27 17:05:34,260 - __main__ - INFO - 📤 Uploading VAE model...
2025-09-27 17:05:38,031 - __main__ - INFO - ✅ VAE model uploaded successfully
2025-09-27 17:05:38,031 - __main__ - INFO - 📤 Uploading HMM model...
2025-09-27 17:05:38,032 - __main__ - WARNING - ⚠️  HMM upload failed: 'NoneType' object has no attribute 'get_posterior_params'
2025-09-27 17:05:38,032 - __main__ - INFO - 📝 Creating model card...
2025-09-27 17:05:38,716 - __main__ - INFO - ✅ Model card uploaded successfully
2025-09-27 17:05:38,716 - __main__ - INFO - 📄 Uploading training configuration...
2025-09-27 17:05:39,384 - __main__ - INFO - ✅ Training configuration uploaded successfully
2025-09-27 17:05:39,385 - __main__ - INFO - 🎉 All model components uploaded to: https://huggingface.co/CatkinChen/nethack-ppo-ablation-no_hmm_curiosity_dyn_only
2025-09-27 17:05:39,385 - __main__ - INFO - 📈 Uploading training artifacts...
2025-09-27 17:05:42,861 - __main__ - INFO - ✅ Training artifacts uploaded successfully
2025-09-27 17:05:43,558 - __main__ - INFO - 🎉 Training completed successfully!
