{
  "round": 1,
  "avg_loglik_per_step": -50.88261627431064,
  "state_entropy": 0.01915413700044155,
  "effective_K": 1.0314040184020996,
  "stickiness_diag_mean": 0.03201498091220856,
  "top5_pi": [
    0.9958666563034058,
    0.002724621444940567,
    0.0009499986772425473,
    0.0002709398395381868,
    9.533989941701293e-05
  ],
  "top5_idx": [
    0,
    1,
    2,
    3,
    4
  ]
}