{
  "round": 1,
  "avg_loglik_per_step": -38.59453437182265,
  "state_entropy": 0.06915026158094406,
  "effective_K": 38.056175231933594,
  "stickiness_diag_mean": 0.9065300822257996,
  "expected_dwell_length_per_state": [
    15.302401542663574,
    31.45523452758789,
    37.75650405883789,
    31.382041931152344,
    24.68787956237793,
    1.388283610343933,
    17.8150691986084,
    18.28356170654297,
    8.666772842407227,
    14.153843879699707,
    9.577835083007812,
    18.737180709838867,
    13.426326751708984,
    13.729028701782227,
    17.206483840942383,
    39.92350769042969,
    11.7514009475708,
    20.405000686645508,
    22.672035217285156,
    8.137781143188477,
    18.75972557067871,
    30.756568908691406,
    13.919269561767578,
    12.108512878417969,
    1.600012183189392,
    7.531818389892578,
    15.81057357788086,
    15.70801830291748,
    46.08580780029297,
    17.590604782104492,
    38.653526306152344,
    14.433379173278809,
    8.521682739257812,
    19.305259704589844,
    34.95253372192383,
    8.145896911621094,
    22.494510650634766,
    23.119049072265625,
    10.016541481018066,
    13.826411247253418,
    19.714313507080078
  ],
  "top5_pi": [
    0.04609015956521034,
    0.045363567769527435,
    0.0395035482943058,
    0.03628486394882202,
    0.035870738327503204
  ],
  "top5_idx": [
    13,
    3,
    6,
    34,
    22
  ]
}