{
  "round": 1,
  "avg_loglik_per_step": -38.439516116498275,
  "state_entropy": 0.050341520458459854,
  "effective_K": 36.8463020324707,
  "stickiness_diag_mean": 0.8703764081001282,
  "expected_dwell_length_per_state": [
    7.212098598480225,
    9.978586196899414,
    13.285074234008789,
    10.869881629943848,
    31.06374168395996,
    30.653955459594727,
    33.187705993652344,
    1.1796809434890747,
    16.656869888305664,
    23.447715759277344,
    7.222891330718994,
    20.714275360107422,
    38.318843841552734,
    11.965563774108887,
    11.559253692626953,
    17.973495483398438,
    1.10487699508667,
    37.23529052734375,
    1.0825538635253906,
    13.536955833435059,
    8.725336074829102,
    13.34764575958252,
    14.752443313598633,
    16.58350372314453,
    11.966451644897461,
    36.92729568481445,
    4.640624046325684,
    56.932518005371094,
    17.08001136779785,
    12.574738502502441,
    11.483386039733887,
    9.969786643981934,
    22.623456954956055,
    11.189286231994629,
    38.33469009399414,
    43.892642974853516,
    19.76168441772461,
    12.393197059631348,
    59.37051010131836,
    20.814422607421875
  ],
  "top5_pi": [
    0.04130999743938446,
    0.04113931208848953,
    0.03984144330024719,
    0.03928154334425926,
    0.03925707936286926
  ],
  "top5_idx": [
    37,
    22,
    30,
    17,
    21
  ]
}