{
  "round": 1,
  "avg_loglik_per_step": -38.93239759429583,
  "state_entropy": 0.06260494887828827,
  "effective_K": 32.36465072631836,
  "stickiness_diag_mean": 0.7784343957901001,
  "expected_dwell_length_per_state": [
    3.7236132621765137,
    4.766985893249512,
    6.7586212158203125,
    3.844815969467163,
    8.650930404663086,
    11.02512264251709,
    7.996964454650879,
    1.162737488746643,
    6.4513139724731445,
    5.986528396606445,
    5.234941005706787,
    8.843947410583496,
    14.532346725463867,
    11.494062423706055,
    5.993898868560791,
    9.393043518066406,
    1.067097544670105,
    16.499252319335938,
    1.076310634613037,
    9.715531349182129,
    6.133863925933838,
    11.04577350616455,
    10.765460014343262,
    8.840965270996094,
    3.1587722301483154,
    6.824483871459961,
    1.0932115316390991,
    15.94572639465332,
    9.422686576843262,
    8.498106002807617,
    7.209439277648926,
    6.851221561431885,
    13.490683555603027,
    4.709901809692383,
    9.112174034118652,
    6.779930591583252,
    2.065537691116333,
    11.793198585510254,
    15.569808959960938,
    8.739786148071289
  ],
  "top5_pi": [
    0.056184519082307816,
    0.049862079322338104,
    0.04895533621311188,
    0.048251811414957047,
    0.045511990785598755
  ],
  "top5_idx": [
    5,
    37,
    21,
    22,
    12
  ]
}