{
  "round": 1,
  "avg_loglik_per_step": -38.935257302934126,
  "state_entropy": 0.053771570324897766,
  "effective_K": 32.70869827270508,
  "stickiness_diag_mean": 0.8360794186592102,
  "expected_dwell_length_per_state": [
    13.899205207824707,
    13.875811576843262,
    13.092185020446777,
    21.633031845092773,
    14.012822151184082,
    8.39187240600586,
    16.027053833007812,
    6.821515083312988,
    8.188849449157715,
    7.479924201965332,
    1.2462340593338013,
    9.629056930541992,
    5.377373218536377,
    9.009052276611328,
    27.14316177368164,
    10.83769416809082,
    4.072080612182617,
    11.539948463439941,
    35.93182373046875,
    12.664104461669922,
    13.808544158935547,
    42.482784271240234,
    16.686988830566406,
    1.0815616846084595,
    9.625775337219238,
    26.37023162841797,
    5.259514808654785,
    14.031503677368164,
    1.0505871772766113,
    15.569316864013672,
    13.599435806274414,
    10.153640747070312,
    13.556130409240723,
    21.359651565551758,
    4.010650157928467,
    9.152897834777832,
    21.955453872680664,
    2.1654021739959717,
    9.266491889953613,
    10.279054641723633
  ],
  "top5_pi": [
    0.06460902839899063,
    0.05939902365207672,
    0.0481649786233902,
    0.04770242050290108,
    0.04194484278559685
  ],
  "top5_idx": [
    0,
    32,
    6,
    20,
    15
  ]
}