{
  "round": 1,
  "avg_loglik_per_step": -38.93527155593519,
  "state_entropy": 0.05376465618610382,
  "effective_K": 32.70881652832031,
  "stickiness_diag_mean": 0.8360840678215027,
  "expected_dwell_length_per_state": [
    13.8998384475708,
    13.875914573669434,
    13.093186378479004,
    21.648691177368164,
    14.011780738830566,
    8.391162872314453,
    16.02650260925293,
    6.8207550048828125,
    8.189688682556152,
    7.480681419372559,
    1.2462676763534546,
    9.629692077636719,
    5.377361297607422,
    9.01150131225586,
    27.13806915283203,
    10.837525367736816,
    4.0722150802612305,
    11.539766311645508,
    35.93274688720703,
    12.663617134094238,
    13.80936336517334,
    42.484397888183594,
    16.70328712463379,
    1.0815614461898804,
    9.625858306884766,
    26.368408203125,
    5.259453773498535,
    14.03143310546875,
    1.0505892038345337,
    15.570025444030762,
    13.600813865661621,
    10.153247833251953,
    13.5570068359375,
    21.355056762695312,
    4.01066780090332,
    9.15339183807373,
    21.953815460205078,
    2.1655306816101074,
    9.266707420349121,
    10.279520988464355
  ],
  "top5_pi": [
    0.06460552662611008,
    0.059398263692855835,
    0.04816364869475365,
    0.047700434923172,
    0.04194480553269386
  ],
  "top5_idx": [
    0,
    32,
    6,
    20,
    15
  ]
}