{
  "round": 1,
  "avg_loglik_per_step": -38.90612931334607,
  "state_entropy": 0.06478172540664673,
  "effective_K": 32.41026306152344,
  "stickiness_diag_mean": 0.7381158471107483,
  "expected_dwell_length_per_state": [
    10.364995002746582,
    9.292086601257324,
    6.761268615722656,
    1.0923963785171509,
    1.060768961906433,
    3.735275983810425,
    4.351953506469727,
    9.691577911376953,
    9.586054801940918,
    10.901849746704102,
    7.180496692657471,
    8.673417091369629,
    8.681225776672363,
    6.638169288635254,
    9.528562545776367,
    7.076841354370117,
    6.902965545654297,
    11.853656768798828,
    1.1645139455795288,
    6.2054524421691895,
    1.0929468870162964,
    11.00924301147461,
    15.996277809143066,
    1.092944622039795,
    1.0980253219604492,
    9.08719539642334,
    12.22060489654541,
    9.742980003356934,
    10.08631706237793,
    14.131692886352539,
    8.721131324768066,
    6.297214984893799,
    1.0892728567123413,
    12.382879257202148,
    5.509836673736572,
    5.869013786315918,
    14.218400955200195,
    8.975008010864258,
    6.093086242675781,
    8.043107986450195
  ],
  "top5_pi": [
    0.06076909229159355,
    0.04616113007068634,
    0.04173595458269119,
    0.0410504974424839,
    0.040874093770980835
  ],
  "top5_idx": [
    9,
    21,
    22,
    0,
    29
  ]
}