{
  "round": 1,
  "avg_loglik_per_step": -48.96209359222728,
  "state_entropy": 0.014297573827207088,
  "effective_K": 1.0239964723587036,
  "stickiness_diag_mean": 0.6082490086555481,
  "top5_pi": [
    0.9969984889030457,
    0.0018727242713794112,
    0.0007051253342069685,
    0.00023700689780525863,
    9.482682798989117e-05
  ],
  "top5_idx": [
    0,
    1,
    2,
    3,
    4
  ]
}