{
  "round": 1,
  "avg_loglik_per_step": -50.82655714739008,
  "state_entropy": 0.0033284330274909735,
  "effective_K": 1.0070525407791138,
  "stickiness_diag_mean": 0.026042256504297256,
  "top5_pi": [
    0.9992777109146118,
    0.0005388990975916386,
    4.95298627356533e-06,
    4.919843377138022e-06,
    4.857186922890833e-06
  ],
  "top5_idx": [
    21,
    40,
    6,
    17,
    10
  ]
}