{
  "round": 1,
  "avg_loglik_per_step": -39.82541735148541,
  "state_entropy": 0.09051711112260818,
  "effective_K": 36.60810852050781,
  "stickiness_diag_mean": 0.7777724862098694,
  "expected_dwell_length_per_state": [
    6.317215442657471,
    6.672837734222412,
    6.446502208709717,
    7.847936153411865,
    6.945574760437012,
    4.7280049324035645,
    4.99580192565918,
    4.703617572784424,
    5.273365020751953,
    5.1054863929748535,
    1.0789531469345093,
    5.431446075439453,
    5.3427886962890625,
    5.628157138824463,
    6.966134071350098,
    6.604771614074707,
    4.561011791229248,
    6.955205917358398,
    9.347576141357422,
    6.812808513641357,
    5.7075958251953125,
    7.880760192871094,
    9.677523612976074,
    1.0789341926574707,
    6.777517318725586,
    6.909472942352295,
    4.973583698272705,
    11.283397674560547,
    1.0456774234771729,
    11.50441837310791,
    7.610575199127197,
    6.105425834655762,
    6.09706974029541,
    6.5696210861206055,
    3.425602912902832,
    4.9685845375061035,
    11.543418884277344,
    3.77472186088562,
    5.64126443862915,
    6.015844821929932
  ],
  "top5_pi": [
    0.04517649486660957,
    0.0429193414747715,
    0.040406446903944016,
    0.03906635567545891,
    0.037701014429330826
  ],
  "top5_idx": [
    18,
    32,
    0,
    20,
    21
  ]
}