{
  "round": 1,
  "avg_loglik_per_step": -20.471539540017705,
  "state_entropy": 3.688878059387207,
  "effective_K": 40.0000114440918,
  "stickiness_diag_mean": 0.08140997588634491,
  "expected_dwell_length_per_state": [
    1.0886256694793701,
    1.0886256694793701,
    1.0886256694793701,
    1.0886248350143433,
    1.0886256694793701,
    1.0886256694793701,
    1.0886256694793701,
    1.0886248350143433,
    1.0886248350143433,
    1.0886248350143433,
    1.0886248350143433,
    1.0886248350143433,
    1.0886248350143433,
    1.0886248350143433,
    1.0886248350143433,
    1.0886248350143433,
    1.0886248350143433,
    1.0886248350143433,
    1.0886248350143433,
    1.0886248350143433,
    1.0886248350143433,
    1.0886248350143433,
    1.0886248350143433,
    1.0886248350143433,
    1.0886248350143433,
    1.0886248350143433,
    1.0886248350143433,
    1.0886248350143433,
    1.0886248350143433,
    1.0886248350143433,
    1.0886248350143433,
    1.0886248350143433,
    1.0886248350143433,
    1.0886248350143433,
    1.0886248350143433,
    1.0886248350143433,
    1.0886248350143433,
    1.0886248350143433,
    1.0886248350143433,
    1.0886248350143433
  ],
  "top5_pi": [
    0.02500002831220627,
    0.02500002831220627,
    0.02500002831220627,
    0.02500002831220627,
    0.02500002831220627
  ],
  "top5_idx": [
    28,
    26,
    27,
    25,
    29
  ]
}