{
  "round": 1,
  "avg_loglik_per_step": -40.74606964532624,
  "state_entropy": 0.07692861557006836,
  "effective_K": 7.612900733947754,
  "stickiness_diag_mean": 0.4027788043022156,
  "expected_dwell_length_per_state": [
    1.087561011314392,
    1.2570890188217163,
    3.8278400897979736,
    18.064685821533203,
    1.3720011711120605,
    1.134381651878357,
    1.2297605276107788,
    31.68094825744629,
    9.300782203674316,
    1.1149903535842896,
    1.121225118637085,
    1.087584376335144,
    3.7801191806793213,
    2.252964735031128,
    1.187777042388916,
    1.087950348854065,
    3.4242045879364014,
    1.631245493888855,
    2.012486219406128,
    1.0975840091705322,
    1.484071969985962,
    1.3671001195907593,
    1.1566122770309448,
    1.1005830764770508,
    1.2847720384597778,
    1.1881699562072754,
    12.236184120178223,
    14.15829849243164,
    1.0970796346664429,
    15.415290832519531,
    4.371200084686279,
    27.264863967895508,
    1.1770310401916504,
    1.738733172416687,
    2.980720281600952,
    1.3927102088928223,
    1.0883018970489502,
    1.353603720664978,
    1.3643543720245361,
    1.3469938039779663
  ],
  "top5_pi": [
    0.22379298508167267,
    0.21472769975662231,
    0.20677974820137024,
    0.11428770422935486,
    0.0776175856590271
  ],
  "top5_idx": [
    3,
    7,
    31,
    26,
    8
  ]
}