{
  "round": 1,
  "avg_loglik_per_step": -38.390493315167255,
  "state_entropy": 0.05444228649139404,
  "effective_K": 36.548099517822266,
  "stickiness_diag_mean": 0.8666039705276489,
  "expected_dwell_length_per_state": [
    12.262701988220215,
    18.223703384399414,
    23.87111473083496,
    21.246610641479492,
    17.693883895874023,
    12.449718475341797,
    18.38174057006836,
    7.303819179534912,
    8.188961029052734,
    12.137350082397461,
    1.1554765701293945,
    10.274748802185059,
    7.2179036140441895,
    12.408632278442383,
    34.087493896484375,
    15.641472816467285,
    7.465731620788574,
    20.621723175048828,
    37.28444290161133,
    16.282630920410156,
    15.631475448608398,
    48.95155715942383,
    39.67642593383789,
    1.0768812894821167,
    11.7429780960083,
    54.363460540771484,
    7.422154426574707,
    21.320158004760742,
    1.133872389793396,
    38.31753158569336,
    48.94213104248047,
    11.984769821166992,
    15.82503890991211,
    28.694355010986328,
    5.019573211669922,
    11.7393217086792,
    32.10753631591797,
    7.740460395812988,
    14.14262866973877,
    12.02434253692627
  ],
  "top5_pi": [
    0.04301707446575165,
    0.04239974915981293,
    0.04201120510697365,
    0.038061726838350296,
    0.03726082667708397
  ],
  "top5_idx": [
    32,
    18,
    20,
    21,
    0
  ]
}