{
  "round": 1,
  "avg_loglik_per_step": -38.91421068060863,
  "state_entropy": 0.02910432033240795,
  "effective_K": 32.3171501159668,
  "stickiness_diag_mean": 0.8927415609359741,
  "expected_dwell_length_per_state": [
    10.321328163146973,
    10.317049980163574,
    57.66654586791992,
    8.855828285217285,
    62.80355453491211,
    16.450862884521484,
    69.81895446777344,
    1.3004158735275269,
    49.29096603393555,
    21.398008346557617,
    6.718453884124756,
    22.99899673461914,
    68.68842315673828,
    102.58784484863281,
    28.011280059814453,
    18.150501251220703,
    1.0138436555862427,
    82.94998931884766,
    1.4016095399856567,
    16.312917709350586,
    45.72819137573242,
    15.552978515625,
    44.955509185791016,
    16.059608459472656,
    21.261123657226562,
    76.59150695800781,
    5.983876705169678,
    119.58612823486328,
    39.63799285888672,
    13.636797904968262,
    11.475767135620117,
    9.309927940368652,
    148.9282684326172,
    10.101948738098145,
    102.42750549316406,
    28.266599655151367,
    28.34209442138672,
    20.07084083557129,
    171.96466064453125,
    57.127540588378906
  ],
  "top5_pi": [
    0.054844945669174194,
    0.0542546845972538,
    0.05140300840139389,
    0.051229313015937805,
    0.04642971605062485
  ],
  "top5_idx": [
    37,
    5,
    31,
    22,
    21
  ]
}