{
  "round": 1,
  "avg_loglik_per_step": -39.375633494287975,
  "state_entropy": 0.0877934992313385,
  "effective_K": 8.934135437011719,
  "stickiness_diag_mean": 0.26232630014419556,
  "expected_dwell_length_per_state": [
    1.034042239189148,
    1.034155011177063,
    1.0461337566375732,
    18.350616455078125,
    1.0339903831481934,
    1.0341070890426636,
    1.034696102142334,
    17.77737045288086,
    11.143179893493652,
    1.0340298414230347,
    1.062628984451294,
    1.0339993238449097,
    3.7425551414489746,
    1.0339770317077637,
    1.0341366529464722,
    1.0343059301376343,
    3.342231273651123,
    1.0343927145004272,
    1.0355026721954346,
    1.0347651243209839,
    1.0352121591567993,
    1.0352187156677246,
    1.035473346710205,
    1.0810489654541016,
    1.035433292388916,
    1.0357468128204346,
    15.09433364868164,
    12.61882209777832,
    1.0355627536773682,
    12.701005935668945,
    4.459887981414795,
    27.217802047729492,
    1.0348962545394897,
    1.0356508493423462,
    3.0175983905792236,
    1.0455182790756226,
    1.0347506999969482,
    1.0366719961166382,
    1.038922667503357,
    1.0457401275634766
  ],
  "top5_pi": [
    0.19827057421207428,
    0.1765350103378296,
    0.1702839881181717,
    0.15002788603305817,
    0.10336031019687653
  ],
  "top5_idx": [
    31,
    26,
    3,
    7,
    8
  ]
}