{
  "round": 1,
  "avg_loglik_per_step": -40.396708127086505,
  "state_entropy": 0.0692749097943306,
  "effective_K": 7.812604904174805,
  "stickiness_diag_mean": 0.29742541909217834,
  "expected_dwell_length_per_state": [
    1.0879693031311035,
    1.0880963802337646,
    1.0961861610412598,
    18.249235153198242,
    1.088027000427246,
    1.0881623029708862,
    1.088313341140747,
    34.007755279541016,
    10.512284278869629,
    1.0880805253982544,
    1.1115741729736328,
    1.08804190158844,
    3.834965705871582,
    1.0880464315414429,
    1.088223934173584,
    1.0884181261062622,
    3.4039742946624756,
    1.0886412858963013,
    1.0888808965682983,
    1.0891069173812866,
    1.0893738269805908,
    1.0896366834640503,
    1.0899286270141602,
    1.0931116342544556,
    1.08986496925354,
    1.090221881866455,
    13.335115432739258,
    18.25680160522461,
    1.0938663482666016,
    14.104521751403809,
    4.542832374572754,
    28.609312057495117,
    1.088911533355713,
    1.0896732807159424,
    2.9675989151000977,
    1.1012378931045532,
    1.0886245965957642,
    1.0911206007003784,
    1.0931199789047241,
    1.10085928440094
  ],
  "top5_pi": [
    0.2154952585697174,
    0.2150494009256363,
    0.1824961155653,
    0.12771695852279663,
    0.10538994520902634
  ],
  "top5_idx": [
    3,
    31,
    7,
    26,
    8
  ]
}