{
  "round": 1,
  "avg_loglik_per_step": -38.39049631051306,
  "state_entropy": 0.05444212630391121,
  "effective_K": 36.54811096191406,
  "stickiness_diag_mean": 0.8666038513183594,
  "expected_dwell_length_per_state": [
    12.262693405151367,
    18.223703384399414,
    23.87108039855957,
    21.246610641479492,
    17.69390106201172,
    12.44970989227295,
    18.3817195892334,
    7.303815841674805,
    8.18896484375,
    12.137358665466309,
    1.1554763317108154,
    10.274748802185059,
    7.2179036140441895,
    12.408623695373535,
    34.08742141723633,
    15.641487121582031,
    7.465731620788574,
    20.621749877929688,
    37.28444290161133,
    16.282630920410156,
    15.631461143493652,
    48.95155715942383,
    39.67679977416992,
    1.0768812894821167,
    11.7429780960083,
    54.363460540771484,
    7.4221577644348145,
    21.320131301879883,
    1.133873701095581,
    38.31770706176758,
    48.94213104248047,
    11.984769821166992,
    15.825054168701172,
    28.694305419921875,
    5.0195746421813965,
    11.7393217086792,
    32.10753631591797,
    7.740457057952881,
    14.142640113830566,
    12.024333953857422
  ],
  "top5_pi": [
    0.043016720563173294,
    0.04239974170923233,
    0.04201120510697365,
    0.03806162253022194,
    0.03726090490818024
  ],
  "top5_idx": [
    32,
    18,
    20,
    21,
    0
  ]
}