{
  "round": 1,
  "avg_loglik_per_step": -39.7533503586365,
  "state_entropy": 0.09092263877391815,
  "effective_K": 8.781024932861328,
  "stickiness_diag_mean": 0.3570581376552582,
  "expected_dwell_length_per_state": [
    1.03384268283844,
    1.1633281707763672,
    3.0495712757110596,
    17.561145782470703,
    1.2364393472671509,
    1.0685011148452759,
    1.1178966760635376,
    16.595659255981445,
    10.485668182373047,
    1.0530353784561157,
    1.0774433612823486,
    1.0337562561035156,
    3.6011412143707275,
    1.7447062730789185,
    1.1140857934951782,
    1.0340244770050049,
    3.202204942703247,
    1.5267413854599,
    1.7535450458526611,
    1.042077898979187,
    1.375573754310608,
    1.2818002700805664,
    1.0893769264221191,
    1.067947268486023,
    1.2154314517974854,
    1.1174250841140747,
    13.76536750793457,
    10.716828346252441,
    1.0397506952285767,
    11.80119514465332,
    4.134173393249512,
    22.679698944091797,
    1.1043704748153687,
    1.5763397216796875,
    2.7373247146606445,
    1.256215214729309,
    1.0345232486724854,
    1.259798526763916,
    1.2413591146469116,
    1.2368162870407104
  ],
  "top5_pi": [
    0.18869419395923615,
    0.18520298600196838,
    0.18170075118541718,
    0.14573520421981812,
    0.10533268749713898
  ],
  "top5_idx": [
    31,
    26,
    3,
    7,
    8
  ]
}