{
  "round": 1,
  "avg_loglik_per_step": -38.4954857458683,
  "state_entropy": 0.06085827201604843,
  "effective_K": 37.8232536315918,
  "stickiness_diag_mean": 0.8955163955688477,
  "expected_dwell_length_per_state": [
    17.742778778076172,
    32.084205627441406,
    55.03541564941406,
    37.54022979736328,
    26.063840866088867,
    1.1072465181350708,
    15.479106903076172,
    17.944046020507812,
    7.600283622741699,
    11.778552055358887,
    8.719408988952637,
    17.94769287109375,
    12.366349220275879,
    12.00426197052002,
    20.49781608581543,
    35.49937057495117,
    11.962279319763184,
    20.68365478515625,
    22.17193603515625,
    6.6617865562438965,
    20.969606399536133,
    34.395328521728516,
    15.552517890930176,
    11.732376098632812,
    1.184159278869629,
    7.395470142364502,
    15.141386032104492,
    16.41575813293457,
    39.500244140625,
    20.432361602783203,
    56.96035385131836,
    12.44596004486084,
    8.004416465759277,
    18.097148895263672,
    35.12141036987305,
    8.531189918518066,
    27.237863540649414,
    23.22051429748535,
    9.667959213256836,
    14.112363815307617,
    20.232576370239258
  ],
  "top5_pi": [
    0.04719763621687889,
    0.044286128133535385,
    0.040788087993860245,
    0.03754406049847603,
    0.03673304617404938
  ],
  "top5_idx": [
    13,
    3,
    6,
    22,
    15
  ]
}