{
  "round": 1,
  "avg_loglik_per_step": -38.184583824676885,
  "state_entropy": 0.03821238875389099,
  "effective_K": 3.4353384971618652,
  "stickiness_diag_mean": 0.2232266366481781,
  "top5_pi": [
    0.5605500340461731,
    0.19915692508220673,
    0.11457519233226776,
    0.10538797080516815,
    0.01261429488658905
  ],
  "top5_idx": [
    38,
    32,
    25,
    10,
    5
  ]
}