{
  "round": 1,
  "avg_loglik_per_step": -39.37561500062779,
  "state_entropy": 0.0877915769815445,
  "effective_K": 8.934102058410645,
  "stickiness_diag_mean": 0.26232534646987915,
  "expected_dwell_length_per_state": [
    1.034042239189148,
    1.034155011177063,
    1.0461337566375732,
    18.350576400756836,
    1.0339903831481934,
    1.0341070890426636,
    1.0346962213516235,
    17.777257919311523,
    11.143290519714355,
    1.0340298414230347,
    1.0626269578933716,
    1.0339993238449097,
    3.7425501346588135,
    1.0339770317077637,
    1.0341365337371826,
    1.0343059301376343,
    3.3423140048980713,
    1.0343912839889526,
    1.0355037450790405,
    1.0347636938095093,
    1.0352106094360352,
    1.0352171659469604,
    1.035471796989441,
    1.0810484886169434,
    1.0354317426681519,
    1.0357452630996704,
    15.094265937805176,
    12.618680000305176,
    1.035561442375183,
    12.700678825378418,
    4.459939002990723,
    27.21771240234375,
    1.0348923206329346,
    1.0356477499008179,
    3.017587900161743,
    1.0455119609832764,
    1.034746527671814,
    1.0366675853729248,
    1.0389176607131958,
    1.0457336902618408
  ],
  "top5_pi": [
    0.19827201962471008,
    0.17653337121009827,
    0.170285165309906,
    0.15002796053886414,
    0.10336141288280487
  ],
  "top5_idx": [
    31,
    26,
    3,
    7,
    8
  ]
}