{
  "round": 1,
  "avg_loglik_per_step": -38.40795707009025,
  "state_entropy": 0.05496786907315254,
  "effective_K": 36.5517692565918,
  "stickiness_diag_mean": 0.8670525550842285,
  "expected_dwell_length_per_state": [
    12.268584251403809,
    18.24957275390625,
    23.799732208251953,
    21.2969913482666,
    17.737712860107422,
    12.442728996276855,
    18.45491600036621,
    7.387365341186523,
    8.20899486541748,
    12.169907569885254,
    1.1567505598068237,
    10.264853477478027,
    7.194525241851807,
    12.534987449645996,
    34.128334045410156,
    15.694690704345703,
    7.453102111816406,
    20.661724090576172,
    37.83125686645508,
    16.420610427856445,
    15.659825325012207,
    49.502140045166016,
    40.07245635986328,
    1.0774775743484497,
    11.749367713928223,
    54.735740661621094,
    7.398190021514893,
    21.62477684020996,
    1.1450220346450806,
    38.354496002197266,
    49.364498138427734,
    12.092175483703613,
    15.852103233337402,
    29.00244140625,
    5.051698684692383,
    11.833324432373047,
    32.14912796020508,
    7.71218729019165,
    14.170831680297852,
    12.033682823181152
  ],
  "top5_pi": [
    0.04302949830889702,
    0.042422324419021606,
    0.04190683364868164,
    0.038119059056043625,
    0.03776538372039795
  ],
  "top5_idx": [
    32,
    18,
    20,
    21,
    0
  ]
}