{
  "round": 1,
  "avg_loglik_per_step": -50.905329452865345,
  "state_entropy": 0.006880452390760183,
  "effective_K": 1.0137302875518799,
  "stickiness_diag_mean": 0.024390242993831635,
  "top5_pi": [
    0.9988057017326355,
    3.000880496983882e-05,
    2.994659371324815e-05,
    2.9917191568529233e-05,
    2.987704283441417e-05
  ],
  "top5_idx": [
    40,
    27,
    23,
    19,
    18
  ]
}