{
  "round": 1,
  "avg_loglik_per_step": -38.929301741261305,
  "state_entropy": 0.05254017561674118,
  "effective_K": 32.72853088378906,
  "stickiness_diag_mean": 0.8342761993408203,
  "expected_dwell_length_per_state": [
    13.693886756896973,
    13.897006034851074,
    13.097662925720215,
    20.424823760986328,
    14.034097671508789,
    8.384910583496094,
    15.977813720703125,
    6.8107733726501465,
    8.19461727142334,
    7.425570964813232,
    1.2330679893493652,
    9.54192066192627,
    5.39305305480957,
    9.105744361877441,
    26.507221221923828,
    10.847664833068848,
    4.094404697418213,
    11.507883071899414,
    35.99025344848633,
    12.652997016906738,
    13.818758010864258,
    42.373985290527344,
    14.766583442687988,
    1.0758947134017944,
    9.608922004699707,
    26.32174301147461,
    5.2550950050354,
    13.930399894714355,
    1.0426336526870728,
    15.552964210510254,
    13.688032150268555,
    10.097468376159668,
    13.650189399719238,
    21.27336311340332,
    4.006616115570068,
    9.126583099365234,
    21.95915985107422,
    1.9990898370742798,
    9.260773658752441,
    10.289519309997559
  ],
  "top5_pi": [
    0.06469228863716125,
    0.05940086394548416,
    0.048254042863845825,
    0.04767473042011261,
    0.04200003668665886
  ],
  "top5_idx": [
    0,
    32,
    6,
    20,
    15
  ]
}