{
  "round": 1,
  "avg_loglik_per_step": -41.57185544581061,
  "state_entropy": 0.026262138038873672,
  "effective_K": 2.419774293899536,
  "stickiness_diag_mean": 0.19533522427082062,
  "expected_dwell_length_per_state": [
    1.0831419229507446,
    2.789534330368042,
    1.0833470821380615,
    1.0834835767745972,
    1.0836271047592163,
    1.1755789518356323,
    1.083322525024414,
    1.0834728479385376,
    1.0836317539215088,
    1.0838007926940918,
    10.495560646057129,
    1.0834269523620605,
    1.0836069583892822,
    1.0837993621826172,
    1.08400559425354,
    1.0842268466949463,
    1.0844651460647583,
    1.0847220420837402,
    1.0850003957748413,
    1.5083781480789185,
    1.0854525566101074,
    1.0858041048049927,
    1.0861903429031372,
    1.0866169929504395,
    1.1914457082748413,
    6.434336185455322,
    1.4323480129241943,
    1.086172103881836,
    1.0870095491409302,
    1.0874470472335815,
    1.0882515907287598,
    1.0892118215560913,
    149.8607940673828,
    1.087389588356018,
    1.0886764526367188,
    1.0904035568237305,
    1.0928539037704468,
    1.0966359376907349,
    182.1412811279297,
    1.2404893636703491,
    1.1267762184143066
  ],
  "top5_pi": [
    0.5180503129959106,
    0.4366301894187927,
    0.031162044033408165,
    0.011188050732016563,
    0.0015915512340143323
  ],
  "top5_idx": [
    38,
    32,
    10,
    25,
    5
  ]
}