{
  "round": 1,
  "avg_loglik_per_step": -38.49548823823779,
  "state_entropy": 0.060858387500047684,
  "effective_K": 37.82323455810547,
  "stickiness_diag_mean": 0.8955163955688477,
  "expected_dwell_length_per_state": [
    17.742795944213867,
    32.084083557128906,
    55.03559494018555,
    37.54014587402344,
    26.063840866088867,
    1.10724675655365,
    15.479106903076172,
    17.944103240966797,
    7.6003007888793945,
    11.778552055358887,
    8.719408988952637,
    17.947673797607422,
    12.366358757019043,
    12.004270553588867,
    20.497840881347656,
    35.49937057495117,
    11.962296485900879,
    20.68365478515625,
    22.17193603515625,
    6.661767959594727,
    20.969633102416992,
    34.39518737792969,
    15.552532196044922,
    11.732376098632812,
    1.1841593980789185,
    7.395444393157959,
    15.141276359558105,
    16.415725708007812,
    39.500431060791016,
    20.432411193847656,
    56.959964752197266,
    12.44596004486084,
    8.004416465759277,
    18.097248077392578,
    35.12141036987305,
    8.531176567077637,
    27.237817764282227,
    23.22054672241211,
    9.667953491210938,
    14.11235237121582,
    20.232526779174805
  ],
  "top5_pi": [
    0.047198131680488586,
    0.044286128133535385,
    0.04078751429915428,
    0.037543997168540955,
    0.03673284873366356
  ],
  "top5_idx": [
    13,
    3,
    6,
    22,
    15
  ]
}