{
  "round": 1,
  "avg_loglik_per_step": -38.59453868220524,
  "state_entropy": 0.06915035843849182,
  "effective_K": 38.05616760253906,
  "stickiness_diag_mean": 0.9065300822257996,
  "expected_dwell_length_per_state": [
    15.302401542663574,
    31.45523452758789,
    37.75650405883789,
    31.381982803344727,
    24.68787956237793,
    1.388283610343933,
    17.8150691986084,
    18.28356170654297,
    8.666772842407227,
    14.153843879699707,
    9.577835083007812,
    18.737180709838867,
    13.426326751708984,
    13.729028701782227,
    17.206483840942383,
    39.92350769042969,
    11.7514009475708,
    20.405000686645508,
    22.67200469970703,
    8.137777328491211,
    18.75972557067871,
    30.756624221801758,
    13.919269561767578,
    12.108512878417969,
    1.6000125408172607,
    7.531811714172363,
    15.81057357788086,
    15.70801830291748,
    46.08580780029297,
    17.590604782104492,
    38.653526306152344,
    14.433379173278809,
    8.521682739257812,
    19.305259704589844,
    34.95253372192383,
    8.145893096923828,
    22.494510650634766,
    23.119049072265625,
    10.016541481018066,
    13.826411247253418,
    19.714290618896484
  ],
  "top5_pi": [
    0.04609028622508049,
    0.045363955199718475,
    0.03950326889753342,
    0.03628484904766083,
    0.0358707495033741
  ],
  "top5_idx": [
    13,
    3,
    6,
    34,
    22
  ]
}