{
  "round": 1,
  "avg_loglik_per_step": -20.13445172162759,
  "state_entropy": 3.292936325073242,
  "effective_K": 30.44585418701172,
  "stickiness_diag_mean": 0.14118912816047668,
  "expected_dwell_length_per_state": [
    1.2442907094955444,
    1.136036992073059,
    1.1285532712936401,
    1.1338856220245361,
    1.1285459995269775,
    1.1369684934616089,
    1.0888659954071045,
    1.1077227592468262,
    1.3301161527633667,
    1.1364442110061646,
    1.1279535293579102,
    1.1392759084701538,
    1.1261818408966064,
    1.6700271368026733,
    1.1200639009475708,
    1.142000436782837,
    1.132887363433838,
    1.1167609691619873,
    1.1383442878723145,
    1.113648533821106,
    1.2441484928131104,
    1.141953945159912,
    1.1326712369918823,
    1.3685098886489868,
    1.123308539390564,
    1.112039566040039,
    1.1198092699050903,
    1.1370409727096558,
    1.1261054277420044,
    1.1398061513900757,
    1.1189665794372559,
    1.1248139142990112,
    1.1287038326263428,
    1.1278022527694702,
    1.117655634880066,
    1.0963319540023804,
    1.1331686973571777,
    1.1668848991394043,
    1.1297743320465088,
    1.9972158670425415
  ],
  "top5_pi": [
    0.054706934839487076,
    0.0543549545109272,
    0.05102967098355293,
    0.050055790692567825,
    0.049495238810777664
  ],
  "top5_idx": [
    29,
    21,
    18,
    5,
    11
  ]
}