{
  "round": 1,
  "avg_loglik_per_step": -38.22906123436515,
  "state_entropy": 0.04578406363725662,
  "effective_K": 36.02582931518555,
  "stickiness_diag_mean": 0.862553596496582,
  "expected_dwell_length_per_state": [
    11.80435848236084,
    18.939308166503906,
    26.419605255126953,
    23.42041778564453,
    18.350536346435547,
    15.172840118408203,
    18.17171287536621,
    7.040177822113037,
    8.51899528503418,
    12.123562812805176,
    1.1861066818237305,
    10.561931610107422,
    7.20164680480957,
    11.265758514404297,
    52.843624114990234,
    13.1014986038208,
    7.627227783203125,
    14.676469802856445,
    37.09164047241211,
    16.979372024536133,
    17.229684829711914,
    77.30260467529297,
    21.982091903686523,
    1.081393837928772,
    11.914366722106934,
    67.18653106689453,
    5.934375762939453,
    16.21413230895996,
    1.03803288936615,
    34.971622467041016,
    47.582115173339844,
    10.68837833404541,
    13.775324821472168,
    19.350370407104492,
    5.431217670440674,
    11.004302978515625,
    33.442466735839844,
    7.338507652282715,
    10.170845031738281,
    13.12067985534668
  ],
  "top5_pi": [
    0.048497989773750305,
    0.046961717307567596,
    0.04398703575134277,
    0.039669740945100784,
    0.03956521674990654
  ],
  "top5_idx": [
    32,
    20,
    6,
    15,
    18
  ]
}