{
  "round": 1,
  "avg_loglik_per_step": -38.92933615087333,
  "state_entropy": 0.05253061279654503,
  "effective_K": 32.72889709472656,
  "stickiness_diag_mean": 0.8343870043754578,
  "expected_dwell_length_per_state": [
    13.692567825317383,
    13.896268844604492,
    13.097110748291016,
    20.41900634765625,
    14.033721923828125,
    8.385710716247559,
    15.980096817016602,
    6.810217380523682,
    8.193284034729004,
    7.425225734710693,
    1.2330374717712402,
    9.54332160949707,
    5.393009662628174,
    9.10549259185791,
    26.50910758972168,
    10.847847938537598,
    4.094391822814941,
    11.508340835571289,
    35.98878479003906,
    12.653225898742676,
    13.818336486816406,
    42.38511657714844,
    14.764542579650879,
    1.0758854150772095,
    9.608377456665039,
    26.322858810424805,
    5.255299091339111,
    13.930376052856445,
    1.042632818222046,
    15.553699493408203,
    13.688880920410156,
    10.09652042388916,
    13.649445533752441,
    21.276762008666992,
    4.006452560424805,
    9.125506401062012,
    21.960338592529297,
    2.0172994136810303,
    9.260671615600586,
    10.28956413269043
  ],
  "top5_pi": [
    0.06469499319791794,
    0.05940105766057968,
    0.048254355788230896,
    0.04767712205648422,
    0.04200015217065811
  ],
  "top5_idx": [
    0,
    32,
    6,
    20,
    15
  ]
}