{
  "round": 2,
  "avg_loglik_per_step": -13.41939922788064,
  "state_entropy": 0.05771780014038086,
  "effective_K": 28.362510681152344,
  "stickiness_diag_mean": 0.9719852209091187,
  "expected_dwell_length_per_state": [
    62.21849060058594,
    132.9509735107422,
    186.2458953857422,
    64.66230010986328,
    119.71156311035156,
    236.9964599609375,
    81.77983856201172,
    184.391357421875,
    95.90817260742188,
    84.87401580810547,
    72.1340103149414,
    170.6770782470703,
    183.84378051757812,
    90.57455444335938,
    149.39108276367188,
    112.32511138916016,
    129.31214904785156,
    1.2962172031402588,
    157.96119689941406,
    86.9578628540039,
    67.87256622314453,
    340.72332763671875,
    116.14468383789062,
    70.92131042480469,
    312.8385009765625,
    76.80433654785156,
    71.6993408203125,
    92.30473327636719,
    170.83871459960938,
    86.72771453857422,
    116.60075378417969,
    64.55059814453125,
    92.27833557128906,
    119.64752960205078,
    92.27173614501953,
    285.0456237792969,
    112.13067626953125,
    67.440673828125,
    98.57585144042969,
    205.36907958984375,
    128.49998474121094
  ],
  "top5_pi": [
    0.06421077996492386,
    0.0614178404211998,
    0.06029382720589638,
    0.05676329508423805,
    0.04969710484147072
  ],
  "top5_idx": [
    7,
    24,
    11,
    38,
    28
  ]
}