{
  "round": 2,
  "avg_loglik_per_step": -20.742161121604724,
  "state_entropy": 0.018892459571361542,
  "effective_K": 8.965246200561523,
  "stickiness_diag_mean": 0.42477554082870483,
  "expected_dwell_length_per_state": [
    1.2307692766189575,
    1.2307692766189575,
    180.8006591796875,
    1.2307692766189575,
    683.333984375,
    343.0292053222656,
    1.2307692766189575,
    240.4577178955078,
    1.2307692766189575,
    277.8466796875,
    504.5020446777344,
    241.15589904785156,
    1.2307692766189575,
    1.2307692766189575,
    1.2307692766189575,
    1.2307692766189575,
    1.2307692766189575,
    1.2307692766189575,
    234.25650024414062,
    1.2307692766189575,
    1.2307692766189575,
    1.2307692766189575,
    209.9987030029297,
    1.2307692766189575,
    1.2307692766189575,
    1.2307692766189575,
    1.2307692766189575,
    190.07994079589844,
    1.2307692766189575,
    175.82493591308594,
    1.2307692766189575,
    1.2307692766189575,
    1.2307692766189575,
    1.2307692766189575,
    1.2307692766189575,
    1.2307692766189575,
    4.646792411804199,
    1.2307692766189575,
    1.2307692766189575,
    1.2307692766189575
  ],
  "top5_pi": [
    0.2603992223739624,
    0.13328441977500916,
    0.13124406337738037,
    0.08614291995763779,
    0.0832553580403328
  ],
  "top5_idx": [
    4,
    10,
    9,
    5,
    11
  ]
}