{
  "round": 2,
  "avg_loglik_per_step": -18.182413716440735,
  "state_entropy": 0.08300064504146576,
  "effective_K": 32.27412414550781,
  "stickiness_diag_mean": 0.9834423661231995,
  "expected_dwell_length_per_state": [
    41.34681701660156,
    54.67509078979492,
    180.90008544921875,
    180.80259704589844,
    90.2845458984375,
    40.171669006347656,
    45.582332611083984,
    96.6062240600586,
    243.264404296875,
    53.53086853027344,
    44.3365478515625,
    112.42070007324219,
    86.99664306640625,
    86.51661682128906,
    71.93575286865234,
    167.24034118652344,
    67.77960968017578,
    49.97294235229492,
    66.6929702758789,
    68.23640441894531,
    49.2120246887207,
    52.48440170288086,
    70.47000122070312,
    37.84209060668945,
    261.4087829589844,
    59.10029983520508,
    51.590614318847656,
    26.132001876831055,
    59.89231872558594,
    73.94133758544922,
    44.18638229370117,
    101.72571563720703,
    62.191043853759766,
    68.580322265625,
    56.11859893798828,
    53.12187576293945,
    64.86103820800781,
    46.664039611816406,
    47.24738693237305,
    26.190500259399414,
    91.64672088623047
  ],
  "top5_pi": [
    0.07036804407835007,
    0.06548202782869339,
    0.05402673780918121,
    0.0503578707575798,
    0.04176056757569313
  ],
  "top5_idx": [
    26,
    9,
    14,
    3,
    7
  ]
}