{
  "round": 2,
  "avg_loglik_per_step": -15.852917944882618,
  "state_entropy": 0.033293165266513824,
  "effective_K": 11.308886528015137,
  "stickiness_diag_mean": 0.48814016580581665,
  "expected_dwell_length_per_state": [
    1.2307692766189575,
    1.2307692766189575,
    1.2307692766189575,
    126.44871520996094,
    1.2307692766189575,
    130.15380859375,
    1.2307692766189575,
    1.2307692766189575,
    259.7494201660156,
    204.86251831054688,
    1.2307692766189575,
    1.2307692766189575,
    1.2307692766189575,
    25.68437957763672,
    38.9982795715332,
    193.34158325195312,
    38.38169860839844,
    1.2307692766189575,
    1.2307692766189575,
    1.2307692766189575,
    1.2307692766189575,
    200.54287719726562,
    1.2307692766189575,
    1.2307692766189575,
    172.26483154296875,
    346.1075134277344,
    1.2307692766189575,
    1.2307692766189575,
    1.2307692766189575,
    1.2307692766189575,
    214.20001220703125,
    1.2307692766189575,
    1.2307692766189575,
    124.2241439819336,
    172.9930877685547,
    104.2944107055664,
    1.2307692766189575,
    1.2307692766189575,
    1.2307692766189575,
    1.2307692766189575
  ],
  "top5_pi": [
    0.14835421741008759,
    0.1376473307609558,
    0.1228812113404274,
    0.10865223407745361,
    0.10661052167415619
  ],
  "top5_idx": [
    3,
    33,
    8,
    35,
    34
  ]
}