{
  "round": 2,
  "avg_loglik_per_step": -20.69838913220242,
  "state_entropy": 0.05880170688033104,
  "effective_K": 27.737714767456055,
  "stickiness_diag_mean": 0.9269797801971436,
  "expected_dwell_length_per_state": [
    122.75083923339844,
    38.36844253540039,
    168.29556274414062,
    64.04788970947266,
    254.1001434326172,
    99.66090393066406,
    1.2300000190734863,
    47.60209655761719,
    272.2690124511719,
    30.68894386291504,
    86.26616668701172,
    37.232643127441406,
    36.20554733276367,
    442.5655212402344,
    188.81565856933594,
    82.73931121826172,
    68.85050964355469,
    48.22355651855469,
    1.2300000190734863,
    227.23501586914062,
    49.18461227416992,
    73.58331298828125,
    1.2299773693084717,
    60.33472442626953,
    47.04402160644531,
    59.68564224243164,
    126.67403411865234,
    50.28900146484375,
    205.00270080566406,
    174.3286590576172,
    43.22442626953125,
    84.10728454589844,
    45.164390563964844,
    42.59679412841797,
    65.06681060791016,
    77.36427307128906,
    93.48722076416016,
    119.78164672851562,
    48.20332717895508,
    141.16294860839844,
    50.75223159790039
  ],
  "top5_pi": [
    0.06318112462759018,
    0.06022932007908821,
    0.059641752392053604,
    0.05475452542304993,
    0.05267079919576645
  ],
  "top5_idx": [
    15,
    2,
    0,
    10,
    4
  ]
}