{
  "round": 2,
  "avg_loglik_per_step": -20.89704954549794,
  "state_entropy": 0.004866403061896563,
  "effective_K": 1.3709592819213867,
  "stickiness_diag_mean": 0.1303527057170868,
  "expected_dwell_length_per_state": [
    1.0879675149917603,
    1.1019675731658936,
    1.098332166671753,
    1.1008110046386719,
    1.093313455581665,
    1.0887259244918823,
    1.0999711751937866,
    1.0881857872009277,
    1.087828516960144,
    1.0879837274551392,
    1.0911054611206055,
    1.0941652059555054,
    1.0882484912872314,
    1.0961805582046509,
    1.0946528911590576,
    1.0918817520141602,
    1.089613676071167,
    1.0886541604995728,
    1.088882327079773,
    1.1006685495376587,
    1.103520154953003,
    1.0962597131729126,
    1.089836835861206,
    1.0887420177459717,
    1.0890580415725708,
    1.089553952217102,
    1.1052324771881104,
    1.1030313968658447,
    359.1782531738281,
    1.0883820056915283,
    1.0961321592330933,
    1.088809609413147,
    1.089455008506775,
    1.0930099487304688,
    1.0997544527053833,
    1.0904520750045776,
    1.1037057638168335,
    1.0977205038070679,
    1.0906010866165161,
    25.45153045654297
  ],
  "top5_pi": [
    0.9050129055976868,
    0.09484453499317169,
    5.8684745454229414e-06,
    5.529140707949409e-06,
    5.369654445530614e-06
  ],
  "top5_idx": [
    28,
    39,
    19,
    26,
    20
  ]
}