{
  "round": 2,
  "avg_loglik_per_step": -17.506857832001568,
  "state_entropy": 0.06619877368211746,
  "effective_K": 13.101456642150879,
  "stickiness_diag_mean": 0.48315125703811646,
  "expected_dwell_length_per_state": [
    1.2307692766189575,
    451.17022705078125,
    1.2307692766189575,
    1.2307692766189575,
    1.2307692766189575,
    45.9530143737793,
    1.2307692766189575,
    208.08950805664062,
    28.977495193481445,
    1.2307692766189575,
    128.9166717529297,
    39.66657638549805,
    253.8463897705078,
    1.2307692766189575,
    1.2307692766189575,
    1.2307692766189575,
    41.244564056396484,
    1.2307692766189575,
    34.06880187988281,
    1.2307692766189575,
    118.91397857666016,
    1.2307692766189575,
    1.2307692766189575,
    34.99168014526367,
    1.2307692766189575,
    38.74520492553711,
    1.2307692766189575,
    1.2307692766189575,
    1.2307692766189575,
    1.2307692766189575,
    1.2307692766189575,
    1.2307692766189575,
    1.2307692766189575,
    33.0705451965332,
    1.2307692766189575,
    1.2307692766189575,
    1.2307692766189575,
    1.2307454347610474,
    39.972686767578125,
    11.162590026855469
  ],
  "top5_pi": [
    0.12600000202655792,
    0.12224680930376053,
    0.11153316497802734,
    0.09206867963075638,
    0.08581795543432236
  ],
  "top5_idx": [
    8,
    11,
    38,
    23,
    25
  ]
}