{
  "round": 2,
  "avg_loglik_per_step": -24.538438118944434,
  "state_entropy": 0.016231629997491837,
  "effective_K": 12.636866569519043,
  "stickiness_diag_mean": 0.6874431371688843,
  "expected_dwell_length_per_state": [
    1.2307692766189575,
    681.0040893554688,
    166.82791137695312,
    225.50930786132812,
    555.408203125,
    284.4945983886719,
    67.7350082397461,
    1.2307690382003784,
    1.2307692766189575,
    397.140869140625,
    543.7438354492188,
    284.2198791503906,
    324.76220703125,
    27.706846237182617,
    250.11875915527344,
    172.48443603515625,
    1.2307692766189575,
    524.648681640625,
    529.6339721679688,
    1.2307803630828857,
    566.97021484375,
    230.01393127441406,
    350.3281555175781,
    1.2307692766189575,
    552.8277587890625,
    441.5986633300781,
    212.8089141845703,
    681.5020141601562,
    1.2307692766189575,
    1.2327507734298706,
    1.2307692766189575,
    1.2307692766189575,
    1.2307689189910889,
    1.256381630897522,
    1.2307692766189575,
    176.9599151611328,
    1.2307692766189575,
    4.682957649230957,
    609.9031372070312,
    1.2307692766189575
  ],
  "top5_pi": [
    0.19133484363555908,
    0.17495422065258026,
    0.10729698091745377,
    0.09374989569187164,
    0.06765405088663101
  ],
  "top5_idx": [
    38,
    18,
    1,
    27,
    11
  ]
}