{
  "round": 2,
  "avg_loglik_per_step": -22.84938516432951,
  "state_entropy": 0.0190361849963665,
  "effective_K": 1.9990674257278442,
  "stickiness_diag_mean": 0.1090213879942894,
  "expected_dwell_length_per_state": [
    1.0683002471923828,
    1.0613517761230469,
    1.0609318017959595,
    1.0611449480056763,
    1.0622903108596802,
    134.52444458007812,
    1.0634766817092896,
    1.07515549659729,
    1.0613553524017334,
    1.0712060928344727,
    1.0749473571777344,
    1.0628674030303955,
    1.061261534690857,
    1.0630797147750854,
    1.0628737211227417,
    1.063167929649353,
    1.061911940574646,
    1.062145709991455,
    1.0640206336975098,
    1.0625386238098145,
    1.0756698846817017,
    1.0635572671890259,
    1.062719702720642,
    1.0771950483322144,
    1.0626682043075562,
    1.0641034841537476,
    1.0754841566085815,
    1.0629875659942627,
    1.0774800777435303,
    1.0629414319992065,
    1.063434362411499,
    1.0775448083877563,
    1.071713924407959,
    1.0644373893737793,
    1.0642564296722412,
    1.074197769165039,
    1.0648927688598633,
    135.57675170898438,
    1.0701900720596313,
    1.0757502317428589
  ],
  "top5_pi": [
    0.5158464312553406,
    0.4841514825820923,
    8.882443580660038e-08,
    8.858962274871374e-08,
    8.776669346843846e-08
  ],
  "top5_idx": [
    37,
    5,
    31,
    28,
    23
  ]
}