{
  "round": 2,
  "avg_loglik_per_step": -14.288769975748254,
  "state_entropy": 0.023348215967416763,
  "effective_K": 10.923684120178223,
  "stickiness_diag_mean": 0.5215271711349487,
  "expected_dwell_length_per_state": [
    1.2300000190734863,
    1.2300000190734863,
    1.2300000190734863,
    1.2300000190734863,
    1.2300000190734863,
    1.2300000190734863,
    312.7860107421875,
    400.53515625,
    267.3617248535156,
    298.53228759765625,
    383.3215026855469,
    1.2299998998641968,
    1.2300000190734863,
    1.2300000190734863,
    272.53436279296875,
    1.2300000190734863,
    1.2300000190734863,
    242.96495056152344,
    432.2799072265625,
    192.46548461914062,
    201.12948608398438,
    1.2300000190734863,
    196.7171173095703,
    199.24014282226562,
    1.2300000190734863,
    1.2300000190734863,
    1.2300000190734863,
    1.2300000190734863,
    1.2300000190734863,
    1.2300000190734863,
    156.81253051757812,
    1.2300000190734863,
    126.27645111083984,
    96.5828628540039,
    1.2300000190734863,
    1.2300000190734863,
    305.9023742675781,
    31.737281799316406,
    1.2300000190734863,
    1.2300000190734863,
    1.2300000190734863
  ],
  "top5_pi": [
    0.2607211172580719,
    0.15115365386009216,
    0.1376526951789856,
    0.06377248466014862,
    0.06175558269023895
  ],
  "top5_idx": [
    9,
    10,
    8,
    7,
    33
  ]
}