{
  "round": 2,
  "avg_loglik_per_step": -23.98406084892178,
  "state_entropy": 0.009677463211119175,
  "effective_K": 1.0209375619888306,
  "stickiness_diag_mean": 0.06061136722564697,
  "expected_dwell_length_per_state": [
    1.0261014699935913,
    1.0262691974639893,
    1.0334433317184448,
    1.033988356590271,
    1.0266083478927612,
    1.0267988443374634,
    1.0273029804229736,
    1.0350521802902222,
    1.0352548360824585,
    1.0274111032485962,
    1.0357398986816406,
    1.027767539024353,
    1.0363008975982666,
    1.0281683206558228,
    1.0284615755081177,
    1.028774619102478,
    1.0358613729476929,
    1.0293248891830444,
    1.030413031578064,
    1.0300978422164917,
    1.0307190418243408,
    1.0310156345367432,
    1.0315371751785278,
    1.0425771474838257,
    1.0324070453643799,
    1.0330924987792969,
    599.8074951171875,
    1.0449929237365723,
    1.0342652797698975,
    1.0463203191757202,
    1.039568543434143,
    1.0479334592819214,
    1.0364879369735718,
    1.0382927656173706,
    1.0541813373565674,
    1.0552514791488647,
    1.0441571474075317,
    1.0510149002075195,
    1.063854694366455,
    1.1230350732803345
  ],
  "top5_pi": [
    0.9980760216712952,
    0.0002104370651068166,
    0.00010095197649206966,
    8.393748430535197e-05,
    8.179065480362624e-05
  ],
  "top5_idx": [
    26,
    39,
    38,
    35,
    34
  ]
}