{
  "round": 2,
  "avg_loglik_per_step": -22.795529187784723,
  "state_entropy": 2.9662957191467285,
  "effective_K": 34.18175506591797,
  "stickiness_diag_mean": 0.17456305027008057,
  "expected_dwell_length_per_state": [
    1.1648486852645874,
    1.1530938148498535,
    1.1415297985076904,
    1.3923869132995605,
    1.4831676483154297,
    1.1510645151138306,
    1.1247248649597168,
    1.165208101272583,
    1.141703724861145,
    1.1595619916915894,
    1.1829661130905151,
    1.3357832431793213,
    1.3211663961410522,
    1.4293133020401,
    1.2925996780395508,
    1.1405271291732788,
    1.171282172203064,
    1.1537721157073975,
    1.160678744316101,
    1.1440281867980957,
    1.1520601511001587,
    1.1453882455825806,
    1.1732653379440308,
    1.1686804294586182,
    1.1282708644866943,
    1.1433595418930054,
    1.1700146198272705,
    1.2109200954437256,
    1.1518296003341675,
    1.5203582048416138,
    1.3152059316635132,
    1.2034311294555664,
    1.1375250816345215,
    1.1607532501220703,
    1.166365385055542,
    1.1585813760757446,
    2.1938118934631348,
    1.140117883682251,
    1.1474566459655762,
    1.1924057006835938
  ],
  "top5_pi": [
    0.05550263449549675,
    0.050509557127952576,
    0.04982791468501091,
    0.048336729407310486,
    0.04284408688545227
  ],
  "top5_idx": [
    13,
    1,
    38,
    35,
    20
  ]
}