{
  "round": 2,
  "avg_loglik_per_step": -16.541130734318582,
  "state_entropy": 0.0898914709687233,
  "effective_K": 29.05550193786621,
  "stickiness_diag_mean": 0.980122983455658,
  "expected_dwell_length_per_state": [
    53.458885192871094,
    170.73614501953125,
    54.466880798339844,
    38.50228500366211,
    59.10404968261719,
    84.55448150634766,
    157.79330444335938,
    70.02030944824219,
    51.88385772705078,
    56.181175231933594,
    84.32965087890625,
    112.28076171875,
    62.222412109375,
    64.16718292236328,
    97.3365249633789,
    101.17605590820312,
    66.64686584472656,
    62.15303039550781,
    95.7538070678711,
    58.55615234375,
    72.21007537841797,
    55.89275360107422,
    78.08113861083984,
    109.2892837524414,
    82.6398696899414,
    65.67375946044922,
    88.05828094482422,
    51.57475280761719,
    110.51602172851562,
    4.358912944793701,
    126.7257080078125,
    142.7726593017578,
    72.2085189819336,
    173.17344665527344,
    106.51253509521484,
    61.84464645385742,
    69.19495391845703,
    15.811273574829102,
    157.55325317382812,
    43.22565460205078,
    91.39061737060547
  ],
  "top5_pi": [
    0.07024244219064713,
    0.054861173033714294,
    0.049412745982408524,
    0.04923759400844574,
    0.048593372106552124
  ],
  "top5_idx": [
    34,
    28,
    21,
    16,
    12
  ]
}