{
  "round": 2,
  "avg_loglik_per_step": -37.91862717117905,
  "state_entropy": 0.051328953355550766,
  "effective_K": 3.9219307899475098,
  "stickiness_diag_mean": 0.1748703271150589,
  "expected_dwell_length_per_state": [
    1.0936168432235718,
    1.0930886268615723,
    1.0933780670166016,
    1.0928682088851929,
    1.0942578315734863,
    1.092897653579712,
    1.0937285423278809,
    38.53641891479492,
    1.0934439897537231,
    35.277008056640625,
    1.0937117338180542,
    1.094266414642334,
    1.0939905643463135,
    1.0937258005142212,
    1.0934770107269287,
    1.0929807424545288,
    1.0930306911468506,
    1.0952374935150146,
    1.0930421352386475,
    1.0938851833343506,
    1.0931205749511719,
    1.093491554260254,
    1.0937538146972656,
    1.0951356887817383,
    1.0940240621566772,
    1.0937832593917847,
    1.0938316583633423,
    1.0933735370635986,
    47.27987289428711,
    51.56096267700195,
    1.0933420658111572,
    1.093471646308899,
    1.094109296798706,
    1.0937230587005615,
    1.0951179265975952,
    1.0946247577667236,
    1.0940840244293213,
    1.0950809717178345,
    1.0956175327301025,
    1.0954192876815796
  ],
  "top5_pi": [
    0.3361511528491974,
    0.24198967218399048,
    0.2180914282798767,
    0.20372998714447021,
    1.1225980642848299e-06
  ],
  "top5_idx": [
    28,
    7,
    29,
    9,
    38
  ]
}