{
  "round": 2,
  "avg_loglik_per_step": -21.37060143110251,
  "state_entropy": 8.082734552772308e-07,
  "effective_K": 1.0,
  "stickiness_diag_mean": 0.3209807276725769,
  "expected_dwell_length_per_state": [
    1.4358974695205688,
    1.4358974695205688,
    1.4358974695205688,
    1.4358974695205688,
    17586.1796875,
    1.4358974695205688,
    1.4358974695205688,
    1.4358974695205688,
    1.4358974695205688,
    1.4358974695205688,
    1.4358974695205688,
    1.4358974695205688,
    1.4358974695205688,
    1.4358974695205688,
    1.4358974695205688,
    1.4358974695205688,
    1.4358973503112793,
    1.4358973503112793,
    1.4358973503112793,
    1.4358973503112793,
    1.4358973503112793,
    1.4358973503112793,
    1.4358973503112793,
    1.4358973503112793,
    1.4358973503112793,
    1.4358973503112793,
    1.4358973503112793,
    1.4358973503112793,
    1.4358973503112793,
    1.4358973503112793,
    1.4358973503112793,
    1.4358973503112793,
    1.4358974695205688,
    1.4358974695205688,
    1.4358974695205688,
    1.4358974695205688,
    1.4358974695205688,
    1.4358974695205688,
    1.4358974695205688,
    1.4358974695205688
  ],
  "top5_pi": [
    1.0,
    1.5307125413119987e-13,
    1.5307125413119987e-13,
    1.5307125413119987e-13,
    1.5307125413119987e-13
  ],
  "top5_idx": [
    4,
    27,
    26,
    24,
    28
  ]
}