{
  "round": 3,
  "avg_loglik_per_step": -21.456811452434547,
  "state_entropy": 0.07444872707128525,
  "effective_K": 29.215240478515625,
  "stickiness_diag_mean": 0.9768305420875549,
  "expected_dwell_length_per_state": [
    108.298095703125,
    78.01107025146484,
    91.90426635742188,
    102.82677459716797,
    74.36148834228516,
    153.40992736816406,
    160.7521209716797,
    88.95000457763672,
    2.003249168395996,
    152.88706970214844,
    242.04656982421875,
    75.95968627929688,
    116.03865051269531,
    79.44058227539062,
    91.47832489013672,
    130.7777557373047,
    113.33429718017578,
    211.27865600585938,
    104.9310531616211,
    142.3885498046875,
    201.2646026611328,
    104.27820587158203,
    160.19952392578125,
    180.49526977539062,
    55.432735443115234,
    183.64254760742188,
    121.90706634521484,
    34.42815017700195,
    118.30103302001953,
    52.24593734741211,
    73.60429382324219,
    14.787967681884766,
    113.45845794677734,
    168.7899627685547,
    128.4213104248047,
    298.0761413574219,
    147.18017578125,
    74.77644348144531,
    43.754703521728516,
    292.5000305175781,
    114.40232849121094
  ],
  "top5_pi": [
    0.06078865006566048,
    0.06035928800702095,
    0.05986576899886131,
    0.05667520686984062,
    0.05352957546710968
  ],
  "top5_idx": [
    17,
    5,
    7,
    1,
    19
  ]
}