{
  "round": 3,
  "avg_loglik_per_step": -18.1043906243253,
  "state_entropy": 0.029903355985879898,
  "effective_K": 2.462651014328003,
  "stickiness_diag_mean": 0.15341337025165558,
  "expected_dwell_length_per_state": [
    58.36040496826172,
    1.0935977697372437,
    1.0928137302398682,
    1.0936421155929565,
    1.0928566455841064,
    151.14608764648438,
    60.09569549560547,
    1.0941309928894043,
    1.093050479888916,
    1.094138264656067,
    1.0930582284927368,
    1.093607783317566,
    1.0944240093231201,
    1.0938589572906494,
    1.0938557386398315,
    1.0938535928726196,
    1.0930633544921875,
    1.0944641828536987,
    1.0930752754211426,
    1.0933681726455688,
    1.093146800994873,
    1.0942444801330566,
    1.093970537185669,
    1.0934571027755737,
    1.0932469367980957,
    1.094881296157837,
    1.0938011407852173,
    1.093841314315796,
    1.0941437482833862,
    1.0944288969039917,
    1.0941780805587769,
    1.0934702157974243,
    1.0936145782470703,
    1.0947564840316772,
    1.0945216417312622,
    1.0939334630966187,
    1.0946711301803589,
    1.0954934358596802,
    1.0952692031860352,
    1.095414161682129
  ],
  "top5_pi": [
    0.6331728100776672,
    0.22718876600265503,
    0.13961778581142426,
    5.9299799204382e-07,
    5.915431984249153e-07
  ],
  "top5_idx": [
    5,
    6,
    0,
    37,
    39
  ]
}