{
  "round": 3,
  "avg_loglik_per_step": -13.460265774614342,
  "state_entropy": 3.233158826828003,
  "effective_K": 36.77566909790039,
  "stickiness_diag_mean": 0.1322462558746338,
  "expected_dwell_length_per_state": [
    1.1593854427337646,
    1.1871542930603027,
    1.1283032894134521,
    1.1465319395065308,
    1.1329046487808228,
    1.1411230564117432,
    1.2152847051620483,
    1.122869610786438,
    1.138195514678955,
    1.1140259504318237,
    1.2080156803131104,
    1.1283835172653198,
    1.1504628658294678,
    1.18057119846344,
    1.1209533214569092,
    1.1513804197311401,
    1.177722692489624,
    1.1598566770553589,
    1.1368385553359985,
    1.136866569519043,
    1.130810022354126,
    1.1224664449691772,
    1.1242197751998901,
    1.1373683214187622,
    1.174439549446106,
    1.1908608675003052,
    1.1174960136413574,
    1.1369357109069824,
    1.129876971244812,
    1.1715632677078247,
    1.121950387954712,
    1.1388192176818848,
    1.151318907737732,
    1.1375924348831177,
    1.1565836668014526,
    1.4181034564971924,
    1.1511845588684082,
    1.1375926733016968,
    1.164445161819458,
    1.1170505285263062
  ],
  "top5_pi": [
    0.04747473821043968,
    0.045596908777952194,
    0.04153692349791527,
    0.03878961503505707,
    0.03610002622008324
  ],
  "top5_idx": [
    16,
    23,
    3,
    12,
    29
  ]
}