{
  "round": 3,
  "avg_loglik_per_step": -15.39760071672334,
  "state_entropy": 0.05219317227602005,
  "effective_K": 11.683329582214355,
  "stickiness_diag_mean": 0.4783026874065399,
  "expected_dwell_length_per_state": [
    1.2300000190734863,
    1.2300000190734863,
    1.2300000190734863,
    1.2300000190734863,
    1.2300000190734863,
    218.024658203125,
    1.2300000190734863,
    1.2300000190734863,
    1.2300000190734863,
    48.121337890625,
    71.10918426513672,
    1.2299998998641968,
    52.052879333496094,
    1.2300000190734863,
    1.2300000190734863,
    29.472335815429688,
    159.47317504882812,
    98.39547729492188,
    1.2300000190734863,
    1.2300000190734863,
    1.2300000190734863,
    50.281314849853516,
    362.8290710449219,
    151.39431762695312,
    132.12591552734375,
    37.377891540527344,
    1.2300000190734863,
    1.2300000190734863,
    1.2300000190734863,
    1.2300000190734863,
    1.2300000190734863,
    55.19401931762695,
    1.2300000190734863,
    1.2300000190734863,
    1.2300000190734863,
    33.318336486816406,
    1.2300000190734863,
    1.2300000190734863,
    1.2300000190734863,
    32.622982025146484,
    1.2299766540527344
  ],
  "top5_pi": [
    0.1458762139081955,
    0.14517857134342194,
    0.13658994436264038,
    0.1050320416688919,
    0.08268682658672333
  ],
  "top5_idx": [
    15,
    21,
    31,
    9,
    39
  ]
}