{
  "round": 3,
  "avg_loglik_per_step": -17.434376211050232,
  "state_entropy": 0.04447411373257637,
  "effective_K": 29.909137725830078,
  "stickiness_diag_mean": 0.9836007952690125,
  "expected_dwell_length_per_state": [
    191.3699951171875,
    233.02659606933594,
    287.3844299316406,
    343.6756896972656,
    274.27197265625,
    531.5469360351562,
    91.02568054199219,
    330.13018798828125,
    401.96502685546875,
    493.78155517578125,
    307.18499755859375,
    165.67144775390625,
    269.54815673828125,
    190.4402618408203,
    2.5196828842163086,
    283.8736267089844,
    352.04095458984375,
    282.4732360839844,
    93.58368682861328,
    181.16966247558594,
    212.05039978027344,
    113.3580322265625,
    125.72193908691406,
    287.8330993652344,
    293.8782653808594,
    201.55233764648438,
    239.25070190429688,
    16.550914764404297,
    123.3328628540039,
    213.502197265625,
    87.18698120117188,
    137.67953491210938,
    185.1646728515625,
    107.63457489013672,
    84.8409652709961,
    145.98785400390625,
    171.8660125732422,
    115.4064712524414,
    249.72412109375,
    164.67947387695312,
    261.17681884765625
  ],
  "top5_pi": [
    0.10010561347007751,
    0.06413950026035309,
    0.05989886447787285,
    0.05612380430102348,
    0.04908866062760353
  ],
  "top5_idx": [
    13,
    5,
    1,
    4,
    8
  ]
}