{
  "round": 3,
  "avg_loglik_per_step": -6.924200869060978,
  "state_entropy": 0.05473637953400612,
  "effective_K": 33.01519012451172,
  "stickiness_diag_mean": 0.9881167411804199,
  "expected_dwell_length_per_state": [
    122.0720443725586,
    86.99484252929688,
    73.02029418945312,
    232.2041778564453,
    236.74229431152344,
    102.29822540283203,
    63.53874969482422,
    154.08338928222656,
    132.4199981689453,
    312.2330017089844,
    13.915298461914062,
    57.572349548339844,
    77.04240417480469,
    82.19854736328125,
    121.76020050048828,
    106.42132568359375,
    189.7445831298828,
    169.7617645263672,
    192.90142822265625,
    89.35839080810547,
    65.36034393310547,
    83.47870635986328,
    80.351806640625,
    95.68499755859375,
    172.83982849121094,
    88.74063873291016,
    76.25348663330078,
    141.79885864257812,
    73.83038330078125,
    54.33968734741211,
    136.92556762695312,
    59.29392623901367,
    170.00259399414062,
    111.40101623535156,
    175.1494598388672,
    57.04828643798828,
    80.21043395996094,
    60.45800018310547,
    147.18922424316406,
    77.76446533203125,
    78.43449401855469
  ],
  "top5_pi": [
    0.07460219413042068,
    0.06041773781180382,
    0.05983338505029678,
    0.04395272210240364,
    0.0425104945898056
  ],
  "top5_idx": [
    8,
    29,
    0,
    14,
    28
  ]
}