{
  "round": 3,
  "avg_loglik_per_step": -20.604306014053858,
  "state_entropy": 0.07921959459781647,
  "effective_K": 17.01503562927246,
  "stickiness_diag_mean": 0.7913656234741211,
  "expected_dwell_length_per_state": [
    94.2757339477539,
    39.114383697509766,
    149.59754943847656,
    1.2303659915924072,
    51.725494384765625,
    114.44915771484375,
    1.2313226461410522,
    13.71535873413086,
    3.7565226554870605,
    63.66581726074219,
    1.4828764200210571,
    1.2307692766189575,
    40.030006408691406,
    1.2309573888778687,
    119.93577575683594,
    178.50950622558594,
    1.230647325515747,
    36.25358200073242,
    40.43033981323242,
    287.7195739746094,
    24.94196891784668,
    45.20783615112305,
    32.54621505737305,
    45.635772705078125,
    16.39963150024414,
    101.61543273925781,
    1.2271087169647217,
    203.46377563476562,
    5.920075416564941,
    69.75538635253906,
    53.555816650390625,
    1.2306710481643677,
    52.89960479736328,
    41.0047492980957,
    45.687721252441406,
    66.65931701660156,
    1.2307692766189575,
    50.81494903564453,
    7.087136745452881,
    67.87970733642578
  ],
  "top5_pi": [
    0.14923492074012756,
    0.08890434354543686,
    0.07790405303239822,
    0.06752478331327438,
    0.061481036245822906
  ],
  "top5_idx": [
    21,
    37,
    39,
    23,
    2
  ]
}