{
  "round": 3,
  "avg_loglik_per_step": -21.062097373804434,
  "state_entropy": 3.269441843032837,
  "effective_K": 26.732412338256836,
  "stickiness_diag_mean": 0.08358791470527649,
  "expected_dwell_length_per_state": [
    1.0958893299102783,
    1.0836633443832397,
    1.0833758115768433,
    1.0837039947509766,
    1.0853277444839478,
    1.064120888710022,
    1.0868736505508423,
    1.1069121360778809,
    1.083667278289795,
    1.0997005701065063,
    1.1056627035140991,
    1.085546851158142,
    1.0838067531585693,
    1.085648775100708,
    1.08555269241333,
    1.0867598056793213,
    1.085130214691162,
    1.0853055715560913,
    1.0872461795806885,
    1.0854578018188477,
    1.1074119806289673,
    1.0870816707611084,
    1.0854839086532593,
    1.1104625463485718,
    1.08525550365448,
    1.0890803337097168,
    1.1070895195007324,
    1.0856579542160034,
    1.112005591392517,
    1.0856521129608154,
    1.0868802070617676,
    1.112101674079895,
    1.100156545639038,
    1.0892300605773926,
    1.0891112089157104,
    1.1049124002456665,
    1.0895802974700928,
    1.0711537599563599,
    1.0978784561157227,
    1.107304573059082
  ],
  "top5_pi": [
    0.07637351006269455,
    0.07626399397850037,
    0.07370705902576447,
    0.06509387493133545,
    0.06314116716384888
  ],
  "top5_idx": [
    31,
    28,
    23,
    39,
    20
  ]
}