{
  "round": 3,
  "avg_loglik_per_step": -10.896977892857958,
  "state_entropy": 0.004821169190108776,
  "effective_K": 14.214228630065918,
  "stickiness_diag_mean": 0.5923103094100952,
  "expected_dwell_length_per_state": [
    1.2307692766189575,
    1.2307692766189575,
    446.7253112792969,
    2102.671630859375,
    1.2307692766189575,
    1.2307692766189575,
    1141.1519775390625,
    1.2307692766189575,
    1089.4295654296875,
    1.2307692766189575,
    522.5244750976562,
    531.2608032226562,
    1049.1661376953125,
    271.5199279785156,
    1.2307692766189575,
    443.2085266113281,
    194.53648376464844,
    840.499755859375,
    331.3101806640625,
    1.2307692766189575,
    336.70257568359375,
    1.2307692766189575,
    363.8520202636719,
    1.2307692766189575,
    1.2307692766189575,
    1.2307692766189575,
    1.2307610511779785,
    1.2307692766189575,
    1.2307692766189575,
    1.2307692766189575,
    1086.1851806640625,
    1018.1585083007812,
    1.2307692766189575,
    537.8519287109375,
    1.2307692766189575,
    1.2307692766189575,
    50.20728302001953,
    536.2017211914062,
    1.2307692766189575,
    563.4854736328125
  ],
  "top5_pi": [
    0.17533956468105316,
    0.14517614245414734,
    0.0963975116610527,
    0.07951301336288452,
    0.0625
  ],
  "top5_idx": [
    3,
    6,
    17,
    31,
    8
  ]
}