{
  "round": 3,
  "avg_loglik_per_step": -18.680474334192592,
  "state_entropy": 0.015080924145877361,
  "effective_K": 13.397041320800781,
  "stickiness_diag_mean": 0.6121991276741028,
  "expected_dwell_length_per_state": [
    1.2307692766189575,
    475.544677734375,
    738.5313110351562,
    439.1826477050781,
    1.2307692766189575,
    1.2307692766189575,
    1.2307692766189575,
    401.3016052246094,
    1.2307692766189575,
    423.6670837402344,
    527.1212768554688,
    431.20220947265625,
    522.75244140625,
    321.1933898925781,
    1087.7344970703125,
    190.43377685546875,
    1.2307692766189575,
    343.16253662109375,
    1092.12451171875,
    44.333152770996094,
    292.8727722167969,
    1.2307692766189575,
    226.8110809326172,
    1.2307692766189575,
    1.2307692766189575,
    1.2307692766189575,
    306.4611511230469,
    259.9587097167969,
    253.29452514648438,
    1.2307692766189575,
    1.2307692766189575,
    732.6614990234375,
    1.2307692766189575,
    1.2307692766189575,
    1.2307692766189575,
    1.2307692766189575,
    525.4373779296875,
    1.2307692766189575,
    1.2307692766189575,
    1.2307692766189575
  ],
  "top5_pi": [
    0.2834535837173462,
    0.0960724800825119,
    0.06260886043310165,
    0.06002181023359299,
    0.05584270507097244
  ],
  "top5_idx": [
    14,
    20,
    15,
    18,
    2
  ]
}