{
  "round": 3,
  "avg_loglik_per_step": -28.47788330621046,
  "state_entropy": 2.772589683532715,
  "effective_K": 16.00000762939453,
  "stickiness_diag_mean": 0.5817792415618896,
  "expected_dwell_length_per_state": [
    1100.2174072265625,
    1100.2174072265625,
    1100.2174072265625,
    1100.2174072265625,
    1.4358974695205688,
    1.4358974695205688,
    1.4358974695205688,
    1.4358974695205688,
    1100.2174072265625,
    1100.2174072265625,
    1100.2174072265625,
    1100.2174072265625,
    1100.2174072265625,
    1100.2174072265625,
    1100.2174072265625,
    1100.2174072265625,
    1.4358973503112793,
    1.4358973503112793,
    1.4358973503112793,
    1.4358973503112793,
    1.4358973503112793,
    1.4358973503112793,
    1.4358973503112793,
    1.4358973503112793,
    1.4358973503112793,
    1.4358973503112793,
    1.4358973503112793,
    1.4358973503112793,
    1.4358973503112793,
    1.4358973503112793,
    1.4358973503112793,
    1.4358973503112793,
    1100.2174072265625,
    1100.2174072265625,
    1100.2174072265625,
    1100.2174072265625,
    1.4358974695205688,
    1.4358974695205688,
    1.4358974695205688,
    1.4358974695205688
  ],
  "top5_pi": [
    0.0625,
    0.0625,
    0.0625,
    0.0625,
    0.0625
  ],
  "top5_idx": [
    12,
    14,
    13,
    15,
    11
  ]
}