{
  "round": 3,
  "avg_loglik_per_step": -25.841387464027573,
  "state_entropy": 0.07107802480459213,
  "effective_K": 9.483893394470215,
  "stickiness_diag_mean": 0.42797261476516724,
  "expected_dwell_length_per_state": [
    211.95396423339844,
    1.2307692766189575,
    140.27772521972656,
    63.50315475463867,
    1.2307692766189575,
    1.2307692766189575,
    1.2307692766189575,
    265.5505065917969,
    1.2307692766189575,
    1.2307692766189575,
    1.2307692766189575,
    163.1041259765625,
    1.2307692766189575,
    1.2307692766189575,
    1.2307692766189575,
    1.2307692766189575,
    1.2307692766189575,
    1.2307692766189575,
    1.2307689189910889,
    1.2307692766189575,
    1.2294265031814575,
    1.2307692766189575,
    1.2307692766189575,
    50.91147994995117,
    1.2307692766189575,
    1.2307692766189575,
    145.1153106689453,
    72.9615478515625,
    1.2307692766189575,
    1.2307692766189575,
    62.52735900878906,
    1.2307692766189575,
    77.46858215332031,
    1.2307692766189575,
    1.2307692766189575,
    130.887939453125,
    1.2307692766189575,
    1.2307692766189575,
    1.2307692766189575,
    62.750938415527344
  ],
  "top5_pi": [
    0.19273465871810913,
    0.14549513161182404,
    0.1228395402431488,
    0.11470387130975723,
    0.10435531288385391
  ],
  "top5_idx": [
    32,
    39,
    23,
    30,
    3
  ]
}