{
  "round": 3,
  "avg_loglik_per_step": -17.44031321507475,
  "state_entropy": 0.0011210518423467875,
  "effective_K": 1.006959319114685,
  "stickiness_diag_mean": 0.1235714927315712,
  "expected_dwell_length_per_state": [
    1.0885140895843506,
    1.0968408584594727,
    1.0913686752319336,
    1.099432110786438,
    1.094582438468933,
    1.091040849685669,
    1.0908057689666748,
    1.092120885848999,
    1.093267798423767,
    1.0903029441833496,
    1.0897743701934814,
    1.0884525775909424,
    1.0931808948516846,
    1.100778579711914,
    1.093705415725708,
    1.0935264825820923,
    1.0932724475860596,
    490.1748962402344,
    1.0920432806015015,
    1.0888054370880127,
    3.262512445449829,
    1.093037724494934,
    1.0929945707321167,
    1.1021499633789062,
    1.0937788486480713,
    1.0904655456542969,
    1.0918837785720825,
    1.0995652675628662,
    1.09088933467865,
    1.0954073667526245,
    1.091229796409607,
    1.0939457416534424,
    1.101065754890442,
    1.0965352058410645,
    1.0925647020339966,
    1.092929720878601,
    1.0995292663574219,
    1.092172622680664,
    1.0950095653533936,
    1.0891178846359253
  ],
  "top5_pi": [
    0.9992537498474121,
    0.0006162895006127656,
    4.510193321038969e-06,
    4.39912128058495e-06,
    4.32688693763339e-06
  ],
  "top5_idx": [
    17,
    20,
    23,
    32,
    13
  ]
}